beat_idx,gt_beat,gt_time_s,pred_time_s,err_ms,ok
0,0.0,1.024479,0.0,1024.4789999999998,1
1,1.0000000000000002,1.226823,0.5666666666666667,660.1563333333334,1
2,2.0000000000000004,1.429167,1.4,29.167000000000165,1
3,3.000000000000001,1.613542,1.6,13.541999999999943,1
4,4.000000000000001,1.800261,1.6,200.2609999999998,1
5,5.000000000000001,1.986979,1.9,86.97900000000014,1
6,6.000000000000001,2.180729,2.1666666666666665,14.062333333333399,1
7,7.0,2.381337,2.2,181.33699999999965,1
8,8.000000000000002,2.581944,2.2,381.94399999999985,1
9,9.000000000000002,2.782552,2.533333333333333,249.2186666666667,1
10,10.000000000000002,2.98316,2.933333333333333,49.82666666666668,1
11,11.000000000000004,3.183767,3.1666666666666665,17.100333333333495,1
12,12.000000000000004,3.384375,3.3666666666666667,17.708333333333215,1
13,13.000000000000004,3.608854,3.433333333333333,175.52066666666687,1
14,14.000000000000002,3.833333,3.8666666666666667,33.333666666666595,1
15,15.000000000000002,4.057813,4.1,42.18699999999931,1
16,16.000000000000004,4.25651,0.9,3356.5099999999998,1
17,17.000000000000004,4.455208,4.633333333333334,178.1253333333339,1
18,18.000000000000004,4.653906,4.866666666666666,212.76066666666617,1
19,19.0,4.852604,5.166666666666667,314.0626666666666,1
20,20.0,5.051302,5.2,148.69800000000043,1
21,21.000000000000004,5.25,5.233333333333333,16.666666666666607,1
22,22.000000000000004,5.402604,5.433333333333334,30.729333333333386,1
23,23.000000000000007,5.555208,5.566666666666666,11.458666666666062,1
24,24.000000000000018,5.834375,5.8,34.37499999999982,1
25,25.000000000000007,6.061979,6.0,61.979000000000006,1
26,26.000000000000007,6.289583,6.333333333333333,43.75033333333267,1
27,27.000000000000014,6.471875,6.566666666666666,94.7916666666666,1
28,28.00000000000001,6.639583,6.566666666666666,72.91633333333358,1
29,29.000000000000025,6.807291,6.8,7.2910000000003805,1
30,30.000000000000018,7.016146000000001,6.933333333333334,82.81266666666731,1
31,31.000000000000018,7.237586999999999,7.133333333333334,104.25366666666491,1
32,32.00000000000002,7.459028,7.133333333333334,325.69466666666625,1
33,33.00000000000002,7.680469,7.6,80.46900000000079,1
34,34.00000000000002,7.901910000000001,7.866666666666666,35.243333333334625,1
35,35.00000000000002,8.123351,8.066666666666666,56.684333333333115,1
36,36.00000000000002,8.344792,8.3,44.79199999999928,1
37,37.00000000000002,8.554861,8.5,54.861000000000715,1
38,38.00000000000002,8.764930999999999,8.7,64.93099999999963,1
39,39.000000000000036,8.975,8.766666666666667,208.33333333333215,1
40,40.00000000000002,9.173264,9.166666666666666,6.597333333333566,1
41,41.00000000000002,9.371528,9.4,28.47200000000072,1
42,42.00000000000002,9.569791,9.566666666666666,3.1243333333339507,1
43,43.00000000000002,9.768055,9.733333333333333,34.72166666666787,1
44,44.00000000000003,9.966319,10.0,33.68099999999963,1
45,45.00000000000003,10.164583,10.133333333333333,31.24966666666751,1
46,46.00000000000002,10.324479,10.366666666666667,42.187666666666956,1
47,47.000000000000036,10.484375,10.5,15.625,1
48,48.000000000000036,10.726563,10.5,226.5630000000005,1
49,49.000000000000036,10.890972,10.9,9.028000000000702,1
50,50.000000000000036,11.055382,11.1,44.617999999999824,1
51,51.000000000000036,11.219792,11.366666666666667,146.87466666666717,1
52,52.000000000000036,11.36875,11.4,31.25,1
53,53.00000000000003,11.517709,11.633333333333333,115.62433333333288,1
54,54.000000000000036,11.666667,11.866666666666667,199.9996666666668,1
55,55.00000000000003,11.864236,12.133333333333333,269.09733333333287,1
56,56.00000000000002,12.061806,12.666666666666666,604.8606666666653,1
57,57.00000000000003,12.259375,12.9,640.625,1
58,58.00000000000003,12.527381,13.166666666666666,639.285666666666,1
59,59.00000000000003,12.795387,13.4,604.6130000000005,1
60,60.00000000000003,13.063393,13.633333333333333,569.9403333333332,1
61,61.00000000000002,13.331399,13.8,468.60100000000136,1
62,62.00000000000003,13.599405,14.0,400.5949999999991,1
63,63.00000000000003,13.867411,14.033333333333333,165.92233333333263,1
64,64.00000000000003,14.135416,14.133333333333333,2.082666666666455,1
65,65.00000000000003,14.359844,14.366666666666667,6.8226666666664215,1
66,66.00000000000003,14.584271,14.6,15.729000000000326,1
67,67.00000000000003,14.808698,14.866666666666667,57.968666666667445,1
68,68.00000000000003,15.033125,15.1,66.87499999999957,1
69,69.00000000000003,15.257552,14.033333333333333,1224.2186666666673,1
70,70.00000000000003,15.481979,14.033333333333333,1448.6456666666677,1
71,71.00000000000003,15.706406,14.033333333333333,1673.0726666666662,1
72,72.00000000000003,15.930832999999998,14.033333333333333,1897.4996666666648,1
73,73.00000000000003,16.155260000000002,14.033333333333333,2121.9266666666686,1
74,74.00000000000003,16.379687,14.033333333333333,2346.3536666666673,1
75,75.00000000000004,16.557813,14.033333333333333,2524.479666666666,1
76,76.00000000000003,16.750781,14.033333333333333,2717.447666666667,1
77,77.00000000000003,16.94375,14.066666666666666,2877.083333333335,1
78,78.00000000000003,17.141146,14.366666666666667,2774.479333333332,1
79,79.00000000000004,17.350087,14.0,3350.0869999999986,1
80,80.00000000000003,17.559028,14.033333333333333,3525.694666666668,1
81,81.00000000000003,17.767969,14.033333333333333,3734.6356666666675,1
82,82.00000000000003,17.97691,14.0,3976.9100000000003,1
83,83.00000000000004,18.185851,14.066666666666666,4119.184333333333,1
84,84.00000000000003,18.394792,14.133333333333333,4261.458666666666,1
85,85.00000000000004,18.609202,14.366666666666667,4242.535333333332,1
86,86.00000000000004,18.823611,14.6,4223.611,1
87,87.00000000000006,19.038021,14.133333333333333,4904.687666666668,1
88,88.00000000000004,19.218958,14.366666666666667,4852.291333333334,1
89,89.00000000000004,19.399896,14.6,4799.895999999999,1
90,90.00000000000004,19.580833,14.866666666666667,4714.166333333331,1
91,91.00000000000004,19.761771,15.066666666666666,4695.104333333333,1
92,92.00000000000006,19.942708,16.033333333333335,3909.374666666665,1
93,93.00000000000007,20.132292,15.533333333333333,4598.958666666666,1
94,94.00000000000006,20.28698,15.833333333333334,4453.646666666666,1
95,95.00000000000007,20.441667,16.033333333333335,4408.333666666664,1
96,96.0000000000001,20.704167,15.633333333333333,5070.833666666669,1
97,97.00000000000007,20.936719,15.866666666666667,5070.052333333333,1
98,98.00000000000009,21.16927,15.8,5369.27,1
99,99.00000000000009,21.357813,16.0,5357.813,1
100,100.00000000000009,21.547396,16.633333333333333,4914.062666666667,1
101,101.00000000000013,21.736979,16.833333333333332,4903.645666666669,1
102,102.00000000000009,21.948438,17.1,4848.437999999998,1
103,103.0000000000001,22.147135,17.3,4847.134999999998,1
104,104.0000000000001,22.345833,17.3,5045.832999999998,1
105,105.00000000000009,22.544531,17.566666666666666,4977.864333333333,1
106,106.00000000000009,22.743229,17.566666666666666,5176.562333333333,1
107,107.00000000000009,22.941927,17.966666666666665,4975.2603333333345,1
108,108.0000000000001,23.140625,17.966666666666665,5173.958333333335,1
109,109.0000000000001,23.386458,18.433333333333334,4953.1246666666675,1
110,110.0000000000001,23.632292,18.7,4932.292,1
111,111.00000000000017,23.878125,18.766666666666666,5111.458333333335,1
112,112.0000000000001,24.067187,24.1,32.81300000000087,1
113,113.00000000000013,24.25625,24.333333333333332,77.08333333333073,1
114,114.00000000000013,24.445313,24.533333333333335,88.02033333333625,1
115,115.0000000000001,24.634375,24.8,165.62500000000213,1
116,116.0000000000001,24.823438,24.866666666666667,43.22866666666769,1
117,117.0000000000001,25.0125,25.0,12.49999999999929,1
118,118.00000000000013,25.160156,25.2,39.84399999999866,1
119,119.00000000000013,25.307813,25.366666666666667,58.85366666666769,1
120,120.00000000000013,25.561458,25.533333333333335,28.124666666663245,1
121,121.00000000000014,25.722569,25.733333333333334,10.764333333334264,1
122,122.00000000000013,25.883681,25.966666666666665,82.98566666666574,1
123,123.00000000000014,26.044792,26.1,55.20800000000037,1
124,124.00000000000014,26.198264,26.333333333333332,135.06933333333038,1
125,125.00000000000014,26.351736,26.433333333333334,81.59733333333463,1
126,126.0000000000002,26.505208000000003,26.9,394.79199999999537,1
127,127.00000000000014,26.708854,26.966666666666665,257.81266666666625,1
128,128.00000000000014,26.9125,27.0,87.49999999999858,1
129,129.00000000000014,27.116145,27.1,16.144999999998078,1
130,130.00000000000014,27.370535,27.3,70.53499999999957,1
131,131.00000000000014,27.624925,27.566666666666666,58.25833333333463,1
132,132.00000000000014,27.879315,27.8,79.31499999999758,1
133,133.00000000000014,28.133705,28.033333333333335,100.37166666666408,1
134,134.00000000000014,28.388095,28.266666666666666,121.42833333333414,1
135,135.00000000000014,28.642485,28.5,142.48500000000064,1
136,136.0000000000002,28.896875,28.833333333333332,63.54166666666927,1
137,137.00000000000014,29.126823,29.033333333333335,93.4896666666667,1
138,138.00000000000014,29.356771,29.233333333333334,123.43766666666411,1
139,139.00000000000014,29.586719,29.5,86.71899999999866,1
140,140.00000000000014,29.816667,29.733333333333334,83.33366666666464,1
141,141.00000000000014,30.046614,29.866666666666667,179.94733333333457,1
142,142.00000000000014,30.276562,29.866666666666667,409.8953333333313,1
143,143.00000000000014,30.50651,29.866666666666667,639.8433333333315,1
144,144.00000000000014,30.736458,29.866666666666667,869.7913333333317,1
145,145.00000000000014,30.948698,30.9,48.698000000001684,1
146,146.0000000000002,31.160937,31.133333333333333,27.603666666667692,1
147,147.00000000000014,31.306771,31.4,93.22899999999734,1
148,148.00000000000014,31.459375,31.6,140.625,1
149,149.00000000000017,31.611458,31.866666666666667,255.2086666666682,1
150,150.0000000000002,31.775,31.966666666666665,191.66666666666643,1
151,151.00000000000028,31.944792,32.1,155.2080000000018,1
152,152.00000000000026,32.095833,32.43333333333333,337.50033333333107,1
153,153.00000000000028,32.266667,32.666666666666664,399.9996666666661,1
154,154.00000000000028,32.476563,32.9,423.43699999999984,1
155,155.00000000000028,32.686458,33.13333333333333,446.87533333333107,1
156,156.00000000000034,32.896353999999995,33.4,503.64600000000337,1
157,157.00000000000028,33.117708,33.7,582.2920000000024,1
158,158.00000000000034,33.28125,33.3,18.749999999997158,1
159,159.00000000000034,33.422916,33.3,122.91600000000358,1
160,160.00000000000034,33.579167,33.3,279.16700000000105,1
161,161.00000000000034,33.742708,33.86666666666667,123.95866666666677,1
162,162.00000000000034,33.93125,35.0,1068.7500000000014,1
163,163.00000000000034,34.097916999999995,34.06666666666667,31.250333333325386,1
164,164.00000000000034,34.25,34.266666666666666,16.66666666666572,1
165,165.00000000000028,34.45,34.43333333333333,16.666666666672825,1
166,166.0000000000003,34.655208,34.63333333333333,21.87466666666893,1
167,167.00000000000034,34.848958,34.86666666666667,17.70866666666393,1
168,168.00000000000028,35.139583,35.03333333333333,106.24966666667035,1
169,169.00000000000028,35.35364600000001,35.266666666666666,86.97933333334618,1
170,170.00000000000028,35.567708,35.5,67.70800000000321,1
171,171.0000000000003,35.747396,35.733333333333334,14.062666666667667,1
172,172.00000000000037,35.916667,35.96666666666667,49.99966666667177,1
173,173.00000000000028,36.046875,36.2,153.12500000000284,1
174,174.00000000000028,36.232292,36.46666666666667,234.3746666666675,1
175,175.00000000000026,36.41875,36.63333333333333,214.58333333333002,1
176,176.00000000000026,36.590625,36.9,309.37499999999574,1
177,177.00000000000028,36.754167,37.13333333333333,379.1663333333304,1
178,178.0000000000002,36.9625,37.3,337.4999999999986,1
179,179.00000000000017,37.170833,37.333333333333336,162.5003333333339,1
180,180.0000000000002,37.379166,37.46666666666667,87.50066666667067,1
181,181.0000000000002,37.661458,37.63333333333333,28.12466666667035,1
182,182.00000000000026,37.835417,37.86666666666667,31.24966666666751,1
183,183.00000000000017,37.986459,38.03333333333333,46.87433333332791,1
184,184.00000000000014,38.16875,38.2,31.25,1
185,185.00000000000014,38.33125,38.36666666666667,35.41666666666998,1
186,186.00000000000017,38.50625,38.63333333333333,127.08333333333144,1
187,187.0000000000002,38.672917,38.8,127.08299999999895,1
188,188.00000000000014,38.848958,38.833333333333336,15.624666666667508,1
189,189.0000000000001,39.039583,39.13333333333333,93.75033333333249,1
190,190.0000000000001,39.240625,39.266666666666666,26.041666666664298,1
191,191.0000000000001,39.444792,39.43333333333333,11.458666666669615,1
192,192.00000000000017,39.901042,39.6,301.04199999999537,1
193,193.00000000000017,40.340625,39.86666666666667,473.9583333333357,1
194,194.00000000000017,40.496354,40.0,496.35399999999663,1
195,195.00000000000017,40.65208300000001,40.333333333333336,318.74966666667603,1
196,196.00000000000017,40.85,40.53333333333333,316.66666666667,1
197,197.00000000000017,41.152604,40.766666666666666,385.9373333333309,1
198,198.0000000000002,41.455208,40.96666666666667,488.5413333333304,1
199,199.0000000000002,41.651042,41.6,51.04199999999537,1
200,200.00000000000017,41.851042,41.833333333333336,17.70866666666393,1
201,201.00000000000017,42.055208,42.1,44.79200000000105,1
202,202.00000000000014,42.30833300000001,42.333333333333336,25.000333333323965,1
203,203.00000000000017,42.465364,42.5,34.635999999999,1
204,204.00000000000017,42.622396,42.7,77.6040000000009,1
205,205.00000000000017,42.82395800000001,42.96666666666667,142.70866666665682,1
206,206.00000000000017,43.0125,43.06666666666667,54.16666666666714,1
207,207.00000000000017,43.263541,43.233333333333334,30.207666666662192,1
208,208.00000000000017,43.539063,43.46666666666667,72.39633333333018,1
209,209.00000000000017,43.71875,43.666666666666664,52.0833333333357,1
210,210.00000000000017,44.003646,43.93333333333333,70.31266666667335,1
211,211.00000000000017,44.166667,44.2,33.33300000000605,1
212,212.00000000000017,44.374479,44.43333333333333,58.85433333332912,1
213,213.0000000000002,44.582291,44.56666666666667,15.624333333327911,1
214,214.00000000000017,44.811458,44.766666666666666,44.79133333333607,1
215,215.0000000000002,45.05677100000001,45.03333333333333,23.437666666680457,1
216,216.0000000000002,45.278125,45.266666666666666,11.458333333337123,1
217,217.0000000000002,45.47448,45.5,25.52000000000021,1
218,218.0000000000002,45.736458,45.93333333333333,196.87533333333107,1
219,219.0000000000002,46.101042,46.13333333333333,32.29133333333323,1
220,220.0000000000002,46.322614,46.3,22.614000000004353,1
221,221.00000000000028,46.517351,46.4,117.35099999999932,1
222,222.0000000000003,46.791982,46.766666666666666,25.31533333333158,1
223,223.0000000000003,47.054167,47.0,54.16699999999963,1
224,224.0000000000003,47.280208,47.2,80.20799999999895,1
225,225.0000000000003,47.483333,47.43333333333333,49.99966666667177,1
226,226.0000000000003,47.703125,47.63333333333333,69.79166666666714,1
227,227.0000000000003,47.858594,47.86666666666667,8.072666666670614,1
228,228.0000000000003,48.014063,48.1,85.93700000000126,1
229,229.0000000000003,48.226042,48.2,26.04199999999679,1
230,230.0000000000003,48.407291,48.36666666666667,40.624333333333595,1
231,231.0000000000003,48.645313,48.63333333333333,11.97966666666872,1
232,232.0000000000003,48.966666,48.9,66.6659999999979,1
233,233.00000000000034,49.242187,49.13333333333333,108.8536666666684,1
234,234.00000000000037,49.517708,49.36666666666667,151.0413333333318,1
235,235.00000000000037,49.729167,49.666666666666664,62.50033333333249,1
236,236.00000000000037,49.903125,49.86666666666667,36.4583333333357,1
237,237.00000000000037,50.142708,50.13333333333333,9.374666666666087,1
238,238.00000000000037,50.3875,50.36666666666667,20.833333333335702,1
239,239.00000000000037,50.6875,50.6,87.49999999999858,1
240,240.00000000000037,51.022396,50.833333333333336,189.06266666666482,1
241,241.00000000000037,51.384375,51.1,284.37499999999716,1
242,242.0000000000003,51.602083,51.5,102.08300000000037,1
243,243.0000000000003,51.798958,51.8,1.041999999998211,1
244,244.00000000000034,52.011979,52.03333333333333,21.354333333334807,1
245,245.0000000000003,52.236458,52.266666666666666,30.208666666666772,1
246,246.00000000000034,52.49323,52.43333333333333,59.89666666666693,1
247,247.00000000000037,52.701042,52.733333333333334,32.29133333333323,1
248,248.00000000000037,52.89895799999999,52.86666666666667,32.29133333332612,1
249,249.00000000000037,53.09375,53.13333333333333,39.58333333333286,1
250,250.0000000000004,53.30520799999999,53.333333333333336,28.12533333334244,1
251,251.00000000000037,53.4625,53.56666666666667,104.1666666666714,1
252,252.0000000000004,53.669271,53.833333333333336,164.06233333333375,1
253,253.00000000000037,53.903125,54.03333333333333,130.2083333333286,1
254,254.0000000000004,54.06875,54.13333333333333,64.58333333333144,1
255,255.00000000000037,54.292708,54.5,207.29200000000247,1
256,256.0000000000004,54.578125,54.733333333333334,155.20833333333428,1
257,257.00000000000034,54.834115,54.7,134.1149999999942,1
258,258.00000000000045,55.090105,54.96666666666667,123.43833333333265,1
259,259.0000000000004,55.39375,55.233333333333334,160.41666666666288,1
260,260.0000000000004,55.598958,55.53333333333333,65.62466666667177,1
261,261.00000000000045,55.77239599999999,55.733333333333334,39.06266666665914,1
262,262.0000000000004,56.021875,56.0,21.87500000000142,1
263,263.00000000000045,56.295313,56.2,95.31299999999732,1
264,264.00000000000045,56.590625,56.43333333333333,157.29166666667282,1
265,265.0000000000004,56.884375,56.8,84.37500000000142,1
266,266.0000000000004,57.057292,57.03333333333333,23.95866666666535,1
267,267.00000000000045,57.27395799999999,57.266666666666666,7.291333333327543,1
268,268.00000000000045,57.614583,57.5,114.58300000000321,1
269,269.00000000000045,57.827083,57.766666666666666,60.41633333333607,1
270,270.00000000000045,58.08125,58.03333333333333,47.91666666666572,1
271,271.0000000000004,58.390625,58.266666666666666,123.95833333333428,1
272,272.0000000000004,58.561719,58.56666666666667,4.947666666673456,1
273,273.00000000000045,58.732813,58.8,67.186999999997,1
274,274.0000000000004,58.958854,59.1,141.1459999999991,1
275,275.0000000000005,59.145833,59.4,254.16699999999537,1
276,276.0000000000005,59.34479200000001,59.43333333333333,88.5413333333176,1
277,277.0000000000005,59.595312,59.7,104.688000000003,1
278,278.0000000000005,59.80052,59.93333333333333,132.81333333333123,1
279,279.0000000000005,60.060938,60.03333333333333,27.60466666666872,1
280,280.0000000000005,60.318229,60.233333333333334,84.89566666666803,1
281,281.0000000000005,60.520833,60.53333333333333,12.500333333328228,1
282,282.0000000000005,60.803125,60.766666666666666,36.4583333333357,1
283,283.0000000000005,61.06979200000001,60.96666666666667,103.12533333333818,1
284,284.0000000000005,61.240625,61.233333333333334,7.29166666666714,1
285,285.0000000000005,61.49322900000001,61.5,6.770999999993421,1
286,286.0000000000004,61.759375,61.733333333333334,26.041666666664298,1
287,287.0000000000005,62.083854,61.96666666666667,117.18733333333375,1
288,288.0000000000004,62.454687,62.3,154.68700000000268,1
289,289.0000000000005,62.81875,62.56666666666667,252.08333333333144,1
290,290.0000000000005,62.996875,62.93333333333333,63.541666666672825,1
291,291.0000000000005,63.198437,63.2,1.563000000004422,1
292,292.0000000000005,63.439583,63.43333333333333,6.249666666668929,1
293,293.00000000000057,63.623958,63.63333333333333,9.37533333333107,1
294,294.0000000000005,63.878125,63.8,78.125,1
295,295.00000000000057,64.084375,64.03333333333333,51.04166666666288,1
296,296.0000000000005,64.253125,64.26666666666667,13.541666666668561,1
297,297.00000000000057,64.465625,64.66666666666667,201.04166666666856,1
298,298.0000000000005,64.66875,64.76666666666667,97.91666666666288,1
299,299.00000000000057,64.852083,65.0,147.91700000000674,1
300,300.0000000000005,65.083334,65.2,116.66600000000926,1
301,301.00000000000057,65.267708,65.3,32.29199999999821,1
302,302.0000000000005,65.482812,65.46666666666667,16.145333333327017,1
303,303.00000000000057,65.719792,65.66666666666667,53.12533333332681,1
304,304.00000000000057,65.896875,65.86666666666666,30.20833333333428,1
305,305.0000000000006,66.116667,66.03333333333333,83.3336666666753,1
306,306.00000000000057,66.407292,66.23333333333333,173.95866666666393,1
307,307.0000000000006,66.6,66.56666666666666,33.33333333333144,1
308,308.0000000000006,66.814583,66.8,14.583000000001789,1
309,309.0000000000006,67.033333,67.0,33.33299999999895,1
310,310.0000000000006,67.252083,67.2,52.082999999996105,1
311,311.0000000000006,67.490105,67.43333333333334,56.77166666666267,1
312,312.0000000000006,67.766667,67.7,66.66699999999537,1
313,313.0000000000006,67.998958,67.9,98.9579999999961,1
314,314.0000000000006,68.159375,68.16666666666667,7.291666666674246,1
315,315.0000000000006,68.411979,68.36666666666666,45.31233333334228,1
316,316.0000000000006,68.745312,68.63333333333334,111.97866666665846,1
317,317.0000000000006,68.985417,68.93333333333334,52.08366666666109,1
318,318.0000000000007,69.32760400000001,69.16666666666667,160.9373333333366,1
319,319.0000000000007,69.59375,69.5,93.75,1
320,320.0000000000007,69.752083,69.7,52.082999999996105,1
321,321.0000000000007,69.957813,69.96666666666667,8.853666666666982,1
322,322.0000000000007,70.163542,70.16666666666667,3.124666666664666,1
323,323.0000000000007,70.334896,70.36666666666666,31.77066666665951,1
324,324.0000000000007,70.564583,70.56666666666666,2.0836666666639303,1
325,325.00000000000057,70.784375,70.83333333333333,48.95833333333144,1
326,326.0000000000006,70.975,70.96666666666667,8.333333333325754,1
327,327.0000000000007,71.202605,71.16666666666667,35.93833333333407,1
328,328.0000000000007,71.367708,71.4,32.29200000001242,1
329,329.0000000000007,71.53125,71.56666666666666,35.41666666666288,1
330,330.0000000000007,71.68333299999998,71.86666666666666,183.33366666668383,1
331,331.0000000000006,71.90208299999998,72.1,197.9170000000181,1
332,332.0000000000007,72.061458,72.33333333333333,271.8753333333268,1
333,333.0000000000007,72.366667,72.56666666666666,199.99966666665614,1
334,334.00000000000074,72.55625,72.6,43.74999999998863,1
335,335.00000000000074,72.741667,72.83333333333333,91.66633333332186,1
336,336.0000000000008,72.95625,73.06666666666666,110.41666666666572,1
337,337.0000000000008,73.179167,73.16666666666667,12.500333333335334,1
338,338.0000000000008,73.347396,73.36666666666666,19.270666666656666,1
339,339.0000000000008,73.680208,73.63333333333334,46.8746666666533,1
340,340.00000000000085,73.857292,73.86666666666666,9.374666666658982,1
341,341.0000000000008,74.059375,74.03333333333333,26.041666666671404,1
342,342.00000000000085,74.236458,74.33333333333333,96.87533333332965,1
343,343.00000000000085,74.413542,74.36666666666666,46.8753333333467,1
344,344.0000000000009,74.605209,74.7,94.79100000000074,1
345,345.0000000000009,74.809249,74.9,90.75100000001157,1
346,346.0000000000009,74.934375,75.03333333333333,98.9583333333286,1
347,347.0000000000009,75.173958,75.13333333333334,40.62466666665898,1
348,348.00000000000097,75.425,75.33333333333333,91.66666666666856,1
349,349.0000000000009,75.620834,75.6,20.83400000000779,1
350,350.00000000000097,75.81666700000002,75.86666666666666,49.999666666636244,1
351,351.000000000001,75.99375,76.06666666666666,72.91666666665719,1
352,352.000000000001,76.155208,76.26666666666667,111.45866666666393,1
353,353.000000000001,76.361458,76.46666666666667,105.20866666666961,1
354,354.0000000000011,76.5125,76.6,87.49999999999147,1
355,355.0000000000011,76.7125,76.86666666666666,154.16666666665435,1
356,356.0000000000011,76.9125,77.03333333333333,120.83333333333712,1
357,357.0000000000011,77.106771,77.06666666666666,40.104333333331965,1
358,358.00000000000114,77.286458,77.26666666666667,19.791333333330385,1
359,359.00000000000125,77.476042,77.5,23.957999999993262,1
360,360.00000000000125,77.647917,77.7,52.082999999996105,1
361,361.00000000000125,77.859375,77.93333333333334,73.95833333333712,1
362,362.00000000000114,78.070833,78.13333333333334,62.5003333333467,1
363,363.0000000000013,78.23698,78.36666666666666,129.6866666666574,1
364,364.0000000000013,78.409375,78.46666666666667,57.291666666671404,1
365,365.0000000000013,78.61875,78.73333333333333,114.5833333333286,1
366,366.0000000000014,78.76979200000002,78.86666666666666,96.87466666663624,1
367,367.0000000000014,78.979688,79.06666666666666,86.97866666666698,1
368,368.0000000000015,79.189583,79.26666666666667,77.08366666666677,1
369,369.0000000000014,79.378125,79.3,78.125,1
370,370.0000000000013,79.564583,79.53333333333333,31.24966666666751,1
371,371.00000000000165,79.766667,79.76666666666667,0.00033333333249174757,1
372,372.00000000000153,79.97291700000002,79.96666666666667,6.250333333355229,1
373,373.00000000000153,80.154687,80.2,45.313000000007264,1
374,374.0000000000016,80.336458,80.4,63.54200000001242,1
375,375.0000000000017,80.498437,80.56666666666666,68.2296666666673,1
376,376.0000000000015,80.669792,80.8,130.2079999999961,1
377,377.00000000000176,80.866667,81.03333333333333,166.6663333333247,1
378,378.0000000000017,81.005208,81.13333333333334,128.12533333334386,1
379,379.0000000000018,81.189583,81.43333333333334,243.75033333333818,1
380,380.00000000000176,81.365625,81.66666666666667,301.0416666666771,1
381,381.0000000000019,81.55625,81.9,343.75,1
382,382.0000000000019,81.740625,82.0,259.3750000000057,1
383,383.000000000002,81.916667,82.36666666666666,449.99966666665614,1
384,384.0000000000019,82.064583,82.6,535.4169999999954,1
385,385.0000000000019,82.317534,82.43333333333334,115.79933333334225,1
386,386.0000000000019,82.570486,82.7,129.51400000000035,1
387,387.000000000002,82.823437,82.9,76.56300000000726,1
388,388.0000000000019,83.030777,83.13333333333334,102.55633333333947,1
389,389.000000000002,83.23811500000002,83.33333333333333,95.21833333330676,1
390,390.0000000000019,83.44545500000002,83.53333333333333,87.87833333330752,1
391,391.000000000002,83.652794,83.8,147.20599999999706,1
392,392.0000000000019,83.860132,84.0,139.868000000007,1
393,393.0000000000019,84.067471,84.0,67.47099999999762,1
394,394.0000000000019,84.27481,84.0,274.8100000000022,1
395,395.0000000000018,84.48214899999998,84.0,482.1489999999784,1
396,396.0000000000019,84.689488,84.0,689.4879999999972,1
397,397.00000000000193,84.896827,84.03333333333333,863.4936666666704,1
398,398.000000000002,85.104166,84.26666666666667,837.4993333333407,1
399,399.0000000000018,85.278646,85.23333333333333,45.31266666666056,1
400,400.000000000002,85.478386,85.36666666666666,111.71933333334039,1
401,401.0000000000018,85.678125,85.43333333333334,244.7916666666572,1
402,402.00000000000205,85.877605,85.86666666666666,10.938333333342598,1
403,403.00000000000205,86.101823,86.06666666666666,35.15633333333312,1
404,404.000000000002,86.326042,86.13333333333334,192.7086666666611,1
405,405.00000000000205,86.55026099999998,86.2,350.26099999997484,1
406,406.000000000002,86.77448000000003,86.56666666666666,207.8133333333625,1
407,407.0000000000019,86.998698,86.63333333333334,365.36466666666456,1
408,408.0000000000021,87.22291700000002,87.1,122.91700000002947,1
409,409.00000000000205,87.45815999999998,87.4,58.159999999972456,1
410,410.000000000002,87.693403,87.63333333333334,60.06966666666358,1
411,411.00000000000205,87.928646,87.76666666666667,161.9793333333348,1
412,412.000000000002,88.121094,88.1,21.094000000005053,1
413,413.0000000000019,88.313542,88.36666666666666,53.124666666661824,1
414,414.00000000000216,88.505989,88.6,94.01099999999474,1
415,415.00000000000205,88.698437,88.96666666666667,268.22966666667014,1
416,416.000000000002,88.890885,89.16666666666667,275.78166666667414,1
417,417.00000000000205,89.083333,89.26666666666667,183.33366666666961,1
418,418.000000000002,89.24088499999998,89.26666666666667,25.781666666688352,1
419,419.00000000000205,89.398438,89.5,101.56200000000126,1
420,420.00000000000205,89.684375,89.63333333333334,51.04166666666288,1
421,421.0000000000021,89.928646,89.83333333333333,95.31266666667193,1
422,422.00000000000216,90.172916,90.23333333333333,60.417333333333545,1
423,423.0000000000021,90.366146,90.33333333333333,32.81266666667193,1
424,424.0000000000021,90.569792,90.56666666666666,3.1253333333438604,1
425,425.00000000000216,90.773438,90.76666666666667,6.771333333333018,1
426,426.00000000000233,90.988021,90.9,88.02099999999768,1
427,427.00000000000216,91.234462,91.13333333333334,101.12866666665354,1
428,428.00000000000233,91.480903,91.36666666666666,114.23633333333783,1
429,429.00000000000216,91.727344,91.63333333333334,94.01066666666225,1
430,430.0000000000021,91.973785,91.86666666666666,107.11833333334653,1
431,431.00000000000216,92.220226,92.1,120.22600000000239,1
432,432.00000000000233,92.466667,92.36666666666666,100.00033333334102,1
433,433.00000000000216,92.707813,92.6,107.81300000000726,1
434,434.00000000000233,92.948958,92.86666666666666,82.2913333333446,1
435,435.00000000000216,93.190104,92.86666666666666,323.4373333333451,1
436,436.00000000000216,93.391406,93.33333333333333,58.07266666667488,1
437,437.00000000000216,93.592708,93.53333333333333,59.37466666667035,1
438,438.00000000000205,93.79401,93.7,94.00999999999726,1
439,439.00000000000216,93.995313,93.9,95.31299999999021,1
440,440.0000000000022,94.196615,94.2,3.385000000008631,1
441,441.00000000000233,94.397917,94.33333333333333,64.58366666667814,1
442,442.0000000000022,94.698091,94.7,1.908999999997718,1
443,443.0000000000022,94.998264,94.93333333333334,64.93066666666891,1
444,444.0000000000021,95.298438,95.2,98.43800000000158,1
445,445.0000000000022,95.462847,95.46666666666667,3.8196666666721057,1
446,446.00000000000233,95.627257,95.7,72.74300000000267,1
447,447.00000000000233,95.791667,95.93333333333334,141.66633333333323,1
448,448.00000000000233,95.938195,96.1,161.8050000000011,1
449,449.0000000000022,96.084722,96.33333333333333,248.6113333333293,1
450,450.0000000000021,96.23125,96.56666666666666,335.41666666666003,1
451,451.0000000000022,96.421701,96.7,278.29900000000407,1
452,452.0000000000022,96.612153,96.7,87.84699999999646,1
453,453.0000000000025,96.802604,97.43333333333334,630.7293333333348,1
454,454.00000000000233,97.060044,97.63333333333334,573.2893333333351,1
455,455.0000000000022,97.317485,97.9,582.5150000000008,1
456,456.00000000000233,97.574926,98.13333333333334,558.407333333335,1
457,457.0000000000022,97.832366,98.33333333333333,500.9673333333353,1
458,458.00000000000233,98.089806,97.96666666666667,123.13933333332727,1
459,459.0000000000022,98.347247,98.1,247.24700000000155,1
460,460.00000000000233,98.604687,98.6,4.6870000000041045,1
461,461.0000000000022,98.871354,98.86666666666666,4.687333333336596,1
462,462.00000000000233,99.138021,99.1,38.02100000000053,1
463,463.0000000000022,99.404687,99.33333333333333,71.35366666666698,1
464,464.00000000000233,99.671354,99.56666666666666,104.68733333333091,1
465,465.00000000000233,99.938021,98.53333333333333,1404.6876666666749,1
466,466.00000000000233,100.204687,98.56666666666666,1638.020333333344,1
467,467.0000000000022,100.471354,98.56666666666666,1904.6873333333424,1
468,468.00000000000233,100.738021,98.56666666666666,2171.3543333333405,1
469,469.0000000000022,101.004687,98.56666666666666,2438.020333333341,1
470,470.00000000000233,101.271354,98.56666666666666,2704.6873333333397,1
471,471.0000000000024,101.463021,98.9,2563.020999999992,1
472,472.0000000000024,101.650781,98.43333333333334,3217.447666666658,1
473,473.00000000000233,101.838542,98.5,3338.542000000004,1
474,474.0000000000024,102.066146,98.8,3266.146000000006,1
475,475.0000000000024,102.279775,99.06666666666666,3213.108333333338,1
476,476.0000000000024,102.493403,98.53333333333333,3960.069666666669,1
477,477.00000000000244,102.707031,98.5,4207.031000000001,1
478,478.0000000000024,102.92066,98.46666666666667,4453.993333333329,1
479,479.0000000000024,103.134288,98.46666666666667,4667.621333333329,1
480,480.0000000000024,103.347917,98.46666666666667,4881.250333333327,1
481,481.00000000000233,103.57691,98.86666666666666,4710.243333333338,1
482,482.0000000000024,103.805903,99.1,4705.903000000007,1
483,483.00000000000244,104.034896,99.26666666666667,4768.229333333337,1
484,484.0000000000024,104.206979,99.6,4606.979000000009,1
485,485.00000000000244,104.379063,99.83333333333333,4545.729666666673,1
486,486.00000000000244,104.551146,104.83333333333333,282.1873333333258,1
487,487.0000000000024,104.723229,104.86666666666666,143.43766666665658,1
488,488.00000000000244,104.895313,105.16666666666667,271.3536666666698,1
489,489.0000000000025,105.00625,105.36666666666666,360.4166666666657,1
490,490.00000000000244,105.25781299999998,104.7,557.8129999999817,1
491,491.0000000000025,105.509375,104.83333333333333,676.0416666666771,1
492,492.0000000000025,105.783333,104.83333333333333,949.9996666666704,1
493,493.00000000000256,106.01849,105.96666666666667,51.823333333331334,1
494,494.0000000000025,106.253646,106.3,46.35399999999379,1
495,495.00000000000256,106.446875,106.43333333333334,13.541666666668561,1
496,496.0000000000027,106.632552,106.46666666666667,165.88533333333544,1
497,497.00000000000256,106.818229,106.6,218.229000000008,1
498,498.00000000000256,107.03177,107.0,31.769999999994525,1
499,499.0000000000027,107.257031,107.23333333333333,23.69766666666351,1
500,500.0000000000026,107.482291,107.43333333333334,48.957666666666455,1
501,501.00000000000256,107.707552,107.56666666666666,140.88533333334397,1
502,502.0000000000027,107.932812,107.76666666666667,166.1453333333327,1
503,503.0000000000026,108.158073,108.0,158.07300000000168,1
504,504.00000000000256,108.383333,108.16666666666667,216.66633333332186,1
505,505.0000000000026,108.630555,108.43333333333334,197.22166666666396,1
506,506.0000000000026,108.877778,108.63333333333334,244.44466666666642,1
507,507.00000000000273,109.125,108.96666666666667,158.33333333333144,1
508,508.0000000000027,109.325695,109.3,25.694999999998913,1
509,509.0000000000027,109.526389,109.56666666666666,40.27766666666821,1
510,510.0000000000026,109.727084,109.73333333333333,6.249333333329332,1
511,511.0000000000027,109.927778,109.93333333333334,5.555333333333579,1
512,512.0000000000026,110.128473,110.2,71.52700000000323,1
513,513.0000000000026,110.329167,110.3,29.167000000001053,1
514,514.0000000000026,110.58507,110.53333333333333,51.73666666667032,1
515,515.0000000000026,110.840972,110.86666666666666,25.69466666666642,1
516,516.0000000000026,111.096875,111.03333333333333,63.54166666666572,1
517,517.0000000000026,111.25798600000002,111.26666666666667,8.680666666649017,1
518,518.0000000000026,111.419097,111.5,80.90300000000639,1
519,519.0000000000026,111.580208,111.6,19.79199999999537,1
520,520.0000000000026,111.721528,112.0,278.4719999999936,1
521,521.0000000000026,111.862847,112.06666666666666,203.81966666666074,1
522,522.0000000000026,112.004167,112.06666666666666,62.49966666666751,1
523,523.0000000000026,112.202257,112.46666666666667,264.40966666666554,1
524,524.0000000000025,112.400347,112.46666666666667,66.3196666666721,1
525,525.0000000000026,112.598438,112.63333333333334,34.895333333338385,1
526,526.0000000000025,112.86467,112.83333333333333,31.336666666675228,1
527,527.0000000000026,113.130903,113.06666666666666,64.23633333334067,1
528,528.0000000000026,113.397135,113.3,97.13500000000863,1
529,529.0000000000026,113.663368,113.53333333333333,130.03466666667407,1
530,530.0000000000026,113.9296,113.8,129.59999999999638,1
531,531.0000000000025,114.195833,114.16666666666667,29.16633333332186,1
532,532.0000000000025,114.774305,114.4,374.30499999999256,1
533,533.0000000000026,115.352778,114.56666666666666,786.1113333333378,1
534,534.0000000000026,115.93125,114.66666666666667,1264.5833333333344,1
535,534.9979166666692,116.04401,114.93333333333334,1110.676666666663,1
536,535.9979166666691,116.156771,115.16666666666667,990.1043333333348,1
537,537.0000000000024,116.269531,115.4,869.530999999995,1
538,537.9979166666689,116.382292,115.6,782.2920000000124,1
539,538.9979166666687,116.495052,115.9,595.0519999999955,1
540,540.000000000002,116.607812,116.1,507.81200000000126,1
541,541.0000000000019,116.846094,116.8,46.09399999999653,1
542,542.000000000002,117.084375,117.03333333333333,51.04166666666288,1
543,543.0000000000019,117.231771,117.3,68.22900000000232,1
544,544.000000000002,117.401042,117.5,98.9579999999961,1
545,545.000000000002,117.517708,118.2,682.2920000000039,1
546,546.000000000002,117.698958,118.46666666666667,767.7086666666639,1
547,547.000000000002,117.872917,118.23333333333333,360.4163333333332,1
548,548.0000000000022,118.030208,118.36666666666666,336.45866666665825,1
549,549.0000000000022,118.188542,118.56666666666666,378.12466666666467,1
550,550.0000000000022,118.386459,118.8,413.54099999999505,1
551,551.0000000000022,118.584375,118.93333333333334,348.9583333333428,1
552,552.0000000000022,118.782292,118.93333333333334,151.0413333333389,1
553,553.0000000000023,119.027083,118.93333333333334,93.74966666666751,1
554,554.0000000000023,119.179167,119.2,20.832999999996105,1
555,555.0000000000023,119.339062,119.4,60.938000000007264,1
556,556.0000000000023,119.503125,119.4,103.12499999999147,1
557,557.0000000000023,119.657292,119.4,257.2919999999925,1
558,558.0000000000023,119.853125,119.93333333333334,80.20833333333144,1
559,559.0000000000023,120.011458,120.0,11.458000000004631,1
560,560.0000000000024,120.164583,120.16666666666667,2.083666666678141,1
561,561.0000000000025,120.360417,120.33333333333333,27.083666666669615,1
562,562.0000000000024,120.579167,120.56666666666666,12.500333333335334,1
563,563.0000000000025,120.777083,120.8,22.916999999992527,1
564,564.0000000000025,121.072917,121.0,72.9170000000039,1
565,565.0000000000025,121.297396,121.16666666666667,130.7293333333348,1
566,566.0000000000025,121.521875,121.43333333333334,88.54166666665719,1
567,567.0000000000025,121.708333,121.7,8.332999999993262,1
568,568.0000000000025,121.885417,121.9,14.583000000001789,1
569,569.0000000000025,122.016667,122.1,83.3329999999961,1
570,570.0000000000025,122.201042,122.2,1.041999999998211,1
571,571.0000000000026,122.398958,122.4,1.0420000000124219,1
572,572.0000000000025,122.564583,122.6,35.41699999999537,1
573,573.0000000000026,122.736458,122.63333333333334,103.12466666665898,1
574,574.0000000000028,122.954166,122.63333333333334,320.83266666666077,1
575,575.0000000000028,123.171875,122.63333333333334,538.54166666666,1
576,576.0000000000028,123.389583,123.53333333333333,143.75033333332965,1
577,577.0000000000028,123.676042,123.63333333333334,42.708666666655404,1
578,578.0000000000028,123.838542,123.9,61.45800000000179,1
579,579.000000000003,124.003646,124.1,96.35399999999095,1
580,580.0000000000028,124.175,124.23333333333333,58.33333333333712,1
581,581.000000000003,124.34375,124.33333333333333,10.416666666671404,1
582,582.000000000003,124.525521,124.56666666666666,41.14566666666519,1
583,583.000000000003,124.696875,124.83333333333333,136.4583333333229,1
584,584.000000000003,124.866667,124.93333333333334,66.66633333333039,1
585,585.0000000000031,125.06198,125.06666666666666,4.686666666657402,1
586,586.0000000000031,125.260417,125.26666666666667,6.249666666661824,1
587,587.0000000000031,125.497917,125.46666666666667,31.25033333333249,1
588,588.0000000000031,125.959375,125.66666666666667,292.7083333333229,1
589,589.0000000000031,126.402083,125.93333333333334,468.7496666666675,1
590,590.0000000000031,126.567708,126.1,467.7080000000018,1
591,591.0000000000031,126.742708,126.4,342.7079999999876,1
592,592.0000000000031,127.0,126.56666666666666,433.3333333333371,1
593,593.0000000000031,127.240625,126.8,440.62499999999716,1
594,594.0000000000031,127.54375,127.13333333333334,410.4166666666629,1
595,595.0000000000031,127.753125,127.66666666666667,86.45833333332575,1
596,596.0000000000031,127.975,127.93333333333334,41.66666666665719,1
597,597.0000000000031,128.196875,128.16666666666666,30.20833333334849,1
598,598.0000000000031,128.428125,128.4,28.12499999998863,1
599,599.0000000000032,128.577604,128.6,22.395999999986316,1
600,600.0000000000031,128.727083,128.86666666666667,139.58366666668098,1
601,601.0000000000031,128.94375,129.03333333333333,89.58333333333712,1
602,602.0000000000031,129.144792,129.13333333333333,11.458666666669615,1
603,603.0000000000031,129.371875,129.36666666666667,5.2083333333143855,1
604,604.0000000000032,129.632292,129.53333333333333,98.9586666666753,1
605,605.0000000000032,129.802083,129.8,2.082999999998947,1
606,606.0000000000033,130.07916699999998,130.03333333333333,45.83366666665256,1
607,607.0000000000032,130.2375,130.26666666666668,29.16666666666856,1
608,608.0000000000033,130.434375,130.5,65.62500000001137,1
609,609.0000000000033,130.66718799999998,130.7,32.81200000000695,1
610,610.0000000000033,130.897917,130.86666666666667,31.25033333333249,1
611,611.0000000000033,131.14166699999998,131.13333333333333,8.333666666658246,1
612,612.0000000000033,131.39531200000002,131.33333333333334,61.97866666667551,1
613,613.0000000000033,131.583333,131.63333333333333,50.00033333331544,1
614,614.0000000000033,131.863542,132.0,136.45800000000463,1
615,615.0000000000033,132.186973,132.26666666666668,79.6936666666852,1
616,616.0000000000033,132.421657,132.43333333333334,11.676333333326738,1
617,617.0000000000033,132.636368,132.56666666666666,69.70133333334161,1
618,618.0000000000033,133.038542,132.83333333333334,205.20866666666393,1
619,619.0000000000032,133.226042,133.1,126.04200000001242,1
620,620.0000000000033,133.429167,133.36666666666667,62.50033333333249,1
621,621.0000000000033,133.620833,133.63333333333333,12.500333333321123,1
622,622.0000000000033,133.832292,133.86666666666667,34.37466666667888,1
623,623.0000000000032,133.99348999999998,134.0,6.51000000002,1
624,624.0000000000033,134.154688,134.23333333333332,78.64533333332702,1
625,625.0000000000033,134.37552,134.33333333333334,42.18666666665172,1
626,626.0000000000033,134.564062,134.56666666666666,2.6046666666559304,1
627,627.0000000000034,134.790625,134.76666666666668,23.958333333325754,1
628,628.0000000000034,135.083333,134.96666666666667,116.66633333334175,1
629,629.0000000000033,135.352083,135.26666666666668,85.41633333331333,1
630,630.0000000000034,135.620833,135.46666666666667,154.16633333333607,1
631,631.0000000000034,135.85,135.8,49.99999999998295,1
632,632.0000000000034,136.03020800000002,136.03333333333333,3.1253333333154387,1
633,633.0000000000034,136.259375,136.26666666666668,7.291666666674246,1
634,634.0000000000034,136.48333300000002,136.5,16.666999999984,1
635,635.0000000000034,136.774479,136.7,74.47900000002505,1
636,636.0000000000035,137.114584,136.96666666666667,147.91733333333923,1
637,637.0000000000035,137.4375,137.23333333333332,204.16666666667993,1
638,638.0000000000034,137.647917,137.6,47.91700000001242,1
639,639.0000000000035,137.828125,137.83333333333334,5.208333333342807,1
640,640.0000000000034,138.066146,138.06666666666666,0.5206666666595083,1
641,641.0000000000035,138.288542,138.23333333333332,55.20866666668667,1
642,642.0000000000034,138.541667,138.43333333333334,108.33366666665256,1
643,643.0000000000034,138.769792,138.7,69.79200000000674,1
644,644.0000000000034,138.962761,138.93333333333334,29.4276666666633,1
645,645.0000000000034,139.155729,139.13333333333333,22.395666666682246,1
646,646.0000000000034,139.369792,139.33333333333334,36.45866666664688,1
647,647.0000000000034,139.552083,139.6,47.916999999984,1
648,648.0000000000034,139.772917,139.83333333333334,60.41633333333607,1
649,649.0000000000034,139.989583,140.0,10.416999999989685,1
650,650.0000000000034,140.15625,140.23333333333332,77.08333333332007,1
651,651.0000000000034,140.356771,140.36666666666667,9.895666666665193,1
652,652.0000000000034,140.636459,140.56666666666666,69.79233333333923,1
653,653.0000000000035,140.817708,140.83333333333334,15.625333333332492,1
654,654.0000000000034,141.144271,141.06666666666666,77.60433333334049,1
655,655.0000000000034,141.419792,141.3,119.79199999998968,1
656,656.0000000000034,141.615625,141.56666666666666,48.95833333333144,1
657,657.0000000000034,141.79791699999996,141.8,2.0830000000557902,1
658,658.0000000000034,142.052083,142.03333333333333,18.749666666678877,1
659,659.0000000000034,142.32916699999996,142.2,129.16699999996695,1
660,660.0000000000031,142.613542,142.46666666666667,146.8753333333268,1
661,661.0000000000032,142.92291699999996,142.8,122.91699999994421,1
662,662.0000000000033,143.09479199999996,143.06666666666666,28.1253333332927,1
663,663.0000000000033,143.34479199999996,143.33333333333334,11.458666666612771,1
664,664.0000000000031,143.65781299999998,143.56666666666666,91.14633333331312,1
665,665.000000000003,143.865105,143.83333333333334,31.771666666656984,1
666,666.0000000000028,144.12604199999996,144.06666666666666,59.3753333332927,1
667,667.000000000003,144.451042,144.33333333333334,117.70866666665825,1
668,668.000000000003,144.619792,144.6,19.79199999999537,1
669,669.0000000000028,144.788542,144.86666666666667,78.12466666666751,1
670,670.0000000000028,145.023438,145.2,176.5619999999899,1
671,671.0000000000025,145.211458,145.4,188.54200000001242,1
672,672.0000000000023,145.411458,145.5,88.54199999998968,1
673,673.0000000000023,145.644271,145.76666666666668,122.39566666667656,1
674,674.0000000000023,145.831771,146.0,168.22899999999663,1
675,675.0000000000022,146.088542,146.06666666666666,21.875333333326807,1
676,676.0000000000016,146.370834,146.26666666666668,104.16733333332218,1
677,677.0000000000016,146.571875,146.56666666666666,5.208333333342807,1
678,678.0000000000016,146.832292,146.76666666666668,65.62533333331544,1
679,679.0000000000015,147.09270800000004,147.03333333333333,59.37466666671298,1
680,680.0000000000016,147.259375,147.26666666666668,7.291666666674246,1
681,681.0000000000015,147.5125,147.46666666666667,45.83333333332007,1
682,682.0000000000015,147.761458,147.7,61.458000000016,1
683,683.0000000000015,147.995833,147.96666666666667,29.16633333333607,1
684,684.0000000000014,148.400521,148.2,200.52100000000905,1
685,685.0000000000015,148.7125,148.53333333333333,179.16666666667425,1
686,686.0000000000015,148.917708,148.86666666666667,51.041333333330385,1
687,687.0000000000013,149.142187,149.1,42.18700000001263,1
688,688.0000000000013,149.379167,149.33333333333334,45.83366666665256,1
689,689.0000000000013,149.56145800000004,149.56666666666666,5.208666666618456,1
690,690.000000000001,149.823958,149.76666666666668,57.2913333333247,1
691,691.0000000000011,150.021875,150.0,21.874999999994316,1
692,692.0000000000011,150.21979199999996,150.16666666666666,53.125333333298386,1
693,693.000000000001,150.440625,150.4,40.625000000005684,1
694,694.0000000000011,150.65520800000004,150.63333333333333,21.874666666718667,1
695,695.000000000001,150.805208,150.8,5.207999999981894,1
696,696.000000000001,151.058333,151.1,41.666999999989685,1
697,697.0000000000013,151.232292,151.26666666666668,34.37466666667888,1
698,698.0000000000008,151.422395,151.46666666666667,44.27166666667404,1
699,699.0000000000008,151.664583,151.56666666666666,97.91633333333039,1
700,700.0000000000008,151.788542,151.76666666666668,21.875333333326807,1
701,701.0000000000007,152.019792,151.9,119.79199999998968,1
702,702.0000000000007,152.308334,152.13333333333333,175.00066666667635,1
703,703.0000000000007,152.526042,152.46666666666667,59.37533333332112,1
704,704.0000000000007,152.73541699999996,152.66666666666666,68.75033333329839,1
705,705.0000000000007,152.93125,152.9,31.25,1
706,706.0000000000006,153.195833,153.16666666666666,29.16633333333607,1
707,707.0000000000005,153.421875,153.36666666666667,55.208333333325754,1
708,708.0000000000005,153.718229,153.6,118.22900000001368,1
709,709.0000000000003,153.946875,153.86666666666667,80.20833333333144,1
710,710.0000000000005,154.111458,154.1,11.458000000004631,1
711,711.0000000000005,154.364584,154.36666666666667,2.082666666666455,1
712,712.0000000000002,154.719271,154.6,119.27099999999768,1
713,713.0000000000005,154.951042,154.9,51.04199999999537,1
714,714.0000000000002,155.270833,155.13333333333333,137.49966666668456,1
715,715.0000000000002,155.56875,155.43333333333334,135.4166666666572,1
716,716.0000000000002,155.753906,155.66666666666666,87.23933333334344,1
717,717.0000000000001,155.939062,155.93333333333334,5.728666666669824,1
718,718.0000000000001,156.149479,156.13333333333333,16.14566666668793,1
719,719.0,156.335417,156.36666666666667,31.24966666666751,1
720,719.9999999999999,156.541146,156.6,58.85399999999663,1
721,721.0000000000001,156.738542,156.8,61.458000000016,1
722,721.9999999999998,156.92656200000005,156.93333333333334,6.771333333290386,1
723,722.9999999999994,157.153125,157.16666666666666,13.541666666668561,1
724,723.9999999999997,157.345833,157.36666666666667,20.8336666666753,1
725,724.9999999999999,157.535417,157.53333333333333,2.0836666666639303,1
726,725.9999999999999,157.678125,157.8,121.87500000001705,1
727,726.9999999999997,157.8875,158.06666666666666,179.16666666667425,1
728,727.9999999999995,158.10706499999995,158.26666666666668,159.60166666673103,1
729,728.9999999999998,158.322917,158.53333333333333,210.41633333334175,1
730,729.9999999999993,158.518229,158.76666666666668,248.43766666668898,1
731,730.9999999999993,158.715625,158.8,84.37500000002274,1
732,731.9999999999992,158.953125,158.9,53.124999999994316,1
733,732.999999999999,159.163542,159.16666666666666,3.1246666666504552,1
734,733.9999999999992,159.357813,159.33333333333334,24.479666666650246,1
735,734.9999999999986,159.694792,159.6,94.79200000001242,1
736,735.9999999999989,159.88958300000004,159.83333333333334,56.249666666701614,1
737,736.9999999999992,160.084375,160.03333333333333,51.04166666666288,1
738,737.999999999999,160.272917,160.33333333333334,60.41633333333607,1
739,738.999999999999,160.45208300000004,160.5,47.91699999995558,1
740,739.999999999999,160.652604,160.63333333333333,19.270666666670877,1
741,740.9999999999986,160.858854,160.86666666666667,7.812666666666246,1
742,741.9999999999987,160.976042,161.06666666666666,90.62466666665614,1
743,742.9999999999986,161.2125,161.16666666666666,45.83333333334849,1
744,743.9999999999985,161.48125,161.36666666666667,114.58333333331439,1
745,744.9999999999985,161.680729,161.63333333333333,47.39566666668793,1
746,745.9999999999983,161.880208,161.86666666666667,13.54133333333607,1
747,746.9999999999985,162.060417,162.1,39.58299999999326,1
748,747.9999999999985,162.227083,162.33333333333334,106.25033333334954,1
749,748.9999999999985,162.43645800000004,162.5,63.54199999995558,1
750,749.9999999999982,162.59270800000004,162.66666666666666,73.95866666661277,1
751,750.9999999999982,162.805208,162.9,94.79200000001242,1
752,751.9999999999982,163.017708,163.13333333333333,115.62533333332681,1
753,752.9999999999984,163.20208300000004,163.13333333333333,68.74966666671867,1
754,753.9999999999981,163.371875,163.4,28.125000000017053,1
755,754.999999999998,163.57916699999996,163.63333333333333,54.166333333370176,1
756,755.999999999998,163.745833,163.83333333333334,87.50033333333818,1
757,756.9999999999977,163.94375,164.0,56.250000000005684,1
758,757.9999999999976,164.14166699999996,164.2,58.33300000003305,1
759,758.9999999999978,164.335938,164.4,64.06200000000695,1
760,759.9999999999977,164.51458300000004,164.63333333333333,118.75033333328133,1
761,760.9999999999978,164.722917,164.76666666666668,43.74966666668456,1
762,761.9999999999975,164.867708,164.93333333333334,65.62533333334386,1
763,762.9999999999975,165.080729,165.13333333333333,52.60433333333481,1
764,763.9999999999977,165.29375,165.4,106.25000000001705,1
765,764.9999999999977,165.490625,165.43333333333334,57.29166666665719,1
766,765.9999999999974,165.671875,165.66666666666666,5.208333333342807,1
767,766.9999999999972,165.865625,165.9,34.37500000001137,1
768,767.999999999997,166.129167,166.13333333333333,4.166333333330385,1
769,768.9999999999969,166.322396,166.33333333333334,10.937333333345123,1
770,769.999999999997,166.515625,166.6,84.37499999999432,1
771,770.999999999997,166.693229,166.73333333333332,40.104333333317754,1
772,771.9999999999972,166.888542,166.96666666666667,78.12466666666751,1
773,772.9999999999967,167.07916699999996,167.23333333333332,154.1663333333645,1
774,773.9999999999967,167.2375,167.33333333333334,95.83333333333144,1
775,774.9999999999966,167.421875,167.66666666666666,244.7916666666572,1
776,775.9999999999965,167.59375,167.9,306.2500000000057,1
777,776.9999999999965,167.78125,168.03333333333333,252.08333333333144,1
778,777.9999999999964,167.972917,168.3,327.083000000016,1
779,778.9999999999962,168.14375,168.5,356.24999999998863,1
780,779.9999999999964,168.3,168.76666666666668,466.66666666666856,1
781,780.9999999999959,168.577951,169.0,422.048999999987,1
782,781.9999999999962,168.855903,169.23333333333332,377.430333333308,1
783,782.9999999999964,169.133854,169.5,366.1459999999863,1
784,783.9999999999961,169.418981,169.73333333333332,314.3523333333178,1
785,784.999999999996,169.70410900000005,169.93333333333334,229.22433333329195,1
786,785.9999999999962,169.989236,170.2,210.7639999999833,1
787,786.9999999999961,170.274363,170.4,125.63700000001177,1
788,787.9999999999964,170.55949099999995,170.3,259.4909999999402,1
789,788.9999999999962,170.844618,170.43333333333334,411.28466666665986,1
790,789.9999999999961,171.129745,170.46666666666667,663.0783333333454,1
791,790.9999999999961,171.414873,170.46666666666667,948.2063333333315,1
792,791.999999999996,171.7,170.46666666666667,1233.33333333332,1
793,792.9999999999977,172.157639,170.46666666666667,1690.9723333333204,1
794,793.9999999999976,172.615278,170.7,1915.2780000000007,1
795,794.9999999999977,173.072917,170.8,2272.9169999999785,1
796,795.9999999999977,173.501823,171.9,1601.822999999996,1
797,796.9999999999976,173.930729,172.13333333333333,1797.395666666688,1
798,797.9999999999977,174.35963600000005,172.4,1959.636000000046,1
799,798.9999999999976,174.788542,172.76666666666668,2021.8753333333268,1
800,799.9999999999976,175.25,173.23333333333332,2016.66666666668,1
801,800.9999999999976,175.539583,173.63333333333333,1906.2496666666675,1
802,801.9999999999975,175.788542,173.9,1888.542000000001,1
803,802.9999999999976,176.040625,174.13333333333333,1907.29166666668,1
804,803.9999999999976,176.426042,174.23333333333332,2192.7086666666755,1
805,804.9999999999976,176.823959,175.7,1123.9590000000135,1
806,805.9999999999977,177.221875,175.93333333333334,1288.5416666666742,1
807,806.9999999999976,177.619792,176.26666666666668,1353.1253333333098,1
808,807.9999999999976,178.06406299999998,176.6,1464.0629999999817,1
809,808.9999999999977,178.508333,176.83333333333334,1674.9996666666505,1
810,809.9999999999976,178.952604,177.1,1852.6040000000137,1
811,810.9999999999976,179.396875,177.2,2196.8750000000055,1
812,811.9999999999975,179.776042,177.76666666666668,2009.3753333333098,1
813,812.9999999999972,180.059375,178.06666666666666,1992.7083333333258,1
814,813.9999999999974,180.354167,178.43333333333334,1920.8336666666526,1
815,814.9999999999975,180.893229,178.66666666666666,2226.5623333333338,1
816,815.9999999999972,181.432292,178.93333333333334,2498.958666666653,1
817,816.9999999999974,181.813195,175.7,6113.195000000019,1
818,817.9999999999974,182.194097,175.96666666666667,6227.430333333331,1
819,818.9999999999972,182.575,176.16666666666666,6408.333333333331,1
820,819.9999999999974,183.176562,176.56666666666666,6609.895333333327,1
821,820.999999999997,183.778125,176.8,6978.124999999977,1
822,821.9999999999972,184.158854,177.03333333333333,7125.52066666666,1
823,822.9999999999972,184.671441,177.3,7371.440999999976,1
824,823.9999999999972,185.184028,177.53333333333333,7650.694666666681,1
825,824.9999999999972,185.696615,177.63333333333333,8063.281666666682,1
826,825.9999999999972,186.209201,177.53333333333333,8675.867666666676,1
827,826.9999999999972,186.721788,177.53333333333333,9188.454666666672,1
828,827.9999999999972,187.234375,177.5,9734.375,1
829,828.9999999999972,187.623437,177.3,10323.436999999984,1
830,829.999999999997,188.0125,177.5,10512.499999999989,1
831,830.9999999999974,188.425,177.6,10825.000000000016,1
832,831.9999999999972,188.695869,177.66666666666666,11029.20233333333,1
833,832.9999999999969,188.945313,178.0,10945.312999999998,1
834,833.9999999999969,189.259375,188.2,1059.375000000017,1
835,834.999999999997,189.524219,186.5,3024.2189999999882,1
836,835.9999999999969,189.789063,186.8,2989.0629999999874,1
837,836.9999999999969,190.1,189.13333333333333,966.6666666666686,1
838,837.9999999999967,190.448508,189.4,1048.5079999999982,1
839,838.9999999999967,190.836458,189.7,1136.4580000000046,1
840,839.9999999999967,191.419792,189.93333333333334,1486.458666666664,1
841,840.9999999999965,192.494792,190.16666666666666,2328.1253333333325,1
842,841.9999999999966,192.767708,190.43333333333334,2334.374666666662,1
843,842.9999999999964,193.007813,190.93333333333334,2074.4796666666616,1
844,843.9999999999966,193.286458,191.4,1886.4580000000046,1
845,844.9999999999966,193.483333,191.6,1883.3329999999933,1
846,845.9999999999966,193.721875,191.66666666666666,2055.208333333354,1
847,846.9999999999966,193.971875,191.93333333333334,2038.5416666666742,1
848,847.9999999999966,194.284375,191.9,2384.3750000000055,1
849,848.9999999999965,194.863542,192.66666666666666,2196.875333333338,1
850,849.9999999999967,195.737153,192.96666666666667,2770.486333333338,1
851,850.9999999999967,196.610764,193.16666666666666,3444.097333333332,1
852,851.9999999999967,197.484375,193.4,4084.3749999999945,1
853,852.9999999999966,197.915972,194.73333333333332,3182.6386666666904,1
854,853.9999999999967,198.34757,194.96666666666667,3380.903333333322,1
855,854.9999999999965,198.779167,195.0,3779.1670000000013,1
856,855.9999999999966,199.16224,197.63333333333333,1528.9066666666713,1
857,856.9999999999966,199.545312,197.86666666666667,1678.6453333333213,1
858,857.9999999999966,199.928385,198.1,1828.3849999999973,1
859,858.9999999999966,200.311458,198.33333333333334,1978.1246666666448,1
860,859.9999999999965,200.696875,199.03333333333333,1663.5416666666742,1
861,860.9999999999965,200.984375,199.4,1584.3749999999943,1
862,861.9999999999967,201.225,199.63333333333333,1591.6666666666686,1
863,862.9999999999967,201.467708,199.86666666666667,1601.0413333333133,1
864,863.9999999999967,201.847917,200.1,1747.917000000001,1
865,864.9999999999968,202.25,201.1,1150.0000000000057,1
866,865.9999999999965,202.652084,201.4,1252.0839999999964,1
867,866.9999999999965,203.054167,201.66666666666666,1387.5003333333495,1
868,867.9999999999966,203.408594,202.0,1408.5939999999937,1
869,868.9999999999966,203.763021,202.23333333333332,1529.687666666689,1
870,869.9999999999966,204.117448,202.46666666666667,1650.7813333333274,1
871,870.9999999999966,204.471875,202.6,1871.875000000017,1
872,871.9999999999967,204.838542,203.26666666666668,1571.8753333333098,1
873,872.9999999999967,205.091667,203.66666666666666,1425.0003333333439,1
874,873.9999999999967,205.365625,203.93333333333334,1432.2916666666572,1
875,874.9999999999967,205.73776,204.16666666666666,1571.0933333333514,1
876,875.9999999999967,206.109895,205.03333333333333,1076.561666666663,1
877,876.9999999999967,206.579167,205.3,1279.167000000001,1
878,877.9999999999967,206.829167,205.53333333333333,1295.833666666681,1
879,878.9999999999967,207.253125,205.86666666666667,1386.4583333333371,1
880,879.9999999999967,207.621354,206.1,1521.3540000000023,1
881,880.9999999999967,207.989583,206.7,1289.5830000000217,1
882,881.9999999999967,208.357812,207.0,1357.8119999999956,1
883,882.9999999999967,208.917448,207.46666666666667,1450.7813333333388,1
884,883.9999999999967,209.477083,207.76666666666668,1710.4163333333133,1
885,884.9999999999967,209.840625,208.0,1840.6249999999886,1
886,885.9999999999967,210.268171,208.46666666666667,1801.5043333333267,1
887,886.9999999999967,210.69571800000003,208.7,1995.7180000000392,1
888,887.9999999999967,211.123264,208.96666666666667,2156.5973333333377,1
889,888.9999999999967,211.55081,209.2,2350.810000000024,1
890,889.9999999999967,211.978357,209.43333333333334,2545.0236666666515,1
891,890.9999999999967,212.405903,210.46666666666667,1939.2363333333265,1
892,891.9999999999967,212.83344900000003,210.8,2033.4490000000187,1
893,892.9999999999967,213.260996,211.23333333333332,2027.6626666666857,1
894,893.9999999999967,213.688542,211.43333333333334,2255.2086666666755,1
895,894.9999999999967,214.054911,211.66666666666666,2388.2443333333467,1
896,895.9999999999967,214.42128,211.7,2721.280000000007,1
897,896.9999999999968,214.787649,211.83333333333334,2954.3156666666446,1
898,897.9999999999968,215.154018,212.13333333333333,3020.684666666682,1
899,898.9999999999967,215.520387,212.36666666666667,3153.7203333333255,1
900,899.9999999999967,215.886756,212.56666666666666,3320.0893333333283,1
901,900.9999999999968,216.253125,212.66666666666666,3586.458333333354,1
902,901.9999999999967,216.670833,212.86666666666667,3804.1663333333136,1
903,902.9999999999966,217.057671,212.86666666666667,4191.004333333325,1
904,903.9979166666633,217.477107,212.66666666666666,4810.440333333332,1
905,904.9999999999966,217.93073,211.5,6430.730000000011,1
906,905.9999999999966,218.276041,211.73333333333332,6542.707666666673,1
907,906.9999999999966,218.554167,211.76666666666668,6787.500333333327,1
908,907.9999999999964,218.83229100000003,217.36666666666667,1465.624333333352,1
909,908.9999999999964,219.144271,218.13333333333333,1010.9376666666776,1
910,909.9999999999965,219.4125,218.36666666666667,1045.83333333332,1
911,910.9999999999964,219.68073,218.8,880.7299999999998,1
912,911.9999999999964,219.955208,219.0,955.207999999999,1
913,912.9999999999964,220.3033,219.26666666666668,1036.6333333333273,1
914,913.9999999999961,220.671354,219.53333333333333,1138.0206666666766,1
915,914.9999999999961,221.255209,219.83333333333334,1421.875666666665,1
916,915.9999999999961,221.602778,220.1,1502.7780000000064,1
917,916.9999999999961,221.950348,220.33333333333334,1617.0146666666483,1
918,917.9999999999961,222.297917,220.7,1597.9170000000238,1
919,918.9999999999961,222.567709,221.16666666666666,1401.0423333333506,1
920,919.9999999999961,222.8375,221.4,1437.5,1
921,920.9999999999959,223.172917,221.66666666666666,1506.2503333333552,1
922,921.9999999999959,223.45625,221.86666666666667,1589.5833333333371,1
923,922.9999999999958,223.791667,222.13333333333333,1658.333666666664,1
924,923.9999999999956,224.438542,223.1,1338.542000000018,1
925,924.9999999999956,225.180208,223.4,1780.2079999999876,1
926,925.9999999999956,225.573958,223.63333333333333,1940.6246666666789,1
927,926.9999999999956,225.990105,223.9,2090.104999999994,1
928,927.9999999999956,226.479688,224.13333333333333,2346.3546666666844,1
929,928.9999999999953,226.716667,224.33333333333334,2383.3336666666582,1
930,929.9999999999953,227.042708,224.7,2342.708000000016,1
931,930.9999999999953,227.489062,226.16666666666666,1322.3953333333327,1
932,931.9999999999953,227.72552,226.4,1325.5199999999832,1
933,932.9999999999952,227.975521,226.63333333333333,1342.1876666666606,1
934,933.9999999999952,228.26875,226.86666666666667,1402.0833333333371,1
935,934.9999999999952,228.47291600000003,227.66666666666666,806.2493333333691,1
936,935.9999999999952,228.748437,227.9,848.4369999999899,1
937,936.9999999999952,229.034375,228.13333333333333,901.0416666666856,1
938,937.9999999999951,229.271875,228.4,871.8749999999886,1
939,938.9999999999951,229.509896,228.46666666666667,1043.2293333333291,1
940,939.9999999999951,229.820313,228.46666666666667,1353.6463333333302,1
941,940.999999999995,230.026041,228.46666666666667,1559.3743333333236,1
942,941.999999999995,230.278125,228.46666666666667,1811.45833333332,1
943,942.999999999995,230.580729,228.46666666666667,2114.0623333333224,1
944,943.999999999995,230.789063,228.46666666666667,2322.3963333333304,1
945,944.999999999995,231.011979,228.46666666666667,2545.312333333328,1
946,945.9999999999949,231.277084,228.46666666666667,2810.4173333333338,1
947,946.9999999999948,231.497917,230.73333333333332,764.583666666681,1
948,947.9999999999949,231.878125,230.96666666666667,911.4583333333428,1
949,948.9999999999948,232.371875,231.2,1171.875,1
950,949.9999999999948,232.667188,231.43333333333334,1233.854666666673,1
951,950.9999999999948,232.972917,231.66666666666666,1306.2503333333382,1
952,951.9999999999947,233.326042,231.96666666666667,1359.3753333333325,1
953,952.9999999999947,233.539583,232.2,1339.5830000000046,1
954,953.9999999999947,233.825521,232.33333333333334,1492.1876666666662,1
955,954.9999999999947,234.114062,233.1,1014.0619999999956,1
956,955.9999999999947,234.313542,233.36666666666667,946.8753333333382,1
957,956.9999999999947,234.548958,233.73333333333332,815.6246666666789,1
958,957.9999999999945,234.817709,233.96666666666667,851.0423333333392,1
959,958.9999999999944,235.013542,234.2,813.5420000000124,1
960,959.9999999999945,235.259375,234.46666666666667,792.7083333333371,1
961,960.9999999999944,235.523958,234.7,823.9580000000046,1
962,961.9999999999944,235.74948,234.96666666666667,782.8133333333369,1
963,962.9999999999944,235.958333,235.2,758.3330000000217,1
964,963.9999999999944,236.256771,235.43333333333334,823.4376666666492,1
965,964.9999999999943,236.435417,235.66666666666666,768.7503333333439,1
966,965.9999999999943,236.690625,235.9,790.6250000000057,1
967,966.9999999999943,236.935417,236.16666666666666,768.7503333333439,1
968,967.9999999999942,237.165625,236.36666666666667,798.9583333333314,1
969,968.9999999999942,237.395312,236.6,795.3119999999956,1
970,969.9999999999942,237.635938,236.86666666666667,769.2713333333359,1
971,970.9999999999941,237.80104100000003,237.1,701.041000000032,1
972,971.9999999999941,238.173958,237.33333333333334,840.6246666666561,1
973,972.9999999999941,238.517188,237.56666666666666,950.5213333333415,1
974,973.9999999999941,238.765625,237.8,965.6249999999886,1
975,974.9999999999941,239.025,238.03333333333333,991.6666666666742,1
976,975.9999999999941,239.405729,238.43333333333334,972.3956666666709,1
977,976.9999999999939,239.608854,238.66666666666666,942.1873333333508,1
978,977.9999999999941,239.877083,238.93333333333334,943.7496666666618,1
979,978.9999999999939,240.125,239.2,925.0000000000114,1
980,979.9999999999939,240.348958,239.53333333333333,815.6246666666789,1
981,980.9999999999939,240.591667,239.76666666666668,825.0003333333211,1
982,981.9999999999939,240.90625,240.03333333333333,872.9166666666686,1
983,982.9999999999937,241.118229,240.3,818.2290000000023,1
984,983.9999999999939,241.355729,240.53333333333333,822.3956666666652,1
985,984.9999999999937,241.58802000000003,240.76666666666668,821.3533333333487,1
986,985.9999999999937,241.82239500000003,241.06666666666666,755.7283333333658,1
987,986.9999999999937,242.082292,241.3,782.291999999984,1
988,987.9999999999935,242.368229,241.53333333333333,834.8956666666822,1
989,988.9999999999935,242.570313,241.76666666666668,803.6463333333188,1
990,989.9999999999935,242.858333,242.0,858.3329999999876,1
991,990.9999999999935,243.172917,242.23333333333332,939.5836666666924,1
992,991.9999999999935,243.475,242.5,974.9999999999943,1
993,992.9999999999934,244.051042,242.76666666666668,1284.3753333333154,1
994,993.9999999999934,244.478125,243.0,1478.1250000000057,1
995,994.9999999999933,244.801562,243.36666666666667,1434.8953333333156,1
996,995.9999999999933,245.205208,243.63333333333333,1571.8746666666732,1
997,996.9999999999934,245.613542,244.2,1413.5420000000067,1
998,997.9999999999932,246.238542,244.63333333333333,1605.2086666666696,1
999,998.9999999999932,246.966667,244.93333333333334,2033.333666666664,1
1000,999.9999999999887,247.421875,245.3,2121.8749999999886,1
1001,1000.999999999989,247.605729,245.76666666666668,1839.0623333333167,1
1002,1001.999999999989,247.80677000000003,245.33333333333334,2473.4366666666856,1
1003,1002.9999999999891,248.016667,246.23333333333332,1783.3336666666924,1
1004,1003.9999999999891,248.199479,247.03333333333333,1166.1456666666652,1
1005,1004.9999999999891,248.356771,247.16666666666666,1190.1043333333519,1
1006,1005.9999999999892,248.576042,247.4,1176.0419999999954,1
1007,1006.9999999999892,248.725,247.56666666666666,1158.3333333333314,1
1008,1007.9999999999893,248.936979,248.4,536.9790000000023,1
1009,1008.9999999999893,249.15,248.56666666666666,583.3333333333428,1
1010,1009.9999999999893,249.321875,248.8,521.8749999999943,1
1011,1010.9999999999894,249.513021,248.96666666666667,546.3543333333405,1
1012,1011.9999999999894,249.795833,249.16666666666666,629.1663333333304,1
1013,1012.9999999999895,249.908333,249.3,608.3329999999876,1
1014,1013.9999999999895,250.076042,249.56666666666666,509.3753333333382,1
1015,1014.9999999999895,250.284375,249.73333333333332,551.0416666666913,1
1016,1015.9999999999898,250.434375,250.03333333333333,401.0416666666572,1
1017,1016.9999999999898,250.645834,250.23333333333332,412.5006666666877,1
1018,1017.9999999999899,250.922917,250.23333333333332,689.5836666666924,1
1019,1018.9999999999899,251.133854,250.43333333333334,700.5206666666766,1
1020,1019.9999999999899,251.335417,250.63333333333333,702.083666666681,1
1021,1020.9999999999901,251.545312,250.86666666666667,678.6453333333213,1
1022,1021.9999999999901,251.723959,251.06666666666666,657.2923333333449,1
1023,1022.9999999999902,251.895312,251.3,595.3119999999785,1
1024,1023.9999999999902,252.0875,251.5,587.5000000000057,1
1025,1024.9999999999902,252.255208,251.73333333333332,521.8746666666902,1
1026,1025.9999999999902,252.416666,251.93333333333334,483.3326666666551,1
1027,1026.9999999999902,252.60625,252.13333333333333,472.9166666666629,1
1028,1027.9999999999905,252.774479,252.36666666666667,407.81233333333944,1
1029,1028.9999999999905,252.953125,252.46666666666667,486.45833333333144,1
1030,1029.9999999999905,253.169792,252.53333333333333,636.4586666666696,1
1031,1030.9999999999907,253.295833,252.73333333333332,562.4996666666675,1
1032,1031.9999999999907,253.490104,252.93333333333334,556.7706666666652,1
1033,1032.9999999999907,253.675,253.13333333333333,541.6666666666856,1
1034,1033.9999999999907,253.8375,253.33333333333334,504.1666666666629,1
1035,1034.9999999999907,254.030729,253.56666666666666,464.0623333333451,1
1036,1035.999999999991,254.260417,253.76666666666668,493.75033333330975,1
1037,1036.999999999991,254.399479,254.0,399.4790000000137,1
1038,1037.9999999999911,254.546354,254.06666666666666,479.6873333333451,1
1039,1038.9999999999911,254.745833,254.3,445.83299999999326,1
1040,1039.9999999999911,254.916666,254.53333333333333,383.33266666666077,1
1041,1040.9999999999911,255.109375,254.76666666666668,342.70833333332007,1
1042,1041.9999999999911,255.363542,255.0,363.54199999999537,1
1043,1042.9999999999914,255.571875,255.0,571.8750000000057,1
1044,1043.9999999999914,255.757813,255.06666666666666,691.1463333333359,1
1045,1044.9999999999914,255.946354,255.3,646.3540000000023,1
1046,1045.9999999999916,256.104167,255.53333333333333,570.8336666666867,1
1047,1046.9999999999916,256.290625,255.76666666666668,523.9583333332973,1
1048,1047.9999999999916,256.476042,255.93333333333334,542.7086666666696,1
1049,1048.9999999999916,256.639584,256.1,539.5839999999907,1
1050,1049.9999999999916,256.793229,251.93333333333334,4859.89566666666,1
1051,1050.9999999999918,256.971875,252.13333333333333,4838.541666666686,1
1052,1051.9999999999918,257.129166,252.3,4829.1659999999865,1
1053,1052.9999999999918,257.305208,252.43333333333334,4871.874666666656,1
1054,1053.9999999999918,257.542708,252.73333333333332,4809.374666666685,1
1055,1054.9999999999918,257.721875,257.1333333333333,588.5416666666856,1
1056,1055.999999999992,257.896875,257.3,596.8750000000114,1
1057,1056.999999999992,258.040625,257.46666666666664,573.9583333333371,1
1058,1057.9999999999923,258.204167,257.7,504.16699999999537,1
1059,1058.9999999999923,258.409375,257.8666666666667,542.7083333333371,1
1060,1059.9999999999916,258.582291,258.06666666666666,515.624333333335,1
1061,1060.9999999999916,258.746354,258.06666666666666,679.6873333333338,1
1062,1061.9999999999916,258.890104,258.46666666666664,423.43733333336786,1
1063,1062.9999999999916,259.071354,258.6666666666667,404.68733333329965,1
1064,1063.9999999999916,259.219792,258.76666666666665,453.1253333333325,1
1065,1064.9999999999916,259.383333,259.1666666666667,216.66633333330765,1
1066,1065.9999999999916,259.61875,259.3666666666667,252.08333333330302,1
1067,1066.9999999999916,259.8,259.3666666666667,433.3333333333371,1
1068,1067.9999999999916,259.977083,259.5,477.08299999999326,1
1069,1068.9999999999916,260.133333,259.6,533.3329999999705,1
1070,1069.9999999999916,260.280208,259.8,480.20800000000463,1
1071,1070.9999999999916,260.45625,260.03333333333336,422.9166666666515,1
1072,1071.9999999999916,260.677083,260.26666666666665,410.4163333333304,1
1073,1072.9999999999916,260.8875,260.46666666666664,420.8333333333485,1
1074,1073.9999999999916,261.044792,260.76666666666665,278.1253333333211,1
1075,1074.9999999999916,261.211458,261.0,211.45799999999326,1
1076,1075.9999999999916,261.379167,261.23333333333335,145.83366666664688,1
1077,1076.9999999999916,261.589063,261.43333333333334,155.72966666667298,1
1078,1077.9999999999916,261.794792,261.5,294.79199999997263,1
1079,1078.9999999999916,261.961458,261.76666666666665,194.79133333334175,1
1080,1079.9999999999916,262.105208,262.0,105.20800000000463,1
1081,1080.9999999999916,262.288542,262.1333333333333,155.20866666668098,1
1082,1081.9999999999916,262.440625,262.3333333333333,107.29166666669698,1
1083,1082.9999999999916,262.598958,262.5,98.9579999999819,1
1084,1083.9999999999916,262.739583,262.8333333333333,93.75033333333249,1
1085,1084.9999999999916,262.917708,262.8333333333333,84.37466666669025,1
1086,1085.9999999999916,263.059375,262.8333333333333,226.04166666667425,1
1087,1086.9999999999916,263.238542,262.8333333333333,405.208666666681,1
1088,1087.9999999999916,263.357292,262.8333333333333,523.9586666666582,1
1089,1088.9999999999916,263.558333,262.8333333333333,724.9996666666902,1
1090,1089.9999999999916,263.828125,262.8333333333333,994.7916666666856,1
1091,1090.9999999999916,264.097916,262.8333333333333,1264.5826666666835,1
1092,1091.9999999999916,264.367708,262.8333333333333,1534.3746666666789,1
1093,1092.9999999999918,264.6375,264.6,37.499999999965894,1
1094,1093.9999999999918,264.907291,264.93333333333334,26.042333333350598,1
1095,1094.9999999999918,265.177083,265.03333333333336,143.74966666662203,1
1096,1095.9999999999955,265.529861,265.03333333333336,496.52766666662274,1
1097,1096.9999999999955,265.88263900000004,264.6,1282.6390000000174,1
1098,1097.9999999999955,266.235417,264.76666666666665,1468.7503333333325,1
1099,1098.9999999999955,266.553646,265.3666666666667,1186.9793333333405,1
1100,1099.9999999999955,266.871875,265.6,1271.874999999966,1
1101,1100.9999999999955,267.190104,265.8333333333333,1356.770666666705,1
1102,1101.9999999999955,267.508333,266.4,1108.333000000016,1
1103,1102.9999999999952,267.852083,266.6,1252.0829999999705,1
1104,1103.9999999999952,268.095833,266.8666666666667,1229.1663333333531,1
1105,1104.9999999999952,268.339583,267.1333333333333,1206.2496666666789,1
1106,1105.9999999999952,268.792188,267.6666666666667,1125.5213333333245,1
1107,1106.9999999999952,269.244792,268.03333333333336,1211.4586666666582,1
1108,1107.9999999999952,269.621528,268.26666666666665,1354.8613333333606,1
1109,1108.9999999999952,269.998264,268.5,1498.264000000006,1
1110,1109.9999999999952,270.375,268.73333333333335,1641.6666666666515,1
1111,1110.9999999999952,270.713802,269.4,1313.8020000000097,1
1112,1111.9999999999952,271.05260400000003,269.6333333333333,1419.270666666705,1
1113,1112.9999999999952,271.391406,269.8333333333333,1558.0726666667033,1
1114,1113.9999999999952,271.730208,269.8333333333333,1896.8746666666902,1
1115,1114.9999999999952,272.125,266.6333333333333,5491.666666666674,1
1116,1115.9999999999952,272.35,266.9,5450.0000000000455,1
1117,1116.999999999995,272.630208,267.1333333333333,5496.874666666656,1
1118,1117.9999999999952,272.964844,267.6666666666667,5298.177333333342,1
1119,1118.999999999995,273.299479,268.03333333333336,5266.14566666666,1
1120,1119.999999999995,273.721875,268.26666666666665,5455.208333333359,1
1121,1120.999999999995,273.98125,268.53333333333336,5447.916666666629,1
1122,1121.999999999995,274.485417,268.96666666666664,5518.750333333344,1
1123,1122.999999999995,274.84774300000004,269.2,5647.743000000048,1
1124,1123.999999999995,275.21007000000003,269.43333333333334,5776.736666666693,1
1125,1124.999999999995,275.572396,274.1333333333333,1439.0626666667004,1
1126,1125.999999999995,276.114323,274.7,1414.3230000000244,1
1127,1126.999999999995,276.65625,275.0,1656.25,1
1128,1127.9999999999948,277.00572900000003,275.23333333333335,1772.3956666666822,1
1129,1128.9999999999948,277.480121,275.6666666666667,1813.4543333333113,1
1130,1129.9999999999948,277.954514,275.8666666666667,2087.847333333343,1
1131,1130.9999999999948,278.428906,276.1333333333333,2295.572666666658,1
1132,1131.9999999999948,278.903298,276.4,2503.2980000000293,1
1133,1132.9999999999948,279.377691,277.3333333333333,2044.3576666667127,1
1134,1133.9999999999948,279.852083,277.6,2252.0829999999705,1
1135,1134.9999999999948,280.258333,277.9,2358.333000000016,1
1136,1135.9999999999948,280.664583,278.53333333333336,2131.2496666666334,1
1137,1136.999999999995,281.095833,278.8666666666667,2229.166333333353,1
1138,1137.9999999999948,281.366146,278.7,2666.146000000026,1
1139,1138.9999999999943,281.636458,278.9,2736.4580000000274,1
1140,1139.9999999999948,281.961458,279.0,2961.4579999999933,1
1141,1140.9999999999948,282.23125,281.1666666666667,1064.583333333303,1
1142,1141.999999999995,282.501042,281.6,901.0419999999613,1
1143,1142.999999999995,282.8026040000001,281.8333333333333,969.2706666667732,1
1144,1143.999999999995,283.173628,282.1333333333333,1040.2946666666821,1
1145,1144.999999999995,283.563542,282.4,1163.5420000000067,1
1146,1145.9999999999952,284.138542,282.6666666666667,1471.875333333287,1
1147,1146.9999999999948,285.226042,282.96666666666664,2259.3753333333666,1
1148,1147.999999999995,285.511458,283.2,2311.458000000016,1
1149,1148.999999999995,285.752605,283.46666666666664,2285.9383333333767,1
1150,1149.9999999999948,286.046875,284.03333333333336,2013.5416666666401,1
1151,1150.9999999999948,286.276042,284.3666666666667,1909.3753333333439,1
1152,1151.9999999999948,286.534375,284.46666666666664,2067.7083333333712,1
1153,1152.999999999995,286.836458,284.4,2436.458000000016,1
1154,1153.999999999995,287.195833,284.6333333333333,2562.4996666666675,1
1155,1154.999999999995,288.038542,285.4,2638.5420000000295,1
1156,1155.9999999999952,289.06684,285.6666666666667,3400.1733333333277,1
1157,1156.999999999995,290.095139,285.6666666666667,4428.472333333331,1
1158,1157.9999999999948,291.123438,286.2,4923.438000000033,1
1159,1158.999999999995,291.491667,287.43333333333334,4058.3336666666696,1
1160,1159.999999999995,291.859896,290.93333333333334,926.5626666666549,1
1161,1160.9999999999948,292.228125,290.93333333333334,1294.7916666666401,1
1162,1161.999999999995,292.585938,291.26666666666665,1319.2713333333472,1
1163,1162.999999999995,292.94375,291.5,1443.7500000000227,1
1164,1163.999999999995,293.301562,291.76666666666665,1534.8953333333384,1
1165,1164.999999999995,293.659375,292.3333333333333,1326.041666666697,1
1166,1165.999999999995,294.057292,292.46666666666664,1590.625333333378,1
1167,1166.9999999999952,294.357292,292.8,1557.2919999999613,1
1168,1167.999999999995,294.608333,293.03333333333336,1574.9996666666561,1
1169,1168.999999999995,295.073958,293.3,1773.9579999999933,1
1170,1169.9999999999952,295.539583,294.23333333333335,1306.2496666666448,1
1171,1170.9999999999952,295.935069,294.53333333333336,1401.7356666666387,1
1172,1171.999999999995,296.330556,294.76666666666665,1563.88933333335,1
1173,1172.999999999995,296.726042,295.0,1726.0420000000067,1
1174,1173.9999999999952,297.09375,295.4,1693.7500000000227,1
1175,1174.9999999999952,297.461458,295.6666666666667,1794.7913333333076,1
1176,1175.9999999999952,297.829167,296.1666666666667,1662.5003333332984,1
1177,1176.9999999999952,298.196875,296.4,1796.875,1
1178,1177.9999999999952,298.567708,296.6666666666667,1901.0413333332963,1
1179,1178.9999999999952,298.81875,292.8,6018.750000000011,1
1180,1179.9999999999952,299.1125,293.06666666666666,6045.8333333333485,1
1181,1180.9999999999952,299.575521,298.3333333333333,1242.1876666666662,1
1182,1181.9999999999955,300.038542,298.73333333333335,1305.2086666666582,1
1183,1182.9999999999952,300.661458,299.0,1661.457999999982,1
1184,1183.9999999999955,301.066667,299.23333333333335,1833.3336666666469,1
1185,1184.9999999999952,301.682292,299.6333333333333,2048.9586666666924,1
1186,1185.9999999999955,302.049653,299.8333333333333,2216.3196666666636,1
1187,1186.9999999999952,302.417014,300.1,2317.013999999972,1
1188,1187.9999999999952,302.784375,300.3333333333333,2451.041666666697,1
1189,1188.9999999999955,303.305208,300.56666666666666,2738.5413333333304,1
1190,1189.9999999999955,303.826042,300.8333333333333,2992.7086666666582,1
1191,1190.9999999999955,304.258333,302.3666666666667,1891.666333333319,1
1192,1191.9999999999955,304.666088,302.9,1766.0880000000247,1
1193,1192.9999999999955,305.073842,303.1,1973.8419999999905,1
1194,1193.9999999999955,305.481597,303.3666666666667,2114.930333333348,1
1195,1194.9999999999955,305.889352,303.6333333333333,2256.018666666648,1
1196,1195.9999999999955,306.297106,302.4,3897.106000000008,1
1197,1196.9999999999955,306.704861,302.6333333333333,4071.527666666668,1
1198,1197.9999999999955,307.112616,302.7,4412.6160000000145,1
1199,1198.9999999999955,307.52037,302.7,4820.370000000025,1
1200,1199.9999999999952,307.928125,302.7,5228.125000000035,1
1201,1200.9999999999955,308.297917,302.7,5597.916999999996,1
1202,1201.9999999999952,308.667708,302.7,5967.708000000016,1
1203,1202.9999999999955,309.0375,302.73333333333335,6304.166666666674,1
1204,1203.9999999999952,309.407292,302.8333333333333,6573.958666666669,1
1205,1204.9999999999952,309.777084,306.8,2977.0839999999907,1
1206,1205.9999999999955,310.146875,306.8666666666667,3280.2083333333485,1
1207,1206.9999999999957,310.516667,306.53333333333336,3983.333666666624,1
1208,1207.9999999999961,310.94375,305.23333333333335,5710.416666666674,1
1209,1208.9999999999961,311.3406930000001,305.23333333333335,6107.359666666753,1
1210,1209.9979166666628,311.795081,307.1666666666667,4628.414333333296,1
1211,1210.9999999999961,312.242188,305.73333333333335,6508.85466666665,1
1212,1211.9999999999961,312.592708,306.3333333333333,6259.374666666701,1
1213,1212.999999999996,312.877083,306.2,6677.083000000039,1
1214,1213.9999999999961,313.161458,306.3333333333333,6828.1246666666675,1
1215,1214.9999999999961,313.473958,312.5,973.9579999999819,1
1216,1215.9999999999961,313.745312,312.6666666666667,1078.645333333327,1
1217,1216.9999999999964,314.016666,313.1,916.6659999999638,1
1218,1217.9999999999964,314.297395,313.3333333333333,964.0616666666801,1
1219,1218.9999999999964,314.6911810000001,313.6,1091.1810000000628,1
1220,1219.9999999999964,315.119271,313.8666666666667,1252.6043333333519,1
1221,1220.9999999999964,315.727084,314.1666666666667,1560.4173333333051,1
1222,1221.9999999999964,316.102083,314.5,1602.0829999999933,1
1223,1222.9999999999964,316.477083,314.76666666666665,1710.4163333333418,1
1224,1223.9999999999964,316.852083,315.23333333333335,1618.7496666666448,1
1225,1224.9999999999964,317.121354,315.6,1521.353999999974,1
1226,1225.9999999999964,317.390625,315.8333333333333,1557.2916666666856,1
1227,1226.9999999999968,317.70625,316.2,1506.2500000000227,1
1228,1227.9999999999968,317.986458,316.3333333333333,1653.124666666713,1
1229,1228.999999999997,318.311458,316.56666666666666,1744.7913333333531,1
1230,1229.9999999999973,318.891667,317.6333333333333,1258.3336666666582,1
1231,1230.9999999999975,319.535417,317.9,1635.417000000018,1
1232,1231.9999999999973,319.9125,318.1333333333333,1779.166666666697,1
1233,1232.999999999998,320.285937,318.43333333333334,1852.6036666666528,1
1234,1233.9999999999975,320.744271,318.6333333333333,2110.9376666667004,1
1235,1234.9999999999975,320.9875,318.9,2087.500000000034,1
1236,1235.999999999998,321.315625,319.2,2115.6250000000227,1
1237,1236.9999999999984,321.770312,320.43333333333334,1336.9786666666528,1
1238,1237.999999999998,322.014063,320.6666666666667,1347.3963333333359,1
1239,1238.999999999998,322.258333,320.96666666666664,1291.6663333333531,1
1240,1239.999999999998,322.558854,321.53333333333336,1025.5206666666368,1
1241,1240.9999999999986,322.756771,321.9,856.7710000000375,1
1242,1241.9999999999984,323.047917,322.1666666666667,881.2503333332984,1
1243,1242.9999999999986,323.353646,322.43333333333334,920.312666666689,1
1244,1243.9999999999986,323.581771,322.7,881.7710000000147,1
1245,1244.9999999999986,323.819271,322.93333333333334,885.9376666666776,1
1246,1245.9999999999986,324.118229,323.1666666666667,951.5623333332996,1
1247,1246.9999999999989,324.314583,323.5,814.5830000000274,1
1248,1247.9999999999989,324.551042,323.73333333333335,817.7086666666469,1
1249,1248.999999999999,324.817708,324.03333333333336,784.374666666622,1
1250,1249.999999999999,325.044792,324.26666666666665,778.1253333333211,1
1251,1250.999999999999,325.269271,324.5,769.2710000000034,1
1252,1251.999999999999,325.539583,324.73333333333335,806.2496666666448,1
1253,1252.9999999999993,325.744271,324.96666666666664,777.604333333386,1
1254,1253.9999999999993,326.109375,325.23333333333335,876.0416666666515,1
1255,1254.9999999999995,326.609896,325.46666666666664,1143.2293333333519,1
1256,1255.9999999999998,326.9234370000001,325.7,1223.4370000001036,1
1257,1256.9999999999993,327.213542,325.93333333333334,1280.208666666681,1
1258,1257.9999999999998,327.559896,326.23333333333335,1326.5626666666321,1
1259,1258.9999999999998,327.792188,326.6,1192.1879999999874,1
1260,1260.0,328.085417,327.0,1085.4170000000067,1
1261,1261.0,328.379687,327.3333333333333,1046.3536666666755,1
1262,1262.0000000000002,328.607813,327.6666666666667,941.1463333333359,1
1263,1263.0000000000002,328.822396,327.93333333333334,889.062666666689,1
1264,1264.0000000000002,329.078646,328.2,878.6460000000034,1
1265,1265.0000000000002,329.2671870000001,328.53333333333336,733.8536666667324,1
1266,1266.0000000000005,329.520833,328.76666666666665,754.1663333333304,1
1267,1267.0000000000002,329.7869790000001,329.0,786.9790000000876,1
1268,1268.0000000000005,330.005208,329.2,805.2079999999933,1
1269,1269.0000000000007,330.225,329.43333333333334,791.6666666666856,1
1270,1270.0000000000005,330.4875,329.7,787.5000000000227,1
1271,1271.000000000001,330.665104,329.93333333333334,731.7706666666481,1
1272,1272.000000000001,330.935417,330.1666666666667,768.750333333287,1
1273,1273.000000000001,331.159896,330.4,759.8960000000261,1
1274,1274.000000000001,331.378646,330.56666666666666,811.9793333333405,1
1275,1275.0000000000011,331.608854,330.8333333333333,775.5206666666936,1
1276,1276.000000000001,331.831771,331.1,731.7709999999806,1
1277,1277.0000000000014,331.994271,331.3333333333333,660.9376666667117,1
1278,1278.0000000000014,332.325521,331.56666666666666,758.8543333333178,1
1279,1279.0000000000014,332.666667,331.76666666666665,900.0003333333666,1
1280,1280.0000000000014,332.908854,331.96666666666664,942.1873333333792,1
1281,1281.000000000002,333.147917,332.23333333333335,914.5836666666582,1
1282,1282.0000000000014,333.526042,332.5,1026.042000000018,1
1283,1283.000000000002,333.73125,332.8,931.2499999999773,1
1284,1284.000000000002,334.008333,333.06666666666666,941.6663333333304,1
1285,1285.000000000002,334.266666,333.3,966.6659999999752,1
1286,1286.000000000002,334.49375,333.7,793.7499999999886,1
1287,1287.000000000002,334.742708,333.93333333333334,809.3746666666561,1
1288,1288.0000000000023,335.080729,334.1666666666667,914.0623333333338,1
1289,1289.0000000000023,335.270313,334.43333333333334,836.9796666666502,1
1290,1290.0000000000025,335.503646,334.6666666666667,836.9793333333178,1
1291,1291.0000000000025,335.766667,334.9,866.6670000000067,1
1292,1292.0000000000025,335.995834,335.23333333333335,762.5006666666536,1
1293,1293.0000000000027,336.284375,335.46666666666664,817.7083333333712,1
1294,1294.0000000000027,336.560417,335.7,860.416999999984,1
1295,1295.0000000000027,336.760417,335.93333333333334,827.083666666681,1
1296,1296.000000000003,337.08125,336.1666666666667,914.5833333333258,1
1297,1297.000000000003,337.398959,336.43333333333334,965.6256666666536,1
1298,1298.000000000003,337.7125,336.6666666666667,1045.8333333332916,1
1299,1299.0000000000032,338.171875,336.96666666666664,1205.2083333333599,1
1300,1300.0000000000032,338.540104,337.23333333333335,1306.7706666666368,1
1301,1301.0000000000032,338.84375,337.56666666666666,1277.0833333333371,1
1302,1302.0000000000034,339.259375,337.8666666666667,1392.708333333303,1
1303,1303.0000000000034,339.617708,338.3333333333333,1284.3746666666789,1
1304,1304.0000000000032,340.139583,338.7,1439.5830000000274,1
1305,1305.0000000000061,340.773958,338.96666666666664,1807.2913333333531,1
1306,1306.0000000000057,341.20625,339.3,1906.25,1
1307,1307.0000000000057,341.414063,339.76666666666665,1647.3963333333472,1
1308,1308.0000000000052,341.621354,340.0,1621.3539999999966,1
1309,1309.000000000005,341.8375,340.03333333333336,1804.1666666666174,1
1310,1310.0000000000048,342.014063,340.1,1914.0629999999987,1
1311,1311.0000000000045,342.188542,340.96666666666664,1221.8753333333439,1
1312,1312.0000000000045,342.4,341.76666666666665,633.3333333333258,1
1313,1313.0000000000043,342.563542,341.96666666666664,596.8753333333439,1
1314,1314.0000000000039,342.758854,342.2,558.8539999999966,1
1315,1315.0000000000036,343.011458,342.4,611.4580000000274,1
1316,1316.0000000000034,343.122917,342.6,522.9169999999499,1
1317,1317.0000000000034,343.327604,342.8,527.6039999999966,1
1318,1318.0000000000032,343.569792,343.0,569.7920000000067,1
1319,1319.000000000003,343.703125,343.1333333333333,569.7916666666742,1
1320,1320.0000000000027,343.86198,343.3333333333333,528.6466666667025,1
1321,1321.0000000000023,344.077083,343.53333333333336,543.7496666666561,1
1322,1322.0000000000023,344.238541,343.8,438.5409999999865,1
1323,1323.000000000002,344.455729,344.03333333333336,422.3956666666595,1
1324,1324.0000000000016,344.7375,344.03333333333336,704.1666666666515,1
1325,1325.0000000000014,344.9875,344.26666666666665,720.8333333333599,1
1326,1326.0000000000011,345.202604,344.4,802.6040000000307,1
1327,1327.0000000000011,345.429167,344.6333333333333,795.833666666681,1
1328,1328.000000000001,345.5994790000001,344.8666666666667,732.8123333334133,1
1329,1329.0000000000005,345.788542,345.1666666666667,621.8753333333211,1
1330,1330.0000000000002,345.99375,345.3666666666667,627.083333333303,1
1331,1331.0,346.145833,345.6,545.8329999999592,1
1332,1332.0,346.321875,345.8333333333333,488.5416666666629,1
1333,1332.9999999999998,346.521875,346.03333333333336,488.5416666666629,1
1334,1333.9999999999995,346.702604,346.1333333333333,569.2706666666822,1
1335,1334.999999999999,346.866667,346.26666666666665,600.0003333333552,1
1336,1335.9999999999989,347.064583,346.46666666666664,597.9163333333872,1
1337,1336.9999999999989,347.2203120000001,346.6666666666667,553.6453333334066,1
1338,1337.9999999999986,347.404688,346.8666666666667,538.0213333333472,1
1339,1338.9999999999984,347.589583,347.06666666666666,522.9163333333418,1
1340,1339.999999999998,347.764583,347.3,464.58300000000463,1
1341,1340.9999999999977,347.940625,347.5,440.62500000001137,1
1342,1341.9999999999977,348.1625,347.6333333333333,529.166666666697,1
1343,1342.9999999999973,348.317708,347.8333333333333,484.3746666666675,1
1344,1343.999999999997,348.465625,347.96666666666664,498.9583333333485,1
1345,1344.9999999999968,348.675,348.23333333333335,441.6666666666629,1
1346,1345.9999999999966,348.815625,348.46666666666664,348.95833333337123,1
1347,1346.9999999999966,349.003125,348.6666666666667,336.45833333332575,1
1348,1347.9999999999964,349.230208,348.93333333333334,296.8746666666675,1
1349,1348.9999999999961,349.436458,349.1,336.45799999999326,1
1350,1349.9999999999957,349.614583,349.0,614.5829999999819,1
1351,1350.9999999999955,349.809896,349.1666666666667,643.229333333295,1
1352,1351.9999999999955,349.969271,349.4,569.2710000000147,1
1353,1352.9999999999952,350.127604,345.1333333333333,4994.270666666694,1
1354,1353.999999999995,350.326042,345.3666666666667,4959.375333333299,1
1355,1354.9999999999948,350.478125,345.53333333333336,4944.791666666617,1
1356,1355.9999999999943,350.633854,345.76666666666665,4867.187333333333,1
1357,1356.9999999999943,350.819792,346.03333333333336,4786.458666666647,1
1358,1357.9999999999939,350.975521,346.1,4875.520999999992,1
1359,1358.9999999999936,351.1625,346.26666666666665,4895.833333333371,1
1360,1359.9999999999934,351.470833,346.56666666666666,4904.1663333333645,1
1361,1360.9999999999932,351.664583,346.73333333333335,4931.249666666645,1
1362,1361.9999999999932,351.851042,346.8666666666667,4984.3753333333325,1
1363,1362.999999999993,352.015625,351.3666666666667,648.9583333333258,1
1364,1363.9999999999927,352.170833,351.6333333333333,537.4996666666902,1
1365,1364.9999999999923,352.358334,351.8333333333333,525.0006666666991,1
1366,1365.9999999999918,352.544271,352.06666666666666,477.60433333331775,1
1367,1366.9999999999918,352.695833,352.06666666666666,629.1663333333304,1
1368,1367.9999999999918,352.8453120000001,352.4,445.31200000011495,1
1369,1368.9999999999918,353.028125,352.56666666666666,461.45833333332575,1
1370,1369.9999999999918,353.179166,352.8,379.1659999999979,1
1371,1370.9999999999918,353.348958,353.1,248.95799999995916,1
1372,1371.9999999999918,353.569792,353.3333333333333,236.45866666669235,1
1373,1372.9999999999918,353.75625,353.43333333333334,322.9166666666856,1
1374,1373.9999999999918,353.916667,353.4,516.6670000000408,1
1375,1374.9999999999918,354.078125,353.53333333333336,544.7916666666401,1
1376,1375.9999999999918,354.24375,353.73333333333335,510.41666666662877,1
1377,1376.999999999992,354.408333,353.96666666666664,441.66633333338723,1
1378,1377.9999999999918,354.632292,354.2,432.2920000000181,1
1379,1378.9999999999918,354.83125,354.43333333333334,397.91666666667425,1
1380,1379.9999999999918,355.003125,354.6666666666667,336.45833333332575,1
1381,1380.9999999999918,355.154167,354.9,254.16699999999537,1
1382,1381.9999999999918,355.338542,355.1,238.54199999999537,1
1383,1382.9999999999918,355.547395,355.26666666666665,280.728333333343,1
1384,1383.9999999999918,355.752083,355.53333333333336,218.7496666666675,1
1385,1384.9999999999918,355.908333,355.73333333333335,174.99966666667888,1
1386,1385.9999999999918,356.055208,355.96666666666664,88.54133333335312,1
1387,1386.9999999999918,356.234375,356.2,34.37500000001137,1
1388,1387.9999999999918,356.364583,356.43333333333334,68.75033333335523,1
1389,1388.9999999999918,356.522917,356.53333333333336,10.416333333353123,1
1390,1389.9999999999918,356.667708,356.53333333333336,134.37466666664477,1
1391,1390.9999999999918,356.83125,356.53333333333336,297.9166666666515,1
1392,1391.9999999999918,356.966667,356.53333333333336,433.33366666661277,1
1393,1392.9999999999918,357.14375,356.53333333333336,610.4166666666515,1
1394,1393.9999999999918,357.271875,356.53333333333336,738.5416666666629,1
1395,1394.999999999992,357.544792,356.53333333333336,1011.4586666666128,1
1396,1395.999999999992,357.855556,356.53333333333336,1322.2226666666188,1
1397,1396.999999999992,358.1663200000001,358.2,33.67999999989024,1
1398,1397.999999999992,358.477083,358.46666666666664,10.416333333353123,1
1399,1398.9999999999918,358.787847,357.73333333333335,1054.5136666666508,1
1400,1399.9999999999918,359.098611,359.1,1.389000000017404,1
1401,1400.9999999999918,359.409375,359.1,309.37499999998863,1
1402,1401.9999999999918,359.685417,359.1,585.4169999999499,1
1403,1402.9999999999918,359.867708,359.1,767.7079999999705,1
1404,1403.9999999999918,360.045833,359.23333333333335,812.4996666666675,1
1405,1404.9999999999918,360.216667,359.5,716.6669999999726,1
1406,1405.9999999999918,360.392708,359.8,592.708000000016,1
1407,1406.9999999999918,360.483333,360.06666666666666,416.6663333333531,1
1408,1407.9999999999918,360.813542,360.26666666666665,546.8753333333325,1
1409,1408.9999999999918,360.973958,360.3666666666667,607.2913333333076,1
1410,1409.9999999999918,361.122917,360.76666666666665,356.2503333333211,1
1411,1410.9999999999918,361.286458,360.96666666666664,319.79133333334175,1
1412,1411.9999999999918,361.427083,361.1666666666667,260.4163333332963,1
1413,1412.9999999999918,361.592708,361.7,107.29199999997263,1
1414,1413.9999999999918,361.720833,361.93333333333334,212.50033333330975,1
1415,1414.9999999999918,361.913542,362.1666666666667,253.12466666667888,1
1416,1415.9999999999918,362.021875,362.1666666666667,144.79166666666288,1
1417,1416.9999999999918,362.226042,362.1666666666667,59.37533333332112,1
1418,1417.9999999999918,362.35625,362.1666666666667,189.58333333330302,1
1419,1418.999999999992,362.603125,362.1666666666667,436.45833333329165,1
1420,1419.999999999992,362.927778,362.1666666666667,761.1113333333037,1
1421,1420.999999999992,363.252431,362.8666666666667,385.76433333332716,1
1422,1421.999999999992,363.577083,362.56666666666666,1010.4163333333531,1
1423,1422.9999999999918,363.901736,362.93333333333334,968.402666666691,1
1424,1423.9999999999918,364.226389,363.1666666666667,1059.7223333332977,1
1425,1424.9999999999918,364.551041,363.43333333333334,1117.7076666666608,1
1426,1425.9999999999918,364.877083,363.6666666666667,1210.4163333333418,1
1427,1426.9999999999918,365.123958,363.9,1223.9580000000387,1
1428,1427.9999999999918,365.344792,364.1333333333333,1211.4586666666582,1
1429,1428.9999999999918,365.614583,364.6666666666667,947.9163333332963,1
1430,1429.9999999999918,365.790625,364.96666666666664,823.9583333333371,1
1431,1430.9999999999918,365.954167,365.3,654.1669999999726,1
1432,1431.9999999999918,366.139583,365.53333333333336,606.2496666666561,1
1433,1432.9999999999918,366.319792,365.76666666666665,553.1253333333552,1
1434,1433.9999999999918,366.509375,366.0,509.37499999997726,1
1435,1434.9999999999918,366.665625,366.26666666666665,398.95833333332575,1
1436,1435.9999999999918,366.869792,366.5,369.7920000000181,1
1437,1436.9999999999918,367.020833,366.8666666666667,154.16633333330765,1
1438,1437.9999999999918,367.266667,367.03333333333336,233.33366666662414,1
1439,1438.9999999999918,367.430208,367.1666666666667,263.54133333330765,1
1440,1439.9999999999918,367.628125,367.1333333333333,494.7916666666856,1
1441,1440.9999999999918,367.876042,367.1333333333333,742.7086666666582,1
1442,1441.9999999999918,368.072917,367.5,572.9170000000181,1
1443,1442.9999999999918,368.270833,367.93333333333334,337.49966666664477,1
1444,1443.9999999999918,368.571875,367.8,771.8749999999659,1
1445,1444.9999999999918,368.754167,368.06666666666666,687.5003333333325,1
1446,1445.9999999999918,368.907292,368.3,607.2919999999726,1
1447,1446.9999999999918,369.105208,368.53333333333336,571.8746666666448,1
1448,1447.9999999999918,369.280208,368.8,480.20800000000463,1
1449,1448.9999999999918,369.521875,369.03333333333336,488.5416666666629,1
1450,1449.9999999999918,369.720833,369.26666666666665,454.16633333337586,1
1451,1450.9999999999918,369.922917,369.5,422.916999999984,1
1452,1451.9999999999918,370.071875,369.46666666666664,605.2083333333371,1
1453,1452.9999999999918,370.270833,369.76666666666665,504.1663333333304,1
1454,1453.9999999999918,370.4375,369.96666666666664,470.83333333335986,1
1455,1454.9999999999918,370.61875,370.1333333333333,485.4166666666515,1
1456,1455.9999999999918,370.833333,370.43333333333334,399.99966666664477,1
1457,1456.9999999999918,370.988542,370.6,388.54199999997263,1
1458,1457.9999999999918,371.155208,370.6666666666667,488.5413333333304,1
1459,1458.9999999999918,371.320833,370.8333333333333,487.4996666666789,1
1460,1459.9999999999918,371.505208,371.1,405.20799999995916,1
1461,1460.9999999999918,371.646875,371.46666666666664,180.2083333333826,1
1462,1461.9999999999918,371.940625,371.76666666666665,173.95833333335986,1
1463,1462.9999999999918,372.114583,371.53333333333336,581.249666666622,1
1464,1463.9999999999918,372.240625,371.76666666666665,473.95833333337123,1
1465,1464.9999999999918,372.457292,372.0,457.29199999999537,1
1466,1465.9999999999918,372.63125,372.23333333333335,397.91666666667425,1
1467,1466.9999999999918,372.8375,372.53333333333336,304.1666666666174,1
1468,1467.9999999999918,373.103125,372.76666666666665,336.45833333332575,1
1469,1468.9999999999918,373.282292,372.96666666666664,315.62533333334386,1
1470,1469.9999999999918,373.467708,372.96666666666664,501.04133333337586,1
1471,1470.9999999999918,373.683333,373.06666666666666,616.6663333333418,1
1472,1471.9999999999918,373.917708,373.3333333333333,584.3746666666902,1
1473,1472.9999999999918,374.3125,373.56666666666666,745.8333333333371,1
1474,1473.9999999999918,374.627083,373.76666666666665,860.4163333333759,1
1475,1474.9999999999925,374.84375,374.03333333333336,810.4166666666401,1
1476,1475.9999999999925,375.096354,374.1666666666667,929.6873333333338,1
1477,1476.9999999999925,375.3125,374.4,912.5000000000227,1
1478,1477.9999999999923,375.4875,374.76666666666665,720.8333333333599,1
1479,1478.9999999999923,375.690625,375.03333333333336,657.2916666666515,1
1480,1479.999999999992,375.923958,375.26666666666665,657.2913333333759,1
1481,1480.999999999992,376.09375,375.5,593.75,1
1482,1481.999999999992,376.34375,375.6333333333333,710.4166666666742,1
1483,1482.999999999992,376.56875,375.9,668.7500000000455,1
1484,1483.9999999999923,376.741667,376.1,641.666999999984,1
1485,1484.9999999999918,376.967708,376.3333333333333,634.3746666667016,1
1486,1485.9999999999918,377.182813,376.56666666666666,616.1463333333472,1
1487,1486.9999999999916,377.342708,376.73333333333335,609.3746666666675,1
1488,1487.9999999999918,377.554167,376.9,654.1670000000295,1
1489,1488.9999999999916,377.736979,377.1333333333333,603.6456666666936,1
1490,1489.9999999999916,377.898958,377.3333333333333,565.6246666666789,1
1491,1490.9999999999918,378.090625,377.53333333333336,557.2916666666288,1
1492,1491.9999999999914,378.338542,377.76666666666665,571.8753333333666,1
1493,1492.9999999999916,378.49375,378.0,493.74999999997726,1
1494,1493.9999999999914,378.70625,378.1333333333333,572.9166666666856,1
1495,1494.9999999999916,378.921355,378.3,621.3549999999941,1
1496,1495.9999999999911,379.095833,378.53333333333336,562.4996666666675,1
1497,1496.9999999999914,379.263542,378.6666666666667,596.875333333287,1
1498,1497.9999999999905,379.461979,378.8666666666667,595.312333333311,1
1499,1498.9999999999905,379.61875,379.06666666666666,552.0833333333144,1
1500,1499.9999999999905,379.774479,379.26666666666665,507.81233333333375,1
1501,1500.9999999999905,379.958854,379.5,458.8539999999739,1
1502,1501.9999999999902,380.119271,379.7,419.2710000000375,1
1503,1502.9999999999902,380.307292,379.93333333333334,373.958666666681,1
1504,1503.99999999999,380.497395,379.93333333333334,564.061666666646,1
1505,1504.99999999999,380.653125,380.1666666666667,486.458333333303,1
1506,1505.99999999999,380.829166,380.26666666666665,562.499333333335,1
1507,1506.9999999999898,381.017708,380.46666666666664,551.0413333333872,1
1508,1507.9999999999898,381.18125,380.7,481.24999999998863,1
1509,1508.9999999999898,381.359375,380.93333333333334,426.0416666666629,1
1510,1509.9999999999895,381.580208,381.1333333333333,446.8746666667016,1
1511,1510.9999999999895,381.716667,381.2,516.666999999984,1
1512,1511.9999999999895,381.938021,381.23333333333335,704.6876666666435,1
1513,1512.9999999999895,382.132292,381.53333333333336,598.9586666666469,1
1514,1513.9999999999895,382.298958,381.76666666666665,532.2913333333759,1
1515,1514.9999999999893,382.479167,381.96666666666664,512.500333333378,1
1516,1515.9999999999893,382.704166,382.2,504.1659999999979,1
1517,1516.999999999989,382.865625,382.3333333333333,532.2916666667084,1
1518,1517.9999999999893,383.107292,382.5,607.2919999999726,1
1519,1518.999999999989,383.370313,382.73333333333335,636.9796666666616,1
1520,1519.999999999989,383.566146,382.93333333333334,632.8126666666662,1
1521,1520.9999999999889,383.813542,383.2,613.5419999999954,1
1522,1521.9999999999889,384.033333,383.4,633.3330000000501,1
1523,1522.9999999999884,384.233333,383.73333333333335,499.9996666666675,1
1524,1523.9999999999889,384.436979,383.8,636.9789999999966,1
1525,1524.9999999999889,384.645833,383.96666666666664,679.1663333333418,1
1526,1525.9999999999884,384.814583,384.2,614.5830000000387,1
1527,1526.9999999999884,384.994792,384.4,594.7920000000408,1
1528,1527.9999999999882,385.189062,384.6333333333333,555.7286666666528,1
1529,1528.9999999999882,385.366146,384.8666666666667,499.4793333333405,1
1530,1529.9999999999882,385.504687,385.1,404.68699999996716,1
1531,1530.9999999999882,385.739583,385.1333333333333,606.2496666666561,1
1532,1531.999999999988,385.913542,385.3,613.5419999999954,1
1533,1532.999999999988,386.085417,385.53333333333336,552.0836666666469,1
1534,1533.9999999999882,386.3,385.73333333333335,566.6666666666629,1
1535,1534.9999999999877,386.472396,385.9,572.3960000000261,1
1536,1535.9999999999882,386.651563,386.06666666666666,584.8963333333472,1
1537,1536.9999999999877,386.845833,386.26666666666665,579.1663333333759,1
1538,1537.9999999999877,387.022917,386.5,522.9170000000067,1
1539,1538.9999999999875,387.20625,386.6666666666667,539.5833333333258,1
1540,1539.9999999999875,387.426042,386.8,626.041999999984,1
1541,1540.9999999999875,387.626041,387.06666666666666,559.3743333333236,1
1542,1541.9999999999875,387.830729,387.3333333333333,497.395666666705,1
1543,1542.999999999987,388.060417,387.3666666666667,693.7503333332984,1
1544,1543.999999999987,388.258333,387.56666666666666,691.6663333333304,1
1545,1544.9999999999868,388.66927,387.8,869.2699999999718,1
1546,1545.9999999999868,388.914583,388.0,914.5829999999933,1
1547,1546.9999999999866,389.159896,388.23333333333335,926.5626666666549,1
1548,1547.9999999999868,389.446875,388.5,946.8749999999773,1
1549,1548.9999999999868,389.620833,388.76666666666665,854.1663333333531,1
1550,1549.9999999999868,389.808333,388.93333333333334,874.9996666666675,1
1551,1550.9999999999864,390.007292,389.3333333333333,673.9586666666924,1
1552,1551.9999999999864,390.145833,389.6333333333333,512.4996666666561,1
1553,1552.9999999999861,390.310417,389.8333333333333,477.08366666665825,1
1554,1553.9999999999861,390.486458,390.1,386.45800000000463,1
1555,1554.9999999999861,390.671701,390.6,71.70099999996182,1
1556,1555.9999999999861,390.856944,390.8333333333333,23.61066666668421,1
1557,1556.9999999999861,391.042188,391.2,157.81199999997853,1
1558,1557.999999999986,391.259375,390.8666666666667,392.708333333303,1
1559,1558.999999999986,391.416667,390.8333333333333,583.3336666667037,1
1560,1559.9999999999857,391.5875,391.03333333333336,554.1666666666174,1
1561,1560.9999999999857,391.756771,391.1,656.770999999992,1
1562,1561.9999999999857,391.943229,391.46666666666664,476.56233333333375,1
1563,1562.9999999999857,392.136458,391.6666666666667,469.791333333319,1
1564,1563.9999999999854,392.264583,391.7,564.5830000000274,1
1565,1564.9999999999854,392.426042,391.7,726.0420000000067,1
1566,1565.9999999999854,392.611458,391.7,911.4580000000387,1
1567,1566.9999999999852,392.778645,391.7,1078.6449999999945,1
1568,1567.9999999999854,392.925,391.7,1225.0000000000227,1
1569,1568.9999999999852,393.090625,391.7,1390.625,1
1570,1569.9999999999852,393.474479,391.7,1774.4789999999853,1
1571,1570.9999999999852,393.629166,391.7,1929.1660000000093,1
1572,1571.9999999999852,393.802083,391.7,2102.0829999999933,1
1573,1572.9999999999852,393.969792,393.4,569.7920000000067,1
1574,1573.9999999999852,394.161458,393.6333333333333,528.1246666666561,1
1575,1574.999999999985,394.351042,393.8666666666667,484.3753333333325,1
1576,1575.999999999985,394.519792,394.03333333333336,486.4586666666355,1
1577,1576.9999999999848,394.673958,394.23333333333335,440.6246666666789,1
1578,1577.9999999999848,394.851042,394.3666666666667,484.3753333333325,1
1579,1578.9999999999848,395.040972,394.6333333333333,407.6386666666849,1
1580,1579.9999999999845,395.230903,394.76666666666665,464.23633333336056,1
1581,1580.9999999999848,395.420833,395.0,420.833000000016,1
1582,1581.9999999999843,395.616667,395.2,416.6670000000181,1
1583,1582.9999999999843,395.760417,395.4,360.41700000004084,1
1584,1583.999999999984,395.944792,395.53333333333336,411.4586666666469,1
1585,1584.9999999999843,396.113541,395.6666666666667,446.8743333333123,1
1586,1585.999999999984,396.259896,395.8,459.89600000001474,1
1587,1586.999999999984,396.441666,396.06666666666666,374.999333333335,1
1588,1587.9999999999839,396.622917,396.26666666666665,356.2503333333211,1
1589,1588.9999999999839,396.773958,396.3,473.9579999999819,1
1590,1589.9999999999834,396.922917,396.46666666666664,456.25033333334386,1
1591,1590.9999999999834,397.091146,396.6333333333333,457.8126666666549,1
1592,1591.9999999999834,397.241146,396.8333333333333,407.81266666670035,1
1593,1592.9999999999834,397.420833,397.03333333333336,387.49966666665614,1
1594,1593.9999999999832,397.608333,397.1333333333333,474.99966666669025,1
1595,1594.9999999999832,397.754167,397.4,354.1670000000181,1
1596,1595.9999999999832,397.932292,397.53333333333336,398.95866666665825,1
1597,1596.999999999983,398.086458,397.6,486.4579999999705,1
1598,1597.999999999983,398.241667,398.03333333333336,208.33366666664688,1
1599,1598.999999999983,398.420313,398.23333333333335,186.97966666667298,1
1600,1599.999999999983,398.721875,398.43333333333334,288.54166666667425,1
1601,1600.9999999999827,398.880208,398.6333333333333,246.87466666665614,1
1602,1601.9999999999827,398.9875,398.8666666666667,120.83333333333712,1
1603,1602.9999999999825,399.138021,398.93333333333334,204.6876666666435,1
1604,1603.9999999999825,399.280209,398.8666666666667,413.54233333333923,1
1605,1604.9999999999823,399.438542,399.1,338.54199999996126,1
1606,1605.9999999999825,399.635417,399.23333333333335,402.0836666666696,1
1607,1606.999999999982,399.814583,399.3333333333333,481.249666666713,1
1608,1607.999999999982,400.015104,399.56666666666666,448.4373333333451,1
1609,1608.999999999982,400.172917,399.7,472.91699999999537,1
1610,1609.9999999999818,400.325,399.93333333333334,391.6666666666515,1
1611,1610.9999999999818,400.505208,400.03333333333336,471.87466666662203,1
1612,1611.9999999999816,400.698958,400.2,498.958000000016,1
1613,1612.9999999999816,400.872917,400.3666666666667,506.2503333332984,1
1614,1613.9999999999814,401.0875,400.3666666666667,720.833333333303,1
1615,1614.9999999999814,401.298958,400.3666666666667,932.2913333333531,1
1616,1615.9999999999811,401.515625,400.93333333333334,582.2916666666629,1
1617,1616.9999999999811,401.830208,401.06666666666666,763.5413333333645,1
1618,1617.999999999981,402.219792,401.26666666666665,953.1253333333325,1
1619,1618.999999999981,402.4625,401.53333333333336,929.1666666666174,1
1620,1619.999999999981,402.605729,401.7,905.729000000008,1
1621,1620.9999999999807,402.779167,401.93333333333334,845.8336666666355,1
1622,1621.999999999981,402.9375,402.23333333333335,704.1666666666515,1
1623,1622.9999999999807,403.117708,402.46666666666664,651.0413333333531,1
1624,1623.9999999999807,403.285938,402.76666666666665,519.2713333333359,1
1625,1624.9999999999804,403.476042,402.96666666666664,509.3753333333666,1
1626,1625.9999999999807,403.688021,403.1,588.0209999999693,1
1627,1626.9999999999802,403.938542,403.3333333333333,605.2086666666696,1
1628,1627.9999999999804,404.225,403.56666666666666,658.3333333333599,1
1629,1628.9999999999802,404.829687,403.76666666666665,1063.020333333327,1
1630,1629.9999999999802,405.365625,404.0,1365.6250000000227,1
1631,1630.9999999999798,405.616667,404.1333333333333,1483.333666666681,1
1632,1631.9999999999802,406.016667,404.4,1616.6670000000067,1
1633,1632.9999999999798,406.316146,404.6333333333333,1682.8126666666776,1
1634,1633.9999999999798,406.548958,405.2,1348.9580000000387,1
1635,1634.9999999999798,406.85,405.8,1050.0000000000114,1
1636,1635.9999999999795,407.116667,406.1,1016.666999999984,1
1637,1636.9999999999795,407.303125,406.43333333333334,869.7916666666856,1
1638,1637.9999999999795,407.528125,406.73333333333335,794.7916666666401,1
1639,1638.9999999999795,407.744271,407.03333333333336,710.9376666666662,1
1640,1639.9999999999793,407.941146,407.23333333333335,707.8126666666549,1
1641,1640.9999999999793,408.209375,407.46666666666664,742.7083333333826,1
1642,1641.999999999979,408.485417,407.7,785.4169999999954,1
1643,1642.999999999979,408.653125,407.9,753.1250000000114,1
1644,1643.999999999979,408.85625,408.1,756.2499999999659,1
1645,1644.999999999979,409.068229,408.4,668.2289999999966,1
1646,1645.9999999999789,409.269791,408.6333333333333,636.4576666666721,1
1647,1646.9999999999789,409.528645,408.8666666666667,661.9783333333089,1
1648,1647.9999999999789,409.835417,409.03333333333336,802.0836666666469,1
1649,1648.9999999999786,409.998958,409.23333333333335,765.6246666666675,1
1650,1649.9999999999789,410.241667,409.46666666666664,775.0003333333666,1
1651,1650.9999999999786,410.50625,409.7,806.2500000000341,1
1652,1651.9999999999786,410.70625,409.93333333333334,772.9166666666742,1
1653,1652.9999999999784,411.00625,410.1666666666667,839.5833333333371,1
1654,1653.9999999999784,411.285417,410.43333333333334,852.0836666666582,1
1655,1654.999999999978,411.471875,410.6666666666667,805.2083333333258,1
1656,1655.9999999999784,411.755729,410.9,855.7289999999966,1
1657,1656.999999999978,412.044792,411.1333333333333,911.4586666666469,1
1658,1657.999999999978,412.289063,411.4,889.0630000000215,1
1659,1658.9999999999777,412.525521,411.6666666666667,858.8543333333405,1
1660,1659.9999999999777,412.841667,411.9,941.6669999999954,1
1661,1660.9999999999777,413.024479,412.2,824.4789999999966,1
1662,1661.9999999999777,413.331771,412.43333333333334,898.4376666666662,1
1663,1662.9999999999777,413.574479,412.7,874.479000000008,1
1664,1663.9999999999775,413.834896,413.0,834.8960000000147,1
1665,1664.9999999999775,414.06198,413.23333333333335,828.646666666657,1
1666,1665.9999999999773,414.388021,413.43333333333334,954.6876666666435,1
1667,1666.9999999999773,414.570313,413.73333333333335,836.9796666666502,1
1668,1667.9999999999773,414.861979,413.96666666666664,895.3123333333792,1
1669,1668.9999999999773,415.158333,414.23333333333335,924.9996666666789,1
1670,1669.999999999977,415.409375,414.53333333333336,876.0416666666515,1
1671,1670.999999999977,415.6375,414.76666666666665,870.8333333333371,1
1672,1671.9999999999768,415.958854,414.96666666666664,992.1873333333338,1
1673,1672.9999999999768,416.148958,415.3,848.9579999999819,1
1674,1673.999999999977,416.439583,415.56666666666666,872.9163333333645,1
1675,1674.9999999999768,416.709896,415.8666666666667,843.2293333333405,1
1676,1675.9999999999768,416.983854,416.1,883.8539999999853,1
1677,1676.9999999999766,417.228646,416.3333333333333,895.3126666667117,1
1678,1677.9999999999766,417.575,416.6,974.9999999999659,1
1679,1678.999999999976,417.778645,416.8666666666667,911.9783333333089,1
1680,1679.9999999999766,418.021354,417.1333333333333,888.0206666666481,1
1681,1680.999999999976,418.301042,417.3666666666667,934.3753333333211,1
1682,1681.999999999976,418.551042,417.73333333333335,817.7086666666469,1
1683,1682.9999999999757,418.784896,417.96666666666664,818.2293333333632,1
1684,1683.9999999999757,419.150521,418.2,950.5210000000375,1
1685,1684.9999999999754,419.363541,418.46666666666664,896.8743333333578,1
1686,1685.9999999999757,419.625,418.73333333333335,891.6666666666515,1
1687,1686.9999999999757,419.904688,418.96666666666664,938.0213333333813,1
1688,1687.9999999999754,420.135417,419.23333333333335,902.0836666666696,1
1689,1688.9999999999752,420.386979,419.56666666666666,820.3123333333338,1
1690,1689.9999999999752,420.739063,419.8,939.062999999976,1
1691,1690.9999999999752,420.921355,420.1,821.3549999999827,1
1692,1691.9999999999752,421.170834,420.3333333333333,837.5006666666991,1
1693,1692.9999999999752,421.444792,420.53333333333336,911.4586666666469,1
1694,1693.999999999975,421.694792,420.8666666666667,828.1253333333325,1
1695,1694.999999999975,421.920313,421.1,820.3129999999987,1
1696,1695.9999999999748,422.277604,421.4,877.6040000000194,1
1697,1696.9999999999748,422.484375,421.6333333333333,851.0416666666742,1
1698,1697.9999999999748,422.75625,421.9,856.2500000000455,1
1699,1698.9999999999748,423.025521,422.1333333333333,892.1876666667004,1
1700,1699.9999999999748,423.269791,422.4,869.7910000000206,1
1701,1700.9999999999745,423.531771,422.7,831.7710000000034,1
1702,1701.9999999999745,423.865625,422.93333333333334,932.2916666666856,1
1703,1702.9999999999743,424.102083,423.23333333333335,868.7496666666448,1
1704,1703.9999999999745,424.332291,423.43333333333334,898.9576666666608,1
1705,1704.9999999999743,424.602604,423.7,902.6039999999966,1
1706,1705.9999999999743,424.854167,424.0,854.1670000000181,1
1707,1706.9999999999739,425.172916,424.3,872.9159999999752,1
1708,1707.9999999999739,425.516667,424.5,1016.666999999984,1
1709,1708.9999999999736,425.753125,424.76666666666665,986.4583333333599,1
1710,1709.9999999999739,426.0,425.03333333333336,966.6666666666401,1
1711,1710.9999999999736,426.292709,425.26666666666665,1026.0423333333506,1
1712,1711.9999999999736,426.536979,425.6666666666667,870.3123333332883,1
1713,1712.9999999999736,426.816146,425.93333333333334,882.8126666666662,1
1714,1713.9999999999734,427.23125,426.1666666666667,1064.583333333303,1
1715,1714.9999999999748,427.477083,426.46666666666664,1010.4163333333531,1
1716,1715.9999999999748,427.76875,426.7,1068.7500000000227,1
1717,1716.9999999999748,428.070313,426.96666666666664,1103.6463333333586,1
1718,1717.999999999975,428.361458,427.3666666666667,994.7913333333531,1
1719,1718.999999999975,428.708854,427.6333333333333,1075.5206666666481,1
1720,1719.999999999975,429.211458,427.9,1311.458000000016,1
1721,1720.999999999975,429.463021,428.2,1263.0210000000375,1
1722,1721.999999999975,429.790104,428.43333333333334,1356.7706666666481,1
1723,1722.999999999975,430.081771,428.8333333333333,1248.437666666689,1
1724,1723.999999999975,430.379688,429.3,1079.687999999976,1
1725,1724.999999999975,430.755208,429.6666666666667,1088.5413333332963,1
1726,1725.9999999999752,431.056548,429.9,1156.5480000000434,1
1727,1726.9999999999752,431.357887,430.1666666666667,1191.2203333333196,1
1728,1727.9999999999752,431.659226,430.5,1159.2259999999897,1
1729,1728.9999999999752,431.960566,430.8666666666667,1093.8993333332974,1
1730,1729.9999999999752,432.261905,431.1,1161.9049999999902,1
1731,1730.999999999975,432.56324400000005,431.3333333333333,1229.9106666667399,1
1732,1731.999999999975,432.864583,432.1,764.5829999999592,1
1733,1732.9999999999804,433.230729,432.46666666666664,764.0623333333565,1
1734,1733.9999999999802,433.586458,432.73333333333335,853.1246666666448,1
1735,1734.9999999999802,433.871875,432.8,1071.8749999999773,1
1736,1735.9999999999798,434.165625,433.1,1065.6249999999545,1
1737,1736.9999999999798,434.55625,433.3333333333333,1222.9166666666629,1
1738,1737.9999999999802,435.060677,433.6666666666667,1394.0103333333127,1
1739,1738.9999999999802,435.565104,434.0,1565.1040000000194,1
1740,1739.9999999999802,436.069531,434.26666666666665,1802.864333333332,1
1741,1740.9999999999798,436.573959,434.6333333333333,1940.6256666666764,1
1742,1741.9999999999918,437.153125,434.8666666666667,2286.4583333333144,1
1743,1742.9999999999918,437.984375,435.26666666666665,2717.7083333333485,1
1744,1743.9999999999918,438.482357,436.2,2282.3569999999904,1
1745,1744.9999999999916,438.980338,436.4,2580.33800000004,1
1746,1745.9999999999916,439.47832,436.6,2878.319999999974,1
1747,1746.9999999999916,439.976302,436.8,3176.301999999964,1
1748,1747.9999999999916,440.474284,438.3,2174.284,1
1749,1748.9999999999918,440.972266,438.56666666666666,2405.5993333333276,1
1750,1749.999999999972,441.470247,438.8,2670.2469999999607,1
1751,1750.9999999999718,441.968229,439.03333333333336,2934.895666666648,1
1752,1751.9999999999714,442.125,439.26666666666665,2858.3333333333485,1
1753,1752.9999999999714,442.323438,439.43333333333334,2890.104666666673,1
1754,1753.9999999999714,442.521875,439.3666666666667,3155.2083333333485,1
1755,1754.9999999999704,442.722916,436.43333333333334,6289.582666666661,1
1756,1755.9999999999707,442.957986,439.8666666666667,3091.319333333331,1
1757,1756.9999999999707,443.193055,440.1333333333333,3059.7216666666895,1
1758,1757.9999999999704,443.428125,437.3,6128.125000000011,1
1759,1758.9999999999704,443.663194,441.26666666666665,2396.5273333333243,1
1760,1759.9999999999704,443.898264,441.46666666666664,2431.597333333343,1
1761,1760.99999999997,444.133333,438.56666666666666,5566.666333333331,1
1762,1761.9999999999704,444.350694,438.6333333333333,5717.36066666665,1
1763,1762.9999999999702,444.568055,438.6,5968.054999999993,1
1764,1763.9999999999702,444.785416,438.76666666666665,6018.749333333346,1
1765,1764.9999999999702,444.991493,444.26666666666665,724.8263333333398,1
1766,1765.9999999999704,445.197569,444.5,697.5689999999872,1
1767,1766.9999999999702,445.403646,444.8,603.6459999999693,1
1768,1767.9999999999702,445.609722,445.06666666666666,543.0553333333137,1
1769,1768.9999999999702,445.815799,445.3,515.7990000000154,1
1770,1769.99999999997,446.021875,445.53333333333336,488.5416666666629,1
1771,1770.9999999999702,446.177083,445.93333333333334,243.74966666664477,1
1772,1771.9999999999698,446.332292,445.96666666666664,365.62533333335523,1
1773,1772.9999999999698,446.604167,445.96666666666664,637.500333333378,1
1774,1773.9999999999698,446.85286500000007,446.2,652.8650000000766,1
1775,1774.9999999999698,447.101563,446.56666666666666,534.8963333333359,1
1776,1775.9999999999684,447.276042,446.5,776.0420000000181,1
1777,1776.9999999999688,447.465625,446.76666666666665,698.9583333333371,1
1778,1777.9999999999686,447.655208,447.1333333333333,521.8746666666902,1
1779,1778.999999999968,447.876041,447.23333333333335,642.707666666638,1
1780,1779.9999999999677,448.10243,447.4,702.4300000000494,1
1781,1780.999999999968,448.32881900000007,447.6666666666667,662.1523333333812,1
1782,1781.999999999968,448.555208,447.8,755.2079999999819,1
1783,1782.999999999968,448.781597,448.03333333333336,748.2636666666167,1
1784,1783.9999999999677,449.007986,448.26666666666665,741.3193333333652,1
1785,1784.9999999999675,449.234375,448.5,734.375,1
1786,1785.9999999999677,449.457639,448.73333333333335,724.3056666666234,1
1787,1786.9999999999677,449.680903,449.0,680.9030000000007,1
1788,1787.9999999999675,449.904167,449.1666666666667,737.500333333287,1
1789,1788.9999999999675,450.094097,449.4,694.0969999999993,1
1790,1789.9999999999675,450.284028,449.5,784.027999999978,1
1791,1790.9999999999677,450.473958,449.53333333333336,940.624666666622,1
1792,1791.9999999999675,450.663889,450.1333333333333,530.5556666666575,1
1793,1792.9999999999675,450.85382,450.23333333333335,620.4866666666362,1
1794,1793.9999999999673,451.04375,450.46666666666664,577.0833333333485,1
1795,1794.9999999999673,451.201042,450.7,501.041999999984,1
1796,1795.9999999999668,451.358334,450.8,558.3340000000021,1
1797,1796.9999999999668,451.599479,451.0,599.4789999999739,1
1798,1797.999999999967,451.759722,451.2,559.722000000022,1
1799,1798.9999999999668,451.9199650000001,451.3666666666667,553.29833333343,1
1800,1799.9999999999668,452.080208,451.5,580.2080000000274,1
1801,1800.999999999967,452.23368,451.76666666666665,467.01333333334105,1
1802,1801.9999999999668,452.387153,451.96666666666664,420.48633333337193,1
1803,1802.9999999999668,452.540625,452.2,340.62499999998863,1
1804,1803.9999999999668,452.734549,452.26666666666665,467.88233333336393,1
1805,1804.9999999999666,452.928472,452.6666666666667,261.8053333333137,1
1806,1805.9999999999663,453.122396,452.8,322.39599999996926,1
1807,1806.9999999999668,453.392709,453.0,392.70900000002484,1
1808,1807.9999999999668,453.663021,452.96666666666664,696.3543333333746,1
1809,1808.9999999999666,453.933334,453.1666666666667,766.6673333333165,1
1810,1809.9999999999666,454.203646,453.3666666666667,836.9793333333178,1
1811,1810.9999999999668,454.473958,453.4,1073.9580000000046,1
1812,1811.9999999999668,454.744271,453.8666666666667,877.6043333333519,1
1813,1812.9999999999666,455.014584,454.1333333333333,881.2506666666877,1
1814,1813.9999999999666,455.268438,454.3333333333333,935.1046666666889,1
1815,1814.9999999999666,455.522292,454.56666666666666,955.6253333333302,1
1816,1815.9999999999668,455.776146,455.03333333333336,742.812666666623,1
1817,1816.9999999999666,456.03,455.23333333333335,796.6666666666242,1
1818,1817.9999999999666,456.283854,455.5,783.8540000000194,1
1819,1818.9999999999666,456.537708,455.73333333333335,804.3746666666607,1
1820,1819.9999999999666,456.791563,454.93333333333334,1858.2296666666593,1
1821,1820.9999999999668,457.045417,454.93333333333334,2112.083666666649,1
1822,1821.9999999999668,457.299271,454.93333333333334,2365.937666666639,1
1823,1822.9999999999668,457.553125,454.93333333333334,2619.7916666666856,1
1824,1823.999999999966,457.760417,454.93333333333334,2827.083666666681,1
1825,1824.999999999966,457.942187,454.93333333333334,3008.8536666666528,1
1826,1825.9999999999652,458.123959,454.93333333333334,3190.6256666666764,1
1827,1826.9999999999648,458.329687,455.3,3029.686999999967,1
1828,1827.9999999999645,458.563281,454.23333333333335,4329.947666666669,1
1829,1828.9999999999645,458.796875,454.96666666666664,3830.20833333336,1
1830,1829.9999999999648,459.030469,455.2,3830.4689999999937,1
1831,1830.9999999999648,459.264063,454.8666666666667,4397.396333333347,1
1832,1831.9999999999645,459.497656,454.9,4597.656000000029,1
1833,1832.9999999999645,459.73125,454.93333333333334,4797.9166666666515,1
1834,1833.9999999999643,459.9746530000001,454.93333333333334,5041.319666666766,1
1835,1834.9999999999645,460.21805599999993,454.9,5318.055999999956,1
1836,1835.999999999964,460.461458,454.96666666666664,5494.791333333353,1
1837,1836.9999999999643,460.652917,455.2,5452.917000000014,1
1838,1837.9999999999643,460.844375,455.43333333333334,5411.041666666677,1
1839,1838.9999999999643,461.035833,455.46666666666664,5569.166333333385,1
1840,1839.9999999999645,461.227292,460.73333333333335,493.9586666666287,1
1841,1840.9999999999638,461.41875,460.93333333333334,485.4166666666515,1
1842,1841.9999999999638,461.64375,461.2,443.75000000002274,1
1843,1842.9999999999638,461.797396,461.3666666666667,430.72933333331775,1
1844,1843.9999999999636,461.951042,461.56666666666666,384.37533333330975,1
1845,1844.9999999999636,462.235417,461.76666666666665,468.7503333333325,1
1846,1845.9999999999636,462.461458,461.8333333333333,628.1246666666789,1
1847,1846.9999999999636,462.6875,461.96666666666664,720.8333333333599,1
1848,1847.9999999999627,462.873959,462.1333333333333,740.6256666666877,1
1849,1848.9999999999627,463.04974,462.3666666666667,683.0733333333114,1
1850,1849.9999999999627,463.225521,462.7,525.5210000000261,1
1851,1850.9999999999616,463.439062,462.8333333333333,605.7286666666641,1
1852,1851.999999999962,463.654601,462.96666666666664,687.9343333333736,1
1853,1852.9999999999616,463.870139,463.2,670.139000000006,1
1854,1853.9999999999616,464.085677,463.3666666666667,719.0103333333013,1
1855,1854.999999999962,464.301216,463.6,701.2159999999881,1
1856,1855.999999999962,464.516754,463.8666666666667,650.0873333333175,1
1857,1856.9999999999616,464.732292,464.1,632.2919999999499,1
1858,1857.9999999999616,464.982986,464.3333333333333,649.6526666666682,1
1859,1858.9999999999613,465.23368099999993,464.53333333333336,700.3476666665733,1
1860,1859.9999999999616,465.484375,464.6333333333333,851.0416666666742,1
1861,1860.9999999999616,465.672396,464.93333333333334,739.0626666666549,1
1862,1861.9999999999613,465.860417,465.1666666666667,693.7503333332984,1
1863,1862.9999999999613,466.048437,465.43333333333334,615.1036666666414,1
1864,1863.9999999999613,466.236458,465.6666666666667,569.7913333333418,1
1865,1864.9999999999613,466.424479,465.9,524.4790000000421,1
1866,1865.999999999961,466.6125,466.1333333333333,479.1666666666856,1
1867,1866.9999999999613,466.754427,466.4,354.4270000000438,1
1868,1867.999999999961,466.896354,466.53333333333336,363.02066666661403,1
1869,1868.9999999999607,467.147917,466.6333333333333,514.583666666681,1
1870,1869.999999999961,467.315625,466.76666666666665,548.9583333333599,1
1871,1870.999999999961,467.483334,466.8,683.3340000000021,1
1872,1871.9999999999607,467.651042,467.1,551.0419999999954,1
1873,1872.9999999999607,467.805209,467.3,505.20899999997937,1
1874,1873.9999999999607,467.959375,467.53333333333336,426.0416666666629,1
1875,1874.9999999999607,468.113542,467.6333333333333,480.2086666666696,1
1876,1875.9999999999607,468.31788200000005,468.0,317.8820000000542,1
1877,1876.9999999999607,468.522222,468.26666666666665,255.5553333333478,1
1878,1877.9999999999604,468.726563,468.46666666666664,259.8963333333586,1
1879,1878.9999999999604,469.082755,468.6333333333333,449.42166666669436,1
1880,1879.9999999999607,469.438947,468.56666666666666,872.2803333333218,1
1881,1880.9999999999607,469.795139,468.7,1095.1390000000174,1
1882,1881.9999999999607,470.151331,468.93333333333334,1217.9976666666903,1
1883,1882.9999999999604,470.50752300000005,469.2,1307.5230000000602,1
1884,1883.9999999999604,470.863716,469.43333333333334,1430.3826666666737,1
1885,1884.9999999999607,471.219908,469.6666666666667,1553.2413333332897,1
1886,1885.9999999999607,471.5761,469.8666666666667,1709.4333333333225,1
1887,1886.9999999999604,471.932292,470.0,1932.292000000018,1
1888,1887.9979166666267,472.038802,470.53333333333336,1505.4686666666157,1
1889,1888.9979166666265,472.145313,470.56666666666666,1578.6463333333245,1
1890,1889.9999999999598,472.25182300000006,470.73333333333335,1518.48966666671,1
1891,1890.997916666626,472.358333,471.0,1358.333000000016,1
1892,1891.9979166666258,472.464844,471.23333333333335,1231.5106666666793,1
1893,1892.9999999999588,472.571354,471.5,1071.3539999999853,1
1894,1893.9999999999588,472.809375,471.7,1109.375,1
1895,1894.999999999959,473.047395,471.93333333333334,1114.0616666666574,1
1896,1895.9999999999588,473.210417,472.1333333333333,1077.083666666681,1
1897,1896.9999999999588,473.361458,472.8,561.458000000016,1
1898,1897.9999999999586,473.490625,473.03333333333336,457.2916666666629,1
1899,1898.9999999999584,473.680208,473.2,480.20800000000463,1
1900,1899.9999999999584,473.853125,473.43333333333334,419.79166666664014,1
1901,1900.9999999999575,474.00625,473.6333333333333,372.916666666697,1
1902,1901.9999999999575,474.179167,473.8,379.16699999999537,1
1903,1902.9999999999575,474.37430599999993,474.03333333333336,340.97266666657333,1
1904,1903.9999999999575,474.569444,474.3333333333333,236.11066666666147,1
1905,1904.9999999999575,474.764583,474.56666666666666,197.91633333335312,1
1906,1905.999999999957,474.99375,474.76666666666665,227.08333333332575,1
1907,1906.999999999957,475.148958,474.6333333333333,515.6246666666675,1
1908,1907.9999999999568,475.294792,474.76666666666665,528.1253333333211,1
1909,1908.9999999999568,475.45625,474.93333333333334,522.9166666666742,1
1910,1909.9999999999568,475.628646,475.2,428.64600000001474,1
1911,1910.9999999999566,475.830208,475.43333333333334,396.87466666669025,1
1912,1911.9999999999566,476.001042,475.6333333333333,367.70866666665825,1
1913,1912.9999999999563,476.148958,476.8666666666667,717.708666666681,1
1914,1913.999999999956,476.34427,477.1333333333333,789.0633333333312,1
1915,1914.9999999999561,476.54375,476.0,543.7499999999886,1
1916,1915.999999999956,476.744792,476.1666666666667,578.1253333333325,1
1917,1916.999999999956,477.03125,476.3,731.2499999999886,1
1918,1917.999999999956,477.266667,476.53333333333336,733.3336666666241,1
1919,1918.999999999956,477.502083,476.76666666666665,735.4163333333759,1
1920,1919.9999999999561,477.691146,476.93333333333334,757.8126666666662,1
1921,1920.9999999999557,477.858333,477.23333333333335,624.9996666666675,1
1922,1921.9999999999557,478.004167,477.4,604.1670000000181,1
1923,1922.9999999999554,478.194792,477.6333333333333,561.458666666681,1
1924,1923.9999999999552,478.367708,477.8666666666667,501.041333333319,1
1925,1924.9999999999552,478.542708,478.1,442.7079999999819,1
1926,1925.9999999999543,478.705208,478.3666666666667,338.5413333333531,1
1927,1926.9999999999548,478.913715,478.6333333333333,280.38166666669895,1
1928,1927.9999999999548,479.122222,478.8666666666667,255.5553333333478,1
1929,1928.9999999999543,479.33073,479.03333333333336,297.396666666657,1
1930,1929.9999999999543,479.596875,479.03333333333336,563.5416666666515,1
1931,1930.9999999999538,479.757292,479.03333333333336,723.9586666666469,1
1932,1931.9999999999538,479.917188,479.03333333333336,883.8546666666502,1
1933,1932.9999999999538,480.103125,479.56666666666666,536.4583333333144,1
1934,1933.9999999999536,480.283333,479.8,483.333000000016,1
1935,1934.9999999999538,480.472917,480.0,472.91699999999537,1
1936,1935.9999999999534,480.663542,480.1333333333333,530.208666666681,1
1937,1936.9999999999534,480.830208,480.26666666666665,563.5413333333759,1
1938,1937.9999999999532,481.027084,480.5,527.0840000000021,1
1939,1938.9999999999532,481.245833,480.6333333333333,612.4996666666789,1
1940,1939.9999999999534,481.497917,480.8333333333333,664.5836666666582,1
1941,1940.9999999999532,481.984375,481.1,884.3749999999773,1
1942,1941.999999999952,482.439583,481.23333333333335,1206.2496666666789,1
1943,1942.9999999999516,482.620833,481.43333333333334,1187.4996666666675,1
1944,1943.9999999999516,482.783333,481.7,1083.3330000000387,1
1945,1944.9999999999516,483.033333,481.9,1133.33300000005,1
1946,1945.9999999999516,483.272917,482.1,1172.916999999984,1
1947,1946.9999999999513,483.563542,482.4,1163.5420000000067,1
1948,1947.9999999999511,483.7625,482.6666666666667,1095.833333333303,1
1949,1948.9999999999513,483.990625,482.8666666666667,1123.9583333333485,1
1950,1949.9999999999516,484.171875,483.1333333333333,1038.5416666666742,1
1951,1950.9999999999511,484.44375,483.7,743.7500000000341,1
1952,1951.9999999999513,484.589323,483.96666666666664,622.6563333333388,1
1953,1952.9999999999518,484.734896,484.2,534.8960000000034,1
1954,1953.9999999999513,484.95,484.4,550.0000000000114,1
1955,1954.9999999999518,485.134375,484.6666666666667,467.70833333329165,1
1956,1955.9999999999511,485.3875,484.76666666666665,620.8333333333371,1
1957,1956.9999999999511,485.675,485.0,675.0000000000114,1
1958,1957.9999999999513,485.854167,485.2,654.1670000000295,1
1959,1958.9999999999507,486.132292,485.3333333333333,798.9586666666924,1
1960,1959.9999999999507,486.313542,485.56666666666666,746.8753333333211,1
1961,1960.9999999999513,486.491667,485.8,691.6669999999954,1
1962,1961.9999999999507,486.741146,486.06666666666666,674.4793333333519,1
1963,1962.9999999999513,486.9625,486.3333333333333,629.1666666666629,1
1964,1963.9999999999502,487.199479,486.53333333333336,666.1456666666368,1
1965,1964.9999999999502,487.441146,486.76666666666665,674.4793333333519,1
1966,1965.9999999999507,487.643253,486.96666666666664,676.5863333333755,1
1967,1966.99999999995,487.914583,487.2,714.5830000000046,1
1968,1967.9999999999502,488.25,487.4,850.0000000000227,1
1969,1968.9999999999507,488.513542,487.7,813.541999999984,1
1970,1969.9999999999498,488.806686,488.03333333333336,773.3526666666535,1
1971,1970.9999999999498,489.052083,488.3,752.0829999999705,1
1972,1971.999999999949,489.25,488.4,850.0000000000227,1
1973,1972.9999999999495,489.415625,488.73333333333335,682.2916666666288,1
1974,1973.9999999999495,489.647917,488.96666666666664,681.2503333333666,1
1975,1974.9999999999493,489.867708,489.1666666666667,701.0413333333076,1
1976,1975.9999999999495,490.019531,489.4,619.530999999995,1
1977,1976.9999999999498,490.171354,489.6,571.3539999999853,1
1978,1977.9999999999493,490.398958,489.8666666666667,532.291333333319,1
1979,1978.9999999999495,490.575521,490.03333333333336,542.1876666666208,1
1980,1979.9999999999486,490.802083,490.26666666666665,535.4163333333304,1
1981,1980.9999999999488,491.097916,490.3666666666667,731.2493333333236,1
1982,1981.9999999999495,491.307292,490.53333333333336,773.9586666666582,1
1983,1982.9999999999486,491.638542,490.76666666666665,871.8753333333211,1
1984,1983.9999999999488,491.876042,491.03333333333336,842.7086666666241,1
1985,1984.999999999949,492.048958,491.23333333333335,815.6246666666789,1
1986,1985.9999999999486,492.273958,491.5,773.9579999999933,1
1987,1986.9999999999488,492.475,491.8333333333333,641.6666666667084,1
1988,1987.9999999999493,492.775,492.0,774.9999999999773,1
1989,1988.9999999999486,493.100521,492.26666666666665,833.8543333333632,1
1990,1989.999999999949,493.408333,492.5,908.3330000000274,1
1991,1990.9999999999486,493.65,492.7,949.9999999999886,1
1992,1991.9999999999486,493.827083,492.96666666666664,860.4163333333759,1
1993,1992.9999999999486,494.033333,493.23333333333335,799.9996666666789,1
1994,1993.9999999999484,494.263542,493.6,663.5419999999499,1
1995,1994.9999999999484,494.484375,493.8333333333333,651.0416666666856,1
1996,1995.9999999999488,494.701042,494.06666666666666,634.3753333333098,1
1997,1996.9999999999484,494.90625,494.3,606.2499999999886,1
1998,1997.9999999999486,495.067187,494.53333333333336,533.85366666663,1
1999,1998.9999999999482,495.273958,494.76666666666665,507.29133333334175,1
2000,1999.9999999999484,495.419792,494.9,519.7919999999954,1
2001,2000.9999999999484,495.636979,495.1333333333333,503.6456666666709,1
2002,2001.9999999999482,495.841667,495.3666666666667,475.0003333332984,1
2003,2002.9999999999484,496.042708,495.6,442.7079999999819,1
2004,2003.9999999999486,496.241146,495.76666666666665,474.47933333336323,1
2005,2004.9999999999482,496.520312,495.8666666666667,653.6453333333156,1
2006,2005.9999999999484,496.784114,496.1,684.1139999999655,1
2007,2006.9999999999477,497.047916,496.23333333333335,814.582666666638,1
2008,2007.999999999948,497.385417,496.43333333333334,952.083666666681,1
2009,2008.9999999999486,497.5625,496.56666666666666,995.8333333333371,1
2010,2009.9999999999477,497.766667,496.96666666666664,800.0003333333439,1
2011,2010.999999999948,498.027083,497.26666666666665,760.4163333333531,1
2012,2011.9999999999484,498.282812,497.53333333333336,749.4786666666187,1
2013,2012.9999999999477,498.558334,497.76666666666665,791.6673333333506,1
2014,2013.9999999999482,498.841667,498.0,841.6669999999726,1
2015,2014.9999999999475,499.003125,498.2,803.1250000000227,1
2016,2015.9999999999477,499.239062,498.5,739.0619999999899,1
2017,2016.9999999999482,499.521875,498.76666666666665,755.2083333333712,1
2018,2017.9999999999475,499.757292,499.0,757.2920000000067,1
2019,2018.9999999999475,499.988021,499.23333333333335,754.6876666666549,1
2020,2019.9999999999477,500.294792,499.46666666666664,828.1253333333325,1
2021,2020.9999999999475,500.456771,499.7,756.7710000000147,1
2022,2021.9999999999475,500.61875,499.93333333333334,685.4166666666401,1
2023,2022.9999999999477,500.853125,500.1666666666667,686.4583333332916,1
2024,2023.999999999947,501.033333,500.43333333333334,599.9996666666902,1
2025,2024.9999999999475,501.236458,500.6666666666667,569.7913333333418,1
2026,2025.9999999999468,501.478646,501.0,478.6460000000261,1
2027,2026.9999999999468,501.647917,501.1666666666667,481.2503333333211,1
2028,2027.9999999999475,501.915104,501.26666666666665,648.4373333333338,1
2029,2028.999999999946,502.114063,501.6,514.0629999999646,1
2030,2029.9999999999463,502.363281,501.8333333333333,529.9476666666578,1
2031,2030.9999999999457,502.6125,501.93333333333334,679.1666666666742,1
2032,2031.999999999946,502.91875,502.1,818.7499999999659,1
2033,2032.9999999999463,503.06875,502.3666666666667,702.0833333333485,1
2034,2033.9999999999459,503.3125,502.56666666666666,745.8333333333371,1
2035,2034.999999999946,503.563542,502.8,763.5419999999726,1
2036,2035.9999999999466,503.827083,503.06666666666666,760.4163333333531,1
2037,2036.9999999999459,504.229167,503.3333333333333,895.8336666667037,1
2038,2037.999999999946,504.552083,503.53333333333336,1018.749666666622,1
2039,2038.999999999946,504.747917,503.8,947.9169999999613,1
2040,2039.9999999999459,504.95625,504.03333333333336,922.9166666666515,1
2041,2040.999999999946,505.194792,504.3333333333333,861.4586666666924,1
2042,2041.9999999999459,505.345833,504.7,645.8330000000387,1
2043,2042.9999999999457,505.628125,504.93333333333334,694.7916666666742,1
2044,2043.999999999946,505.844792,505.1666666666667,678.1253333332984,1
2045,2044.9999999999457,506.004167,505.4,604.1670000000181,1
2046,2045.9999999999457,506.2125,505.56666666666666,645.8333333333144,1
2047,2046.9999999999457,506.421875,505.8,621.8749999999886,1
2048,2047.9999999999457,506.577083,506.0,577.083000000016,1
2049,2048.999999999946,506.84375,506.4,443.75000000002274,1
2050,2049.9999999999454,507.030208,506.4,630.2080000000387,1
2051,2050.9999999999454,507.227604,506.6333333333333,594.2706666666595,1
2052,2051.999999999946,507.458333,506.6666666666667,791.6663333332963,1
2053,2052.999999999945,507.58125,507.1,481.24999999998863,1
2054,2053.999999999945,507.813541,507.3,513.5409999999752,1
2055,2054.999999999946,508.103646,507.46666666666664,636.979333333386,1
2056,2055.999999999945,508.295833,507.73333333333335,562.4996666666675,1
2057,2056.999999999946,508.459375,507.7,759.3750000000341,1
2058,2057.9999999999454,508.763542,508.0,763.5419999999726,1
2059,2058.999999999945,509.026042,508.26666666666665,759.3753333333666,1
2060,2059.9999999999454,509.224479,508.5,724.4789999999739,1
2061,2060.9999999999445,509.482813,508.7,782.8130000000328,1
2062,2061.999999999945,509.690625,508.93333333333334,757.2916666666742,1
2063,2062.9999999999454,509.842708,509.1666666666667,676.0413333333304,1
2064,2063.9999999999445,510.104167,509.43333333333334,670.833666666681,1
2065,2064.9999999999454,510.467188,509.6666666666667,800.5213333333359,1
2066,2065.9999999999445,510.638542,509.8666666666667,771.8753333332984,1
2067,2066.9999999999445,511.009375,510.06666666666666,942.7083333333144,1
2068,2067.9999999999445,511.241667,510.26666666666665,975.0003333333552,1
2069,2068.9999999999445,511.385417,510.6333333333333,752.0836666666924,1
2070,2069.9999999999445,511.573959,510.8666666666667,707.2923333333279,1
2071,2070.9999999999445,511.777084,511.1666666666667,610.4173333333165,1
2072,2071.999999999944,511.934896,511.4,534.8960000000034,1
2073,2072.999999999944,512.178125,511.6333333333333,544.791666666697,1
2074,2073.9999999999445,512.425,511.9,524.9999999999773,1
2075,2074.999999999944,512.563542,512.0,563.541999999984,1
2076,2075.999999999944,512.766666,512.3666666666667,399.9993333333123,1
2077,2076.999999999944,512.963542,512.4666666666667,496.8753333332643,1
2078,2077.999999999944,513.132292,512.6,532.291999999984,1
2079,2078.9999999999445,513.280208,512.8666666666667,413.54133333334175,1
2080,2079.999999999944,513.490625,513.0333333333333,457.2916666667197,1
2081,2080.999999999944,513.728122,513.1333333333333,594.7886666666591,1
2082,2081.9999999999445,513.951563,513.4333333333333,518.2296666666844,1
2083,2082.999999999944,514.154167,513.6333333333333,520.8336666667037,1
2084,2083.9999999999445,514.3322919999998,513.7333333333333,598.9586666664763,1
2085,2084.9999999999436,514.563542,514.0666666666667,496.8753333332643,1
2086,2085.9999999999436,514.797917,514.1333333333333,664.5836666666582,1
2087,2086.999999999944,514.973438,514.3333333333334,640.1046666666161,1
2088,2087.9999999999436,515.380208,514.5333333333333,846.8746666667357,1
2089,2088.9999999999436,515.596875,514.7666666666667,830.208333333303,1
2090,2089.999999999944,515.79375,514.9666666666667,827.0833333333485,1
2091,2090.9999999999436,516.101042,515.2,901.0419999999613,1
2092,2091.999999999944,516.303125,515.6,703.125,1
2093,2092.9999999999436,516.423958,515.8666666666667,557.2913333332963,1
2094,2093.9999999999436,516.703125,516.0,703.125,1
2095,2094.9999999999436,516.907292,516.2666666666667,640.6253333333325,1
2096,2095.999999999943,517.1,516.5333333333333,566.6666666667197,1
2097,2096.999999999943,517.310938,516.8333333333334,477.6046666665934,1
2098,2097.9999999999436,517.479167,516.8666666666667,612.500333333287,1
2099,2098.999999999943,517.697917,517.0666666666667,631.2503333332415,1
2100,2099.9999999999436,517.950521,517.2666666666667,683.8543333333291,1
2101,2100.999999999943,518.157292,517.4666666666667,690.625333333287,1
2102,2101.999999999943,518.332291,517.6666666666666,665.624333333426,1
2103,2102.999999999944,518.548437,517.8666666666667,681.7703333333611,1
2104,2103.999999999943,518.760417,518.1,660.4169999999385,1
2105,2104.999999999943,518.924479,518.3,624.4790000000648,1
2106,2105.9999999999436,519.157812,518.5333333333333,624.4786666667324,1
2107,2106.999999999943,519.372917,518.7333333333333,639.583666666681,1
2108,2107.9999999999436,519.550521,518.9666666666667,583.8543333333064,1
2109,2108.9999999999436,519.798437,519.1333333333333,665.1036666667096,1
2110,2109.999999999943,519.997917,519.3333333333334,664.5836666666582,1
2111,2110.999999999944,520.196354,519.5666666666667,629.6873333333224,1
2112,2111.999999999943,520.432292,519.7333333333333,698.9586666666128,1
2113,2112.999999999943,520.639583,520.0,639.583000000016,1
2114,2113.9999999999436,520.817708,520.2333333333333,584.3746666666902,1
2115,2114.999999999943,521.091666,520.4333333333333,658.3326666667517,1
2116,2115.999999999943,521.3166669999998,520.6,716.6669999998021,1
2117,2116.9999999999427,521.486979,520.8666666666667,620.3123333333451,1
2118,2117.999999999943,521.711979,521.0333333333333,678.6456666667391,1
2119,2118.9999999999436,521.913542,521.2666666666667,646.8753333333552,1
2120,2119.999999999943,522.115104,521.4666666666667,648.4373333332769,1
2121,2120.999999999943,522.460417,521.6666666666666,793.750333333378,1
2122,2121.999999999943,522.661979,521.9,761.9789999999966,1
2123,2122.9999999999427,522.8635419999998,522.1333333333333,730.2086666664991,1
2124,2123.999999999943,523.046354,522.3333333333334,713.0206666665799,1
2125,2124.999999999943,523.223958,522.6,623.958000000016,1
2126,2125.9999999999422,523.423958,522.8333333333334,590.6246666665993,1
2127,2126.9999999999422,523.579167,523.0666666666667,512.5003333332643,1
2128,2127.9999999999422,523.786458,523.3333333333334,453.1246666666675,1
2129,2128.999999999942,523.99375,523.5333333333333,460.41666666667425,1
2130,2129.9999999999427,524.166667,523.6666666666666,500.0003333333325,1
2131,2130.9999999999413,524.326042,523.9,426.0420000000522,1
2132,2131.999999999941,524.5197919999998,524.1,419.7919999998021,1
2133,2132.999999999941,524.686458,524.1333333333333,553.1246666666902,1
2134,2133.999999999941,524.863021,524.3666666666667,496.3543333333291,1
2135,2134.999999999941,525.039583,524.5333333333333,506.24966666669025,1
2136,2135.9999999999404,525.228125,524.7,528.1249999999318,1
2137,2136.99999999994,525.39375,524.9333333333333,460.41666666667425,1
2138,2137.99999999994,525.5875,525.1,487.4999999999545,1
2139,2138.999999999939,525.739583,525.3,439.5830000000842,1
2140,2139.99999999994,525.933854,525.5333333333333,400.5206666666936,1
2141,2140.9999999999395,526.128125,525.6666666666666,461.45833333332575,1
2142,2141.999999999939,526.330729,525.8,530.7290000000648,1
2143,2142.999999999939,526.502083,526.0666666666667,435.4163333332508,1
2144,2143.999999999939,526.694792,526.2333333333333,461.45866666665825,1
2145,2144.9999999999377,526.994792,526.3,694.7920000000067,1
2146,2145.9999999999377,527.35,526.5333333333333,816.6666666667197,1
2147,2146.9999999999372,527.548958,526.7666666666667,782.291333333319,1
2148,2147.999999999937,527.717708,527.0,717.708000000016,1
2149,2148.9999999999363,527.925,527.2666666666667,658.333333333303,1
2150,2149.999999999936,528.117708,527.4666666666667,651.0413333332963,1
2151,2150.999999999936,528.289583,527.7333333333333,556.2496666666448,1
2152,2151.999999999935,528.45,527.9666666666667,483.3333333333485,1
2153,2152.999999999935,528.625521,528.2,425.52100000000337,1
2154,2153.999999999935,528.818229,528.3333333333334,484.89566666660266,1
2155,2154.9999999999354,528.9971360000002,528.4333333333333,563.802666666902,1
2156,2155.999999999935,529.1760419999998,528.6333333333333,542.7086666664991,1
2157,2156.9999999999354,529.434375,528.7666666666667,667.708333333394,1
2158,2157.999999999934,529.675,528.9666666666667,708.3333333332575,1
2159,2158.999999999934,529.842708,529.2333333333333,609.3746666666675,1
2160,2159.999999999934,530.014583,529.3666666666667,647.9163333333418,1
2161,2160.999999999933,530.213542,529.6,613.5419999999385,1
2162,2161.999999999933,530.388542,529.8333333333334,555.2086666666582,1
2163,2162.9999999999322,530.564583,530.0333333333333,531.2496666666675,1
2164,2163.999999999932,530.723958,530.2666666666667,457.29133333338723,1
2165,2164.999999999932,530.889063,530.4333333333333,455.72966666668435,1
2166,2165.9999999999313,531.057292,530.6,457.2919999999385,1
2167,2166.9999999999327,531.239583,530.7,539.5829999999933,1
2168,2167.999999999931,531.421875,530.8666666666667,555.2083333333258,1
2169,2168.9999999999313,531.594792,531.0,594.791999999984,1
2170,2169.9999999999313,531.75,531.2333333333333,516.6666666666515,1
2171,2170.9999999999304,531.921875,531.4666666666667,455.208333333303,1
2172,2171.9999999999304,532.075,531.6333333333333,441.6666666667197,1
2173,2172.9999999999304,532.266667,531.7666666666667,500.0003333333325,1
2174,2173.99999999993,532.398958,531.9333333333333,465.624666666713,1
2175,2174.9999999999295,532.56875,532.1666666666666,402.08333333339397,1
2176,2175.9999999999295,532.760417,532.3,460.41700000000674,1
2177,2176.999999999929,532.922917,532.3333333333334,589.5836666666128,1
2178,2177.999999999929,533.065625,532.3333333333334,732.2916666665833,1
2179,2178.999999999929,533.264583,532.8,464.5830000000615,1
2180,2179.999999999928,533.405208,532.8666666666667,538.5413333333418,1
2181,2180.999999999928,533.563542,533.0666666666667,496.8753333332643,1
2182,2181.9999999999277,533.7614580000002,533.2666666666667,494.79133333352365,1
2183,2182.9999999999272,533.909375,533.4,509.37499999997726,1
2184,2183.9999999999272,534.065625,533.5333333333333,532.2916666666515,1
2185,2184.999999999927,534.267708,533.7,567.707999999925,1
2186,2185.999999999927,534.40625,533.9666666666667,439.583333333303,1
2187,2186.9999999999254,534.5625,534.0666666666667,495.8333333332803,1
2188,2187.999999999926,534.767708,534.2,567.707999999925,1
2189,2188.999999999926,534.91875,534.4666666666667,452.0833333333485,1
2190,2189.999999999925,535.111979,534.4666666666667,645.3123333333224,1
2191,2190.999999999925,535.342708,534.4666666666667,876.041333333319,1
2192,2191.999999999925,535.513542,534.9666666666667,546.8753333333325,1
2193,2192.9999999999245,535.772917,535.2,572.9169999999613,1
2194,2193.999999999925,535.963021,535.4,563.0210000000488,1
2195,2194.9999999999245,536.153125,535.5333333333333,619.7916666667425,1
2196,2195.9999999999145,536.217709,535.7333333333333,484.375666666665,1
2197,2196.999999999915,536.374479,535.9333333333333,441.1456666666709,1
2198,2197.9999999999145,536.53125,536.2333333333333,297.9166666666515,1
2199,2198.9999999999145,536.608855,536.4,208.85499999997137,1
2200,2199.9999999999145,536.765886,536.5,265.88600000002316,1
2201,2200.9999999999145,536.922917,536.5333333333333,389.583666666681,1
2202,2201.9999999999145,537.014583,536.5333333333333,481.249666666713,1
2203,2202.9999999999145,537.206944,537.1,106.9439999999986,1
2204,2203.9999999999145,537.3993059999998,537.3333333333334,65.97266666642554,1
2205,2204.9999999999145,537.591667,537.5666666666667,25.000333333309754,1
2206,2205.999999999915,537.784722,537.7333333333333,51.38866666663944,1
2207,2206.9999999999145,537.9777780000002,538.0,22.221999999828768,1
2208,2207.9999999999145,538.170834,538.2333333333333,62.49933333333502,1
2209,2208.999999999915,538.377084,538.5,122.916000000032,1
2210,2209.999999999915,538.583333,538.1,483.333000000016,1
2211,2210.999999999915,538.789584,538.2,589.5839999999453,1
2212,2211.999999999915,538.995834,538.4333333333333,562.500666666665,1
2213,2212.999999999914,539.295313,538.4333333333333,861.9796666666844,1
2214,2213.999999999914,539.501042,538.4333333333333,1067.7086666667037,1
2215,2214.999999999914,539.654167,538.4333333333333,1220.8336666667492,1
2216,2215.999999999914,539.783854,538.4333333333333,1350.520666666739,1
2217,2216.999999999913,539.927083,539.4333333333333,493.74966666675846,1
2218,2217.9999999999127,540.092969,539.6,492.9690000000164,1
2219,2218.999999999913,540.258854,539.6,658.8540000000194,1
2220,2219.999999999913,540.34948,539.6,749.4799999999486,1
2221,2220.9999999999127,540.490625,539.6,890.625,1
2222,2221.9999999999127,540.631771,539.6,1031.7709999999352,1
2223,2222.999999999913,540.711458,539.6,1111.4579999999705,1
2224,2223.9999999999127,540.8710940000002,539.6,1271.0940000001756,1
2225,2224.9999999999127,541.03073,539.6,1430.729999999926,1
2226,2225.9999999999127,541.1135419999998,539.6,1513.541999999802,1
2227,2226.9999999999127,541.2746530000002,541.9333333333333,658.680333333109,1
2228,2227.9999999999127,541.435764,542.1,664.2360000000735,1
2229,2228.9999999999127,541.596875,542.3666666666667,769.7916666667197,1
2230,2229.999999999913,541.7626740000002,542.5666666666667,803.9926666665451,1
2231,2230.999999999913,541.9284719999998,542.1,171.52800000019397,1
2232,2231.999999999913,542.094271,542.3333333333334,239.06233333332239,1
2233,2232.999999999913,542.282031,542.5666666666667,284.6356666667589,1
2234,2233.999999999914,542.469792,542.0666666666667,403.1253333332643,1
2235,2234.999999999913,542.657552,542.2,457.5519999999642,1
2236,2235.999999999913,542.845312,542.5333333333333,311.97866666673235,1
2237,2236.9999999999127,543.146354,542.7666666666667,379.6873333333224,1
2238,2237.9999999999127,543.328646,544.4,1071.3539999999284,1
2239,2238.999999999912,543.465625,544.5,1034.3749999999545,1
2240,2239.999999999912,543.586458,544.7333333333333,1146.8753333333552,1
2241,2240.999999999912,543.719271,544.5,780.7289999999512,1
2242,2241.9999999999063,543.922656,544.2,277.34400000008463,1
2243,2242.9999999999063,544.126041,544.4666666666667,340.62566666671046,1
2244,2243.9999999999063,544.2302080000002,544.6333333333333,403.1253333331506,1
2245,2244.9999999999063,544.389323,544.8666666666667,477.34366666668393,1
2246,2245.9999999999063,544.548438,545.1,551.5619999999899,1
2247,2246.9999999999063,544.651562,544.1333333333333,518.2286666666869,1
2248,2247.9999999999063,544.786979,544.1333333333333,653.6456666666481,1
2249,2248.9999999999063,544.922396,544.1333333333333,789.0626666667231,1
2250,2249.999999999906,545.025521,544.1333333333333,892.1876666667004,1
2251,2250.9999999999063,545.148958,544.1333333333333,1015.6246666666675,1
2252,2251.9999999999063,545.272396,544.1333333333333,1139.0626666666321,1
2253,2252.999999999906,545.373958,545.3,73.95800000006147,1
2254,2253.9999999999063,545.522917,545.5333333333333,10.41633333329628,1
2255,2254.9999999999063,545.671875,545.5333333333333,138.54166666669698,1
2256,2255.999999999906,545.776042,545.7333333333333,42.70866666661277,1
2257,2256.9999999999063,545.939063,545.9666666666667,27.60366666666414,1
2258,2257.999999999906,546.102083,546.2,97.91700000005221,1
2259,2258.999999999906,546.200521,546.1333333333333,67.18766666665488,1
2260,2259.999999999906,546.3625,546.0333333333333,329.1666666666515,1
2261,2260.999999999906,546.524479,546.2,324.47899999999663,1
2262,2261.999999999906,546.797396,546.3,497.3960000000943,1
2263,2262.9999999999063,547.004427,546.4333333333333,571.0936666666839,1
2264,2263.999999999906,547.211458,547.1666666666666,44.79133333336449,1
2265,2264.999999999906,547.663542,546.7333333333333,930.2086666666582,1
2266,2265.999999999906,547.910938,547.0,910.9379999999874,1
2267,2266.999999999905,548.0703129999998,547.1666666666666,903.6463333331994,1
2268,2267.9999999999045,548.216146,547.6,616.1459999999579,1
2269,2268.9999999999045,548.38125,547.8333333333334,547.9166666666515,1
2270,2269.9999999999036,548.530208,548.1333333333333,396.87466666669025,1
2271,2270.9999999999036,548.671875,548.3333333333334,338.54166666662877,1
2272,2271.999999999903,548.815625,548.5666666666667,248.9583333332348,1
2273,2272.9999999999022,548.957291,548.7333333333333,223.95766666670625,1
2274,2273.9999999999027,549.127084,548.8,327.0840000000135,1
2275,2274.9999999999022,549.295313,548.8666666666667,428.6463333332904,1
2276,2275.9999999999022,549.463542,548.8666666666667,596.875333333287,1
2277,2276.9999999999022,549.775,549.6333333333333,141.6666666666515,1
2278,2277.9999999999022,549.976042,549.4,576.0420000000295,1
2279,2278.9999999999013,550.142188,549.5333333333333,608.8546666667298,1
2280,2279.9999999999004,550.298438,549.6666666666666,631.7713333334041,1
2281,2280.9999999999004,550.454167,549.9,554.1670000000067,1
2282,2281.9999999999,550.60625,550.0,606.2500000000455,1
2283,2282.999999999899,550.75625,550.0,756.2500000000227,1
2284,2283.9999999998986,550.903125,550.0,903.1250000000455,1
2285,2284.999999999898,551.031771,550.0,1031.7710000000488,1
2286,2285.999999999898,551.202083,550.0,1202.083000000016,1
2287,2286.9999999998986,551.34375,550.0,1343.75,1
2288,2287.999999999898,551.485417,550.0,1485.416999999984,1
2289,2288.999999999898,551.638542,550.0,1638.5420000000295,1
2290,2289.999999999898,551.780208,552.1666666666666,386.45866666661277,1
2291,2290.9999999998986,551.8708330000002,552.2333333333333,362.50033333317333,1
2292,2291.999999999898,552.003125,551.8,203.125,1
2293,2292.999999999892,552.134375,549.9333333333333,2201.041666666697,1
2294,2293.999999999892,552.236459,550.1666666666666,2069.7923333333392,1
2295,2294.9999999998927,552.3708330000002,550.4,1970.833000000198,1
2296,2295.9999999998918,552.489583,552.1666666666666,322.91633333340997,1
2297,2296.999999999892,552.5979169999998,553.6333333333333,1035.416333333501,1
2298,2297.999999999892,552.710417,553.9,1189.5829999999705,1
2299,2298.999999999892,552.821354,554.1,1278.6459999999806,1
2300,2299.9999999998918,552.934375,554.3666666666667,1432.2916666666288,1
2301,2300.9999999998918,553.0583330000002,554.5333333333333,1475.0003333331279,1
2302,2301.9999999998913,553.16875,552.1666666666666,1002.0833333334167,1
2303,2302.9999999998913,553.2854169999998,553.7,414.58300000022064,1
2304,2303.9999999998913,553.3984379999998,552.5,898.4379999998282,1
2305,2304.9999999998913,553.514583,552.7,814.5829999999705,1
2306,2305.9999999998913,553.642187,552.7666666666667,875.5203333333839,1
2307,2306.999999999891,553.805729,553.1,705.7290000000194,1
2308,2307.999999999891,553.93125,553.4666666666667,464.5833333332803,1
2309,2308.999999999891,554.044792,553.6666666666666,378.1253333334007,1
2310,2309.999999999891,554.148958,553.9,248.958000000016,1
2311,2310.999999999891,554.258333,554.1,158.33299999997053,1
2312,2311.9999999998913,554.365625,554.3333333333334,32.29166666665151,1
2313,2312.9999999998913,554.477083,554.3333333333334,143.74966666662203,1
2314,2313.9999999998913,554.591666,554.3333333333334,258.33266666666077,1
2315,2314.9999999998913,554.70625,554.3333333333334,372.9166666665833,1
2316,2315.999999999891,554.820833,554.3333333333334,487.49966666662203,1
2317,2316.999999999891,554.941666,554.3333333333334,608.3326666666835,1
2318,2317.999999999891,555.0625,554.3333333333334,729.1666666666288,1
2319,2318.999999999891,555.1833330000002,554.3333333333334,849.9996666668039,1
2320,2319.9999999998913,555.3131940000002,554.3333333333334,979.8606666668093,1
2321,2320.9999999998927,555.443056,554.3333333333334,1109.7226666665847,1
2322,2321.9999999998913,555.572917,554.3333333333334,1239.58366666659,1
2323,2322.9999999998913,555.7194450000002,554.3333333333334,1386.1116666668067,1
2324,2323.9999999998927,555.8659719999998,554.3333333333334,1532.6386666664575,1
2325,2324.9999999998913,556.0125,555.9333333333333,79.1666666667652,1
2326,2325.9999999998918,556.14809,555.9,248.09000000004744,1
2327,2326.9999999998913,556.283681,555.9333333333333,350.3476666667211,1
2328,2327.9999999998913,556.419271,556.0666666666667,352.6043333332609,1
2329,2328.999999999891,556.5548610000002,556.2333333333333,321.52766666683874,1
2330,2329.9999999998913,556.6904519999998,556.5333333333333,157.11866666651986,1
2331,2330.99999999989,556.826042,556.7666666666667,59.37533333337797,1
2332,2331.999999999891,556.9139759999998,556.9666666666667,52.690666666876496,1
2333,2332.9999999998913,557.00191,557.2666666666667,264.75666666669895,1
2334,2333.999999999891,557.0898440000002,557.5333333333333,443.4893333331047,1
2335,2334.999999999891,557.177778,557.7666666666667,588.8886666666622,1
2336,2335.9999999998913,557.265712,557.8666666666667,600.9546666666665,1
2337,2336.999999999891,557.353646,557.8666666666667,513.0206666666481,1
