beat_idx,gt_beat,gt_time_s,pred_time_s,err_ms,ok
0,0.0,1.029688,0.0,1029.6879999999999,1
1,1.0000000000000002,1.294271,0.0,1294.271,1
2,2.0000000000000004,1.5588540000000002,0.0,1558.8540000000003,1
3,3.000000000000001,1.7625,0.0,1762.5,1
4,4.000000000000001,1.9697919999999998,0.0,1969.7919999999997,1
5,5.000000000000001,2.177084,2.0,177.0839999999998,1
6,6.000000000000001,2.3875,2.2333333333333334,154.1666666666668,1
7,7.0,2.597222,2.3,297.2220000000001,1
8,8.000000000000002,2.8069439999999997,2.3,506.94399999999985,1
9,9.000000000000002,3.016667,2.6,416.6669999999999,1
10,10.000000000000002,3.2263889999999997,2.9,326.38899999999984,1
11,11.000000000000004,3.436111,3.1333333333333333,302.7776666666666,1
12,12.000000000000004,3.645833,0.1,3545.833,1
13,13.000000000000004,3.875,3.7333333333333334,141.6666666666666,1
14,14.000000000000002,4.1041669999999995,4.0,104.16699999999946,1
15,15.000000000000002,4.333334,0.9666666666666667,3366.667333333333,1
16,16.000000000000004,4.532465,4.566666666666666,34.20166666666624,1
17,17.000000000000004,4.731597,0.9,3831.5969999999998,1
18,18.000000000000004,4.930729,5.066666666666666,135.93766666666608,1
19,19.0,5.129861,5.433333333333334,303.47233333333355,1
20,20.0,5.328993,5.533333333333333,204.34033333333358,1
21,21.000000000000004,5.528125,5.766666666666667,238.54166666666643,1
22,22.000000000000004,5.699479,5.733333333333333,33.85433333333321,1
23,23.000000000000007,5.870833,5.833333333333333,37.49966666666715,1
24,24.000000000000018,6.105208,6.0,105.2080000000002,1
25,25.000000000000007,6.335938,6.266666666666667,69.27133333333302,1
26,26.000000000000007,6.566667,6.6,33.332999999999835,1
27,27.000000000000014,6.7395830000000005,6.7,39.58300000000037,1
28,28.00000000000001,6.938281,6.833333333333333,104.94766666666689,1
29,29.000000000000025,7.136978999999999,6.9,236.97899999999893,1
30,30.000000000000018,7.344271000000001,7.266666666666667,77.60433333333427,1
31,31.000000000000018,7.524566,7.466666666666667,57.8993333333333,1
32,32.00000000000002,7.704861,7.466666666666667,238.1943333333334,1
33,33.00000000000002,7.885155999999999,7.633333333333334,251.82266666666564,1
34,34.00000000000002,8.065452,7.833333333333333,232.11866666666748,1
35,35.00000000000002,8.245747,8.133333333333333,112.41366666666686,1
36,36.00000000000002,8.426042,8.4,26.042000000000343,1
37,37.00000000000002,8.646875,8.633333333333333,13.541666666666785,1
38,38.00000000000002,8.867709,8.833333333333334,34.375666666665694,1
39,39.000000000000036,9.088542,8.9,188.54199999999997,1
40,40.00000000000002,9.303993,9.3,3.992999999999469,1
41,41.00000000000002,9.519445,9.5,19.44499999999927,1
42,42.00000000000002,9.734896,9.7,34.89600000000159,1
43,43.00000000000002,9.950347,9.866666666666667,83.68033333333358,1
44,44.00000000000003,10.165799,10.066666666666666,99.13233333333338,1
45,45.00000000000003,10.38125,10.366666666666667,14.583333333332504,1
46,46.00000000000002,10.559896,10.566666666666666,6.7706666666662585,1
47,47.000000000000036,10.738542,10.7,38.54200000000141,1
48,48.000000000000036,10.989583999999999,10.9,89.58399999999855,1
49,49.000000000000036,11.192014,11.166666666666666,25.347333333334277,1
50,50.000000000000036,11.394445,11.4,5.555000000001087,1
51,51.000000000000036,11.596875,11.633333333333333,36.45833333333215,1
52,52.000000000000036,11.807292,11.833333333333334,26.041333333333583,1
53,53.00000000000003,12.017708,12.1,82.29199999999892,1
54,54.000000000000036,12.228125,12.3,71.87500000000036,1
55,55.00000000000003,12.469444000000001,12.4,69.44400000000073,1
56,56.00000000000002,12.710764,12.633333333333333,77.43066666666643,1
57,57.00000000000003,12.952083,12.9,52.08299999999966,1
58,58.00000000000003,13.183928,13.133333333333333,50.59466666666701,1
59,59.00000000000003,13.415773999999999,13.333333333333334,82.44066666666505,1
60,60.00000000000003,13.647619,13.533333333333333,114.2856666666674,1
61,61.00000000000002,13.879464000000002,13.733333333333333,146.13066666666975,1
62,62.00000000000003,14.111309,14.133333333333333,22.024333333332535,1
63,63.00000000000003,14.343155,14.366666666666667,23.511666666667708,1
64,64.00000000000003,14.575,14.5,74.99999999999929,1
65,65.00000000000003,14.767344,14.733333333333333,34.01066666666708,1
66,66.00000000000003,14.959686999999999,15.033333333333333,73.64633333333437,1
67,67.00000000000003,15.152031,15.233333333333333,81.30233333333337,1
68,68.00000000000003,15.344375,15.533333333333333,188.95833333333377,1
69,69.00000000000003,15.536719,16.933333333333334,1396.614333333334,1
70,70.00000000000003,15.729061999999999,16.933333333333334,1204.2713333333345,1
71,71.00000000000003,15.921406,14.2,1721.406,1
72,72.00000000000003,16.11375,14.066666666666666,2047.083333333333,1
73,73.00000000000003,16.306094,14.266666666666667,2039.4273333333342,1
74,74.00000000000003,16.498438,14.5,1998.438,1
75,75.00000000000004,16.65625,14.766666666666667,1889.5833333333326,1
76,76.00000000000003,16.876042,17.5,623.9579999999983,1
77,77.00000000000003,17.095833,17.733333333333334,637.5003333333353,1
78,78.00000000000003,17.304688,17.966666666666665,661.9786666666663,1
79,79.00000000000004,17.523351,17.5,23.351000000001676,1
80,80.00000000000003,17.742014,17.666666666666668,75.34733333333321,1
81,81.00000000000003,17.960677,17.666666666666668,294.0103333333326,1
82,82.00000000000003,18.17934,17.666666666666668,512.673333333332,1
83,83.00000000000004,18.398004,17.666666666666668,731.3373333333324,1
84,84.00000000000003,18.616667,17.733333333333334,883.3336666666653,1
85,85.00000000000004,18.854514,18.033333333333335,821.1806666666668,1
86,86.00000000000004,19.092361,18.866666666666667,225.69433333333322,1
87,87.00000000000006,19.330208,19.366666666666667,36.458666666668194,1
88,88.00000000000004,19.55125,19.5,51.249999999999574,1
89,89.00000000000004,19.772292,19.733333333333334,38.95866666666592,1
90,90.00000000000004,19.993333,20.1,106.66700000000162,1
91,91.00000000000004,20.214375,20.266666666666666,52.29166666666529,1
92,92.00000000000006,20.435417,20.466666666666665,31.249666666663956,1
93,93.00000000000007,20.717708,20.6,117.70799999999682,1
94,94.00000000000006,20.890104,20.9,9.895999999997684,1
95,95.00000000000007,21.0625,21.133333333333333,70.83333333333286,1
96,96.0000000000001,21.317708,21.2,117.70800000000037,1
97,97.00000000000007,21.540364999999998,21.466666666666665,73.69833333333276,1
98,98.00000000000009,21.763021,21.8,36.979000000002316,1
99,99.00000000000009,21.933854999999998,21.9,33.85499999999908,1
100,100.00000000000009,22.142709,21.966666666666665,176.04233333333497,1
101,101.00000000000013,22.351563,22.233333333333334,118.22966666666446,1
102,102.00000000000009,22.553125,22.5,53.12500000000142,1
103,103.0000000000001,22.752951,22.733333333333334,19.6176666666652,1
104,104.0000000000001,22.952778,22.733333333333334,219.4446666666643,1
105,105.00000000000009,23.152604,22.933333333333334,219.2706666666666,1
106,106.00000000000009,23.35243,23.0,352.42999999999824,1
107,107.00000000000009,23.552257,23.133333333333333,418.92366666666805,1
108,108.0000000000001,23.752083,23.333333333333332,418.7496666666668,1
109,109.0000000000001,23.990278,23.933333333333334,56.94466666666642,1
110,110.0000000000001,24.228472,24.166666666666668,61.80533333333216,1
111,111.00000000000017,24.466667,24.433333333333334,33.33366666666748,1
112,112.0000000000001,24.669964999999998,24.666666666666668,3.2983333333298503,1
113,113.00000000000013,24.873264000000002,24.933333333333334,60.06933333333109,1
114,114.00000000000013,25.076563,25.166666666666668,90.10366666666769,1
115,115.0000000000001,25.279861,25.4,120.13899999999822,1
116,116.0000000000001,25.483159,25.6,116.84100000000086,1
117,117.0000000000001,25.686458,25.666666666666668,19.791333333330385,1
118,118.00000000000013,25.860937,25.9,39.06299999999874,1
119,119.00000000000013,26.035417000000002,26.133333333333333,97.91633333333039,1
120,120.00000000000013,26.298958000000002,26.2,98.95800000000321,1
121,121.00000000000014,26.489929999999998,26.466666666666665,23.263333333332525,1
122,122.00000000000013,26.680903000000004,26.7,19.096999999995035,1
123,123.00000000000014,26.871875,26.933333333333334,61.45833333333428,1
124,124.00000000000014,27.064931,27.133333333333333,68.40233333333146,1
125,125.00000000000014,27.257986,27.433333333333334,175.34733333333463,1
126,126.0000000000002,27.451041999999998,27.633333333333333,182.29133333333536,1
127,127.00000000000014,27.682465999999998,27.866666666666667,184.20066666666912,1
128,128.00000000000014,27.913889,28.1,186.11100000000036,1
129,129.00000000000014,28.145312,28.166666666666668,21.3546666666673,1
130,130.00000000000014,28.370759000000003,28.4,29.24099999999541,1
131,131.00000000000014,28.596204999999998,28.633333333333333,37.128333333335206,1
132,132.00000000000014,28.821652,28.866666666666667,45.01466666666687,1
133,133.00000000000014,29.047098,28.9,147.09799999999973,1
134,134.00000000000014,29.272545,28.9,372.54500000000235,1
135,135.00000000000014,29.497991,28.933333333333334,564.6576666666654,1
136,136.0000000000002,29.723438,29.7,23.43800000000229,1
137,137.00000000000014,29.930794,29.966666666666665,35.87266666666622,1
138,138.00000000000014,30.138151,30.2,61.84899999999871,1
139,139.00000000000014,30.345508000000002,30.433333333333334,87.8253333333312,1
140,140.00000000000014,30.552865,30.7,147.13499999999868,1
141,141.00000000000014,30.760222,30.933333333333334,173.11133333333473,1
142,142.00000000000014,30.967578000000003,29.666666666666668,1300.9113333333353,1
143,143.00000000000014,31.174934999999998,29.666666666666668,1508.26833333333,1
144,144.00000000000014,31.382292,31.333333333333332,48.95866666666748,1
145,145.00000000000014,31.572916999999997,31.666666666666668,93.74966666667106,1
146,146.0000000000002,31.763541999999998,31.766666666666666,3.124666666668219,1
147,147.00000000000014,31.928646,32.06666666666667,138.02066666666946,1
148,148.00000000000014,32.142708,32.3,157.2919999999982,1
149,149.00000000000017,32.240625,32.93333333333333,692.7083333333286,1
150,150.0000000000002,32.447917,33.166666666666664,718.7496666666675,1
151,151.00000000000028,32.620833000000005,33.46666666666667,845.8336666666639,1
152,152.00000000000026,32.796875,33.63333333333333,836.4583333333328,1
153,153.00000000000028,32.957291999999995,33.86666666666667,909.3746666666718,1
154,154.00000000000028,33.158159999999995,33.233333333333334,75.17333333333909,1
155,155.00000000000028,33.359028,33.3,59.028000000004965,1
156,156.00000000000034,33.559896,33.3,259.8960000000048,1
157,157.00000000000028,33.735417,33.3,435.41700000000105,1
158,158.00000000000034,33.901042,33.3,601.0419999999997,1
159,159.00000000000034,34.092187,34.13333333333333,41.146333333330176,1
160,160.00000000000034,34.292708000000005,34.5,207.29199999999537,1
161,161.00000000000034,34.454167,34.56666666666667,112.49966666667177,1
162,162.00000000000034,34.636458000000005,34.8,163.54199999999253,1
163,163.00000000000034,34.789583,34.766666666666666,22.91633333333465,1
164,164.00000000000034,34.952083,34.93333333333333,18.74966666667177,1
165,165.00000000000028,35.122916,35.06666666666667,56.24933333332649,1
166,166.0000000000003,35.351042,35.333333333333336,17.70866666666393,1
167,167.00000000000034,35.520833,35.56666666666667,45.83366666666677,1
168,168.00000000000028,35.76875,35.733333333333334,35.41666666666288,1
169,169.00000000000028,35.959114,35.93333333333333,25.78066666666956,1
170,170.00000000000028,36.149479,36.2,50.52100000000337,1
171,171.0000000000003,36.325521,36.43333333333333,107.81233333332807,1
172,172.00000000000037,36.5125,36.666666666666664,154.16666666666146,1
173,173.00000000000028,36.658333,36.93333333333333,275.00033333333107,1
174,174.00000000000028,36.85625,37.166666666666664,310.41666666666146,1
175,175.00000000000026,37.00625,37.333333333333336,327.0833333333343,1
176,176.00000000000026,37.172917,37.36666666666667,193.74966666666893,1
177,177.00000000000028,37.335417,37.733333333333334,397.91633333333465,1
178,178.0000000000002,37.518229,37.6,81.77100000000337,1
179,179.00000000000017,37.701042,37.8,98.9579999999961,1
180,180.0000000000002,37.883854,38.03333333333333,149.47933333333197,1
181,181.0000000000002,38.132292,38.1,32.29199999999821,1
182,182.00000000000026,38.322917,38.333333333333336,10.416333333338912,1
183,183.00000000000017,38.479687,38.43333333333333,46.3536666666684,1
184,184.00000000000014,38.651042,38.63333333333333,17.70866666666393,1
185,185.00000000000014,38.826042,38.8,26.042000000003895,1
186,186.00000000000017,39.00625,38.93333333333333,72.9166666666714,1
187,187.0000000000002,39.179167,39.166666666666664,12.500333333335334,1
188,188.00000000000014,39.333333,39.333333333333336,0.00033333333249174757,1
189,189.0000000000001,39.545313,39.5,45.31300000000016,1
190,190.0000000000001,39.78125,39.733333333333334,47.91666666666572,1
191,191.0000000000001,40.009375,39.93333333333333,76.04166666666856,1
192,192.00000000000017,40.401042,40.2,201.04199999999395,1
193,193.00000000000017,40.723958,40.43333333333333,290.6246666666732,1
194,194.00000000000017,40.913542,40.666666666666664,246.87533333333533,1
195,195.00000000000017,41.091667,40.9,191.66700000000247,1
196,196.00000000000017,41.345833,41.2,145.8329999999961,1
197,197.00000000000017,41.513542,41.46666666666667,46.87533333333249,1
198,198.0000000000002,41.864583,41.733333333333334,131.24966666666893,1
199,199.0000000000002,42.034375,41.96666666666667,67.7083333333286,1
200,200.00000000000017,42.245833000000005,42.233333333333334,12.49966666667035,1
201,201.00000000000017,42.613541999999995,42.5,113.54199999999537,1
202,202.00000000000014,42.878125,42.733333333333334,144.79166666666288,1
203,203.00000000000017,43.021875,43.0,21.87500000000142,1
204,204.00000000000017,43.24375,43.266666666666666,22.91666666666714,1
205,205.00000000000017,43.414583,43.46666666666667,52.083666666668194,1
206,206.00000000000017,43.619792,43.63333333333333,13.54133333333607,1
207,207.00000000000017,43.874479,43.93333333333333,58.85433333332912,1
208,208.00000000000017,44.092709,44.1,7.291000000002157,1
209,209.00000000000017,44.271353999999995,44.266666666666666,4.687333333329491,1
210,210.00000000000017,44.564062,44.46666666666667,97.39533333333128,1
211,211.00000000000017,44.720833,44.7,20.832999999996105,1
212,212.00000000000017,44.903125,44.93333333333333,30.208333333327175,1
213,213.0000000000002,45.228125,45.2,28.124999999995737,1
214,214.00000000000017,45.4125,45.333333333333336,79.16666666666572,1
215,215.0000000000002,45.661458,45.56666666666667,94.79133333333323,1
216,216.0000000000002,46.131482,45.8,331.48200000000116,1
217,217.0000000000002,46.369792,46.06666666666667,303.1253333333268,1
218,218.0000000000002,46.581520000000005,46.56666666666667,14.853333333334717,1
219,219.0000000000002,46.754166999999995,46.733333333333334,20.833666666661088,1
220,220.0000000000002,46.979828999999995,47.0,20.171000000004824,1
221,221.00000000000028,47.171225,47.233333333333334,62.10833333333454,1
222,222.0000000000003,47.463542,47.36666666666667,96.87533333332965,1
223,223.0000000000003,47.6625,47.63333333333333,29.16666666666856,1
224,224.0000000000003,47.830208,47.9,69.79199999999963,1
225,225.0000000000003,48.054167,48.0,54.16699999999963,1
226,226.0000000000003,48.244792,48.6,355.20800000000463,1
227,227.0000000000003,48.407292,48.63333333333333,226.04133333333465,1
228,228.0000000000003,48.629166,48.6,29.165999999996473,1
229,229.0000000000003,48.846354,48.8,46.354000000000894,1
230,230.0000000000003,49.067188,49.03333333333333,33.85466666667014,1
231,231.0000000000003,49.291667,49.233333333333334,58.33366666666251,1
232,232.0000000000003,49.554688,49.5,54.68799999999874,1
233,233.00000000000034,49.739583,49.733333333333334,6.249666666668929,1
234,234.00000000000037,50.054167,49.96666666666667,87.50033333333107,1
235,235.00000000000037,50.251042,50.233333333333334,17.70866666666393,1
236,236.00000000000037,50.463542,50.46666666666667,3.1246666666717715,1
237,237.00000000000037,50.677603999999995,50.7,22.396000000007632,1
238,238.00000000000037,50.901042,50.93333333333333,32.29133333333323,1
239,239.00000000000037,51.1375,51.1,37.50000000000142,1
240,240.00000000000037,51.488541999999995,51.333333333333336,155.20866666665967,1
241,241.00000000000037,51.745833000000005,51.666666666666664,79.16633333334033,1
242,242.0000000000003,51.963542,51.93333333333333,30.208666666666772,1
243,243.0000000000003,52.117708,52.166666666666664,48.95866666666393,1
244,244.00000000000034,52.332813,52.43333333333333,100.52033333332844,1
245,245.0000000000003,52.590625,52.53333333333333,57.291666666671404,1
246,246.00000000000034,52.848438,52.733333333333334,115.1046666666673,1
247,247.00000000000037,53.0125,53.03333333333333,20.833333333328596,1
248,248.00000000000037,53.240625,53.2,40.62499999999858,1
249,249.00000000000037,53.46875,53.43333333333333,35.41666666666998,1
250,250.0000000000004,53.673958,53.666666666666664,7.291333333334649,1
251,251.00000000000037,53.86666700000001,53.93333333333333,66.66633333332328,1
252,252.0000000000004,54.114063,54.1,14.063000000000159,1
253,253.00000000000037,54.297917000000005,54.3,2.0829999999918414,1
254,254.0000000000004,54.497917,54.5,2.082999999998947,1
255,255.00000000000037,54.718229,54.7,18.228999999998052,1
256,256.0000000000004,54.926563,55.13333333333333,206.77033333333128,1
257,257.00000000000034,55.19583299999999,55.166666666666664,29.166333333328964,1
258,258.00000000000045,55.482292,55.43333333333333,48.958666666671036,1
259,259.0000000000004,55.74166700000001,55.7,41.667000000003895,1
260,260.0000000000004,55.927082999999996,55.93333333333333,6.250333333333913,1
261,261.00000000000045,56.1125,56.13333333333333,20.833333333335702,1
262,262.0000000000004,56.30416700000001,56.4,95.83299999999184,1
263,263.00000000000045,56.526042000000004,56.6,73.95799999999753,1
264,264.00000000000045,56.810938,56.8,10.938000000003,1
265,265.0000000000004,56.998957999999995,57.06666666666667,67.7086666666753,1
266,266.0000000000004,57.19479200000001,57.2,5.207999999996105,1
267,267.00000000000045,57.447396,57.43333333333333,14.062666666667667,1
268,268.00000000000045,57.705208,57.7,5.207999999996105,1
269,269.00000000000045,57.896354,57.93333333333333,36.9793333333277,1
270,270.00000000000045,58.169792,58.166666666666664,3.125333333336755,1
271,271.0000000000004,58.451042,58.4,51.042000000002474,1
272,272.0000000000004,58.640625,58.63333333333333,7.29166666666714,1
273,273.00000000000045,58.830208,58.9,69.79199999999963,1
274,274.0000000000004,59.082291000000005,59.06666666666667,15.624333333335017,1
275,275.0000000000005,59.305209,59.333333333333336,28.12433333333786,1
276,276.0000000000005,59.561457999999995,59.53333333333333,28.124666666663245,1
277,277.0000000000005,59.838542000000004,59.766666666666666,71.87533333333818,1
278,278.0000000000005,60.045313,59.96666666666667,78.6463333333316,1
279,279.0000000000005,60.35104200000001,60.2,151.0420000000039,1
280,280.0000000000005,60.6125,60.46666666666667,145.8333333333286,1
281,281.0000000000005,60.875,60.63333333333333,241.66666666666714,1
282,282.0000000000005,61.152604000000004,61.06666666666667,85.93733333333375,1
283,283.0000000000005,61.53854200000001,61.3,238.54200000000958,1
284,284.0000000000005,61.689583,61.666666666666664,22.91633333333465,1
285,285.0000000000005,61.889582999999995,61.9,10.417000000003895,1
286,286.0000000000004,62.157292000000005,62.1,57.292000000003895,1
287,287.0000000000005,62.622917,62.36666666666667,256.2503333333339,1
288,288.0000000000004,63.115625,62.63333333333333,482.29166666666856,1
289,289.0000000000005,63.44479200000001,63.0,444.79200000000674,1
290,290.0000000000005,63.669792,63.6,69.79199999999963,1
291,291.0000000000005,63.91354200000001,63.833333333333336,80.20866666667104,1
292,292.0000000000005,64.201042,64.1,101.04200000000674,1
293,293.00000000000057,64.389583,64.36666666666666,22.916333333341754,1
294,294.0000000000005,64.669792,64.63333333333334,36.45866666666109,1
295,295.00000000000057,64.867708,64.83333333333333,34.374666666664666,1
296,296.0000000000005,65.104167,65.06666666666666,37.50033333334102,1
297,297.00000000000057,65.378125,65.33333333333333,44.79166666666856,1
298,298.0000000000005,65.601042,65.53333333333333,67.7086666666753,1
299,299.00000000000057,65.805208,65.83333333333333,28.125333333335334,1
300,300.0000000000005,66.05573000000001,65.9,155.73000000000548,1
301,301.00000000000057,66.232292,66.2,32.29199999999821,1
302,302.0000000000005,66.491667,66.43333333333334,58.333666666669615,1
303,303.00000000000057,66.76875,66.66666666666667,102.08333333332575,1
304,304.00000000000057,66.969792,66.93333333333334,36.45866666666109,1
305,305.0000000000006,67.161458,67.1,61.45800000000179,1
306,306.00000000000057,67.51926999999999,67.33333333333333,185.9366666666631,1
307,307.0000000000006,67.74583299999999,67.63333333333334,112.49966666665046,1
308,308.0000000000006,67.92604200000001,67.96666666666667,40.62466666665898,1
309,309.0000000000006,68.181771,68.16666666666667,15.10433333332628,1
310,310.0000000000006,68.391667,68.43333333333334,41.66633333333891,1
311,311.0000000000006,68.592708,68.6,7.291999999992527,1
312,312.0000000000006,68.85260500000001,68.8,52.605000000014,1
313,313.0000000000006,69.008333,69.0,8.332999999993262,1
314,314.0000000000006,69.2125,69.23333333333333,20.833333333328596,1
315,315.0000000000006,69.495834,69.46666666666667,29.167333333333545,1
316,316.0000000000006,69.806771,69.66666666666667,140.10433333332628,1
317,317.0000000000006,70.00416700000001,69.96666666666667,37.50033333334102,1
318,318.0000000000007,70.289063,70.23333333333333,55.72966666666446,1
319,319.0000000000007,70.567708,70.5,67.7079999999961,1
320,320.0000000000007,70.789583,70.7,89.58299999999042,1
321,321.0000000000007,71.002083,70.96666666666667,35.416333333330385,1
322,322.0000000000007,71.253125,71.13333333333334,119.79166666665719,1
323,323.0000000000007,71.439063,71.4,39.06299999999874,1
324,324.0000000000007,71.692188,71.63333333333334,58.854666666661615,1
325,325.00000000000057,71.925,71.86666666666666,58.33333333333712,1
326,326.0000000000006,72.10989599999999,72.06666666666666,43.22933333332912,1
327,327.0000000000007,72.361979,72.3,61.979000000008,1
328,328.0000000000007,72.580208,72.53333333333333,46.87466666666751,1
329,329.0000000000007,72.752083,72.66666666666667,85.41633333332754,1
330,330.0000000000007,72.93333299999999,73.03333333333333,100.00033333334102,1
331,331.0000000000006,73.154167,73.26666666666667,112.49966666666467,1
332,332.0000000000007,73.353646,73.33333333333333,20.312666666669088,1
333,333.0000000000007,73.598958,73.53333333333333,65.62466666666467,1
334,334.00000000000074,73.81875,73.8,18.749999999997158,1
335,335.00000000000074,73.998959,74.0,1.0410000000007358,1
336,336.0000000000008,74.198438,74.16666666666667,31.771333333324492,1
337,337.0000000000008,74.372917,74.36666666666666,6.250333333341018,1
338,338.0000000000008,74.608334,74.56666666666666,41.66733333333639,1
339,339.0000000000008,74.915625,74.8,115.62500000000853,1
340,340.00000000000085,75.135417,75.03333333333333,102.08366666667246,1
341,341.0000000000008,75.336458,75.3,36.457999999996105,1
342,342.00000000000085,75.48854200000001,75.56666666666666,78.1246666666533,1
343,343.00000000000085,75.675,75.8,125.0,1
344,344.0000000000009,75.834375,75.9,65.62500000001137,1
345,345.0000000000009,76.08125,76.0,81.24999999999716,1
346,346.0000000000009,76.2875,76.26666666666667,20.833333333328596,1
347,347.0000000000009,76.47448,76.43333333333334,41.14666666666267,1
348,348.00000000000097,76.748959,76.66666666666667,82.29233333332786,1
349,349.0000000000009,76.945833,76.93333333333334,12.49966666665614,1
350,350.00000000000097,77.142708,77.16666666666667,23.958666666672457,1
351,351.000000000001,77.34375,77.4,56.250000000005684,1
352,352.000000000001,77.523958,77.53333333333333,9.375333333338176,1
353,353.000000000001,77.72291700000001,77.73333333333333,10.416333333324701,1
354,354.0000000000011,77.883333,77.9,16.667000000012422,1
355,355.0000000000011,78.071875,78.13333333333334,61.45833333333428,1
356,356.0000000000011,78.260417,78.3,39.58299999999326,1
357,357.0000000000011,78.465625,78.73333333333333,267.70833333333144,1
358,358.00000000000114,78.65,78.96666666666667,316.6666666666629,1
359,359.00000000000125,78.836458,78.83333333333333,3.124666666664666,1
360,360.00000000000125,79.01979200000001,79.0,19.79200000000958,1
361,361.00000000000125,79.208334,79.26666666666667,58.33266666667214,1
362,362.00000000000114,79.396875,79.5,103.12500000000568,1
363,363.0000000000013,79.591146,79.73333333333333,142.18733333333944,1
364,364.0000000000013,79.76875,80.0,231.25000000000284,1
365,365.0000000000013,79.95625,79.96666666666667,10.416666666671404,1
366,366.0000000000014,80.135417,80.13333333333334,2.0836666666639303,1
367,367.0000000000014,80.333334,80.36666666666666,33.332666666666455,1
368,368.0000000000015,80.53125,80.63333333333334,102.08333333333997,1
369,369.0000000000014,80.74947900000001,80.73333333333333,16.14566666667372,1
370,370.0000000000013,80.920833,81.2,279.16700000000105,1
371,371.00000000000165,81.102083,81.1,2.082999999998947,1
372,372.00000000000153,81.305208,81.3,5.207999999996105,1
373,373.00000000000153,81.49583299999999,81.53333333333333,37.50033333334102,1
374,374.0000000000016,81.686458,81.76666666666667,80.20866666666393,1
375,375.0000000000017,81.902084,82.03333333333333,131.24933333332933,1
376,376.0000000000015,82.077083,82.03333333333333,43.74966666667035,1
377,377.00000000000176,82.257292,82.5,242.70799999999326,1
378,378.0000000000017,82.430208,82.66666666666667,236.45866666667814,1
379,379.0000000000018,82.610417,82.86666666666666,256.2496666666618,1
380,380.00000000000176,82.76875,83.06666666666666,297.9166666666657,1
381,381.0000000000019,82.930208,83.06666666666666,136.45866666666961,1
382,382.0000000000019,83.119792,83.46666666666667,346.87466666666467,1
383,383.000000000002,83.3,83.66666666666667,366.66666666667425,1
384,384.0000000000019,83.53125,83.86666666666666,335.41666666666003,1
385,385.0000000000019,83.771181,84.13333333333334,362.1523333333414,1
386,386.0000000000019,84.011111,84.36666666666666,355.5556666666604,1
387,387.000000000002,84.251042,84.66666666666667,415.6246666666732,1
388,388.0000000000019,84.444176,84.9,455.8240000000069,1
389,389.000000000002,84.637311,84.9,262.68900000000883,1
390,390.0000000000019,84.830445,84.9,69.55500000000825,1
391,391.000000000002,85.02358000000001,84.9,123.58000000000402,1
392,392.0000000000019,85.216714,84.9,316.7139999999904,1
393,393.0000000000019,85.409849,84.9,509.84899999998845,1
394,394.0000000000019,85.602983,84.9,702.982999999989,1
395,395.0000000000018,85.796118,84.9,896.1180000000013,1
396,396.0000000000019,85.98925200000001,84.9,1089.2520000000018,1
397,397.00000000000193,86.182387,84.9,1282.387,1
398,398.000000000002,86.37552099999999,84.9,1475.5209999999863,1
399,399.0000000000018,86.541666,84.9,1641.6660000000006,1
400,400.000000000002,86.772396,86.7,72.39599999999768,1
401,401.0000000000018,87.003125,87.66666666666667,663.5416666666742,1
402,402.00000000000205,87.216146,87.9,683.8540000000108,1
403,403.00000000000205,87.44765600000001,87.4,47.65600000000347,1
404,404.000000000002,87.679167,87.63333333333334,45.83366666666677,1
405,405.00000000000205,87.910677,87.7,210.677000000004,1
406,406.000000000002,88.14218699999999,87.93333333333334,208.8536666666556,1
407,407.0000000000019,88.373698,88.2,173.69800000000168,1
408,408.0000000000021,88.60520799999999,88.5,105.20799999999042,1
409,409.00000000000205,88.838194,88.7,138.1939999999986,1
410,410.000000000002,89.07118100000001,88.96666666666667,104.51433333334137,1
411,411.00000000000205,89.304167,89.33333333333333,29.16633333332186,1
412,412.000000000002,89.515799,89.46666666666667,49.13233333333267,1
413,413.0000000000019,89.72743100000001,89.73333333333333,5.90233333332435,1
414,414.00000000000216,89.939063,90.03333333333333,94.27033333332702,1
415,415.00000000000205,90.150695,90.33333333333333,182.63833333332968,1
416,416.000000000002,90.36232700000001,90.43333333333334,71.00633333332951,1
417,417.00000000000205,90.573959,90.66666666666667,92.7076666666693,1
418,418.000000000002,90.744271,90.76666666666667,22.395666666668035,1
419,419.00000000000205,90.914583,90.86666666666666,47.91633333333323,1
420,420.00000000000205,91.194792,91.06666666666666,128.12533333334386,1
421,421.0000000000021,91.423438,91.33333333333333,90.10466666667583,1
422,422.00000000000216,91.65208299999999,91.7,47.91700000001242,1
423,423.0000000000021,91.823959,91.96666666666667,142.70766666666646,1
424,424.0000000000021,92.030469,91.83333333333333,197.13566666666793,1
425,425.00000000000216,92.236979,92.2,36.979000000002316,1
426,426.00000000000233,92.430208,92.36666666666666,63.54133333333323,1
427,427.00000000000216,92.634895,92.36666666666666,268.2283333333402,1
428,428.00000000000233,92.83958299999999,92.36666666666666,472.9163333333304,1
429,429.00000000000216,93.04427,92.36666666666666,677.6033333333373,1
430,430.0000000000021,93.248958,93.03333333333333,215.62466666667035,1
431,431.00000000000216,93.453645,93.16666666666667,286.9783333333231,1
432,432.00000000000233,93.658333,93.6,58.33300000000463,1
433,433.00000000000216,93.87118000000001,93.83333333333333,37.84666666668102,1
434,434.00000000000233,94.084028,94.1,15.971999999990771,1
435,435.00000000000216,94.296875,94.13333333333334,163.54166666666003,1
436,436.00000000000216,94.53316,94.56666666666666,33.506666666667684,1
437,437.00000000000216,94.769444,94.83333333333333,63.889333333335685,1
438,438.00000000000205,95.005729,94.93333333333334,72.39566666666519,1
439,439.00000000000216,95.242014,95.16666666666667,75.3473333333261,1
440,440.0000000000022,95.478298,95.36666666666666,111.63133333333519,1
441,441.00000000000233,95.71458299999999,95.73333333333333,18.75033333334386,1
442,442.0000000000022,96.08541600000001,96.06666666666666,18.749333333346385,1
443,443.0000000000022,96.45625,96.36666666666666,89.58333333333712,1
444,444.0000000000021,96.827083,96.73333333333333,93.74966666666751,1
445,445.0000000000022,97.00868,96.96666666666667,42.01333333332968,1
446,446.00000000000233,97.190278,97.23333333333333,43.055333333327894,1
447,447.00000000000233,97.371875,97.4,28.125000000002842,1
448,448.00000000000233,97.583333,97.56666666666666,16.666333333333228,1
449,449.0000000000022,97.794792,97.83333333333333,38.54133333332754,1
450,450.0000000000021,98.00625,97.96666666666667,39.583333333325754,1
451,451.0000000000022,98.22378499999999,98.16666666666667,57.11833333332095,1
452,452.0000000000022,98.44131999999999,98.4,41.3199999999847,1
453,453.0000000000025,98.658855,98.46666666666667,192.18833333333407,1
454,454.00000000000233,98.89144399999999,98.66666666666667,224.7773333333214,1
455,455.0000000000022,99.124033,98.93333333333334,190.69966666666005,1
456,456.00000000000233,99.356622,99.2,156.6219999999987,1
457,457.0000000000022,99.589212,99.46666666666667,122.54533333333484,1
458,458.00000000000233,99.82180100000001,99.73333333333333,88.4676666666735,1
459,459.0000000000022,100.05439,100.0,54.38999999999794,1
460,460.00000000000233,100.28698,100.23333333333333,53.64666666666551,1
461,461.0000000000022,100.480104,100.4,80.10399999999152,1
462,462.00000000000233,100.673229,100.43333333333334,239.89566666666917,1
463,463.0000000000022,100.866354,101.23333333333333,366.9793333333331,1
464,464.00000000000233,101.05947900000001,101.5,440.5209999999897,1
465,465.00000000000233,101.252604,101.8,547.395999999992,1
466,466.00000000000233,101.445729,101.96666666666667,520.9376666666685,1
467,467.0000000000022,101.63885400000001,101.96666666666667,327.8126666666594,1
468,468.00000000000233,101.831979,101.96666666666667,134.68766666666454,1
469,469.0000000000022,102.025104,101.96666666666667,58.43733333333034,1
470,470.00000000000233,102.21822900000001,101.96666666666667,251.56233333333944,1
471,471.0000000000024,102.389584,100.46666666666667,1922.9173333333306,1
472,472.0000000000024,102.60989599999999,100.56666666666666,2043.2293333333291,1
473,473.00000000000233,102.830208,100.56666666666666,2263.5413333333363,1
474,474.0000000000024,103.04635400000001,100.56666666666666,2479.687333333345,1
475,475.0000000000024,103.27578100000001,100.56666666666666,2709.114333333346,1
476,476.0000000000024,103.505208,100.56666666666666,2938.541333333333,1
477,477.00000000000244,103.734635,100.56666666666666,3167.968333333334,1
478,478.0000000000024,103.964063,100.56666666666666,3397.396333333333,1
479,479.0000000000024,104.19349,100.56666666666666,3626.823333333334,1
480,480.0000000000024,104.422917,100.56666666666666,3856.250333333335,1
481,481.00000000000233,104.657986,100.56666666666666,4091.319333333331,1
482,482.0000000000024,104.893056,104.66666666666667,226.38933333333,1
483,483.00000000000244,105.128125,104.9,228.12499999999147,1
484,484.0000000000024,105.35166699999999,105.3,51.6669999999948,1
485,485.00000000000244,105.575208,105.53333333333333,41.874666666672056,1
486,486.00000000000244,105.79875,105.7,98.74999999999545,1
487,487.0000000000024,106.022291,105.93333333333334,88.9576666666585,1
488,488.00000000000244,106.245833,106.2,45.83300000000179,1
489,489.0000000000025,106.49270800000001,106.43333333333334,59.37466666667035,1
490,490.00000000000244,106.66406299999998,106.66666666666667,2.603666666686877,1
491,491.0000000000025,106.83541699999999,106.9,64.58300000001316,1
492,492.0000000000025,107.08333300000001,106.93333333333334,149.9996666666732,1
493,493.00000000000256,107.28645800000001,107.23333333333333,53.124666666676035,1
494,494.0000000000025,107.48958300000001,107.56666666666666,77.08366666665256,1
495,495.00000000000256,107.65468700000001,107.83333333333333,178.6463333333188,1
496,496.0000000000027,107.868229,107.76666666666667,101.56233333333375,1
497,497.00000000000256,108.081771,108.5,418.22899999999663,1
498,498.00000000000256,108.30208300000001,108.26666666666667,35.416333333344596,1
499,499.0000000000027,108.48628500000001,108.33333333333333,152.9516666666808,1
500,500.0000000000026,108.67048600000001,108.33333333333333,337.1526666666824,1
501,501.00000000000256,108.854688,108.33333333333333,521.3546666666673,1
502,502.0000000000027,109.03888899999998,108.33333333333333,705.5556666666547,1
503,503.0000000000026,109.223091,109.06666666666666,156.42433333333372,1
504,504.00000000000256,109.407292,109.26666666666667,140.6253333333325,1
505,505.0000000000026,109.640625,109.6,40.625000000005684,1
506,506.0000000000026,109.87395900000001,109.86666666666666,7.29233333335344,1
507,507.00000000000273,110.10729199999999,110.1,7.291999999992527,1
508,508.0000000000027,110.321702,110.36666666666666,44.964666666658104,1
509,509.0000000000027,110.536111,110.56666666666666,30.555666666657544,1
510,510.0000000000026,110.75052099999999,110.83333333333333,82.8123333333366,1
511,511.0000000000027,110.964931,111.03333333333333,68.40233333332435,1
512,512.0000000000026,111.17934,111.2,20.660000000006562,1
513,513.0000000000026,111.39375,111.36666666666666,27.083333333337123,1
514,514.0000000000026,111.731597,111.63333333333334,98.26366666665365,1
515,515.0000000000026,112.069445,111.86666666666666,202.77833333334172,1
516,516.0000000000026,112.407292,112.1,307.2920000000039,1
517,517.0000000000026,112.587153,112.56666666666666,20.486333333337825,1
518,518.0000000000026,112.76701399999999,112.83333333333333,66.31933333333961,1
519,519.0000000000026,112.946875,112.93333333333334,13.541666666668561,1
520,520.0000000000026,113.137847,113.16666666666667,28.81966666667779,1
521,521.0000000000026,113.32882,113.43333333333334,104.5133333333439,1
522,522.0000000000026,113.519792,113.76666666666667,246.87466666667035,1
523,523.0000000000026,113.747049,113.9,152.9510000000016,1
524,524.0000000000025,113.974306,114.13333333333334,159.0273333333414,1
525,525.0000000000026,114.20156200000001,114.2,1.5620000000069467,1
526,526.0000000000025,114.404253,114.43333333333334,29.080333333340036,1
527,527.0000000000026,114.606944,114.7,93.05600000000425,1
528,528.0000000000026,114.80963500000001,114.93333333333334,123.69833333332281,1
529,529.0000000000026,115.012327,115.13333333333334,121.00633333334088,1
530,530.0000000000026,115.21501799999999,115.2,15.017999999983545,1
531,531.0000000000025,115.417709,115.4,17.708999999996422,1
532,532.0000000000025,115.92882,115.63333333333334,295.4866666666618,1
533,533.0000000000026,116.439931,115.63333333333334,806.5976666666614,1
534,534.0000000000026,116.95104199999999,115.7,1251.041999999984,1
535,534.9979166666692,117.038959,116.13333333333334,905.6256666666656,1
536,535.9979166666691,117.126875,116.2,926.8749999999955,1
537,537.0000000000024,117.21479199999999,116.46666666666667,748.12533333332,1
538,537.9979166666689,117.30270800000001,116.86666666666666,436.0413333333497,1
539,538.9979166666687,117.390625,117.0,390.625,1
540,540.000000000002,117.49270800000001,117.06666666666666,426.0413333333446,1
541,541.0000000000019,117.676302,117.43333333333334,242.96866666666972,1
542,542.000000000002,117.85989599999999,117.7,159.89599999998916,1
543,543.0000000000019,118.04843799999999,118.0,48.43799999999021,1
544,544.000000000002,118.25729199999999,118.26666666666667,9.374666666673193,1
545,545.000000000002,118.36666699999999,118.46666666666667,99.99966666667603,1
546,546.000000000002,118.582292,119.36666666666666,784.3746666666647,1
547,547.000000000002,118.753125,119.63333333333334,880.2083333333428,1
548,548.0000000000022,118.936458,119.23333333333333,296.8753333333325,1
549,549.0000000000022,119.097917,119.46666666666667,368.7496666666732,1
550,550.0000000000022,119.30069499999999,119.36666666666666,65.97166666666965,1
551,551.0000000000022,119.503472,119.63333333333334,129.86133333333783,1
552,552.0000000000022,119.70625,119.83333333333333,127.08333333333144,1
553,553.0000000000023,119.86875,119.9,31.25,1
554,554.0000000000023,120.034375,120.1,65.62499999999716,1
555,555.0000000000023,120.23333400000001,120.6,366.66599999998084,1
556,556.0000000000023,120.44791699999999,120.66666666666667,218.74966666668172,1
557,557.0000000000023,120.608333,120.73333333333333,125.00033333333249,1
558,558.0000000000023,120.77604199999999,120.96666666666667,190.62466666667888,1
559,559.0000000000023,120.92916699999999,122.13333333333334,1204.1663333333474,1
560,560.0000000000024,121.096875,121.06666666666666,30.20833333333428,1
561,561.0000000000025,121.271354,121.23333333333333,38.020666666668035,1
562,562.0000000000024,121.49375,121.46666666666667,27.083333333337123,1
563,563.0000000000025,121.67395800000001,121.73333333333333,59.37533333332112,1
564,564.0000000000025,121.92708300000001,121.86666666666666,60.41633333335028,1
565,565.0000000000025,122.111979,122.1,11.979000000010842,1
566,566.0000000000025,122.296875,122.33333333333333,36.458333333328596,1
567,567.0000000000025,122.47395800000001,122.6,126.041999999984,1
568,568.0000000000025,122.66458300000001,122.83333333333333,168.75033333332112,1
569,569.0000000000025,122.796875,123.03333333333333,236.45833333333144,1
570,570.0000000000025,122.99166699999999,123.73333333333333,741.6663333333418,1
571,571.0000000000026,123.15,123.96666666666667,816.6666666666629,1
572,572.0000000000025,123.31770800000001,123.53333333333333,215.62533333332112,1
573,573.0000000000026,123.475,123.8,325.00000000000284,1
574,574.0000000000028,123.668403,123.8,131.5969999999993,1
575,575.0000000000028,123.861805,123.8,61.80500000000677,1
576,576.0000000000028,124.05520800000001,123.8,255.20800000001032,1
577,577.0000000000028,124.33020800000001,124.33333333333333,3.1253333333154387,1
578,578.0000000000028,124.521875,124.56666666666666,44.79166666666856,1
579,579.000000000003,124.66875,124.63333333333334,35.41666666666288,1
580,580.0000000000028,124.82604199999999,124.86666666666666,40.62466666667319,1
581,581.000000000003,124.99791699999999,125.1,102.08300000000747,1
582,582.000000000003,125.183854,125.33333333333333,149.47933333333197,1
583,583.000000000003,125.36145800000001,125.33333333333333,28.12466666668456,1
584,584.000000000003,125.52916699999999,125.56666666666666,37.499666666676035,1
585,585.0000000000031,125.746875,125.66666666666667,80.20833333333144,1
586,586.0000000000031,125.97395800000001,125.93333333333334,40.62466666667319,1
587,587.0000000000031,126.20833300000001,126.13333333333334,74.99966666667035,1
588,588.0000000000031,126.691667,126.36666666666666,325.00033333333533,1
589,589.0000000000031,126.996875,126.66666666666667,330.20833333333144,1
590,590.0000000000031,127.230208,126.86666666666666,363.5413333333446,1
591,591.0000000000031,127.37291699999999,127.16666666666667,206.25033333331544,1
592,592.0000000000031,127.62291699999999,127.53333333333333,89.5836666666554,1
593,593.0000000000031,127.80520800000001,127.76666666666667,38.541333333341754,1
594,594.0000000000031,128.102083,128.06666666666666,35.416333333330385,1
595,595.0000000000031,128.26875,128.3,31.25,1
596,596.0000000000031,128.460417,128.46666666666667,6.249666666661824,1
597,597.0000000000031,128.75,128.66666666666666,83.33333333334281,1
598,598.0000000000031,128.972917,128.96666666666667,6.250333333326807,1
599,599.0000000000032,129.153125,129.16666666666666,13.541666666668561,1
600,600.0000000000031,129.373438,129.4,26.56200000001263,1
601,601.0000000000031,129.585417,129.53333333333333,52.0836666666753,1
602,602.0000000000031,129.804688,129.8,4.687999999987369,1
603,603.0000000000031,130.035417,130.06666666666666,31.24966666666751,1
604,604.0000000000032,130.272396,130.2,72.39599999999768,1
605,605.0000000000032,130.444792,130.46666666666667,21.874666666661824,1
606,606.0000000000033,130.738021,130.66666666666666,71.35433333334618,1
607,607.0000000000032,130.917708,130.86666666666667,51.041333333330385,1
608,608.0000000000033,131.096875,131.1,3.124999999982947,1
609,609.0000000000033,131.425,131.33333333333334,91.66666666666856,1
610,610.0000000000033,131.645833,131.6,45.833000000016,1
611,611.0000000000033,131.84843700000002,131.83333333333334,15.103666666675508,1
612,612.0000000000033,132.249099,132.03333333333333,215.76566666666963,1
613,613.0000000000033,132.520833,132.33333333333334,187.4996666666675,1
614,614.0000000000033,132.683619,132.63333333333333,50.28566666666734,1
615,615.0000000000033,132.879167,132.9,20.833000000010315,1
616,616.0000000000033,133.112965,133.1,12.965000000008331,1
617,617.0000000000033,133.309534,133.36666666666667,57.132666666660725,1
618,618.0000000000033,133.604167,133.6,4.166999999995369,1
619,619.0000000000032,133.785417,133.76666666666668,18.75033333331544,1
620,620.0000000000033,133.958333,134.0,41.666999999989685,1
621,621.0000000000033,134.194792,134.13333333333333,61.45866666668098,1
622,622.0000000000033,134.425,134.36666666666667,58.33333333333712,1
623,623.0000000000032,134.613542,134.56666666666666,46.87533333333249,1
624,624.0000000000033,134.834896,134.86666666666667,31.77066666668793,1
625,625.0000000000033,135.07343799999998,135.1,26.56200000001263,1
626,626.0000000000033,135.26875,135.26666666666668,2.0833333333314386,1
627,627.0000000000034,135.510417,135.46666666666667,43.75033333332112,1
628,628.0000000000034,135.76666699999998,135.7,66.66699999999537,1
629,629.0000000000033,135.95208300000002,135.96666666666667,14.583666666652562,1
630,630.0000000000034,136.236458,136.2,36.458000000010315,1
631,631.0000000000034,136.445833,136.4,45.83299999998758,1
632,632.0000000000034,136.66536499999998,136.66666666666666,1.3016666666771926,1
633,633.0000000000034,136.884896,136.86666666666667,18.22933333332344,1
634,634.0000000000034,137.1125,137.1,12.500000000017053,1
635,635.0000000000034,137.325,137.33333333333334,8.333333333354176,1
636,636.0000000000035,137.673958,137.56666666666666,107.29133333333607,1
637,637.0000000000035,137.98125,137.83333333333334,147.91666666664582,1
638,638.0000000000034,138.213542,138.13333333333333,80.20866666666393,1
639,639.0000000000035,138.386458,138.4,13.542000000001053,1
640,640.0000000000034,138.624479,138.6,24.479000000013684,1
641,641.0000000000035,138.816667,138.83333333333334,16.66633333334744,1
642,642.0000000000034,139.111458,139.03333333333333,78.12466666666751,1
643,643.0000000000034,139.279167,139.3,20.833000000010315,1
644,644.0000000000034,139.517448,139.5,17.448000000001684,1
645,645.0000000000034,139.755729,139.66666666666666,89.06233333334512,1
646,646.0000000000034,139.932292,139.93333333333334,1.0413333333474384,1
647,647.0000000000034,140.167708,140.16666666666666,1.0413333333474384,1
648,648.0000000000034,140.394792,140.43333333333334,38.541333333341754,1
649,649.0000000000034,140.576042,140.6,23.957999999993262,1
650,650.0000000000034,140.79583300000002,140.76666666666668,29.16633333333607,1
651,651.0000000000034,141.01875,141.03333333333333,14.58333333332007,1
652,652.0000000000034,141.230729,141.2,30.729000000008,1
653,653.0000000000035,141.421875,141.36666666666667,55.208333333325754,1
654,654.0000000000034,141.75156299999998,141.66666666666666,84.89633333331881,1
655,655.0000000000034,141.980208,141.93333333333334,46.87466666666751,1
656,656.0000000000034,142.178125,142.16666666666666,11.458333333337123,1
657,657.0000000000034,142.373438,142.36666666666667,6.7713333333188075,1
658,658.0000000000034,142.571875,142.66666666666666,94.79166666665151,1
659,659.0000000000034,142.770833,142.83333333333334,62.50033333333249,1
660,660.0000000000031,143.029688,143.1,70.31200000000126,1
661,661.0000000000032,143.220833,143.23333333333332,12.500333333321123,1
662,662.0000000000033,143.429167,143.4,29.167000000001053,1
663,663.0000000000033,143.718229,143.66666666666666,51.56233333335081,1
664,664.0000000000031,144.040625,143.9,140.625,1
665,665.000000000003,144.255729,144.2,55.729000000013684,1
666,666.0000000000028,144.551042,144.43333333333334,117.70866666665825,1
667,667.000000000003,144.823958,144.73333333333332,90.62466666668456,1
668,668.000000000003,145.0125,145.0,12.499999999988631,1
669,669.0000000000028,145.231771,145.23333333333332,1.5623333333110168,1
670,670.0000000000028,145.465625,145.46666666666667,1.0416666666799301,1
671,671.0000000000025,145.66875,145.63333333333333,35.41666666666288,1
672,672.0000000000023,145.91093700000002,145.9,10.937000000012631,1
673,673.0000000000023,146.161458,146.1,61.458000000016,1
674,674.0000000000023,146.348958,146.36666666666667,17.70866666666393,1
675,675.0000000000022,146.621875,146.6,21.874999999994316,1
676,676.0000000000016,146.8875,146.7,187.5,1
677,677.0000000000016,147.114583,147.1,14.583000000016,1
678,678.0000000000016,147.413021,147.33333333333334,79.68766666664351,1
679,679.0000000000015,147.746875,147.6,146.87499999999432,1
680,680.0000000000016,147.929167,147.93333333333334,4.166333333330385,1
681,681.0000000000015,148.124479,148.13333333333333,8.854333333317754,1
682,682.0000000000015,148.35,148.36666666666667,16.66666666667993,1
683,683.0000000000015,148.573958,148.53333333333333,40.62466666667319,1
684,684.0000000000014,149.26093799999998,148.86666666666667,394.27133333330744,1
685,685.0000000000015,149.55625,149.13333333333333,422.91666666667993,1
686,686.0000000000015,149.799479,149.73333333333332,66.14566666667088,1
687,687.0000000000013,150.028125,149.96666666666667,61.45833333332007,1
688,688.0000000000013,150.34375,150.2,143.75000000001137,1
689,689.0000000000013,150.53229199999998,150.53333333333333,1.0413333333474384,1
690,690.000000000001,150.820833,150.7,120.83300000000463,1
691,691.0000000000011,151.010417,151.0,10.416999999989685,1
692,692.0000000000011,151.208333,151.23333333333332,25.000333333309754,1
693,693.000000000001,151.528125,151.46666666666667,61.45833333332007,1
694,694.0000000000011,151.727083,151.7,27.08300000000463,1
695,695.000000000001,151.940625,151.93333333333334,7.291666666674246,1
696,696.000000000001,152.179167,152.16666666666666,12.500333333349545,1
697,697.0000000000013,152.363542,152.33333333333334,30.20866666665256,1
698,698.0000000000008,152.607292,152.56666666666666,40.625333333338176,1
699,699.0000000000008,152.882292,152.76666666666668,115.62533333332681,1
700,700.0000000000008,153.038542,153.03333333333333,5.208666666675299,1
701,701.0000000000007,153.28125,153.23333333333332,47.91666666667993,1
702,702.0000000000007,153.611979,153.43333333333334,178.64566666665382,1
703,703.0000000000007,153.840625,153.8,40.62499999997726,1
704,704.0000000000007,153.995833,154.03333333333333,37.50033333332681,1
705,705.0000000000007,154.25468700000002,154.26666666666668,11.979666666661615,1
706,706.0000000000006,154.461458,154.5,38.54200000000674,1
707,707.0000000000005,154.676041,154.66666666666666,9.3743333333407,1
708,708.0000000000005,154.93645800000002,154.96666666666667,30.20866666665256,1
709,709.0000000000003,155.1,155.1,0.0,1
710,710.0000000000005,155.278125,155.3,21.875000000022737,1
711,711.0000000000005,155.54218799999998,155.5,42.187999999981685,1
712,712.0000000000002,155.841667,155.76666666666668,75.00033333332112,1
713,713.0000000000005,156.01458300000002,156.03333333333333,18.75033333331544,1
714,714.0000000000002,156.316666,156.23333333333332,83.33266666667782,1
715,715.0000000000002,156.578125,156.53333333333333,44.79166666666856,1
716,716.0000000000002,156.794792,156.76666666666668,28.125333333321123,1
717,717.0000000000001,157.011458,157.0,11.458000000004631,1
718,718.0000000000001,157.247917,157.16666666666666,81.25033333334386,1
719,719.0,157.44218700000002,157.36666666666667,75.52033333334407,1
720,719.9999999999999,157.70781200000002,157.63333333333333,74.47866666669256,1
721,721.0000000000001,157.991667,157.86666666666667,125.00033333333249,1
722,721.9999999999998,158.1,158.1,0.0,1
723,722.9999999999994,158.353125,158.3,53.124999999994316,1
724,723.9999999999997,158.6,158.53333333333333,66.66666666666288,1
725,724.9999999999999,158.77656299999998,158.76666666666668,9.896333333301754,1
726,725.9999999999999,158.953125,159.0,46.875,1
727,726.9999999999997,159.15729199999998,159.3,142.70800000002737,1
728,727.9999999999995,159.3375,159.4,62.5,1
729,728.9999999999998,159.575,159.53333333333333,41.66666666665719,1
730,729.9999999999993,159.76875,159.76666666666668,2.0833333333314386,1
731,730.9999999999993,159.94843799999998,159.96666666666667,18.228666666686877,1
732,731.9999999999992,160.13958300000002,160.1,39.583000000021684,1
733,732.999999999999,160.308333,160.33333333333334,25.000333333338176,1
734,733.9999999999992,160.555729,160.53333333333333,22.395666666682246,1
735,734.9999999999986,160.855729,160.73333333333332,122.39566666667656,1
736,735.9999999999989,161.07916699999998,161.0,79.166999999984,1
737,736.9999999999992,161.278125,161.26666666666668,11.458333333308701,1
738,737.999999999999,161.402083,161.46666666666667,64.58366666666393,1
739,738.999999999999,161.575,161.6,25.000000000005684,1
740,739.999999999999,161.739583,161.8,60.41700000000105,1
741,740.9999999999986,161.981771,161.93333333333334,48.43766666667193,1
742,741.9999999999987,162.15625,162.16666666666666,10.416666666657193,1
743,742.9999999999986,162.363542,162.36666666666667,3.124666666678877,1
744,743.9999999999985,162.630209,162.53333333333333,96.87566666667635,1
745,744.9999999999985,162.817188,162.8,17.187999999976,1
746,745.9999999999983,163.004167,163.06666666666666,62.49966666666751,1
747,746.9999999999985,163.18645800000002,163.3,113.54199999999537,1
748,747.9999999999985,163.348958,163.56666666666666,217.70866666665256,1
749,748.9999999999985,163.536458,163.76666666666668,230.20866666666961,1
750,749.9999999999982,163.714583,163.7,14.583000000016,1
751,750.9999999999982,163.909375,163.93333333333334,23.958333333325754,1
752,751.9999999999982,164.104167,164.2,95.83299999999895,1
753,752.9999999999984,164.305729,164.43333333333334,127.60433333332344,1
754,753.9999999999981,164.46875,164.5,31.25,1
755,754.999999999998,164.65520800000002,164.66666666666666,11.458666666641193,1
756,755.999999999998,164.85,164.83333333333334,16.66666666665151,1
757,756.9999999999977,165.040625,165.06666666666666,26.041666666657193,1
758,757.9999999999976,165.23125,165.33333333333334,102.08333333335418,1
759,758.9999999999978,165.42656200000002,165.56666666666666,140.10466666664456,1
760,759.9999999999977,165.597917,165.83333333333334,235.41633333334744,1
761,760.9999999999978,165.78020800000002,166.06666666666666,286.4586666666469,1
762,761.9999999999975,165.95,165.96666666666667,16.66666666667993,1
763,762.9999999999975,166.128646,166.2,71.35399999998526,1
764,763.9999999999977,166.307292,166.43333333333334,126.04133333334744,1
765,764.9999999999977,166.509896,166.6,90.10399999999663,1
766,765.9999999999974,166.675,166.6,75.00000000001705,1
767,766.9999999999972,166.86041699999998,166.86666666666667,6.249666666690246,1
768,767.999999999997,167.065625,167.06666666666666,1.0416666666515084,1
769,768.9999999999969,167.255729,165.16666666666666,2089.062333333345,1
770,769.999999999997,167.445833,165.33333333333334,2112.4996666666502,1
771,770.999999999997,167.65156299999998,165.43333333333334,2218.2296666666443,1
772,771.9999999999972,167.823958,165.83333333333334,1990.6246666666618,1
773,772.9999999999967,168.01458300000002,166.03333333333333,1981.2496666666846,1
774,773.9999999999967,168.184375,168.43333333333334,248.9583333333485,1
775,774.9999999999966,168.361458,168.76666666666668,405.208666666681,1
776,775.9999999999965,168.503125,168.66666666666666,163.54166666664582,1
777,776.9999999999965,168.694792,168.66666666666666,28.125333333349545,1
778,777.9999999999964,168.883333,168.66666666666666,216.66633333333607,1
779,778.9999999999962,169.059375,169.16666666666666,107.29166666666856,1
780,779.9999999999964,169.273438,169.36666666666667,93.22866666667551,1
781,780.9999999999959,169.518229,169.6,81.77100000000337,1
782,781.9999999999962,169.763021,169.63333333333333,129.6876666666833,1
783,782.9999999999964,170.007813,169.63333333333333,374.479666666673,1
784,783.9999999999961,170.311574,169.63333333333333,678.2406666666816,1
785,784.999999999996,170.615336,169.63333333333333,982.0026666666877,1
786,785.9999999999962,170.919097,169.63333333333333,1285.7636666666679,1
787,786.9999999999961,171.222859,169.63333333333333,1589.525666666674,1
788,787.9999999999964,171.526621,169.63333333333333,1893.28766666668,1
789,788.9999999999962,171.83038200000001,169.63333333333333,2197.0486666666884,1
790,789.9999999999961,172.134144,169.63333333333333,2500.8106666666663,1
791,790.9999999999961,172.437905,169.63333333333333,2804.571666666675,1
792,791.999999999996,172.741667,169.63333333333333,3108.333666666681,1
793,792.9999999999977,173.06875,169.63333333333333,3435.416666666669,1
794,793.9999999999976,173.395834,169.63333333333333,3762.5006666666823,1
795,794.9999999999977,173.722917,171.46666666666667,2256.250333333327,1
796,795.9999999999977,174.211979,171.76666666666668,2445.3123333333338,1
797,796.9999999999976,174.701042,173.1,1601.0420000000067,1
798,797.9999999999977,175.19010500000002,173.33333333333334,1856.771666666674,1
799,798.9999999999976,175.679167,173.86666666666667,1812.5003333333325,1
800,799.9999999999976,176.15625,174.13333333333333,2022.9166666666742,1
801,800.9999999999976,176.455208,174.36666666666667,2088.5413333333245,1
802,801.9999999999975,176.73125,174.6,2131.2499999999945,1
803,802.9999999999976,177.301042,174.86666666666667,2434.375333333321,1
804,803.9999999999976,177.565625,175.1,2465.6250000000173,1
805,804.9999999999976,177.918055,175.36666666666667,2551.388333333335,1
806,805.9999999999977,178.270486,175.6,2670.486000000011,1
807,806.9999999999976,178.622917,174.1,4522.917000000007,1
808,807.9999999999976,179.042187,177.76666666666668,1275.5203333333327,1
809,808.9999999999977,179.461458,178.0,1461.4579999999933,1
810,809.9999999999976,179.880729,178.3,1580.728999999991,1
811,810.9999999999976,180.3,178.73333333333332,1566.6666666666913,1
812,811.9999999999975,180.713542,179.0,1713.5419999999897,1
813,812.9999999999972,181.0,179.23333333333332,1766.66666666668,1
814,813.9999999999974,181.352083,179.46666666666667,1885.4163333333247,1
815,814.9999999999975,181.810677,179.73333333333332,2077.3436666666785,1
816,815.9999999999972,182.269271,179.96666666666667,2302.6043333333346,1
817,816.9999999999974,182.653472,176.66666666666666,5986.805333333336,1
818,817.9999999999974,183.037674,176.9,6137.6740000000045,1
819,818.9999999999972,183.421875,177.36666666666667,6055.208333333326,1
820,819.9999999999974,184.16093700000002,177.73333333333332,6427.603666666699,1
821,820.999999999997,184.9,177.96666666666667,6933.333333333338,1
822,821.9999999999972,185.284896,178.26666666666668,7018.229333333324,1
823,822.9999999999972,185.670052,178.46666666666667,7203.38533333333,1
824,823.9999999999972,186.055208,178.53333333333333,7521.874666666662,1
825,824.9999999999972,186.440364,184.1,2340.363999999994,1
826,825.9999999999972,186.825521,184.33333333333334,2492.1876666666662,1
827,826.9999999999972,187.210677,184.6,2610.6770000000097,1
828,827.9999999999972,187.595833,183.16666666666666,4429.166333333342,1
829,828.9999999999972,187.95468799999998,183.36666666666667,4588.021333333301,1
830,829.999999999997,188.31354199999998,183.43333333333334,4880.208666666647,1
831,830.9999999999974,188.725521,183.66666666666666,5058.854333333329,1
832,831.9999999999972,189.026042,182.16666666666666,6859.3753333333325,1
833,832.9999999999969,189.32656200000002,182.4,6926.562000000018,1
834,833.9999999999969,189.675,182.53333333333333,7141.66666666668,1
835,834.999999999997,189.982031,188.83333333333334,1148.6976666666635,1
836,835.9999999999969,190.289063,189.1,1189.0630000000044,1
837,836.9999999999969,190.689583,189.36666666666667,1322.9163333333247,1
838,837.9999999999967,190.69375,189.86666666666667,827.0833333333201,1
839,838.9999999999967,191.386979,190.06666666666666,1320.3123333333338,1
840,839.9999999999967,191.853125,190.5,1353.1250000000057,1
841,840.9999999999965,193.09270800000002,190.8,2292.7080000000046,1
842,841.9999999999966,193.448958,191.03333333333333,2415.624666666673,1
843,842.9999999999964,193.720833,191.3,2420.832999999988,1
844,843.9999999999966,193.986458,191.76666666666668,2219.791333333319,1
845,844.9999999999966,194.2,191.93333333333334,2266.6666666666515,1
846,845.9999999999966,194.466667,192.23333333333332,2233.333666666681,1
847,846.9999999999966,194.701042,192.46666666666667,2234.3753333333325,1
848,847.9999999999966,195.007292,192.76666666666668,2240.625333333327,1
849,848.9999999999965,195.520833,193.36666666666667,2154.1663333333363,1
850,849.9999999999967,196.253472,193.63333333333333,2620.138666666662,1
851,850.9999999999967,196.98611100000002,193.83333333333334,3152.7776666666796,1
852,851.9999999999967,197.71875,194.13333333333333,3585.4166666666742,1
853,852.9999999999966,198.05,195.4,2650.0000000000055,1
854,853.9999999999967,198.38125,195.56666666666666,2814.583333333331,1
855,854.9999999999965,198.7125,195.9,2812.5,1
856,855.9999999999966,199.11406200000002,196.13333333333333,2980.7286666666923,1
857,856.9999999999966,199.515625,198.1,1415.6250000000057,1
858,857.9999999999966,199.91718799999998,198.33333333333334,1583.8546666666389,1
859,858.9999999999966,200.31875,198.83333333333334,1485.4166666666515,1
860,859.9999999999965,200.744792,199.1,1644.7919999999954,1
861,860.9999999999965,201.046875,199.33333333333334,1713.5416666666572,1
862,861.9999999999967,201.332292,199.6,1732.292000000001,1
863,862.9999999999967,201.64166699999998,199.83333333333334,1808.3336666666412,1
864,863.9999999999967,202.070833,200.06666666666666,2004.1663333333304,1
865,864.9999999999968,202.455208,200.23333333333332,2221.874666666679,1
866,865.9999999999965,202.839583,201.5,1339.5830000000046,1
867,866.9999999999965,203.223958,201.8,1423.957999999999,1
868,867.9999999999966,203.62473899999998,202.26666666666668,1358.072333333297,1
869,868.9999999999966,204.025521,202.53333333333333,1492.1876666666662,1
870,869.9999999999966,204.426302,202.73333333333332,1692.9686666666726,1
871,870.9999999999966,204.82708300000002,203.33333333333334,1493.7496666666732,1
872,871.9999999999967,205.292708,203.6,1692.7080000000103,1
873,872.9999999999967,205.571875,203.83333333333334,1738.5416666666629,1
874,873.9999999999967,205.855208,204.13333333333333,1721.8746666666789,1
875,874.9999999999967,206.307031,205.0,1307.030999999995,1
876,875.9999999999967,206.758854,205.43333333333334,1325.5206666666766,1
877,876.9999999999967,207.132292,205.76666666666668,1365.6253333333268,1
878,877.9999999999967,207.442708,206.03333333333333,1409.3746666666789,1
879,878.9999999999967,208.03229199999998,206.4,1632.2919999999783,1
880,879.9999999999967,208.450174,206.63333333333333,1816.8406666666783,1
881,880.9999999999967,208.868056,206.93333333333334,1934.7226666666586,1
882,881.9999999999967,209.28593700000002,207.63333333333333,1652.6036666666926,1
883,882.9999999999967,209.960677,208.23333333333332,1727.343666666684,1
884,883.9999999999967,210.635417,208.5,2135.4169999999895,1
885,884.9999999999967,211.01666699999998,208.73333333333332,2283.3336666666637,1
886,885.9999999999967,211.362616,209.43333333333334,1929.2826666666656,1
887,886.9999999999967,211.708565,209.7,2008.5650000000044,1
888,887.9999999999967,212.054514,209.96666666666667,2087.847333333343,1
889,888.9999999999967,212.400463,210.2,2200.4630000000134,1
890,889.9999999999967,212.74641200000002,210.4,2346.412000000015,1
891,890.9999999999967,213.09236099999998,211.53333333333333,1559.0276666666512,1
892,891.9999999999967,213.43831,211.9,1538.3099999999956,1
893,892.9999999999967,213.784259,212.13333333333333,1650.9256666666658,1
894,893.9999999999967,214.130208,212.26666666666668,1863.5413333333304,1
895,894.9999999999967,214.451785,212.53333333333333,1918.4516666666696,1
896,895.9999999999967,214.773363,212.63333333333333,2140.0296666666636,1
897,896.9999999999968,215.09493999999998,212.7,2394.9399999999914,1
898,897.9999999999968,215.41651800000002,212.43333333333334,2983.184666666688,1
899,898.9999999999967,215.73809500000002,212.66666666666666,3071.4283333333583,1
900,899.9999999999967,216.059673,212.76666666666668,3293.0063333333237,1
901,900.9999999999968,216.38125,212.76666666666668,3614.5833333333144,1
902,901.9999999999967,216.758333,212.76666666666668,3991.6663333333136,1
903,902.9999999999966,217.002083,212.76666666666668,4235.416333333319,1
904,903.9979166666633,217.121875,212.83333333333334,4288.541666666646,1
905,904.9999999999966,218.18593700000002,212.6,5585.93700000003,1
906,905.9999999999966,218.60625,212.76666666666668,5839.5833333333085,1
907,906.9999999999966,218.935417,217.26666666666668,1668.7503333333211,1
908,907.9999999999964,219.26458300000002,217.46666666666667,1797.9163333333474,1
909,908.9999999999964,219.62604199999998,218.3,1326.0419999999726,1
910,909.9999999999965,219.93125,218.66666666666666,1264.5833333333485,1
911,910.9999999999964,220.236458,219.16666666666666,1069.7913333333418,1
912,911.9999999999964,220.64010499999998,219.46666666666667,1173.4383333333085,1
913,912.9999999999964,220.99505200000002,219.76666666666668,1228.3853333333354,1
914,913.9999999999961,221.35,220.03333333333333,1316.6666666666629,1
915,914.9999999999961,221.866667,220.36666666666667,1500.0003333333325,1
916,915.9999999999961,222.275694,220.63333333333333,1642.3606666666615,1
917,916.9999999999961,222.68472200000002,221.03333333333333,1651.3886666666906,1
918,917.9999999999961,223.09375,221.46666666666667,1627.0833333333314,1
919,918.9999999999961,223.60781200000002,221.83333333333334,1774.4786666666812,1
920,919.9999999999961,224.121875,222.1,2021.8749999999943,1
921,920.9999999999959,224.552083,220.2,4352.0830000000215,1
922,921.9999999999959,224.835417,217.93333333333334,6902.083666666669,1
923,922.9999999999958,225.11875,218.0,7118.7500000000055,1
924,923.9999999999956,225.571875,218.16666666666666,7405.2083333333485,1
925,924.9999999999956,226.590625,224.83333333333334,1757.2916666666458,1
926,925.9999999999956,227.223958,225.0,2223.9580000000105,1
927,926.9999999999956,227.71718700000002,225.23333333333332,2483.853666666704,1
928,927.9999999999956,228.372396,225.46666666666667,2905.7293333333405,1
929,928.9999999999953,228.788021,225.76666666666668,3021.3543333333064,1
930,929.9999999999953,229.152083,226.03333333333333,3118.749666666673,1
931,930.9999999999953,229.503646,227.9,1603.6459999999977,1
932,931.9999999999953,229.825521,228.13333333333333,1692.1876666666833,1
933,932.9999999999952,230.189583,228.4,1789.5829999999933,1
934,933.9999999999952,230.621875,228.9,1721.874999999983,1
935,934.9999999999952,230.928125,229.63333333333333,1294.7916666666686,1
936,935.9999999999952,231.244271,229.96666666666667,1277.6043333333291,1
937,936.9999999999952,231.604167,230.26666666666668,1337.5003333333098,1
938,937.9999999999951,231.908854,230.56666666666666,1342.187333333328,1
939,938.9999999999951,232.278125,231.1,1178.1249999999943,1
940,939.9999999999951,232.72343700000002,231.33333333333334,1390.1036666666755,1
941,940.999999999995,233.04218799999998,231.73333333333332,1308.8546666666616,1
942,941.999999999995,233.386458,232.1,1286.4580000000103,1
943,942.999999999995,233.706771,232.36666666666667,1340.1043333333291,1
944,943.999999999995,233.992188,232.6,1392.1880000000044,1
945,944.999999999995,234.315104,231.1,3215.1039999999966,1
946,945.9999999999949,234.690104,231.3,3390.1039999999794,1
947,946.9999999999948,234.94166600000003,233.83333333333334,1108.3326666666835,1
948,947.9999999999949,235.272917,234.13333333333333,1139.583666666681,1
949,948.9999999999948,235.65729199999998,234.43333333333334,1223.9586666666469,1
950,949.9999999999948,235.99843700000002,234.7,1298.4370000000354,1
951,950.9999999999948,236.363542,235.1,1263.542000000001,1
952,951.9999999999947,236.963021,235.43333333333334,1529.6876666666606,1
953,952.9999999999947,237.32760499999998,235.7,1627.6049999999884,1
954,953.9999999999947,237.654167,236.16666666666666,1487.5003333333439,1
955,954.9999999999947,237.989583,236.53333333333333,1456.2496666666789,1
956,955.9999999999947,238.275521,236.76666666666668,1508.8543333333178,1
957,956.9999999999947,238.595833,237.03333333333333,1562.4996666666675,1
958,957.9999999999945,238.96770800000002,237.8,1167.7080000000046,1
959,958.9999999999944,239.207292,238.1,1107.292000000001,1
960,959.9999999999945,239.48333300000002,238.4,1083.3330000000103,1
961,960.9999999999944,239.810417,238.73333333333332,1077.083666666681,1
962,961.9999999999944,240.081771,239.0,1081.7710000000034,1
963,962.9999999999944,240.390625,239.36666666666667,1023.9583333333258,1
964,963.9999999999944,240.897917,239.66666666666666,1231.2503333333495,1
965,964.9999999999943,241.19322999999997,239.93333333333334,1259.8966666666342,1
966,965.9999999999943,241.541667,240.23333333333332,1308.3336666666696,1
967,966.9999999999943,241.857292,240.53333333333333,1323.9586666666696,1
968,967.9999999999942,242.13593799999998,240.76666666666668,1369.2713333333018,1
969,968.9999999999942,242.44791600000002,241.0,1447.9160000000206,1
970,969.9999999999942,242.783854,241.73333333333332,1050.5206666666709,1
971,970.9999999999941,243.002083,242.0,1002.082999999999,1
972,971.9999999999941,243.297396,242.26666666666668,1030.729333333312,1
973,972.9999999999941,243.65781299999998,242.56666666666666,1091.1463333333131,1
974,973.9999999999941,243.88072999999997,242.83333333333334,1047.3966666666286,1
975,974.9999999999941,244.25625,243.16666666666666,1089.5833333333371,1
976,975.9999999999941,244.789583,243.5,1289.5829999999933,1
977,976.9999999999939,245.09479199999998,243.73333333333332,1361.458666666664,1
978,977.9999999999941,245.465625,244.0,1465.6249999999886,1
979,978.9999999999939,245.68906299999998,244.43333333333334,1255.7296666666389,1
980,979.9999999999939,245.9625,244.96666666666667,995.8333333333371,1
981,980.9999999999939,246.26666699999998,245.26666666666668,1000.0003333333041,1
982,981.9999999999939,246.75520899999998,245.53333333333333,1221.875666666648,1
983,982.9999999999937,247.005729,245.86666666666667,1139.062333333328,1
984,983.9999999999939,247.306771,246.1,1206.7710000000034,1
985,984.9999999999937,247.58958399999997,246.36666666666667,1222.9173333332994,1
986,985.9999999999937,247.87343700000002,246.9,973.4370000000183,1
987,986.9999999999937,248.205208,247.16666666666666,1038.5413333333418,1
988,987.9999999999935,248.578646,247.46666666666667,1111.9793333333234,1
989,988.9999999999935,248.86875,247.76666666666668,1102.0833333333258,1
990,989.9999999999935,249.18229100000002,248.0,1182.2910000000206,1
991,990.9999999999935,249.519792,248.36666666666667,1153.1253333333211,1
992,991.9999999999935,249.84531299999998,248.76666666666668,1078.646333333296,1
993,992.9999999999934,250.231771,249.1,1131.7710000000147,1
994,993.9999999999934,250.783854,249.33333333333334,1450.5206666666481,1
995,994.9999999999933,251.158854,249.7,1458.8540000000023,1
996,995.9999999999933,251.542708,250.0,1542.7080000000046,1
997,996.9999999999934,252.004167,250.36666666666667,1637.5003333333211,1
998,997.9999999999932,252.69375,250.63333333333333,2060.416666666669,1
999,998.9999999999932,253.21354100000002,250.86666666666667,2346.8743333333464,1
1000,999.9999999999887,253.529167,251.13333333333333,2395.8336666666755,1
1001,1000.999999999989,253.721875,251.43333333333334,2288.5416666666742,1
1002,1001.999999999989,253.90468700000002,251.43333333333334,2471.353666666687,1
1003,1002.9999999999891,254.132292,252.16666666666666,1965.6253333333495,1
1004,1003.9999999999891,254.30156200000002,252.2,2101.56200000003,1
1005,1004.9999999999891,254.50156299999998,252.63333333333333,1868.2296666666502,1
1006,1005.9999999999892,254.715625,252.73333333333332,1982.2916666666686,1
1007,1006.9999999999892,254.913542,253.23333333333332,1680.2086666666867,1
1008,1007.9999999999893,255.134896,253.53333333333333,1601.5626666666662,1
1009,1008.9999999999893,255.359375,253.8,1559.3749999999886,1
1010,1009.9999999999893,255.535417,254.9,635.4169999999897,1
1011,1010.9999999999894,255.715104,255.1,615.1040000000023,1
1012,1011.9999999999894,255.940625,255.3,640.625,1
1013,1012.9999999999895,256.134375,255.5,634.3749999999773,1
1014,1013.9999999999895,256.324479,255.7,624.479000000008,1
1015,1014.9999999999895,256.542708,255.9,642.707999999999,1
1016,1015.9999999999898,256.720833,256.1,620.8330000000046,1
1017,1016.9999999999898,256.921354,256.3333333333333,588.0206666666936,1
1018,1017.9999999999899,257.153125,256.46666666666664,686.4583333333485,1
1019,1018.9999999999899,257.341667,256.73333333333335,608.3336666666241,1
1020,1019.9999999999899,257.5375,256.8666666666667,670.8333333333485,1
1021,1020.9999999999901,257.74375,257.1,643.7499999999545,1
1022,1021.9999999999901,257.93125,257.3,631.2499999999659,1
1023,1022.9999999999902,258.144791,257.46666666666664,678.1243333333578,1
1024,1023.9999999999902,258.371875,257.73333333333335,638.5416666666401,1
1025,1024.9999999999902,258.56458399999997,257.9,664.5839999999907,1
1026,1025.9999999999902,258.758333,258.1,658.3329999999705,1
1027,1026.9999999999902,258.9625,258.3333333333333,629.1666666666629,1
1028,1027.9999999999905,259.156771,258.53333333333336,623.4376666666321,1
1029,1028.9999999999905,259.34583399999997,258.73333333333335,612.5006666666195,1
1030,1029.9999999999905,259.525,258.93333333333334,591.6666666666401,1
1031,1030.9999999999907,259.72864599999997,259.1,628.6459999999465,1
1032,1031.9999999999907,259.95520899999997,259.3,655.2089999999566,1
1033,1032.9999999999907,260.165625,259.5,665.6249999999773,1
1034,1033.9999999999907,260.345833,259.76666666666665,579.1663333333759,1
1035,1034.9999999999907,260.526562,259.93333333333334,593.2286666666755,1
1036,1035.999999999991,260.74375,260.1333333333333,610.4166666666515,1
1037,1036.999999999991,260.930729,260.3,630.7289999999739,1
1038,1037.9999999999911,261.125521,260.5,625.520999999992,1
1039,1038.9999999999911,261.321875,260.7,621.8749999999886,1
1040,1039.9999999999911,261.51822999999996,260.93333333333334,584.8966666666229,1
1041,1040.9999999999911,261.71302099999997,261.1333333333333,579.6876666666435,1
1042,1041.9999999999911,261.914583,261.23333333333335,681.2496666666448,1
1043,1042.9999999999914,262.108854,261.5,608.854000000008,1
1044,1043.9999999999914,262.316146,261.6666666666667,649.4793333333178,1
1045,1044.9999999999914,262.514583,261.9,614.5830000000387,1
1046,1045.9999999999916,262.695834,262.06666666666666,629.1673333333279,1
1047,1046.9999999999916,262.89635400000003,262.26666666666665,629.6873333333792,1
1048,1047.9999999999916,263.119792,262.46666666666664,653.125333333378,1
1049,1048.9999999999916,263.285938,262.6666666666667,619.2713333333018,1
1050,1049.9999999999916,263.473958,262.8333333333333,640.6246666666675,1
1051,1050.9999999999918,263.666667,263.06666666666666,600.0003333333552,1
1052,1051.9999999999918,263.852604,263.26666666666665,585.9373333333338,1
1053,1052.9999999999918,264.051042,263.46666666666664,584.3753333333552,1
1054,1053.9999999999918,264.261458,263.6333333333333,628.1246666666789,1
1055,1054.9999999999918,264.479167,263.8333333333333,645.8336666667037,1
1056,1055.999999999992,264.697917,264.03333333333336,664.5836666666582,1
1057,1056.999999999992,264.882292,264.2,682.2920000000181,1
1058,1057.9999999999923,265.083333,264.43333333333334,649.9996666666448,1
1059,1058.9999999999923,265.26875,264.7,568.7500000000227,1
1060,1059.9999999999916,265.476563,264.9,576.5630000000215,1
1061,1060.9999999999916,265.652084,265.06666666666666,585.4173333333392,1
1062,1061.9999999999916,265.86093700000004,265.26666666666665,594.2703333333839,1
1063,1062.9999999999916,266.052083,265.46666666666664,585.4163333333418,1
1064,1063.9999999999916,266.223437,265.6333333333333,590.1036666666641,1
1065,1064.9999999999916,266.407292,265.8333333333333,573.9586666666696,1
1066,1065.9999999999916,266.635417,266.03333333333336,602.0836666666582,1
1067,1066.9999999999916,266.839583,266.2,639.583000000016,1
1068,1067.9999999999916,267.053125,266.43333333333334,619.7916666666856,1
1069,1068.9999999999916,267.252083,266.6,652.0830000000046,1
1070,1069.9999999999916,267.45,266.8,649.9999999999773,1
1071,1070.9999999999916,267.607292,267.03333333333336,573.9586666666128,1
1072,1071.9999999999916,267.9125,267.26666666666665,645.8333333333712,1
1073,1072.9999999999916,268.103125,267.46666666666664,636.4583333333371,1
1074,1073.9999999999916,268.291667,267.6333333333333,658.3336666666924,1
1075,1074.9999999999916,268.471875,267.8666666666667,605.2083333333371,1
1076,1075.9999999999916,268.667708,268.1,567.7079999999819,1
1077,1076.9999999999916,268.94375,268.3333333333333,610.4166666667084,1
1078,1077.9999999999916,269.054167,268.53333333333336,520.8336666666469,1
1079,1078.9999999999916,269.235417,268.76666666666665,468.7503333333325,1
1080,1079.9999999999916,269.433333,269.1666666666667,266.666333333319,1
1081,1080.9999999999916,269.623958,269.1333333333333,490.62466666669025,1
1082,1081.9999999999916,269.80625,269.23333333333335,572.9166666666288,1
1083,1082.9999999999916,269.992708,269.43333333333334,559.3746666666561,1
1084,1083.9999999999916,270.173958,269.6333333333333,540.6246666667016,1
1085,1084.9999999999916,270.357292,269.6666666666667,690.625333333287,1
1086,1085.9999999999916,270.53125,269.6666666666667,864.5833333333144,1
1087,1086.9999999999916,270.738542,269.6666666666667,1071.8753333333098,1
1088,1087.9999999999916,270.909375,270.43333333333334,476.04166666667425,1
1089,1088.9999999999916,271.120833,270.6,520.8329999999819,1
1090,1089.9999999999916,271.36059,270.43333333333334,927.2566666666648,1
1091,1090.9999999999916,271.600347,270.5,1100.3469999999993,1
1092,1091.9999999999916,271.840104,270.5,1340.1039999999966,1
1093,1092.9999999999918,272.079861,271.03333333333336,1046.527666666634,1
1094,1093.9999999999918,272.319618,271.26666666666665,1052.9513333333398,1
1095,1094.9999999999918,272.559375,271.53333333333336,1026.0416666666288,1
1096,1095.9999999999955,272.894271,271.8,1094.270999999992,1
1097,1096.9999999999955,273.229167,272.0,1229.167000000018,1
1098,1097.9999999999955,273.56406200000004,272.53333333333336,1030.7286666666755,1
1099,1098.9999999999955,273.97382799999997,272.73333333333335,1240.4946666666206,1
1100,1099.9999999999955,274.383594,273.0,1383.5940000000164,1
1101,1100.9999999999955,274.793359,273.26666666666665,1526.692333333358,1
1102,1101.9999999999955,275.203125,273.73333333333335,1469.7916666666515,1
1103,1102.9999999999952,275.664583,273.96666666666664,1697.9163333333531,1
1104,1103.9999999999952,275.94375,274.2,1743.750000000034,1
1105,1104.9999999999952,276.213542,274.46666666666664,1746.875333333378,1
1106,1105.9999999999952,276.618229,274.7,1918.2289999999966,1
1107,1106.9999999999952,277.022917,274.96666666666664,2056.2503333333666,1
1108,1107.9999999999952,277.360243,275.2,2160.243000000037,1
1109,1108.9999999999952,277.69757000000004,276.4,1297.5700000000643,1
1110,1109.9999999999952,278.034896,276.76666666666665,1268.2293333333519,1
1111,1110.9999999999952,278.41862000000003,277.1666666666667,1251.953333333347,1
1112,1111.9999999999952,278.802344,277.43333333333334,1369.010666666668,1
1113,1112.9999999999952,279.18606800000003,277.7,1486.0680000000457,1
1114,1113.9999999999952,279.569792,278.1666666666667,1403.1253333333211,1
1115,1114.9999999999952,279.975,278.4,1575.0000000000455,1
1116,1115.9999999999952,280.254167,278.6333333333333,1620.8336666666696,1
1117,1116.999999999995,280.56875,278.93333333333334,1635.4166666666856,1
1118,1117.9999999999952,280.971875,279.1666666666667,1805.2083333333258,1
1119,1118.999999999995,281.375,275.8333333333333,5541.666666666686,1
1120,1119.999999999995,281.758333,276.1333333333333,5624.9996666666675,1
1121,1120.999999999995,282.039583,276.4,5639.583000000016,1
1122,1121.999999999995,282.602083,276.8,5802.082999999982,1
1123,1122.999999999995,282.985416,277.03333333333336,5952.082666666627,1
1124,1123.999999999995,283.36875,281.96666666666664,1402.0833333333371,1
1125,1124.999999999995,283.75208399999997,282.1666666666667,1585.4173333332824,1
1126,1125.999999999995,284.417188,282.8,1617.1879999999987,1
1127,1126.999999999995,285.082292,283.03333333333336,2048.9586666666355,1
1128,1127.9999999999948,285.46875,283.3,2168.7499999999886,1
1129,1128.9999999999948,285.88993,283.9,1989.9300000000153,1
1130,1129.9999999999948,286.311111,284.1666666666667,2144.444333333297,1
1131,1130.9999999999948,286.732292,284.43333333333334,2298.9586666666355,1
1132,1131.9999999999948,287.153472,284.6333333333333,2520.1386666666963,1
1133,1132.9999999999948,287.57465299999996,284.93333333333334,2641.319666666618,1
1134,1133.9999999999948,287.995833,285.96666666666664,2029.1663333333645,1
1135,1134.9999999999948,288.348437,286.3,2048.4369999999785,1
1136,1135.9999999999948,288.701042,286.6,2101.04199999995,1
1137,1136.999999999995,289.141666,286.7,2441.665999999998,1
1138,1137.9999999999948,289.452604,286.73333333333335,2719.2706666666595,1
1139,1138.9999999999943,289.763542,287.23333333333335,2530.208666666624,1
1140,1139.9999999999948,290.15052099999997,287.3,2850.520999999958,1
1141,1140.9999999999948,290.451042,287.53333333333336,2917.7086666666128,1
1142,1141.999999999995,290.75156200000004,287.96666666666664,2784.8953333333952,1
1143,1142.999999999995,291.149479,289.7,1449.4789999999966,1
1144,1143.999999999995,291.508854,290.26666666666665,1242.1873333333338,1
1145,1144.999999999995,291.868229,290.53333333333336,1334.8956666666254,1
1146,1145.9999999999952,292.307813,290.93333333333334,1374.479666666673,1
1147,1146.9999999999948,293.871875,291.2,2671.875,1
1148,1147.999999999995,294.286458,291.46666666666664,2819.7913333333418,1
1149,1148.999999999995,294.596875,291.6666666666667,2930.2083333333258,1
1150,1149.9999999999948,294.888542,291.8333333333333,3055.2086666666582,1
1151,1150.9999999999948,295.122917,290.5,4622.916999999972,1
1152,1151.9999999999948,295.3875,290.6,4787.499999999965,1
1153,1152.999999999995,295.655208,290.93333333333334,4721.874666666679,1
1154,1153.999999999995,295.95625,292.9,3056.250000000034,1
1155,1154.999999999995,296.528125,293.1666666666667,3361.458333333303,1
1156,1155.9999999999952,297.32170099999996,294.4,2921.7009999999846,1
1157,1156.999999999995,298.115278,294.73333333333335,3381.944666666641,1
1158,1157.9999999999948,298.908854,295.0,3908.8540000000194,1
1159,1158.999999999995,299.22638900000004,296.3666666666667,2859.722333333366,1
1160,1159.999999999995,299.543923,296.53333333333336,3010.5896666666467,1
1161,1160.9999999999948,299.861458,296.8333333333333,3028.124666666713,1
1162,1161.999999999995,300.304167,297.06666666666666,3237.500333333344,1
1163,1162.999999999995,300.746875,299.26666666666665,1480.2083333333371,1
1164,1163.999999999995,301.18958399999997,299.46666666666664,1722.9173333333279,1
1165,1164.999999999995,301.632292,300.0,1632.2920000000067,1
1166,1165.999999999995,302.076042,300.26666666666665,1809.3753333333211,1
1167,1166.9999999999952,302.355208,300.53333333333336,1821.8746666666448,1
1168,1167.999999999995,302.621875,300.73333333333335,1888.5416666666401,1
1169,1168.999999999995,303.022396,301.0,2022.3960000000147,1
1170,1169.9999999999952,303.422917,301.26666666666665,2156.2503333333325,1
1171,1170.9999999999952,303.790625,301.53333333333336,2257.2916666666174,1
1172,1171.999999999995,304.15833399999997,301.76666666666665,2391.6673333333165,1
1173,1172.999999999995,304.526042,302.1,2426.0419999999954,1
1174,1173.9999999999952,304.910677,303.56666666666666,1344.0103333333582,1
1175,1174.9999999999952,305.29531299999996,303.7,1595.312999999976,1
1176,1175.9999999999952,305.679948,303.9,1779.9480000000472,1
1177,1176.9999999999952,306.064583,304.6333333333333,1431.2496666667016,1
1178,1177.9999999999952,306.557292,304.73333333333335,1823.9586666666696,1
1179,1178.9999999999952,306.878125,305.1333333333333,1744.7916666666856,1
1180,1179.9999999999952,307.190625,305.3333333333333,1857.291666666697,1
1181,1180.9999999999952,307.567969,305.6666666666667,1901.3023333333194,1
1182,1181.9999999999955,307.945313,305.9,2045.3130000000215,1
1183,1182.9999999999952,308.635417,302.53333333333336,6102.083666666658,1
1184,1183.9999999999955,309.021875,302.96666666666664,6055.208333333383,1
1185,1184.9999999999952,309.732292,303.23333333333335,6498.958666666624,1
1186,1185.9999999999955,310.155035,303.43333333333334,6721.7016666666605,1
1187,1186.9999999999952,310.57777799999997,303.7,6877.777999999978,1
1188,1187.9999999999952,311.000521,303.96666666666664,7033.854333333352,1
1189,1188.9999999999955,311.649219,304.1666666666667,7482.552333333331,1
1190,1189.9999999999955,312.297917,304.23333333333335,8064.5836666666355,1
1191,1190.9999999999955,312.678125,304.23333333333335,8444.791666666675,1
1192,1191.9999999999955,312.999769,304.23333333333335,8766.435666666666,1
1193,1192.9999999999955,313.321412,304.23333333333335,9088.07866666666,1
1194,1193.9999999999955,313.643056,304.23333333333335,9409.722666666654,1
1195,1194.9999999999955,313.964699,304.23333333333335,9731.365666666647,1
1196,1195.9999999999955,314.28634300000004,307.1,7186.343000000023,1
1197,1196.9999999999955,314.607986,307.3,7307.985999999972,1
1198,1197.9999999999955,314.92963,307.46666666666664,7462.963333333335,1
1199,1198.9999999999955,315.251273,307.6,7651.273000000003,1
1200,1199.9999999999952,315.572917,307.8,7772.917000000007,1
1201,1200.9999999999955,315.876191,307.1,8776.190999999983,1
1202,1201.9999999999952,316.179464,307.4,8779.464000000018,1
1203,1202.9999999999955,316.482738,307.46666666666664,9016.071333333344,1
1204,1203.9999999999952,316.786012,307.46666666666664,9319.345333333387,1
1205,1204.9999999999952,317.08928599999996,308.06666666666666,9022.619333333296,1
1206,1205.9999999999955,317.392559,308.23333333333335,9159.225666666658,1
1207,1206.9999999999957,317.695833,308.6,9095.83299999997,1
1208,1207.9999999999961,318.03125,308.6333333333333,9397.916666666675,1
1209,1208.9999999999961,318.25625,308.6333333333333,9622.916666666697,1
1210,1209.9979166666628,318.379167,309.76666666666665,8612.500333333344,1
1211,1210.9999999999961,319.460417,309.26666666666665,10193.750333333355,1
1212,1211.9999999999961,319.897396,309.56666666666666,10330.729333333351,1
1213,1212.999999999996,320.209375,318.53333333333336,1676.0416666666629,1
1214,1213.9999999999961,320.52135400000003,318.73333333333335,1788.0206666666822,1
1215,1214.9999999999961,320.859375,319.6,1259.3749999999773,1
1216,1215.9999999999961,321.18177099999997,319.9,1281.770999999992,1
1217,1216.9999999999964,321.504166,320.43333333333334,1070.8326666666608,1
1218,1217.9999999999964,321.897917,320.7,1197.917000000018,1
1219,1218.9999999999964,322.24010400000003,321.0,1240.1040000000307,1
1220,1219.9999999999964,322.582291,321.23333333333335,1348.9576666666494,1
1221,1220.9999999999964,323.135417,321.6333333333333,1502.0836666666924,1
1222,1221.9999999999964,323.634375,321.93333333333334,1701.0416666666401,1
1223,1222.9999999999964,324.133333,322.5,1633.3329999999933,1
1224,1223.9999999999964,324.632292,322.8,1832.2919999999954,1
1225,1224.9999999999964,325.054167,323.1,1954.166999999984,1
1226,1225.9999999999964,325.476042,323.3666666666667,2109.3753333333325,1
1227,1226.9999999999968,325.88125,323.56666666666666,2314.58333333336,1
1228,1227.9999999999968,326.170833,319.2,6970.833000000028,1
1229,1228.999999999997,326.464583,319.3666666666667,7097.916333333331,1
1230,1229.9999999999973,326.985417,319.46666666666664,7518.750333333344,1
1231,1230.9999999999975,327.990625,324.43333333333334,3557.2916666666856,1
1232,1231.9999999999973,328.594792,324.56666666666666,4028.125333333321,1
1233,1232.999999999998,329.05625,324.8666666666667,4189.583333333303,1
1234,1233.9999999999975,329.799479,324.8333333333333,4966.145666666705,1
1235,1234.9999999999975,330.221354,325.1,5121.353999999997,1
1236,1235.999999999998,330.5875,327.43333333333334,3154.16666666664,1
1237,1236.9999999999984,330.927083,329.23333333333335,1693.7496666666334,1
1238,1237.999999999998,331.219792,329.5,1719.791999999984,1
1239,1238.999999999998,331.602083,329.7,1902.0830000000046,1
1240,1239.999999999998,332.023438,330.3333333333333,1690.1046666666844,1
1241,1240.9999999999986,332.327604,331.06666666666666,1260.9373333333451,1
1242,1241.9999999999984,332.638021,331.3666666666667,1271.3543333333064,1
1243,1242.9999999999986,332.996354,331.6666666666667,1329.687333333311,1
1244,1243.9999999999986,333.290625,331.93333333333334,1357.2916666666401,1
1245,1244.9999999999986,333.64635499999997,332.5,1146.3549999999714,1
1246,1245.9999999999986,334.04895899999997,332.76666666666665,1282.2923333333165,1
1247,1246.9999999999989,334.34583399999997,333.1666666666667,1179.1673333332824,1
1248,1247.9999999999989,334.701042,333.46666666666664,1234.3753333333325,1
1249,1248.999999999999,335.0,333.7,1300.0000000000114,1
1250,1249.999999999999,335.288542,333.96666666666664,1321.8753333333666,1
1251,1250.999999999999,335.609896,334.1666666666667,1443.2293333333064,1
1252,1251.999999999999,335.967709,334.8333333333333,1134.375666666699,1
1253,1252.9999999999993,336.21875,335.1333333333333,1085.4166666666742,1
1254,1253.9999999999993,336.534375,335.46666666666664,1067.7083333333712,1
1255,1254.9999999999995,336.882292,335.7,1182.292000000018,1
1256,1255.9999999999998,337.18177099999997,335.96666666666664,1215.1043333333291,1
1257,1256.9999999999993,337.532292,336.43333333333334,1098.9586666666469,1
1258,1257.9999999999998,337.995833,336.7,1295.833000000016,1
1259,1258.9999999999998,338.277084,336.96666666666664,1310.417333333362,1
1260,1260.0,338.584375,337.3666666666667,1217.7083333333485,1
1261,1261.0,338.86510499999997,337.6666666666667,1198.4383333332858,1
1262,1262.0000000000002,339.133333,337.93333333333334,1199.9996666666561,1
1263,1263.0000000000002,339.434375,338.46666666666664,967.7083333333485,1
1264,1264.0000000000002,339.753125,338.76666666666665,986.4583333333599,1
1265,1265.0000000000002,339.980208,339.0,980.2080000000046,1
1266,1266.0000000000005,340.247917,339.26666666666665,981.2503333333211,1
1267,1267.0000000000002,340.55260400000003,339.6,952.604000000008,1
1268,1268.0000000000005,340.820313,339.9,920.3130000000215,1
1269,1269.0000000000007,341.126042,340.1666666666667,959.3753333332984,1
1270,1270.0000000000005,341.58385400000003,340.4,1183.8540000000535,1
1271,1271.000000000001,341.902083,340.73333333333335,1168.7496666666561,1
1272,1272.000000000001,342.211458,340.96666666666664,1244.7913333333531,1
1273,1273.000000000001,342.492188,341.26666666666665,1225.5213333333472,1
1274,1274.000000000001,342.76718700000004,341.5,1267.1870000000354,1
1275,1275.0000000000011,343.055729,342.1,955.7289999999625,1
1276,1276.000000000001,343.364063,342.4,964.0630000000101,1
1277,1277.0000000000014,343.59427,342.6666666666667,927.6033333333089,1
1278,1278.0000000000014,343.886459,342.93333333333334,953.125666666665,1
1279,1279.0000000000014,344.216667,343.1666666666667,1050.000333333287,1
1280,1280.0000000000014,344.53125,343.53333333333336,997.9166666666401,1
1281,1281.000000000002,344.982292,343.8,1182.2919999999613,1
1282,1282.0000000000014,345.51406299999996,344.06666666666666,1447.3963333333018,1
1283,1283.000000000002,345.81875,344.3666666666667,1452.0833333333485,1
1284,1284.000000000002,346.109375,344.6666666666667,1442.7083333333144,1
1285,1285.000000000002,346.403125,345.1666666666667,1236.458333333303,1
1286,1286.000000000002,346.672917,345.7,972.9169999999954,1
1287,1287.000000000002,346.990625,345.96666666666664,1023.9583333333826,1
1288,1288.0000000000023,347.414583,346.26666666666665,1147.9163333333418,1
1289,1289.0000000000023,347.647917,346.56666666666666,1081.2503333333439,1
1290,1290.0000000000025,347.906771,346.8333333333333,1073.4376666666776,1
1291,1291.0000000000025,348.1875,347.1,1087.4999999999773,1
1292,1292.0000000000025,348.454167,347.56666666666666,887.5003333333211,1
1293,1293.0000000000027,348.765625,347.8333333333333,932.2916666666856,1
1294,1294.0000000000027,349.09947999999997,348.06666666666666,1032.8133333333085,1
1295,1295.0000000000027,349.390104,348.3666666666667,1023.4373333333338,1
1296,1296.000000000003,349.714584,348.6,1114.5839999999794,1
1297,1297.000000000003,350.044792,348.93333333333334,1111.4586666666355,1
1298,1298.000000000003,350.344791,349.3,1044.7909999999752,1
1299,1299.0000000000032,350.701042,349.56666666666666,1134.3753333333098,1
1300,1300.0000000000032,351.171875,349.8666666666667,1305.2083333333258,1
1301,1301.0000000000032,351.558334,350.2,1358.3340000000135,1
1302,1302.0000000000034,351.938541,350.5,1438.5409999999865,1
1303,1303.0000000000034,352.432292,350.9,1532.2920000000408,1
1304,1304.0000000000032,353.033333,351.1666666666667,1866.6663333333418,1
1305,1305.0000000000061,353.593229,351.43333333333334,2159.895666666671,1
1306,1306.0000000000057,353.942708,351.6333333333333,2309.374666666656,1
1307,1307.0000000000057,354.11510400000003,351.9,2215.1040000000535,1
1308,1308.0000000000052,354.321875,351.9,2421.875,1
1309,1309.000000000005,354.54375,352.6333333333333,1910.4166666666629,1
1310,1310.0000000000048,354.725521,352.8333333333333,1892.1876666667004,1
1311,1311.0000000000045,354.91197900000003,352.9,2011.9790000000535,1
1312,1312.0000000000045,355.113542,353.1333333333333,1980.2086666666696,1
1313,1313.0000000000043,355.297396,353.6333333333333,1664.0626666666662,1
1314,1314.0000000000039,355.506771,353.93333333333334,1573.4376666666776,1
1315,1315.0000000000036,355.708333,355.06666666666666,641.666333333319,1
1316,1316.0000000000034,355.888542,355.3,588.5419999999613,1
1317,1317.0000000000034,356.071354,355.53333333333336,538.0206666666254,1
1318,1318.0000000000032,356.303125,355.6333333333333,669.791666666697,1
1319,1319.000000000003,356.48593700000004,355.8333333333333,652.603666666721,1
1320,1320.0000000000027,356.675521,356.0,675.5210000000034,1
1321,1321.0000000000023,356.903125,356.23333333333335,669.7916666666401,1
1322,1322.0000000000023,357.069792,356.46666666666664,603.1253333333666,1
1323,1323.000000000002,357.26770899999997,356.6666666666667,601.0423333332824,1
1324,1324.0000000000016,357.514583,356.8666666666667,647.9163333333418,1
1325,1325.0000000000014,357.683333,357.06666666666666,616.6663333333418,1
1326,1326.0000000000011,357.875521,357.23333333333335,642.1876666666435,1
1327,1327.0000000000011,358.079166,357.43333333333334,645.8326666666494,1
1328,1328.000000000001,358.273438,357.6333333333333,640.104666666673,1
1329,1329.0000000000005,358.466146,357.8,666.1459999999693,1
1330,1330.0000000000002,358.691667,358.03333333333336,658.3336666666355,1
1331,1331.0,358.87343799999996,358.23333333333335,640.1046666666161,1
1332,1332.0,359.044792,358.4,644.7919999999954,1
1333,1332.9999999999998,359.266667,358.6666666666667,600.0003333332984,1
1334,1333.9999999999995,359.440625,358.9,540.6250000000341,1
1335,1334.999999999999,359.62239500000004,358.9,722.3950000000627,1
1336,1335.9999999999989,359.825,359.2,625.0,1
1337,1336.9999999999989,360.007292,359.4,607.2920000000295,1
1338,1337.9999999999986,360.230729,359.6333333333333,597.3956666666709,1
1339,1338.9999999999984,360.430208,359.8,630.2079999999819,1
1340,1339.999999999998,360.632292,360.03333333333336,598.9586666666469,1
1341,1340.9999999999977,360.807813,360.23333333333335,574.4796666666616,1
1342,1341.9999999999977,361.02968799999996,360.4,629.6879999999874,1
1343,1342.9999999999973,361.20468700000004,360.6,604.6870000000126,1
1344,1343.999999999997,361.410938,360.76666666666665,644.2713333333359,1
1345,1344.9999999999968,361.598958,361.0,598.9579999999819,1
1346,1345.9999999999966,361.780209,361.2,580.2090000000248,1
1347,1346.9999999999966,361.977083,361.43333333333334,543.7496666666561,1
1348,1347.9999999999964,362.190625,361.56666666666666,623.9583333333485,1
1349,1348.9999999999961,362.376042,361.8333333333333,542.7086666666696,1
1350,1349.9999999999957,362.567708,361.93333333333334,634.3746666666448,1
1351,1350.9999999999955,362.76406299999996,362.1333333333333,630.7296666666389,1
1352,1351.9999999999955,362.93593799999996,362.3333333333333,602.6046666666502,1
1353,1352.9999999999952,363.132292,362.53333333333336,598.9586666666469,1
1354,1353.999999999995,363.335417,362.73333333333335,602.0836666666582,1
1355,1354.9999999999948,363.50989599999997,358.23333333333335,5276.562666666621,1
1356,1355.9999999999943,363.690104,358.4,5290.104000000042,1
1357,1356.9999999999943,363.883333,358.6333333333333,5249.9996666666675,1
1358,1357.9999999999939,364.058854,363.56666666666666,492.18733333333375,1
1359,1358.9999999999936,364.25,363.8333333333333,416.6666666666856,1
1360,1359.9999999999934,364.478125,363.9,578.125,1
1361,1360.9999999999932,364.672917,364.03333333333336,639.5836666666241,1
1362,1361.9999999999932,364.895833,364.23333333333335,662.4996666666334,1
1363,1362.999999999993,365.084375,364.4,684.3750000000455,1
1364,1363.9999999999927,365.290625,364.6333333333333,657.2916666666515,1
1365,1364.9999999999923,365.502083,364.8666666666667,635.4163333333531,1
1366,1365.9999999999918,365.7125,365.1333333333333,579.1666666666515,1
1367,1366.9999999999918,365.885417,365.23333333333335,652.0836666666696,1
1368,1367.9999999999918,366.075521,365.46666666666664,608.8543333333405,1
1369,1368.9999999999918,366.263021,365.6666666666667,596.354333333295,1
1370,1369.9999999999918,366.436458,365.8333333333333,603.1246666667016,1
1371,1370.9999999999918,366.623958,366.06666666666666,557.2913333333531,1
1372,1371.9999999999918,366.848958,366.26666666666665,582.2913333333304,1
1373,1372.9999999999918,367.036458,366.43333333333334,603.1246666666448,1
1374,1373.9999999999918,367.25,366.6333333333333,616.6666666666742,1
1375,1374.9999999999918,367.435417,366.8,635.4169999999613,1
1376,1375.9999999999918,367.638542,367.06666666666666,571.8753333333098,1
1377,1376.999999999992,367.835417,367.3,535.4169999999954,1
1378,1377.9999999999918,368.120833,367.53333333333336,587.4996666666448,1
1379,1378.9999999999918,368.303125,367.6333333333333,669.791666666697,1
1380,1379.9999999999918,368.484375,367.8,684.3749999999886,1
1381,1380.9999999999918,368.664583,368.03333333333336,631.2496666666334,1
1382,1381.9999999999918,368.859375,368.26666666666665,592.7083333333485,1
1383,1382.9999999999918,369.180208,368.5,680.2079999999933,1
1384,1383.9999999999918,369.238542,368.73333333333335,505.2086666666469,1
1385,1384.9999999999918,369.428125,368.8666666666667,561.4583333333485,1
1386,1385.9999999999918,369.625,369.2,425.00000000001137,1
1387,1386.9999999999918,369.8125,369.3666666666667,445.83333333332575,1
1388,1387.9999999999918,369.991667,369.3666666666667,625.0003333333325,1
1389,1388.9999999999918,370.184375,369.6,584.3749999999659,1
1390,1389.9999999999918,370.36875,369.8,568.7499999999659,1
1391,1390.9999999999918,370.566667,369.9,666.6670000000181,1
1392,1391.9999999999918,370.741667,369.9,841.6670000000295,1
1393,1392.9999999999918,370.95625,369.9,1056.250000000034,1
1394,1393.9999999999918,371.134375,369.9,1234.375,1
1395,1394.999999999992,371.328125,369.9,1428.1250000000227,1
1396,1395.999999999992,371.582899,369.9,1682.8990000000204,1
1397,1396.999999999992,371.83767400000005,370.8333333333333,1004.3406666667352,1
1398,1397.999999999992,372.092448,371.53333333333336,559.1146666666305,1
1399,1398.9999999999918,372.34722200000004,371.76666666666665,580.5553333333933,1
1400,1399.9999999999918,372.60199700000004,372.0,601.9970000000399,1
1401,1400.9999999999918,372.856771,372.26666666666665,590.1043333333291,1
1402,1401.9999999999918,373.210417,372.53333333333336,677.0836666666469,1
1403,1402.9999999999918,373.413542,372.6666666666667,746.8753333333211,1
1404,1403.9999999999918,373.59375,372.8,793.7499999999886,1
1405,1404.9999999999918,373.773958,373.03333333333336,740.6246666666334,1
1406,1405.9999999999918,373.966667,373.23333333333335,733.3336666666241,1
1407,1406.9999999999918,374.204167,373.56666666666666,637.5003333333211,1
1408,1407.9999999999918,374.295833,373.8,495.83300000000463,1
1409,1408.9999999999918,374.479167,374.06666666666666,412.50033333335523,1
1410,1409.9999999999918,374.661458,374.3333333333333,328.1246666666675,1
1411,1410.9999999999918,374.85625,374.7,156.25,1
1412,1411.9999999999918,375.032292,374.9,132.29200000000674,1
1413,1412.9999999999918,375.229167,375.0,229.1670000000181,1
1414,1413.9999999999918,375.397917,375.26666666666665,131.25033333335523,1
1415,1414.9999999999918,375.590625,375.43333333333334,157.2916666666515,1
1416,1415.9999999999918,375.76875,375.5,268.75000000001137,1
1417,1416.9999999999918,375.954167,375.5,454.166999999984,1
1418,1417.9999999999918,376.119792,375.6666666666667,453.1253333333325,1
1419,1418.999999999992,376.290625,375.8,490.6249999999659,1
1420,1419.999999999992,376.50651,375.8,706.5099999999802,1
1421,1420.999999999992,376.722396,375.8,922.395999999992,1
1422,1421.999999999992,376.938281,376.03333333333336,904.9476666666578,1
1423,1422.9999999999918,377.154167,376.73333333333335,420.83366666662414,1
1424,1423.9999999999918,377.370052,376.96666666666664,403.3853333333468,1
1425,1424.9999999999918,377.585938,377.2,385.9380000000101,1
1426,1425.9999999999918,377.864583,377.46666666666664,397.91633333334175,1
1427,1426.9999999999918,378.052083,377.5,552.0829999999819,1
1428,1427.9999999999918,378.267708,377.6333333333333,634.3746666667016,1
1429,1428.9999999999918,378.476042,377.8333333333333,642.7086666666924,1
1430,1429.9999999999918,378.653125,378.1,553.1249999999659,1
1431,1430.9999999999918,378.855208,378.3333333333333,521.8746666666902,1
1432,1431.9999999999918,379.048958,378.46666666666664,582.2913333333872,1
1433,1432.9999999999918,379.233333,378.6333333333333,599.9996666666902,1
1434,1433.9999999999918,379.440625,378.8666666666667,573.9583333333371,1
1435,1434.9999999999918,379.6125,379.1333333333333,479.1666666666856,1
1436,1435.9999999999918,379.797917,379.3,497.91699999997263,1
1437,1436.9999999999918,380.013542,379.4,613.5419999999954,1
1438,1437.9999999999918,380.208333,379.6,608.3329999999592,1
1439,1438.9999999999918,380.39375,379.6,793.7499999999886,1
1440,1439.9999999999918,380.598958,380.0,598.9579999999819,1
1441,1440.9999999999918,380.822917,380.2,622.9170000000295,1
1442,1441.9999999999918,381.002083,380.43333333333334,568.7496666666902,1
1443,1442.9999999999918,381.179167,380.56666666666666,612.5003333333439,1
1444,1443.9999999999918,381.38125,380.76666666666665,614.5833333333712,1
1445,1444.9999999999918,381.577083,381.0,577.083000000016,1
1446,1445.9999999999918,381.742708,381.23333333333335,509.37466666664477,1
1447,1446.9999999999918,381.951042,381.4,551.0419999999954,1
1448,1447.9999999999918,382.132292,381.6333333333333,498.958666666681,1
1449,1448.9999999999918,382.34375,381.8666666666667,477.08333333332575,1
1450,1449.9999999999918,382.552083,382.03333333333336,518.749666666622,1
1451,1450.9999999999918,382.74375,382.23333333333335,510.41666666662877,1
1452,1451.9999999999918,382.917708,382.3666666666667,551.0413333333304,1
1453,1452.9999999999918,383.157292,382.53333333333336,623.9586666666241,1
1454,1453.9999999999918,383.354167,382.8333333333333,520.8336666667037,1
1455,1454.9999999999918,383.5625,383.26666666666665,295.8333333333485,1
1456,1455.9999999999918,383.796875,383.1,696.8749999999773,1
1457,1456.9999999999918,383.979167,383.3,679.1670000000067,1
1458,1457.9999999999918,384.158333,383.53333333333336,624.9996666666675,1
1459,1458.9999999999918,384.371875,383.73333333333335,638.5416666666401,1
1460,1459.9999999999918,384.567708,383.96666666666664,601.0413333333418,1
1461,1460.9999999999918,384.776042,384.1333333333333,642.7086666666924,1
1462,1461.9999999999918,384.998958,384.3666666666667,632.2913333333418,1
1463,1462.9999999999918,385.192708,384.46666666666664,726.0413333333418,1
1464,1463.9999999999918,385.375,384.8,574.9999999999886,1
1465,1464.9999999999918,385.614583,384.96666666666664,647.9163333333418,1
1466,1465.9999999999918,385.79375,385.23333333333335,560.4166666666401,1
1467,1466.9999999999918,385.991667,385.4,591.6670000000295,1
1468,1467.9999999999918,386.230208,385.56666666666666,663.5413333333418,1
1469,1468.9999999999918,386.440625,385.8,640.625,1
1470,1469.9999999999918,386.644792,386.03333333333336,611.4586666666355,1
1471,1470.9999999999918,386.84375,386.2,643.7500000000114,1
1472,1471.9999999999918,387.040625,386.3666666666667,673.958333333303,1
1473,1472.9999999999918,387.398958,386.6666666666667,732.2913333333076,1
1474,1473.9999999999918,387.797916,386.8666666666667,931.2493333333123,1
1475,1474.9999999999925,388.019792,387.1,919.7919999999726,1
1476,1475.9999999999925,388.248958,387.3,948.9580000000046,1
1477,1476.9999999999925,388.488542,387.53333333333336,955.2086666666355,1
1478,1477.9999999999923,388.68125,387.96666666666664,714.5833333333371,1
1479,1478.9999999999923,388.929167,388.2,729.1670000000181,1
1480,1479.999999999992,389.20885400000003,388.46666666666664,742.1873333333906,1
1481,1480.999999999992,389.373958,388.6666666666667,707.2913333333304,1
1482,1481.999999999992,389.613021,388.8666666666667,746.3543333333291,1
1483,1482.999999999992,389.84375,389.1,743.7499999999773,1
1484,1483.9999999999923,390.05,389.4,650.0000000000341,1
1485,1484.9999999999918,390.290625,389.56666666666666,723.9583333333144,1
1486,1485.9999999999918,390.54427000000004,389.8,744.2700000000286,1
1487,1486.9999999999916,390.71875,390.03333333333336,685.4166666666401,1
1488,1487.9999999999918,390.963542,390.23333333333335,730.2086666666696,1
1489,1488.9999999999916,391.178125,390.46666666666664,711.4583333333826,1
1490,1489.9999999999916,391.379167,390.73333333333335,645.8336666666469,1
1491,1490.9999999999918,391.585417,390.9,685.4170000000295,1
1492,1491.9999999999914,391.834896,391.1666666666667,668.2293333333291,1
1493,1492.9999999999916,391.983855,391.3333333333333,650.5216666666911,1
1494,1493.9999999999914,392.225,391.56666666666666,658.3333333333599,1
1495,1494.9999999999916,392.476042,391.76666666666665,709.3753333333552,1
1496,1495.9999999999911,392.66875,392.0,668.7499999999886,1
1497,1496.9999999999914,392.919792,392.1666666666667,753.125333333287,1
1498,1497.9999999999905,393.172395,392.4,772.3950000000173,1
1499,1498.9999999999905,393.340625,392.6666666666667,673.958333333303,1
1500,1499.9999999999905,393.578645,392.8666666666667,711.9783333333203,1
1501,1500.9999999999905,393.814583,393.1,714.5830000000046,1
1502,1501.9999999999902,394.027083,393.3666666666667,660.4163333333304,1
1503,1502.9999999999902,394.247917,393.5,747.9169999999726,1
1504,1503.99999999999,394.515104,393.76666666666665,748.4373333333565,1
1505,1504.99999999999,394.717708,394.0,717.708000000016,1
1506,1505.99999999999,394.959896,394.23333333333335,726.5626666666662,1
1507,1506.9999999999898,395.204167,394.43333333333334,770.8336666666469,1
1508,1507.9999999999898,395.434896,394.7,734.895999999992,1
1509,1508.9999999999898,395.726042,394.93333333333334,792.7086666666696,1
1510,1509.9999999999895,395.995834,395.1333333333333,862.5006666666764,1
1511,1510.9999999999895,396.197917,395.4,797.9170000000408,1
1512,1511.9999999999895,396.4375,395.6333333333333,804.1666666666742,1
1513,1512.9999999999895,396.683333,395.9,783.3330000000274,1
1514,1513.9999999999895,396.907291,396.1666666666667,740.6243333333009,1
1515,1514.9999999999893,397.191667,396.4,791.6670000000181,1
1516,1515.9999999999893,397.447917,396.6666666666667,781.2503333333325,1
1517,1516.999999999989,397.642708,396.9,742.7080000000501,1
1518,1517.9999999999893,397.883854,397.1333333333333,750.5206666666595,1
1519,1518.999999999989,398.146875,397.3666666666667,780.2083333333485,1
1520,1519.999999999989,398.361458,397.56666666666666,794.7913333333645,1
1521,1520.9999999999889,398.59375,397.8,793.7499999999886,1
1522,1521.9999999999889,398.85,398.06666666666666,783.3333333333599,1
1523,1522.9999999999884,399.075,398.3333333333333,741.6666666666742,1
1524,1523.9999999999889,399.30677099999997,398.56666666666666,740.1043333333064,1
1525,1524.9999999999889,399.55,398.8,750.0,1
1526,1525.9999999999884,399.775,399.03333333333336,741.6666666666174,1
1527,1526.9999999999884,400.009375,399.23333333333335,776.0416666666288,1
1528,1527.9999999999882,400.25989599999997,399.5,759.8959999999693,1
1529,1528.9999999999882,400.467709,399.7,767.7090000000248,1
1530,1529.9999999999882,400.67760400000003,399.93333333333334,744.2706666666936,1
1531,1530.9999999999882,400.917708,400.1666666666667,751.041333333319,1
1532,1531.999999999988,401.140625,400.4,740.6250000000227,1
1533,1532.999999999988,401.445833,400.6333333333333,812.4996666666675,1
1534,1533.9999999999882,401.730209,400.8333333333333,896.8756666666877,1
1535,1534.9999999999877,401.915625,401.1,815.6249999999545,1
1536,1535.9999999999882,402.165625,401.3333333333333,832.2916666666629,1
1537,1536.9999999999877,402.401042,401.6,801.0419999999954,1
1538,1537.9999999999877,402.625,401.9,725.0000000000227,1
1539,1538.9999999999875,402.85,402.1,750.0,1
1540,1539.9999999999875,403.11093700000004,402.3333333333333,777.603666666721,1
1541,1540.9999999999875,403.30677099999997,402.56666666666666,740.1043333333064,1
1542,1541.9999999999875,403.527084,402.8,727.0839999999907,1
1543,1542.999999999987,403.785417,403.0,785.4169999999954,1
1544,1543.999999999987,404.054167,403.3,754.1669999999954,1
1545,1544.9999999999868,404.465625,403.46666666666664,998.9583333333485,1
1546,1545.9999999999868,404.67031299999996,403.7,970.312999999976,1
1547,1546.9999999999866,404.875,403.96666666666664,908.3333333333599,1
1548,1547.9999999999868,405.142708,404.23333333333335,909.3746666666789,1
1549,1548.9999999999868,405.376042,404.6333333333333,742.7086666666582,1
1550,1549.9999999999868,405.571875,404.8666666666667,705.208333333303,1
1551,1550.9999999999864,405.78125,405.06666666666666,714.5833333333371,1
1552,1551.9999999999864,405.979167,405.3333333333333,645.8336666667037,1
1553,1552.9999999999861,406.18125,405.5,681.2499999999773,1
1554,1553.9999999999861,406.404167,405.76666666666665,637.5003333333211,1
1555,1554.9999999999861,406.63125,406.0,631.2500000000227,1
1556,1555.9999999999861,406.858334,406.23333333333335,625.000666666665,1
1557,1556.9999999999861,407.085417,406.4,685.4170000000295,1
1558,1557.999999999986,407.34375,406.6,743.7499999999773,1
1559,1558.999999999986,407.53125,406.6666666666667,864.5833333333144,1
1560,1559.9999999999857,407.736979,406.8666666666667,870.3123333333451,1
1561,1560.9999999999857,407.925,407.23333333333335,691.6666666666629,1
1562,1561.9999999999857,408.155729,407.5,655.729000000008,1
1563,1562.9999999999857,408.390625,407.7,690.6250000000114,1
1564,1563.9999999999854,408.559375,407.9,659.3750000000114,1
1565,1564.9999999999854,408.755208,408.06666666666666,688.541333333319,1
1566,1565.9999999999854,408.9875,408.3333333333333,654.166666666697,1
1567,1566.9999999999852,409.219791,408.56666666666666,653.1243333333236,1
1568,1567.9999999999854,409.419271,408.7,719.270999999992,1
1569,1568.9999999999852,409.666667,408.93333333333334,733.333666666681,1
1570,1569.9999999999852,409.911458,409.1666666666667,744.7913333332963,1
1571,1570.9999999999852,410.120833,409.43333333333334,687.4996666666675,1
1572,1571.9999999999852,410.32656299999996,409.56666666666666,759.8963333333018,1
1573,1572.9999999999852,410.533333,409.8333333333333,699.999666666713,1
1574,1573.9999999999852,410.839583,410.06666666666666,772.9163333333418,1
1575,1574.999999999985,410.965625,410.3,665.6249999999773,1
1576,1575.999999999985,411.095833,410.53333333333336,562.4996666666675,1
1577,1576.9999999999848,411.305208,410.76666666666665,538.5413333333418,1
1578,1577.9999999999848,411.544792,411.03333333333336,511.45866666661277,1
1579,1578.9999999999848,411.752431,411.26666666666665,485.7643333333499,1
1580,1579.9999999999845,411.960069,411.3333333333333,626.7356666666615,1
1581,1580.9999999999848,412.167708,411.53333333333336,634.3746666666448,1
1582,1581.9999999999843,412.407292,411.8,607.2919999999726,1
1583,1582.9999999999843,412.583333,411.8666666666667,716.6663333333076,1
1584,1583.999999999984,412.778125,412.1666666666667,611.458333333303,1
1585,1584.9999999999843,412.991667,412.3666666666667,625.0003333333325,1
1586,1585.999999999984,413.191667,412.53333333333336,658.3336666666355,1
1587,1586.999999999984,413.395833,412.76666666666665,629.1663333333304,1
1588,1587.9999999999839,413.596875,412.93333333333334,663.5416666666742,1
1589,1588.9999999999839,413.755208,413.2,555.2079999999933,1
1590,1589.9999999999834,413.988542,413.3333333333333,655.208666666681,1
1591,1590.9999999999834,414.20468700000004,413.56666666666666,638.0203333333725,1
1592,1591.9999999999834,414.395312,413.73333333333335,661.9786666666414,1
1593,1592.9999999999834,414.636458,413.93333333333334,703.1246666666675,1
1594,1593.9999999999832,414.81875,414.2,618.7500000000341,1
1595,1594.9999999999832,415.009375,414.4,609.375,1
1596,1595.9999999999832,415.24791600000003,414.6333333333333,614.5826666667062,1
1597,1596.999999999983,415.459375,414.8,659.3750000000114,1
1598,1597.999999999983,415.65625,414.96666666666664,689.5833333333599,1
1599,1598.999999999983,415.864063,415.06666666666666,797.3963333333245,1
1600,1599.999999999983,416.059375,415.46666666666664,592.7083333333485,1
1601,1600.9999999999827,416.227083,415.73333333333335,493.74966666664477,1
1602,1601.9999999999827,416.436458,415.8333333333333,603.1246666667016,1
1603,1602.9999999999825,416.648958,416.0,648.9579999999933,1
1604,1603.9999999999825,416.83125,416.23333333333335,597.9166666666629,1
1605,1604.9999999999823,417.036458,416.4,636.4580000000046,1
1606,1605.9999999999825,417.242708,416.6,642.7079999999705,1
1607,1606.999999999982,417.43125,416.8333333333333,597.9166666666629,1
1608,1607.999999999982,417.652083,417.03333333333336,618.7496666666448,1
1609,1608.999999999982,417.851042,417.1666666666667,684.3753333333211,1
1610,1609.9999999999818,418.03125,417.4,631.2500000000227,1
1611,1610.9999999999818,418.241667,417.6666666666667,575.0003333333211,1
1612,1611.9999999999816,418.452083,417.8333333333333,618.7496666667016,1
1613,1612.9999999999816,418.695833,418.03333333333336,662.4996666666334,1
1614,1613.9999999999814,418.94375,418.2,743.7500000000341,1
1615,1614.9999999999814,419.146875,418.4,746.8750000000455,1
1616,1615.9999999999811,419.1625,418.6666666666667,495.8333333333371,1
1617,1616.9999999999811,419.398958,418.9,498.958000000016,1
1618,1617.999999999981,419.79114599999997,419.1666666666667,624.4793333332836,1
1619,1618.999999999981,420.183333,419.1333333333333,1049.9996666666789,1
1620,1619.999999999981,420.393229,419.3333333333333,1059.895666666705,1
1621,1620.9999999999807,420.580208,419.56666666666666,1013.5413333333645,1
1622,1621.999999999981,420.780729,419.8,980.7289999999966,1
1623,1622.9999999999807,420.9875,420.06666666666666,920.8333333333485,1
1624,1623.9999999999807,421.171354,420.3,871.3539999999966,1
1625,1624.9999999999804,421.335417,420.76666666666665,568.7503333333552,1
1626,1625.9999999999807,421.5625,420.96666666666664,595.8333333333599,1
1627,1626.9999999999802,421.842708,421.1333333333333,709.3746666666902,1
1628,1627.9999999999804,422.09375,421.4,693.7500000000227,1
1629,1628.9999999999802,422.603125,421.5,1103.1249999999773,1
1630,1629.9999999999802,423.15,421.8333333333333,1316.6666666666629,1
1631,1630.9999999999798,423.402083,422.03333333333336,1368.7496666666448,1
1632,1631.9999999999802,423.654167,422.3,1354.1669999999613,1
1633,1632.9999999999798,423.939583,422.56666666666666,1372.9163333333645,1
1634,1633.9999999999798,424.214583,422.96666666666664,1247.9163333333645,1
1635,1634.9999999999798,424.600521,423.2,1400.521000000026,1
1636,1635.9999999999795,424.95,423.46666666666664,1483.3333333333485,1
1637,1636.9999999999795,425.145833,424.1,1045.8329999999592,1
1638,1637.9999999999795,425.402083,424.3666666666667,1035.4163333333304,1
1639,1638.9999999999795,425.673958,424.73333333333335,940.6246666666789,1
1640,1639.9999999999793,425.914063,425.1,814.062999999976,1
1641,1640.9999999999793,426.182292,425.3333333333333,848.9586666667037,1
1642,1641.999999999979,426.455208,425.6,855.2080000000046,1
1643,1642.999999999979,426.659375,425.8333333333333,826.041666666697,1
1644,1643.999999999979,426.8875,426.06666666666666,820.8333333333258,1
1645,1644.999999999979,427.13072900000003,426.3666666666667,764.0623333333565,1
1646,1645.9999999999789,427.363542,426.6333333333333,730.2086666666696,1
1647,1646.9999999999789,427.62343799999996,426.8333333333333,790.1046666666502,1
1648,1647.9999999999789,427.914583,427.06666666666666,847.9163333333304,1
1649,1648.9999999999786,428.116667,427.3333333333333,783.3336666666924,1
1650,1649.9999999999789,428.3375,427.53333333333336,804.1666666666174,1
1651,1650.9999999999786,428.580208,427.8333333333333,746.874666666713,1
1652,1651.9999999999786,428.81093799999996,428.06666666666666,744.2713333333018,1
1653,1652.9999999999784,429.04427000000004,428.3,744.2700000000286,1
1654,1653.9999999999784,429.364063,428.56666666666666,797.3963333333245,1
1655,1654.999999999978,429.580729,428.76666666666665,814.0623333333679,1
1656,1655.9999999999784,429.883854,429.0,883.8539999999853,1
1657,1656.999999999978,430.210417,429.23333333333335,977.0836666666582,1
1658,1657.999999999978,430.441667,429.53333333333336,908.3336666666355,1
1659,1658.9999999999777,430.633333,429.76666666666665,866.6663333333418,1
1660,1659.9999999999777,430.973437,430.03333333333336,940.10366666663,1
1661,1660.9999999999777,431.148438,430.3666666666667,781.7713333333245,1
1662,1661.9999999999777,431.480729,430.6,880.7289999999739,1
1663,1662.9999999999777,431.767708,430.8666666666667,901.0413333333531,1
1664,1663.9999999999775,431.991667,431.1333333333333,858.333666666681,1
1665,1664.9999999999775,432.15625,431.3666666666667,789.5833333333258,1
1666,1665.9999999999773,432.507292,431.6333333333333,873.958666666681,1
1667,1666.9999999999773,432.660416,431.93333333333334,727.0826666666608,1
1668,1667.9999999999773,432.95885400000003,432.1333333333333,825.520666666705,1
1669,1668.9999999999773,433.269792,432.3666666666667,903.1253333333211,1
1670,1669.999999999977,433.492708,432.6333333333333,859.3746666666675,1
1671,1670.999999999977,433.70104100000003,432.9,801.0410000000547,1
1672,1671.9999999999768,434.011979,433.1333333333333,878.6456666666709,1
1673,1672.9999999999768,434.153125,433.43333333333334,719.7916666666515,1
1674,1673.999999999977,434.45052000000004,433.6666666666667,783.8533333333544,1
1675,1674.9999999999768,434.753646,433.93333333333334,820.3126666666662,1
1676,1675.9999999999768,434.975521,434.1666666666667,808.8543333333291,1
1677,1676.9999999999766,435.165625,434.3666666666667,798.958333333303,1
1678,1677.9999999999766,435.552083,434.6666666666667,885.4163333332963,1
1679,1678.999999999976,435.727083,434.9,827.083000000016,1
1680,1679.9999999999766,435.953645,435.1666666666667,786.9783333333089,1
1681,1680.999999999976,436.2125,435.4,812.5,1
1682,1681.999999999976,436.441667,435.73333333333335,708.3336666666469,1
1683,1682.9999999999757,436.645312,435.96666666666664,678.6453333333498,1
1684,1683.9999999999757,437.000521,436.1666666666667,833.8543333333064,1
1685,1684.9999999999754,437.15416600000003,436.3666666666667,787.4993333333578,1
1686,1685.9999999999757,437.39375,436.6333333333333,760.4166666666856,1
1687,1686.9999999999757,437.63802000000004,436.9,738.0200000000627,1
1688,1687.9999999999754,437.828646,437.1333333333333,695.3126666666662,1
1689,1688.9999999999752,438.10625,437.4,706.2500000000114,1
1690,1689.9999999999752,438.420834,437.6,820.8339999999907,1
1691,1690.9999999999752,438.595833,437.8333333333333,762.499666666713,1
1692,1691.9999999999752,438.82604100000003,438.06666666666666,759.3743333333691,1
1693,1692.9999999999752,439.092708,438.3,792.7080000000046,1
1694,1693.999999999975,439.31875,438.6,718.75,1
1695,1694.999999999975,439.52135400000003,438.76666666666665,754.6873333333792,1
1696,1695.9999999999748,439.882813,439.0,882.8129999999987,1
1697,1696.9999999999748,440.031771,439.26666666666665,765.1043333333405,1
1698,1697.9999999999748,440.291667,439.5,791.6670000000181,1
1699,1698.9999999999748,440.553646,439.76666666666665,786.9793333333632,1
1700,1699.9999999999748,440.75572900000003,440.03333333333336,722.3956666666709,1
1701,1700.9999999999745,441.063021,440.26666666666665,796.3543333333405,1
1702,1701.9999999999745,441.363021,440.5,863.0210000000034,1
1703,1702.9999999999743,441.520833,440.73333333333335,787.4996666666334,1
1704,1703.9999999999745,441.783333,440.96666666666664,816.6663333333872,1
1705,1704.9999999999743,442.040625,441.23333333333335,807.2916666666288,1
1706,1705.9999999999743,442.243229,441.53333333333336,709.8956666666254,1
1707,1706.9999999999739,442.534896,441.73333333333335,801.5626666666549,1
1708,1707.9999999999739,442.865625,442.0,865.6250000000227,1
1709,1708.9999999999736,443.01406299999996,442.23333333333335,780.7296666666161,1
1710,1709.9999999999739,443.283333,442.46666666666664,816.6663333333872,1
1711,1710.9999999999736,443.539583,442.73333333333335,806.2496666666448,1
1712,1711.9999999999736,443.761979,443.0,761.9789999999966,1
1713,1712.9999999999736,444.10781299999996,443.23333333333335,874.4796666666161,1
1714,1713.9999999999734,444.586979,443.46666666666664,1120.3123333333451,1
1715,1714.9999999999748,444.870313,443.7,1170.3130000000215,1
1716,1715.9999999999748,445.128125,443.96666666666664,1161.4583333333712,1
1717,1716.9999999999748,445.408854,444.2,1208.8540000000307,1
1718,1717.999999999975,445.7,444.76666666666665,933.3333333333371,1
1719,1718.999999999975,446.041667,445.03333333333336,1008.3336666666582,1
1720,1719.999999999975,446.766146,445.3,1466.1459999999806,1
1721,1720.999999999975,447.104167,445.56666666666666,1537.5003333333552,1
1722,1721.999999999975,447.390625,445.8666666666667,1523.9583333333258,1
1723,1722.999999999975,447.702605,446.1666666666667,1535.9383333333199,1
1724,1723.999999999975,448.052083,446.8666666666667,1185.4163333333076,1
1725,1724.999999999975,448.508333,447.3333333333333,1174.9996666666789,1
1726,1725.9999999999752,448.729166,447.6,1129.165999999998,1
1727,1726.9999999999752,448.95,447.9,1050.0000000000114,1
1728,1727.9999999999752,449.170833,448.2,970.8330000000274,1
1729,1728.9999999999752,449.391666,448.6,791.6659999999638,1
1730,1729.9999999999752,449.6125,448.8666666666667,745.8333333333371,1
1731,1730.999999999975,449.833333,449.06666666666666,766.666333333319,1
1732,1731.999999999975,450.054167,449.3333333333333,720.8336666666924,1
1733,1732.9999999999804,450.523958,449.93333333333334,590.6246666666561,1
1734,1733.9999999999802,450.838542,449.96666666666664,871.875333333378,1
1735,1734.9999999999802,451.20468700000004,449.96666666666664,1238.0203333333952,1
1736,1735.9999999999798,451.602083,450.3666666666667,1235.416333333319,1
1737,1736.9999999999798,452.113021,450.76666666666665,1346.3543333333519,1
1738,1737.9999999999802,452.532291,451.0,1532.2909999999865,1
1739,1738.9999999999802,452.95156299999996,451.3666666666667,1584.8963333332904,1
1740,1739.9999999999802,453.370834,451.73333333333335,1637.5006666666536,1
1741,1740.9999999999798,453.790104,452.23333333333335,1556.7706666666368,1
1742,1741.9999999999918,454.41197900000003,452.5,1911.9790000000307,1
1743,1742.9999999999918,455.432292,452.73333333333335,2698.9586666666696,1
1744,1743.9999999999918,455.85722699999997,453.0,2857.226999999966,1
1745,1744.9999999999916,456.282162,453.23333333333335,3048.8286666666795,1
1746,1745.9999999999916,456.707097,453.8666666666667,2840.430333333302,1
1747,1746.9999999999916,457.13203200000004,453.93333333333334,3198.698666666701,1
1748,1747.9999999999916,457.556966,454.06666666666666,3490.2993333333256,1
1749,1748.9999999999918,457.981901,454.3,3681.900999999982,1
1750,1749.999999999972,458.40683600000006,452.8666666666667,5540.169333333381,1
1751,1750.9999999999718,458.831771,453.1666666666667,5665.104333333318,1
1752,1751.9999999999714,459.04895899999997,453.23333333333335,5815.6256666666195,1
1753,1752.9999999999714,459.279167,453.4,5879.166999999996,1
1754,1753.9999999999714,459.509375,453.46666666666664,6042.708333333338,1
1755,1754.9999999999704,459.730729,453.73333333333335,5997.395666666648,1
1756,1755.9999999999707,459.99400999999995,453.8333333333333,6160.676666666632,1
1757,1756.9999999999707,460.257292,454.3666666666667,5890.6253333333325,1
1758,1757.9999999999704,460.52057300000007,454.6333333333333,5887.239666666745,1
1759,1758.9999999999704,460.783854,453.23333333333335,7550.520666666671,1
1760,1759.9999999999704,461.047136,454.23333333333335,6813.802666666675,1
1761,1760.99999999997,461.310417,452.76666666666665,8543.75033333332,1
1762,1761.9999999999704,461.54930599999994,453.0,8549.305999999944,1
1763,1762.9999999999702,461.78819500000003,453.2,8588.195000000042,1
1764,1763.9999999999702,462.027084,453.3,8727.083999999992,1
1765,1764.9999999999702,462.23993099999996,453.8666666666667,8373.264333333282,1
1766,1765.9999999999704,462.452778,454.1,8352.778,1
1767,1766.9999999999702,462.665625,454.23333333333335,8432.291666666628,1
1768,1767.9999999999702,462.878472,454.46666666666664,8411.805333333348,1
1769,1768.9999999999702,463.09131900000006,453.96666666666664,9124.652333333415,1
1770,1769.99999999997,463.304167,454.26666666666665,9037.500333333355,1
1771,1770.9999999999702,463.483333,454.3333333333333,9149.999666666701,1
1772,1771.9999999999698,463.6625,454.3666666666667,9295.833333333348,1
1773,1772.9999999999698,463.911458,454.4,9511.458000000004,1
1774,1773.9999999999698,464.160416,454.7,9460.416000000008,1
1775,1774.9999999999698,464.409375,454.8666666666667,9542.708333333338,1
1776,1775.9999999999684,464.608334,456.6666666666667,7941.667333333327,1
1777,1776.9999999999688,464.820573,464.1333333333333,687.2396666666987,1
1778,1777.9999999999686,465.03281200000004,464.43333333333334,599.4786666666982,1
1779,1778.999999999968,465.245833,464.56666666666666,679.1663333333418,1
1780,1779.9999999999677,465.50625,464.7,806.2500000000341,1
1781,1780.999999999968,465.766666,464.8,966.6659999999752,1
1782,1781.999999999968,466.027083,465.1666666666667,860.416333333319,1
1783,1782.999999999968,466.2875,465.43333333333334,854.1666666666856,1
1784,1783.9999999999677,466.547916,465.7,847.9159999999979,1
1785,1784.9999999999675,466.808333,465.93333333333334,874.9996666666675,1
1786,1785.9999999999677,467.03194400000007,466.1666666666667,865.2773333333812,1
1787,1786.9999999999677,467.25555599999996,466.43333333333334,822.2226666666188,1
1788,1787.9999999999675,467.479167,466.73333333333335,745.8336666666696,1
1789,1788.9999999999675,467.715104,467.0,715.1039999999966,1
1790,1789.9999999999675,467.951042,467.23333333333335,717.7086666666241,1
1791,1790.9999999999677,468.18698,467.43333333333334,753.6466666666684,1
1792,1791.9999999999675,468.422917,467.73333333333335,689.5836666666355,1
1793,1792.9999999999675,468.65885499999996,467.96666666666664,692.1883333333199,1
1794,1793.9999999999673,468.894792,468.1666666666667,728.1253333333098,1
1795,1794.9999999999673,469.078125,468.2,878.1250000000114,1
1796,1795.9999999999668,469.261458,468.8333333333333,428.12466666669025,1
1797,1796.9999999999668,469.5,468.8333333333333,666.6666666666856,1
1798,1797.999999999967,469.685417,469.1,585.4169999999499,1
1799,1798.9999999999668,469.870833,469.2,670.833000000016,1
1800,1799.9999999999668,470.05625,469.2,856.2499999999886,1
1801,1800.999999999967,470.255208,469.7,555.2079999999933,1
1802,1801.9999999999668,470.454167,469.93333333333334,520.8336666666469,1
1803,1802.9999999999668,470.653125,470.2,453.125,1
1804,1803.9999999999668,470.889583,470.3,589.5830000000046,1
1805,1804.9999999999666,471.126042,470.56666666666666,559.3753333333211,1
1806,1805.9999999999663,471.3625,470.76666666666665,595.8333333333599,1
1807,1806.9999999999668,471.612351,470.76666666666665,845.6843333333381,1
1808,1807.9999999999668,471.86220199999997,471.1,762.2019999999452,1
1809,1808.9999999999666,472.112054,471.3333333333333,778.7206666666862,1
1810,1809.9999999999666,472.361905,471.56666666666666,795.238333333316,1
1811,1810.9999999999668,472.61175599999996,471.8333333333333,778.4226666666427,1
1812,1811.9999999999668,472.86160700000005,472.06666666666666,794.9403333333862,1
1813,1812.9999999999666,473.11145899999997,472.3333333333333,778.1256666666536,1
1814,1813.9999999999666,473.28161500000004,472.56666666666666,714.9483333333819,1
1815,1814.9999999999666,473.451771,472.76666666666665,685.1043333333564,1
1816,1815.9999999999668,473.62192699999997,473.06666666666666,555.2603333333082,1
1817,1816.9999999999666,473.792083,473.3,492.0829999999796,1
1818,1817.9999999999666,473.96224000000007,473.56666666666666,395.5733333334024,1
1819,1818.9999999999666,474.13239599999997,473.8,332.39599999996017,1
1820,1819.9999999999666,474.30255199999993,474.06666666666666,235.88533333327177,1
1821,1820.9999999999668,474.472708,474.3,172.70800000000008,1
1822,1821.9999999999668,474.642864,475.3333333333333,690.4693333333398,1
1823,1822.9999999999668,474.81302,475.3333333333333,520.3133333333199,1
1824,1823.999999999966,474.991146,475.3333333333333,342.18733333329965,1
1825,1824.999999999966,475.23515599999996,475.3333333333333,98.17733333335354,1
1826,1825.9999999999652,475.479167,475.3333333333333,145.83366666670372,1
1827,1826.9999999999648,475.704167,475.3333333333333,370.8336666666696,1
1828,1827.9999999999645,475.96302099999997,475.9,63.020999999992,1
1829,1828.9999999999645,476.221875,476.1333333333333,88.54166666668561,1
1830,1829.9999999999648,476.480729,477.3333333333333,852.6043333333178,1
1831,1830.9999999999648,476.739584,476.6333333333333,106.25066666665361,1
1832,1831.9999999999645,476.99843799999996,476.9,98.43799999998737,1
1833,1832.9999999999645,477.257292,476.4,857.2920000000295,1
1834,1833.9999999999643,477.47882000000004,476.6666666666667,812.1533333333559,1
1835,1834.9999999999645,477.70034699999997,476.9,800.3469999999879,1
1836,1835.999999999964,477.921875,477.06666666666666,855.2083333333371,1
1837,1836.9999999999643,478.16125,477.3666666666667,794.5833333333212,1
1838,1837.9999999999643,478.400625,477.56666666666666,833.958333333328,1
1839,1838.9999999999643,478.64,477.73333333333335,906.6666666666379,1
1840,1839.9999999999645,478.879375,478.1,779.3749999999591,1
1841,1840.9999999999638,479.11875,478.3333333333333,785.4166666666629,1
1842,1841.9999999999638,479.384375,478.6,784.3749999999545,1
1843,1842.9999999999638,479.55677099999997,478.8333333333333,723.4376666666549,1
1844,1843.9999999999636,479.729167,479.06666666666666,662.5003333333552,1
1845,1844.9999999999636,479.970833,479.3333333333333,637.499666666713,1
1846,1845.9999999999636,480.20442699999995,479.6,604.4269999999301,1
1847,1846.9999999999636,480.438021,479.6666666666667,771.3543333333064,1
1848,1847.9999999999627,480.590104,479.7,890.104000000008,1
1849,1848.9999999999627,480.79531299999996,480.1333333333333,661.9796666666389,1
1850,1849.9999999999627,481.000521,480.5,500.520999999992,1
1851,1850.9999999999616,481.244792,480.6,644.7919999999954,1
1852,1851.999999999962,481.496875,480.7,796.875,1
1853,1852.9999999999616,481.748958,481.7,48.95800000002737,1
1854,1853.9999999999616,482.001042,481.1666666666667,834.3753333332984,1
1855,1854.999999999962,482.253125,481.43333333333334,819.7916666666742,1
1856,1855.999999999962,482.505209,481.8,705.208999999968,1
1857,1856.9999999999616,482.757292,482.03333333333336,723.9586666666469,1
1858,1857.9999999999616,482.995486,482.3,695.4860000000167,1
1859,1858.9999999999613,483.23368099999993,482.43333333333334,800.3476666665961,1
1860,1859.9999999999616,483.471875,482.6666666666667,805.2083333333258,1
1861,1860.9999999999616,483.683507,482.93333333333334,750.173666666683,1
1862,1861.9999999999613,483.895139,483.1666666666667,728.4723333332863,1
1863,1862.9999999999613,484.106771,483.26666666666665,840.1043333333291,1
1864,1863.9999999999613,484.31840300000005,483.26666666666665,1051.7363333333947,1
1865,1864.9999999999613,484.53003499999994,483.26666666666665,1263.3683333332897,1
1866,1865.999999999961,484.741667,483.26666666666665,1475.0003333333552,1
1867,1866.9999999999613,484.917188,483.26666666666665,1650.5213333333586,1
1868,1867.999999999961,485.092708,483.26666666666665,1826.0413333333645,1
1869,1868.9999999999607,485.360417,484.53333333333336,827.0836666666241,1
1870,1869.999999999961,485.54930599999994,484.93333333333334,615.9726666666074,1
1871,1870.999999999961,485.738194,485.06666666666666,671.5273333333585,1
1872,1871.9999999999607,485.927083,485.3333333333333,593.7496666666675,1
1873,1872.9999999999607,486.121528,485.56666666666666,554.8613333333492,1
1874,1873.9999999999607,486.315972,485.76666666666665,549.3053333333364,1
1875,1874.9999999999607,486.510417,485.93333333333334,577.083666666681,1
1876,1875.9999999999607,486.75590300000005,486.1333333333333,622.5696666667204,1
1877,1876.9999999999607,487.00138899999996,486.4,601.3889999999833,1
1878,1877.9999999999604,487.246875,486.46666666666664,780.2083333333485,1
1879,1878.9999999999604,487.45286500000003,486.73333333333335,719.5316666666827,1
1880,1879.9999999999607,487.658854,486.96666666666664,692.1873333333792,1
1881,1880.9999999999607,487.86484400000006,487.23333333333335,631.5106666667134,1
1882,1881.9999999999607,488.070833,487.5,570.8329999999933,1
1883,1882.9999999999604,488.27682300000004,487.73333333333335,543.4896666666873,1
1884,1883.9999999999604,488.48281299999996,488.0,482.81299999996463,1
1885,1884.9999999999607,489.00173600000005,488.1333333333333,868.402666666725,1
1886,1885.9999999999607,489.52065999999996,488.23333333333335,1287.3266666666154,1
1887,1886.9999999999604,490.039583,488.46666666666664,1572.9163333333531,1
1888,1887.9979166666267,490.123958,488.6666666666667,1457.2913333333304,1
1889,1888.9979166666265,490.208333,488.7,1508.3329999999933,1
1890,1889.9999999999598,490.292708,488.76666666666665,1526.0413333333531,1
1891,1890.997916666626,490.377083,489.0,1377.0830000000274,1
1892,1891.9979166666258,490.461458,489.0,1461.4579999999933,1
1893,1892.9999999999588,490.545833,489.5,1045.833000000016,1
1894,1893.9999999999588,490.73776,489.7,1037.7599999999916,1
1895,1894.999999999959,490.929688,490.0,929.6879999999987,1
1896,1895.9999999999588,491.083333,490.1666666666667,916.6663333332963,1
1897,1896.9999999999588,491.29375,490.73333333333335,560.4166666666401,1
1898,1897.9999999999586,491.404167,490.93333333333334,470.8336666666355,1
1899,1898.9999999999584,491.586458,491.56666666666666,19.791333333330385,1
1900,1899.9999999999584,491.784375,491.73333333333335,51.04166666666288,1
1901,1900.9999999999575,491.958333,492.0,41.667000000018106,1
1902,1901.9999999999575,492.120833,492.3333333333333,212.50033333330975,1
1903,1902.9999999999575,492.311805,492.56666666666666,254.86166666667032,1
1904,1903.9999999999575,492.50277800000003,492.8,297.22199999997656,1
1905,1904.9999999999575,492.69375,493.1,406.25,1
1906,1905.999999999957,492.929167,492.4,529.1670000000295,1
1907,1906.999999999957,493.090625,492.43333333333334,657.2916666666515,1
1908,1907.9999999999568,493.25156200000004,492.43333333333334,818.2286666666982,1
1909,1908.9999999999568,493.45,492.43333333333334,1016.6666666666515,1
1910,1909.9999999999568,493.664583,492.43333333333334,1231.2496666666561,1
1911,1910.9999999999566,493.84375,492.43333333333334,1410.4166666666629,1
1912,1911.9999999999566,494.009375,493.6333333333333,376.0416666666515,1
1913,1912.9999999999563,494.194792,493.8,394.79199999999537,1
1914,1913.999999999956,494.382813,493.8,582.8129999999874,1
1915,1914.9999999999561,494.613542,494.0,613.5419999999954,1
1916,1915.999999999956,494.796875,494.1666666666667,630.2083333333144,1
1917,1916.999999999956,495.059375,494.3,759.3749999999773,1
1918,1917.999999999956,495.24036399999994,494.53333333333336,707.0306666665829,1
1919,1918.999999999956,495.421354,494.73333333333335,688.0206666666595,1
1920,1919.9999999999561,495.608855,495.0,608.8550000000055,1
1921,1920.9999999999557,495.807292,495.23333333333335,573.9586666666696,1
1922,1921.9999999999557,495.919792,495.5,419.79199999997263,1
1923,1922.9999999999554,496.127083,495.6333333333333,493.7496666667016,1
1924,1923.9999999999552,496.29375,495.76666666666665,527.0833333333371,1
1925,1924.9999999999552,496.473958,495.9,573.9580000000046,1
1926,1925.9999999999543,496.629167,496.2,429.16700000000674,1
1927,1926.9999999999548,496.79930599999994,496.23333333333335,565.9726666665961,1
1928,1927.9999999999548,496.969445,496.23333333333335,736.111666666659,1
1929,1928.9999999999543,497.139584,496.76666666666665,372.91733333336197,1
1930,1929.9999999999543,497.410417,496.93333333333334,477.08366666665825,1
1931,1930.9999999999538,497.603125,497.06666666666666,536.4583333333144,1
1932,1931.9999999999538,497.742708,497.26666666666665,476.04133333334175,1
1933,1932.9999999999538,497.901042,497.3666666666667,534.3753333333439,1
1934,1933.9999999999536,498.077083,497.7,377.08300000002737,1
1935,1934.9999999999538,498.26770899999997,497.7,567.7089999999794,1
1936,1935.9999999999534,498.415625,497.93333333333334,482.29166666664014,1
1937,1936.9999999999534,498.592708,498.1,492.70799999999326,1
1938,1937.9999999999532,498.83802099999997,498.3,538.0209999999579,1
1939,1938.9999999999532,499.102083,498.46666666666664,635.4163333333531,1
1940,1939.9999999999534,499.333333,498.6,733.3329999999592,1
1941,1940.9999999999532,499.809375,498.76666666666665,1042.7083333333371,1
1942,1941.999999999952,500.109375,499.03333333333336,1076.0416666666401,1
1943,1942.9999999999516,500.31875,499.23333333333335,1085.4166666666742,1
1944,1943.9999999999516,500.484375,499.5,984.375,1
1945,1944.9999999999516,500.741667,499.73333333333335,1008.3336666666582,1
1946,1945.9999999999516,500.911458,500.0,911.4579999999819,1
1947,1946.9999999999513,501.270833,500.2,1070.8329999999933,1
1948,1947.9999999999511,501.427083,500.7,727.0829999999933,1
1949,1948.9999999999513,501.6125,500.93333333333334,679.1666666666742,1
1950,1949.9999999999516,501.917708,501.1666666666667,751.041333333319,1
1951,1950.9999999999511,502.14375,501.43333333333334,710.4166666666742,1
1952,1951.9999999999513,502.31406200000004,501.6333333333333,680.7286666667096,1
1953,1952.9999999999518,502.484375,501.8333333333333,651.0416666666856,1
1954,1953.9999999999513,502.665625,502.1333333333333,532.2916666666515,1
1955,1954.9999999999518,502.855208,502.3,555.2079999999933,1
1956,1955.9999999999511,503.105729,502.46666666666664,639.0623333333565,1
1957,1956.9999999999511,503.334896,502.6666666666667,668.2293333333291,1
1958,1957.9999999999513,503.514583,502.9,614.5830000000387,1
1959,1958.9999999999507,503.819792,503.1666666666667,653.1253333333211,1
1960,1959.9999999999507,503.985417,503.3,685.4169999999726,1
1961,1960.9999999999513,504.190625,503.53333333333336,657.2916666666515,1
1962,1961.9999999999507,504.50572900000003,503.76666666666665,739.0623333333792,1
1963,1962.9999999999513,504.728125,503.96666666666664,761.4583333333371,1
1964,1963.9999999999502,504.914583,504.1666666666667,747.9163333333076,1
1965,1964.9999999999502,505.35647,504.46666666666664,889.8033333333615,1
1966,1965.9999999999507,505.641667,504.6666666666667,975.0003333332984,1
1967,1966.99999999995,505.85306399999996,504.93333333333334,919.7306666666236,1
1968,1967.9999999999502,506.0,505.03333333333336,966.6666666666401,1
1969,1968.9999999999507,506.23585499999996,505.4,835.8549999999809,1
1970,1969.9999999999498,506.42207699999994,505.76666666666665,655.4103333332932,1
1971,1970.9999999999498,506.722917,505.96666666666664,756.2503333333552,1
1972,1971.999999999949,506.954167,506.26666666666665,687.5003333333325,1
1973,1972.9999999999495,507.13125,506.46666666666664,664.5833333333826,1
1974,1973.9999999999495,507.357292,506.6333333333333,723.9586666666469,1
1975,1974.9999999999493,507.567708,506.93333333333334,634.3746666666448,1
1976,1975.9999999999495,507.732292,507.1333333333333,598.9586666666469,1
1977,1976.9999999999498,507.979688,507.3,679.6879999999987,1
1978,1977.9999999999493,508.194271,507.53333333333336,660.9376666666549,1
1979,1978.9999999999495,508.3875,507.8,587.4999999999773,1
1980,1979.9999999999486,508.624479,507.96666666666664,657.8123333333679,1
1981,1980.9999999999488,508.901042,508.1333333333333,767.7086666666924,1
1982,1981.9999999999495,509.09375,508.3666666666667,727.0833333333258,1
1983,1982.9999999999486,509.417708,508.56666666666666,851.0413333333418,1
1984,1983.9999999999488,509.651042,508.8333333333333,817.7086666667037,1
1985,1984.999999999949,509.883073,509.03333333333336,849.7396666666646,1
1986,1985.9999999999486,510.11510400000003,509.3,815.1040000000194,1
1987,1986.9999999999488,510.365625,509.56666666666666,798.9583333333599,1
1988,1987.9999999999493,510.577604,509.8333333333333,744.2706666666936,1
1989,1988.9999999999486,510.93906200000004,510.1,839.0620000000126,1
1990,1989.999999999949,511.197917,510.3333333333333,864.5836666667037,1
1991,1990.9999999999486,511.422917,510.56666666666666,856.2503333333211,1
1992,1991.9999999999486,511.59375,510.76666666666665,827.0833333333485,1
1993,1992.9999999999486,511.81406200000004,511.1,714.0620000000126,1
1994,1993.9999999999484,512.072917,511.3666666666667,706.250333333287,1
1995,1994.9999999999484,512.3166669999999,511.56666666666666,750.0003333332756,1
1996,1995.9999999999488,512.498958,511.8666666666667,632.2913333333418,1
1997,1996.9999999999484,512.719792,512.0333333333333,686.458666666681,1
1998,1997.9999999999486,512.933854,512.2333333333333,700.5206666666481,1
1999,1998.9999999999482,513.11875,512.5,618.7499999999773,1
2000,1999.9999999999484,513.31875,512.7,618.7499999999773,1
2001,2000.9999999999484,513.571354,512.9,671.3540000000648,1
2002,2001.9999999999482,513.771875,513.1333333333333,638.541666666697,1
2003,2002.9999999999484,513.973958,513.4,573.9580000000615,1
2004,2003.9999999999486,514.202604,513.7,502.6039999999057,1
2005,2004.9999999999482,514.4125,513.7666666666667,645.8333333333712,1
2006,2005.9999999999484,514.6291669999999,514.1333333333333,495.83366666661277,1
2007,2006.9999999999477,514.975,514.2333333333333,741.6666666666742,1
2008,2007.999999999948,515.219792,514.4333333333333,786.4586666667037,1
2009,2008.9999999999486,515.425,514.6,824.9999999999318,1
2010,2009.9999999999477,515.5895830000001,514.8666666666667,722.9163333333872,1
2011,2010.999999999948,515.80625,515.2,606.2499999999318,1
2012,2011.9999999999484,515.992708,515.4333333333333,559.374666666713,1
2013,2012.9999999999477,516.247396,515.7,547.3959999999352,1
2014,2013.9999999999482,516.421875,515.9333333333333,488.5416666667197,1
2015,2014.9999999999475,516.645833,516.0666666666667,579.166333333319,1
2016,2015.9999999999477,516.846875,516.3,546.875,1
2017,2016.9999999999482,517.126042,516.5333333333333,592.708666666681,1
2018,2017.9999999999475,517.327605,516.6666666666666,660.9383333333199,1
2019,2018.9999999999475,517.629688,516.9,729.6880000000101,1
2020,2019.9999999999477,517.934375,517.0666666666667,867.7083333333258,1
2021,2020.9999999999475,518.14375,517.2666666666667,877.083333333303,1
2022,2021.9999999999475,518.391146,517.6,791.1460000000261,1
2023,2022.9999999999477,518.647396,517.8333333333334,814.0626666665867,1
2024,2023.999999999947,518.849479,518.0666666666667,782.8123333332542,1
2025,2024.9999999999475,519.096875,518.3333333333334,763.5416666665833,1
2026,2025.9999999999468,519.344791,518.5666666666667,778.1243333332668,1
2027,2026.9999999999468,519.526042,518.8333333333334,692.70866666659,1
2028,2027.9999999999475,519.800521,519.0666666666667,733.8543333332836,1
2029,2028.999999999946,520.073437,519.3,773.4370000000581,1
2030,2029.9999999999463,520.288542,519.5333333333333,755.2086666667037,1
2031,2030.9999999999457,520.559896,519.7666666666667,793.2293333333291,1
2032,2031.999999999946,520.888542,519.9666666666667,921.8753333333325,1
2033,2032.9999999999463,521.083333,520.1333333333333,949.999666666713,1
2034,2033.9999999999459,521.279167,520.5333333333333,745.8336666667265,1
2035,2034.999999999946,521.49375,520.7666666666667,727.0833333333258,1
2036,2035.9999999999466,521.738541,521.0666666666667,671.874333333335,1
2037,2036.9999999999459,522.394791,521.3,1094.7910000001002,1
2038,2037.999999999946,522.713542,521.4666666666667,1246.8753333332643,1
2039,2038.999999999946,522.938541,521.7333333333333,1205.207666666638,1
2040,2039.9999999999459,523.196354,521.9666666666667,1229.6873333333451,1
2041,2040.999999999946,523.51875,522.3333333333334,1185.4166666665833,1
2042,2041.9999999999459,523.6625,522.9,762.5000000000455,1
2043,2042.9999999999457,524.005208,523.1333333333333,871.874666666713,1
2044,2043.999999999946,524.185417,523.4,785.4170000000522,1
2045,2044.9999999999457,524.390625,523.6333333333333,757.2916666666742,1
2046,2045.9999999999457,524.663542,523.9,763.5420000000295,1
2047,2046.9999999999457,524.864583,524.1333333333333,731.249666666713,1
2048,2047.9999999999457,525.040625,524.4,640.625,1
2049,2048.999999999946,525.279167,524.6,679.1670000000067,1
2050,2049.9999999999454,525.4625,524.8333333333334,629.166666666606,1
2051,2050.9999999999454,525.7385419999999,525.1,638.5419999999158,1
2052,2051.999999999946,526.002083,525.3,702.083000000016,1
2053,2052.999999999945,526.192708,525.4666666666667,726.0413333333418,1
2054,2053.999999999945,526.397917,525.6333333333333,764.583666666681,1
2055,2054.999999999946,526.745834,525.9333333333333,812.500666666665,1
2056,2055.999999999945,527.0114580000001,526.1666666666666,844.7913333334327,1
2057,2056.999999999946,527.189583,526.2666666666667,922.916333333319,1
2058,2057.9999999999454,527.395833,526.6666666666666,729.16633333341,1
2059,2058.999999999945,527.590625,526.9,690.6250000000682,1
2060,2059.9999999999454,527.8010419999999,527.1666666666666,634.3753333333098,1
2061,2060.9999999999445,528.059375,527.3666666666667,692.7083333333712,1
2062,2061.999999999945,528.203125,527.6666666666666,536.4583333333712,1
2063,2062.9999999999454,528.4,527.8,600.0000000000227,1
2064,2063.9999999999445,528.694271,528.0333333333333,660.9376666666549,1
2065,2064.9999999999454,529.017708,528.2333333333333,784.374666666622,1
2066,2065.9999999999445,529.1916669999999,528.4333333333333,758.3336666666582,1
2067,2066.9999999999445,529.455208,528.7,755.207999999925,1
2068,2067.9999999999445,529.717708,528.8666666666667,851.0413333333418,1
2069,2068.9999999999445,529.927083,529.1666666666666,760.41633333341,1
2070,2069.9999999999445,530.202083,529.4333333333333,768.7496666667357,1
2071,2070.9999999999445,530.439584,529.6666666666666,772.9173333333392,1
2072,2071.999999999944,530.61875,529.9333333333333,685.416666666697,1
2073,2072.999999999944,530.86875,530.1333333333333,735.4166666666515,1
2074,2073.9999999999445,531.0875,530.4,687.5,1
2075,2074.999999999944,531.313541,530.6,713.5409999999638,1
2076,2075.999999999944,531.566146,530.8,766.1460000000488,1
2077,2076.999999999944,531.744792,531.0333333333333,711.4586666666582,1
2078,2077.999999999944,531.927604,531.2666666666667,660.9373333333224,1
2079,2078.9999999999445,532.110417,531.5333333333333,577.083666666681,1
2080,2079.999999999944,532.338542,531.7333333333333,605.2086666666128,1
2081,2080.999999999944,532.509375,532.0,509.37499999997726,1
2082,2081.9999999999445,532.756771,532.2666666666667,490.1043333333064,1
2083,2082.999999999944,532.955729,532.5,455.72900000001937,1
2084,2083.9999999999445,533.142708,532.5666666666667,576.0413333332508,1
2085,2084.9999999999436,533.334375,532.7,634.3749999999773,1
2086,2085.9999999999436,533.5197919999999,532.9333333333333,586.4586666666582,1
2087,2086.999999999944,533.70625,533.1333333333333,572.9166666666288,1
2088,2087.9999999999436,534.03125,533.3333333333334,697.9166666666288,1
2089,2088.9999999999436,534.359375,533.6,759.3749999999773,1
2090,2089.999999999944,534.5125,533.7333333333333,779.166666666697,1
2091,2090.9999999999436,534.665625,533.8666666666667,798.958333333303,1
2092,2091.999999999944,534.89375,534.2333333333333,660.416666666606,1
2093,2092.9999999999436,535.0114580000001,534.5666666666667,444.79133333334175,1
2094,2093.9999999999436,535.248959,534.8,448.95900000005895,1
2095,2094.9999999999436,535.449479,535.0333333333333,416.1456666666936,1
2096,2095.999999999943,535.614583,535.2,414.58299999999326,1
2097,2096.999999999943,535.819792,535.6,219.791999999984,1
2098,2097.9999999999436,536.030208,535.8,230.20800000006147,1
2099,2098.999999999943,536.172395,535.8,372.39500000009684,1
2100,2099.9999999999436,536.413542,535.8,613.5420000000522,1
2101,2100.999999999943,536.602083,536.0333333333333,568.7496666666902,1
2102,2101.999999999943,536.802083,536.2,602.0829999999933,1
2103,2102.999999999944,537.0354169999999,536.3666666666667,668.7503333332643,1
2104,2103.999999999943,537.189583,536.6,589.5829999999478,1
2105,2104.999999999943,537.411458,536.8,611.4580000000842,1
2106,2105.9999999999436,537.636979,537.0,636.9789999999966,1
2107,2106.999999999943,537.838542,537.3,538.5420000000067,1
2108,2107.9999999999436,538.015625,537.5666666666667,448.9583333332803,1
2109,2108.9999999999436,538.233333,537.5666666666667,666.6663333332963,1
2110,2109.999999999943,538.432292,537.8333333333334,598.95866666659,1
2111,2110.999999999944,538.61875,538.0333333333333,585.4166666666742,1
2112,2111.999999999943,538.85625,538.2666666666667,589.583333333394,1
2113,2112.999999999943,539.054167,538.5333333333333,520.8336666667037,1
2114,2113.9999999999436,539.273958,538.7666666666667,507.29133333334175,1
2115,2114.999999999943,539.538542,538.8333333333334,705.2086666666355,1
2116,2115.999999999943,539.844792,539.0333333333333,811.458666666681,1
2117,2116.9999999999427,540.069271,539.3333333333334,735.9376666665867,1
2118,2117.999999999943,540.364583,539.4333333333333,931.2496666667585,1
2119,2118.9999999999436,540.6447919999999,539.7,944.791999999893,1
2120,2119.999999999943,540.913542,540.0333333333333,880.2086666667037,1
2121,2120.999999999943,541.233333,540.2666666666667,966.6663333333645,1
2122,2121.999999999943,541.430729,540.5333333333333,897.3956666667391,1
2123,2122.9999999999427,541.628125,540.8333333333334,794.7916666665833,1
2124,2123.999999999943,541.828646,541.1,728.6460000000261,1
2125,2124.999999999943,542.003125,541.4,603.1249999999773,1
2126,2125.9999999999422,542.205208,541.6333333333333,571.8746666666448,1
2127,2126.9999999999422,542.391667,541.8666666666667,525.0003333333098,1
2128,2127.9999999999422,542.574479,542.0,574.4789999999966,1
2129,2128.999999999942,542.757292,542.2,557.2919999999613,1
2130,2129.9999999999427,542.974479,542.3666666666667,607.8123333332996,1
2131,2130.9999999999413,543.142708,542.6,542.7079999999478,1
2132,2131.999999999941,543.320833,542.8333333333334,487.49966666662203,1
2133,2132.999999999941,543.5270830000001,543.1,427.08300000003874,1
2134,2133.999999999941,543.720313,543.4,320.3130000000556,1
2135,2134.999999999941,543.913542,543.3,613.5420000000522,1
2136,2135.9999999999404,544.117708,543.5333333333333,584.3746666666902,1
2137,2136.99999999994,544.30625,543.7333333333333,572.9166666666288,1
2138,2137.99999999994,544.497917,543.9666666666667,531.2503333333325,1
2139,2138.999999999939,544.6604169999999,544.2,460.41699999989305,1
2140,2139.99999999994,544.834375,544.3,534.3750000000682,1
2141,2140.9999999999395,545.008333,544.4,608.333000000016,1
2142,2141.999999999939,545.227083,544.6666666666666,560.4163333333645,1
2143,2142.999999999939,545.403125,544.9,503.1250000000682,1
2144,2143.999999999939,545.596875,545.1,496.8749999999318,1
2145,2144.9999999999377,545.938542,545.1666666666666,771.8753333333552,1
2146,2145.9999999999377,546.219792,545.3333333333334,886.4586666666128,1
2147,2146.9999999999372,546.413542,545.5666666666667,846.875333333287,1
2148,2147.999999999937,546.595833,545.8333333333334,762.4996666665993,1
2149,2148.9999999999363,546.797917,546.1,697.9169999999613,1
2150,2149.999999999936,547.0,546.3333333333334,666.6666666666288,1
2151,2150.999999999936,547.175,546.6,574.9999999999318,1
2152,2151.999999999935,547.346875,546.7666666666667,580.208333333303,1
2153,2152.999999999935,547.525,547.0333333333333,491.66666666667425,1
2154,2153.999999999935,547.732292,547.2666666666667,465.62533333337797,1
2155,2154.9999999999354,547.903646,547.3666666666667,536.9793333333064,1
2156,2155.999999999935,548.075,547.6,475.00000000002274,1
2157,2156.9999999999354,548.354167,547.7333333333333,620.8336666666128,1
2158,2157.999999999934,548.6,547.9666666666667,633.3333333333258,1
2159,2158.999999999934,548.786458,548.1666666666666,619.79133333341,1
2160,2159.999999999934,548.967708,548.2666666666667,701.0413333333645,1
2161,2160.999999999933,549.155208,548.5333333333333,621.874666666713,1
2162,2161.999999999933,549.338542,548.7666666666667,571.8753333333098,1
2163,2162.9999999999322,549.5041669999999,548.9666666666667,537.5003333332415,1
2164,2163.999999999932,549.701563,549.1666666666666,534.8963333333359,1
2165,2164.999999999932,549.859375,549.4333333333333,426.0416666667197,1
2166,2165.9999999999313,550.033333,549.6,433.3329999999478,1
2167,2166.9999999999327,550.21875,549.7333333333333,485.4166666666515,1
2168,2167.999999999931,550.404167,549.9666666666667,437.5003333333325,1
2169,2168.9999999999313,550.621875,550.0333333333333,588.5416666667425,1
2170,2169.9999999999313,550.851042,550.2666666666667,584.3753333333552,1
2171,2170.9999999999304,551.026042,550.5,526.0419999999613,1
2172,2171.9999999999304,551.199479,550.5666666666667,632.8123333332769,1
2173,2172.9999999999304,551.4177080000001,550.8,617.708000000107,1
2174,2173.99999999993,551.619792,551.0,619.7919999999613,1
2175,2174.9999999999295,551.780208,551.1333333333333,646.8746666666902,1
2176,2175.9999999999295,551.9958330000001,551.3,695.833000000107,1
2177,2176.999999999929,552.188542,551.5666666666667,621.8753333332643,1
2178,2177.999999999929,552.35,551.7333333333333,616.6666666666742,1
2179,2178.999999999929,552.577083,551.9,677.0830000000387,1
2180,2179.999999999928,552.741667,552.1333333333333,608.333666666681,1
2181,2180.999999999928,552.900521,552.3,600.5210000000716,1
2182,2181.9999999999277,553.127083,552.5333333333333,593.7496666666675,1
2183,2182.9999999999272,553.296875,552.6333333333333,663.5416666666742,1
2184,2183.9999999999272,553.468229,552.8666666666667,601.5623333332769,1
2185,2184.999999999927,553.7125,553.1,612.4999999999545,1
2186,2185.999999999927,553.866667,553.3,566.6670000000522,1
2187,2186.9999999999254,554.039583,553.4,639.583000000016,1
2188,2187.999999999926,554.272917,553.6333333333333,639.583666666681,1
2189,2188.999999999926,554.479167,553.8666666666667,612.500333333287,1
2190,2189.999999999925,554.652604,554.0,652.6039999999966,1
2191,2190.999999999925,554.928125,553.6666666666666,1261.458333333394,1
2192,2191.999999999925,555.107292,554.4333333333333,673.9586666667492,1
2193,2192.9999999999245,555.470833,554.6666666666666,804.1663333333418,1
2194,2193.999999999925,555.722916,554.8666666666667,856.2493333333805,1
2195,2194.9999999999245,555.975,555.1333333333333,841.666666666697,1
2196,2195.9999999999145,556.098438,555.3,798.4380000000328,1
2197,2196.999999999915,556.242969,555.6333333333333,609.6356666666907,1
2198,2197.9999999999145,556.3875,555.9,487.5000000000682,1
2199,2198.9999999999145,556.510937,556.1,410.9369999999899,1
2200,2199.9999999999145,556.655469,556.3666666666667,288.8023333333649,1
2201,2200.9999999999145,556.8,556.3666666666667,433.3333333332803,1
2202,2201.9999999999145,556.90625,556.3666666666667,539.5833333333258,1
2203,2202.9999999999145,557.029514,556.3666666666667,662.847333333275,1
2204,2203.9999999999145,557.152778,556.3666666666667,786.1113333333378,1
2205,2204.9999999999145,557.276042,557.9333333333333,657.291333333319,1
2206,2205.999999999915,557.484375,557.4666666666667,17.708333333303017,1
2207,2206.9999999999145,557.692709,557.4666666666667,226.04233333333923,1
2208,2207.9999999999145,557.901042,557.4666666666667,434.3753333332643,1
2209,2208.999999999915,558.126432,558.2666666666667,140.23466666662898,1
2210,2209.999999999915,558.3518230000001,558.3666666666667,14.84366666659298,1
2211,2210.999999999915,558.577213,558.4666666666667,110.54633333333186,1
2212,2211.999999999915,558.802604,559.0666666666667,264.0626666667458,1
2213,2212.999999999914,559.126563,559.2666666666667,140.10366666661866,1
2214,2213.999999999914,559.332813,559.2666666666667,66.14633333333586,1
2215,2214.999999999914,559.509375,559.3,209.37500000002274,1
2216,2215.999999999914,559.658333,559.4,258.33299999999326,1
2217,2216.999999999913,559.802083,559.2666666666667,535.4163333333872,1
2218,2217.9999999999127,559.995312,559.5333333333333,461.9786666667096,1
2219,2218.999999999913,560.188541,559.5333333333333,655.2076666666835,1
2220,2219.999999999913,560.330208,559.5333333333333,796.8746666666675,1
2221,2220.9999999999127,560.469531,559.5333333333333,936.1976666666578,1
2222,2221.9999999999127,560.608855,559.5333333333333,1075.5216666666456,1
2223,2222.999999999913,560.746875,561.0666666666667,319.79166666667425,1
2224,2223.9999999999127,560.892708,562.0,1107.2920000000295,1
2225,2224.9999999999127,561.038542,562.1333333333333,1094.791333333319,1
2226,2225.9999999999127,561.159375,562.3333333333334,1173.9583333334167,1
2227,2226.9999999999127,561.282292,562.6,1317.7080000000387,1
2228,2227.9999999999127,561.405208,562.6666666666666,1261.4586666666128,1
2229,2228.9999999999127,561.528125,562.9333333333333,1405.2083333332348,1
2230,2229.999999999913,561.717882,562.5,782.1179999999686,1
2231,2230.999999999913,561.907639,562.7,792.3610000000281,1
2232,2231.999999999913,562.097396,562.9333333333333,835.9373333332769,1
2233,2232.999999999913,562.337761,563.2333333333333,895.5723333333481,1
2234,2233.999999999914,562.578125,563.4333333333333,855.2083333332803,1
2235,2234.999999999913,562.818489,563.7333333333333,914.8443333333489,1
2236,2235.999999999913,563.058854,563.9,841.1459999999806,1
2237,2236.9999999999127,563.359896,564.3333333333334,973.4373333333224,1
2238,2237.9999999999127,563.556771,564.4,843.2289999999512,1
2239,2238.999999999912,563.6989580000001,564.8333333333334,1134.3753333333098,1
2240,2239.999999999912,563.842708,564.9333333333333,1090.6253333332643,1
2241,2240.999999999912,564.028646,565.1666666666666,1138.0206666666481,1
2242,2241.9999999999063,564.2072919999999,565.4,1192.7080000000387,1
2243,2242.9999999999063,564.385937,564.7333333333333,347.39633333333586,1
2244,2243.9999999999063,564.530209,564.9333333333333,403.1243333332668,1
2245,2244.9999999999063,564.691146,564.9333333333333,242.1873333332769,1
2246,2245.9999999999063,564.852083,564.9333333333333,81.25033333328702,1
2247,2246.9999999999063,564.9958330000001,564.9333333333333,62.499666666781195,1
2248,2247.9999999999063,565.140104,564.9333333333333,206.77066666667088,1
2249,2248.9999999999063,565.284375,564.9333333333333,351.04166666667425,1
2250,2249.999999999906,565.4125,564.9333333333333,479.16666666674246,1
2251,2250.9999999999063,565.555208,564.9333333333333,621.874666666713,1
2252,2251.9999999999063,565.697917,564.9333333333333,764.583666666681,1
2253,2252.999999999906,565.81875,565.4333333333333,385.41666666674246,1
2254,2253.9999999999063,565.95625,565.6333333333333,322.91666666662877,1
2255,2254.9999999999063,566.09375,565.9333333333333,160.41666666671972,1
2256,2255.999999999906,566.223438,566.1666666666666,56.7713333333586,1
2257,2256.9999999999063,566.3552080000001,566.0333333333333,321.87466666675846,1
2258,2257.999999999906,566.486979,566.2,286.9789999999739,1
2259,2258.999999999906,566.6135419999999,566.1666666666666,446.87533333330975,1
2260,2259.999999999906,566.745052,566.4333333333333,311.71866666670667,1
2261,2260.999999999906,566.876563,566.6666666666666,209.89633333340407,1
2262,2261.999999999906,567.015625,566.5666666666667,448.9583333332803,1
2263,2262.9999999999063,567.1559900000001,566.8,355.9900000001335,1
2264,2263.999999999906,567.296355,567.0333333333333,263.0216666666456,1
2265,2264.999999999906,567.6052080000001,567.3,305.20800000010695,1
2266,2265.999999999906,567.797916,567.2333333333333,564.582666666638,1
2267,2266.999999999905,567.942708,567.4333333333333,509.37466666675846,1
2268,2267.9999999999045,568.092709,567.5333333333333,559.3756666667105,1
2269,2268.9999999999045,568.248958,567.8,448.9580000000615,1
2270,2269.9999999999036,568.3947919999999,568.0,394.7919999999385,1
2271,2270.9999999999036,568.54375,568.2666666666667,277.08333333339397,1
2272,2271.999999999903,568.692188,568.5333333333333,158.85466666668435,1
2273,2272.9999999999022,568.827604,568.6666666666666,160.93733333332239,1
2274,2273.9999999999027,568.990625,568.7666666666667,223.95833333337123,1
2275,2274.9999999999022,569.146875,569.0333333333333,113.54166666671972,1
2276,2275.9999999999022,569.303125,568.9,403.1250000000455,1
2277,2276.9999999999022,569.56875,569.5,68.75000000002274,1
2278,2277.9999999999022,569.764583,569.2666666666667,497.9163333333645,1
2279,2278.9999999999013,569.9,569.4333333333333,466.666666666697,1
2280,2279.9999999999004,570.048958,569.5,548.9579999999705,1
2281,2280.9999999999004,570.21875,569.8,418.7500000000455,1
2282,2281.9999999999,570.3552080000001,570.0333333333333,321.87466666675846,1
2283,2282.999999999899,570.498958,570.2666666666667,232.2913333333645,1
2284,2283.9999999998986,570.640104,570.5,140.10399999995116,1
2285,2284.999999999898,570.766666,570.4333333333333,333.33266666670625,1
2286,2285.999999999898,570.959375,570.6333333333333,326.041666666697,1
2287,2286.9999999998986,571.115104,570.6333333333333,481.77066666664814,1
2288,2287.999999999898,571.270833,570.6333333333333,637.499666666713,1
2289,2288.999999999898,571.435417,573.3,1864.582999999925,1
2290,2289.999999999898,571.5739580000001,573.6333333333333,2059.3753333332643,1
2291,2290.9999999998986,571.704167,571.3,404.1670000000295,1
2292,2291.999999999898,571.848438,571.5,348.43799999998737,1
2293,2292.999999999892,571.958854,571.7333333333333,225.5206666666254,1
2294,2293.999999999892,572.117708,571.8,317.70800000003874,1
2295,2294.9999999998927,572.248958,571.8,448.9580000000615,1
2296,2295.9999999998918,572.382292,572.0666666666667,315.625333333287,1
2297,2296.999999999892,572.501042,573.6,1098.9580000000387,1
2298,2297.999999999892,572.633854,573.6,966.1459999999806,1
2299,2298.999999999892,572.766146,573.6,833.8539999999739,1
2300,2299.9999999998918,572.90625,573.6,693.7500000000227,1
2301,2300.9999999998918,573.03125,573.1,68.75000000002274,1
2302,2301.9999999998913,573.155208,574.1666666666666,1011.4586666666128,1
2303,2302.9999999998913,573.2770830000001,573.7333333333333,456.250333333287,1
2304,2303.9999999998913,573.4375,572.3333333333334,1104.1666666666288,1
2305,2304.9999999998913,573.572396,572.5666666666667,1005.7293333333064,1
2306,2305.9999999998913,573.708333,572.8,908.3330000000842,1
2307,2306.999999999891,573.844792,573.1,744.7919999999613,1
2308,2307.999999999891,573.978125,574.9,921.875,1
2309,2308.999999999891,574.111458,573.7333333333333,378.12466666662203,1
2310,2309.999999999891,574.228646,573.9,328.64600000004884,1
2311,2310.999999999891,574.364583,574.1666666666666,197.91633333340997,1
2312,2311.9999999998913,574.488541,574.3333333333334,155.2076666666835,1
2313,2312.9999999998913,574.607292,574.7666666666667,159.37466666662203,1
2314,2313.9999999998913,574.7541669999999,574.6666666666666,87.50033333330975,1
2315,2314.9999999998913,574.901042,574.8,101.04200000000674,1
2316,2315.999999999891,575.047917,575.0,47.916999999984,1
2317,2316.999999999891,575.206597,574.8,406.5970000000334,1
2318,2317.999999999891,575.365278,575.0333333333333,331.9446666666863,1
2319,2318.999999999891,575.523958,575.2666666666667,257.29133333334175,1
2320,2319.9999999998913,575.691319,575.4,291.31900000004407,1
2321,2320.9999999998927,575.8586809999999,575.4333333333333,425.3476666666529,1
2322,2321.9999999998913,576.026042,575.5666666666667,459.37533333324154,1
2323,2322.9999999998913,576.212847,575.7666666666667,446.18033333335916,1
2324,2323.9999999998927,576.3996530000001,575.9333333333333,466.31966666677727,1
2325,2324.9999999998913,576.586458,576.1,486.4579999999705,1
2326,2325.9999999998918,576.7539929999999,576.2666666666667,487.3263333332716,1
2327,2326.9999999998913,576.9215280000001,576.5,421.5280000000803,1
2328,2327.9999999998913,577.089062,576.6,489.0619999999899,1
2329,2328.999999999891,577.2565969999999,576.8333333333334,423.2636666665712,1
2330,2329.9999999998913,577.424132,577.0666666666667,357.46533333326624,1
2331,2330.99999999989,577.591667,577.3,291.66700000007495,1
2332,2331.999999999891,577.7265629999999,577.4333333333333,293.2296666666616,1
2333,2332.9999999998913,577.861459,577.5,361.458999999968,1
2334,2333.999999999891,577.996354,577.5333333333333,463.0206666666936,1
2335,2334.999999999891,578.13125,577.8333333333334,297.9166666666515,1
2336,2335.9999999998913,578.266146,578.0333333333333,232.81266666674583,1
2337,2336.999999999891,578.401042,578.3,101.04200000000674,1
