beat_idx,gt_beat,gt_time_s,pred_time_s,err_ms,ok
0,0.0,0.95,0.0,950.0,1
1,1.0000000000000002,1.2223959999999998,0.0,1222.3959999999997,1
2,2.0000000000000004,1.494792,0.0,1494.792,1
3,3.000000000000001,1.657291,1.6666666666666667,9.375666666666671,1
4,4.000000000000001,1.89375,1.7333333333333334,160.41666666666666,1
5,5.000000000000001,2.130208,1.9,230.2080000000002,1
6,6.000000000000001,2.322396,2.1666666666666665,155.7293333333334,1
7,7.0,2.537587,2.3333333333333335,204.25366666666633,1
8,8.000000000000002,2.752778,2.3333333333333335,419.4446666666667,1
9,9.000000000000002,2.967969,2.533333333333333,434.63566666666685,1
10,10.000000000000002,3.18316,2.8,383.1600000000002,1
11,11.000000000000004,3.3983510000000003,3.0,398.35100000000034,1
12,12.000000000000004,3.613542,3.3,313.542,1
13,13.000000000000004,3.873785,3.7333333333333334,140.45166666666643,1
14,14.000000000000002,4.134028,4.0,134.02799999999982,1
15,15.000000000000002,4.394271,1.5,2894.2709999999997,1
16,16.000000000000004,4.592188,4.633333333333334,41.14533333333359,1
17,17.000000000000004,4.790104,0.6333333333333333,4156.770666666666,1
18,18.000000000000004,4.988021,5.2,211.97900000000035,1
19,19.0,5.185938,5.533333333333333,347.39533333333304,1
20,20.0,5.383854,5.633333333333334,249.4793333333334,1
21,21.000000000000004,5.581771,5.766666666666667,184.89566666666678,1
22,22.000000000000004,5.746094,5.766666666666667,20.57266666666635,1
23,23.000000000000007,5.910417,5.933333333333334,22.91633333333376,1
24,24.000000000000018,6.19375,6.1,93.75,1
25,25.000000000000007,6.439583,6.366666666666666,72.91633333333358,1
26,26.000000000000007,6.685417,6.733333333333333,47.91633333333323,1
27,27.000000000000014,6.899479,6.866666666666666,32.81233333333411,1
28,28.00000000000001,7.126563000000001,6.966666666666667,159.8963333333341,1
29,29.000000000000025,7.353646,7.066666666666666,286.9793333333339,1
30,30.000000000000018,7.595313000000001,7.333333333333333,261.9796666666678,1
31,31.000000000000018,7.830295,7.666666666666667,163.6283333333326,1
32,32.00000000000002,8.065278,7.666666666666667,398.6113333333323,1
33,33.00000000000002,8.30026,7.866666666666666,433.5933333333335,1
34,34.00000000000002,8.535243,8.1,435.2429999999998,1
35,35.00000000000002,8.770225,8.333333333333334,436.891666666666,1
36,36.00000000000002,9.005208,8.6,405.208,1
37,37.00000000000002,9.272222,9.033333333333333,238.8886666666661,1
38,38.00000000000002,9.539236,9.3,239.236,1
39,39.000000000000036,9.80625,9.433333333333334,372.9166666666668,1
40,40.00000000000002,10.006597,10.033333333333333,26.736333333333917,1
41,41.00000000000002,10.206944,10.2,6.944000000000727,1
42,42.00000000000002,10.407291,10.4,7.2910000000003805,1
43,43.00000000000002,10.607639,10.6,7.639000000001062,1
44,44.00000000000003,10.807986,10.766666666666667,41.31933333333215,1
45,45.00000000000003,11.008333,10.933333333333334,74.9996666666668,1
46,46.00000000000002,11.163021,11.2,36.97899999999876,1
47,47.000000000000036,11.317709,11.466666666666667,148.9576666666661,1
48,48.000000000000036,11.607292,11.566666666666666,40.62533333333285,1
49,49.000000000000036,11.786111,11.766666666666667,19.44433333333251,1
50,50.000000000000036,11.964931,12.066666666666666,101.73566666666645,1
51,51.000000000000036,12.14375,12.233333333333333,89.5833333333318,1
52,52.000000000000036,12.351736,12.433333333333334,81.59733333333286,1
53,53.00000000000003,12.559722,12.666666666666666,106.94466666666536,1
54,54.000000000000036,12.767708,12.7,67.70800000000143,1
55,55.00000000000003,13.05,13.0,50.00000000000071,1
56,56.00000000000002,13.332291,13.333333333333334,1.0423333333342555,1
57,57.00000000000003,13.614582999999998,13.633333333333333,18.75033333333498,1
58,58.00000000000003,13.907068,13.766666666666667,140.40133333333316,1
59,59.00000000000003,14.199553,14.033333333333333,166.21966666666665,1
60,60.00000000000003,14.492038,14.3,192.03800000000015,1
61,61.00000000000002,14.784524,14.566666666666666,217.85733333333292,1
62,62.00000000000003,15.077009,14.666666666666666,410.34233333333424,1
63,63.00000000000003,15.369494,14.666666666666666,702.8273333333335,1
64,64.00000000000003,15.661979,15.633333333333333,28.64566666666768,1
65,65.00000000000003,15.958698000000002,15.9,58.69800000000147,1
66,66.00000000000003,16.255416,15.966666666666667,288.74933333333354,1
67,67.00000000000003,16.552135,16.2,352.13500000000056,1
68,68.00000000000003,16.848854,16.666666666666668,182.18733333333148,1
69,69.00000000000003,17.145573000000002,16.766666666666666,378.90633333333665,1
70,70.00000000000003,17.442291,15.533333333333333,1908.9576666666676,1
71,71.00000000000003,17.73901,15.533333333333333,2205.676666666667,1
72,72.00000000000003,18.035729,15.533333333333333,2502.395666666667,1
73,73.00000000000003,18.332448,15.533333333333333,2799.1146666666664,1
74,74.00000000000003,18.629167,15.533333333333333,3095.8336666666655,1
75,75.00000000000004,18.838021,15.533333333333333,3304.687666666668,1
76,76.00000000000003,19.057031,15.533333333333333,3523.697666666665,1
77,77.00000000000003,19.276042,15.533333333333333,3742.7086666666673,1
78,78.00000000000003,19.516146,15.533333333333333,3982.812666666666,1
79,79.00000000000004,19.732031,15.533333333333333,4198.697666666666,1
80,80.00000000000003,19.947917,16.766666666666666,3181.2503333333348,1
81,81.00000000000003,20.163802,15.333333333333334,4830.468666666667,1
82,82.00000000000003,20.379687,15.533333333333333,4846.353666666668,1
83,83.00000000000004,20.595573,15.533333333333333,5062.239666666668,1
84,84.00000000000003,20.811458,15.633333333333333,5178.124666666666,1
85,85.00000000000004,21.076562,15.866666666666667,5209.895333333332,1
86,86.00000000000004,21.341667,15.933333333333334,5408.333666666667,1
87,87.00000000000006,21.606771,16.066666666666666,5540.104333333332,1
88,88.00000000000004,21.801458,17.033333333333335,4768.124666666665,1
89,89.00000000000004,21.996146,17.3,4696.145999999999,1
90,90.00000000000004,22.190833,17.533333333333335,4657.499666666667,1
91,91.00000000000004,22.385521,17.4,4985.5210000000025,1
92,92.00000000000006,22.580208,17.533333333333335,5046.874666666664,1
93,93.00000000000007,22.868229,18.266666666666666,4601.562333333333,1
94,94.00000000000006,23.022136,18.233333333333334,4788.802666666666,1
95,95.00000000000007,23.176042,18.366666666666667,4809.375333333332,1
96,96.0000000000001,23.44375,18.4,5043.750000000003,1
97,97.00000000000007,23.688802,18.533333333333335,5155.468666666664,1
98,98.00000000000009,23.933854,19.033333333333335,4900.520666666665,1
99,99.00000000000009,24.151563,19.433333333333334,4718.229666666666,1
100,100.00000000000009,24.382813,19.7,4682.812999999999,1
101,101.00000000000013,24.614062,19.933333333333334,4680.728666666667,1
102,102.00000000000009,24.851563,20.2,4651.562999999999,1
103,103.0000000000001,25.075434,19.733333333333334,5342.100666666667,1
104,104.0000000000001,25.299306,19.766666666666666,5532.639333333335,1
105,105.00000000000009,25.523177,20.0,5523.177000000001,1
106,106.00000000000009,25.747049,20.066666666666666,5680.382333333334,1
107,107.00000000000009,25.97092,20.133333333333333,5837.586666666667,1
108,108.0000000000001,26.194792,20.366666666666667,5828.1253333333325,1
109,109.0000000000001,26.476736,20.833333333333332,5643.402666666667,1
110,110.0000000000001,26.758681,20.966666666666665,5792.014333333334,1
111,111.00000000000017,27.040625,21.2,5840.624999999999,1
112,112.0000000000001,27.255035,21.433333333333334,5821.701666666666,1
113,113.00000000000013,27.469444,21.633333333333333,5836.1106666666665,1
114,114.00000000000013,27.683854,27.8,116.14600000000053,1
115,115.0000000000001,27.898264,27.9,1.7359999999975173,1
116,116.0000000000001,28.112673,28.033333333333335,79.33966666666592,1
117,117.0000000000001,28.327083,28.3,27.082999999997526,1
118,118.00000000000013,28.486458,28.533333333333335,46.875333333336044,1
119,119.00000000000013,28.645833000000003,28.766666666666666,120.83366666666251,1
120,120.00000000000013,28.895833000000003,28.866666666666667,29.16633333333607,1
121,121.00000000000014,29.082986,29.066666666666666,16.319333333331798,1
122,122.00000000000013,29.270139,29.366666666666667,96.52766666666679,1
123,123.00000000000014,29.457292,29.6,142.7080000000025,1
124,124.00000000000014,29.652778,29.7,47.22199999999788,1
125,125.00000000000014,29.848264,30.033333333333335,185.06933333333464,1
126,126.0000000000002,30.04375,30.266666666666666,222.91666666666643,1
127,127.00000000000014,30.330382,30.433333333333334,102.9513333333334,1
128,128.00000000000014,30.617014,30.8,182.98599999999965,1
129,129.00000000000014,30.903646,30.866666666666667,36.979333333331255,1
130,130.00000000000014,31.154985,31.1,54.98499999999851,1
131,131.00000000000014,31.406324,31.266666666666666,139.65733333333574,1
132,132.00000000000014,31.657664,31.6,57.66399999999905,1
133,133.00000000000014,31.909003,31.766666666666666,142.33633333333273,1
134,134.00000000000014,32.160342,32.03333333333333,127.00866666666855,1
135,135.00000000000014,32.411681,32.3,111.68100000000436,1
136,136.0000000000002,32.663021,32.666666666666664,3.6456666666637716,1
137,137.00000000000014,32.930794,32.93333333333333,2.5393333333312285,1
138,138.00000000000014,33.198567,33.166666666666664,31.900333333332753,1
139,139.00000000000014,33.466341,33.333333333333336,133.0076666666642,1
140,140.00000000000014,33.734114,33.53333333333333,200.78066666666672,1
141,141.00000000000014,34.001888,33.9,101.88800000000242,1
142,142.00000000000014,34.269661,34.03333333333333,236.32766666666782,1
143,143.00000000000014,34.537434999999995,34.03333333333333,504.10166666666356,1
144,144.00000000000014,34.805208,34.766666666666666,38.54133333333465,1
145,145.00000000000014,35.033073,35.03333333333333,0.26033333332975417,1
146,146.0000000000002,35.260937,35.266666666666666,5.729666666667299,1
147,147.00000000000014,35.45573,35.5,44.26999999999737,1
148,148.00000000000014,35.642708,35.733333333333334,90.62533333333533,1
149,149.00000000000017,35.8125,35.9,87.49999999999858,1
150,150.0000000000002,35.979167,36.3,320.83300000000037,1
151,151.00000000000028,36.13645800000001,36.3,163.54199999998542,1
152,152.00000000000026,36.303125,36.6,296.875,1
153,153.00000000000028,36.485417,36.96666666666667,481.24966666667035,1
154,154.00000000000028,36.71527800000001,37.2,484.72199999999077,1
155,155.00000000000028,36.94513900000001,37.333333333333336,388.194333333324,1
156,156.00000000000034,37.175,37.333333333333336,158.33333333333854,1
157,157.00000000000028,37.348958,37.333333333333336,15.624666666667508,1
158,158.00000000000034,37.509375,37.333333333333336,176.04166666666288,1
159,159.00000000000034,37.683855,37.333333333333336,350.5216666666655,1
160,160.00000000000034,37.852083,38.8,947.9169999999967,1
161,161.00000000000034,38.00625,39.03333333333333,1027.08333333333,1
162,162.00000000000034,38.147917,39.166666666666664,1018.7496666666647,1
163,163.00000000000034,38.288542,39.4,1111.457999999999,1
164,164.00000000000034,38.436458,39.53333333333333,1096.8753333333298,1
165,165.00000000000028,38.631771,38.56666666666667,65.10433333333054,1
166,166.0000000000003,38.811458,38.833333333333336,21.875333333333913,1
167,167.00000000000034,38.965625,39.06666666666667,101.04166666666714,1
168,168.00000000000028,39.252083,39.166666666666664,85.41633333333465,1
169,169.00000000000028,39.469531,39.43333333333333,36.197666666673456,1
170,170.00000000000028,39.686979,39.7,13.021000000001948,1
171,171.0000000000003,39.905729,39.9,5.729000000002316,1
172,172.00000000000037,40.094792,40.06666666666667,28.12533333332823,1
173,173.00000000000028,40.241667,40.166666666666664,75.00033333333533,1
174,174.00000000000028,40.4125,40.53333333333333,120.83333333333002,1
175,175.00000000000026,40.575,40.63333333333333,58.33333333333002,1
176,176.00000000000026,40.752083,41.03333333333333,281.2503333333325,1
177,177.00000000000028,40.945833,41.166666666666664,220.83366666666393,1
178,178.0000000000002,41.143403,41.43333333333333,289.93033333333074,1
179,179.00000000000017,41.340972,41.46666666666667,125.69466666666784,1
180,180.0000000000002,41.538542,41.46666666666667,71.87533333333107,1
181,181.0000000000002,41.74583300000001,41.46666666666667,279.1663333333432,1
182,182.00000000000026,41.903125,41.46666666666667,436.4583333333343,1
183,183.00000000000017,42.0625,41.46666666666667,595.8333333333314,1
184,184.00000000000014,42.23020800000001,42.233333333333334,3.125333333322544,1
185,185.00000000000014,42.378125,42.36666666666667,11.458333333330017,1
186,186.00000000000017,42.524479,42.6,75.52100000000195,1
187,187.0000000000002,42.682292,42.7,17.708000000006052,1
188,188.00000000000014,42.829167,42.86666666666667,37.49966666666893,1
189,189.0000000000001,42.990625,42.93333333333333,57.291666666671404,1
190,190.0000000000001,43.176042,43.1,76.04200000000105,1
191,191.0000000000001,43.401042,43.333333333333336,67.70866666666109,1
192,192.00000000000017,43.865625,43.63333333333333,232.29166666666856,1
193,193.00000000000017,44.288542,44.03333333333333,255.2086666666682,1
194,194.00000000000017,44.469792,44.13333333333333,336.45866666666535,1
195,195.00000000000017,44.604167,44.63333333333333,29.16633333333607,1
196,196.00000000000017,44.802604,44.733333333333334,69.27066666666803,1
197,197.00000000000017,45.02708300000001,44.96666666666667,60.416333333343175,1
198,198.0000000000002,45.455208,45.2,255.2079999999961,1
199,199.0000000000002,45.68333300000001,45.5,183.33300000001174,1
200,200.00000000000017,45.829167,45.766666666666666,62.50033333333249,1
201,201.00000000000017,46.09375,45.8,293.75000000000284,1
202,202.00000000000014,46.373958,46.3,73.95800000000463,1
203,203.00000000000017,46.514583,46.53333333333333,18.75033333332965,1
204,204.00000000000017,46.746354,46.8,53.64600000000053,1
205,205.00000000000017,46.998958,47.03333333333333,34.37533333332965,1
206,206.00000000000017,47.11927100000001,47.3,180.72899999998526,1
207,207.00000000000017,47.334896,47.53333333333333,198.4373333333309,1
208,208.00000000000017,47.540625,47.8,259.3749999999986,1
209,209.00000000000017,47.732813,47.733333333333334,0.520333333334122,1
210,210.00000000000017,48.102604,47.96666666666667,135.9373333333309,1
211,211.00000000000017,48.357292,48.233333333333334,123.95866666666677,1
212,212.00000000000017,48.507292,48.53333333333333,26.041333333331806,1
213,213.0000000000002,48.676563,48.733333333333334,56.7703333333327,1
214,214.00000000000017,48.941667,48.96666666666667,24.999666666666087,1
215,215.0000000000002,49.183334,49.36666666666667,183.33266666666503,1
216,216.0000000000002,49.570833,49.666666666666664,95.83366666666393,1
217,217.0000000000002,49.951042,50.1,148.95800000000037,1
218,218.0000000000002,50.177084,50.166666666666664,10.417333333336387,1
219,219.0000000000002,50.441667,50.4,41.667000000003895,1
220,220.0000000000002,50.561979,50.666666666666664,104.6876666666634,1
221,221.00000000000028,50.725,50.9,174.99999999999716,1
222,222.0000000000003,51.215625,51.166666666666664,48.958333333338544,1
223,223.0000000000003,51.436458,51.36666666666667,69.79133333333465,1
224,224.0000000000003,51.598958,51.6,1.041999999998211,1
225,225.0000000000003,51.785417,51.833333333333336,47.91633333333323,1
226,226.0000000000003,52.016667,52.03333333333333,16.666333333333228,1
227,227.0000000000003,52.195833,52.3,104.16699999999679,1
228,228.0000000000003,52.370834,52.333333333333336,37.500666666666405,1
229,229.0000000000003,52.59375,52.53333333333333,60.41666666666856,1
230,230.0000000000003,52.780729,52.8,19.270999999996263,1
231,231.0000000000003,52.99166700000001,52.96666666666667,25.000333333338176,1
232,232.0000000000003,53.229167,53.233333333333334,4.166333333337491,1
233,233.00000000000034,53.46145799999999,53.46666666666667,5.208666666675299,1
234,234.00000000000037,53.765625,53.733333333333334,32.29166666666572,1
235,235.00000000000037,54.027083,53.93333333333333,93.74966666666751,1
236,236.00000000000037,54.17291700000001,54.2,27.08299999999042,1
237,237.00000000000037,54.364583,54.43333333333333,68.75033333332681,1
238,238.00000000000037,54.607292,54.7,92.70800000000179,1
239,239.00000000000037,54.763542,54.93333333333333,169.79133333332896,1
240,240.00000000000037,55.104687,55.166666666666664,61.97966666666588,1
241,241.00000000000037,55.389583,55.43333333333333,43.75033333332823,1
242,242.0000000000003,55.533333,55.666666666666664,133.33366666666535,1
243,243.0000000000003,55.713542,55.833333333333336,119.79133333333891,1
244,244.00000000000034,55.907812,56.1,192.18800000000158,1
245,245.0000000000003,56.1375,56.13333333333333,4.1666666666699825,1
246,246.00000000000034,56.496875,56.6,103.12499999999858,1
247,247.00000000000037,56.778125,56.733333333333334,44.79166666666856,1
248,248.00000000000037,56.92916700000001,56.96666666666667,37.499666666661824,1
249,249.00000000000037,57.146354,57.36666666666667,220.31266666666482,1
250,250.0000000000004,57.380208,57.4,19.79199999999537,1
251,251.00000000000037,57.53854200000001,57.7,161.4579999999961,1
252,252.0000000000004,57.735938,57.9,164.06200000000126,1
253,253.00000000000037,57.979167,58.166666666666664,187.4996666666675,1
254,254.0000000000004,58.148438,58.36666666666667,218.2286666666684,1
255,255.00000000000037,58.36041700000001,58.6,239.582999999989,1
256,256.0000000000004,58.570313,58.8,229.68699999999842,1
257,257.00000000000034,58.745833,59.06666666666667,320.83366666667246,1
258,258.00000000000045,59.08541700000001,59.266666666666666,181.24966666665898,1
259,259.0000000000004,59.384375,59.333333333333336,51.04166666666288,1
260,260.0000000000004,59.536458,59.56666666666667,30.208666666666772,1
261,261.00000000000045,59.76666700000001,59.56666666666667,200.00033333334244,1
262,262.0000000000004,60.064583,60.03333333333333,31.24966666666751,1
263,263.00000000000045,60.378646,60.333333333333336,45.31266666666767,1
264,264.00000000000045,60.863021,60.7,163.02100000000053,1
265,265.0000000000004,61.160417,61.06666666666667,93.75033333333249,1
266,266.0000000000004,61.345833,61.333333333333336,12.499666666663245,1
267,267.00000000000045,61.53385400000001,61.6,66.14599999998916,1
268,268.00000000000045,61.872396,61.833333333333336,39.062666666666246,1
269,269.00000000000045,62.084375,62.1,15.625,1
270,270.00000000000045,62.38385400000001,62.36666666666667,17.18733333333944,1
271,271.0000000000004,62.6625,62.63333333333333,29.16666666666856,1
272,272.0000000000004,62.811458,62.9,88.54199999999679,1
273,273.00000000000045,62.982813,63.13333333333333,150.5203333333327,1
274,274.0000000000004,63.20416700000001,63.4,195.83299999998616,1
275,275.0000000000005,63.39948,63.666666666666664,267.18666666666735,1
276,276.0000000000005,63.69739499999999,63.666666666666664,30.728333333328806,1
277,277.0000000000005,64.007292,63.93333333333333,73.95866666667672,1
278,278.0000000000005,64.177083,64.16666666666667,10.416333333324701,1
279,279.0000000000005,64.376563,64.46666666666667,90.10366666666414,1
280,280.0000000000005,64.615104,64.73333333333333,118.22933333333197,1
281,281.0000000000005,64.88645799999999,64.86666666666666,19.791333333330385,1
282,282.0000000000005,65.25052099999999,65.0,250.520999999992,1
283,283.0000000000005,65.55,65.33333333333333,216.66666666666856,1
284,284.0000000000005,65.723958,65.76666666666667,42.708666666669615,1
285,285.0000000000005,65.904687,65.96666666666667,61.97966666667298,1
286,286.0000000000004,66.121875,66.2,78.125,1
287,287.0000000000005,66.314583,66.36666666666666,52.08366666666109,1
288,288.0000000000004,66.773438,66.63333333333334,140.10466666665877,1
289,289.0000000000005,67.138542,66.9,238.54199999999537,1
290,290.0000000000005,67.326562,67.26666666666667,59.89533333332986,1
291,291.0000000000005,67.575,67.46666666666667,108.33333333333428,1
292,292.0000000000005,67.841667,67.8,41.667000000003895,1
293,293.00000000000057,68.1125,68.03333333333333,79.16666666666572,1
294,294.0000000000005,68.3875,68.26666666666667,120.83333333333712,1
295,295.00000000000057,68.64479200000001,68.56666666666666,78.1253333333467,1
296,296.0000000000005,68.813542,68.83333333333333,19.791333333330385,1
297,297.00000000000057,69.028125,69.2,171.875,1
298,298.0000000000005,69.25416700000001,69.33333333333333,79.16633333331902,1
299,299.00000000000057,69.415625,69.7,284.37499999999716,1
300,300.0000000000005,69.635937,69.9,264.06300000000726,1
301,301.00000000000057,69.91041700000001,69.86666666666666,43.750333333349545,1
302,302.0000000000005,70.06666700000001,70.2,133.33299999999326,1
303,303.00000000000057,70.348958,70.26666666666667,82.29133333333039,1
304,304.00000000000057,70.6,70.53333333333333,66.66666666666288,1
305,305.0000000000006,70.735417,70.73333333333333,2.0836666666639303,1
306,306.00000000000057,71.069792,71.0,69.79200000000674,1
307,307.0000000000006,71.3,71.23333333333333,66.66666666666288,1
308,308.0000000000006,71.44375,71.46666666666667,22.916666666674246,1
309,309.0000000000006,71.65,71.7,49.99999999999716,1
310,310.0000000000006,71.867708,71.96666666666667,98.9586666666753,1
311,311.0000000000006,72.054167,72.1,45.83299999998758,1
312,312.0000000000006,72.411458,72.33333333333333,78.12466666666751,1
313,313.0000000000006,72.658333,72.63333333333334,24.99966666665898,1
314,314.0000000000006,72.79270799999998,72.86666666666666,73.95866666668383,1
315,315.0000000000006,73.113541,73.03333333333333,80.20766666666646,1
316,316.0000000000006,73.440625,73.26666666666667,173.95833333333144,1
317,317.0000000000006,73.692708,73.63333333333334,59.37466666665614,1
318,318.0000000000007,73.9125,73.86666666666666,45.83333333333428,1
319,319.0000000000007,74.122917,74.13333333333334,10.416333333338912,1
320,320.0000000000007,74.278125,74.33333333333333,55.208333333325754,1
321,321.0000000000007,74.488541,74.43333333333334,55.20766666666077,1
322,322.0000000000007,74.70625,74.73333333333333,27.083333333337123,1
323,323.0000000000007,74.929167,74.93333333333334,4.166333333330385,1
324,324.0000000000007,75.243229,75.16666666666667,76.56233333332807,1
325,325.00000000000057,75.482292,75.4,82.29199999999537,1
326,326.0000000000006,75.636459,75.66666666666667,30.207666666669297,1
327,327.0000000000007,75.875,75.83333333333333,41.666666666671404,1
328,328.0000000000007,76.102083,76.06666666666666,35.416333333330385,1
329,329.0000000000007,76.270833,76.3,29.167000000001053,1
330,330.0000000000007,76.4625,76.53333333333333,70.83333333332575,1
331,331.0000000000006,76.648958,76.8,151.0420000000039,1
332,332.0000000000007,76.815625,77.03333333333333,217.70833333333428,1
333,333.0000000000007,77.117708,77.06666666666666,51.041333333330385,1
334,334.00000000000074,77.338542,77.3,38.54200000000674,1
335,335.00000000000074,77.523958,77.56666666666666,42.708666666669615,1
336,336.0000000000008,77.719792,77.8,80.20799999999895,1
337,337.0000000000008,77.9375,78.0,62.5,1
338,338.0000000000008,78.098437,78.3,201.56299999999305,1
339,339.0000000000008,78.399479,78.6,200.52099999999484,1
340,340.00000000000085,78.648958,78.83333333333333,184.37533333333533,1
341,341.0000000000008,78.853125,78.83333333333333,19.791666666677088,1
342,342.00000000000085,79.045833,79.1,54.16699999999253,1
343,343.00000000000085,79.259375,79.16666666666667,92.70833333333428,1
344,344.0000000000009,79.396875,79.46666666666667,69.79166666667425,1
345,345.0000000000009,79.673438,79.63333333333334,40.10466666666446,1
346,346.0000000000009,79.88125,79.86666666666666,14.58333333333428,1
347,347.0000000000009,80.081771,80.03333333333333,48.43766666667193,1
348,348.00000000000097,80.461458,80.3,161.4579999999961,1
349,349.0000000000009,80.640625,80.63333333333334,7.291666666660035,1
350,350.00000000000097,80.819792,80.9,80.20799999999895,1
351,351.000000000001,81.054167,81.16666666666667,112.49966666666467,1
352,352.000000000001,81.257292,81.4,142.70799999999895,1
353,353.000000000001,81.435417,81.56666666666666,131.24966666666182,1
354,354.0000000000011,81.626042,81.7,73.95800000000463,1
355,355.0000000000011,81.833855,81.96666666666667,132.81166666666877,1
356,356.0000000000011,82.041667,82.2,158.33299999999895,1
357,357.0000000000011,82.203125,82.5,296.875,1
358,358.00000000000114,82.38645799999998,82.66666666666667,280.2086666666952,1
359,359.00000000000125,82.571875,82.76666666666667,194.79166666666003,1
360,360.00000000000125,82.736458,82.8,63.54199999999821,1
361,361.00000000000125,82.919792,83.06666666666666,146.87466666666182,1
362,362.00000000000114,83.103125,83.16666666666667,63.54166666666572,1
363,363.0000000000013,83.322395,83.5,177.6049999999998,1
364,364.0000000000013,83.53125,83.5,31.25,1
365,365.0000000000013,83.709375,83.5,209.37499999999432,1
366,366.0000000000014,83.875,83.93333333333334,58.33333333333712,1
367,367.0000000000014,84.04635400000002,84.2,153.64599999998063,1
368,368.0000000000015,84.217708,84.43333333333334,215.62533333333533,1
369,369.0000000000014,84.405209,84.73333333333333,328.124333333335,1
370,370.0000000000013,84.586458,84.9,313.5420000000124,1
371,371.00000000000165,84.779167,84.8,20.832999999996105,1
372,372.00000000000153,84.97291700000002,85.03333333333333,60.41633333330765,1
373,373.00000000000153,85.173958,85.3,126.04199999999821,1
374,374.0000000000016,85.375,85.53333333333333,158.33333333333144,1
375,375.0000000000017,85.646875,85.76666666666667,119.7916666666714,1
376,376.0000000000015,85.8625,85.9,37.50000000000853,1
377,377.00000000000176,86.0625,86.33333333333333,270.8333333333286,1
378,378.0000000000017,86.24375,86.43333333333334,189.58333333333144,1
379,379.0000000000018,86.427083,86.7,272.91700000000674,1
380,380.00000000000176,86.603125,86.96666666666667,363.5416666666629,1
381,381.0000000000019,86.780208,87.23333333333333,453.1253333333325,1
382,382.0000000000019,86.997917,87.36666666666666,368.749666666659,1
383,383.000000000002,87.234375,87.7,465.62500000000284,1
384,384.0000000000019,87.519791,87.96666666666667,446.87566666667067,1
385,385.0000000000019,87.833333,87.9,66.66700000000958,1
386,386.0000000000019,88.146875,88.13333333333334,13.54166666665435,1
387,387.000000000002,88.460417,88.23333333333333,227.08366666667246,1
388,388.0000000000019,88.980777,88.23333333333333,747.4436666666691,1
389,389.000000000002,89.501137,88.23333333333333,1267.8036666666658,1
390,390.0000000000019,90.021496,88.23333333333333,1788.1626666666648,1
391,391.000000000002,90.541856,88.23333333333333,2308.5226666666613,1
392,392.0000000000019,91.062216,88.23333333333333,2828.8826666666723,1
393,393.0000000000019,91.582576,88.23333333333333,3349.242666666669,1
394,394.0000000000019,92.102936,88.93333333333334,3169.6026666666626,1
395,395.0000000000018,92.623296,88.93333333333334,3689.962666666659,1
396,396.0000000000019,93.143655,88.93333333333334,4210.3216666666585,1
397,397.00000000000193,93.664015,89.0,4664.015000000007,1
398,398.000000000002,94.184375,89.23333333333333,4951.041666666669,1
399,399.0000000000018,94.396875,92.5,1896.8749999999943,1
400,400.000000000002,94.628646,89.73333333333333,4895.312666666669,1
401,401.0000000000018,94.860416,90.0,4860.416000000001,1
402,402.00000000000205,95.117708,90.26666666666667,4851.041333333327,1
403,403.00000000000205,95.351042,90.53333333333333,4817.7086666666755,1
404,404.000000000002,95.584375,90.66666666666667,4917.708333333323,1
405,405.00000000000205,95.817708,91.0,4817.707999999996,1
406,406.000000000002,96.051041,95.83333333333333,217.7076666666693,1
407,407.0000000000019,96.284375,96.06666666666666,217.70833333333428,1
408,408.0000000000021,96.517708,96.26666666666667,251.04133333333323,1
409,409.00000000000205,96.782986,96.63333333333334,149.652666666654,1
410,410.000000000002,97.048264,96.9,148.2639999999975,1
411,411.00000000000205,97.313541,97.4,86.45900000000495,1
412,412.000000000002,97.527951,97.56666666666666,38.715666666661264,1
413,413.0000000000019,97.742361,97.83333333333333,90.9723333333261,1
414,414.00000000000216,97.956771,98.13333333333334,176.5623333333366,1
415,415.00000000000205,98.171181,98.43333333333334,262.1523333333329,1
416,416.000000000002,98.38559,98.53333333333333,147.743333333338,1
417,417.00000000000205,98.6,98.76666666666667,166.6666666666714,1
418,418.000000000002,98.751563,98.8,48.436999999992736,1
419,419.00000000000205,98.903125,98.86666666666666,36.45833333334281,1
420,420.00000000000205,99.204167,99.1,104.1670000000039,1
421,421.0000000000021,99.454948,99.36666666666666,88.28133333334165,1
422,422.00000000000216,99.705729,99.76666666666667,60.93766666666056,1
423,423.0000000000021,99.95,99.9,49.99999999999716,1
424,424.0000000000021,100.189844,100.03333333333333,156.51066666666225,1
425,425.00000000000216,100.429688,100.13333333333334,296.3546666666588,1
426,426.00000000000233,100.684896,100.6,84.89600000000053,1
427,427.00000000000216,100.923524,100.9,23.52399999999477,1
428,428.00000000000233,101.162153,101.0,162.15300000000354,1
429,429.00000000000216,101.400781,101.16666666666667,234.11433333332354,1
430,430.0000000000021,101.63941,101.4,239.40999999999235,1
431,431.00000000000216,101.878039,101.7,178.03899999999828,1
432,432.00000000000233,102.116667,101.96666666666667,150.00033333333818,1
433,433.00000000000216,102.394792,102.3,94.79199999999821,1
434,434.00000000000233,102.672917,102.53333333333333,139.58366666666677,1
435,435.00000000000216,102.951042,102.6,351.04200000000674,1
436,436.00000000000216,103.165452,103.13333333333334,32.118666666661966,1
437,437.00000000000216,103.379861,103.4,20.13900000000035,1
438,438.00000000000205,103.594271,103.6,5.728999999988105,1
439,439.00000000000216,103.808681,103.86666666666666,57.985666666652946,1
440,440.0000000000022,104.02309,104.1,76.90999999999804,1
441,441.00000000000233,104.2375,104.16666666666667,70.83333333332575,1
442,442.0000000000022,104.598264,104.63333333333334,35.069333333339614,1
443,443.0000000000022,104.959028,104.86666666666666,92.36133333334351,1
444,444.0000000000021,105.319792,105.26666666666667,53.12533333334102,1
445,445.0000000000022,105.506945,105.53333333333333,26.388333333329683,1
446,446.00000000000233,105.694097,105.76666666666667,72.56966666666642,1
447,447.00000000000233,105.88125,106.1,218.75,1
448,448.00000000000233,106.088889,106.3,211.1110000000025,1
449,449.0000000000022,106.296528,106.36666666666666,70.13866666666502,1
450,450.0000000000021,106.504167,107.13333333333334,629.1663333333446,1
451,451.0000000000022,106.774653,107.13333333333334,358.68033333333926,1
452,452.0000000000022,107.045139,107.43333333333334,388.1943333333311,1
453,453.0000000000025,107.315625,108.53333333333333,1217.7083333333344,1
454,454.00000000000233,107.617039,108.33333333333333,716.2943333333232,1
455,455.0000000000022,107.918452,108.2,281.5480000000008,1
456,456.00000000000233,108.219866,108.46666666666667,246.80066666667244,1
457,457.0000000000022,108.52128,108.66666666666667,145.386666666667,1
458,458.00000000000233,108.822693,108.63333333333334,189.35966666666104,1
459,459.0000000000022,109.124107,108.36666666666666,757.440333333335,1
460,460.00000000000233,109.425521,108.5,925.5210000000034,1
461,461.0000000000022,109.682343,109.66666666666667,15.676333333331627,1
462,462.00000000000233,109.939166,109.76666666666667,172.49933333333445,1
463,463.0000000000022,110.19598899999998,110.13333333333334,62.65566666664313,1
464,464.00000000000233,110.452812,110.4,52.81199999998876,1
465,465.00000000000233,110.709635,108.66666666666667,2042.9683333333344,1
466,466.00000000000233,110.966458,108.8,2166.458000000006,1
467,467.0000000000022,111.223281,108.96666666666667,2256.6143333333316,1
468,468.00000000000233,111.480104,109.06666666666666,2413.437333333334,1
469,469.0000000000022,111.736927,109.06666666666666,2670.2603333333313,1
470,470.00000000000233,111.99375,109.46666666666667,2527.083333333337,1
471,471.0000000000024,112.20052,109.7,2500.5199999999945,1
472,472.0000000000024,112.43776,109.7,2737.7599999999943,1
473,473.00000000000233,112.675,109.36666666666666,3308.333333333337,1
474,474.0000000000024,112.92448,110.13333333333334,2791.146666666663,1
475,475.0000000000024,113.137761,110.3,2837.7610000000004,1
476,476.0000000000024,113.351042,110.3,3051.0420000000095,1
477,477.00000000000244,113.564323,110.3,3264.3230000000044,1
478,478.0000000000024,113.777604,110.3,3477.6039999999994,1
479,479.0000000000024,113.990886,110.3,3690.886000000006,1
480,480.0000000000024,114.204167,110.3,3904.1670000000013,1
481,481.00000000000233,114.48316,109.26666666666667,5216.493333333332,1
482,482.0000000000024,114.762153,109.1,5662.153000000004,1
483,483.00000000000244,115.041146,109.26666666666667,5774.479333333332,1
484,484.0000000000024,115.250729,109.63333333333334,5617.395666666667,1
485,485.00000000000244,115.460313,110.33333333333333,5126.979666666671,1
486,486.00000000000244,115.669896,115.76666666666667,96.77066666667145,1
487,487.0000000000024,115.879479,115.96666666666667,87.18766666666511,1
488,488.00000000000244,116.089062,116.2,110.93800000000442,1
489,489.0000000000025,116.375,116.3,75.00000000000284,1
490,490.00000000000244,116.526562,116.56666666666666,40.10466666666446,1
491,491.0000000000025,116.678125,116.73333333333333,55.208333333339965,1
492,492.0000000000025,116.963542,116.9,63.54199999999821,1
493,493.00000000000256,117.202605,117.13333333333334,69.27166666666551,1
494,494.0000000000025,117.441667,117.5,58.33300000000463,1
495,495.00000000000256,117.67968799999998,117.63333333333334,46.35466666664456,1
496,496.0000000000027,117.916667,117.76666666666667,150.00033333333818,1
497,497.00000000000256,118.153646,117.86666666666666,286.9793333333348,1
498,498.00000000000256,118.398959,118.3,98.95900000000779,1
499,499.0000000000027,118.64496499999998,118.33333333333333,311.6316666666563,1
500,500.0000000000026,118.890972,118.33333333333333,557.6386666666764,1
501,501.00000000000256,119.136979,118.33333333333333,803.645666666668,1
502,502.0000000000027,119.38298600000002,118.33333333333333,1049.6526666666882,1
503,503.0000000000026,119.628993,118.83333333333333,795.6596666666655,1
504,504.00000000000256,119.875,119.33333333333333,541.6666666666714,1
505,505.0000000000026,120.194097,119.53333333333333,660.7636666666679,1
506,506.0000000000026,120.513195,119.93333333333334,579.861666666659,1
507,507.00000000000273,120.832292,120.5,332.29199999999537,1
508,508.0000000000027,121.07031299999998,121.03333333333333,36.97966666665309,1
509,509.0000000000027,121.308334,121.16666666666667,141.6673333333307,1
510,510.0000000000026,121.546355,121.3,246.35500000000832,1
511,511.0000000000027,121.784375,121.43333333333334,351.04166666666003,1
512,512.0000000000026,122.022396,121.8,222.39600000000337,1
513,513.0000000000026,122.260417,122.2,60.41700000000105,1
514,514.0000000000026,122.609896,122.4,209.89600000000053,1
515,515.0000000000026,122.959375,122.7,259.3749999999915,1
516,516.0000000000026,123.308854,122.86666666666666,442.1873333333366,1
517,517.0000000000026,123.480903,123.53333333333333,52.43033333333358,1
518,518.0000000000026,123.652951,123.76666666666667,113.7156666666641,1
519,519.0000000000026,123.825,124.06666666666666,241.66666666666003,1
520,520.0000000000026,124.006597,124.3,293.40299999999786,1
521,521.0000000000026,124.188195,124.6,411.8050000000011,1
522,522.0000000000026,124.369792,125.06666666666666,696.874666666659,1
523,523.0000000000026,124.661285,125.16666666666667,505.38166666666484,1
524,524.0000000000025,124.952778,125.16666666666667,213.8886666666764,1
525,525.0000000000026,125.244271,125.26666666666667,22.395666666668035,1
526,526.0000000000025,125.526736,125.46666666666667,60.06933333333109,1
527,527.0000000000026,125.809201,125.6,209.2010000000073,1
528,528.0000000000026,126.091667,125.93333333333334,158.33366666666393,1
529,529.0000000000026,126.374132,126.1,274.1320000000087,1
530,530.0000000000026,126.656597,126.36666666666666,289.93033333334495,1
531,531.0000000000025,126.939063,126.93333333333334,5.729666666667299,1
532,532.0000000000025,127.369792,127.2,169.79200000000105,1
533,533.0000000000026,127.800521,127.33333333333333,467.1876666666748,1
534,534.0000000000026,128.23125,127.5,731.2499999999886,1
535,534.9979166666692,128.331424,127.73333333333333,598.0906666666641,1
536,535.9979166666691,128.431597,128.0,431.59700000001067,1
537,537.0000000000024,128.531771,128.46666666666667,65.10433333332344,1
538,537.9979166666689,128.631945,128.43333333333334,198.61166666666463,1
539,538.9979166666687,128.732118,128.43333333333334,298.7846666666769,1
540,540.000000000002,128.832292,128.43333333333334,398.95866666665825,1
541,541.0000000000019,129.054427,129.03333333333333,21.09366666667256,1
542,542.000000000002,129.27656299999998,129.23333333333332,43.229666666661615,1
543,543.0000000000019,129.475,129.5,25.000000000005684,1
544,544.000000000002,129.661458,129.73333333333332,71.87533333330975,1
545,545.000000000002,129.810417,130.0,189.58299999999895,1
546,546.000000000002,129.977083,130.26666666666668,289.58366666668667,1
547,547.000000000002,130.142708,130.53333333333333,390.6253333333325,1
548,548.0000000000022,130.316667,130.53333333333333,216.66633333333607,1
549,549.0000000000022,130.517708,131.03333333333333,515.6253333333325,1
550,550.0000000000022,130.736458,131.23333333333332,496.8753333333211,1
551,551.0000000000022,130.955208,131.06666666666666,111.45866666666393,1
552,552.0000000000022,131.173958,131.06666666666666,107.29133333333607,1
553,553.0000000000023,131.369792,131.06666666666666,303.1253333333268,1
554,554.0000000000023,131.51875,131.06666666666666,452.0833333333485,1
555,555.0000000000023,131.682291,132.56666666666666,884.3756666666707,1
556,556.0000000000023,131.84375,132.0,156.25,1
557,557.0000000000023,132.005208,132.13333333333333,128.12533333331544,1
558,558.0000000000023,132.15,132.13333333333333,16.66666666667993,1
559,559.0000000000023,132.290625,133.46666666666667,1176.0416666666629,1
560,560.0000000000024,132.429167,132.43333333333334,4.166333333330385,1
561,561.0000000000025,132.613021,132.56666666666666,46.35433333334049,1
562,562.0000000000024,132.794792,132.8,5.2080000000103155,1
563,563.0000000000025,132.959375,133.06666666666666,107.29166666666856,1
564,564.0000000000025,133.286458,133.23333333333332,53.124666666690246,1
565,565.0000000000025,133.534896,133.46666666666667,68.22933333333481,1
566,566.0000000000025,133.783333,133.76666666666668,16.666333333319017,1
567,567.0000000000025,134.009896,134.0,9.895999999997684,1
568,568.0000000000025,134.19375,134.26666666666668,72.91666666668561,1
569,569.0000000000025,134.351042,134.43333333333334,82.29133333333039,1
570,570.0000000000025,134.51666699999998,134.76666666666668,249.99966666669593,1
571,571.0000000000026,134.676042,135.0,323.95800000000463,1
572,572.0000000000025,134.853125,135.1,246.87499999998863,1
573,573.0000000000026,135.027083,135.46666666666667,439.58366666666393,1
574,574.0000000000028,135.22691,135.7,473.0899999999849,1
575,575.0000000000028,135.426736,135.53333333333333,106.5973333333261,1
576,576.0000000000028,135.62656299999998,135.6,26.562999999981685,1
577,577.0000000000028,135.852083,135.7,152.08300000000463,1
578,578.0000000000028,136.00104199999998,135.7,301.04199999999537,1
579,579.000000000003,136.15364499999998,135.7,453.6449999999945,1
580,580.0000000000028,136.321875,136.36666666666667,44.79166666666856,1
581,581.000000000003,136.491667,136.5,8.332999999993262,1
582,582.000000000003,136.6375,136.66666666666666,29.16666666666856,1
583,583.000000000003,136.798958,136.8,1.0420000000124219,1
584,584.000000000003,136.94375,136.96666666666667,22.916666666674246,1
585,585.0000000000031,137.113541,137.1,13.541000000003578,1
586,586.0000000000031,137.31875,137.26666666666668,52.083333333314386,1
587,587.0000000000031,137.56875,137.5,68.74999999999432,1
588,588.0000000000031,138.060417,137.8,260.4169999999897,1
589,589.0000000000031,138.475,138.23333333333332,241.66666666667425,1
590,590.0000000000031,138.654167,138.36666666666667,287.5003333333268,1
591,591.0000000000031,138.779167,138.63333333333333,145.8336666666753,1
592,592.0000000000031,138.978645,138.93333333333334,45.311666666663086,1
593,593.0000000000031,139.201042,139.16666666666666,34.37533333334386,1
594,594.0000000000031,139.661458,139.36666666666667,294.79133333333607,1
595,595.0000000000031,139.853125,139.8,53.124999999994316,1
596,596.0000000000031,140.002083,140.4,397.91700000000674,1
597,597.0000000000031,140.341667,140.53333333333333,191.66633333333039,1
598,598.0000000000031,140.60625,140.53333333333333,72.91666666665719,1
599,599.0000000000032,140.749479,140.8,50.52100000000337,1
600,600.0000000000031,140.892708,140.93333333333334,40.625333333338176,1
601,601.0000000000031,141.103125,141.1,3.1250000000113687,1
602,602.0000000000031,141.23906200000005,141.43333333333334,194.27133333329039,1
603,603.0000000000031,141.472396,141.66666666666666,194.27066666665382,1
604,604.0000000000032,141.69375,141.93333333333334,239.5833333333428,1
605,605.0000000000032,141.866146,141.9,33.85400000001937,1
606,606.0000000000033,142.156771,142.13333333333333,23.437666666666246,1
607,607.0000000000032,142.401042,142.36666666666667,34.37533333331544,1
608,608.0000000000033,142.538542,142.5,38.54200000000674,1
609,609.0000000000033,142.720833,142.76666666666668,45.83366666668098,1
610,610.0000000000033,142.939583,143.03333333333333,93.75033333333249,1
611,611.0000000000033,143.088542,143.33333333333334,244.79133333335312,1
612,612.0000000000033,143.263542,143.56666666666666,303.1246666666618,1
613,613.0000000000033,143.71718700000002,143.86666666666667,149.47966666665025,1
614,614.0000000000033,143.747917,144.16666666666666,418.74966666665614,1
615,615.0000000000033,144.080208,144.43333333333334,353.1253333333382,1
616,616.0000000000033,144.186979,144.66666666666666,479.6876666666492,1
617,617.0000000000033,144.35833300000004,144.73333333333332,375.00033333327565,1
618,618.0000000000033,144.83125,144.73333333333332,97.9166666666913,1
619,619.0000000000032,145.066667,145.03333333333333,33.33366666666393,1
620,620.0000000000033,145.192708,145.23333333333332,40.625333333309754,1
621,621.0000000000033,145.382292,145.3,82.29199999999537,1
622,622.0000000000033,145.607292,145.63333333333333,26.0413333333247,1
623,623.0000000000032,145.75104199999996,145.86666666666667,115.62466666671867,1
624,624.0000000000033,145.91718799999995,145.93333333333334,16.14533333338386,1
625,625.0000000000033,146.125,146.13333333333333,8.333333333325754,1
626,626.0000000000033,146.319271,146.36666666666667,47.39566666668793,1
627,627.0000000000034,146.57551999999995,146.6,24.48000000003958,1
628,628.0000000000034,146.88593799999995,146.8,85.9379999999419,1
629,629.0000000000033,147.082292,147.03333333333333,48.95866666666393,1
630,630.0000000000034,147.309375,147.26666666666668,42.7083333333087,1
631,631.0000000000034,147.564583,147.53333333333333,31.24966666666751,1
632,632.0000000000034,147.707292,147.73333333333332,26.0413333333247,1
633,633.0000000000034,147.97031299999998,147.96666666666667,3.646333333307439,1
634,634.0000000000034,148.226042,148.26666666666668,40.62466666667319,1
635,635.0000000000034,148.40625,148.6,193.74999999999432,1
636,636.0000000000035,148.695313,148.6,95.31300000000442,1
637,637.0000000000035,148.958333,148.9,58.33300000000463,1
638,638.0000000000034,149.125,149.03333333333333,91.66666666666856,1
639,639.0000000000035,149.290625,149.43333333333334,142.70833333333144,1
640,640.0000000000034,149.504167,149.7,195.83299999999326,1
641,641.0000000000035,149.716667,149.83333333333334,116.66633333334175,1
642,642.0000000000034,150.03020800000004,150.06666666666666,36.458666666618456,1
643,643.0000000000034,150.277083,150.23333333333332,43.74966666668456,1
644,644.0000000000034,150.427083,150.5,72.91699999998968,1
645,645.0000000000034,150.646354,150.73333333333332,86.97933333331775,1
646,646.0000000000034,150.886458,150.96666666666667,80.20866666666393,1
647,647.0000000000034,151.023958,151.23333333333332,209.3753333333268,1
648,648.0000000000034,151.211979,151.4,188.020999999992,1
649,649.0000000000034,151.45625,151.6,143.74999999998295,1
650,650.0000000000034,151.615105,151.76666666666668,151.56166666668014,1
651,651.0000000000034,151.840104,152.03333333333333,193.2293333333348,1
652,652.0000000000034,152.048958,152.3,251.04200000001242,1
653,653.0000000000035,152.335417,152.53333333333333,197.9163333333247,1
654,654.0000000000034,152.621875,152.56666666666666,55.208333333325754,1
655,655.0000000000034,152.925,152.86666666666667,58.33333333333712,1
656,656.0000000000034,153.059375,153.1,40.625000000005684,1
657,657.0000000000034,153.270833,153.33333333333334,62.50033333333249,1
658,658.0000000000034,153.586458,153.53333333333333,53.124666666661824,1
659,659.0000000000034,153.89375,153.8,93.75,1
660,660.0000000000031,154.44843799999995,154.16666666666666,281.77133333329607,1
661,661.0000000000032,154.821875,154.4,421.875,1
662,662.0000000000033,155.01666699999996,154.96666666666667,50.00033333328702,1
663,663.0000000000033,155.410416,155.2,210.41600000000926,1
664,664.0000000000031,155.836979,155.46666666666667,370.3123333333451,1
665,665.000000000003,156.071875,155.56666666666666,505.2083333333428,1
666,666.0000000000028,156.38593799999995,156.26666666666668,119.27133333327333,1
667,667.000000000003,156.663542,156.6,63.54200000001242,1
668,668.000000000003,156.845833,156.86666666666667,20.8336666666753,1
669,669.0000000000028,157.019271,157.13333333333333,114.06233333332239,1
670,670.0000000000028,157.246875,157.36666666666667,119.79166666668561,1
671,671.0000000000025,157.44375,157.63333333333333,189.58333333333144,1
672,672.0000000000023,157.705208,157.7,5.2080000000103155,1
673,673.0000000000023,158.0,157.93333333333334,66.66666666666288,1
674,674.0000000000023,158.172395,158.2,27.604999999994106,1
675,675.0000000000022,158.37395800000004,158.43333333333334,59.3753333332927,1
676,676.0000000000016,158.60625,158.7,93.75,1
677,677.0000000000016,158.925,158.8,125.0,1
678,678.0000000000016,159.275,159.1,175.00000000001137,1
679,679.0000000000015,159.588542,159.33333333333334,255.20866666664688,1
680,680.0000000000016,159.753125,159.8,46.875,1
681,681.0000000000015,159.916667,159.86666666666667,50.00033333331544,1
682,682.0000000000015,160.129167,160.16666666666666,37.499666666661824,1
683,683.0000000000015,160.29531200000002,160.36666666666667,71.35466666665025,1
684,684.0000000000014,160.65729199999996,160.6,57.29199999996126,1
685,685.0000000000015,160.894792,160.86666666666667,28.125333333321123,1
686,686.0000000000015,161.0625,161.06666666666666,4.166666666662877,1
687,687.0000000000013,161.325,161.26666666666668,58.3333333333087,1
688,688.0000000000013,161.580208,161.53333333333333,46.87466666666751,1
689,689.0000000000013,161.804167,161.8,4.166999999995369,1
690,690.000000000001,162.0,162.03333333333333,33.33333333333144,1
691,691.0000000000011,162.25104199999996,162.26666666666668,15.624666666724352,1
692,692.0000000000011,162.403125,162.53333333333333,130.2083333333428,1
693,693.000000000001,162.59479199999996,162.8,205.2080000000558,1
694,694.0000000000011,162.854167,163.03333333333333,179.16633333334175,1
695,695.000000000001,163.010417,163.33333333333334,322.9163333333531,1
696,696.000000000001,163.214583,163.5,285.41699999999537,1
697,697.0000000000013,163.455208,163.43333333333334,21.874666666661824,1
698,698.0000000000008,163.620833,163.76666666666668,145.8336666666753,1
699,699.0000000000008,163.897917,163.86666666666667,31.25033333333249,1
700,700.0000000000008,164.13958300000004,164.1,39.583000000050106,1
701,701.0000000000007,164.26666699999996,164.16666666666666,100.00033333329839,1
702,702.0000000000007,164.585938,164.43333333333334,152.60466666666161,1
703,703.0000000000007,164.83125,164.8,31.25,1
704,704.0000000000007,164.973958,165.33333333333334,359.3753333333325,1
705,705.0000000000007,165.18906299999998,165.36666666666667,177.60366666669825,1
706,706.0000000000006,165.411458,165.7,288.5419999999783,1
707,707.0000000000005,165.633333,165.96666666666667,333.3336666666753,1
708,708.0000000000005,165.983854,166.06666666666666,82.81266666665488,1
709,709.0000000000003,166.216667,166.13333333333333,83.3336666666753,1
710,710.0000000000005,166.369792,166.4,30.208000000016,1
711,711.0000000000005,166.694792,166.63333333333333,61.45866666668098,1
712,712.0000000000002,166.977604,166.9,77.604000000008,1
713,713.0000000000005,167.205208,167.13333333333333,71.87466666667319,1
714,714.0000000000002,167.45416699999996,167.4,54.166999999949894,1
715,715.0000000000002,167.683333,167.66666666666666,16.66633333334744,1
716,716.0000000000002,167.83125,167.86666666666667,35.41666666666288,1
717,717.0000000000001,168.019792,168.06666666666666,46.87466666666751,1
718,718.0000000000001,168.232292,168.2,32.29200000001242,1
719,719.0,168.441667,168.43333333333334,8.333666666658246,1
720,719.9999999999999,168.77031200000005,168.66666666666666,103.64533333338954,1
721,721.0000000000001,169.03020800000004,168.93333333333334,96.8746666667073,1
722,721.9999999999998,169.19843799999995,169.16666666666666,31.77133333329607,1
723,722.9999999999994,169.497396,169.43333333333334,64.06266666667193,1
724,723.9999999999997,169.739583,169.7,39.583000000021684,1
725,724.9999999999999,169.930208,169.93333333333334,3.1253333333438604,1
726,725.9999999999999,170.111458,170.2,88.54199999998968,1
727,726.9999999999997,170.30625,170.43333333333334,127.08333333333144,1
728,727.9999999999995,170.478125,170.7,221.87499999998295,1
729,728.9999999999998,170.713542,170.66666666666666,46.87533333333249,1
730,729.9999999999993,170.914583,170.93333333333334,18.75033333334386,1
731,730.9999999999993,171.095833,171.13333333333333,37.50033333332681,1
732,731.9999999999992,171.304688,171.4,95.31200000000695,1
733,732.999999999999,171.49895800000004,171.63333333333333,134.37533333328133,1
734,733.9999999999992,171.668229,171.63333333333333,34.89566666667088,1
735,734.9999999999986,171.971875,171.9,71.87500000000568,1
736,735.9999999999989,172.25104199999996,172.16666666666666,84.37533333329839,1
737,736.9999999999992,172.440625,172.43333333333334,7.291666666674246,1
738,737.999999999999,172.629167,172.66666666666666,37.499666666661824,1
739,738.999999999999,172.853125,172.9,46.875,1
740,739.999999999999,172.99895800000004,173.03333333333333,34.37533333328702,1
741,740.9999999999986,173.286979,173.23333333333332,53.645666666682246,1
742,741.9999999999987,173.510417,173.46666666666667,43.75033333332112,1
743,742.9999999999986,173.71823,173.66666666666666,51.56333333334828,1
744,743.9999999999985,174.116667,173.9,216.66700000000105,1
745,744.9999999999985,174.322396,174.3,22.395999999986316,1
746,745.9999999999983,174.528125,174.53333333333333,5.208333333342807,1
747,746.9999999999985,174.75625,174.8,43.75000000001705,1
748,747.9999999999985,174.970833,175.06666666666666,95.83366666666393,1
749,748.9999999999985,175.15520800000004,175.26666666666668,111.45866666663551,1
750,749.9999999999982,175.32916699999996,175.43333333333334,104.16633333338154,1
751,750.9999999999982,175.51458300000004,175.63333333333333,118.75033333328133,1
752,751.9999999999982,175.7,175.83333333333334,133.33333333335418,1
753,752.9999999999984,175.896875,175.86666666666667,30.20833333332007,1
754,753.9999999999981,176.09375,176.13333333333333,39.583333333325754,1
755,754.999999999998,176.272917,176.3,27.08300000000463,1
756,755.999999999998,176.423958,176.43333333333334,9.375333333338176,1
757,756.9999999999977,176.6125,176.7,87.49999999997726,1
758,757.9999999999976,176.801042,176.96666666666667,165.6246666666732,1
759,758.9999999999978,177.017708,177.2,182.29199999998968,1
760,759.9999999999977,177.23125,177.33333333333334,102.08333333335418,1
761,760.9999999999978,177.426042,177.53333333333333,107.29133333333607,1
762,761.9999999999975,177.595833,177.66666666666666,70.83366666665825,1
763,762.9999999999975,177.786458,177.9,113.54199999999537,1
764,763.9999999999977,177.977083,178.13333333333333,156.2503333333325,1
765,764.9999999999977,178.215625,178.16666666666666,48.95833333333144,1
766,765.9999999999974,178.432292,178.43333333333334,1.0413333333474384,1
767,766.9999999999972,178.621875,178.63333333333333,11.458333333337123,1
768,767.999999999997,178.786458,178.83333333333334,46.87533333333249,1
769,768.9999999999969,178.98125,179.1,118.75000000000568,1
770,769.999999999997,179.176042,179.36666666666667,190.62466666667888,1
771,770.999999999997,179.488021,179.63333333333333,145.31233333332239,1
772,771.9999999999972,179.720833,179.83333333333334,112.50033333334386,1
773,772.9999999999967,179.917708,180.13333333333333,215.62533333332112,1
774,773.9999999999967,180.089583,180.26666666666668,177.0836666666753,1
775,774.9999999999966,180.254167,180.5,245.83300000000463,1
776,775.9999999999965,180.43125,180.96666666666667,535.4166666666629,1
777,776.9999999999965,180.628125,181.3,671.875,1
778,777.9999999999964,180.827083,181.16666666666666,339.5836666666696,1
779,778.9999999999962,181.076042,181.56666666666666,490.6246666666618,1
780,779.9999999999964,181.347396,181.76666666666668,419.27066666667656,1
781,780.9999999999959,181.676736,181.5,176.73600000000533,1
782,781.9999999999962,182.006076,181.8,206.07599999999593,1
783,782.9999999999964,182.335417,181.86666666666667,468.7503333333325,1
784,783.9999999999961,182.995602,181.86666666666667,1128.9353333333167,1
785,784.999999999996,183.655787,181.86666666666667,1789.1203333333294,1
786,785.9999999999962,184.315972,181.86666666666667,2449.3053333333137,1
787,786.9999999999961,184.976157,181.86666666666667,3109.4903333333264,1
788,787.9999999999964,185.636342,181.86666666666667,3769.675333333339,1
789,788.9999999999962,186.296527,181.86666666666667,4429.860333333323,1
790,789.9999999999961,186.956713,181.86666666666667,5090.046333333334,1
791,790.9999999999961,187.616898,181.86666666666667,5750.231333333318,1
792,791.999999999996,188.277083,181.86666666666667,6410.416333333331,1
793,792.9999999999977,188.622569,181.86666666666667,6755.902333333324,1
794,793.9999999999976,188.968056,181.86666666666667,7101.389333333316,1
795,794.9999999999977,189.313542,181.86666666666667,7446.875333333338,1
796,795.9999999999977,189.88724,186.6,3287.239999999997,1
797,796.9999999999976,190.460938,186.6,3860.9380000000046,1
798,797.9999999999977,191.034635,187.26666666666668,3767.9683333333287,1
799,798.9999999999976,191.608333,187.53333333333333,4074.999666666656,1
800,799.9999999999976,192.3,187.63333333333333,4666.666666666686,1
801,800.9999999999976,192.663542,187.86666666666667,4796.8753333333325,1
802,801.9999999999975,192.939583,187.8,5139.582999999988,1
803,802.9999999999976,193.205208,187.93333333333334,5271.874666666662,1
804,803.9999999999976,193.5,188.46666666666667,5033.333333333331,1
805,804.9999999999976,193.79375,192.9,893.749999999983,1
806,805.9999999999977,194.0875,191.3,2787.4999999999945,1
807,806.9999999999976,194.38125,191.56666666666666,2814.583333333331,1
808,807.9999999999976,194.877604,193.7,1177.6040000000023,1
809,808.9999999999977,195.373958,193.96666666666667,1407.291333333319,1
810,809.9999999999976,195.870313,194.2,1670.3130000000215,1
811,810.9999999999976,196.366667,194.53333333333333,1833.3336666666753,1
812,811.9999999999975,196.883333,194.76666666666668,2116.6663333333136,1
813,812.9999999999972,197.110417,195.03333333333333,2077.083666666681,1
814,813.9999999999974,197.328125,195.23333333333332,2094.7916666666797,1
815,814.9999999999975,197.869791,195.53333333333333,2336.4576666666608,1
816,815.9999999999972,198.411458,195.83333333333334,2578.1246666666675,1
817,816.9999999999974,198.78125,196.1,2681.2500000000055,1
818,817.9999999999974,199.151041,193.1,6051.040999999997,1
819,818.9999999999972,199.520833,193.36666666666667,6154.166333333336,1
820,819.9999999999974,200.320313,193.66666666666666,6653.646333333341,1
821,820.999999999997,201.119792,193.9,7219.791999999984,1
822,821.9999999999972,201.630729,194.2,7430.729000000014,1
823,822.9999999999972,202.261024,194.3,7961.02399999998,1
824,823.9999999999972,202.891319,194.56666666666666,8324.652333333346,1
825,824.9999999999972,203.521614,200.26666666666668,3254.94733333332,1
826,825.9999999999972,204.15191,200.5,3651.9099999999867,1
827,826.9999999999972,204.782205,200.76666666666668,4015.5383333333248,1
828,827.9999999999972,205.4125,200.96666666666667,4445.833333333326,1
829,828.9999999999972,205.944792,199.7,6244.792000000018,1
830,829.999999999997,206.477083,199.96666666666667,6510.4163333333245,1
831,830.9999999999974,206.805208,200.26666666666668,6538.541333333314,1
832,831.9999999999972,207.039063,203.06666666666666,3972.396333333336,1
833,832.9999999999969,207.272917,203.2,4072.917000000018,1
834,833.9999999999969,207.539063,206.7,839.0630000000101,1
835,834.999999999997,207.745833,206.86666666666667,879.1663333333304,1
836,835.9999999999969,207.952604,207.23333333333332,719.2706666666879,1
837,836.9999999999969,208.257292,207.46666666666667,790.6253333333382,1
838,837.9999999999967,208.605469,207.73333333333332,872.1356666666793,1
839,838.9999999999967,208.953645,207.9,1053.6449999999888,1
840,839.9999999999967,209.706771,208.16666666666666,1540.1043333333462,1
841,840.9999999999965,211.083333,208.43333333333334,2649.999666666673,1
842,841.9999999999966,211.302083,208.66666666666666,2635.416333333353,1
843,842.9999999999964,211.489584,209.03333333333333,2456.2506666666764,1
844,843.9999999999966,211.69375,209.26666666666668,2427.0833333333144,1
845,844.9999999999966,211.877083,207.96666666666667,3910.4163333333304,1
846,845.9999999999966,212.125,208.2,3925.0000000000114,1
847,846.9999999999966,212.376042,208.4,3976.0420000000067,1
848,847.9999999999966,212.730208,210.3,2430.2079999999933,1
849,848.9999999999965,213.7125,211.4,2312.5,1
850,849.9999999999967,214.839236,211.5,3339.236,1
851,850.9999999999967,215.965972,211.76666666666668,4199.305333333314,1
852,851.9999999999967,217.092708,211.9,5192.707999999982,1
853,852.9999999999966,217.438542,216.23333333333332,1205.2086666666924,1
854,853.9999999999967,217.784375,216.2,1584.3750000000227,1
855,854.9999999999965,218.130208,216.26666666666668,1863.5413333333304,1
856,855.9999999999966,218.70625,216.46666666666667,2239.583333333343,1
857,856.9999999999966,219.282292,217.5,1782.2920000000124,1
858,857.9999999999966,219.858333,217.93333333333334,1924.9996666666505,1
859,858.9999999999966,220.434375,218.3,2134.3749999999773,1
860,859.9999999999965,221.070833,218.53333333333333,2537.499666666662,1
861,860.9999999999965,221.390625,218.83333333333334,2557.291666666657,1
862,861.9999999999967,221.635417,219.06666666666666,2568.750333333327,1
863,862.9999999999967,221.838542,219.36666666666667,2471.875333333315,1
864,863.9999999999967,222.092708,219.63333333333333,2459.374666666662,1
865,864.9999999999968,222.38125,219.83333333333334,2547.9166666666515,1
866,865.9999999999965,222.669791,220.13333333333333,2536.457666666678,1
867,866.9999999999965,222.958333,220.36666666666667,2591.6663333333363,1
868,867.9999999999966,223.31875,222.33333333333334,985.4166666666515,1
869,868.9999999999966,223.679167,222.56666666666666,1112.5003333333439,1
870,869.9999999999966,224.039583,222.83333333333334,1206.2496666666505,1
871,870.9999999999966,224.4,223.1,1300.0000000000114,1
872,871.9999999999967,224.8375,223.36666666666667,1470.8333333333314,1
873,872.9999999999967,225.091667,223.56666666666666,1525.0003333333382,1
874,873.9999999999967,225.288542,223.9,1388.542000000001,1
875,874.9999999999967,225.919792,224.13333333333333,1786.4586666666753,1
876,875.9999999999967,226.551042,225.0,1551.0419999999954,1
877,876.9999999999967,226.838542,225.26666666666668,1571.8753333333098,1
878,877.9999999999967,227.028125,225.5,1528.1249999999886,1
879,878.9999999999967,227.453125,225.76666666666668,1686.45833333332,1
880,879.9999999999967,227.790972,226.2,1590.972000000022,1
881,880.9999999999967,228.128819,226.46666666666667,1662.1523333333243,1
882,881.9999999999967,228.466667,227.23333333333332,1233.333666666681,1
883,882.9999999999967,229.135937,227.66666666666666,1469.2703333333554,1
884,883.9999999999967,229.805208,227.96666666666667,1838.5413333333247,1
885,884.9999999999967,230.386979,228.23333333333332,2153.6456666666763,1
886,885.9999999999967,230.898727,228.63333333333333,2265.3936666666823,1
887,886.9999999999967,231.410474,228.9,2510.473999999988,1
888,887.9999999999967,231.92222200000003,229.16666666666666,2755.5553333333764,1
889,888.9999999999967,232.43397,229.43333333333334,3000.636666666651,1
890,889.9999999999967,232.945717,230.5,2445.717000000002,1
891,890.9999999999967,233.457465,230.76666666666668,2690.798333333333,1
892,891.9999999999967,233.969213,231.03333333333333,2935.879666666665,1
893,892.9999999999967,234.48096,231.3,3180.959999999999,1
894,893.9999999999967,234.992708,231.53333333333333,3459.374666666662,1
895,894.9999999999967,235.393144,231.76666666666668,3626.477333333327,1
896,895.9999999999967,235.781605,231.76666666666668,4014.9383333333335,1
897,896.9999999999968,236.181164,231.76666666666668,4414.4973333333155,1
898,897.9999999999968,236.586273,231.76666666666668,4819.606333333326,1
899,898.9999999999967,237.019129,231.0,6019.128999999993,1
900,899.9999999999967,237.460309,231.1,6360.309000000001,1
901,900.9999999999968,238.176042,231.36666666666667,6809.375333333321,1
902,901.9999999999967,238.48125,231.63333333333333,6847.916666666662,1
903,902.9999999999966,238.908711,231.76666666666668,7142.044333333331,1
904,903.9979166666633,239.30827,232.13333333333333,7174.936666666667,1
905,904.9999999999966,239.674479,233.03333333333333,6641.14566666666,1
906,905.9999999999966,240.029167,233.3,6729.1669999999895,1
907,906.9999999999966,240.251674,233.53333333333333,6718.340666666677,1
908,907.9999999999964,240.477604,233.76666666666668,6710.937333333333,1
909,908.9999999999964,240.760938,234.2,6560.938000000022,1
910,909.9999999999965,240.965104,233.5,7465.103999999997,1
911,910.9999999999964,241.169271,233.6,7569.271000000015,1
912,911.9999999999964,241.541667,232.73333333333332,8808.33366666667,1
913,912.9999999999964,241.916406,233.0,8916.405999999995,1
914,913.9999999999961,242.29114500000003,233.5,8791.14500000003,1
915,914.9999999999961,243.313021,241.43333333333334,1879.6876666666549,1
916,915.9999999999961,243.766667,233.66666666666666,10100.000333333355,1
917,916.9999999999961,244.220312,233.83333333333334,10386.978666666664,1
918,917.9999999999961,244.673958,233.93333333333334,10740.624666666661,1
919,918.9999999999961,245.41302,234.06666666666666,11346.353333333325,1
920,919.9999999999961,246.152083,242.93333333333334,3218.7496666666675,1
921,920.9999999999959,246.626042,241.43333333333334,5192.7086666666755,1
922,921.9999999999959,246.958333,239.56666666666666,7391.666333333347,1
923,922.9999999999958,247.472917,239.56666666666666,7906.2503333333325,1
924,923.9999999999956,248.544792,239.56666666666666,8978.125333333339,1
925,924.9999999999956,250.203125,239.7,10503.125000000011,1
926,925.9999999999956,251.146875,239.93333333333334,11213.541666666657,1
927,926.9999999999956,251.694271,239.93333333333334,11760.937666666649,1
928,927.9999999999956,252.370833,244.53333333333333,7837.499666666673,1
929,928.9999999999953,252.702083,244.83333333333334,7868.749666666645,1
930,929.9999999999953,253.008333,251.13333333333333,1874.9996666666675,1
931,930.9999999999953,253.505209,251.83333333333334,1671.875666666665,1
932,931.9999999999953,253.975,252.03333333333333,1941.6666666666629,1
933,932.9999999999952,254.38125,252.36666666666667,2014.58333333332,1
934,933.9999999999952,254.8375,253.13333333333333,1704.16666666668,1
935,934.9999999999952,255.089063,253.4,1689.0630000000044,1
936,935.9999999999952,255.308854,253.26666666666668,2042.1873333333167,1
937,936.9999999999952,255.735417,253.66666666666666,2068.7503333333552,1
938,937.9999999999951,256.089063,254.73333333333332,1355.72966666669,1
939,938.9999999999951,256.407292,255.26666666666668,1140.625333333304,1
940,939.9999999999951,256.754687,255.5,1254.68699999999,1
941,940.999999999995,256.994271,255.76666666666668,1227.6043333333462,1
942,941.999999999995,257.205208,256.03333333333336,1171.8746666666675,1
943,942.999999999995,257.489583,256.56666666666666,922.916333333319,1
944,943.999999999995,257.753125,256.8,953.125,1
945,944.999999999995,258.007292,257.1333333333333,873.958666666681,1
946,945.9999999999949,258.331771,257.4,931.7710000000261,1
947,946.9999999999948,258.55260400000003,257.6666666666667,885.9373333333451,1
948,947.9999999999949,258.820833,257.93333333333334,887.4996666666561,1
949,948.9999999999948,259.225,258.1666666666667,1058.3333333333371,1
950,949.9999999999948,259.719271,258.43333333333334,1285.9376666666549,1
951,950.9999999999948,260.229167,258.73333333333335,1495.8336666666696,1
952,951.9999999999947,260.773959,259.03333333333336,1740.6256666666309,1
953,952.9999999999947,261.03697900000003,259.3,1736.9790000000194,1
954,953.9999999999947,261.3,259.56666666666666,1733.3333333333485,1
955,954.9999999999947,261.616667,259.8,1816.6669999999954,1
956,955.9999999999947,261.900521,260.6333333333333,1267.1876666667004,1
957,956.9999999999947,262.170313,260.96666666666664,1203.6463333333813,1
958,957.9999999999945,262.491667,261.46666666666664,1025.0003333333666,1
959,958.9999999999944,262.70625,261.76666666666665,939.5833333333599,1
960,959.9999999999945,262.928125,262.06666666666666,861.4583333333599,1
961,960.9999999999944,263.211458,262.3333333333333,878.1246666666789,1
962,961.9999999999944,263.452084,262.56666666666666,885.4173333333506,1
963,962.9999999999944,263.68125,262.8666666666667,814.583333333303,1
964,963.9999999999944,263.966667,263.1666666666667,800.000333333287,1
965,964.9999999999943,264.180729,263.4,780.729000000008,1
966,965.9999999999943,264.403125,263.6333333333333,769.7916666666629,1
967,966.9999999999943,264.696875,263.8666666666667,830.208333333303,1
968,967.9999999999942,264.96823,264.1333333333333,834.8966666666797,1
969,968.9999999999942,265.261459,264.1333333333333,1128.1256666666764,1
970,969.9999999999942,265.56875,264.1333333333333,1435.416666666697,1
971,970.9999999999941,265.920313,264.1333333333333,1786.9796666666957,1
972,971.9999999999941,266.30260400000003,264.1333333333333,2169.270666666705,1
973,972.9999999999941,266.905208,264.1333333333333,2771.8746666666902,1
974,973.9999999999941,267.52135400000003,264.1666666666667,3354.687333333345,1
975,974.9999999999941,268.396875,264.4,3996.8750000000455,1
976,975.9999999999941,269.252083,264.56666666666666,4685.4163333333645,1
977,976.9999999999939,269.60625,264.56666666666666,5039.583333333326,1
978,977.9999999999941,269.822917,264.56666666666666,5256.250333333355,1
979,978.9999999999939,270.2,265.6666666666667,4533.333333333303,1
980,979.9999999999939,270.523958,265.8666666666667,4657.291333333319,1
981,980.9999999999939,270.825,269.8,1024.9999999999773,1
982,981.9999999999939,271.191146,270.06666666666666,1124.4793333333405,1
983,982.9999999999937,271.401042,270.3666666666667,1034.3753333333439,1
984,983.9999999999939,271.614062,270.6333333333333,980.7286666666641,1
985,984.9999999999937,271.892708,270.96666666666664,926.0413333333872,1
986,985.9999999999937,272.151042,271.23333333333335,917.7086666666696,1
987,986.9999999999937,272.411458,271.6,811.4579999999592,1
988,987.9999999999935,272.70573,271.8333333333333,872.3966666667025,1
989,988.9999999999935,272.939583,272.06666666666666,872.9163333333645,1
990,989.9999999999935,273.151042,272.3333333333333,817.7086666667037,1
991,990.9999999999935,273.472396,272.56666666666666,905.7293333333405,1
992,991.9999999999935,273.772917,272.8666666666667,906.2503333333325,1
993,992.9999999999934,274.108333,273.1333333333333,974.9996666666902,1
994,993.9999999999934,274.42343700000004,273.4,1023.4370000000581,1
995,994.9999999999933,274.723958,273.7,1023.9579999999933,1
996,995.9999999999933,275.236458,273.93333333333334,1303.1246666666902,1
997,996.9999999999934,276.052083,274.3,1752.0829999999705,1
998,997.9999999999932,277.234375,274.56666666666666,2667.708333333337,1
999,998.9999999999932,278.105729,274.93333333333334,3172.3956666666595,1
1000,999.9999999999887,278.416667,275.1666666666667,3250.0003333333325,1
1001,1000.999999999989,278.597396,275.6,2997.3959999999806,1
1002,1001.999999999989,278.765625,275.96666666666664,2798.95833333336,1
1003,1002.9999999999891,278.964583,276.1,2864.582999999982,1
1004,1003.9999999999891,279.114583,276.5,2614.582999999982,1
1005,1004.9999999999891,279.265625,276.76666666666665,2498.9583333333485,1
1006,1005.9999999999892,279.446875,276.96666666666664,2480.208333333337,1
1007,1006.9999999999892,279.59531200000004,277.2,2395.3120000000467,1
1008,1007.9999999999893,279.8,277.3333333333333,2466.666666666697,1
1009,1008.9999999999893,279.96875,279.4,568.7500000000227,1
1010,1009.9999999999893,280.133333,279.6333333333333,499.9996666666675,1
1011,1010.9999999999894,280.283854,279.8,483.854000000008,1
1012,1011.9999999999894,280.445833,280.0,445.83299999999326,1
1013,1012.9999999999895,280.592188,280.23333333333335,358.854666666673,1
1014,1013.9999999999895,280.759375,280.3333333333333,426.0416666666629,1
1015,1014.9999999999895,280.935417,280.56666666666666,368.75033333330975,1
1016,1015.9999999999898,281.074479,280.8666666666667,207.81233333332239,1
1017,1016.9999999999898,281.232292,281.1,132.2919999999499,1
1018,1017.9999999999899,281.408333,281.26666666666665,141.66633333337586,1
1019,1018.9999999999899,281.563541,281.43333333333334,130.2076666666494,1
1020,1019.9999999999899,281.708333,277.96666666666664,3741.6663333333418,1
1021,1020.9999999999901,281.871354,277.93333333333334,3938.0206666666595,1
1022,1021.9999999999901,282.023438,281.6,423.437999999976,1
1023,1022.9999999999902,282.211979,281.8666666666667,345.312333333311,1
1024,1023.9999999999902,282.384375,282.1,284.3749999999545,1
1025,1024.9999999999902,282.53073,282.3,230.7299999999941,1
1026,1025.9999999999902,282.669792,282.2,469.791999999984,1
1027,1026.9999999999902,282.832292,282.3666666666667,465.6253333333211,1
1028,1027.9999999999905,282.976042,282.5,476.04200000000674,1
1029,1028.9999999999905,283.121875,282.6666666666667,455.208333333303,1
1030,1029.9999999999905,283.2875,282.8666666666667,420.8333333333485,1
1031,1030.9999999999907,283.435417,282.96666666666664,468.7503333333325,1
1032,1031.9999999999907,283.604167,283.1,504.16699999999537,1
1033,1032.9999999999907,283.754167,283.3333333333333,420.833666666681,1
1034,1033.9999999999907,283.9125,283.5,412.50000000002274,1
1035,1034.9999999999907,284.073959,283.8,273.95899999999074,1
1036,1035.999999999991,284.255208,284.06666666666666,188.54133333331902,1
1037,1036.999999999991,284.391667,283.93333333333334,458.3336666666469,1
1038,1037.9999999999911,284.555729,284.2,355.72899999999663,1
1039,1038.9999999999911,284.745833,284.26666666666665,479.1663333333531,1
1040,1039.9999999999911,284.872917,284.53333333333336,339.58366666661277,1
1041,1040.9999999999911,285.03177,284.73333333333335,298.43666666664603,1
1042,1041.9999999999911,285.19375,285.03333333333336,160.41666666666288,1
1043,1042.9999999999914,285.35625,285.23333333333335,122.91666666664014,1
1044,1043.9999999999914,285.503125,285.03333333333336,469.7916666666515,1
1045,1044.9999999999914,285.657292,285.1666666666667,490.6253333332984,1
1046,1045.9999999999916,285.805209,285.3666666666667,438.5423333333165,1
1047,1046.9999999999916,285.994792,285.6333333333333,361.45866666669235,1
1048,1047.9999999999916,286.167708,285.9,267.70800000002737,1
1049,1048.9999999999916,286.317708,286.1333333333333,184.37466666665614,1
1050,1049.9999999999916,286.461458,286.0,461.45799999999326,1
1051,1050.9999999999918,286.639583,286.2,439.58300000002737,1
1052,1051.9999999999918,286.761979,286.3333333333333,428.64566666668225,1
1053,1052.9999999999918,286.907292,286.6333333333333,273.95866666665825,1
1054,1053.9999999999918,287.073958,286.7,373.958000000016,1
1055,1054.9999999999918,287.239583,286.7,539.5829999999933,1
1056,1055.999999999992,287.409375,286.96666666666664,442.70833333337123,1
1057,1056.999999999992,287.552083,287.03333333333336,518.749666666622,1
1058,1057.9999999999923,287.717708,287.26666666666665,451.0413333333645,1
1059,1058.9999999999923,287.863541,287.5,363.5409999999979,1
1060,1059.9999999999916,288.047396,287.76666666666665,280.7293333333405,1
1061,1060.9999999999916,288.188021,287.8666666666667,321.35433333331775,1
1062,1061.9999999999916,288.333333,288.0,333.3329999999819,1
1063,1062.9999999999916,288.515625,288.23333333333335,282.2916666666515,1
1064,1063.9999999999916,288.64375,288.26666666666665,377.08333333335986,1
1065,1064.9999999999916,288.792708,288.53333333333336,259.37466666664477,1
1066,1065.9999999999916,288.957292,288.8,157.291999999984,1
1067,1066.9999999999916,289.103125,288.8,303.1249999999659,1
1068,1067.9999999999916,289.267708,288.8,467.708000000016,1
1069,1068.9999999999916,289.422917,288.9,522.9170000000067,1
1070,1069.9999999999916,289.594792,289.23333333333335,361.4586666666355,1
1071,1070.9999999999916,289.810417,289.53333333333336,277.08366666661277,1
1072,1071.9999999999916,290.167708,289.76666666666665,401.0413333333531,1
1073,1072.9999999999916,290.479167,290.03333333333336,445.83366666665825,1
1074,1073.9999999999916,290.684375,290.3,384.37499999997726,1
1075,1074.9999999999916,290.851042,290.6,251.041999999984,1
1076,1075.9999999999916,291.011458,290.43333333333334,578.1246666666675,1
1077,1076.9999999999916,291.15625,291.1,56.24999999997726,1
1078,1077.9999999999916,291.347917,290.96666666666664,381.25033333335523,1
1079,1078.9999999999916,291.513542,291.3,213.54199999996126,1
1080,1079.9999999999916,291.654167,291.53333333333336,120.83366666661277,1
1081,1080.9999999999916,291.825,291.8,24.999999999977263,1
1082,1081.9999999999916,291.967708,292.03333333333336,65.62533333334386,1
1083,1082.9999999999916,292.135417,292.3,164.58299999999326,1
1084,1083.9999999999916,292.279167,292.46666666666664,187.4996666666675,1
1085,1084.9999999999916,292.461458,292.6666666666667,205.20866666669235,1
1086,1085.9999999999916,292.613542,292.76666666666665,153.12466666665614,1
1087,1086.9999999999916,292.809375,292.76666666666665,42.70833333333712,1
1088,1087.9999999999916,292.99375,292.1666666666667,827.0833333332916,1
1089,1088.9999999999916,293.26875,292.3666666666667,902.0833333333371,1
1090,1089.9999999999916,293.569097,292.1666666666667,1402.4303333333137,1
1091,1090.9999999999916,293.869444,292.6666666666667,1202.7773333333016,1
1092,1091.9999999999916,294.169792,293.4,769.7919999999954,1
1093,1092.9999999999918,294.470139,293.6,870.1389999999947,1
1094,1093.9999999999918,294.770486,293.8666666666667,903.8193333333311,1
1095,1094.9999999999918,295.070833,294.1333333333333,937.4996666666675,1
1096,1095.9999999999955,295.3670140000001,294.26666666666665,1100.3473333334455,1
1097,1096.9999999999955,295.663194,294.2,1463.1939999999872,1
1098,1097.9999999999955,295.959375,294.43333333333334,1526.0416666666856,1
1099,1098.9999999999955,296.338281,295.26666666666665,1071.6143333333434,1
1100,1099.9999999999955,296.717188,295.53333333333336,1183.8546666666616,1
1101,1100.9999999999955,297.096094,295.76666666666665,1329.4273333333422,1
1102,1101.9999999999955,297.475,296.1333333333333,1341.666666666697,1
1103,1102.9999999999952,298.066667,296.4,1666.667000000018,1
1104,1103.9999999999952,298.370833,296.7,1670.833000000016,1
1105,1104.9999999999952,298.579167,296.96666666666664,1612.5003333333439,1
1106,1105.9999999999952,298.885417,297.2,1685.4170000000295,1
1107,1106.9999999999952,299.191667,297.93333333333334,1258.3336666666582,1
1108,1107.9999999999952,299.425,298.53333333333336,891.6666666666515,1
1109,1108.9999999999952,299.658334,298.76666666666665,891.6673333333733,1
1110,1109.9999999999952,299.891667,299.03333333333336,858.3336666666241,1
1111,1110.9999999999952,300.231511,299.3666666666667,864.8443333333375,1
1112,1111.9999999999952,300.571354,299.6333333333333,938.0206666666595,1
1113,1112.9999999999952,300.911198,299.8333333333333,1077.8646666666987,1
1114,1113.9999999999952,301.251042,300.03333333333336,1217.7086666666241,1
1115,1114.9999999999952,301.783333,300.3,1483.333000000016,1
1116,1115.9999999999952,302.129167,300.56666666666666,1562.5003333333325,1
1117,1116.999999999995,302.395833,300.8666666666667,1529.1663333333076,1
1118,1117.9999999999952,302.723958,301.06666666666666,1657.291333333319,1
1119,1118.999999999995,303.052083,301.2,1852.0829999999933,1
1120,1119.999999999995,303.21875,302.3333333333333,885.4166666666856,1
1121,1120.999999999995,303.385416,302.6,785.4159999999979,1
1122,1121.999999999995,303.552083,302.8333333333333,718.7496666666675,1
1123,1122.999999999995,303.96875,299.3,4668.749999999989,1
1124,1123.999999999995,304.385416,299.3666666666667,5018.749333333346,1
1125,1124.999999999995,304.802083,299.3666666666667,5435.416333333307,1
1126,1125.999999999995,305.524479,299.23333333333335,6291.145666666636,1
1127,1126.999999999995,306.246875,304.06666666666666,2180.2083333333258,1
1128,1127.9999999999948,306.7875,304.3,2487.5000000000114,1
1129,1128.9999999999948,307.512326,304.96666666666664,2545.659333333333,1
1130,1129.9999999999948,308.237153,305.26666666666665,2970.4863333333265,1
1131,1130.9999999999948,308.961979,305.5,3461.9789999999853,1
1132,1131.9999999999948,309.686805,305.6666666666667,4020.138333333307,1
1133,1132.9999999999948,310.411632,306.03333333333336,4378.2986666666375,1
1134,1133.9999999999948,311.136458,306.1666666666667,4969.791333333319,1
1135,1134.9999999999948,311.692187,307.73333333333335,3958.8536666666414,1
1136,1135.9999999999948,312.247917,308.0,4247.916999999972,1
1137,1136.999999999995,312.571354,308.26666666666665,4304.687333333333,1
1138,1137.9999999999948,312.813802,308.53333333333336,4280.468666666649,1
1139,1138.9999999999943,313.05625,308.76666666666665,4289.583333333326,1
1140,1139.9999999999948,313.321875,309.1666666666667,4155.208333333292,1
1141,1140.9999999999948,313.513021,309.4,4113.021000000003,1
1142,1141.999999999995,313.704166,313.03333333333336,670.8326666666267,1
1143,1142.999999999995,313.980209,313.26666666666665,713.5423333333506,1
1144,1143.999999999995,314.336627,313.5,836.6270000000213,1
1145,1144.999999999995,314.699479,313.7,999.479000000008,1
1146,1145.9999999999952,315.403646,313.96666666666664,1436.9793333333405,1
1147,1146.9999999999948,316.780208,314.2,2580.2080000000274,1
1148,1147.999999999995,317.007292,314.46666666666664,2540.6253333333666,1
1149,1148.999999999995,317.182292,314.76666666666665,2415.6253333333666,1
1150,1149.9999999999948,317.402083,315.0,2402.0830000000046,1
1151,1150.9999999999948,317.583333,313.76666666666665,3816.6663333333304,1
1152,1151.9999999999948,317.771875,313.96666666666664,3805.2083333333826,1
1153,1152.999999999995,318.075,314.06666666666666,4008.3333333333258,1
1154,1153.999999999995,318.504167,312.06666666666666,6437.5003333333325,1
1155,1154.999999999995,319.627083,312.1,7527.083000000004,1
1156,1155.9999999999952,320.868403,312.1666666666667,8701.736333333316,1
1157,1156.999999999995,322.1097220000001,312.53333333333336,9576.388666666731,1
1158,1157.9999999999948,323.351041,317.76666666666665,5584.374333333358,1
1159,1158.999999999995,323.703819,318.76666666666665,4937.152333333359,1
1160,1159.999999999995,324.056597,322.73333333333335,1323.2636666666622,1
1161,1160.9999999999948,324.409375,323.3,1109.375,1
1162,1161.999999999995,324.99349,323.56666666666666,1426.8233333333455,1
1163,1162.999999999995,325.577604,323.8333333333333,1744.2706666666936,1
1164,1163.999999999995,326.161719,324.1,2061.7189999999823,1
1165,1164.999999999995,326.745833,324.56666666666666,2179.1663333333418,1
1166,1165.999999999995,327.28125,324.8333333333333,2447.9166666666856,1
1167,1166.9999999999952,327.551042,325.1,2451.0419999999726,1
1168,1167.999999999995,327.778125,325.3,2478.1249999999773,1
1169,1168.999999999995,328.108854,325.6,2508.8539999999853,1
1170,1169.9999999999952,328.439583,325.8666666666667,2572.916333333353,1
1171,1170.9999999999952,328.686805,326.06666666666666,2620.1383333333297,1
1172,1171.999999999995,328.934028,326.4,2534.028000000035,1
1173,1172.999999999995,329.18125,326.6333333333333,2547.9166666666515,1
1174,1173.9999999999952,329.570833,328.6,970.8329999999705,1
1175,1174.9999999999952,329.960416,328.8333333333333,1127.0826666666949,1
1176,1175.9999999999952,330.35,329.2,1150.000000000034,1
1177,1176.9999999999952,330.739583,329.43333333333334,1306.2496666666448,1
1178,1177.9999999999952,331.202083,329.6666666666667,1535.4163333333304,1
1179,1178.9999999999952,331.533333,329.96666666666664,1566.6663333333872,1
1180,1179.9999999999952,331.783333,330.1666666666667,1616.6663333333418,1
1181,1180.9999999999952,332.033333,330.5,1533.3330000000274,1
1182,1181.9999999999955,332.283333,331.23333333333335,1049.9996666666789,1
1183,1182.9999999999952,332.826042,331.73333333333335,1092.7086666666241,1
1184,1183.9999999999955,333.03125,331.96666666666664,1064.5833333333599,1
1185,1184.9999999999952,333.4,332.2,1199.9999999999886,1
1186,1185.9999999999955,333.732292,332.43333333333334,1298.9586666666355,1
1187,1186.9999999999952,334.064583,332.96666666666664,1097.9163333333872,1
1188,1187.9999999999952,334.396875,333.23333333333335,1163.5416666666742,1
1189,1188.9999999999955,335.029688,333.6,1429.6879999999987,1
1190,1189.9999999999955,335.6625,333.8333333333333,1829.1666666667084,1
1191,1190.9999999999955,336.261979,334.1,2161.978999999974,1
1192,1191.9999999999955,336.7026620000001,334.56666666666666,2135.995333333426,1
1193,1192.9999999999955,337.143345,334.8666666666667,2276.6783333333365,1
1194,1193.9999999999955,337.584028,335.1,2484.0279999999666,1
1195,1194.9999999999955,338.024711,335.3666666666667,2658.0443333333506,1
1196,1195.9999999999955,338.465393,335.6,2865.392999999983,1
1197,1196.9999999999955,338.906076,336.96666666666664,1939.4093333333444,1
1198,1197.9999999999955,339.346759,337.2,2146.7590000000314,1
1199,1198.9999999999955,339.787442,337.4,2387.4420000000214,1
1200,1199.9999999999952,340.228125,337.6666666666667,2561.4583333332916,1
1201,1200.9999999999955,340.56048,338.0,2560.479999999984,1
1202,1201.9999999999952,340.932293,338.53333333333336,2398.9596666666557,1
1203,1202.9999999999955,341.284682,338.7,2584.6819999999866,1
1204,1203.9999999999952,341.617648,338.7,2917.6479999999856,1
1205,1204.9999999999952,341.972811,339.26666666666665,2706.1443333333273,1
1206,1205.9999999999955,342.32242599999995,339.43333333333334,2889.0926666666132,1
1207,1206.9999999999957,343.140625,339.46666666666664,3673.95833333336,1
1208,1207.9999999999961,343.422917,339.5,3922.916999999984,1
1209,1208.9999999999961,343.826323,339.53333333333336,4292.989666666643,1
1210,1209.9979166666628,344.24253,338.2,6042.529999999999,1
1211,1210.9999999999961,344.598958,338.4,6198.958000000004,1
1212,1211.9999999999961,344.925,338.6333333333333,6291.666666666686,1
1213,1212.999999999996,345.149863,338.8333333333333,6316.529666666667,1
1214,1213.9999999999961,345.358855,339.06666666666666,6292.188333333343,1
1215,1214.9999999999961,345.648438,339.26666666666665,6381.771333333347,1
1216,1215.9999999999961,345.855469,341.76666666666665,4088.8023333333763,1
1217,1216.9999999999964,346.0625,342.06666666666666,3995.833333333337,1
1218,1217.9999999999964,346.397396,339.46666666666664,6930.729333333375,1
1219,1218.9999999999964,346.95,339.56666666666666,7383.333333333326,1
1220,1219.9999999999964,347.202083,343.06666666666666,4135.416333333353,1
1221,1220.9999999999964,348.025521,346.26666666666665,1758.8543333333746,1
1222,1221.9999999999964,348.621875,346.56666666666666,2055.2083333333258,1
1223,1222.9999999999964,349.218229,346.8333333333333,2384.8956666666936,1
1224,1223.9999999999964,349.814583,347.26666666666665,2547.916333333376,1
1225,1224.9999999999964,350.496875,347.5,2996.8749999999886,1
1226,1225.9999999999964,351.179167,346.1,5079.166999999984,1
1227,1226.9999999999968,351.528125,346.1666666666667,5361.458333333303,1
1228,1227.9999999999968,351.809375,344.5,7309.374999999989,1
1229,1228.999999999997,352.321875,344.5,7821.874999999977,1
1230,1229.9999999999973,353.453125,344.6333333333333,8819.791666666675,1
1231,1230.9999999999975,355.411458,344.6333333333333,10778.124666666656,1
1232,1231.9999999999973,356.205208,352.1,4105.208000000004,1
1233,1232.999999999998,356.710417,352.1666666666667,4543.750333333321,1
1234,1233.9999999999975,357.375,352.43333333333334,4941.666666666662,1
1235,1234.9999999999975,357.690625,352.76666666666665,4923.958333333359,1
1236,1235.999999999998,357.979167,353.1,4879.166999999996,1
1237,1236.9999999999984,358.446875,356.8666666666667,1580.208333333303,1
1238,1237.999999999998,358.847916,357.1333333333333,1714.5826666666721,1
1239,1238.999999999998,359.254687,357.4,1854.6870000000126,1
1240,1239.999999999998,359.708855,358.1333333333333,1575.5216666667025,1
1241,1240.9999999999986,359.978646,358.4,1578.6460000000488,1
1242,1241.9999999999984,360.245834,358.4,1845.8340000000248,1
1243,1242.9999999999986,360.584375,359.3,1284.3750000000114,1
1244,1243.9999999999986,360.9125,359.56666666666666,1345.8333333333599,1
1245,1244.9999999999986,361.256771,360.1333333333333,1123.437666666689,1
1246,1245.9999999999986,361.586979,360.43333333333334,1153.6456666666481,1
1247,1246.9999999999989,361.83125,360.7,1131.2500000000227,1
1248,1247.9999999999989,362.105208,360.93333333333334,1171.8746666666675,1
1249,1248.999999999999,362.399479,361.4,999.479000000008,1
1250,1249.999999999999,362.660416,361.6333333333333,1027.0826666666721,1
1251,1250.999999999999,362.895833,362.03333333333336,862.499666666622,1
1252,1251.999999999999,363.214584,362.3,914.5839999999907,1
1253,1252.9999999999993,363.453125,362.53333333333336,919.7916666666401,1
1254,1253.9999999999993,363.769792,362.8,969.791999999984,1
1255,1254.9999999999995,364.280729,363.06666666666666,1214.0623333333451,1
1256,1255.9999999999998,365.042188,363.3333333333333,1708.8546666666957,1
1257,1256.9999999999993,365.720833,363.6666666666667,2054.1663333333418,1
1258,1257.9999999999998,366.359895,363.9,2459.8950000000173,1
1259,1258.9999999999998,366.641145,364.1666666666667,2474.478333333309,1
1260,1260.0,366.938542,364.43333333333334,2505.208666666647,1
1261,1261.0,367.364063,364.73333333333335,2630.729666666639,1
1262,1262.0000000000002,367.717709,365.0,2717.7090000000135,1
1263,1263.0000000000002,368.011979,366.4,1611.9790000000194,1
1264,1264.0000000000002,368.324479,367.1,1224.478999999974,1
1265,1265.0000000000002,368.55625,367.43333333333334,1122.9166666666401,1
1266,1266.0000000000005,368.801042,367.8666666666667,934.3753333333211,1
1267,1267.0000000000002,369.122396,368.1333333333333,989.0626666666549,1
1268,1268.0000000000005,369.389063,368.3666666666667,1022.3963333333472,1
1269,1269.0000000000007,369.619792,368.76666666666665,853.1253333333666,1
1270,1270.0000000000005,369.856771,369.0,856.7709999999806,1
1271,1271.000000000001,370.073438,369.3,773.4379999999987,1
1272,1272.000000000001,370.315625,369.56666666666666,748.9583333333485,1
1273,1273.000000000001,370.601042,369.8,801.0419999999954,1
1274,1274.000000000001,370.848958,370.06666666666666,782.291333333319,1
1275,1275.0000000000011,371.082812,370.3,782.8119999999785,1
1276,1276.000000000001,371.370834,370.53333333333336,837.5006666666422,1
1277,1277.0000000000014,371.796355,370.8,996.3549999999941,1
1278,1278.0000000000014,372.158333,371.03333333333336,1124.9996666666675,1
1279,1279.0000000000014,372.776042,371.26666666666665,1509.3753333333666,1
1280,1280.0000000000014,373.959896,371.53333333333336,2426.562666666655,1
1281,1281.000000000002,374.655208,371.53333333333336,3121.874666666656,1
1282,1282.0000000000014,375.335938,371.53333333333336,3802.604666666639,1
1283,1283.000000000002,375.655209,371.53333333333336,4121.875666666654,1
1284,1284.000000000002,375.883854,371.26666666666665,4617.187333333333,1
1285,1285.000000000002,376.294271,371.53333333333336,4760.937666666621,1
1286,1286.000000000002,376.638542,371.76666666666665,4871.875333333321,1
1287,1287.000000000002,376.958333,375.8333333333333,1124.9996666666675,1
1288,1288.0000000000023,377.336458,376.1,1236.4579999999705,1
1289,1289.0000000000023,377.564583,376.46666666666664,1097.9163333333872,1
1290,1290.0000000000025,377.767187,376.73333333333335,1033.85366666663,1
1291,1291.0000000000025,378.055729,377.06666666666666,989.0623333333224,1
1292,1292.0000000000025,378.327083,377.3333333333333,993.7496666667016,1
1293,1293.0000000000027,378.621875,377.73333333333335,888.5416666666401,1
1294,1294.0000000000027,378.919271,378.0,919.2709999999806,1
1295,1295.0000000000027,379.146875,378.26666666666665,880.2083333333712,1
1296,1296.000000000003,379.359895,378.5,859.8949999999945,1
1297,1297.000000000003,379.6875,378.76666666666665,920.8333333333485,1
1298,1298.000000000003,380.086458,379.1,986.4579999999705,1
1299,1299.0000000000032,380.540625,379.3666666666667,1173.958333333303,1
1300,1300.0000000000032,380.945313,379.6,1345.312999999976,1
1301,1301.0000000000032,381.245313,379.8666666666667,1378.6463333333359,1
1302,1302.0000000000034,381.714063,380.23333333333335,1480.7296666666616,1
1303,1303.0000000000034,382.447917,380.7,1747.9170000000295,1
1304,1304.0000000000032,383.711458,380.9,2811.458000000016,1
1305,1305.0000000000061,384.586458,381.2,3386.4580000000046,1
1306,1306.0000000000057,384.934375,381.8,3134.3749999999773,1
1307,1307.0000000000057,385.105729,382.06666666666666,3039.0623333333338,1
1308,1308.0000000000052,385.294792,382.23333333333335,3061.458666666624,1
1309,1309.000000000005,385.502083,382.6333333333333,2868.7496666667016,1
1310,1310.0000000000048,385.647396,382.8666666666667,2780.7293333333405,1
1311,1311.0000000000045,385.808854,383.1666666666667,2642.187333333311,1
1312,1312.0000000000045,386.002083,383.43333333333334,2568.7496666666902,1
1313,1313.0000000000043,386.156771,383.6,2556.7709999999693,1
1314,1314.0000000000039,386.355729,383.8333333333333,2522.3956666666822,1
1315,1315.0000000000036,386.532292,384.1666666666667,2365.6253333332984,1
1316,1316.0000000000034,386.69375,384.3666666666667,2327.0833333333485,1
1317,1317.0000000000034,386.845312,386.3666666666667,478.6453333333043,1
1318,1318.0000000000032,387.009375,386.53333333333336,476.0416666666174,1
1319,1319.000000000003,387.166667,386.8,366.66700000000674,1
1320,1320.0000000000027,387.325521,386.9,425.52100000000337,1
1321,1321.0000000000023,387.504167,387.1333333333333,370.8336666666696,1
1322,1322.0000000000023,387.640625,387.3,340.62499999998863,1
1323,1323.000000000002,387.797395,387.4,397.39500000001726,1
1324,1324.0000000000016,387.959375,387.8,159.37500000001137,1
1325,1325.0000000000014,388.125521,387.7,425.52100000000337,1
1326,1326.0000000000011,388.267708,387.8,467.708000000016,1
1327,1327.0000000000011,388.425521,387.93333333333334,492.18766666666625,1
1328,1328.000000000001,388.585417,388.1666666666667,418.7503333333211,1
1329,1329.0000000000005,388.759375,388.4,359.375,1
1330,1330.0000000000002,388.930208,388.6333333333333,296.8746666666675,1
1331,1331.0,389.075,388.8666666666667,208.33333333331439,1
1332,1332.0,389.21875,388.76666666666665,452.0833333333485,1
1333,1332.9999999999998,389.388542,388.93333333333334,455.2086666666355,1
1334,1333.9999999999995,389.528125,389.06666666666666,461.45833333332575,1
1335,1334.999999999999,389.677604,389.1666666666667,510.9373333332883,1
1336,1335.9999999999989,389.853125,389.4,453.125,1
1337,1336.9999999999989,389.991667,389.46666666666664,525.0003333333666,1
1338,1337.9999999999986,390.1625,389.6333333333333,529.166666666697,1
1339,1338.9999999999984,390.314583,389.8333333333333,481.249666666713,1
1340,1339.999999999998,390.470833,390.06666666666666,404.1663333333645,1
1341,1340.9999999999977,390.614062,390.3,314.0619999999785,1
1342,1341.9999999999977,390.786458,390.56666666666666,219.79133333331902,1
1343,1342.9999999999973,390.916146,390.6,316.14600000000337,1
1344,1343.999999999997,391.082291,390.7,382.29100000000926,1
1345,1344.9999999999968,391.272917,390.93333333333334,339.5836666666696,1
1346,1345.9999999999966,391.403125,391.06666666666666,336.45833333332575,1
1347,1346.9999999999966,391.547916,391.2,347.9159999999979,1
1348,1347.9999999999964,391.709375,391.46666666666664,242.7083333333826,1
1349,1348.9999999999961,391.867708,391.46666666666664,401.0413333333531,1
1350,1349.9999999999957,392.013542,391.6,413.5419999999499,1
1351,1350.9999999999955,392.156771,391.7,456.77100000000337,1
1352,1351.9999999999955,392.302604,391.9,402.60399999999663,1
1353,1352.9999999999952,392.466146,392.1,366.1459999999579,1
1354,1353.999999999995,392.640625,392.3666666666667,273.95833333332575,1
1355,1354.9999999999948,392.778125,392.6,178.1249999999659,1
1356,1355.9999999999943,392.92448,392.46666666666664,457.8133333333767,1
1357,1356.9999999999943,393.095833,392.73333333333335,362.4996666666789,1
1358,1357.9999999999939,393.221355,389.1666666666667,4054.6883333333312,1
1359,1358.9999999999936,393.363542,389.1333333333333,4230.208666666669,1
1360,1359.9999999999934,393.519792,393.1,419.79199999997263,1
1361,1360.9999999999932,393.670833,393.3,370.83300000000463,1
1362,1361.9999999999932,393.846875,393.3,546.875,1
1363,1362.999999999993,393.9875,393.6666666666667,320.83333333332575,1
1364,1363.9999999999927,394.146875,393.73333333333335,413.54166666667425,1
1365,1364.9999999999923,394.274479,393.93333333333334,341.14566666664814,1
1366,1365.9999999999918,394.447917,394.23333333333335,214.58366666666961,1
1367,1366.9999999999918,394.583854,394.53333333333336,50.520666666614034,1
1368,1367.9999999999918,394.742188,394.53333333333336,208.85466666663888,1
1369,1368.9999999999918,394.908855,394.6666666666667,242.18833333333123,1
1370,1369.9999999999918,395.034375,394.73333333333335,301.0416666666629,1
1371,1370.9999999999918,395.196875,394.96666666666664,230.20833333333712,1
1372,1371.9999999999918,395.344792,395.1333333333333,211.45866666665825,1
1373,1372.9999999999918,395.480208,395.1333333333333,346.8746666666789,1
1374,1373.9999999999918,395.65,395.26666666666665,383.33333333332575,1
1375,1374.9999999999918,395.804167,395.53333333333336,270.8336666666469,1
1376,1375.9999999999918,395.971875,395.53333333333336,438.5416666666515,1
1377,1376.999999999992,396.177083,395.53333333333336,643.749666666622,1
1378,1377.9999999999918,396.513542,395.53333333333336,980.2086666666128,1
1379,1378.9999999999918,396.803125,395.53333333333336,1269.7916666666629,1
1380,1379.9999999999918,396.978125,395.53333333333336,1444.7916666666174,1
1381,1380.9999999999918,397.146875,395.53333333333336,1613.5416666666629,1
1382,1381.9999999999918,397.315625,396.8,515.625,1
1383,1382.9999999999918,397.40625,396.8,606.2499999999886,1
1384,1383.9999999999918,397.632292,396.8,832.2919999999954,1
1385,1384.9999999999918,397.783333,396.8,983.333000000016,1
1386,1385.9999999999918,397.926042,396.8,1126.041999999984,1
1387,1386.9999999999918,398.1,396.8,1300.0000000000114,1
1388,1387.9999999999918,398.238542,398.26666666666665,28.12466666665614,1
1389,1388.9999999999918,398.411458,398.93333333333334,521.8753333333552,1
1390,1389.9999999999918,398.557292,398.8,242.70799999999326,1
1391,1390.9999999999918,398.734375,399.06666666666666,332.2916666666629,1
1392,1391.9999999999918,398.880208,399.06666666666666,186.45866666668098,1
1393,1392.9999999999918,399.080208,399.06666666666666,13.541333333364491,1
1394,1393.9999999999918,399.238542,400.5,1261.4580000000046,1
1395,1394.999999999992,399.434375,400.76666666666665,1332.2916666666629,1
1396,1395.999999999992,399.69809,398.8333333333333,864.7566666666648,1
1397,1396.999999999992,399.961806,399.03333333333336,928.4726666666643,1
1398,1397.999999999992,400.225521,400.93333333333334,707.8123333333224,1
1399,1398.9999999999918,400.489236,399.8,689.235999999994,1
1400,1399.9999999999918,400.752952,400.06666666666666,686.2853333333305,1
1401,1400.9999999999918,401.016667,400.3,716.6669999999726,1
1402,1401.9999999999918,401.509375,400.56666666666666,942.7083333333144,1
1403,1402.9999999999918,401.805208,400.7,1105.2080000000046,1
1404,1403.9999999999918,401.980208,400.96666666666664,1013.5413333333645,1
1405,1404.9999999999918,402.14375,401.23333333333335,910.4166666666629,1
1406,1405.9999999999918,402.295833,401.3666666666667,929.1663333333418,1
1407,1406.9999999999918,402.382292,401.96666666666664,415.6253333333666,1
1408,1407.9999999999918,402.625,402.2,425.00000000001137,1
1409,1408.9999999999918,402.791667,402.3,491.66700000000674,1
1410,1409.9999999999918,402.947917,402.53333333333336,414.58366666665825,1
1411,1410.9999999999918,403.116667,402.8,316.66699999999537,1
1412,1411.9999999999918,403.257292,403.23333333333335,23.958666666658246,1
1413,1412.9999999999918,403.430208,403.6,169.79200000002947,1
1414,1413.9999999999918,403.580208,403.8,219.791999999984,1
1415,1414.9999999999918,403.761458,403.93333333333334,171.8753333333325,1
1416,1415.9999999999918,403.923958,403.93333333333334,9.375333333309754,1
1417,1416.9999999999918,404.11875,404.3666666666667,247.91666666669698,1
1418,1417.9999999999918,404.292708,404.06666666666666,226.04133333334175,1
1419,1418.999999999992,404.54375,404.3,243.74999999997726,1
1420,1419.999999999992,404.810156,404.6,210.15599999998358,1
1421,1420.999999999992,405.076563,404.5,576.5630000000215,1
1422,1421.999999999992,405.342969,404.7,642.9689999999937,1
1423,1422.9999999999918,405.609375,404.9,709.3750000000227,1
1424,1423.9999999999918,405.875781,405.1666666666667,709.1143333333321,1
1425,1424.9999999999918,406.142187,405.4,742.1870000000013,1
1426,1425.9999999999918,406.35,405.73333333333335,616.6666666666742,1
1427,1426.9999999999918,406.526042,405.9,626.0420000000408,1
1428,1427.9999999999918,406.664583,406.06666666666666,597.9163333333304,1
1429,1428.9999999999918,406.834375,406.3333333333333,501.04166666670835,1
1430,1429.9999999999918,406.989583,406.6,389.58299999995916,1
1431,1430.9999999999918,407.13125,406.96666666666664,164.5833333333826,1
1432,1431.9999999999918,407.313542,407.23333333333335,80.20866666663551,1
1433,1432.9999999999918,407.479167,407.23333333333335,245.83366666666961,1
1434,1433.9999999999918,407.636458,407.53333333333336,103.12466666664477,1
1435,1434.9999999999918,407.83125,407.53333333333336,297.9166666666515,1
1436,1435.9999999999918,408.004167,407.8,204.166999999984,1
1437,1436.9999999999918,408.163542,408.06666666666666,96.87533333334386,1
1438,1437.9999999999918,408.339583,408.23333333333335,106.24966666665614,1
1439,1438.9999999999918,408.504167,408.3333333333333,170.83366666668098,1
1440,1439.9999999999918,408.667708,408.3333333333333,334.37466666669025,1
1441,1440.9999999999918,408.830208,408.3666666666667,463.5413333333531,1
1442,1441.9999999999918,408.982292,408.53333333333336,448.95866666661277,1
1443,1442.9999999999918,409.119792,408.53333333333336,586.4586666666582,1
1444,1443.9999999999918,409.291667,408.53333333333336,758.3336666666582,1
1445,1444.9999999999918,409.457292,409.0,457.29199999999537,1
1446,1445.9999999999918,409.625,409.23333333333335,391.6666666666515,1
1447,1446.9999999999918,409.76875,409.3,468.75,1
1448,1447.9999999999918,409.930208,409.53333333333336,396.8746666666334,1
1449,1448.9999999999918,410.092708,409.76666666666665,326.0413333333645,1
1450,1449.9999999999918,410.251042,408.76666666666665,1484.3753333333325,1
1451,1450.9999999999918,410.4375,408.93333333333334,1504.1666666666629,1
1452,1451.9999999999918,410.590625,409.1,1490.624999999966,1
1453,1452.9999999999918,410.757292,409.5,1257.2920000000067,1
1454,1453.9999999999918,410.897917,410.73333333333335,164.58366666665825,1
1455,1454.9999999999918,411.057292,410.96666666666664,90.62533333337797,1
1456,1455.9999999999918,411.214583,411.2,14.583000000016,1
1457,1456.9999999999918,411.388542,411.43333333333334,44.79133333336449,1
1458,1457.9999999999918,411.539583,411.23333333333335,306.24966666664477,1
1459,1458.9999999999918,411.683333,411.46666666666664,216.6663333333645,1
1460,1459.9999999999918,411.861458,411.7,161.45800000003874,1
1461,1460.9999999999918,412.085417,411.96666666666664,118.7503333333666,1
1462,1461.9999999999918,412.264583,412.1,164.58299999999326,1
1463,1462.9999999999918,412.4625,412.1,362.4999999999545,1
1464,1463.9999999999918,412.605208,412.1,505.2079999999819,1
1465,1464.9999999999918,412.785417,412.1,685.4169999999726,1
1466,1465.9999999999918,412.935417,412.1,835.4169999999499,1
1467,1466.9999999999918,413.089583,412.1,989.5829999999819,1
1468,1467.9999999999918,413.3,412.1,1199.9999999999886,1
1469,1468.9999999999918,413.490625,412.1,1390.625,1
1470,1469.9999999999918,413.675,413.26666666666665,408.33333333335986,1
1471,1470.9999999999918,413.851042,413.53333333333336,317.7086666666469,1
1472,1471.9999999999918,414.026042,413.8,226.04200000000674,1
1473,1472.9999999999918,414.344792,413.76666666666665,578.1253333333325,1
1474,1473.9999999999918,414.720312,413.8666666666667,853.6453333333043,1
1475,1474.9999999999925,414.880208,414.1333333333333,746.8746666666561,1
1476,1475.9999999999925,415.08125,414.4,681.2500000000341,1
1477,1476.9999999999925,415.270833,414.5,770.8329999999819,1
1478,1477.9999999999923,415.441667,414.8666666666667,575.0003333333211,1
1479,1478.9999999999923,415.617708,415.1333333333333,484.3746666666675,1
1480,1479.999999999992,415.823959,415.4,423.95900000002484,1
1481,1480.999999999992,415.978125,415.5,478.12499999997726,1
1482,1481.999999999992,416.148958,415.6,548.9579999999705,1
1483,1482.999999999992,416.342708,415.8,542.7080000000046,1
1484,1483.9999999999923,416.526563,416.03333333333336,493.22966666665025,1
1485,1484.9999999999918,416.728125,416.3,428.1249999999659,1
1486,1485.9999999999918,416.944792,416.46666666666664,478.1253333333666,1
1487,1486.9999999999916,417.079167,416.53333333333336,545.8336666666241,1
1488,1487.9999999999918,417.247917,416.6666666666667,581.250333333287,1
1489,1488.9999999999916,417.44375,416.9,543.7500000000455,1
1490,1489.9999999999916,417.617708,417.1333333333333,484.3746666666675,1
1491,1490.9999999999918,417.875,417.4,475.00000000002274,1
1492,1491.9999999999914,418.174479,417.6666666666667,507.81233333333375,1
1493,1492.9999999999916,418.314583,417.8,514.583000000016,1
1494,1493.9999999999914,418.528125,417.8333333333333,694.7916666666742,1
1495,1494.9999999999916,418.748959,418.06666666666666,682.2923333333506,1
1496,1495.9999999999911,418.914583,418.3333333333333,581.2496666666789,1
1497,1496.9999999999914,419.083333,418.6,483.33299999995916,1
1498,1497.9999999999905,419.269271,418.73333333333335,535.9376666666549,1
1499,1498.9999999999905,419.411458,418.96666666666664,444.79133333334175,1
1500,1499.9999999999905,419.604688,419.1666666666667,438.0213333333245,1
1501,1500.9999999999905,419.819792,419.2,619.7920000000181,1
1502,1501.9999999999902,419.998958,419.43333333333334,565.6246666666789,1
1503,1502.9999999999902,420.153125,419.6666666666667,486.458333333303,1
1504,1503.99999999999,420.338021,419.8333333333333,504.6876666667117,1
1505,1504.99999999999,420.494792,420.1,394.79199999999537,1
1506,1505.99999999999,420.651042,420.1,551.0419999999954,1
1507,1506.9999999999898,420.823958,420.3,523.9579999999933,1
1508,1507.9999999999898,420.990625,420.56666666666666,423.95833333335986,1
1509,1508.9999999999898,421.236458,420.56666666666666,669.7913333333645,1
1510,1509.9999999999895,421.520833,420.93333333333334,587.4996666666448,1
1511,1510.9999999999895,421.647396,421.0,647.3960000000147,1
1512,1511.9999999999895,421.833854,421.2,633.8539999999853,1
1513,1512.9999999999895,422.080208,421.43333333333334,646.8746666666902,1
1514,1513.9999999999895,422.240104,421.73333333333335,506.7706666666254,1
1515,1514.9999999999893,422.416667,421.93333333333334,483.333666666681,1
1516,1515.9999999999893,422.613541,422.2,413.54100000000926,1
1517,1516.999999999989,422.769792,422.3666666666667,403.1253333333211,1
1518,1517.9999999999893,422.916146,422.46666666666664,449.47933333338597,1
1519,1518.999999999989,423.079167,422.6666666666667,412.5003333332984,1
1520,1519.999999999989,423.252083,422.73333333333335,518.7496666666789,1
1521,1520.9999999999889,423.402083,422.93333333333334,468.7496666666675,1
1522,1521.9999999999889,423.583333,423.2,383.33299999999326,1
1523,1522.9999999999884,423.715625,423.4,315.62500000001137,1
1524,1523.9999999999889,423.905729,423.56666666666666,339.0623333333451,1
1525,1524.9999999999889,424.055208,423.8333333333333,221.87466666667888,1
1526,1525.9999999999884,424.211458,424.1,111.45799999997053,1
1527,1526.9999999999884,424.376042,424.3333333333333,42.708666666669615,1
1528,1527.9999999999882,424.558334,424.3,258.33399999999074,1
1529,1528.9999999999882,424.672396,424.3,372.39599999998063,1
1530,1529.9999999999882,424.847396,424.53333333333336,314.0626666666435,1
1531,1530.9999999999882,425.0375,424.56666666666666,470.83333333335986,1
1532,1531.999999999988,425.232292,424.76666666666665,465.6253333333211,1
1533,1532.999999999988,425.426042,425.06666666666666,359.3753333333325,1
1534,1533.9999999999882,425.636458,425.3333333333333,303.12466666669025,1
1535,1534.9999999999877,425.755208,425.2,555.2079999999933,1
1536,1535.9999999999882,425.93125,425.4,531.25,1
1537,1536.9999999999877,426.111458,425.6,511.45800000000463,1
1538,1537.9999999999877,426.265625,425.8333333333333,432.2916666666856,1
1539,1538.9999999999875,426.409375,425.9,509.3750000000341,1
1540,1539.9999999999875,426.609896,426.06666666666666,543.2293333333291,1
1541,1540.9999999999875,426.703646,426.3,403.64599999998063,1
1542,1541.9999999999875,426.908854,426.53333333333336,375.5206666666595,1
1543,1542.999999999987,427.146875,426.6,546.875,1
1544,1543.999999999987,427.383333,426.8,583.3329999999819,1
1545,1544.9999999999868,427.744792,427.0,744.7920000000181,1
1546,1545.9999999999868,427.953386,427.1,853.3860000000004,1
1547,1546.9999999999866,428.161979,427.3333333333333,828.6456666666595,1
1548,1547.9999999999868,428.425,427.56666666666666,858.3333333333485,1
1549,1548.9999999999868,428.638542,427.8666666666667,771.8753333332984,1
1550,1549.9999999999868,428.819792,428.06666666666666,753.1253333333439,1
1551,1550.9999999999864,428.997917,428.3666666666667,631.2503333332984,1
1552,1551.9999999999864,429.139583,428.6666666666667,472.9163333333304,1
1553,1552.9999999999861,429.338542,428.76666666666665,571.8753333333666,1
1554,1553.9999999999861,429.517708,428.76666666666665,751.0413333333759,1
1555,1554.9999999999861,429.70381900000007,429.4,303.81900000008955,1
1556,1555.9999999999861,429.88993099999993,429.93333333333334,43.40233333340393,1
1557,1556.9999999999861,430.076042,430.26666666666665,190.62466666667888,1
1558,1557.999999999986,430.258333,429.93333333333334,324.99966666665614,1
1559,1558.999999999986,430.425,429.93333333333334,491.66666666667425,1
1560,1559.9999999999857,430.648958,429.93333333333334,715.6246666666561,1
1561,1560.9999999999857,430.809375,430.26666666666665,542.7083333333371,1
1562,1561.9999999999857,430.952083,430.46666666666664,485.41633333337586,1
1563,1562.9999999999857,431.101042,430.56666666666666,534.3753333333439,1
1564,1563.9999999999854,431.260417,430.8,460.41700000000674,1
1565,1564.9999999999854,431.416667,431.06666666666666,350.00033333335523,1
1566,1565.9999999999854,431.585417,431.26666666666665,318.75033333335523,1
1567,1566.9999999999852,431.76875,431.6,168.74999999998863,1
1568,1567.9999999999854,431.950521,431.8666666666667,83.85433333330639,1
1569,1568.9999999999852,432.333333,432.1333333333333,199.99966666665614,1
1570,1569.9999999999852,432.643229,432.46666666666664,176.56233333337923,1
1571,1570.9999999999852,432.771875,432.7,71.8750000000341,1
1572,1571.9999999999852,432.917188,432.26666666666665,650.5213333333586,1
1573,1572.9999999999852,433.069792,432.53333333333336,536.4586666666469,1
1574,1573.9999999999852,433.286979,432.8333333333333,453.6456666666595,1
1575,1574.999999999985,433.410417,433.0,410.41699999999537,1
1576,1575.999999999985,433.594792,433.1333333333333,461.45866666665825,1
1577,1576.9999999999848,433.7875,433.26666666666665,520.8333333333712,1
1578,1577.9999999999848,433.975,433.6333333333333,341.666666666697,1
1579,1578.9999999999848,434.184722,433.73333333333335,451.38866666667354,1
1580,1579.9999999999845,434.394445,433.8666666666667,527.7783333333446,1
1581,1580.9999999999848,434.604167,434.03333333333336,570.8336666666582,1
1582,1581.9999999999843,434.786458,434.03333333333336,753.124666666622,1
1583,1582.9999999999843,434.919792,434.53333333333336,386.45866666661277,1
1584,1583.999999999984,435.149479,434.7,449.47899999999663,1
1585,1584.9999999999843,435.321875,434.8,521.8749999999659,1
1586,1585.999999999984,435.460417,435.06666666666666,393.75033333334386,1
1587,1586.999999999984,435.62448,435.23333333333335,391.146666666657,1
1588,1587.9999999999839,435.782292,435.53333333333336,248.95866666662414,1
1589,1588.9999999999839,435.95625,436.06666666666666,110.41666666665151,1
1590,1589.9999999999834,436.113542,436.06666666666666,46.87533333333249,1
1591,1590.9999999999834,436.28125,436.1,181.24999999997726,1
1592,1591.9999999999834,436.442708,434.4,2042.7080000000046,1
1593,1592.9999999999834,436.603125,434.46666666666664,2136.458333333337,1
1594,1593.9999999999832,436.759375,434.46666666666664,2292.708333333337,1
1595,1594.9999999999832,436.930208,434.46666666666664,2463.541333333353,1
1596,1595.9999999999832,437.11198,434.46666666666664,2645.3133333333767,1
1597,1596.999999999983,437.276042,436.8,476.04200000000674,1
1598,1597.999999999983,437.423958,437.23333333333335,190.62466666667888,1
1599,1598.999999999983,437.55625,437.53333333333336,22.916666666617402,1
1600,1599.999999999983,437.71875,437.76666666666665,47.91666666665151,1
1601,1600.9999999999827,437.871875,437.76666666666665,105.20833333333712,1
1602,1601.9999999999827,438.017708,437.76666666666665,251.04133333337586,1
1603,1602.9999999999825,438.184375,437.76666666666665,417.7083333333371,1
1604,1603.9999999999825,438.352604,437.76666666666665,585.9373333333338,1
1605,1604.9999999999823,438.6,438.26666666666665,333.33333333337123,1
1606,1605.9999999999825,438.822917,437.26666666666665,1556.2503333333666,1
1607,1606.999999999982,438.992708,438.5,492.70799999999326,1
1608,1607.999999999982,439.163542,438.6666666666667,496.8753333333211,1
1609,1608.999999999982,439.344792,438.9,444.79200000000674,1
1610,1609.9999999999818,439.508333,439.03333333333336,474.9996666666334,1
1611,1610.9999999999818,439.673958,439.3,373.958000000016,1
1612,1611.9999999999816,439.864583,439.53333333333336,331.24966666662203,1
1613,1612.9999999999816,440.0375,439.53333333333336,504.1666666666629,1
1614,1613.9999999999814,440.214583,439.8666666666667,347.9163333333304,1
1615,1614.9999999999814,440.370834,440.1333333333333,237.50066666667635,1
1616,1615.9999999999811,440.547396,440.3666666666667,180.72933333331775,1
1617,1616.9999999999811,440.730209,440.4,330.20900000002484,1
1618,1617.999999999981,441.141667,440.6333333333333,508.33366666665825,1
1619,1618.999999999981,441.502083,440.7,802.0830000000387,1
1620,1619.999999999981,441.709896,440.8666666666667,843.2293333333405,1
1621,1620.9999999999807,441.929167,441.1,829.166999999984,1
1622,1621.999999999981,442.042709,441.3333333333333,709.3756666666877,1
1623,1622.9999999999807,442.227083,441.6,627.0829999999705,1
1624,1623.9999999999807,442.389583,441.8666666666667,522.9163333333418,1
1625,1624.9999999999804,442.533333,442.1,433.33300000000463,1
1626,1625.9999999999807,442.73125,442.6,131.2499999999659,1
1627,1626.9999999999802,442.99375,442.6333333333333,360.4166666666515,1
1628,1627.9999999999804,443.282292,442.6333333333333,648.9586666666582,1
1629,1628.9999999999802,444.166146,443.4,766.1460000000488,1
1630,1629.9999999999802,444.722917,443.6333333333333,1089.5836666666696,1
1631,1630.9999999999798,444.976042,443.9,1076.0420000000295,1
1632,1631.9999999999802,445.234375,443.56666666666666,1667.7083333333371,1
1633,1632.9999999999798,445.654688,444.3333333333333,1321.354666666707,1
1634,1633.9999999999798,445.995833,444.6,1395.832999999982,1
1635,1634.9999999999798,446.413542,444.76666666666665,1646.8753333333552,1
1636,1635.9999999999795,446.8375,445.4,1437.5,1
1637,1636.9999999999795,447.079167,445.6666666666667,1412.5003333332984,1
1638,1637.9999999999795,447.278125,446.1666666666667,1111.458333333303,1
1639,1638.9999999999795,447.6375,446.5,1137.4999999999886,1
1640,1639.9999999999793,447.903646,446.8333333333333,1070.3126666666662,1
1641,1640.9999999999793,448.264584,447.3333333333333,931.2506666666991,1
1642,1641.999999999979,448.653125,447.56666666666666,1086.4583333333258,1
1643,1642.999999999979,448.835417,447.8333333333333,1002.0836666666924,1
1644,1643.999999999979,449.039583,448.1,939.5829999999705,1
1645,1644.999999999979,449.334896,448.46666666666664,868.2293333333746,1
1646,1645.9999999999789,449.63802,448.76666666666665,871.3533333333316,1
1647,1646.9999999999789,450.088542,449.0,1088.542000000018,1
1648,1647.9999999999789,450.542708,449.26666666666665,1276.0413333333531,1
1649,1648.9999999999786,450.779167,449.53333333333336,1245.8336666666128,1
1650,1649.9999999999789,450.997917,449.8333333333333,1164.5836666666582,1
1651,1650.9999999999786,451.339583,450.3,1039.5829999999933,1
1652,1651.9999999999786,451.632292,450.73333333333335,898.9586666666582,1
1653,1652.9999999999784,451.963542,451.0,963.5420000000181,1
1654,1653.9999999999784,452.31875,451.26666666666665,1052.0833333333712,1
1655,1654.999999999978,452.519271,451.5,1019.2710000000034,1
1656,1655.9999999999784,452.816667,451.8,1016.666999999984,1
1657,1656.999999999978,453.260417,452.1333333333333,1127.0836666666924,1
1658,1657.999999999978,453.666667,452.5,1166.667000000018,1
1659,1658.9999999999777,453.952084,452.73333333333335,1218.750666666665,1
1660,1659.9999999999777,454.365104,453.03333333333336,1331.770666666614,1
1661,1660.9999999999777,454.551041,453.4,1151.0410000000206,1
1662,1661.9999999999777,454.855208,453.8666666666667,988.5413333333304,1
1663,1662.9999999999777,455.228125,454.1333333333333,1094.7916666666515,1
1664,1663.9999999999775,455.55625,454.53333333333336,1022.9166666666174,1
1665,1664.9999999999775,455.871875,454.76666666666665,1105.2083333333371,1
1666,1665.9999999999773,456.303646,455.06666666666666,1236.9793333333519,1
1667,1666.9999999999773,456.522917,455.4,1122.9170000000295,1
1668,1667.9999999999773,456.8125,455.73333333333335,1079.1666666666515,1
1669,1668.9999999999773,457.218229,456.1,1118.2289999999853,1
1670,1669.999999999977,457.553125,456.46666666666664,1086.4583333333826,1
1671,1670.999999999977,457.861458,456.76666666666665,1094.7913333333759,1
1672,1671.9999999999768,458.280209,457.0,1280.2090000000135,1
1673,1672.9999999999768,458.5125,457.3333333333333,1179.1666666666742,1
1674,1673.999999999977,458.8125,457.73333333333335,1079.1666666666515,1
1675,1674.9999999999768,459.167188,458.06666666666666,1100.5213333333472,1
1676,1675.9999999999768,459.477083,458.46666666666664,1010.4163333333531,1
1677,1676.9999999999766,459.792188,458.73333333333335,1058.8546666666616,1
1678,1677.9999999999766,460.353646,459.0,1353.646000000026,1
1679,1678.999999999976,460.654167,459.3333333333333,1320.8336666666582,1
1680,1679.9999999999766,460.885417,459.6666666666667,1218.7503333333325,1
1681,1680.999999999976,461.177083,460.03333333333336,1143.749666666622,1
1682,1681.999999999976,461.477083,460.26666666666665,1210.4163333333418,1
1683,1682.9999999999757,461.7875,460.9,887.5000000000455,1
1684,1683.9999999999757,462.342188,461.1,1242.1879999999987,1
1685,1684.9999999999754,462.7,461.3666666666667,1333.3333333333144,1
1686,1685.9999999999757,462.9875,461.6666666666667,1320.8333333333258,1
1687,1686.9999999999757,463.293229,461.93333333333334,1359.8956666666595,1
1688,1687.9999999999754,463.494792,462.2,1294.7920000000295,1
1689,1688.9999999999752,463.686458,462.43333333333334,1253.1246666666789,1
1690,1689.9999999999752,464.090625,463.1666666666667,923.958333333303,1
1691,1690.9999999999752,464.28125,463.5,781.25,1
1692,1691.9999999999752,464.492708,463.73333333333335,759.3746666666448,1
1693,1692.9999999999752,464.794792,463.93333333333334,861.4586666666355,1
1694,1693.999999999975,465.071875,464.26666666666665,805.2083333333258,1
1695,1694.999999999975,465.342188,464.46666666666664,875.5213333333813,1
1696,1695.9999999999748,465.785938,461.1333333333333,4652.604666666662,1
1697,1696.9999999999748,466.090625,461.3666666666667,4723.958333333314,1
1698,1697.9999999999748,466.38125,461.6333333333333,4747.916666666697,1
1699,1698.9999999999748,466.703125,461.93333333333334,4769.791666666662,1
1700,1699.9999999999748,466.947396,462.2,4747.396000000037,1
1701,1700.9999999999745,467.228125,462.9,4328.125,1
1702,1701.9999999999745,467.682292,463.23333333333335,4448.958666666669,1
1703,1702.9999999999743,467.91875,463.5,4418.749999999989,1
1704,1703.9999999999745,468.163542,463.96666666666664,4196.875333333366,1
1705,1704.9999999999743,468.497396,464.23333333333335,4264.062666666632,1
1706,1705.9999999999743,468.757292,467.6666666666667,1090.6253333333211,1
1707,1706.9999999999739,469.027604,468.1333333333333,894.2706666666709,1
1708,1707.9999999999739,469.501042,468.4,1101.0420000000067,1
1709,1708.9999999999736,469.81875,468.73333333333335,1085.4166666666742,1
1710,1709.9999999999739,470.104167,468.96666666666664,1137.500333333378,1
1711,1710.9999999999736,470.483333,469.23333333333335,1249.9996666666675,1
1712,1711.9999999999736,470.80625,469.5,1306.2499999999773,1
1713,1712.9999999999736,471.244271,470.03333333333336,1210.9376666666662,1
1714,1713.9999999999734,472.230209,470.3,1930.2089999999907,1
1715,1714.9999999999748,472.61875,470.6666666666667,1952.0833333332916,1
1716,1715.9999999999748,472.886459,468.96666666666664,3919.792333333362,1
1717,1716.9999999999748,473.228125,469.23333333333335,3994.7916666666288,1
1718,1717.999999999975,473.522917,469.3,4222.916999999996,1
1719,1718.999999999975,473.765625,469.3,4465.624999999989,1
1720,1719.999999999975,474.001562,468.4,5601.562000000002,1
1721,1720.999999999975,474.176041,468.73333333333335,5442.707666666649,1
1722,1721.999999999975,474.407812,468.93333333333334,5474.478666666641,1
1723,1722.999999999975,474.776042,469.23333333333335,5542.708666666669,1
1724,1723.999999999975,475.459375,469.7,5759.375000000035,1
1725,1724.999999999975,476.392187,470.06666666666666,6325.520333333316,1
1726,1725.9999999999752,476.842188,470.3,6542.18800000001,1
1727,1726.9999999999752,477.292188,470.6666666666667,6625.521333333325,1
1728,1727.9999999999752,477.742188,471.0,6742.187999999998,1
1729,1728.9999999999752,478.192187,471.6,6592.186999999967,1
1730,1729.9999999999752,478.642187,471.8666666666667,6775.520333333305,1
1731,1730.999999999975,479.092188,471.93333333333334,7158.854666666684,1
1732,1731.999999999975,479.542188,472.3,7242.187999999998,1
1733,1732.9999999999804,480.247917,472.56666666666666,7681.25033333331,1
1734,1733.9999999999802,480.600521,472.8333333333333,7767.1876666667,1
1735,1734.9999999999802,481.064583,473.06666666666666,7997.9163333333645,1
1736,1735.9999999999798,481.95,479.73333333333335,2216.66666666664,1
1737,1736.9999999999798,483.01302,479.3666666666667,3646.353333333309,1
1738,1737.9999999999802,483.862109,479.53333333333336,4328.7756666666155,1
1739,1738.9999999999802,484.711198,480.4,4311.198000000048,1
1740,1739.9999999999802,485.560286,481.53333333333336,4026.9526666666593,1
1741,1740.9999999999798,486.409375,482.43333333333334,3976.0416666666742,1
1742,1741.9999999999918,487.872917,483.46666666666664,4406.2503333333325,1
1743,1742.9999999999918,490.400521,483.8333333333333,6567.187666666712,1
1744,1743.9999999999918,491.422526,484.9,6522.526000000027,1
1745,1744.9999999999916,492.444531,485.1666666666667,7277.864333333298,1
1746,1745.9999999999916,493.466536,485.43333333333334,8033.2026666666825,1
1747,1746.9999999999916,494.488541,484.8333333333333,9655.207666666684,1
1748,1747.9999999999916,495.510547,483.4,12110.546999999997,1
1749,1748.9999999999918,496.532552,483.6666666666667,12865.885333333325,1
1750,1749.999999999972,497.5545570000001,483.96666666666664,13587.890333333462,1
1751,1750.9999999999718,498.576563,484.23333333333335,14343.229666666673,1
1752,1751.9999999999714,498.785938,484.46666666666664,14319.271333333347,1
1753,1752.9999999999714,499.0299480000001,484.73333333333335,14296.614666666756,1
1754,1753.9999999999714,499.273958,484.96666666666664,14307.291333333353,1
1755,1754.9999999999704,499.501041,485.23333333333335,14267.707666666638,1
1756,1755.9999999999707,499.73993,485.46666666666664,14273.263333333376,1
1757,1756.9999999999707,499.978819,484.7,15278.819,1
1758,1757.9999999999704,500.217708,485.93333333333334,14284.37466666668,1
1759,1758.9999999999704,500.456597,486.1333333333333,14323.263666666662,1
1760,1759.9999999999704,500.695486,484.43333333333334,16262.15266666668,1
1761,1760.99999999997,500.934375,484.53333333333336,16401.041666666628,1
1762,1761.9999999999704,501.227083,484.6,16627.08299999997,1
1763,1762.9999999999702,501.519792,484.5,17019.791999999994,1
1764,1763.9999999999702,501.8125,484.6666666666667,17145.833333333314,1
1765,1764.9999999999702,502.035937,484.9,17135.937000000013,1
1766,1765.9999999999704,502.259375,485.1666666666667,17092.708333333292,1
1767,1766.9999999999702,502.482813,485.3,17182.81300000001,1
1768,1767.9999999999702,502.70625,485.3,17406.25,1
1769,1768.9999999999702,502.929688,485.3,17629.687999999987,1
1770,1769.99999999997,503.153125,486.2,16953.125,1
1771,1770.9999999999702,503.309896,486.76666666666665,16543.22933333333,1
1772,1771.9999999999698,503.466667,487.06666666666666,16400.000333333308,1
1773,1772.9999999999698,503.733333,487.3,16433.333000000006,1
1774,1773.9999999999698,503.976042,487.6,16376.041999999983,1
1775,1774.9999999999698,504.21875,487.8333333333333,16385.416666666686,1
1776,1775.9999999999684,504.452604,488.06666666666666,16385.937333333346,1
1777,1776.9999999999688,504.707291,488.1,16607.290999999976,1
1778,1777.9999999999686,504.961979,488.56666666666666,16395.31233333332,1
1779,1778.999999999968,505.20625,488.06666666666666,17139.58333333335,1
1780,1779.9999999999677,505.440104,486.73333333333335,18706.77066666667,1
1781,1780.999999999968,505.673958,486.73333333333335,18940.624666666678,1
1782,1781.999999999968,505.907812,488.03333333333336,17874.47866666662,1
1783,1782.999999999968,506.141667,487.53333333333336,18608.333666666626,1
1784,1783.9999999999677,506.375521,487.76666666666665,18608.85433333334,1
1785,1784.9999999999675,506.609375,487.3,19309.37499999999,1
1786,1785.9999999999677,506.894444,487.3666666666667,19527.777333333346,1
1787,1786.9999999999677,507.179514,487.3666666666667,19812.84733333331,1
1788,1787.9999999999675,507.464583,487.9,19564.583000000028,1
1789,1788.9999999999675,507.670486,487.9,19770.486000000004,1
1790,1789.9999999999675,507.876389,487.9,19976.38900000004,1
1791,1790.9999999999677,508.082291,492.6666666666667,15415.624333333311,1
1792,1791.9999999999675,508.288194,492.96666666666664,15321.527333333335,1
1793,1792.9999999999675,508.494097,492.96666666666664,15527.43033333337,1
1794,1793.9999999999673,508.7,492.96666666666664,15733.333333333348,1
1795,1794.9999999999673,508.858854,492.96666666666664,15892.187333333368,1
1796,1795.9999999999668,509.017708,492.96666666666664,16051.041333333387,1
1797,1796.9999999999668,509.263542,492.96666666666664,16296.875333333333,1
1798,1797.999999999967,509.45,492.96666666666664,16483.33333333335,1
1799,1798.9999999999668,509.636459,492.96666666666664,16669.79233333336,1
1800,1799.9999999999668,509.822917,492.96666666666664,16856.250333333377,1
1801,1800.999999999967,510.024653,496.9,13124.653000000024,1
1802,1801.9999999999668,510.226389,496.9,13326.389000000006,1
1803,1802.9999999999668,510.428125,496.93333333333334,13494.791666666686,1
1804,1803.9999999999668,510.738889,494.46666666666664,16272.222333333331,1
1805,1804.9999999999666,511.049653,494.73333333333335,16316.31966666663,1
1806,1805.9999999999663,511.360416,495.0,16360.415999999987,1
1807,1806.9999999999668,511.655952,495.23333333333335,16422.618666666665,1
1808,1807.9999999999668,511.951488,495.5,16451.487999999983,1
1809,1808.9999999999666,512.247024,495.76666666666665,16480.35733333336,1
1810,1809.9999999999666,512.54256,496.03333333333336,16509.226666666622,1
1811,1810.9999999999668,512.8380950000002,496.26666666666665,16571.42833333353,1
1812,1811.9999999999668,513.1336309999998,496.53333333333336,16600.29766666645,1
1813,1812.9999999999666,513.429167,496.73333333333335,16695.83366666666,1
1814,1813.9999999999666,513.7269269999998,496.73333333333335,16993.59366666647,1
1815,1814.9999999999666,514.024688,496.73333333333335,17291.354666666623,1
1816,1815.9999999999668,514.322448,496.9,17422.448000000033,1
1817,1816.9999999999666,514.620208,496.93333333333334,17686.87466666671,1
1818,1817.9999999999666,514.9179690000002,496.9,18017.969000000223,1
1819,1818.9999999999666,515.215729,496.9,18315.729000000032,1
1820,1819.9999999999666,515.5134889999998,496.9,18613.488999999845,1
1821,1820.9999999999668,515.81125,496.9,18911.249999999996,1
1822,1821.9999999999668,516.10901,496.9,19209.010000000035,1
1823,1822.9999999999668,516.40677,496.9,19506.770000000073,1
1824,1823.999999999966,516.626562,496.9,19726.562000000056,1
1825,1824.999999999966,516.8492190000002,496.9,19949.219000000197,1
1826,1825.9999999999652,517.071875,497.06666666666666,20005.208333333314,1
1827,1826.9999999999648,517.3239580000002,497.23333333333335,20090.624666666827,1
1828,1827.9999999999645,517.557292,496.9,20657.291999999983,1
1829,1828.9999999999645,517.790625,496.93333333333334,20857.29166666664,1
1830,1829.9999999999648,518.023958,497.2,20823.958000000006,1
1831,1830.9999999999648,518.257291,496.76666666666665,21490.62433333336,1
1832,1831.9999999999645,518.490625,496.76666666666665,21723.958333333372,1
1833,1832.9999999999645,518.723958,496.73333333333335,21990.624666666692,1
1834,1833.9999999999643,519.004861,496.76666666666665,22238.194333333355,1
1835,1834.9999999999645,519.285764,496.73333333333335,22552.430666666623,1
1836,1835.999999999964,519.5666669999998,496.9,22666.66699999985,1
1837,1836.9999999999643,519.773959,496.93333333333334,22840.625666666652,1
1838,1837.9999999999643,519.98125,501.3666666666667,18614.583333333372,1
1839,1838.9999999999643,520.188542,501.76666666666665,18421.875333333333,1
1840,1839.9999999999645,520.395833,502.03333333333336,18362.499666666678,1
1841,1840.9999999999638,520.603125,502.3,18303.124999999967,1
1842,1841.9999999999638,520.870312,502.6666666666667,18203.645333333327,1
1843,1842.9999999999638,521.0221349999998,503.0,18022.13499999982,1
1844,1843.9999999999636,521.173958,503.23333333333335,17940.624666666623,1
1845,1844.9999999999636,521.423958,503.43333333333334,17990.624666666634,1
1846,1845.9999999999636,521.66875,503.7,17968.75000000006,1
1847,1846.9999999999636,521.913542,503.6666666666667,18246.875333333322,1
1848,1847.9999999999627,522.152604,503.6666666666667,18485.93733333331,1
1849,1848.9999999999627,522.394271,503.9,18494.271000000026,1
1850,1849.9999999999627,522.635937,504.1666666666667,18469.270333333327,1
1851,1850.9999999999616,522.896875,504.4,18496.875000000044,1
1852,1851.999999999962,523.144445,504.53333333333336,18611.11166666666,1
1853,1852.9999999999616,523.392014,504.6333333333333,18758.680666666693,1
1854,1853.9999999999616,523.639583,505.1,18539.58299999999,1
1855,1854.999999999962,523.887153,505.4,18487.153000000035,1
1856,1855.999999999962,524.134722,505.6666666666667,18468.055333333326,1
1857,1856.9999999999616,524.382292,505.93333333333334,18448.95866666667,1
1858,1857.9999999999616,524.707986,506.1666666666667,18541.31933333332,1
1859,1858.9999999999613,525.033681,506.4,18633.681000000026,1
1860,1859.9999999999616,525.359375,506.53333333333336,18826.04166666664,1
1861,1860.9999999999616,525.5810759999998,506.8,18781.075999999815,1
1862,1861.9999999999613,525.802778,506.96666666666664,18836.11133333335,1
1863,1862.9999999999613,526.024479,507.2,18824.479000000054,1
1864,1863.9999999999613,526.24618,507.5,18746.179999999982,1
1865,1864.9999999999613,526.467882,507.8333333333333,18634.548666666717,1
1866,1865.999999999961,526.689583,508.03333333333336,18656.249666666612,1
1867,1866.9999999999613,526.842708,508.3,18542.708000000006,1
1868,1867.999999999961,526.9958330000002,508.56666666666666,18429.166333333513,1
1869,1868.9999999999607,527.239583,508.76666666666665,18472.916333333385,1
1870,1869.999999999961,527.407639,509.0,18407.639000000017,1
1871,1870.999999999961,527.575694,509.03333333333336,18542.36066666664,1
1872,1871.9999999999607,527.74375,509.03333333333336,18710.416666666617,1
1873,1872.9999999999607,527.942708,513.1,14842.708000000017,1
1874,1873.9999999999607,528.141667,513.3,14841.66700000003,1
1875,1874.9999999999607,528.340625,513.4333333333333,14907.291666666766,1
1876,1875.9999999999607,528.660764,512.8,15860.764000000017,1
1877,1876.9999999999607,528.980903,513.0666666666667,15914.236333333292,1
1878,1877.9999999999604,529.3010419999998,513.3,16001.04199999987,1
1879,1878.9999999999604,529.6060769999998,513.3,16306.076999999845,1
1880,1879.9999999999607,529.911111,513.2666666666667,16644.444333333355,1
1881,1880.9999999999607,530.216146,512.8666666666667,17349.479333333307,1
1882,1881.9999999999607,530.521181,512.3666666666667,18154.51433333328,1
1883,1882.9999999999604,530.826215,513.8333333333334,16992.881666666675,1
1884,1883.9999999999604,531.13125,513.6666666666666,17464.583333333394,1
1885,1884.9999999999607,531.5871530000002,513.6666666666666,17920.48633333354,1
1886,1885.9999999999607,532.043055,513.6666666666666,18376.38833333335,1
1887,1886.9999999999604,532.498958,514.9,17598.95800000004,1
1888,1887.9979166666267,532.610416,514.5666666666667,18043.749333333268,1
1889,1888.9979166666265,532.721875,513.2666666666667,19455.208333333303,1
1890,1889.9999999999598,532.833333,513.4,19433.33300000006,1
1891,1890.997916666626,532.944792,513.6333333333333,19311.45866666668,1
1892,1891.9979166666258,533.05625,513.9333333333333,19122.916666666697,1
1893,1892.9999999999588,533.11875,514.1666666666666,18952.08333333335,1
1894,1893.9999999999588,533.3299480000002,514.4,18929.948000000193,1
1895,1894.999999999959,533.541146,514.6666666666666,18874.4793333334,1
1896,1895.9999999999588,533.744792,514.4333333333333,19311.45866666668,1
1897,1896.9999999999588,533.938542,515.3333333333334,18605.208666666615,1
1898,1897.9999999999586,534.090625,515.7333333333333,18357.291666666697,1
1899,1898.9999999999584,534.24375,515.7333333333333,18510.416666666628,1
1900,1899.9999999999584,534.41875,517.4,17018.75000000007,1
1901,1900.9999999999575,534.59375,516.9666666666667,17627.083333333303,1
1902,1901.9999999999575,534.786458,517.2,17586.45799999999,1
1903,1902.9999999999575,535.018055,517.5,17518.055000000004,1
1904,1903.9999999999575,535.2496530000002,517.7333333333333,17516.319666666845,1
1905,1904.9999999999575,535.48125,518.0,17481.250000000044,1
1906,1905.999999999957,535.713542,518.1666666666666,17546.875333333333,1
1907,1906.999999999957,535.866667,518.1666666666666,17700.000333333377,1
1908,1907.9999999999568,536.041146,518.1666666666666,17874.4793333334,1
1909,1908.9999999999568,536.196875,524.5666666666667,11630.208333333258,1
1910,1909.9999999999568,536.359375,524.8333333333334,11526.041666666628,1
1911,1910.9999999999566,536.515625,525.0666666666667,11448.958333333281,1
1912,1911.9999999999566,536.65625,525.3,11356.250000000045,1
1913,1912.9999999999563,536.797917,525.5,11297.916999999983,1
1914,1913.999999999956,536.969792,525.7666666666667,11203.125333333333,1
1915,1914.9999999999561,537.140625,525.7666666666667,11373.958333333348,1
1916,1915.999999999956,537.304167,526.3,11004.167000000052,1
1917,1916.999999999956,537.595833,527.2,10395.832999999926,1
1918,1917.999999999956,537.822135,527.2,10622.134999999958,1
1919,1918.999999999956,538.048438,526.2,11848.437999999987,1
1920,1919.9999999999561,538.302604,526.4666666666667,11835.937333333277,1
1921,1920.9999999999557,538.497917,526.6666666666666,11831.2503333334,1
1922,1921.9999999999557,538.657292,528.1,10557.291999999961,1
1923,1922.9999999999554,538.829167,527.4666666666667,11362.500333333286,1
1924,1923.9999999999552,538.98125,528.2666666666667,10714.583333333394,1
1925,1924.9999999999552,539.1625,528.4,10762.500000000045,1
1926,1925.9999999999543,539.328125,528.5,10828.125,1
1927,1926.9999999999548,539.521181,528.5,11021.180999999957,1
1928,1927.9999999999548,539.714236,528.5,11214.236000000028,1
1929,1928.9999999999543,539.907292,528.5,11407.291999999983,1
1930,1929.9999999999543,540.104167,528.5,11604.166999999961,1
1931,1930.9999999999538,540.263542,528.5,11763.54200000003,1
1932,1931.9999999999538,540.427604,528.5,11927.603999999974,1
1933,1932.9999999999538,540.592708,528.5,12092.708000000017,1
1934,1933.9999999999536,540.74375,529.9666666666667,10777.083333333281,1
1935,1934.9999999999538,540.897917,529.2333333333333,11664.583666666658,1
1936,1935.9999999999534,541.046875,532.4333333333333,8613.541666666719,1
1937,1936.9999999999534,541.195833,532.4,8795.833000000017,1
1938,1937.9999999999532,541.350521,532.4,8950.52099999998,1
1939,1938.9999999999532,541.539583,532.4,9139.583000000017,1
1940,1939.9999999999534,541.766667,529.7333333333333,12033.333666666636,1
1941,1940.9999999999532,542.305208,529.3666666666667,12938.54133333332,1
1942,1941.999999999952,542.746875,532.5333333333333,10213.541666666742,1
1943,1942.9999999999516,542.947917,529.7666666666667,13181.25033333331,1
1944,1943.9999999999516,543.064583,532.3,10764.583000000017,1
1945,1944.9999999999516,543.259375,531.6666666666666,11592.708333333348,1
1946,1945.9999999999516,543.467708,531.9,11567.708000000039,1
1947,1946.9999999999513,543.890625,532.1666666666666,11723.958333333372,1
1948,1947.9999999999511,544.1375,532.4666666666667,11670.833333333348,1
1949,1948.9999999999513,544.291667,532.1666666666666,12125.000333333333,1
1950,1949.9999999999516,544.55625,532.3333333333334,12222.916666666606,1
1951,1950.9999999999511,544.804167,532.3333333333334,12470.833666666636,1
1952,1951.9999999999513,544.96875,535.9,9068.750000000022,1
1953,1952.9999999999518,545.1171879999998,536.1666666666666,8950.5213333332,1
1954,1953.9999999999513,545.335417,536.4333333333333,8902.083666666727,1
1955,1954.9999999999518,545.482292,535.9,9582.292000000052,1
1956,1955.9999999999511,545.768229,536.1666666666666,9601.56233333339,1
1957,1956.9999999999511,546.003125,536.3666666666667,9636.458333333281,1
1958,1957.9999999999513,546.194792,536.4,9794.79200000003,1
1959,1958.9999999999507,546.53698,536.4,10136.979999999994,1
1960,1959.9999999999507,546.81875,536.4,10418.750000000045,1
1961,1960.9999999999513,546.934375,536.4,10534.37500000007,1
1962,1961.9999999999507,547.098958,536.4,10698.95800000006,1
1963,1962.9999999999513,547.313542,536.4,10913.542000000007,1
1964,1963.9999999999502,547.477604,536.4,11077.604000000065,1
1965,1964.9999999999502,547.681771,536.4,11281.771000000048,1
1966,1965.9999999999507,548.204687,536.4,11804.687000000058,1
1967,1966.99999999995,548.220833,535.4,12820.832999999993,1
1968,1967.9999999999502,548.628125,535.2666666666667,13361.458333333303,1
1969,1968.9999999999507,548.740104,535.2666666666667,13473.437333333322,1
1970,1969.9999999999498,548.922916,535.9,13022.916000000008,1
1971,1970.9999999999498,549.36875,535.9333333333333,13435.416666666697,1
1972,1971.999999999949,549.6052080000002,536.0,13605.208000000175,1
1973,1972.9999999999495,549.740625,536.0,13740.625000000022,1
1974,1973.9999999999495,549.9260419999998,536.0,13926.041999999825,1
1975,1974.9999999999493,550.164583,536.0,14164.582999999993,1
1976,1975.9999999999495,550.359375,535.9666666666667,14392.708333333303,1
1977,1976.9999999999498,550.497396,536.1,14397.395999999957,1
1978,1977.9999999999493,550.730729,536.1,14630.728999999974,1
1979,1978.9999999999495,550.930208,536.6333333333333,14296.874666666667,1
1980,1979.9999999999486,551.146354,536.7,14446.353999999928,1
1981,1980.9999999999488,551.401042,536.7,14701.041999999916,1
1982,1981.9999999999495,551.5822919999998,536.7,14882.29199999978,1
1983,1982.9999999999486,551.911458,536.7,15211.457999999993,1
1984,1983.9999999999488,552.1604169999998,536.7,15460.41699999978,1
1985,1984.999999999949,552.2927080000002,536.7,15592.70800000013,1
1986,1985.9999999999486,552.492708,540.1,12392.70799999997,1
1987,1986.9999999999488,552.747917,540.1333333333333,12614.583666666704,1
1988,1987.9999999999493,552.901562,540.1333333333333,12768.228666666688,1
1989,1988.9999999999486,553.207291,540.1333333333333,13073.957666666729,1
1990,1989.999999999949,553.478125,540.1333333333333,13344.791666666652,1
1991,1990.9999999999486,553.6125,540.1333333333333,13479.166666666628,1
1992,1991.9999999999486,553.786458,540.1333333333333,13653.124666666714,1
1993,1992.9999999999486,553.996875,540.1333333333333,13863.541666666719,1
1994,1993.9999999999484,554.2145830000002,540.1333333333333,14081.249666666848,1
1995,1994.9999999999484,554.573959,540.1333333333333,14440.62566666662,1
1996,1995.9999999999488,554.833333,540.1333333333333,14699.999666666714,1
1997,1996.9999999999484,554.973958,540.1333333333333,14840.624666666714,1
1998,1997.9999999999486,555.198959,540.1333333333333,15065.62566666662,1
1999,1998.9999999999482,555.4260419999998,541.9666666666667,13459.375333333128,1
2000,1999.9999999999484,555.58125,542.9333333333333,12647.916666666675,1
2001,2000.9999999999484,555.760937,543.0333333333333,12727.60366666671,1
2002,2001.9999999999482,556.002083,543.0333333333333,12968.749666666667,1
2003,2002.9999999999484,556.170833,543.7666666666667,12404.166333333364,1
2004,2003.9999999999486,556.409375,544.0333333333333,12376.041666666652,1
2005,2004.9999999999482,556.6375,544.3333333333334,12304.166666666675,1
2006,2005.9999999999484,556.845833,544.5666666666667,12279.16633333325,1
2007,2006.9999999999477,557.136459,544.7333333333333,12403.125666666598,1
2008,2007.999999999948,557.3947919999998,545.1333333333333,12261.458666666498,1
2009,2008.9999999999486,557.534375,541.1666666666666,16367.708333333325,1
2010,2009.9999999999477,557.723438,541.4333333333333,16290.104666666706,1
2011,2010.999999999948,557.952083,551.1666666666666,6785.416333333387,1
2012,2011.9999999999484,558.146875,545.4,12746.875000000045,1
2013,2012.9999999999477,558.397917,545.7,12697.916999999961,1
2014,2013.9999999999482,558.626042,545.7,12926.04199999994,1
2015,2014.9999999999475,558.766667,545.7,13066.66699999994,1
2016,2015.9999999999477,559.061458,545.7,13361.45799999997,1
2017,2016.9999999999482,559.361979,551.1333333333333,8228.645666666693,1
2018,2017.9999999999475,559.572396,551.7333333333333,7839.062666666678,1
2019,2018.9999999999475,559.890625,548.6,11290.624999999978,1
2020,2019.9999999999477,560.2145830000002,548.9333333333333,11281.249666666896,1
2021,2020.9999999999475,560.359375,549.2,11159.374999999955,1
2022,2021.9999999999475,560.501042,548.6666666666666,11834.375333333355,1
2023,2022.9999999999477,560.719271,550.1666666666666,10552.60433333342,1
2024,2023.999999999947,560.898958,550.5666666666667,10332.291333333273,1
2025,2024.9999999999475,561.123437,550.1333333333333,10990.10366666664,1
2026,2025.9999999999468,561.366667,549.9,11466.66700000003,1
2027,2026.9999999999468,561.5390629999998,550.6,10939.062999999805,1
2028,2027.9999999999475,561.727604,551.6,10127.60400000002,1
2029,2028.999999999946,561.953645,550.0666666666667,11886.978333333333,1
2030,2029.9999999999463,562.221875,552.1,10121.87499999993,1
2031,2030.9999999999457,562.647396,552.3666666666667,10280.729333333284,1
2032,2031.999999999946,562.952083,552.6333333333333,10318.74966666669,1
2033,2032.9999999999463,563.133333,552.9,10233.333000000017,1
2034,2033.9999999999459,563.384896,553.1666666666666,10218.229333333398,1
2035,2034.999999999946,563.621875,553.1666666666666,10455.208333333416,1
2036,2035.9999999999466,563.775,558.1666666666666,5608.3333333333485,1
2037,2036.9999999999459,564.077604,558.4333333333333,5644.270666666671,1
2038,2037.999999999946,564.342708,558.6333333333333,5709.37466666669,1
2039,2038.999999999946,564.5,558.3333333333334,6166.666666666629,1
2040,2039.9999999999459,564.775,558.6,6174.9999999999545,1
2041,2040.999999999946,565.067708,556.0333333333333,9034.374666666736,1
2042,2041.9999999999459,565.280208,556.3333333333334,8946.874666666645,1
2043,2042.9999999999457,565.482292,556.4333333333333,9048.95866666675,1
2044,2043.999999999946,565.729167,556.4333333333333,9295.83366666668,1
2045,2044.9999999999457,565.88125,556.4333333333333,9447.916666666742,1
2046,2045.9999999999457,566.0739580000002,556.4333333333333,9640.624666666896,1
2047,2046.9999999999457,566.305208,556.4333333333333,9871.874666666714,1
2048,2047.9999999999457,566.466667,556.4333333333333,10033.33366666675,1
2049,2048.999999999946,566.688542,556.4333333333333,10255.208666666704,1
2050,2049.9999999999454,566.913542,556.4333333333333,10480.208666666727,1
2051,2050.9999999999454,567.070833,556.4333333333333,10637.499666666714,1
2052,2051.999999999946,567.303125,556.4333333333333,10869.791666666742,1
2053,2052.999999999945,567.521875,559.0,8521.875000000022,1
2054,2053.999999999945,567.653125,559.3333333333334,8319.791666666675,1
2055,2054.999999999946,567.983333,556.6,11383.332999999993,1
2056,2055.999999999945,568.19375,556.8333333333334,11360.416666666652,1
2057,2056.999999999946,568.345833,557.1,11245.832999999948,1
2058,2057.9999999999454,568.626041,557.1,11526.040999999965,1
2059,2058.999999999945,568.872917,557.4,11472.917000000052,1
2060,2059.9999999999454,569.119792,557.6333333333333,11486.458666666636,1
2061,2060.9999999999445,569.580208,557.9,11680.207999999993,1
2062,2061.999999999945,569.845833,558.1333333333333,11712.499666666645,1
2063,2062.9999999999454,569.994792,558.2333333333333,11761.458666666613,1
2064,2063.9999999999445,570.256771,558.4666666666667,11790.10433333326,1
2065,2064.9999999999454,570.548437,558.6,11948.437000000013,1
2066,2065.9999999999445,570.8322919999998,558.8666666666667,11965.625333333152,1
2067,2066.9999999999445,571.258854,559.0333333333333,12225.52066666674,1
2068,2067.9999999999445,571.514583,559.3,12214.58300000006,1
2069,2068.9999999999445,571.675,559.5333333333333,12141.666666666652,1
2070,2069.9999999999445,571.8864580000002,559.8,12086.45800000022,1
2071,2070.9999999999445,572.091667,560.1,11991.667000000007,1
2072,2071.999999999944,572.279167,560.4,11879.167000000052,1
2073,2072.999999999944,572.521875,560.6333333333333,11888.541666666697,1
2074,2073.9999999999445,572.748958,560.9,11848.958000000039,1
2075,2074.999999999944,572.949479,561.1666666666666,11782.812333333368,1
2076,2075.999999999944,573.291667,561.1666666666666,12125.000333333333,1
2077,2076.999999999944,573.5270830000002,561.1666666666666,12360.416333333545,1
2078,2077.999999999944,573.694792,561.1666666666666,12528.125333333377,1
2079,2078.9999999999445,573.865625,561.1666666666666,12698.958333333394,1
2080,2079.999999999944,574.0510419999998,561.1666666666666,12884.375333333195,1
2081,2080.999999999944,574.225,561.1666666666666,13058.333333333394,1
2082,2081.9999999999445,574.455208,561.1666666666666,13288.541333333342,1
2083,2082.999999999944,574.628125,562.4,12228.124999999978,1
2084,2083.9999999999445,574.8046879999998,562.7,12104.687999999784,1
2085,2084.9999999999436,575.008333,561.4,13608.333000000017,1
2086,2085.9999999999436,575.213542,561.6666666666666,13546.875333333333,1
2087,2086.999999999944,575.344791,561.2333333333333,14111.457666666638,1
2088,2087.9999999999436,575.717188,561.2333333333333,14483.854666666615,1
2089,2088.9999999999436,575.95625,561.2333333333333,14722.916666666606,1
2090,2089.999999999944,576.132292,561.2333333333333,14898.958666666658,1
2091,2090.9999999999436,576.295833,561.2333333333333,15062.499666666667,1
2092,2091.999999999944,576.489583,561.2333333333333,15256.24966666669,1
2093,2092.9999999999436,576.689063,561.2333333333333,15455.729666666684,1
2094,2093.9999999999436,576.95,561.2333333333333,15716.666666666697,1
2095,2094.9999999999436,577.168229,561.2333333333333,15934.895666666649,1
2096,2095.999999999943,577.36875,561.2333333333333,16135.416666666628,1
2097,2096.999999999943,577.623959,561.2333333333333,16390.625666666667,1
2098,2097.9999999999436,577.798958,561.2333333333333,16565.624666666623,1
2099,2098.999999999943,577.972396,561.2333333333333,16739.062666666654,1
2100,2099.9999999999436,578.1989580000002,563.7333333333333,14465.624666666827,1
2101,2100.999999999943,578.395833,564.0,14395.833000000039,1
2102,2101.999999999943,578.554167,564.3333333333334,14220.833666666636,1
2103,2102.999999999944,578.747917,564.7666666666667,13981.250333333377,1
2104,2103.999999999943,578.932292,564.8333333333334,14098.95866666659,1
2105,2104.999999999943,579.088021,564.5333333333333,14554.687666666723,1
2106,2105.9999999999436,579.279688,564.5333333333333,14746.354666666663,1
2107,2106.999999999943,579.471875,565.6333333333333,13838.541666666628,1
2108,2107.9999999999436,579.61875,565.8,13818.750000000022,1
2109,2108.9999999999436,579.809375,565.8,14009.375000000091,1
2110,2109.999999999943,580.01875,566.3666666666667,13652.083333333281,1
2111,2110.999999999944,580.14375,566.6,13543.74999999993,1
2112,2111.999999999943,580.3708330000002,566.8333333333334,13537.499666666805,1
2113,2112.999999999943,580.6052080000002,566.6,14005.208000000152,1
2114,2113.9999999999436,580.775521,566.9,13875.521000000048,1
2115,2114.999999999943,581.060938,566.9333333333333,14127.604666666684,1
2116,2115.999999999943,581.291667,566.9333333333333,14358.33366666668,1
2117,2116.9999999999427,581.482292,569.9333333333333,11548.95866666675,1
2118,2117.999999999943,581.7385419999998,569.9333333333333,11805.208666666545,1
2119,2118.9999999999436,581.944792,567.9666666666667,13978.12533333331,1
2120,2119.999999999943,582.193229,569.9666666666667,12226.562333333277,1
2121,2120.999999999943,582.604687,570.2333333333333,12371.353666666664,1
2122,2121.999999999943,582.803906,568.3,14503.906000000028,1
2123,2122.9999999999427,583.003125,568.5666666666667,14436.458333333234,1
2124,2123.999999999943,583.236458,571.4333333333333,11803.12466666669,1
2125,2124.999999999943,583.439583,571.7,11739.582999999926,1
2126,2125.9999999999422,583.630208,571.9333333333333,11696.874666666758,1
2127,2126.9999999999422,583.784375,572.2,11584.374999999909,1
2128,2127.9999999999422,583.9645830000002,572.4666666666667,11497.916333333478,1
2129,2128.999999999942,584.1447919999998,572.6666666666666,11478.125333333195,1
2130,2129.9999999999427,584.322917,573.0,11322.916999999961,1
2131,2130.9999999999413,584.502083,573.2666666666667,11235.41633333332,1
2132,2131.999999999941,584.71875,569.8,14918.750000000045,1
2133,2132.999999999941,584.838542,569.9333333333333,14905.20866666668,1
2134,2133.999999999941,585.028646,569.9666666666667,15061.979333333284,1
2135,2134.999999999941,585.21875,574.1333333333333,11085.416666666675,1
2136,2135.9999999999404,585.4489580000002,570.6666666666666,14782.291333333545,1
2137,2136.99999999994,585.6625,570.7333333333333,14929.166666666675,1
2138,2137.99999999994,585.8552080000002,571.0,14855.208000000175,1
2139,2138.999999999939,586.021875,572.2333333333333,13788.541666666675,1
2140,2139.99999999994,586.205729,572.2333333333333,13972.39566666667,1
2141,2140.9999999999395,586.389583,572.0333333333333,14356.249666666714,1
2142,2141.999999999939,586.6125,572.0333333333333,14579.166666666652,1
2143,2142.999999999939,586.825,573.2666666666667,13558.333333333394,1
2144,2143.999999999939,587.03125,574.0333333333333,12997.916666666697,1
2145,2144.9999999999377,587.53125,574.2666666666667,13264.583333333348,1
2146,2145.9999999999377,587.819792,574.5333333333333,13286.458666666704,1
2147,2146.9999999999372,587.983333,574.3,13683.33300000006,1
2148,2147.999999999937,588.1604169999998,573.9666666666667,14193.750333333128,1
2149,2148.9999999999363,588.283333,574.2,14083.332999999926,1
2150,2149.999999999936,588.4572919999998,575.5666666666667,12890.625333333104,1
2151,2150.999999999936,588.58125,575.8333333333334,12747.916666666584,1
2152,2151.999999999935,588.730729,576.1333333333333,12597.39566666667,1
2153,2152.999999999935,588.846875,576.3333333333334,12513.541666666584,1
2154,2153.999999999935,588.96875,576.3333333333334,12635.416666666628,1
2155,2154.9999999999354,589.154167,576.3333333333334,12820.833666666658,1
2156,2155.999999999935,589.339584,576.3333333333334,13006.250666666574,1
2157,2156.9999999999354,589.807292,576.3333333333334,13473.95866666659,1
2158,2157.999999999934,590.028125,576.3333333333334,13694.791666666675,1
2159,2158.999999999934,590.18125,576.3333333333334,13847.916666666606,1
2160,2159.999999999934,590.342708,576.3333333333334,14009.374666666645,1
2161,2160.999999999933,590.465625,576.3333333333334,14132.291666666675,1
2162,2161.999999999933,590.628125,576.3333333333334,14294.791666666584,1
2163,2162.9999999999322,590.759375,576.3333333333334,14426.041666666606,1
2164,2163.999999999932,590.903646,576.3333333333334,14570.31266666661,1
2165,2164.999999999932,591.026562,576.3333333333334,14693.22866666664,1
2166,2165.9999999999313,591.145833,579.7333333333333,11412.49966666669,1
2167,2166.9999999999327,591.322396,579.7333333333333,11589.062666666678,1
2168,2167.999999999931,591.498959,580.3666666666667,11132.292333333338,1
2169,2168.9999999999313,591.702083,580.6333333333333,11068.74966666669,1
2170,2169.9999999999313,591.873958,580.6333333333333,11240.62466666669,1
2171,2170.9999999999304,592.03125,580.6333333333333,11397.916666666675,1
2172,2171.9999999999304,592.182292,580.6333333333333,11548.958666666636,1
2173,2172.9999999999304,592.36875,580.6333333333333,11735.416666666652,1
2174,2173.99999999993,592.5125,580.6333333333333,11879.166666666719,1
2175,2174.9999999999295,592.670834,580.6333333333333,12037.500666666689,1
2176,2175.9999999999295,592.860417,580.6333333333333,12227.083666666658,1
2177,2176.999999999929,593.01875,580.6333333333333,12385.416666666628,1
2178,2177.999999999929,593.175521,580.6333333333333,12542.187666666678,1
2179,2178.999999999929,593.372917,581.2333333333333,12139.58366666668,1
2180,2179.999999999928,593.529167,581.2333333333333,12295.83366666668,1
2181,2180.999999999928,593.675,581.2333333333333,12441.666666666606,1
2182,2181.9999999999277,593.8875,580.4666666666667,13420.833333333348,1
2183,2182.9999999999272,594.013542,580.6333333333333,13380.208666666704,1
2184,2183.9999999999272,594.185416,580.9,13285.416000000056,1
2185,2184.999999999927,594.395833,584.3333333333334,10062.499666666667,1
2186,2185.999999999927,594.508333,584.6,9908.33299999997,1
2187,2186.9999999999254,594.677083,584.6333333333333,10043.749666666714,1
2188,2187.999999999926,594.864583,586.7666666666667,8097.916333333387,1
2189,2188.999999999926,594.985417,587.0666666666667,7918.750333333264,1
2190,2189.999999999925,595.152084,587.9333333333333,7218.750666666665,1
2191,2190.999999999925,595.3625,588.0,7362.4999999999545,1
2192,2191.999999999925,595.490625,585.6666666666666,9823.958333333394,1
2193,2192.9999999999245,595.815625,587.7333333333333,8082.291666666606,1
2194,2193.999999999925,596.052604,587.9333333333333,8119.270666666694,1
2195,2194.9999999999245,596.289583,586.5666666666667,9722.916333333273,1
2196,2195.9999999999145,596.329166,586.5333333333333,9795.832666666684,1
2197,2196.999999999915,596.500781,585.7666666666667,10734.11433333331,1
2198,2197.9999999999145,596.672395,586.0333333333333,10639.061666666748,1
2199,2198.9999999999145,596.725,586.3,10425.00000000007,1
2200,2199.9999999999145,596.858333,586.5333333333333,10324.999666666714,1
2201,2200.9999999999145,596.991667,586.6333333333333,10358.33366666668,1
2202,2201.9999999999145,597.030208,586.8,10230.20800000006,1
2203,2202.9999999999145,597.13125,587.0666666666667,10064.583333333303,1
2204,2203.9999999999145,597.232291,587.3,9932.291000000077,1
2205,2204.9999999999145,597.333333,587.8,9533.333000000084,1
2206,2205.999999999915,597.55625,587.9333333333333,9622.916666666697,1
2207,2206.9999999999145,597.779166,588.3333333333334,9445.832666666662,1
2208,2207.9999999999145,598.002083,588.3333333333334,9668.7496666666,1
2209,2208.999999999915,598.262239,588.3333333333334,9928.905666666651,1
2210,2209.999999999915,598.522396,588.3333333333334,10189.062666666587,1
2211,2210.999999999915,598.782552,587.5,11282.55200000001,1
2212,2211.999999999915,599.0427080000002,587.1,11942.708000000152,1
2213,2212.999999999914,599.451042,587.1,12351.042000000007,1
2214,2213.999999999914,599.717708,587.4333333333333,12284.374666666736,1
2215,2214.999999999914,599.915625,587.6,12315.624999999955,1
2216,2215.999999999914,600.065625,587.9666666666667,12098.958333333258,1
2217,2216.999999999913,600.195833,588.2333333333333,11962.499666666645,1
2218,2217.9999999999127,600.4705730000002,587.4666666666667,13003.906333333474,1
2219,2218.999999999913,600.745312,587.5,13245.312000000013,1
2220,2219.999999999913,600.802083,587.4666666666667,13335.416333333342,1
2221,2220.9999999999127,600.997657,587.4666666666667,13530.990333333306,1
2222,2221.9999999999127,601.193229,593.0333333333333,8159.895666666671,1
2223,2222.999999999913,601.25,593.0666666666667,8183.33333333328,1
2224,2223.9999999999127,601.405469,593.0,8405.46900000004,1
2225,2224.9999999999127,601.560938,597.1,4460.937999999942,1
2226,2225.9999999999127,601.618229,593.8333333333334,7784.895666666671,1
2227,2226.9999999999127,601.7579860000002,593.9,7857.98600000021,1
2228,2227.9999999999127,601.897743,594.4666666666667,7431.076333333294,1
2229,2228.9999999999127,602.0375,594.4666666666667,7570.833333333326,1
2230,2229.999999999913,602.314236,594.4666666666667,7847.569333333354,1
2231,2230.999999999913,602.590972,595.9,6690.971999999988,1
2232,2231.999999999913,602.867708,598.0666666666667,4801.0413333332735,1
2233,2232.999999999913,603.183854,598.2666666666667,4917.187333333345,1
2234,2233.999999999914,603.5,598.5,5000.0,1
2235,2234.999999999913,603.816146,599.0,4816.146000000003,1
2236,2235.999999999913,604.132292,599.0,5132.292000000007,1
2237,2236.9999999999127,604.595834,599.0,5595.833999999968,1
2238,2237.9999999999127,604.909375,599.0,5909.3749999999545,1
2239,2238.999999999912,605.1375,599.0,6137.5000000000455,1
2240,2239.999999999912,605.3166669999998,599.4,5916.666999999848,1
2241,2240.999999999912,605.465625,599.4333333333333,6032.291666666765,1
2242,2241.9999999999063,605.630989,599.8666666666667,5764.322333333325,1
2243,2242.9999999999063,605.796354,600.1,5696.353999999928,1
2244,2243.9999999999063,605.9125,599.9,6012.5000000000455,1
2245,2244.9999999999063,606.039844,600.1333333333333,5906.510666666691,1
2246,2245.9999999999063,606.167187,600.1333333333333,6033.853666666687,1
2247,2246.9999999999063,606.263542,600.1333333333333,6130.208666666704,1
2248,2247.9999999999063,606.378125,600.1333333333333,6244.791666666629,1
2249,2248.9999999999063,606.492708,606.3666666666667,126.04133333331902,1
2250,2249.999999999906,606.598958,606.5,98.95800000003874,1
2251,2250.9999999999063,606.7122400000002,606.5,212.24000000017895,1
2252,2251.9999999999063,606.825521,606.5,325.52099999998063,1
2253,2252.999999999906,606.915104,606.7,215.10399999999663,1
2254,2253.9999999999063,607.024219,606.8333333333334,190.8856666666452,1
2255,2254.9999999999063,607.133333,607.0333333333333,99.99966666669025,1
2256,2255.999999999906,607.258333,607.3333333333334,75.00033333337797,1
2257,2256.9999999999063,607.4,607.2,199.9999999999318,1
2258,2257.999999999906,607.541667,607.2,341.6669999999158,1
2259,2258.999999999906,607.644791,607.5666666666667,78.12433333333502,1
2260,2259.999999999906,607.808073,607.8666666666667,58.593666666638455,1
2261,2260.999999999906,607.971354,608.1,128.64600000000337,1
2262,2261.999999999906,608.209375,608.1666666666666,42.708333333393966,1
2263,2262.9999999999063,608.377604,608.3666666666667,10.937333333345123,1
2264,2263.999999999906,608.545833,608.6333333333333,87.50033333330975,1
2265,2264.999999999906,608.996875,608.9,96.87500000006821,1
2266,2265.999999999906,609.201041,608.5,701.041000000032,1
2267,2266.999999999905,609.328125,608.6666666666666,661.4583333333712,1
2268,2267.9999999999045,609.478125,608.7333333333333,744.7916666666288,1
2269,2268.9999999999045,609.598438,609.1666666666666,431.7713333333586,1
2270,2269.9999999999036,609.727083,609.4333333333333,293.749666666713,1
2271,2270.9999999999036,609.867708,609.7,167.7079999999478,1
2272,2271.999999999903,610.040625,609.9333333333333,107.29166666669698,1
2273,2272.9999999999022,610.123437,610.0,123.43699999996716,1
2274,2273.9999999999027,610.275,610.1666666666666,108.33333333334849,1
2275,2274.9999999999022,610.423959,610.3333333333334,90.62566666659677,1
2276,2275.9999999999022,610.572917,610.3333333333334,239.58366666659003,1
2277,2276.9999999999022,610.9572919999998,610.7666666666667,190.62533333317333,1
2278,2277.9999999999022,611.139062,611.0,139.06199999996716,1
2279,2278.9999999999013,611.266666,611.3,33.333999999968,1
2280,2279.9999999999004,611.40677,610.9333333333333,473.4366666667711,1
2281,2280.9999999999004,611.525521,611.2,325.52099999998063,1
2282,2281.9999999999,611.6677080000002,611.2666666666667,401.04133333352365,1
2283,2282.999999999899,611.778646,611.2666666666667,511.9793333333291,1
2284,2283.9999999998986,611.926563,611.2666666666667,659.8963333333359,1
2285,2284.999999999898,612.0234379999998,611.2666666666667,756.7713333331767,1
2286,2285.999999999898,612.155209,611.2666666666667,888.542333333362,1
2287,2286.9999999998986,612.258333,611.2666666666667,991.6663333333418,1
2288,2287.999999999898,612.361458,611.2666666666667,1094.791333333319,1
2289,2288.999999999898,612.4645830000002,615.3666666666667,2902.083666666499,1
2290,2289.999999999898,612.5202370000002,615.5,2979.7629999998207,1
2291,2290.9999999998986,612.58683,615.5333333333333,2946.5033333333395,1
2292,2291.999999999898,612.654166,615.2333333333333,2579.1673333333165,1
2293,2292.999999999892,612.803646,615.2333333333333,2429.6873333333906,1
2294,2293.999999999892,612.942708,615.2333333333333,2290.6253333333098,1
2295,2294.9999999998927,613.0583330000002,615.2333333333333,2175.0003333331733,1
2296,2295.9999999998918,613.209375,615.2333333333333,2023.9583333333258,1
2297,2296.999999999892,613.302083,615.2333333333333,1931.2503333333098,1
2298,2297.999999999892,613.410938,615.2333333333333,1822.3953333333611,1
2299,2298.999999999892,613.485416,615.2333333333333,1747.917333333362,1
2300,2299.9999999998918,613.628125,615.2333333333333,1605.208333333394,1
2301,2300.9999999998918,613.740625,615.2333333333333,1492.7083333333258,1
2302,2301.9999999998913,613.885417,615.2333333333333,1347.9163333333872,1
2303,2302.9999999998913,613.961458,615.2333333333333,1271.8753333333552,1
2304,2303.9999999998913,614.057812,615.2333333333333,1175.5213333333359,1
2305,2304.9999999998913,614.145833,615.2333333333333,1087.5003333333098,1
2306,2305.9999999998913,614.3,615.2333333333333,933.333333333394,1
2307,2306.999999999891,614.4958330000002,615.2333333333333,737.5003333331733,1
2308,2307.999999999891,614.663542,615.2333333333333,569.7913333333418,1
2309,2308.999999999891,614.810417,615.2333333333333,422.916333333319,1
2310,2309.999999999891,614.9375,614.7,237.49999999995453,1
2311,2310.999999999891,615.057292,614.9333333333333,123.95866666668098,1
2312,2311.9999999998913,615.180208,615.2333333333333,53.12533333335523,1
2313,2312.9999999998913,615.293229,615.5,206.77100000000337,1
2314,2313.9999999998913,615.412153,615.7333333333333,321.18033333335916,1
2315,2314.9999999998913,615.531076,615.5,31.07599999998456,1
2316,2315.999999999891,615.65,615.5,149.99999999997726,1
2317,2316.999999999891,615.778472,615.5,278.4719999999652,1
2318,2317.999999999891,615.9069450000002,615.5333333333333,373.61166666687495,1
2319,2318.999999999891,616.0354169999998,615.7,335.41699999977936,1
2320,2319.9999999998913,616.186111,615.7,486.1109999999371,1
2321,2320.9999999998927,616.3368059999998,615.7,636.8059999997513,1
2322,2321.9999999998913,616.4875,616.1666666666666,320.83333333332575,1
2323,2322.9999999998913,616.653472,616.3333333333334,320.13866666659396,1
2324,2323.9999999998927,616.819445,616.4333333333333,386.11166666669305,1
2325,2324.9999999998913,616.985417,616.6,385.41699999996126,1
2326,2325.9999999998918,617.126389,616.8666666666667,259.72233333334316,1
2327,2326.9999999998913,617.267361,617.1,167.36100000002807,1
2328,2327.9999999998913,617.408334,617.3666666666667,41.667333333293755,1
2329,2328.999999999891,617.549306,617.3666666666667,182.63933333332716,1
2330,2329.9999999998913,617.690278,617.6333333333333,56.944666666709054,1
2331,2330.99999999989,617.83125,617.8666666666667,35.41666666671972,1
2332,2331.999999999891,617.927951,618.3666666666667,438.71566666666695,1
2333,2332.9999999998913,618.0246530000002,618.6666666666666,642.0136666664575,1
2334,2333.999999999891,618.121354,618.9,778.6459999999806,1
2335,2334.999999999891,618.2180549999998,618.9,681.9450000001552,1
2336,2335.9999999998913,618.314757,619.1666666666666,851.9096666666428,1
2337,2336.999999999891,618.411458,619.4,988.5419999999385,1
