beat_idx,gt_beat,gt_time_s,pred_time_s,err_ms,ok
0,0.0,1.0,0.0,1000.0,1
1,1.0000000000000002,1.18724,0.0,1187.24,1
2,2.0000000000000004,1.37448,0.0,1374.48,1
3,3.000000000000001,1.563021,0.0,1563.021,1
4,4.000000000000001,1.747135,1.6,147.13500000000002,1
5,5.000000000000001,1.93125,1.8333333333333333,97.91666666666666,1
6,6.000000000000001,2.157292,2.1,57.2919999999999,1
7,7.0,2.33507,2.1666666666666665,168.40333333333345,1
8,8.000000000000002,2.5128470000000003,2.1666666666666665,346.18033333333375,1
9,9.000000000000002,2.690625,2.3333333333333335,357.29166666666634,1
10,10.000000000000002,2.868403,2.6333333333333333,235.0696666666665,1
11,11.000000000000004,3.04618,2.9,146.1800000000002,1
12,12.000000000000004,3.223958,0.9,2323.958,1
13,13.000000000000004,3.425521,3.2666666666666666,158.85433333333322,1
14,14.000000000000002,3.627083,3.3333333333333335,293.74966666666637,1
15,15.000000000000002,3.828646,1.4,2428.646,1
16,16.000000000000004,4.01224,4.166666666666667,154.4266666666667,1
17,17.000000000000004,4.195833,0.26666666666666666,3929.1663333333336,1
18,18.000000000000004,4.379427,4.433333333333334,53.90633333333383,1
19,19.0,4.563021,4.7,136.97900000000018,1
20,20.0,4.746614,4.866666666666666,120.05266666666614,1
21,21.000000000000004,4.930208,4.966666666666667,36.45866666666642,1
22,22.000000000000004,5.096875,5.166666666666667,69.79166666666714,1
23,23.000000000000007,5.263542,5.233333333333333,30.208666666666772,1
24,24.000000000000018,5.50625,5.433333333333334,72.91666666666607,1
25,25.000000000000007,5.720052,5.666666666666667,53.38533333333295,1
26,26.000000000000007,5.933854,5.9,33.85399999999983,1
27,27.000000000000014,6.126563,6.066666666666666,59.89633333333355,1
28,28.00000000000001,6.321354,6.266666666666667,54.687333333333754,1
29,29.000000000000025,6.516146,6.3,216.14600000000019,1
30,30.000000000000018,6.722396000000002,6.633333333333334,89.06266666666784,1
31,31.000000000000018,6.948003999999999,6.9,48.003999999998825,1
32,32.00000000000002,7.173611,6.933333333333334,240.27766666666662,1
33,33.00000000000002,7.399219,7.066666666666666,332.552333333334,1
34,34.00000000000002,7.624827000000002,7.3,324.82700000000176,1
35,35.00000000000002,7.850434,7.533333333333333,317.1006666666667,1
36,36.00000000000002,8.076042,7.7,376.0419999999991,1
37,37.00000000000002,8.315625,8.2,115.62500000000142,1
38,38.00000000000002,8.555208,8.266666666666667,288.5413333333329,1
39,39.000000000000036,8.794791,8.833333333333334,38.5423333333339,1
40,40.00000000000002,8.987153,9.033333333333333,46.180333333333934,1
41,41.00000000000002,9.179514,9.2,20.486000000000004,1
42,42.00000000000002,9.371875,9.4,28.125000000001066,1
43,43.00000000000002,9.564236,9.6,35.76400000000035,1
44,44.00000000000003,9.756597,9.766666666666667,10.069666666668198,1
45,45.00000000000003,9.948958,9.9,48.95799999999895,1
46,46.00000000000002,10.109635,10.1,9.63500000000117,1
47,47.000000000000036,10.270312,10.233333333333333,36.97866666666805,1
48,48.000000000000036,10.509375,10.466666666666667,42.70833333333357,1
49,49.000000000000036,10.6625,10.7,37.499999999999645,1
50,50.000000000000036,10.815625,10.933333333333334,117.70833333333286,1
51,51.000000000000036,10.96875,11.2,231.2499999999993,1
52,52.000000000000036,11.122569,11.2,77.43099999999892,1
53,53.00000000000003,11.276389,11.4,123.61100000000036,1
54,54.000000000000036,11.430208,11.866666666666667,436.4586666666668,1
55,55.00000000000003,11.600521,12.1,499.47899999999913,1
56,56.00000000000002,11.770833,12.6,829.167,1
57,57.00000000000003,11.941145,12.733333333333333,792.1883333333319,1
58,58.00000000000003,12.198363,13.033333333333333,834.9703333333327,1
59,59.00000000000003,12.45558,13.266666666666667,811.0866666666681,1
60,60.00000000000003,12.712797,13.333333333333334,620.5363333333338,1
61,61.00000000000002,12.970015,13.4,429.9850000000003,1
62,62.00000000000003,13.227232,13.4,172.76799999999957,1
63,63.00000000000003,13.484449,13.4,84.44899999999933,1
64,64.00000000000003,13.741667,13.7,41.66700000000034,1
65,65.00000000000003,13.948073,13.933333333333334,14.739666666667262,1
66,66.00000000000003,14.154479,14.166666666666666,12.18766666666582,1
67,67.00000000000003,14.360885,14.4,39.11500000000068,1
68,68.00000000000003,14.567292000000002,14.666666666666666,99.37466666666417,1
69,69.00000000000003,14.773698,15.133333333333333,359.6353333333333,1
70,70.00000000000003,14.980104,15.133333333333333,153.2293333333321,1
71,71.00000000000003,15.18651,15.133333333333333,53.176666666667316,1
72,72.00000000000003,15.392917,15.133333333333333,259.5836666666678,1
73,73.00000000000003,15.599323000000002,15.133333333333333,465.989666666669,1
74,74.00000000000003,15.805729,15.133333333333333,672.3956666666666,1
75,75.00000000000004,15.977604,15.133333333333333,844.2706666666666,1
76,76.00000000000003,16.166667,14.1,2066.667000000001,1
77,77.00000000000003,16.355729999999998,14.4,1955.7299999999973,1
78,78.00000000000003,16.567188,14.666666666666666,1900.5213333333354,1
79,79.00000000000004,16.807551999999998,14.733333333333333,2074.2186666666653,1
80,80.00000000000003,17.047917,14.733333333333333,2314.583666666669,1
81,81.00000000000003,17.288281,14.733333333333333,2554.9476666666687,1
82,82.00000000000003,17.528646,14.733333333333333,2795.312666666666,1
83,83.00000000000004,17.76901,14.733333333333333,3035.676666666669,1
84,84.00000000000003,18.009375,16.866666666666667,1142.7083333333314,1
85,85.00000000000004,18.239062,16.9,1339.062000000002,1
86,86.00000000000004,18.46875,13.5,4968.75,1
87,87.00000000000006,18.698438,13.666666666666666,5031.771333333333,1
88,88.00000000000004,18.887292,13.9,4987.291999999999,1
89,89.00000000000004,19.076146,14.133333333333333,4942.8126666666685,1
90,90.00000000000004,19.265,14.366666666666667,4898.333333333333,1
91,91.00000000000004,19.453854,14.6,4853.854,1
92,92.00000000000006,19.642708,14.833333333333334,4809.374666666665,1
93,93.00000000000007,19.85625,14.966666666666667,4889.583333333332,1
94,94.00000000000006,20.022917,15.166666666666666,4856.250333333333,1
95,95.00000000000007,20.189583,15.4,4789.582999999999,1
96,96.0000000000001,20.4375,15.366666666666667,5070.833333333333,1
97,97.00000000000007,20.658854,16.066666666666666,4592.187333333335,1
98,98.00000000000009,20.880208,16.333333333333332,4546.8746666666675,1
99,99.00000000000009,21.064062,16.533333333333335,4530.728666666665,1
100,100.00000000000009,21.269531,16.7,4569.531000000002,1
101,101.00000000000013,21.475,16.8,4675.000000000001,1
102,102.00000000000009,21.676042,17.033333333333335,4642.708666666664,1
103,103.0000000000001,21.924306,16.7,5224.306000000002,1
104,104.0000000000001,22.17257,16.7,5472.570000000001,1
105,105.00000000000009,22.420834,16.9,5520.834000000001,1
106,106.00000000000009,22.669097,17.1,5569.097,1
107,107.00000000000009,22.917361,17.1,5817.360999999998,1
108,108.0000000000001,23.165625,17.566666666666666,5598.958333333332,1
109,109.0000000000001,23.417361,17.766666666666666,5650.694333333334,1
110,110.0000000000001,23.669097,18.1,5569.097,1
111,111.00000000000017,23.920833,18.366666666666667,5554.166333333331,1
112,112.0000000000001,24.104861,18.6,5504.860999999998,1
113,113.00000000000013,24.288889,18.7,5588.889000000002,1
114,114.00000000000013,24.472917,18.566666666666666,5906.2503333333325,1
115,115.0000000000001,24.656944,24.9,243.05599999999927,1
116,116.0000000000001,24.840972,25.066666666666666,225.6946666666657,1
117,117.0000000000001,25.025,25.0,24.99999999999858,1
118,118.00000000000013,25.188021,25.2,11.979000000000184,1
119,119.00000000000013,25.351042,25.466666666666665,115.62466666666538,1
120,120.00000000000013,25.60625,25.566666666666666,39.58333333333286,1
121,121.00000000000014,25.758333,25.766666666666666,8.333666666665351,1
122,122.00000000000013,25.910417,26.0,89.58300000000108,1
123,123.00000000000014,26.0625,26.3,237.5000000000007,1
124,124.00000000000014,26.211458,26.333333333333332,121.87533333333178,1
125,125.00000000000014,26.360417,26.733333333333334,372.91633333333255,1
126,126.0000000000002,26.509375,26.966666666666665,457.2916666666664,1
127,127.00000000000014,26.690972,27.033333333333335,342.3613333333364,1
128,128.00000000000014,26.87257,27.033333333333335,160.76333333333537,1
129,129.00000000000014,27.054167,27.066666666666666,12.499666666666798,1
130,130.00000000000014,27.315179,27.266666666666666,48.51233333333482,1
131,131.00000000000014,27.576191,27.533333333333335,42.85766666666646,1
132,132.00000000000014,27.837203,27.766666666666666,70.53633333333309,1
133,133.00000000000014,28.098214,28.0,98.21399999999869,1
134,134.00000000000014,28.359226,28.233333333333334,125.89266666666532,1
135,135.00000000000014,28.620238,28.5,120.23800000000051,1
136,136.0000000000002,28.88125,28.833333333333332,47.91666666666927,1
137,137.00000000000014,29.039844,29.066666666666666,26.82266666666777,1
138,138.00000000000014,29.198438,29.233333333333334,34.89533333333483,1
139,139.00000000000014,29.357031,29.533333333333335,176.30233333333578,1
140,140.00000000000014,29.515625,29.666666666666668,151.04166666666785,1
141,141.00000000000014,29.674219,30.1,425.78100000000063,1
142,142.00000000000014,29.832812,28.766666666666666,1066.1453333333347,1
143,143.00000000000014,29.991406,28.766666666666666,1224.7393333333357,1
144,144.00000000000014,30.15,28.966666666666665,1183.3333333333335,1
145,145.00000000000014,30.333854,30.333333333333332,0.5206666666666138,1
146,146.0000000000002,30.517709000000004,30.566666666666666,48.9576666666629,1
147,147.00000000000014,30.696875,30.733333333333334,36.4583333333357,1
148,148.00000000000014,30.886458,30.866666666666667,19.791333333333938,1
149,149.00000000000017,31.028125,31.1,71.87500000000213,1
150,150.0000000000002,31.207292,31.333333333333332,126.04133333333323,1
151,151.00000000000028,31.3875,31.733333333333334,345.83333333333496,1
152,152.00000000000026,31.565625,31.8,234.375,1
153,153.00000000000028,31.753125,31.8,46.875,1
154,154.00000000000028,31.953819,31.9,53.81900000000073,1
155,155.00000000000028,32.154514,31.9,254.51400000000035,1
156,156.00000000000034,32.355208000000005,31.9,455.20800000000605,1
157,157.00000000000028,32.555208,31.9,655.2080000000018,1
158,158.00000000000034,32.708333,31.9,808.3330000000046,1
159,159.00000000000034,32.866146,33.0,133.85399999999947,1
160,160.00000000000034,33.04375,33.233333333333334,189.58333333333144,1
161,161.00000000000034,33.2125,33.43333333333333,220.83333333333144,1
162,162.00000000000034,33.360417,33.43333333333333,72.9163333333318,1
163,163.00000000000034,33.525,33.53333333333333,8.33333333333286,1
164,164.00000000000034,33.698958000000005,33.7,1.041999999998211,1
165,165.00000000000028,33.918229,33.833333333333336,84.89566666666093,1
166,166.0000000000003,34.159375,34.06666666666667,92.70833333332718,1
167,167.00000000000034,34.396875,34.333333333333336,63.54166666666572,1
168,168.00000000000028,34.741667,34.56666666666667,175.00033333332965,1
169,169.00000000000028,34.944531,34.9,44.53099999999921,1
170,170.00000000000028,35.147396,35.1,47.395999999999106,1
171,171.0000000000003,35.313021,35.266666666666666,46.354333333333386,1
172,172.00000000000037,35.507292,35.46666666666667,40.62533333333107,1
173,173.00000000000028,35.630208,35.7,69.79199999999963,1
174,174.00000000000028,35.804167,35.93333333333333,129.16633333333039,1
175,175.00000000000026,35.996875,35.93333333333333,63.541666666672825,1
176,176.00000000000026,36.176042,35.93333333333333,242.70866666667246,1
177,177.00000000000028,36.358333,36.8,441.66699999999537,1
178,178.0000000000002,36.528819,36.6,71.18100000000283,1
179,179.00000000000017,36.699306,36.833333333333336,134.02733333333572,1
180,180.0000000000002,36.869792,37.03333333333333,163.54133333333465,1
181,181.0000000000002,37.07395800000001,37.06666666666667,7.291333333341754,1
182,182.00000000000026,37.24583300000001,37.233333333333334,12.499666666677456,1
183,183.00000000000017,37.391667,37.4,8.333000000000368,1
184,184.00000000000014,37.559375,37.6,40.62499999999858,1
185,185.00000000000014,37.734375,37.766666666666666,32.29166666666572,1
186,186.00000000000017,37.926041,37.93333333333333,7.292333333332124,1
187,187.0000000000002,38.127083,38.13333333333333,6.250333333333913,1
188,188.00000000000014,38.330208,38.3,30.20800000000179,1
189,189.0000000000001,38.56875,38.46666666666667,102.08333333333286,1
190,190.0000000000001,38.817708,38.7,117.70800000000037,1
191,191.0000000000001,39.06875,39.0,68.75000000000142,1
192,192.00000000000017,39.583333,39.233333333333334,349.99966666666893,1
193,193.00000000000017,39.955208,39.53333333333333,421.8746666666675,1
194,194.00000000000017,40.15625,39.733333333333334,422.9166666666657,1
195,195.00000000000017,40.378125,40.0,378.12499999999716,1
196,196.00000000000017,40.592709,40.166666666666664,426.04233333333497,1
197,197.00000000000017,40.813542,40.766666666666666,46.87533333333249,1
198,198.0000000000002,41.045833,41.0,45.83300000000179,1
199,199.0000000000002,41.2625,41.3,37.499999999994316,1
200,200.00000000000017,41.44375,41.4,43.75000000000284,1
201,201.00000000000017,41.801042,41.56666666666667,234.3753333333325,1
202,202.00000000000014,42.145833,42.03333333333333,112.49966666667177,1
203,203.00000000000017,42.319792,42.333333333333336,13.54133333333607,1
204,204.00000000000017,42.532291,42.53333333333333,1.0423333333307028,1
205,205.00000000000017,42.758333,42.733333333333334,24.999666666666087,1
206,206.00000000000017,42.952084,42.93333333333333,18.750666666669247,1
207,207.00000000000017,43.16875,43.13333333333333,35.41666666666998,1
208,208.00000000000017,43.397396,43.36666666666667,30.729333333333386,1
209,209.00000000000017,43.584375,43.53333333333333,51.04166666666998,1
210,210.00000000000017,43.802604,43.766666666666666,35.937333333336596,1
211,211.00000000000017,43.94895800000001,44.0,51.04199999998826,1
212,212.00000000000017,44.158333,44.233333333333334,75.00033333333533,1
213,213.0000000000002,44.392708,44.43333333333333,40.62533333333107,1
214,214.00000000000017,44.583333,44.7,116.66699999999963,1
215,215.0000000000002,44.729167,44.93333333333333,204.16633333333323,1
216,216.0000000000002,44.935938,44.93333333333333,2.6046666666701412,1
217,217.0000000000002,45.223958,45.233333333333334,9.37533333333107,1
218,218.0000000000002,45.441667,45.6,158.33299999999895,1
219,219.0000000000002,45.805208,45.8,5.20800000000321,1
220,220.0000000000002,45.831771,46.0,168.22899999999663,1
221,221.00000000000028,46.052605,46.233333333333334,180.7283333333345,1
222,222.0000000000003,46.38645800000001,46.4,13.541999999986842,1
223,223.0000000000003,46.609375,46.666666666666664,57.2916666666643,1
224,224.0000000000003,46.798958,46.96666666666667,167.70866666666961,1
225,225.0000000000003,47.122917,47.03333333333333,89.58366666666961,1
226,226.0000000000003,47.407292,47.3,107.29200000000105,1
227,227.0000000000003,47.579688,47.6,20.312000000004105,1
228,228.0000000000003,47.752084,47.833333333333336,81.24933333333217,1
229,229.0000000000003,47.996875,47.93333333333333,63.541666666672825,1
230,230.0000000000003,48.192709,48.13333333333333,59.375666666667826,1
231,231.0000000000003,48.413021,48.36666666666667,46.354333333333386,1
232,232.0000000000003,48.632292,48.6,32.29199999999821,1
233,233.00000000000034,48.794792,48.8,5.207999999996105,1
234,234.00000000000037,49.051042,49.0,51.042000000002474,1
235,235.00000000000037,49.228125,49.166666666666664,61.45833333333428,1
236,236.00000000000037,49.414583,49.4,14.583000000001789,1
237,237.00000000000037,49.618229,49.6,18.228999999998052,1
238,238.00000000000037,49.848958,49.9,51.04199999999537,1
239,239.00000000000037,50.064584,50.2,135.41599999999931,1
240,240.00000000000037,50.464584,50.233333333333334,231.25066666666783,1
241,241.00000000000037,50.87083300000001,50.53333333333333,337.4996666666803,1
242,242.0000000000003,51.054167,50.733333333333334,320.83366666666535,1
243,243.0000000000003,51.290625,50.93333333333333,357.29166666666856,1
244,244.00000000000034,51.566146,51.233333333333334,332.8126666666691,1
245,245.0000000000003,51.828125,51.5,328.125,1
246,246.00000000000034,52.180208,52.0,180.20800000000037,1
247,247.00000000000037,52.390625,52.3,90.62500000000284,1
248,248.00000000000037,52.607292,52.56666666666667,40.62533333333107,1
249,249.00000000000037,52.833333,52.8,33.33300000000605,1
250,250.0000000000004,53.028125,53.03333333333333,5.208333333328596,1
251,251.00000000000037,53.27291700000001,53.266666666666666,6.250333333341018,1
252,252.0000000000004,53.497396,53.6,102.60399999999947,1
253,253.00000000000037,53.697917,53.8,102.08300000000037,1
254,254.0000000000004,53.889063,54.03333333333333,144.27033333333128,1
255,255.00000000000037,54.088542,54.266666666666666,178.12466666666893,1
256,256.0000000000004,54.293229,54.5,206.77100000000337,1
257,257.00000000000034,54.49375,54.7,206.25000000000426,1
258,258.00000000000045,54.750521,54.7,50.52099999999626,1
259,259.0000000000004,54.99270799999999,54.93333333333333,59.374666666663245,1
260,260.0000000000004,55.171875,55.2,28.125000000002842,1
261,261.00000000000045,55.3875,55.233333333333334,154.16666666666856,1
262,262.0000000000004,55.630208,55.6,30.20800000000179,1
263,263.00000000000045,55.909375,55.833333333333336,76.04166666666146,1
264,264.00000000000045,56.325,56.166666666666664,158.33333333333854,1
265,265.0000000000004,56.64375,56.5,143.74999999999716,1
266,266.0000000000004,56.845833,56.8,45.83300000000179,1
267,267.00000000000045,57.152604,57.03333333333333,119.27066666666519,1
268,268.00000000000045,57.463542,57.3,163.54199999999963,1
269,269.00000000000045,57.661979,57.6,61.979000000000894,1
270,270.00000000000045,57.951042,57.833333333333336,117.70866666666535,1
271,271.0000000000004,58.21875,58.1,118.74999999999858,1
272,272.0000000000004,58.41458299999999,58.4,14.582999999994684,1
273,273.00000000000045,58.64791700000001,58.6,47.91700000000532,1
274,274.0000000000004,58.88177099999999,58.8,81.77099999999626,1
275,275.0000000000005,59.084375,59.03333333333333,51.04166666666998,1
276,276.0000000000005,59.323437,59.3,23.437000000001262,1
277,277.0000000000005,59.590105,59.5,90.10500000000121,1
278,278.0000000000005,59.776562,59.733333333333334,43.22866666666414,1
279,279.0000000000005,60.05573,59.96666666666667,89.06333333332839,1
280,280.0000000000005,60.24948000000001,60.166666666666664,82.81333333334828,1
281,281.0000000000005,60.428125,60.43333333333333,5.208333333328596,1
282,282.0000000000005,60.718229,60.63333333333333,84.89566666666803,1
283,283.0000000000005,60.971875,60.9,71.87499999999858,1
284,284.0000000000005,61.24166700000001,61.166666666666664,75.00033333334244,1
285,285.0000000000005,61.417708,61.36666666666667,51.041333333330385,1
286,286.0000000000004,61.723958,61.63333333333333,90.62466666667035,1
287,287.0000000000005,62.019792,61.86666666666667,153.12533333333533,1
288,288.0000000000004,62.4,62.2,199.99999999999574,1
289,289.0000000000005,62.675,62.46666666666667,208.3333333333286,1
290,290.0000000000005,62.8875,62.8,87.50000000000568,1
291,291.0000000000005,63.119792,63.06666666666667,53.12533333332681,1
292,292.0000000000005,63.377083,63.333333333333336,43.749666666663245,1
293,293.00000000000057,63.608333,63.56666666666667,41.666333333331806,1
294,294.0000000000005,63.921875,63.8,121.87500000000284,1
295,295.00000000000057,64.086458,64.03333333333333,53.124666666661824,1
296,296.0000000000005,64.271875,64.26666666666667,5.208333333328596,1
297,297.00000000000057,64.514583,64.46666666666667,47.91633333333323,1
298,298.0000000000005,64.71875,64.66666666666667,52.083333333328596,1
299,299.00000000000057,64.946875,64.83333333333333,113.54166666667709,1
300,300.0000000000005,65.196354,65.13333333333334,63.02066666665951,1
301,301.00000000000057,65.373958,65.36666666666666,7.291333333341754,1
302,302.0000000000005,65.6,65.56666666666666,33.33333333333144,1
303,303.00000000000057,65.854167,65.76666666666667,87.50033333333818,1
304,304.00000000000057,66.040625,66.03333333333333,7.291666666674246,1
305,305.0000000000006,66.216667,66.2,16.66699999999821,1
306,306.00000000000057,66.51875,66.4,118.74999999999147,1
307,307.0000000000006,66.73125,66.66666666666667,64.58333333333144,1
308,308.0000000000006,66.928125,66.93333333333334,5.208333333342807,1
309,309.0000000000006,67.171875,67.13333333333334,38.541666666660035,1
310,310.0000000000006,67.391667,67.36666666666666,25.000333333338176,1
311,311.0000000000006,67.65625,67.56666666666666,89.58333333333712,1
312,312.0000000000006,68.040104,67.93333333333334,106.77066666666235,1
313,313.0000000000006,68.291667,68.16666666666667,125.00033333333249,1
314,314.0000000000006,68.49583299999999,68.43333333333334,62.4996666666533,1
315,315.0000000000006,68.804688,68.66666666666667,138.02133333332733,1
316,316.0000000000006,69.065105,68.96666666666667,98.43833333333407,1
317,317.0000000000006,69.265625,69.23333333333333,32.29166666666572,1
318,318.0000000000007,69.544271,69.46666666666667,77.60433333332628,1
319,319.0000000000007,69.757292,69.7,57.292000000003895,1
320,320.0000000000007,69.951042,69.96666666666667,15.624666666667508,1
321,321.0000000000007,70.195833,70.13333333333334,62.4996666666533,1
322,322.0000000000007,70.4125,70.33333333333333,79.16666666666572,1
323,323.0000000000007,70.603125,70.56666666666666,36.45833333334281,1
324,324.0000000000007,70.903646,70.83333333333333,70.31266666666625,1
325,325.00000000000057,71.110417,71.06666666666666,43.750333333335334,1
326,326.0000000000006,71.295833,71.26666666666667,29.16633333333607,1
327,327.0000000000007,71.627605,71.46666666666667,160.93833333333407,1
328,328.0000000000007,71.858333,71.73333333333333,124.99966666666751,1
329,329.0000000000007,72.023958,72.03333333333333,9.375333333338176,1
330,330.0000000000007,72.213542,72.26666666666667,53.124666666661824,1
331,331.0000000000006,72.397917,72.5,102.08299999999326,1
332,332.0000000000007,72.58125,72.76666666666667,185.41666666666856,1
333,333.0000000000007,72.82395799999998,72.8,23.95799999997905,1
334,334.00000000000074,73.009375,73.0,9.375000000005684,1
335,335.00000000000074,73.16198,73.2,38.02000000000305,1
336,336.0000000000008,73.336458,73.46666666666667,130.2086666666753,1
337,337.0000000000008,73.536458,73.63333333333334,96.87533333334386,1
338,338.0000000000008,73.73073000000002,73.86666666666666,135.9366666666375,1
339,339.0000000000008,74.044271,74.1,55.72899999999947,1
340,340.00000000000085,74.28125,74.36666666666666,85.41666666666003,1
341,341.0000000000008,74.4625,74.43333333333334,29.16666666666856,1
342,342.00000000000085,74.671875,74.66666666666667,5.208333333328596,1
343,343.00000000000085,74.903125,74.9,3.124999999997158,1
344,344.0000000000009,75.067187,75.06666666666666,0.5203333333412274,1
345,345.0000000000009,75.306771,75.33333333333333,26.562333333330912,1
346,346.0000000000009,75.526042,75.63333333333334,107.29133333333607,1
347,347.0000000000009,75.692708,75.66666666666667,26.0413333333247,1
348,348.00000000000097,76.009896,75.9,109.895999999992,1
349,349.0000000000009,76.20859399999998,76.16666666666667,41.92733333330523,1
350,350.00000000000097,76.407292,76.43333333333334,26.041333333338912,1
351,351.000000000001,76.608334,76.66666666666667,58.33266666667214,1
352,352.000000000001,76.78125,76.9,118.75000000000568,1
353,353.000000000001,76.989583,77.03333333333333,43.750333333335334,1
354,354.0000000000011,77.208333,77.16666666666667,41.6663333333247,1
355,355.0000000000011,77.423438,77.36666666666666,56.77133333334439,1
356,356.0000000000011,77.638542,77.66666666666667,28.12466666667035,1
357,357.0000000000011,77.845833,77.8,45.83300000000179,1
358,358.00000000000114,78.03489499999998,78.03333333333333,1.5616666666460333,1
359,359.00000000000125,78.223958,78.16666666666667,57.2913333333247,1
360,360.00000000000125,78.414583,78.43333333333334,18.75033333334386,1
361,361.00000000000125,78.615625,78.66666666666667,51.04166666667709,1
362,362.00000000000114,78.81666700000002,78.86666666666666,49.999666666636244,1
363,363.0000000000013,78.998959,79.03333333333333,34.374333333332174,1
364,364.0000000000013,79.166667,79.2,33.33299999999895,1
365,365.0000000000013,79.377083,79.36666666666666,10.416333333338912,1
366,366.0000000000014,79.604167,79.56666666666666,37.50033333334102,1
367,367.0000000000014,79.817361,79.8,17.361000000008175,1
368,368.0000000000015,80.030556,80.06666666666666,36.11066666665863,1
369,369.0000000000014,80.24375,80.16666666666667,77.08333333333428,1
370,370.0000000000013,80.423958,80.4,23.957999999993262,1
371,371.00000000000165,80.64479200000002,80.56666666666666,78.12533333336091,1
372,372.00000000000153,80.852083,80.86666666666666,14.583666666666772,1
373,373.00000000000153,81.072916,81.06666666666666,6.249333333343543,1
374,374.0000000000016,81.29375,78.86666666666666,2427.083333333343,1
375,375.0000000000017,81.497396,81.5,2.6040000000051577,1
376,376.0000000000015,81.663542,81.7,36.457999999996105,1
377,377.00000000000176,81.86354200000002,81.93333333333334,69.79133333331333,1
378,378.0000000000017,82.047917,82.2,152.08300000000463,1
379,379.0000000000018,82.219792,82.46666666666667,246.87466666667035,1
380,380.00000000000176,82.422917,82.73333333333333,310.41633333333607,1
381,381.0000000000019,82.575,82.93333333333334,358.3333333333343,1
382,382.0000000000019,82.771875,83.16666666666667,394.7916666666771,1
383,383.000000000002,82.973958,83.26666666666667,292.7086666666696,1
384,384.0000000000019,83.20364599999998,83.56666666666666,363.0206666666851,1
385,385.0000000000019,83.43802099999998,83.53333333333333,95.31233333335365,1
386,386.0000000000019,83.67239599999998,83.76666666666667,94.27066666668793,1
387,387.000000000002,83.90677099999998,84.33333333333333,426.5623333333508,1
388,388.0000000000019,84.193655,84.4,206.3449999999989,1
389,389.000000000002,84.48054,84.4,80.53999999999917,1
390,390.0000000000019,84.767424,84.4,367.42399999999975,1
391,391.000000000002,85.054309,84.4,654.3089999999978,1
392,392.0000000000019,85.341193,84.4,941.1929999999984,1
393,393.0000000000019,85.628078,84.4,1228.0779999999963,1
394,394.0000000000019,85.914962,84.4,1514.961999999997,1
395,395.0000000000018,86.201847,84.4,1801.8469999999952,1
396,396.0000000000019,86.488731,84.4,2088.7309999999957,1
397,397.00000000000193,86.775616,84.4,2375.6159999999936,1
398,398.000000000002,87.0625,84.4,2662.4999999999945,1
399,399.0000000000018,87.233334,85.9,1333.3339999999935,1
400,400.000000000002,87.440365,86.1,1340.3650000000057,1
401,401.0000000000018,87.647396,87.43333333333334,214.0626666666634,1
402,402.00000000000205,87.84323,87.76666666666667,76.56333333333976,1
403,403.00000000000205,88.081163,87.96666666666667,114.49633333333509,1
404,404.000000000002,88.319097,87.96666666666667,352.43033333333074,1
405,405.00000000000205,88.55703100000002,88.13333333333334,423.6976666666834,1
406,406.000000000002,88.794965,88.36666666666666,428.2983333333448,1
407,407.0000000000019,89.032899,88.6,432.89900000000614,1
408,408.0000000000021,89.270833,88.83333333333333,437.4996666666675,1
409,409.00000000000205,89.507118,89.36666666666666,140.45133333334547,1
410,410.000000000002,89.743403,89.6,143.4030000000064,1
411,411.00000000000205,89.979687,89.73333333333333,246.35366666666414,1
412,412.000000000002,90.163542,90.16666666666667,3.124666666664666,1
413,413.0000000000019,90.347396,90.46666666666667,119.27066666666519,1
414,414.00000000000216,90.53125,90.73333333333333,202.08333333333428,1
415,415.00000000000205,90.715104,91.0,284.89600000000337,1
416,416.000000000002,90.898958,91.2,301.0420000000096,1
417,417.00000000000205,91.082813,91.33333333333333,250.52033333332702,1
418,418.000000000002,91.245573,91.53333333333333,287.7603333333383,1
419,419.00000000000205,91.408333,91.7,291.6670000000039,1
420,420.00000000000205,91.6625,91.6,62.5,1
421,421.0000000000021,91.888021,91.83333333333333,54.687666666666246,1
422,422.00000000000216,92.113542,92.16666666666667,53.124666666676035,1
423,423.0000000000021,92.318229,92.26666666666667,51.562333333336596,1
424,424.0000000000021,92.527083,92.46666666666667,60.41633333333607,1
425,425.00000000000216,92.735938,92.53333333333333,202.60466666667298,1
426,426.00000000000233,92.948958,92.9,48.95799999999895,1
427,427.00000000000216,93.183854,93.13333333333334,50.520666666656666,1
428,428.00000000000233,93.41875,93.13333333333334,285.4166666666629,1
429,429.00000000000216,93.653645,93.26666666666667,386.97833333333165,1
430,430.0000000000021,93.888541,93.5,388.5410000000036,1
431,431.00000000000216,94.123437,93.7,423.43699999999274,1
432,432.00000000000233,94.358333,93.83333333333333,524.9996666666732,1
433,433.00000000000216,94.590625,94.06666666666666,523.95833333334,1
434,434.00000000000233,94.822916,94.76666666666667,56.2493333333407,1
435,435.00000000000216,95.055208,94.83333333333333,221.87466666666467,1
436,436.00000000000216,95.256423,95.26666666666667,10.24366666666765,1
437,437.00000000000216,95.457639,95.5,42.36099999999965,1
438,438.00000000000205,95.658854,95.7,41.145999999997684,1
439,439.00000000000216,95.860069,95.83333333333333,26.735666666667157,1
440,440.0000000000022,96.061285,96.0,61.284999999998035,1
441,441.00000000000233,96.2625,96.23333333333333,29.16666666666856,1
442,442.0000000000022,96.567361,96.56666666666666,0.6943333333424562,1
443,443.0000000000022,96.872222,96.83333333333333,38.88866666666502,1
444,444.0000000000021,97.177083,97.1,77.08300000000179,1
445,445.0000000000022,97.323611,97.33333333333333,9.722333333328947,1
446,446.00000000000233,97.470139,97.56666666666666,96.52766666665968,1
447,447.00000000000233,97.616667,97.8,183.33299999999042,1
448,448.00000000000233,97.770834,98.0,229.16600000000642,1
449,449.0000000000022,97.925,98.0,75.00000000000284,1
450,450.0000000000021,98.079167,98.03333333333333,45.83366666666677,1
451,451.0000000000022,98.25816,98.26666666666667,8.506666666662,1
452,452.0000000000022,98.437153,98.53333333333333,96.18033333333642,1
453,453.0000000000025,98.616146,99.3,683.8539999999966,1
454,454.00000000000233,98.838839,99.66666666666667,827.8276666666784,1
455,455.0000000000022,99.061533,99.23333333333333,171.8003333333371,1
456,456.00000000000233,99.284226,99.43333333333334,149.10733333333326,1
457,457.0000000000022,99.50692,99.6,93.0800000000005,1
458,458.00000000000233,99.729613,99.8,70.38699999999665,1
459,459.0000000000022,99.952307,99.9,52.30699999999899,1
460,460.00000000000233,100.175,100.16666666666667,8.333333333325754,1
461,461.0000000000022,100.39651,100.36666666666666,29.843333333346322,1
462,462.00000000000233,100.618021,100.63333333333334,15.312333333341144,1
463,463.0000000000022,100.839531,100.83333333333333,6.197666666665214,1
464,464.00000000000233,101.061042,101.06666666666666,5.624666666662392,1
465,465.00000000000233,101.282552,101.06666666666666,215.8853333333326,1
466,466.00000000000233,101.504062,101.06666666666666,437.3953333333418,1
467,467.0000000000022,101.725573,101.06666666666666,658.9063333333343,1
468,468.00000000000233,101.947083,101.06666666666666,880.4163333333435,1
469,469.0000000000022,102.168594,101.06666666666666,1101.9273333333358,1
470,470.00000000000233,102.390104,101.06666666666666,1323.437333333331,1
471,471.0000000000024,102.573959,101.06666666666666,1507.2923333333392,1
472,472.0000000000024,102.778125,100.66666666666667,2111.458333333331,1
473,473.00000000000233,102.982292,102.93333333333334,48.95866666666393,1
474,474.0000000000024,103.20573,103.13333333333334,72.39666666666267,1
475,475.0000000000024,103.437761,103.26666666666667,171.09433333332902,1
476,476.0000000000024,103.669792,103.26666666666667,403.12533333333533,1
477,477.00000000000244,103.901823,103.26666666666667,635.1563333333274,1
478,478.0000000000024,104.133854,103.26666666666667,867.1873333333338,1
479,479.0000000000024,104.365886,103.26666666666667,1099.2193333333375,1
480,480.0000000000024,104.597917,103.26666666666667,1331.2503333333298,1
481,481.00000000000233,104.828473,103.73333333333333,1095.1396666666683,1
482,482.0000000000024,105.059028,104.03333333333333,1025.6946666666663,1
483,483.00000000000244,105.289584,104.13333333333334,1156.250666666665,1
484,484.0000000000024,105.485625,104.36666666666666,1118.958333333339,1
485,485.00000000000244,105.681667,105.7,18.33299999999838,1
486,486.00000000000244,105.877709,105.96666666666667,88.95766666667271,1
487,487.0000000000024,106.07375,106.13333333333334,59.583333333335986,1
488,488.00000000000244,106.269792,106.4,130.20800000001032,1
489,489.0000000000025,106.516667,106.7,183.33300000000463,1
490,490.00000000000244,106.679427,106.93333333333334,253.90633333333312,1
491,491.0000000000025,106.842187,107.13333333333334,291.1463333333444,1
492,492.0000000000025,107.1,107.03333333333333,66.66666666666288,1
493,493.00000000000256,107.321094,107.3,21.094000000005053,1
494,494.0000000000025,107.542187,107.6,57.812999999995895,1
495,495.00000000000256,107.726041,107.66666666666667,59.37433333332365,1
496,496.0000000000027,107.928385,107.86666666666666,61.718333333345754,1
497,497.00000000000256,108.130729,107.96666666666667,164.06233333333375,1
498,498.00000000000256,108.356771,108.26666666666667,90.10433333332912,1
499,499.0000000000027,108.581163,108.5,81.16300000000365,1
500,500.0000000000026,108.805556,108.7,105.55599999999288,1
501,501.00000000000256,109.029948,108.76666666666667,263.2813333333388,1
502,502.0000000000027,109.25433999999998,108.76666666666667,487.6733333333192,1
503,503.0000000000026,109.478733,108.93333333333334,545.3996666666683,1
504,504.00000000000256,109.703125,109.1,603.1250000000057,1
505,505.0000000000026,109.952083,109.83333333333333,118.74966666667319,1
506,506.0000000000026,110.201042,110.03333333333333,167.70866666666961,1
507,507.00000000000273,110.45,110.36666666666666,83.33333333334281,1
508,508.0000000000027,110.637847,110.63333333333334,4.5136666666536485,1
509,509.0000000000027,110.825694,110.86666666666666,40.97266666666144,1
510,510.0000000000026,111.013542,111.1,86.45799999999326,1
511,511.0000000000027,111.201389,111.3,98.61099999999112,1
512,512.0000000000026,111.389236,111.56666666666666,177.43066666666607,1
513,513.0000000000026,111.577083,111.53333333333333,43.74966666667035,1
514,514.0000000000026,111.832812,111.76666666666667,66.14533333333839,1
515,515.0000000000026,112.088542,112.0,88.5420000000039,1
516,516.0000000000026,112.344271,112.26666666666667,77.60433333334049,1
517,517.0000000000026,112.485764,112.53333333333333,47.569333333328245,1
518,518.0000000000026,112.627257,112.76666666666667,139.40966666666554,1
519,519.0000000000026,112.76875,113.23333333333333,464.5833333333371,1
520,520.0000000000026,112.916319,113.23333333333333,317.01433333333284,1
521,521.0000000000026,113.063889,113.5,436.1109999999968,1
522,522.0000000000026,113.211458,113.73333333333333,521.875333333341,1
523,523.0000000000026,113.405382,113.73333333333333,327.95133333333126,1
524,524.0000000000025,113.599305,113.73333333333333,134.0283333333332,1
525,525.0000000000026,113.793229,113.8,6.771000000000527,1
526,526.0000000000025,114.032118,114.0,32.11799999999698,1
527,527.0000000000026,114.271007,114.2,71.00699999999449,1
528,528.0000000000026,114.509896,114.46666666666667,43.22933333332912,1
529,529.0000000000026,114.748785,114.7,48.78499999999519,1
530,530.0000000000026,114.987674,114.93333333333334,54.340666666661264,1
531,531.0000000000025,115.22656299999998,115.2,26.562999999981685,1
532,532.0000000000025,115.714583,115.43333333333334,281.2496666666675,1
533,533.0000000000026,116.202604,115.63333333333334,569.2706666666538,1
534,534.0000000000026,116.690625,115.73333333333333,957.2916666666629,1
535,534.9979166666692,116.800868,116.0,800.8679999999941,1
536,535.9979166666691,116.911111,116.23333333333333,677.777666666671,1
537,537.0000000000024,117.021354,116.5,521.3540000000023,1
538,537.9979166666689,117.131597,116.73333333333333,398.263666666665,1
539,538.9979166666687,117.24184,116.96666666666667,275.1733333333277,1
540,540.000000000002,117.352083,117.23333333333333,118.74966666665898,1
541,541.0000000000019,117.56224,117.46666666666667,95.57333333333418,1
542,542.000000000002,117.772396,117.73333333333333,39.062666666666246,1
543,543.0000000000019,117.949479,117.96666666666667,17.18766666667193,1
544,544.000000000002,118.158333,118.2,41.667000000003895,1
545,545.000000000002,118.2625,118.33333333333333,70.83333333332575,1
546,546.000000000002,118.454167,118.56666666666666,112.49966666666467,1
547,547.000000000002,118.640625,118.76666666666667,126.04166666666572,1
548,548.0000000000022,118.809375,118.86666666666666,57.29166666665719,1
549,549.0000000000022,118.992708,119.23333333333333,240.62533333334102,1
550,550.0000000000022,119.193055,119.33333333333333,140.2783333333275,1
551,551.0000000000022,119.393403,119.33333333333333,60.06966666667779,1
552,552.0000000000022,119.59375,119.33333333333333,260.4166666666714,1
553,553.0000000000023,119.838542,119.33333333333333,505.2086666666753,1
554,554.0000000000023,120.007292,119.33333333333333,673.9586666666781,1
555,555.0000000000023,120.17968799999998,120.16666666666667,13.021333333313123,1
556,556.0000000000023,120.367708,120.5,132.29200000000674,1
557,557.0000000000023,120.546875,120.63333333333334,86.45833333333997,1
558,558.0000000000023,120.7,120.7,0.0,1
559,559.0000000000023,120.876042,120.83333333333333,42.708666666669615,1
560,560.0000000000024,121.065625,121.03333333333333,32.29166666666572,1
561,561.0000000000025,121.307812,121.23333333333333,74.47866666666414,1
562,562.0000000000024,121.551042,121.46666666666667,84.37533333332681,1
563,563.0000000000025,121.773958,121.7,73.95799999999042,1
564,564.0000000000025,122.144792,121.93333333333334,211.45866666665825,1
565,565.0000000000025,122.390885,122.36666666666666,24.218333333337227,1
566,566.0000000000025,122.636979,122.6,36.979000000002316,1
567,567.0000000000025,122.8375,122.8,37.50000000000853,1
568,568.0000000000025,123.040625,123.0,40.625000000005684,1
569,569.0000000000025,123.16875,123.1,68.75000000000853,1
570,570.0000000000025,123.363542,123.56666666666666,203.1246666666675,1
571,571.0000000000026,123.526042,123.6,73.95799999999042,1
572,572.0000000000025,123.70625,124.0,293.75000000000284,1
573,573.0000000000026,123.886458,123.93333333333334,46.87533333333249,1
574,574.0000000000028,124.060243,123.93333333333334,126.9096666666627,1
575,575.0000000000028,124.234028,123.93333333333334,300.6946666666579,1
576,576.0000000000028,124.407813,123.93333333333334,474.4796666666673,1
577,577.0000000000028,124.601042,123.93333333333334,667.7086666666696,1
578,578.0000000000028,124.759375,123.93333333333334,826.0416666666686,1
579,579.000000000003,124.90677,123.93333333333334,973.4366666666574,1
580,580.0000000000028,125.080208,125.1,19.79199999999537,1
581,581.000000000003,125.263542,125.33333333333333,69.79133333332754,1
582,582.000000000003,125.473438,125.6,126.56199999999274,1
583,583.000000000003,125.673958,125.66666666666667,7.291333333327543,1
584,584.000000000003,125.873958,125.83333333333333,40.62466666667319,1
585,585.0000000000031,126.091667,126.06666666666666,25.000333333338176,1
586,586.0000000000031,126.366667,126.26666666666667,100.00033333334102,1
587,587.0000000000031,126.614583,126.53333333333333,81.24966666666467,1
588,588.0000000000031,127.05625,126.8,256.2500000000085,1
589,589.0000000000031,127.45625,127.1,356.25000000000284,1
590,590.0000000000031,127.661458,127.33333333333333,328.1246666666675,1
591,591.0000000000031,127.871875,127.8,71.87500000000568,1
592,592.0000000000031,128.099479,128.03333333333333,66.14566666667088,1
593,593.0000000000031,128.276042,128.3,23.958000000021684,1
594,594.0000000000031,128.565625,128.46666666666667,98.95833333334281,1
595,595.0000000000031,128.757292,128.73333333333332,23.958666666686668,1
596,596.0000000000031,128.941667,128.96666666666667,24.999666666673193,1
597,597.0000000000031,129.348958,129.2,148.95800000002168,1
598,598.0000000000031,129.710417,129.4,310.41700000000105,1
599,599.0000000000032,129.914583,129.9,14.582999999987578,1
600,600.0000000000031,130.119271,130.06666666666666,52.60433333333481,1
601,601.0000000000031,130.310417,130.3,10.416999999989685,1
602,602.0000000000031,130.51406200000002,130.53333333333333,19.27133333330744,1
603,603.0000000000031,130.72968799999998,130.76666666666668,36.978666666698246,1
604,604.0000000000032,130.953125,130.9,53.124999999994316,1
605,605.0000000000032,131.138542,131.13333333333333,5.208666666675299,1
606,606.0000000000033,131.335417,131.3,35.41699999999537,1
607,607.0000000000032,131.497917,131.53333333333333,35.416333333330385,1
608,608.0000000000033,131.682292,131.76666666666668,84.37466666669025,1
609,609.0000000000033,131.948958,132.0,51.04199999999537,1
610,610.0000000000033,132.179167,132.26666666666668,87.49966666667319,1
611,611.0000000000033,132.38961899999998,132.5,110.38100000001805,1
612,612.0000000000033,132.724454,132.53333333333333,191.12066666667715,1
613,613.0000000000033,133.10833300000002,133.06666666666666,41.66633333335312,1
614,614.0000000000033,133.326637,133.3,26.636999999993805,1
615,615.0000000000033,133.507292,133.46666666666667,40.625333333338176,1
616,616.0000000000033,133.674451,133.76666666666668,92.21566666667513,1
617,617.0000000000033,133.856144,133.96666666666667,110.5226666666681,1
618,618.0000000000033,134.04583300000002,134.06666666666666,20.833666666646877,1
619,619.0000000000032,134.255208,134.23333333333332,21.874666666690246,1
620,620.0000000000033,134.465625,134.56666666666666,101.04166666667425,1
621,621.0000000000033,134.742708,134.7,42.70800000000463,1
622,622.0000000000033,134.996875,134.9,96.87499999998295,1
623,623.0000000000032,135.210417,135.1,110.41700000001242,1
624,624.0000000000033,135.368229,135.4,31.770999999992,1
625,625.0000000000033,135.591667,135.53333333333333,58.333666666669615,1
626,626.0000000000033,135.786979,135.73333333333332,53.645666666682246,1
627,627.0000000000034,135.992708,135.96666666666667,26.0413333333247,1
628,628.0000000000034,136.21770800000002,136.16666666666666,51.04133333335881,1
629,629.0000000000033,136.401042,136.4,1.0419999999840002,1
630,630.0000000000034,136.647917,136.56666666666666,81.25033333334386,1
631,631.0000000000034,136.830208,136.8,30.207999999987578,1
632,632.0000000000034,137.020833,136.96666666666667,54.166333333341754,1
633,633.0000000000034,137.23125,137.26666666666668,35.4166666666913,1
634,634.0000000000034,137.423958,137.5,76.04200000000105,1
635,635.0000000000034,137.653125,137.83333333333334,180.20833333335418,1
636,636.0000000000035,138.009896,137.83333333333334,176.56266666665488,1
637,637.0000000000035,138.386458,138.1,286.4580000000103,1
638,638.0000000000034,138.60833300000002,138.33333333333334,274.9996666666732,1
639,639.0000000000035,138.78229199999998,138.56666666666666,215.62533333332112,1
640,640.0000000000034,139.02656299999998,138.76666666666668,259.89633333330175,1
641,641.0000000000035,139.241667,139.2,41.667000000018106,1
642,642.0000000000034,139.49531299999998,139.43333333333334,61.97966666664456,1
643,643.0000000000034,139.69375,139.66666666666666,27.083333333337123,1
644,644.0000000000034,139.88958300000002,139.86666666666667,22.916333333341754,1
645,645.0000000000034,140.142708,140.13333333333333,9.374666666673193,1
646,646.0000000000034,140.340625,140.33333333333334,7.291666666645824,1
647,647.0000000000034,140.56875,140.56666666666666,2.0833333333314386,1
648,648.0000000000034,140.79583300000004,140.8,4.166999999966947,1
649,649.0000000000034,140.996875,141.03333333333333,36.45833333334281,1
650,650.0000000000034,141.21979199999996,141.26666666666668,46.87466666672435,1
651,651.0000000000034,141.43698,141.43333333333334,3.6466666666683523,1
652,652.0000000000034,141.636979,141.63333333333333,3.645666666670877,1
653,653.0000000000035,141.826042,141.7,126.04200000001242,1
654,654.0000000000034,142.089583,142.03333333333333,56.24966666667319,1
655,655.0000000000034,142.31145800000004,142.26666666666668,44.79133333336449,1
656,656.0000000000034,142.497917,142.5,2.082999999998947,1
657,657.0000000000034,142.700521,142.76666666666668,66.14566666667088,1
658,658.0000000000034,142.947917,142.96666666666667,18.749666666678877,1
659,659.0000000000034,143.21718700000002,143.23333333333332,16.14633333329607,1
660,660.0000000000031,143.69843799999995,143.46666666666667,231.7713333332847,1
661,661.0000000000032,144.136458,143.96666666666667,169.79133333333607,1
662,662.0000000000033,144.361458,144.23333333333332,128.12466666667888,1
663,663.0000000000033,144.720833,144.5,220.83299999999895,1
664,664.0000000000031,145.06354199999996,144.76666666666668,296.87533333327565,1
665,665.000000000003,145.284375,145.23333333333332,51.0416666666913,1
666,666.0000000000028,145.59843700000005,145.46666666666667,131.77033333337818,1
667,667.000000000003,145.898958,145.76666666666668,132.29133333331333,1
668,668.000000000003,146.072917,146.03333333333333,39.583666666658246,1
669,669.0000000000028,146.327604,146.3,27.60399999999663,1
670,670.0000000000028,146.559375,146.5,59.37499999998863,1
671,671.0000000000025,146.752083,146.7,52.083000000010315,1
672,672.0000000000023,146.970312,146.93333333333334,36.978666666669824,1
673,673.0000000000023,147.218229,147.16666666666666,51.56233333335081,1
674,674.0000000000023,147.445313,147.36666666666667,78.64633333332449,1
675,675.0000000000022,147.70208300000004,147.63333333333333,68.74966666671867,1
676,676.0000000000016,147.98698000000005,147.83333333333334,153.64666666670246,1
677,677.0000000000016,148.184375,148.16666666666666,17.70833333333144,1
678,678.0000000000016,148.448959,148.36666666666667,82.29233333332786,1
679,679.0000000000015,148.697917,148.63333333333333,64.58366666666393,1
680,680.0000000000016,148.951042,148.86666666666667,84.37533333332681,1
681,681.0000000000015,149.165625,149.13333333333333,32.29166666667993,1
682,682.0000000000015,149.435417,149.36666666666667,68.75033333332681,1
683,683.0000000000015,149.682292,149.6,82.29199999999537,1
684,684.0000000000014,150.135417,149.9,235.416999999984,1
685,685.0000000000015,150.4375,150.33333333333334,104.16666666665719,1
686,686.0000000000015,150.619271,150.56666666666666,52.60433333333481,1
687,687.0000000000013,150.858854,150.8,58.85399999999663,1
688,688.0000000000013,151.1125,151.03333333333333,79.16666666667993,1
689,689.0000000000013,151.330208,151.3,30.207999999987578,1
690,690.000000000001,151.627083,151.53333333333333,93.74966666666751,1
691,691.0000000000011,151.828125,151.8,28.12499999998863,1
692,692.0000000000011,152.041667,151.96666666666667,75.00033333332112,1
693,693.000000000001,152.279167,152.23333333333332,45.83366666668098,1
694,694.0000000000011,152.508333,152.46666666666667,41.6663333333247,1
695,695.000000000001,152.744792,152.7,44.79200000000105,1
696,696.000000000001,153.028125,152.83333333333334,194.79166666664582,1
697,697.0000000000013,153.228125,152.83333333333334,394.7916666666629,1
698,698.0000000000008,153.45,153.4,49.99999999998295,1
699,699.0000000000008,153.713542,153.66666666666666,46.87533333333249,1
700,700.0000000000008,153.940625,154.13333333333333,192.70833333331439,1
701,701.0000000000007,154.105208,154.1,5.2080000000103155,1
702,702.0000000000007,154.409375,154.3,109.375,1
703,703.0000000000007,154.614583,154.56666666666666,47.91633333334744,1
704,704.0000000000007,154.81354199999996,154.8,13.54199999994421,1
705,705.0000000000007,155.05625,154.83333333333334,222.91666666666288,1
706,706.0000000000006,155.255208,155.23333333333332,21.874666666690246,1
707,707.0000000000005,155.51875,155.43333333333334,85.41666666667425,1
708,708.0000000000005,155.901042,155.76666666666668,134.37533333330975,1
709,709.0000000000003,156.147917,156.03333333333333,114.5836666666753,1
710,710.0000000000005,156.35833300000004,156.26666666666668,91.66633333336449,1
711,711.0000000000005,156.68281299999995,156.53333333333333,149.47966666662182,1
712,712.0000000000002,156.961458,156.76666666666668,194.79133333331333,1
713,713.0000000000005,157.145833,157.1,45.833000000016,1
714,714.0000000000002,157.43802,157.36666666666667,71.35333333332028,1
715,715.0000000000002,157.642708,157.6,42.70800000000463,1
716,716.0000000000002,157.852083,157.83333333333334,18.749666666650455,1
717,717.0000000000001,158.094271,158.03333333333333,60.93766666666056,1
718,718.0000000000001,158.317708,158.26666666666668,51.041333333330385,1
719,719.0,158.506771,158.46666666666667,40.104333333317754,1
720,719.9999999999999,158.769271,158.7,69.27100000001474,1
721,721.0000000000001,158.960417,158.93333333333334,27.083666666669615,1
722,721.9999999999998,159.153125,159.13333333333333,19.791666666662877,1
723,722.9999999999994,159.515104,159.36666666666667,148.43733333333375,1
724,723.9999999999997,159.740625,159.6,140.625,1
725,724.9999999999999,159.914583,159.9,14.582999999987578,1
726,725.9999999999999,160.105208,160.16666666666666,61.45866666665256,1
727,726.9999999999997,160.278125,160.33333333333334,55.208333333354176,1
728,727.9999999999995,160.46770800000004,160.53333333333333,65.62533333328702,1
729,728.9999999999998,160.698958,160.66666666666666,32.29133333334744,1
730,729.9999999999993,160.894792,160.9,5.2080000000103155,1
731,730.9999999999993,161.053125,161.0,53.124999999994316,1
732,731.9999999999992,161.223958,161.2,23.958000000021684,1
733,732.999999999999,161.432292,161.53333333333333,101.04133333334175,1
734,733.9999999999992,161.611458,161.8,188.54200000001242,1
735,734.9999999999986,161.93854199999996,162.06666666666666,128.1246666667073,1
736,735.9999999999989,162.205208,162.26666666666668,61.45866666668098,1
737,736.9999999999992,162.39166699999996,162.33333333333334,58.33366666661277,1
738,737.999999999999,162.584375,162.63333333333333,48.95833333333144,1
739,738.999999999999,162.79791699999996,162.76666666666668,31.25033333327565,1
740,739.999999999999,162.945313,162.96666666666667,21.353666666669824,1
741,740.9999999999986,163.173958,163.1,73.95800000000463,1
742,741.9999999999987,163.40520800000004,163.36666666666667,38.541333333370176,1
743,742.9999999999986,163.580208,163.53333333333333,46.87466666666751,1
744,743.9999999999985,163.909375,163.73333333333332,176.0416666666913,1
745,744.9999999999985,164.14218799999998,164.03333333333333,108.85466666664456,1
746,745.9999999999983,164.375,164.36666666666667,8.333333333325754,1
747,746.9999999999985,164.559375,164.6,40.625000000005684,1
748,747.9999999999985,164.734375,164.8,65.62500000001137,1
749,748.9999999999985,164.93854199999996,164.96666666666667,28.124666666712983,1
750,749.9999999999982,165.153125,165.2,46.875,1
751,750.9999999999982,165.36875,165.36666666666667,2.0833333333314386,1
752,751.9999999999982,165.584375,165.6,15.625,1
753,752.9999999999984,165.778125,165.7,78.125,1
754,753.9999999999981,165.959375,165.96666666666667,7.291666666674246,1
755,754.999999999998,166.178125,166.13333333333333,44.79166666666856,1
756,755.999999999998,166.386458,166.36666666666667,19.791333333330385,1
757,756.9999999999977,166.596354,166.6,3.6460000000033688,1
758,757.9999999999976,166.80625,166.86666666666667,60.41666666666856,1
759,758.9999999999978,166.977083,167.0,22.917000000006738,1
760,759.9999999999977,167.15,167.2,49.99999999998295,1
761,760.9999999999978,167.347917,167.33333333333334,14.583666666652562,1
762,761.9999999999975,167.572917,167.63333333333333,60.41633333333607,1
763,762.9999999999975,167.816667,167.86666666666667,49.99966666667888,1
764,763.9999999999977,168.060417,168.03333333333333,27.083666666669615,1
765,764.9999999999977,168.21406299999995,168.16666666666666,47.39633333329607,1
766,765.9999999999974,168.398958,168.4,1.0420000000124219,1
767,766.9999999999972,168.6125,168.6,12.500000000017053,1
768,767.999999999997,168.833333,168.8,33.33299999999895,1
769,768.9999999999969,169.04843799999998,169.03333333333333,15.104666666644562,1
770,769.999999999997,169.263542,169.3,36.458000000010315,1
771,770.999999999997,169.45573000000005,169.5,44.269999999954734,1
772,771.9999999999972,169.62604199999996,169.73333333333332,107.29133333336449,1
773,772.9999999999967,169.830208,169.93333333333334,103.12533333333818,1
774,773.9999999999967,170.013542,170.23333333333332,219.79133333331902,1
775,774.9999999999966,170.18645800000004,170.46666666666667,280.20866666662414,1
776,775.9999999999965,170.386458,170.7,313.541999999984,1
777,776.9999999999965,170.559375,171.13333333333333,573.9583333333371,1
778,777.9999999999964,170.742708,171.06666666666666,323.9586666666696,1
779,778.9999999999962,170.932292,171.3,367.7080000000217,1
780,779.9999999999964,171.171355,171.5,328.6449999999945,1
781,780.9999999999959,171.421528,171.73333333333332,311.80533333332505,1
782,781.9999999999962,171.671701,172.0,328.298999999987,1
783,782.9999999999964,171.921875,172.66666666666666,744.7916666666572,1
784,783.9999999999961,172.279745,172.53333333333333,253.5883333333402,1
785,784.999999999996,172.63761599999995,172.33333333333334,304.28266666660875,1
786,785.9999999999962,172.995486,172.6,395.48600000000533,1
787,786.9999999999961,173.35335600000005,172.73333333333332,620.0226666667277,1
788,787.9999999999964,173.711227,172.73333333333332,977.893666666688,1
789,788.9999999999962,174.069097,172.73333333333332,1335.7636666666792,1
790,789.9999999999961,174.426967,172.73333333333332,1693.6336666666705,1
791,790.9999999999961,174.78483799999995,172.73333333333332,2051.504666666631,1
792,791.999999999996,175.142708,172.73333333333332,2409.374666666679,1
793,792.9999999999977,175.58611100000005,172.73333333333332,2852.777666666725,1
794,793.9999999999976,176.02951399999995,172.73333333333332,3296.180666666629,1
795,794.9999999999977,176.472917,172.73333333333332,3739.5836666666755,1
796,795.9999999999977,177.114063,173.5,3614.0629999999874,1
797,796.9999999999976,177.755208,175.8,1955.207999999999,1
798,797.9999999999977,178.396354,176.03333333333333,2363.020666666671,1
799,798.9999999999976,179.0375,176.6,2437.5,1
800,799.9999999999976,179.648958,176.83333333333334,2815.6246666666502,1
801,800.9999999999976,179.977083,177.06666666666666,2910.4163333333304,1
802,801.9999999999975,180.240625,177.36666666666667,2873.9583333333203,1
803,802.9999999999976,180.480208,177.6,2880.2080000000105,1
804,803.9999999999976,180.876042,177.83333333333334,3042.7086666666696,1
805,804.9999999999976,181.273611,178.06666666666666,3206.9443333333256,1
806,805.9999999999977,181.671181,178.33333333333334,3337.8476666666475,1
807,806.9999999999976,182.06875,178.56666666666666,3502.083333333331,1
808,807.9999999999976,182.702083,181.03333333333333,1668.7496666666561,1
809,808.9999999999977,183.335417,181.26666666666668,2068.750333333327,1
810,809.9999999999976,183.96875,181.53333333333333,2435.416666666669,1
811,810.9999999999976,184.602083,181.63333333333333,2968.7496666666675,1
812,811.9999999999975,185.2125,182.16666666666666,3045.8333333333485,1
813,812.9999999999972,185.511458,182.43333333333334,3078.1246666666675,1
814,813.9999999999974,185.836458,182.8,3036.457999999982,1
815,814.9999999999975,186.466667,183.0,3466.6670000000013,1
816,815.9999999999972,187.096875,179.8,7296.875,1
817,816.9999999999974,187.416667,180.16666666666666,7250.0003333333325,1
818,817.9999999999974,187.736458,180.26666666666668,7469.791333333319,1
819,818.9999999999972,188.05625,180.63333333333333,7422.91666666668,1
820,819.9999999999974,188.489584,181.0,7489.584000000008,1
821,820.999999999997,188.922917,181.0,7922.917000000012,1
822,821.9999999999972,189.304167,181.0,8304.167000000007,1
823,822.9999999999972,189.829861,181.0,8829.860999999994,1
824,823.9999999999972,190.355555,181.0,9355.55500000001,1
825,824.9999999999972,190.88125,181.0,9881.249999999995,1
826,825.9999999999972,191.406944,181.96666666666667,9440.27733333334,1
827,826.9999999999972,191.932639,181.96666666666667,9965.972333333326,1
828,827.9999999999972,192.458333,181.8,10658.332999999999,1
829,828.9999999999972,192.878125,181.76666666666668,11111.458333333332,1
830,829.999999999997,193.297917,181.86666666666667,11431.250333333339,1
831,830.9999999999974,193.696354,181.86666666666667,11829.687333333339,1
832,831.9999999999972,193.952247,181.86666666666667,12085.580333333326,1
833,832.9999999999969,194.204688,182.46666666666667,11738.021333333336,1
834,833.9999999999969,194.47448,182.0,12474.48,1
835,834.999999999997,194.68073,182.23333333333332,12447.396666666691,1
836,835.9999999999969,194.886979,182.43333333333334,12453.64566666666,1
837,836.9999999999969,195.202083,182.7,12502.082999999999,1
838,837.9999999999967,195.475023,185.4,10075.022999999986,1
839,838.9999999999967,195.73125,194.93333333333334,797.9166666666515,1
840,839.9999999999967,196.054167,195.13333333333333,920.833666666681,1
841,840.9999999999965,196.842708,195.33333333333334,1509.3746666666448,1
842,841.9999999999966,197.113542,195.66666666666666,1446.8753333333382,1
843,842.9999999999964,197.333334,195.9,1433.334000000002,1
844,843.9999999999966,197.532292,196.13333333333333,1398.9586666666867,1
845,844.9999999999966,197.7625,196.36666666666667,1395.8333333333144,1
846,845.9999999999966,197.990625,196.63333333333333,1357.2916666666686,1
847,846.9999999999966,198.221875,196.9,1321.8750000000057,1
848,847.9999999999966,198.498958,197.16666666666666,1332.2913333333304,1
849,848.9999999999965,198.969792,197.4,1569.7920000000067,1
850,849.9999999999967,199.677778,197.63333333333333,2044.4446666666636,1
851,850.9999999999967,200.385764,198.36666666666667,2019.0973333333204,1
852,851.9999999999967,201.09375,198.6,2493.7500000000055,1
853,852.9999999999966,201.529514,198.86666666666667,2662.847333333332,1
854,853.9999999999967,201.965278,199.13333333333333,2831.9446666666863,1
855,854.9999999999965,202.401042,201.56666666666666,834.3753333333268,1
856,855.9999999999966,203.013542,201.76666666666668,1246.8753333333211,1
857,856.9999999999966,203.626042,202.0,1626.0420000000124,1
858,857.9999999999966,204.238542,202.3,1938.541999999984,1
859,858.9999999999966,204.851042,202.53333333333333,2317.7086666666755,1
860,859.9999999999965,205.44375,202.73333333333332,2710.4166666666742,1
861,860.9999999999965,205.734375,203.0,2734.375,1
862,861.9999999999967,206.0,203.26666666666668,2733.3333333333203,1
863,862.9999999999967,206.216667,203.5,2716.6670000000013,1
864,863.9999999999967,206.580208,203.73333333333332,2846.874666666679,1
865,864.9999999999968,206.932291,203.96666666666667,2965.6243333333236,1
866,865.9999999999965,207.284375,204.23333333333332,3051.0416666666915,1
867,866.9999999999965,207.636458,204.46666666666667,3169.7913333333363,1
868,867.9999999999966,208.2875,206.76666666666668,1520.8333333333144,1
869,868.9999999999966,208.938542,207.0,1938.5420000000124,1
870,869.9999999999966,209.589583,207.23333333333332,2356.249666666685,1
871,870.9999999999966,210.240625,207.43333333333334,2807.291666666657,1
872,871.9999999999967,210.820833,207.8,3020.832999999982,1
873,872.9999999999967,211.089583,208.0,3089.5830000000046,1
874,873.9999999999967,211.375,208.33333333333334,3041.666666666657,1
875,874.9999999999967,212.068229,208.53333333333333,3534.895666666671,1
876,875.9999999999967,212.761458,205.56666666666666,7194.791333333342,1
877,876.9999999999967,213.18125,205.93333333333334,7247.916666666669,1
878,877.9999999999967,213.44375,206.16666666666666,7277.083333333338,1
879,878.9999999999967,213.804167,206.4,7404.167000000001,1
880,879.9999999999967,214.11007,206.53333333333333,7576.736666666676,1
881,880.9999999999967,214.415972,206.76666666666668,7649.305333333331,1
882,881.9999999999967,214.721875,207.03333333333333,7688.54166666668,1
883,882.9999999999967,215.104688,207.43333333333334,7671.354666666673,1
884,883.9999999999967,215.4875,207.53333333333333,7954.16666666668,1
885,884.9999999999967,215.840625,207.53333333333333,8307.291666666657,1
886,885.9999999999967,216.292361,207.53333333333333,8759.027666666669,1
887,886.9999999999967,216.744097,215.26666666666668,1477.4303333333307,1
888,887.9999999999967,217.195833,215.43333333333334,1762.4996666666561,1
889,888.9999999999967,217.647569,216.0,1647.5690000000043,1
890,889.9999999999967,218.099306,216.26666666666668,1832.6393333333328,1
891,890.9999999999967,218.551042,216.5,2051.0419999999954,1
892,891.9999999999967,219.002778,216.73333333333332,2269.4446666666863,1
893,892.9999999999967,219.454514,216.96666666666667,2487.8473333333204,1
894,893.9999999999967,219.90625,217.23333333333332,2672.9166666666797,1
895,894.9999999999967,220.243304,217.33333333333334,2909.970666666652,1
896,895.9999999999967,220.580357,217.7,2880.3570000000036,1
897,896.9999999999968,220.917411,217.93333333333334,2984.0776666666497,1
898,897.9999999999968,221.254464,217.73333333333332,3521.130666666693,1
899,898.9999999999967,221.591518,217.73333333333332,3858.184666666688,1
900,899.9999999999967,221.928571,217.86666666666667,4061.904333333331,1
901,900.9999999999968,222.265625,218.1,4165.6250000000055,1
902,901.9999999999967,222.592708,218.2,4392.707999999999,1
903,902.9999999999966,222.791667,218.2,4591.667000000001,1
904,903.9979166666633,222.902083,218.43333333333334,4468.7496666666675,1
905,904.9999999999966,223.604167,217.9,5704.166999999984,1
906,905.9999999999966,223.936979,218.1,5836.979000000014,1
907,906.9999999999966,223.942708,217.83333333333334,6109.3746666666675,1
908,907.9999999999964,224.430208,218.23333333333332,6196.874666666673,1
909,908.9999999999964,224.692187,218.46666666666667,6225.520333333321,1
910,909.9999999999965,224.926823,218.33333333333334,6593.48966666667,1
911,910.9999999999964,225.161459,216.73333333333332,8428.125666666689,1
912,911.9999999999964,225.452605,218.1,7352.605000000011,1
913,912.9999999999964,225.689063,218.33333333333334,7355.729666666662,1
914,913.9999999999961,225.925521,217.56666666666666,8358.85433333334,1
915,914.9999999999961,226.348437,225.33333333333334,1015.1036666666471,1
916,915.9999999999961,226.826389,225.6,1226.3890000000117,1
917,916.9999999999961,227.30434,225.86666666666667,1437.673333333322,1
918,917.9999999999961,227.782292,226.13333333333333,1648.9586666666867,1
919,918.9999999999961,228.159896,226.36666666666667,1793.2293333333291,1
920,919.9999999999961,228.5375,226.6,1937.5,1
921,920.9999999999959,228.864583,226.83333333333334,2031.2496666666675,1
922,921.9999999999959,229.219792,227.1,2119.792000000018,1
923,922.9999999999958,229.639583,227.3,2339.582999999976,1
924,923.9999999999956,230.175,228.5,1675.0000000000114,1
925,924.9999999999956,230.758333,228.76666666666668,1991.6663333333133,1
926,925.9999999999956,231.176042,228.9,2276.0419999999895,1
927,926.9999999999956,231.611458,229.0,2611.4579999999987,1
928,927.9999999999956,232.192187,229.43333333333334,2758.8536666666528,1
929,928.9999999999953,232.617188,229.66666666666666,2950.5213333333413,1
930,929.9999999999953,232.99375,230.56666666666666,2427.083333333343,1
931,930.9999999999953,233.2875,231.6,1687.5,1
932,931.9999999999953,233.561979,231.86666666666667,1695.3123333333338,1
933,932.9999999999952,233.853646,232.1,1753.6460000000034,1
934,933.9999999999952,234.167709,233.1,1067.7090000000078,1
935,934.9999999999952,234.429688,233.43333333333334,996.3546666666616,1
936,935.9999999999952,234.742188,233.7,1042.18800000001,1
937,936.9999999999952,235.013021,233.96666666666667,1046.3543333333405,1
938,937.9999999999951,235.270833,234.3,970.832999999999,1
939,938.9999999999951,235.560417,234.6,960.4170000000067,1
940,939.9999999999951,235.900521,234.86666666666667,1033.8543333333234,1
941,940.999999999995,236.170312,235.13333333333333,1036.9786666666698,1
942,941.999999999995,236.485417,235.4,1085.4170000000067,1
943,942.999999999995,236.767708,235.7,1067.7080000000103,1
944,943.999999999995,237.011979,235.96666666666667,1045.312333333328,1
945,944.999999999995,237.286979,236.33333333333334,953.6456666666595,1
946,945.9999999999949,237.557292,236.6,957.2919999999954,1
947,946.9999999999948,237.800521,236.93333333333334,867.1876666666662,1
948,947.9999999999949,238.116667,237.16666666666666,950.0003333333495,1
949,948.9999999999948,238.401563,237.4,1001.5630000000044,1
950,949.9999999999948,238.651041,237.66666666666666,984.374333333335,1
951,950.9999999999948,238.920833,238.0,920.8329999999876,1
952,951.9999999999947,239.389583,238.23333333333332,1156.2496666666675,1
953,952.9999999999947,239.651563,238.53333333333333,1118.2296666666787,1
954,953.9999999999947,239.93125,238.76666666666668,1164.5833333333258,1
955,954.9999999999947,240.200521,239.1,1100.5210000000147,1
956,955.9999999999947,240.430208,239.33333333333334,1096.8746666666505,1
957,956.9999999999947,240.695833,239.56666666666666,1129.1663333333304,1
958,957.9999999999945,240.958333,240.06666666666666,891.6663333333474,1
959,958.9999999999944,241.173438,240.36666666666667,806.7713333333302,1
960,959.9999999999945,241.459375,240.6,859.375,1
961,960.9999999999944,241.731771,240.83333333333334,898.4376666666662,1
962,961.9999999999944,242.009375,241.1,909.3750000000114,1
963,962.9999999999944,242.271875,241.36666666666667,905.2083333333201,1
964,963.9999999999944,242.830729,241.6,1230.7289999999966,1
965,964.9999999999943,243.152604,241.86666666666667,1285.9373333333224,1
966,965.9999999999943,243.486458,242.13333333333333,1353.1246666666732,1
967,966.9999999999943,243.748437,242.4,1348.43699999999,1
968,967.9999999999942,244.014062,242.63333333333333,1380.7286666666698,1
969,968.9999999999942,244.291146,242.83333333333334,1457.8126666666549,1
970,969.9999999999942,244.576042,243.56666666666666,1009.3753333333382,1
971,970.9999999999941,244.83229100000003,243.93333333333334,898.9576666666892,1
972,971.9999999999941,245.175521,244.16666666666666,1008.8543333333462,1
973,972.9999999999941,245.469271,244.4,1069.2709999999863,1
974,973.9999999999941,245.769271,244.73333333333332,1035.9376666666833,1
975,974.9999999999941,246.177083,245.03333333333333,1143.7496666666789,1
976,975.9999999999941,246.751563,245.26666666666668,1484.8963333333245,1
977,976.9999999999939,247.040625,245.53333333333333,1507.2916666666742,1
978,977.9999999999941,247.319792,245.86666666666667,1453.1253333333325,1
979,978.9999999999939,247.580729,246.36666666666667,1214.0623333333167,1
980,979.9999999999939,247.83125,246.7,1131.2500000000227,1
981,980.9999999999939,248.15625,246.96666666666667,1189.5833333333314,1
982,981.9999999999939,248.492708,247.46666666666667,1026.0413333333247,1
983,982.9999999999937,248.713021,247.76666666666668,946.3543333333178,1
984,983.9999999999939,249.00052,248.0,1000.5199999999945,1
985,984.9999999999937,249.269271,248.23333333333332,1035.9376666666833,1
986,985.9999999999937,249.519792,248.53333333333333,986.4586666666639,1
987,986.9999999999937,249.894792,248.9,994.7919999999897,1
988,987.9999999999935,250.285417,249.16666666666666,1118.7503333333382,1
989,988.9999999999935,250.555208,249.4,1155.2079999999876,1
990,989.9999999999935,250.907292,249.66666666666666,1240.6253333333552,1
991,990.9999999999935,251.214584,250.03333333333333,1181.2506666666707,1
992,991.9999999999935,251.558854,250.23333333333332,1325.5206666666766,1
993,992.9999999999934,252.046875,250.5,1546.875,1
994,993.9999999999934,252.518229,251.03333333333333,1484.8956666666595,1
995,994.9999999999933,252.903646,251.4,1503.6460000000034,1
996,995.9999999999933,253.304167,251.63333333333333,1670.833666666681,1
997,996.9999999999934,253.763542,252.2,1563.5420000000124,1
998,997.9999999999932,254.3125,252.43333333333334,1879.1666666666629,1
999,998.9999999999932,254.90625,252.7,2206.2500000000114,1
1000,999.9999999999887,255.175,252.93333333333334,2241.6666666666742,1
1001,1000.999999999989,255.376042,253.73333333333332,1642.7086666666924,1
1002,1001.999999999989,255.536459,254.16666666666666,1369.7923333333506,1
1003,1002.9999999999891,255.7625,254.2,1562.5,1
1004,1003.9999999999891,255.936458,254.23333333333332,1703.1246666666675,1
1005,1004.9999999999891,256.134375,255.26666666666668,867.7083333332973,1
1006,1005.9999999999892,256.361458,255.7,661.4580000000387,1
1007,1006.9999999999892,256.554688,255.8,754.6879999999874,1
1008,1007.9999999999893,256.765625,256.0,765.625,1
1009,1008.9999999999893,256.963542,256.3,663.5420000000067,1
1010,1009.9999999999893,257.146875,256.5,646.8750000000227,1
1011,1010.9999999999894,257.311459,256.73333333333335,578.125666666665,1
1012,1011.9999999999894,257.497917,256.93333333333334,564.5836666666355,1
1013,1012.9999999999895,257.651562,257.1666666666667,484.895333333327,1
1014,1013.9999999999895,257.81198,257.26666666666665,545.313333333354,1
1015,1014.9999999999895,258.003125,257.53333333333336,469.7916666666515,1
1016,1015.9999999999898,258.196354,257.6333333333333,563.0206666666595,1
1017,1016.9999999999898,258.42448,257.8,624.4800000000055,1
1018,1017.9999999999899,258.673958,257.93333333333334,740.6246666666902,1
1019,1018.9999999999899,258.884375,258.1666666666667,717.7083333332916,1
1020,1019.9999999999899,259.078125,258.3333333333333,744.7916666666856,1
1021,1020.9999999999901,259.282291,258.53333333333336,748.9576666666267,1
1022,1021.9999999999901,259.484896,258.8,684.8959999999806,1
1023,1022.9999999999902,259.6875,259.06666666666666,620.8333333333371,1
1024,1023.9999999999902,259.889583,259.26666666666665,622.9163333333645,1
1025,1024.9999999999902,260.079167,259.43333333333334,645.8336666666469,1
1026,1025.9999999999902,260.238021,259.6333333333333,604.6876666666776,1
1027,1026.9999999999902,260.439583,259.8666666666667,572.9163333333531,1
1028,1027.9999999999905,260.63125,260.0,631.2500000000227,1
1029,1028.9999999999905,260.808334,260.2,608.3340000000135,1
1030,1029.9999999999905,261.001042,260.4,601.0420000000067,1
1031,1030.9999999999907,261.19323,260.53333333333336,659.8966666666684,1
1032,1031.9999999999907,261.386979,260.76666666666665,620.3123333333451,1
1033,1032.9999999999907,261.58125,260.96666666666664,614.5833333333712,1
1034,1033.9999999999907,261.770833,261.1333333333333,637.4996666666561,1
1035,1034.9999999999907,261.9375,261.3333333333333,604.1666666666856,1
1036,1035.999999999991,262.109375,261.56666666666666,542.7083333333371,1
1037,1036.999999999991,262.284896,261.76666666666665,518.2293333333519,1
1038,1037.9999999999911,262.449479,261.9,549.4790000000194,1
1039,1038.9999999999911,262.644792,262.2,444.79200000000674,1
1040,1039.9999999999911,262.8375,262.4,437.5,1
1041,1040.9999999999911,263.041146,262.46666666666664,574.479333333386,1
1042,1041.9999999999911,263.255208,262.6,655.2079999999592,1
1043,1042.9999999999914,263.454167,262.8,654.1669999999726,1
1044,1043.9999999999914,263.647396,263.0,647.3960000000147,1
1045,1044.9999999999914,263.847916,263.2,647.9160000000093,1
1046,1045.9999999999916,264.051042,263.4,651.0420000000181,1
1047,1046.9999999999916,264.259375,263.6333333333333,626.0416666666515,1
1048,1047.9999999999916,264.467708,263.8333333333333,634.3746666667016,1
1049,1048.9999999999916,264.631771,264.03333333333336,598.4376666666549,1
1050,1049.9999999999916,264.805208,264.2,605.2080000000046,1
1051,1050.9999999999918,265.0,264.43333333333334,566.6666666666629,1
1052,1051.9999999999918,265.167709,264.6,567.7089999999794,1
1053,1052.9999999999918,265.342708,264.76666666666665,576.0413333333645,1
1054,1053.9999999999918,265.536458,264.96666666666664,569.7913333333418,1
1055,1054.9999999999918,265.753125,265.1333333333333,619.7916666666856,1
1056,1055.999999999992,265.944792,265.26666666666665,678.1253333333552,1
1057,1056.999999999992,266.1375,265.5,637.4999999999886,1
1058,1057.9999999999923,266.317708,265.7,617.7079999999933,1
1059,1058.9999999999923,266.551042,265.96666666666664,584.3753333333552,1
1060,1059.9999999999916,266.751041,266.1666666666667,584.3743333333009,1
1061,1060.9999999999916,266.905208,266.3,605.2080000000046,1
1062,1061.9999999999916,267.086979,266.5,586.9789999999853,1
1063,1062.9999999999916,267.279167,266.73333333333335,545.8336666666241,1
1064,1063.9999999999916,267.441666,266.96666666666664,474.99933333335775,1
1065,1064.9999999999916,267.628125,267.23333333333335,394.7916666666629,1
1066,1065.9999999999916,267.864583,267.23333333333335,631.2496666666334,1
1067,1066.9999999999916,268.083333,267.43333333333334,649.9996666666448,1
1068,1067.9999999999916,268.276042,267.6333333333333,642.7086666666924,1
1069,1068.9999999999916,268.485417,267.76666666666665,718.7503333333325,1
1070,1069.9999999999916,268.686458,268.03333333333336,653.1246666666561,1
1071,1070.9999999999916,268.923958,268.26666666666665,657.2913333333759,1
1072,1071.9999999999916,269.23125,268.46666666666664,764.5833333333485,1
1073,1072.9999999999916,269.413542,268.7,713.5420000000181,1
1074,1073.9999999999916,269.596355,268.9,696.3550000000396,1
1075,1074.9999999999916,269.779167,269.1666666666667,612.500333333287,1
1076,1075.9999999999916,269.9625,269.4,562.5,1
1077,1076.9999999999916,270.028125,269.6333333333333,394.7916666666629,1
1078,1077.9999999999916,270.354167,269.8,554.1670000000067,1
1079,1078.9999999999916,270.532292,270.1,432.29199999996126,1
1080,1079.9999999999916,270.703125,270.26666666666665,436.4583333333485,1
1081,1080.9999999999916,270.882292,270.5,382.29200000000674,1
1082,1081.9999999999916,271.048958,270.6,448.95800000000463,1
1083,1082.9999999999916,271.229167,271.0,229.1670000000181,1
1084,1083.9999999999916,271.395833,271.2,195.83299999999326,1
1085,1084.9999999999916,271.58125,271.43333333333334,147.91666666667425,1
1086,1085.9999999999916,271.7375,272.4,662.4999999999659,1
1087,1086.9999999999916,271.926042,271.8,126.041999999984,1
1088,1087.9999999999916,272.064583,272.9,835.4169999999499,1
1089,1088.9999999999916,272.201042,273.1333333333333,932.2913333333531,1
1090,1089.9999999999916,272.564584,273.3333333333333,768.7493333332895,1
1091,1090.9999999999916,272.928125,273.2,271.8749999999659,1
1092,1091.9999999999916,273.291667,273.4,108.33299999995916,1
1093,1092.9999999999918,273.655209,272.3666666666667,1288.5423333333392,1
1094,1093.9999999999918,274.01875,272.53333333333336,1485.4166666666515,1
1095,1094.9999999999918,274.382292,272.76666666666665,1615.6253333333552,1
1096,1095.9999999999955,274.782292,273.0,1782.291999999984,1
1097,1096.9999999999955,275.182292,273.1333333333333,2048.9586666666924,1
1098,1097.9999999999955,275.582292,273.03333333333336,2548.9586666666355,1
1099,1098.9999999999955,276.23099,273.6666666666667,2564.323333333334,1
1100,1099.9999999999955,276.879687,273.9,2979.6870000000126,1
1101,1100.9999999999955,277.528385,274.2,3328.3850000000257,1
1102,1101.9999999999955,278.177083,275.2,2977.0829999999933,1
1103,1102.9999999999952,278.7,275.96666666666664,2733.3333333333485,1
1104,1103.9999999999952,278.979167,276.1666666666667,2812.5003333333325,1
1105,1104.9999999999952,279.265625,276.4,2865.6250000000227,1
1106,1105.9999999999952,279.853646,276.6666666666667,3186.9793333333405,1
1107,1106.9999999999952,280.441667,276.9,3541.667000000018,1
1108,1107.9999999999952,280.85625,277.1333333333333,3722.916666666663,1
1109,1108.9999999999952,281.270834,277.4,3870.834000000002,1
1110,1109.9999999999952,281.685417,277.6666666666667,4018.750333333287,1
1111,1110.9999999999952,282.310938,277.6666666666667,4644.271333333336,1
1112,1111.9999999999952,282.936459,274.8666666666667,8069.792333333339,1
1113,1112.9999999999952,283.561979,275.03333333333336,8528.645666666649,1
1114,1113.9999999999952,284.1875,275.03333333333336,9154.16666666664,1
1115,1114.9999999999952,284.769792,275.03333333333336,9736.458666666636,1
1116,1115.9999999999952,285.026042,276.03333333333336,8992.708666666658,1
1117,1116.999999999995,285.317708,276.23333333333335,9084.374666666634,1
1118,1117.9999999999952,286.216406,276.5,9716.406000000006,1
1119,1118.999999999995,287.1151040000001,276.76666666666665,10348.437333333437,1
1120,1119.999999999995,287.420833,276.76666666666665,10654.166333333364,1
1121,1120.999999999995,287.69375,276.76666666666665,10927.083333333372,1
1122,1121.999999999995,288.078125,276.76666666666665,11311.458333333348,1
1123,1122.999999999995,288.371354,279.93333333333334,8438.02066666666,1
1124,1123.999999999995,288.664583,280.1666666666667,8497.916333333307,1
1125,1124.999999999995,288.957812,278.1,10857.811999999967,1
1126,1125.999999999995,289.359115,280.6333333333333,8725.781666666648,1
1127,1126.999999999995,289.760417,281.5,8260.417000000018,1
1128,1127.9999999999948,290.166667,281.6,8566.666999999996,1
1129,1128.9999999999948,290.642708,281.6,9042.708000000004,1
1130,1129.9999999999948,291.11875,281.6,9518.749999999955,1
1131,1130.9999999999948,291.594792,281.8333333333333,9761.45866666667,1
1132,1131.9999999999948,292.070833,281.8333333333333,10237.49966666668,1
1133,1132.9999999999948,292.546875,281.8333333333333,10713.541666666686,1
1134,1133.9999999999948,293.022917,281.8333333333333,11189.583666666693,1
1135,1134.9999999999948,293.357292,281.8333333333333,11523.958666666658,1
1136,1135.9999999999948,293.691667,281.8333333333333,11858.33366666668,1
1137,1136.999999999995,294.076563,281.8333333333333,12243.229666666706,1
1138,1137.9999999999948,294.320313,281.8333333333333,12486.979666666684,1
1139,1138.9999999999943,294.5640620000001,281.8333333333333,12730.728666666779,1
1140,1139.9999999999948,294.847917,281.8333333333333,13014.58366666668,1
1141,1140.9999999999948,295.053385,281.8333333333333,13220.051666666677,1
1142,1141.999999999995,295.258854,281.8333333333333,13425.52066666667,1
1143,1142.999999999995,295.596355,281.8333333333333,13763.021666666702,1
1144,1143.999999999995,295.616667,281.8333333333333,13783.333666666693,1
1145,1144.999999999995,296.184375,281.8333333333333,14351.041666666675,1
1146,1145.9999999999952,296.600521,281.8333333333333,14767.187666666701,1
1147,1146.9999999999948,297.603125,284.4,13203.125,1
1148,1147.999999999995,297.844792,284.6333333333333,13211.458666666658,1
1149,1148.999999999995,298.133334,284.76666666666665,13366.667333333338,1
1150,1149.9999999999948,298.365625,284.96666666666664,13398.958333333383,1
1151,1150.9999999999948,298.628125,285.1666666666667,13461.458333333325,1
1152,1151.9999999999948,298.870833,285.4,13470.833000000028,1
1153,1152.999999999995,299.157292,285.6,13557.291999999961,1
1154,1153.999999999995,299.498958,285.1333333333333,14365.62466666669,1
1155,1154.999999999995,300.071875,285.23333333333335,14838.541666666628,1
1156,1155.9999999999952,300.872222,285.2,15672.222000000034,1
1157,1156.999999999995,301.67257,285.56666666666666,16105.903333333345,1
1158,1157.9999999999948,302.472917,285.8,16672.916999999983,1
1159,1158.999999999995,302.9763890000001,285.26666666666665,17709.722333333444,1
1160,1159.999999999995,303.479861,285.4,18079.86100000005,1
1161,1160.9999999999948,303.983333,285.4,18583.33300000004,1
1162,1161.999999999995,304.580468,285.4,19180.46800000002,1
1163,1162.999999999995,305.1776040000001,289.8333333333333,15344.270666666773,1
1164,1163.999999999995,305.77474,290.1666666666667,15608.073333333323,1
1165,1164.999999999995,306.371875,290.1666666666667,16205.208333333303,1
1166,1165.999999999995,306.921875,290.1666666666667,16755.208333333314,1
1167,1166.9999999999952,307.2125,290.1666666666667,17045.833333333292,1
1168,1167.999999999995,307.486458,290.1666666666667,17319.79133333334,1
1169,1168.999999999995,308.017708,294.1,13917.708000000004,1
1170,1169.9999999999952,308.548958,293.1666666666667,15382.291333333342,1
1171,1170.9999999999952,308.932291,291.7,17232.291000000034,1
1172,1171.999999999995,309.315625,291.7,17615.625000000022,1
1173,1172.999999999995,309.698958,291.7,17998.958000000017,1
1174,1173.9999999999952,310.278906,291.7,18578.906000000017,1
1175,1174.9999999999952,310.858854,291.7,19158.85400000002,1
1176,1175.9999999999952,311.438802,291.7,19738.80200000002,1
1177,1176.9999999999952,312.01875,291.7,20318.750000000022,1
1178,1177.9999999999952,312.425,291.7,20725.000000000022,1
1179,1178.9999999999952,312.705208,291.7,21005.20800000004,1
1180,1179.9999999999952,312.985417,291.7,21285.416999999994,1
1181,1180.9999999999952,313.247136,294.1333333333333,19113.802666666685,1
1182,1181.9999999999955,313.508854,293.4,20108.854000000007,1
1183,1182.9999999999952,314.265625,293.73333333333335,20532.29166666665,1
1184,1183.9999999999955,314.58125,293.73333333333335,20847.916666666664,1
1185,1184.9999999999952,315.027083,293.3333333333333,21693.749666666692,1
1186,1185.9999999999955,315.342014,293.6,21742.013999999985,1
1187,1186.9999999999952,315.656944,293.7,21956.94400000002,1
1188,1187.9999999999952,315.971875,293.6666666666667,22305.208333333325,1
1189,1188.9999999999955,316.35625,293.8666666666667,22489.583333333314,1
1190,1189.9999999999955,316.740625,294.06666666666666,22673.95833333336,1
1191,1190.9999999999955,317.128125,294.0,23128.12500000001,1
1192,1191.9999999999955,317.5826390000001,294.03333333333336,23549.305666666725,1
1193,1192.9999999999955,318.037153,294.03333333333336,24003.81966666663,1
1194,1193.9999999999955,318.491667,294.03333333333336,24458.333666666647,1
1195,1194.9999999999955,318.946181,294.03333333333336,24912.847666666665,1
1196,1195.9999999999955,319.400694,295.5,23900.69399999999,1
1197,1196.9999999999955,319.855208,295.5,24355.208000000006,1
1198,1197.9999999999955,320.309722,295.7,24609.722000000034,1
1199,1198.9999999999955,320.764236,295.93333333333334,24830.902666666647,1
1200,1199.9999999999952,321.21875,296.1333333333333,25085.416666666675,1
1201,1200.9999999999955,321.618601,301.43333333333334,20185.267666666674,1
1202,1201.9999999999952,322.018452,301.43333333333334,20585.118666666687,1
1203,1202.9999999999955,322.418303,301.43333333333334,20984.969666666642,1
1204,1203.9999999999952,322.818155,301.43333333333334,21384.821666666652,1
1205,1204.9999999999952,323.218006,301.43333333333334,21784.672666666665,1
1206,1205.9999999999955,323.617857,301.43333333333334,22184.52366666668,1
1207,1206.9999999999957,324.017708,301.43333333333334,22584.374666666692,1
1208,1207.9999999999961,324.345833,301.43333333333334,22912.499666666692,1
1209,1208.9999999999961,324.563542,301.43333333333334,23130.208666666647,1
1210,1209.9979166666628,324.680208,301.43333333333334,23246.874666666656,1
1211,1210.9999999999961,325.313021,304.3333333333333,20979.68766666668,1
1212,1211.9999999999961,325.654688,304.53333333333336,21121.354666666663,1
1213,1212.999999999996,325.661458,304.76666666666665,20894.79133333333,1
1214,1213.9999999999961,326.119792,302.1333333333333,23986.45866666669,1
1215,1214.9999999999961,326.405208,302.1333333333333,24271.874666666692,1
1216,1215.9999999999961,326.6125,302.6333333333333,23979.166666666686,1
1217,1216.9999999999964,326.819791,302.6333333333333,24186.457666666684,1
1218,1217.9999999999964,327.211979,303.1,24111.978999999963,1
1219,1218.9999999999964,327.492708,303.26666666666665,24226.04133333334,1
1220,1219.9999999999964,327.773438,303.26666666666665,24506.77133333335,1
1221,1220.9999999999964,328.171875,303.26666666666665,24905.20833333335,1
1222,1221.9999999999964,328.5875,304.1333333333333,24454.16666666665,1
1223,1222.9999999999964,329.003125,304.3666666666667,24636.458333333336,1
1224,1223.9999999999964,329.41875,303.1,26318.749999999967,1
1225,1224.9999999999964,329.763021,303.1,26663.020999999957,1
1226,1225.9999999999964,330.107292,303.1,27007.29199999995,1
1227,1226.9999999999968,330.415625,303.1,27315.624999999956,1
1228,1227.9999999999968,330.7625,303.1,27662.499999999967,1
1229,1228.999999999997,331.1375,303.1,28037.499999999967,1
1230,1229.9999999999973,331.614583,303.1,28514.58299999996,1
1231,1230.9999999999975,332.122917,303.1,29022.91699999995,1
1232,1231.9999999999973,332.561458,303.1,29461.45799999999,1
1233,1232.999999999998,333.027084,303.1,29927.08399999998,1
1234,1233.9999999999975,333.615625,312.93333333333334,20682.291666666686,1
1235,1234.9999999999975,334.082292,312.9,21182.29200000002,1
1236,1235.999999999998,334.50625,311.96666666666664,22539.583333333383,1
1237,1236.9999999999984,334.822396,308.8,26022.396000000015,1
1238,1237.999999999998,335.104167,309.2,25904.16700000003,1
1239,1238.999999999998,335.377604,309.26666666666665,26110.937333333368,1
1240,1239.999999999998,335.672395,309.76666666666665,25905.728333333343,1
1241,1240.9999999999986,335.963542,309.76666666666665,26196.875333333366,1
1242,1241.9999999999984,336.305208,309.76666666666665,26538.54133333334,1
1243,1242.9999999999986,336.584896,309.76666666666665,26818.229333333362,1
1244,1243.9999999999986,336.844792,315.93333333333334,20911.458666666647,1
1245,1244.9999999999986,337.084896,316.1333333333333,20951.56266666669,1
1246,1245.9999999999986,337.369792,315.93333333333334,21436.45866666668,1
1247,1246.9999999999989,337.617188,315.96666666666664,21650.52133333336,1
1248,1247.9999999999989,337.930208,316.1333333333333,21796.874666666667,1
1249,1248.999999999999,338.172917,317.2,20972.916999999994,1
1250,1249.999999999999,338.397917,317.2,21197.91700000002,1
1251,1250.999999999999,338.6463540000001,317.2,21446.354000000098,1
1252,1251.999999999999,338.950521,317.2,21750.520999999993,1
1253,1252.9999999999993,339.198959,320.26666666666665,18932.29233333335,1
1254,1253.9999999999993,339.534375,320.3666666666667,19167.708333333336,1
1255,1254.9999999999995,339.85625,318.6333333333333,21222.916666666664,1
1256,1255.9999999999998,340.090104,318.9,21190.10400000002,1
1257,1256.9999999999993,340.34375,319.7,20643.75000000001,1
1258,1257.9999999999998,340.633333,319.26666666666665,21366.66633333334,1
1259,1258.9999999999998,340.872396,319.56666666666666,21305.72933333332,1
1260,1260.0,341.128125,319.53333333333336,21594.79166666665,1
1261,1261.0,341.415104,319.53333333333336,21881.770666666627,1
1262,1262.0000000000002,341.643229,319.46666666666664,22176.56233333338,1
1263,1263.0000000000002,341.879166,319.46666666666664,22412.49933333336,1
1264,1264.0000000000002,342.149479,319.7,22449.478999999996,1
1265,1265.0000000000002,342.353646,319.7,22653.646000000037,1
1266,1266.0000000000005,342.624479,319.73333333333335,22891.14566666666,1
1267,1267.0000000000002,342.89323,319.73333333333335,23159.896666666667,1
1268,1268.0000000000005,343.170833,319.73333333333335,23437.499666666667,1
1269,1269.0000000000007,343.425,324.4,19025.000000000033,1
1270,1270.0000000000005,343.984896,324.6333333333333,19351.562666666665,1
1271,1271.000000000001,344.260938,324.8333333333333,19427.604666666695,1
1272,1272.000000000001,344.540625,323.6666666666667,20873.958333333292,1
1273,1273.000000000001,344.789063,323.6666666666667,21122.396333333312,1
1274,1274.000000000001,345.022917,323.6666666666667,21356.250333333322,1
1275,1275.0000000000011,345.299479,323.6666666666667,21632.812333333335,1
1276,1276.000000000001,345.570833,323.7,21870.833000000006,1
1277,1277.0000000000014,345.829166,323.7,22129.165999999997,1
1278,1278.0000000000014,346.223437,323.7,22523.437,1
1279,1279.0000000000014,346.573438,323.7,22873.43800000002,1
1280,1280.0000000000014,346.802083,324.1333333333333,22668.749666666656,1
1281,1281.000000000002,347.128125,323.7,23428.125000000022,1
1282,1282.0000000000014,347.567708,324.6,22967.70799999996,1
1283,1283.000000000002,347.784896,324.7,23084.896000000015,1
1284,1284.000000000002,348.060417,324.7,23360.416999999983,1
1285,1285.000000000002,348.309375,325.23333333333335,23076.04166666664,1
1286,1286.000000000002,348.575,325.26666666666665,23308.333333333336,1
1287,1287.000000000002,348.914583,325.26666666666665,23647.91633333334,1
1288,1288.0000000000023,349.277084,325.26666666666665,24010.41733333335,1
1289,1289.0000000000023,349.503125,325.26666666666665,24236.45833333336,1
1290,1290.0000000000025,349.783854,325.26666666666665,24517.187333333368,1
1291,1291.0000000000025,350.0640620000001,325.06666666666666,24997.39533333343,1
1292,1292.0000000000025,350.313542,325.26666666666665,25046.875333333333,1
1293,1293.0000000000027,350.6375,325.6333333333333,25004.166666666664,1
1294,1294.0000000000027,350.982292,325.8,25182.29199999996,1
1295,1295.0000000000027,351.231771,326.03333333333336,25198.43766666662,1
1296,1296.000000000003,351.5625,329.6666666666667,21895.833333333314,1
1297,1297.000000000003,351.875521,329.9,21975.521000000015,1
1298,1298.000000000003,352.181771,330.1,22081.771000000004,1
1299,1299.0000000000032,352.679167,330.43333333333334,22245.83366666667,1
1300,1300.0000000000032,353.063542,330.7,22363.541999999994,1
1301,1301.0000000000032,353.415625,330.93333333333334,22482.29166666664,1
1302,1302.0000000000034,353.75625,332.93333333333334,20822.916666666686,1
1303,1303.0000000000034,354.221875,332.93333333333334,21288.541666666675,1
1304,1304.0000000000032,354.734375,332.93333333333334,21801.041666666664,1
1305,1305.0000000000061,355.269791,332.93333333333334,22336.45766666666,1
1306,1306.0000000000057,355.666667,332.93333333333334,22733.33366666668,1
1307,1307.0000000000057,355.905729,332.93333333333334,22972.39566666667,1
1308,1308.0000000000052,356.091667,334.8,21291.66699999996,1
1309,1309.000000000005,356.358333,335.0,21358.333000000017,1
1310,1310.0000000000048,356.553125,335.23333333333335,21319.791666666675,1
1311,1311.0000000000045,356.780729,335.43333333333334,21347.39566666667,1
1312,1312.0000000000045,357.013542,338.5,18513.541999999972,1
1313,1313.0000000000043,357.211458,338.3666666666667,18844.79133333332,1
1314,1314.0000000000039,357.429688,338.56666666666666,18863.021333333338,1
1315,1315.0000000000036,357.65625,338.8,18856.24999999999,1
1316,1316.0000000000034,357.857292,339.06666666666666,18790.625333333308,1
1317,1317.0000000000034,358.034375,337.7,20334.375000000022,1
1318,1318.0000000000032,358.235417,337.7,20535.416999999994,1
1319,1319.000000000003,358.417188,337.7,20717.18800000002,1
1320,1320.0000000000027,358.619792,337.7,20919.79200000003,1
1321,1321.0000000000023,358.842708,337.7,21142.708000000028,1
1322,1322.0000000000023,359.045834,337.7,21345.834000000024,1
1323,1323.000000000002,359.340104,337.7,21640.104000000007,1
1324,1324.0000000000016,359.622917,339.23333333333335,20389.583666666626,1
1325,1325.0000000000014,359.846875,338.9,20946.875000000033,1
1326,1326.0000000000011,360.057292,339.6666666666667,20390.625333333333,1
1327,1327.0000000000011,360.257291,339.3333333333333,20923.957666666694,1
1328,1328.000000000001,360.465625,340.1,20365.624999999967,1
1329,1329.0000000000005,360.666146,340.1,20566.146000000004,1
1330,1330.0000000000002,360.888542,340.1,20788.54199999995,1
1331,1331.0,361.068229,338.7,22368.228999999985,1
1332,1332.0,361.239062,338.96666666666664,22272.39533333335,1
1333,1332.9999999999998,361.458333,339.03333333333336,22424.999666666623,1
1334,1333.9999999999995,361.647396,339.03333333333336,22614.062666666654,1
1335,1334.999999999999,361.827604,339.03333333333336,22794.27066666665,1
1336,1335.9999999999989,362.023958,339.03333333333336,22990.624666666634,1
1337,1336.9999999999989,362.217708,339.03333333333336,23184.374666666656,1
1338,1337.9999999999986,362.426563,339.03333333333336,23393.229666666626,1
1339,1338.9999999999984,362.641667,339.03333333333336,23608.333666666626,1
1340,1339.999999999998,362.855208,339.03333333333336,23821.874666666645,1
1341,1340.9999999999977,363.042708,339.03333333333336,24009.374666666645,1
1342,1341.9999999999977,363.214063,339.03333333333336,24180.72966666665,1
1343,1342.9999999999973,363.385938,339.03333333333336,24352.60466666665,1
1344,1343.999999999997,363.552604,340.7,22852.603999999985,1
1345,1344.9999999999968,363.74375,340.93333333333334,22810.41666666664,1
1346,1345.9999999999966,363.910937,341.1666666666667,22744.270333333305,1
1347,1346.9999999999966,364.104688,341.4,22704.68800000003,1
1348,1347.9999999999964,364.316667,341.96666666666664,22350.000333333355,1
1349,1348.9999999999961,364.498959,344.6666666666667,19832.292333333327,1
1350,1349.9999999999957,364.691146,342.6666666666667,22024.47933333332,1
1351,1350.9999999999955,364.879687,342.26666666666665,22613.020333333337,1
1352,1351.9999999999955,365.057813,347.3333333333333,17724.479666666695,1
1353,1352.9999999999952,365.252083,347.3333333333333,17918.749666666714,1
1354,1353.999999999995,365.461458,347.3333333333333,18128.124666666678,1
1355,1354.9999999999948,365.614583,347.3333333333333,18281.249666666667,1
1356,1355.9999999999943,365.78125,347.93333333333334,17847.916666666664,1
1357,1356.9999999999943,365.98125,348.23333333333335,17747.91666666664,1
1358,1357.9999999999939,366.134896,348.43333333333334,17701.56266666669,1
1359,1358.9999999999936,366.321875,348.56666666666666,17755.208333333314,1
1360,1359.9999999999934,366.508333,348.96666666666664,17541.666333333353,1
1361,1360.9999999999932,366.710417,349.1666666666667,17543.750333333322,1
1362,1361.9999999999932,366.889583,349.46666666666664,17422.916333333374,1
1363,1362.999999999993,367.0625,349.7,17362.50000000001,1
1364,1363.9999999999927,367.24375,349.93333333333334,17310.41666666664,1
1365,1364.9999999999923,367.489583,350.9,16589.583000000006,1
1366,1365.9999999999918,367.695833,357.7,9995.833000000004,1
1367,1366.9999999999918,367.835938,357.93333333333334,9902.604666666663,1
1368,1367.9999999999918,368.003125,355.23333333333335,12769.791666666662,1
1369,1368.9999999999918,368.183854,355.56666666666666,12617.187333333333,1
1370,1369.9999999999918,368.325521,355.8666666666667,12458.854333333307,1
1371,1370.9999999999918,368.516667,356.06666666666666,12450.00033333332,1
1372,1371.9999999999918,368.715625,356.3333333333333,12382.291666666675,1
1373,1372.9999999999918,368.938542,356.53333333333336,12405.208666666624,1
1374,1373.9999999999918,369.117708,356.73333333333335,12384.374666666645,1
1375,1374.9999999999918,369.315625,356.96666666666664,12348.958333333372,1
1376,1375.9999999999918,369.521875,357.1666666666667,12355.208333333338,1
1377,1376.999999999992,369.796875,357.1666666666667,12630.208333333314,1
1378,1377.9999999999918,370.159375,357.1666666666667,12992.708333333325,1
1379,1378.9999999999918,370.339583,357.1666666666667,13172.91633333332,1
1380,1379.9999999999918,370.507292,357.6333333333333,12873.95866666668,1
1381,1380.9999999999918,370.69375,357.3666666666667,13327.083333333348,1
1382,1381.9999999999918,370.872917,357.6333333333333,13239.583666666647,1
1383,1382.9999999999918,370.920834,357.8333333333333,13087.5006666667,1
1384,1383.9999999999918,371.259375,357.1666666666667,14092.708333333292,1
1385,1384.9999999999918,371.436458,357.4,14036.458000000039,1
1386,1385.9999999999918,371.628125,357.6333333333333,13994.791666666686,1
1387,1386.9999999999918,371.789583,357.8666666666667,13922.91633333332,1
1388,1387.9999999999918,371.955208,358.1,13855.208000000004,1
1389,1388.9999999999918,372.132292,358.26666666666665,13865.625333333355,1
1390,1389.9999999999918,372.290625,357.6333333333333,14657.291666666652,1
1391,1390.9999999999918,372.470833,357.73333333333335,14737.49966666668,1
1392,1391.9999999999918,372.620833,357.73333333333335,14887.499666666656,1
1393,1392.9999999999918,372.788542,357.96666666666664,14821.875333333366,1
1394,1393.9999999999918,372.939583,357.73333333333335,15206.24966666668,1
1395,1394.999999999992,373.088542,357.96666666666664,15121.875333333377,1
1396,1395.999999999992,373.396354,357.76666666666665,15629.687333333322,1
1397,1396.999999999992,373.704167,357.8,15904.166999999972,1
1398,1397.999999999992,374.011979,357.8,16211.978999999985,1
1399,1398.9999999999918,374.319792,357.8,16519.791999999994,1
1400,1399.9999999999918,374.627605,357.8,16827.605000000007,1
1401,1400.9999999999918,374.935417,362.6333333333333,12302.083666666647,1
1402,1401.9999999999918,375.18125,362.8333333333333,12347.916666666662,1
1403,1402.9999999999918,375.327083,363.06666666666666,12260.416333333353,1
1404,1403.9999999999918,375.485417,363.1666666666667,12318.750333333299,1
1405,1404.9999999999918,375.660417,363.3666666666667,12293.75033333332,1
1406,1405.9999999999918,375.835417,363.6333333333333,12202.08366666668,1
1407,1406.9999999999918,376.017708,363.8333333333333,12184.374666666714,1
1408,1407.9999999999918,376.217708,362.73333333333335,13484.374666666667,1
1409,1408.9999999999918,376.396875,362.8666666666667,13530.208333333348,1
1410,1409.9999999999918,376.56875,362.93333333333334,13635.416666666686,1
1411,1410.9999999999918,376.755208,363.06666666666666,13688.54133333332,1
1412,1411.9999999999918,376.911458,363.1333333333333,13778.124666666656,1
1413,1412.9999999999918,377.097917,363.26666666666665,13831.250333333344,1
1414,1413.9999999999918,377.251042,363.4,13851.042000000007,1
1415,1414.9999999999918,377.426042,363.4,14026.042000000018,1
1416,1415.9999999999918,377.575,363.4,14175.000000000011,1
1417,1416.9999999999918,377.757292,363.4,14357.29200000003,1
1418,1417.9999999999918,377.88125,363.4,14481.250000000045,1
1419,1418.999999999992,378.019792,366.1666666666667,11853.12533333331,1
1420,1419.999999999992,378.248438,366.4,11848.438000000044,1
1421,1420.999999999992,378.477084,366.6,11877.083999999968,1
1422,1421.999999999992,378.70573,366.9,11805.73000000004,1
1423,1422.9999999999918,378.934375,366.53333333333336,12401.041666666628,1
1424,1423.9999999999918,379.163021,366.53333333333336,12629.687666666654,1
1425,1424.9999999999918,379.391667,366.76666666666665,12625.000333333333,1
1426,1425.9999999999918,379.661458,366.8666666666667,12794.791333333307,1
1427,1426.9999999999918,379.852083,366.9,12952.083000000017,1
1428,1427.9999999999918,380.065625,374.5,5565.625000000011,1
1429,1428.9999999999918,380.2625,374.7,5562.5,1
1430,1429.9999999999918,380.441667,375.8333333333333,4608.333666666681,1
1431,1430.9999999999918,380.644792,376.03333333333336,4611.4586666666355,1
1432,1431.9999999999918,380.864583,376.3,4564.5829999999705,1
1433,1432.9999999999918,381.067708,376.6,4467.707999999959,1
1434,1433.9999999999918,381.272917,376.6,4672.916999999984,1
1435,1434.9999999999918,381.451042,376.6,4851.04199999995,1
1436,1435.9999999999918,381.666667,376.6,5066.666999999996,1
1437,1436.9999999999918,381.942708,376.6,5342.707999999959,1
1438,1437.9999999999918,382.144792,376.6,5544.791999999972,1
1439,1438.9999999999918,382.330208,376.6,5730.208000000004,1
1440,1439.9999999999918,382.534375,376.6,5934.374999999989,1
1441,1440.9999999999918,382.745833,376.6,6145.832999999982,1
1442,1441.9999999999918,382.927083,376.6,6327.082999999959,1
1443,1442.9999999999918,383.153125,376.6,6553.124999999965,1
1444,1443.9999999999918,383.402083,376.6,6802.082999999982,1
1445,1444.9999999999918,383.596875,376.6,6996.874999999989,1
1446,1445.9999999999918,383.771875,376.6,7171.875,1
1447,1446.9999999999918,383.954167,376.8333333333333,7120.833666666669,1
1448,1447.9999999999918,384.138542,376.6333333333333,7505.208666666647,1
1449,1448.9999999999918,384.390625,376.9,7490.625000000023,1
1450,1449.9999999999918,384.638542,376.93333333333334,7705.2086666666355,1
1451,1450.9999999999918,384.833333,376.8666666666667,7966.666333333307,1
1452,1451.9999999999918,384.992708,377.3666666666667,7626.041333333319,1
1453,1452.9999999999918,385.189583,378.3666666666667,6822.916333333353,1
1454,1453.9999999999918,385.373958,378.6,6773.957999999993,1
1455,1454.9999999999918,385.5625,379.0,6562.5,1
1456,1455.9999999999918,385.775,379.06666666666666,6708.333333333314,1
1457,1456.9999999999918,385.948958,379.26666666666665,6682.291333333353,1
1458,1457.9999999999918,386.135417,385.8,335.41700000000674,1
1459,1458.9999999999918,386.30625,385.96666666666664,339.5833333333371,1
1460,1459.9999999999918,386.516667,386.1,416.66699999996126,1
1461,1460.9999999999918,386.792708,386.46666666666664,326.0413333333645,1
1462,1461.9999999999918,387.022917,386.7,322.9170000000181,1
1463,1462.9999999999918,387.23125,386.93333333333334,297.9166666666515,1
1464,1463.9999999999918,387.419792,387.1666666666667,253.12533333328702,1
1465,1464.9999999999918,387.651042,387.03333333333336,617.7086666666582,1
1466,1465.9999999999918,387.844792,387.23333333333335,611.4586666666355,1
1467,1466.9999999999918,388.038542,387.46666666666664,571.8753333333666,1
1468,1467.9999999999918,388.289583,387.6333333333333,656.2496666666675,1
1469,1468.9999999999918,388.496875,387.8666666666667,630.2083333333144,1
1470,1469.9999999999918,388.671875,388.03333333333336,638.5416666666401,1
1471,1470.9999999999918,388.884375,388.26666666666665,617.7083333333258,1
1472,1471.9999999999918,389.10625,388.5,606.2499999999886,1
1473,1472.9999999999918,389.458333,388.6666666666667,791.6663333332963,1
1474,1473.9999999999918,389.903125,388.8666666666667,1036.4583333333144,1
1475,1474.9999999999925,390.085417,389.1,985.416999999984,1
1476,1475.9999999999925,390.31198,389.3,1011.9799999999941,1
1477,1476.9999999999925,390.541667,389.6,941.6669999999954,1
1478,1477.9999999999923,390.74375,389.8333333333333,910.4166666666629,1
1479,1478.9999999999923,391.060417,390.26666666666665,793.7503333333211,1
1480,1479.999999999992,391.31302,390.46666666666664,846.3533333333544,1
1481,1480.999999999992,391.50625,390.7,806.2500000000341,1
1482,1481.999999999992,391.744271,390.93333333333334,810.937666666689,1
1483,1482.999999999992,391.9625,391.1666666666667,795.8333333332916,1
1484,1483.9999999999923,392.151563,391.46666666666664,684.89633333337,1
1485,1484.9999999999918,392.397917,391.73333333333335,664.5836666666582,1
1486,1485.9999999999918,392.659896,391.93333333333334,726.5626666666662,1
1487,1486.9999999999916,392.863542,392.1,763.5419999999726,1
1488,1487.9999999999918,393.111979,392.3,811.979000000008,1
1489,1488.9999999999916,393.35625,392.56666666666666,789.5833333333258,1
1490,1489.9999999999916,393.575,392.8333333333333,741.6666666666742,1
1491,1490.9999999999918,393.933333,393.0,933.3330000000046,1
1492,1491.9999999999914,394.283333,393.3,983.333000000016,1
1493,1492.9999999999916,394.571875,393.5,1071.8749999999773,1
1494,1493.9999999999914,394.836979,393.76666666666665,1070.3123333333338,1
1495,1494.9999999999916,395.066667,394.06666666666666,1000.0003333333325,1
1496,1495.9999999999911,395.28125,394.3,981.2499999999886,1
1497,1496.9999999999914,395.519792,394.76666666666665,753.1253333333439,1
1498,1497.9999999999905,395.810417,395.0,810.4169999999726,1
1499,1498.9999999999905,396.034375,395.23333333333335,801.0416666666629,1
1500,1499.9999999999905,396.305208,395.46666666666664,838.5413333333531,1
1501,1500.9999999999905,396.585417,395.7,885.4170000000181,1
1502,1501.9999999999902,396.819792,396.03333333333336,786.4586666666469,1
1503,1502.9999999999902,397.157292,396.23333333333335,923.9586666666355,1
1504,1503.99999999999,397.4375,396.5,937.5,1
1505,1504.99999999999,397.673958,396.76666666666665,907.2913333333759,1
1506,1505.99999999999,397.934375,396.93333333333334,1001.0416666666515,1
1507,1506.9999999999898,398.171875,397.26666666666665,905.2083333333485,1
1508,1507.9999999999898,398.403125,397.6,803.1249999999659,1
1509,1508.9999999999898,398.659375,397.8666666666667,792.7083333333371,1
1510,1509.9999999999895,398.906771,398.1,806.7709999999693,1
1511,1510.9999999999895,399.111458,398.3,811.458000000016,1
1512,1511.9999999999895,399.381771,398.56666666666666,815.1043333333519,1
1513,1512.9999999999895,399.596875,398.8333333333333,763.541666666697,1
1514,1513.9999999999895,399.821875,399.1,721.8749999999545,1
1515,1514.9999999999893,400.107292,399.3,807.2919999999613,1
1516,1515.9999999999893,400.403646,399.53333333333336,870.3126666666208,1
1517,1516.999999999989,400.64375,399.8,843.75,1
1518,1517.9999999999893,400.91875,400.03333333333336,885.4166666666288,1
1519,1518.999999999989,401.163542,400.26666666666665,896.8753333333552,1
1520,1519.999999999989,401.405208,400.56666666666666,838.5413333333531,1
1521,1520.9999999999889,401.648958,400.8333333333333,815.6246666666789,1
1522,1521.9999999999889,401.942708,401.06666666666666,876.041333333319,1
1523,1522.9999999999884,402.15,401.3333333333333,816.6666666666629,1
1524,1523.9999999999889,402.377083,401.56666666666666,810.4163333333645,1
1525,1524.9999999999889,402.611458,401.8333333333333,778.124666666713,1
1526,1525.9999999999884,402.8125,402.1,712.4999999999773,1
1527,1526.9999999999884,403.076042,402.3,776.0419999999613,1
1528,1527.9999999999882,403.311979,402.5,811.979000000008,1
1529,1528.9999999999882,403.477083,402.8,677.0829999999819,1
1530,1529.9999999999882,403.754167,402.96666666666664,787.5003333333552,1
1531,1530.9999999999882,403.971875,403.23333333333335,738.5416666666629,1
1532,1531.999999999988,404.19375,403.46666666666664,727.0833333333826,1
1533,1532.999999999988,404.458333,403.7,758.3329999999933,1
1534,1533.9999999999882,404.742188,403.9,842.1880000000215,1
1535,1534.9999999999877,404.934375,404.1333333333333,801.0416666666629,1
1536,1535.9999999999882,405.18125,404.3666666666667,814.583333333303,1
1537,1536.9999999999877,405.413542,404.6333333333333,780.208666666681,1
1538,1537.9999999999877,405.625,404.9,725.0000000000227,1
1539,1538.9999999999875,405.846875,405.1333333333333,713.5416666666856,1
1540,1539.9999999999875,406.086979,405.3333333333333,753.6456666666709,1
1541,1540.9999999999875,406.284375,405.6,684.3749999999886,1
1542,1541.9999999999875,406.516146,405.76666666666665,749.4793333333405,1
1543,1542.999999999987,406.763542,406.0,763.5419999999726,1
1544,1543.999999999987,407.041667,406.23333333333335,808.3336666666696,1
1545,1544.9999999999868,407.395833,406.5,895.8329999999819,1
1546,1545.9999999999868,407.644531,406.7,944.5309999999836,1
1547,1546.9999999999866,407.893229,406.93333333333334,959.8956666666822,1
1548,1547.9999999999868,408.154167,407.2,954.166999999984,1
1549,1548.9999999999868,408.402083,407.5,902.0830000000046,1
1550,1549.9999999999868,408.534375,407.8666666666667,667.7083333333371,1
1551,1550.9999999999864,408.70625,408.1,606.2499999999886,1
1552,1551.9999999999864,408.926042,408.3333333333333,592.708666666681,1
1553,1552.9999999999861,409.094792,408.56666666666666,528.1253333333211,1
1554,1553.9999999999861,409.289583,408.8333333333333,456.2496666666789,1
1555,1554.9999999999861,409.4875,409.03333333333336,454.1666666666515,1
1556,1555.9999999999861,409.685416,409.06666666666666,618.7493333333123,1
1557,1556.9999999999861,409.883333,409.3333333333333,549.9996666666789,1
1558,1557.999999999986,410.129167,409.56666666666666,562.5003333333325,1
1559,1558.999999999986,410.3,409.73333333333335,566.6666666666629,1
1560,1559.9999999999857,410.464583,409.9,564.5830000000274,1
1561,1560.9999999999857,410.677604,410.1,577.6039999999512,1
1562,1561.9999999999857,410.872917,410.26666666666665,606.2503333333211,1
1563,1562.9999999999857,411.176042,410.4,776.0420000000181,1
1564,1563.9999999999854,411.347917,410.6333333333333,714.5836666666696,1
1565,1564.9999999999854,411.527083,410.8666666666667,660.4163333333304,1
1566,1565.9999999999854,411.719792,411.1333333333333,586.4586666666582,1
1567,1566.9999999999852,411.929167,411.3333333333333,595.8336666666924,1
1568,1567.9999999999854,412.124479,411.5,624.479000000008,1
1569,1568.9999999999852,412.383333,411.7,683.3330000000046,1
1570,1569.9999999999852,412.676562,411.8666666666667,809.8953333333156,1
1571,1570.9999999999852,412.834375,412.06666666666666,767.7083333333599,1
1572,1571.9999999999852,413.020312,412.3,720.3119999999785,1
1573,1572.9999999999852,413.211458,412.56666666666666,644.7913333333304,1
1574,1573.9999999999852,413.444792,412.8666666666667,578.1253333333325,1
1575,1574.999999999985,413.616667,413.03333333333336,583.3336666666469,1
1576,1575.999999999985,413.766667,413.1666666666667,600.0003333332984,1
1577,1576.9999999999848,413.946875,413.4,546.875,1
1578,1577.9999999999848,414.140625,413.56666666666666,573.9583333333371,1
1579,1578.9999999999848,414.357639,413.8,557.6389999999947,1
1580,1579.9999999999845,414.574653,414.03333333333336,541.3196666666522,1
1581,1580.9999999999848,414.791667,414.1333333333333,658.3336666666924,1
1582,1581.9999999999843,414.964583,414.1333333333333,831.2496666666789,1
1583,1582.9999999999843,415.141667,414.6333333333333,508.33366666665825,1
1584,1583.999999999984,415.313021,414.8333333333333,479.6876666666776,1
1585,1584.9999999999843,415.498958,414.93333333333334,565.6246666666789,1
1586,1585.999999999984,415.698958,415.1333333333333,565.6246666666789,1
1587,1586.999999999984,415.96875,415.26666666666665,702.0833333333485,1
1588,1587.9999999999839,416.15625,415.53333333333336,622.9166666666401,1
1589,1588.9999999999839,416.321875,415.7,621.8749999999886,1
1590,1589.9999999999834,416.519792,415.9,619.7920000000181,1
1591,1590.9999999999834,416.697396,416.1333333333333,564.0626666667004,1
1592,1591.9999999999834,416.886459,416.26666666666665,619.7923333333506,1
1593,1592.9999999999834,417.144792,416.53333333333336,611.4586666666355,1
1594,1593.9999999999832,417.3375,416.7,637.4999999999886,1
1595,1594.9999999999832,417.517708,416.8333333333333,684.374666666713,1
1596,1595.9999999999832,417.694792,417.06666666666666,628.1253333333439,1
1597,1596.999999999983,417.890625,417.3333333333333,557.2916666666856,1
1598,1597.999999999983,418.088542,417.53333333333336,555.2086666666582,1
1599,1598.999999999983,418.342188,417.7,642.1880000000328,1
1600,1599.999999999983,418.529167,417.8666666666667,662.5003333332984,1
1601,1600.9999999999827,418.703125,418.06666666666666,636.4583333333371,1
1602,1601.9999999999827,418.890625,418.3,590.6249999999886,1
1603,1602.9999999999825,419.085938,418.53333333333336,552.6046666666389,1
1604,1603.9999999999825,419.270833,418.7,570.8329999999933,1
1605,1604.9999999999823,419.496875,418.9,596.8750000000114,1
1606,1605.9999999999825,419.719792,419.03333333333336,686.4586666666241,1
1607,1606.999999999982,419.892708,419.2,692.7080000000387,1
1608,1607.999999999982,420.173437,419.46666666666664,706.7703333333384,1
1609,1608.999999999982,420.404167,419.6666666666667,737.500333333287,1
1610,1609.9999999999818,420.603646,419.8666666666667,736.9793333333519,1
1611,1610.9999999999818,420.807813,420.1333333333333,674.4796666666844,1
1612,1611.9999999999816,421.008333,420.3333333333333,674.9996666666789,1
1613,1612.9999999999816,421.232292,420.53333333333336,698.9586666666128,1
1614,1613.9999999999814,421.4875,420.8333333333333,654.166666666697,1
1615,1614.9999999999814,421.688542,421.1333333333333,555.2086666666582,1
1616,1615.9999999999811,421.882292,421.3,582.2919999999954,1
1617,1616.9999999999811,422.141667,421.43333333333334,708.3336666666469,1
1618,1617.999999999981,422.515625,421.6333333333333,882.2916666666742,1
1619,1618.999999999981,422.692708,421.8333333333333,859.3746666666675,1
1620,1619.999999999981,422.828125,422.1,728.1249999999773,1
1621,1620.9999999999807,422.965625,422.3333333333333,632.2916666666742,1
1622,1621.999999999981,423.084896,422.56666666666666,518.2293333333519,1
1623,1622.9999999999807,423.233333,422.76666666666665,466.6663333333645,1
1624,1623.9999999999807,423.361458,423.0,361.45800000002737,1
1625,1624.9999999999804,423.491667,423.1333333333333,358.333666666681,1
1626,1625.9999999999807,423.631771,423.6,31.770999999992,1
1627,1626.9999999999802,423.805208,423.6333333333333,171.8746666666675,1
1628,1627.9999999999804,424.025,424.03333333333336,8.333333333382598,1
1629,1628.9999999999802,424.566667,424.3333333333333,233.33366666668098,1
1630,1629.9999999999802,425.079167,424.26666666666665,812.5003333333325,1
1631,1630.9999999999798,425.280208,424.4,880.2080000000387,1
1632,1631.9999999999802,425.513542,424.5,1013.5419999999726,1
1633,1632.9999999999798,425.739583,424.76666666666665,972.9163333333304,1
1634,1633.9999999999798,425.9375,425.0,937.5,1
1635,1634.9999999999798,426.197917,425.26666666666665,931.2503333333666,1
1636,1635.9999999999795,426.49375,425.6333333333333,860.4166666666515,1
1637,1636.9999999999795,426.661458,425.8666666666667,794.7913333333076,1
1638,1637.9999999999795,426.891667,426.1333333333333,758.3336666666582,1
1639,1638.9999999999795,427.113541,426.3666666666667,746.8743333333236,1
1640,1639.9999999999793,427.30625,426.6,706.2499999999545,1
1641,1640.9999999999793,427.553125,426.8666666666667,686.4583333333485,1
1642,1641.999999999979,427.8375,427.1,737.4999999999545,1
1643,1642.999999999979,428.008333,427.26666666666665,741.6663333333418,1
1644,1643.999999999979,428.258333,427.46666666666664,791.6663333333531,1
1645,1644.999999999979,428.476563,427.7,776.5630000000101,1
1646,1645.9999999999789,428.695833,427.96666666666664,729.1663333333531,1
1647,1646.9999999999789,429.014583,428.2,814.5830000000274,1
1648,1647.9999999999789,429.357292,428.43333333333334,923.9586666666355,1
1649,1648.9999999999786,429.51875,428.6333333333333,885.4166666666856,1
1650,1649.9999999999789,429.770833,428.8666666666667,904.1663333333076,1
1651,1650.9999999999786,430.013021,429.2,813.020999999992,1
1652,1651.9999999999786,430.223958,429.46666666666664,757.2913333333418,1
1653,1652.9999999999784,430.486458,429.76666666666665,719.7913333333759,1
1654,1653.9999999999784,430.799479,429.96666666666664,832.8123333333792,1
1655,1654.999999999978,430.972916,430.1666666666667,806.2493333333123,1
1656,1655.9999999999784,431.259375,430.4,859.375,1
1657,1656.999999999978,431.569792,430.6333333333333,936.458666666681,1
1658,1657.999999999978,431.766666,430.96666666666664,799.9993333333464,1
1659,1658.9999999999777,431.997396,431.1666666666667,830.729333333295,1
1660,1659.9999999999777,432.335938,431.46666666666664,869.2713333333586,1
1661,1660.9999999999777,432.505208,431.7,805.2079999999933,1
1662,1661.9999999999777,432.802083,431.96666666666664,835.4163333333418,1
1663,1662.9999999999777,433.057813,432.2,857.8130000000215,1
1664,1663.9999999999775,433.258333,432.43333333333334,824.9996666666561,1
1665,1664.9999999999775,433.470833,432.6666666666667,804.1663333333418,1
1666,1665.9999999999773,433.820833,433.0,820.8329999999933,1
1667,1666.9999999999773,433.976563,433.23333333333335,743.2296666666502,1
1668,1667.9999999999773,434.255729,433.43333333333334,822.3956666666368,1
1669,1668.9999999999773,434.534375,433.6666666666667,867.7083333333258,1
1670,1669.999999999977,434.730729,433.96666666666664,764.0623333333565,1
1671,1670.999999999977,434.969791,434.1666666666667,803.1243333333009,1
1672,1671.9999999999768,435.306771,434.4,906.7710000000488,1
1673,1672.9999999999768,435.471875,434.6666666666667,805.2083333333258,1
1674,1673.999999999977,435.748959,434.93333333333334,815.6256666666764,1
1675,1674.9999999999768,436.027084,435.1666666666667,860.4173333333165,1
1676,1675.9999999999768,436.215625,435.46666666666664,748.9583333333485,1
1677,1676.9999999999766,436.419792,435.73333333333335,686.4586666666241,1
1678,1677.9999999999766,436.804167,436.0,804.1670000000067,1
1679,1678.999999999976,436.985416,436.2,785.4159999999979,1
1680,1679.9999999999766,437.224479,436.4,824.4789999999966,1
1681,1680.999999999976,437.454167,436.6333333333333,820.8336666666582,1
1682,1681.999999999976,437.672917,436.96666666666664,706.2503333333439,1
1683,1682.9999999999757,437.890104,437.1666666666667,723.4373333333224,1
1684,1683.9999999999757,438.353646,437.4,953.6460000000488,1
1685,1684.9999999999754,438.527084,437.6,927.0839999999794,1
1686,1685.9999999999757,438.773438,437.8666666666667,906.7713333333245,1
1687,1686.9999999999757,439.01823,438.1,918.2299999999941,1
1688,1687.9999999999754,439.20625,438.46666666666664,739.5833333333712,1
1689,1688.9999999999752,439.379167,438.7,679.1670000000067,1
1690,1689.9999999999752,439.868229,438.93333333333334,934.8956666666481,1
1691,1690.9999999999752,440.119792,439.2,919.7920000000295,1
1692,1691.9999999999752,440.352083,439.4,952.083000000016,1
1693,1692.9999999999752,440.597917,439.6666666666667,931.2503333333098,1
1694,1693.999999999975,440.827083,440.06666666666666,760.4163333333531,1
1695,1694.999999999975,441.066667,440.3,766.666999999984,1
1696,1695.9999999999748,441.521875,440.53333333333336,988.5416666666629,1
1697,1696.9999999999748,441.705729,440.73333333333335,972.3956666666709,1
1698,1697.9999999999748,441.951563,441.0,951.5630000000215,1
1699,1698.9999999999748,442.201563,441.26666666666665,934.89633333337,1
1700,1699.9999999999748,442.400521,441.6666666666667,733.8543333333405,1
1701,1700.9999999999745,442.663542,441.9,763.5420000000295,1
1702,1701.9999999999745,443.090104,442.1666666666667,923.437333333311,1
1703,1702.9999999999743,443.307292,442.4,907.2920000000408,1
1704,1703.9999999999745,443.576042,442.6,976.0419999999499,1
1705,1704.9999999999743,443.826563,442.7,1126.5630000000328,1
1706,1705.9999999999743,444.023438,443.26666666666665,756.7713333333472,1
1707,1706.9999999999739,444.265104,443.5,765.104000000008,1
1708,1707.9999999999739,444.903125,443.73333333333335,1169.7916666666401,1
1709,1708.9999999999736,445.180729,443.93333333333334,1247.3956666666481,1
1710,1709.9999999999739,445.445834,443.93333333333334,1512.5006666666536,1
1711,1710.9999999999736,445.69375,443.93333333333334,1760.4166666666856,1
1712,1711.9999999999736,445.910937,443.93333333333334,1977.6036666666528,1
1713,1712.9999999999736,446.171354,443.93333333333334,2238.020666666671,1
1714,1713.9999999999734,447.075521,443.93333333333334,3142.1876666666435,1
1715,1714.9999999999748,447.420833,445.8666666666667,1554.1663333333418,1
1716,1715.9999999999748,447.69375,446.1,1593.75,1
1717,1716.9999999999748,447.965104,446.1333333333333,1831.7706666666709,1
1718,1717.999999999975,448.238542,446.1333333333333,2105.2086666666696,1
1719,1718.999999999975,448.515625,446.1333333333333,2382.2916666666742,1
1720,1719.999999999975,448.886458,446.1333333333333,2753.124666666679,1
1721,1720.999999999975,449.140625,446.1333333333333,3007.2916666666742,1
1722,1721.999999999975,449.416146,446.1333333333333,3282.8126666667004,1
1723,1722.999999999975,449.684896,446.3333333333333,3351.5626666666662,1
1724,1723.999999999975,449.967188,449.06666666666666,900.5213333333586,1
1725,1724.999999999975,450.3125,449.3,1012.4999999999886,1
1726,1725.9999999999752,450.603125,449.6,1003.1249999999545,1
1727,1726.9999999999752,450.89375,449.8333333333333,1060.416666666697,1
1728,1727.9999999999752,451.184375,450.1333333333333,1051.0416666666629,1
1729,1728.9999999999752,451.475,450.46666666666664,1008.3333333333826,1
1730,1729.9999999999752,451.765625,450.73333333333335,1032.2916666666515,1
1731,1730.999999999975,452.05625,450.76666666666665,1289.5833333333258,1
1732,1731.999999999975,452.346875,450.93333333333334,1413.5416666666742,1
1733,1732.9999999999804,452.761458,451.1666666666667,1594.791333333319,1
1734,1733.9999999999802,453.042188,451.5,1542.18800000001,1
1735,1734.9999999999802,453.322917,451.53333333333336,1789.5836666666582,1
1736,1735.9999999999798,453.643229,451.93333333333334,1709.8956666666822,1
1737,1736.9999999999798,453.993229,452.1333333333333,1859.8956666666595,1
1738,1737.9999999999802,454.486068,452.3333333333333,2152.7346666666745,1
1739,1738.9999999999802,454.97890700000005,453.5,1478.9070000000493,1
1740,1739.9999999999802,455.471745,453.8333333333333,1638.4116666666841,1
1741,1740.9999999999798,455.964584,454.03333333333336,1931.2506666666422,1
1742,1741.9999999999918,456.618229,454.03333333333336,2584.8956666666254,1
1743,1742.9999999999918,457.618229,454.03333333333336,3584.8956666666254,1
1744,1743.9999999999918,458.131315,454.03333333333336,4097.981666666612,1
1745,1744.9999999999916,458.644401,454.03333333333336,4611.067666666657,1
1746,1745.9999999999916,459.157487,454.03333333333336,5124.153666666643,1
1747,1746.9999999999916,459.6705730000001,455.56666666666666,4103.906333333442,1
1748,1747.9999999999916,460.183659,454.3666666666667,5816.992333333303,1
1749,1748.9999999999918,460.696745,454.56666666666666,6130.078333333358,1
1750,1749.999999999972,461.209831,454.8333333333333,6376.4976666666935,1
1751,1750.9999999999718,461.722917,454.8666666666667,6856.250333333321,1
1752,1751.9999999999714,461.896354,454.8666666666667,7029.6873333333,1
1753,1752.9999999999714,462.097136,454.8666666666667,7230.469333333303,1
1754,1753.9999999999714,462.297917,454.96666666666664,7331.250333333344,1
1755,1754.9999999999704,462.511979,456.03333333333336,6478.645666666636,1
1756,1755.9999999999707,462.73984400000006,456.03333333333336,6706.510666666702,1
1757,1756.9999999999707,462.967709,456.03333333333336,6934.375666666654,1
1758,1757.9999999999704,463.195573,456.8,6395.573000000013,1
1759,1758.9999999999704,463.423438,462.1333333333333,1290.1046666666502,1
1760,1759.9999999999704,463.65130199999993,460.0,3651.30199999993,1
1761,1760.99999999997,463.879167,460.0,3879.1669999999954,1
1762,1761.9999999999704,464.111979,460.2,3911.9790000000307,1
1763,1762.9999999999702,464.344792,460.0,4344.791999999984,1
1764,1763.9999999999702,464.577604,460.0,4577.604000000008,1
1765,1764.9999999999702,464.752517,460.23333333333335,4519.183666666663,1
1766,1765.9999999999704,464.92743,460.3666666666667,4560.7633333333415,1
1767,1766.9999999999702,465.102343,459.7,5402.34300000003,1
1768,1767.9999999999702,465.277257,460.6666666666667,4610.5903333333345,1
1769,1768.9999999999702,465.45217,465.1333333333333,318.83666666669797,1
1770,1769.99999999997,465.627083,465.3,327.083000000016,1
1771,1770.9999999999702,465.785677,465.53333333333336,252.3436666666612,1
1772,1771.9999999999698,465.944271,465.56666666666666,377.60433333335186,1
1773,1772.9999999999698,466.183333,465.6,583.3329999999819,1
1774,1773.9999999999698,466.398958,465.8666666666667,532.291333333319,1
1775,1774.9999999999698,466.614583,466.0,614.5829999999819,1
1776,1775.9999999999684,466.800521,466.1333333333333,667.1876666666776,1
1777,1776.9999999999688,467.005729,466.3333333333333,672.3956666666595,1
1778,1777.9999999999686,467.210938,466.6333333333333,577.604666666673,1
1779,1778.999999999968,467.421355,466.73333333333335,688.021666666657,1
1780,1779.9999999999677,467.679254,466.9,779.2540000000372,1
1781,1780.999999999968,467.937153,467.0,937.1530000000234,1
1782,1781.999999999968,468.195052,467.3666666666667,828.3853333333013,1
1783,1782.999999999968,468.452951,467.6,852.9509999999618,1
1784,1783.9999999999677,468.710851,467.8333333333333,877.5176666666766,1
1785,1784.9999999999675,468.96875,468.06666666666666,902.0833333333371,1
1786,1785.9999999999677,469.207292,468.3333333333333,873.958666666681,1
1787,1786.9999999999677,469.445833,468.56666666666666,879.1663333333304,1
1788,1787.9999999999675,469.684375,468.9,784.3750000000114,1
1789,1788.9999999999675,469.881945,469.1,781.9449999999506,1
1790,1789.9999999999675,470.079514,469.4,679.5140000000401,1
1791,1790.9999999999677,470.277084,469.6666666666667,610.4173333333165,1
1792,1791.9999999999675,470.4746530000001,469.9,574.6530000001258,1
1793,1792.9999999999675,470.672222,470.06666666666666,605.5553333333137,1
1794,1793.9999999999673,470.869792,470.3666666666667,503.12533333334386,1
1795,1794.9999999999673,471.047917,470.4,647.9170000000067,1
1796,1795.9999999999668,471.226042,470.6666666666667,559.3753333333211,1
1797,1796.9999999999668,471.472396,470.8,672.395999999992,1
1798,1797.999999999967,471.626389,471.06666666666666,559.7223333333545,1
1799,1798.9999999999668,471.780382,471.26666666666665,513.7153333333231,1
1800,1799.9999999999668,471.934375,471.4,534.3750000000114,1
1801,1800.999999999967,472.093403,471.6333333333333,460.0696666666977,1
1802,1801.9999999999668,472.25243,471.9,352.43000000002667,1
1803,1802.9999999999668,472.411458,472.1333333333333,278.12466666665614,1
1804,1803.9999999999668,472.577778,472.26666666666665,311.11133333337193,1
1805,1804.9999999999666,472.744097,472.3333333333333,410.7636666666963,1
1806,1805.9999999999663,472.910416,472.3666666666667,543.7493333333236,1
1807,1806.9999999999668,473.170908,472.6333333333333,537.5746666666714,1
1808,1807.9999999999668,473.431399,473.3666666666667,64.73233333332473,1
1809,1808.9999999999666,473.69189000000006,473.76666666666665,74.77666666659388,1
1810,1809.9999999999666,473.952381,473.8666666666667,85.71433333332834,1
1811,1810.9999999999668,474.212872,473.96666666666664,246.20533333336425,1
1812,1811.9999999999668,474.473363,473.96666666666664,506.69633333336606,1
1813,1812.9999999999666,474.733854,474.2,533.8540000000194,1
1814,1813.9999999999666,474.93932300000006,474.23333333333335,705.98966666671,1
1815,1814.9999999999666,475.144791,474.23333333333335,911.4576666666494,1
1816,1815.9999999999668,475.35025999999993,474.3666666666667,983.5933333332605,1
1817,1816.9999999999666,475.555729,474.93333333333334,622.3956666666481,1
1818,1817.9999999999666,475.761198,475.2,561.1979999999903,1
1819,1818.9999999999666,475.966667,475.3666666666667,600.0003333332984,1
1820,1819.9999999999666,476.172135,475.6,572.135000000003,1
1821,1820.9999999999668,476.377604,475.8,577.604000000008,1
1822,1821.9999999999668,476.58307300000007,475.8,783.0730000000585,1
1823,1822.9999999999668,476.788542,475.8,988.5419999999954,1
1824,1823.999999999966,476.98125,475.8,1181.2499999999773,1
1825,1824.999999999966,477.176302,475.8,1376.3020000000097,1
1826,1825.9999999999652,477.371354,475.8,1571.3539999999853,1
1827,1826.9999999999648,477.601563,475.0,2601.5629999999987,1
1828,1827.9999999999645,477.84401,475.2,2644.010000000037,1
1829,1828.9999999999645,478.086458,475.43333333333334,2653.124666666656,1
1830,1829.9999999999648,478.328906,475.7,2628.906000000029,1
1831,1830.9999999999648,478.571354,477.76666666666665,804.6873333333338,1
1832,1831.9999999999645,478.813802,478.0,813.8020000000097,1
1833,1832.9999999999645,479.05625,478.23333333333335,822.9166666666288,1
1834,1833.9999999999643,479.276215,478.5,776.2149999999792,1
1835,1834.9999999999645,479.49618,478.73333333333335,762.8466666666327,1
1836,1835.999999999964,479.716145,478.93333333333334,782.811666666646,1
1837,1836.9999999999643,479.894791,479.1666666666667,728.1243333333123,1
1838,1837.9999999999643,480.073437,479.43333333333334,640.1036666666755,1
1839,1838.9999999999643,480.252083,479.5,752.0830000000274,1
1840,1839.9999999999645,480.430729,479.93333333333334,497.39566666664814,1
1841,1840.9999999999638,480.609375,480.1333333333333,476.04166666667425,1
1842,1841.9999999999638,480.835417,480.4,435.4170000000295,1
1843,1842.9999999999638,480.99948,480.56666666666666,432.8133333333426,1
1844,1843.9999999999636,481.163542,480.8333333333333,330.20866666669235,1
1845,1844.9999999999636,481.4125,481.1,312.5,1
1846,1845.9999999999636,481.626302,481.1666666666667,459.63533333332407,1
1847,1846.9999999999636,481.840104,481.43333333333334,406.7706666666595,1
1848,1847.9999999999627,482.026042,481.3666666666667,659.3753333333439,1
1849,1848.9999999999627,482.227604,481.6,627.6039999999625,1
1850,1849.9999999999627,482.429167,481.9,529.1670000000295,1
1851,1850.9999999999616,482.647917,481.96666666666664,681.2503333333666,1
1852,1851.999999999962,482.89809,482.1333333333333,764.756666666699,1
1853,1852.9999999999616,483.148264,482.23333333333335,914.9306666666348,1
1854,1853.9999999999616,483.398437,482.6,798.4369999999785,1
1855,1854.999999999962,483.648611,482.8333333333333,815.2776666667023,1
1856,1855.999999999962,483.898784,483.06666666666666,832.117333333315,1
1857,1856.9999999999616,484.148958,483.3,848.9579999999819,1
1858,1857.9999999999616,484.402778,483.56666666666666,836.1113333333492,1
1859,1858.9999999999613,484.656597,483.8,856.5969999999652,1
1860,1859.9999999999616,484.910417,484.1,810.4169999999726,1
1861,1860.9999999999616,485.110417,484.3333333333333,777.0836666666696,1
1862,1861.9999999999613,485.310417,484.6,710.4169999999499,1
1863,1862.9999999999613,485.510417,484.8333333333333,677.0836666667037,1
1864,1863.9999999999613,485.710417,485.1,610.416999999984,1
1865,1864.9999999999613,485.910417,485.3,610.416999999984,1
1866,1865.999999999961,486.110417,485.3,810.4169999999726,1
1867,1866.9999999999613,486.281771,485.53333333333336,748.4376666666321,1
1868,1867.999999999961,486.453125,485.96666666666664,486.45833333335986,1
1869,1868.9999999999607,486.6875,486.3333333333333,354.1666666666856,1
1870,1869.999999999961,486.845139,486.3333333333333,511.805666666703,1
1871,1870.999999999961,487.002778,486.3333333333333,669.4446666666636,1
1872,1871.9999999999607,487.160417,486.3333333333333,827.083666666681,1
1873,1872.9999999999607,487.309028,486.9,409.0280000000348,1
1874,1873.9999999999607,487.457639,487.1,357.6389999999492,1
1875,1874.9999999999607,487.60625,487.6333333333333,27.083333333337123,1
1876,1875.9999999999607,487.79757,487.8,2.430000000003929,1
1877,1876.9999999999607,487.988889,487.8333333333333,155.55566666665754,1
1878,1877.9999999999604,488.180208,488.06666666666666,113.54133333333039,1
1879,1878.9999999999604,488.395313,488.06666666666666,328.6463333333245,1
1880,1879.9999999999607,488.610417,488.06666666666666,543.7503333333211,1
1881,1880.9999999999607,488.825521,488.1666666666667,658.854333333295,1
1882,1881.9999999999607,489.040625,488.3666666666667,673.958333333303,1
1883,1882.9999999999604,489.255729,488.6,655.7289999999512,1
1884,1883.9999999999604,489.470833,488.8666666666667,604.1663333333531,1
1885,1884.9999999999607,490.111284,489.06666666666666,1044.617333333349,1
1886,1885.9999999999607,490.75173600000005,489.26666666666665,1485.0693333333993,1
1887,1886.9999999999604,491.392187,489.46666666666664,1925.5203333333384,1
1888,1887.9979166666267,491.445573,489.73333333333335,1712.239666666676,1
1889,1888.9979166666265,491.498958,489.96666666666664,1532.2913333333759,1
1890,1889.9999999999598,491.55234400000006,490.06666666666666,1485.677333333399,1
1891,1890.997916666626,491.605729,490.46666666666664,1139.0623333333565,1
1892,1891.9979166666258,491.659115,490.6333333333333,1025.78166666666,1
1893,1892.9999999999588,491.7125,490.93333333333334,779.1666666666401,1
1894,1893.9999999999588,491.914844,491.1333333333333,781.5106666666907,1
1895,1894.999999999959,492.117188,491.3333333333333,783.8546666666844,1
1896,1895.9999999999588,492.296354,491.53333333333336,763.0206666666481,1
1897,1896.9999999999588,492.501042,491.8333333333333,667.7086666666696,1
1898,1897.9999999999586,492.622917,492.06666666666666,556.2503333333098,1
1899,1898.9999999999584,492.81875,492.3,518.7500000000114,1
1900,1899.9999999999584,492.996875,492.56666666666666,430.20833333332575,1
1901,1900.9999999999575,493.16875,492.7,468.75,1
1902,1901.9999999999575,493.334375,492.96666666666664,367.7083333333826,1
1903,1902.9999999999575,493.575347,493.1666666666667,408.6803333333364,1
1904,1903.9999999999575,493.81632,493.53333333333336,282.98666666665895,1
1905,1904.9999999999575,494.057292,493.76666666666665,290.6253333333666,1
1906,1905.999999999957,494.202083,493.56666666666666,635.4163333333531,1
1907,1906.999999999957,494.376042,493.6666666666667,709.3753333332984,1
1908,1907.9999999999568,494.55625,493.6666666666667,889.5833333332916,1
1909,1908.9999999999568,494.760417,493.6666666666667,1093.7503333333325,1
1910,1909.9999999999568,494.953125,493.6666666666667,1286.4583333333144,1
1911,1910.9999999999566,495.11875,494.53333333333336,585.4166666666174,1
1912,1911.9999999999566,495.292708,494.73333333333335,559.3746666666561,1
1913,1912.9999999999563,495.475,495.0,475.00000000002274,1
1914,1913.999999999956,495.651042,495.1666666666667,484.3753333333325,1
1915,1914.9999999999561,495.864583,495.3,564.5829999999705,1
1916,1915.999999999956,496.052083,495.43333333333334,618.7496666666448,1
1917,1916.999999999956,496.351042,495.6,751.041999999984,1
1918,1917.999999999956,496.525,495.8333333333333,691.6666666666629,1
1919,1918.999999999956,496.698959,496.1,598.9589999999794,1
1920,1919.9999999999561,496.886979,496.3333333333333,553.6456666666822,1
1921,1920.9999999999557,497.096875,496.56666666666666,530.2083333333485,1
1922,1921.9999999999557,497.211458,496.8,411.4579999999819,1
1923,1922.9999999999554,497.411458,497.3,111.45799999997053,1
1924,1923.9999999999552,497.58125,497.53333333333336,47.91666666665151,1
1925,1924.9999999999552,497.760417,497.76666666666665,6.249666666633402,1
1926,1925.9999999999543,497.952083,497.76666666666665,185.4163333333645,1
1927,1926.9999999999548,498.128472,497.93333333333334,195.1386666666508,1
1928,1927.9999999999548,498.304861,498.0,304.8610000000167,1
1929,1928.9999999999543,498.48125,497.96666666666664,514.5833333333485,1
1930,1929.9999999999543,498.675,498.2,475.00000000002274,1
1931,1930.9999999999538,498.83125,498.43333333333334,397.91666666667425,1
1932,1931.9999999999538,498.983855,498.6333333333333,350.5216666666797,1
1933,1932.9999999999538,499.15,498.6666666666667,483.33333333329165,1
1934,1933.9999999999536,499.314583,498.9,414.5830000000501,1
1935,1934.9999999999538,499.507292,498.96666666666664,540.6253333333666,1
1936,1935.9999999999534,499.694792,499.2,494.7920000000181,1
1937,1936.9999999999534,499.880208,499.4,480.20800000000463,1
1938,1937.9999999999532,500.065104,499.6333333333333,431.7706666666936,1
1939,1938.9999999999532,500.309375,499.7,609.375,1
1940,1939.9999999999534,500.563542,499.9,663.5420000000067,1
1941,1940.9999999999532,500.946875,500.0,946.8749999999773,1
1942,1941.999999999952,501.384375,500.23333333333335,1151.0416666666288,1
1943,1942.9999999999516,501.60625,500.5,1106.2499999999886,1
1944,1943.9999999999516,501.825,500.6333333333333,1191.6666666666629,1
1945,1944.9999999999516,502.054167,501.1333333333333,920.833666666681,1
1946,1945.9999999999516,502.225,501.53333333333336,691.6666666666629,1
1947,1946.9999999999513,502.491667,501.76666666666665,725.0003333333552,1
1948,1947.9999999999511,502.678125,502.03333333333336,644.7916666666629,1
1949,1948.9999999999513,502.860417,502.23333333333335,627.0836666666355,1
1950,1949.9999999999516,503.1875,502.43333333333334,754.1666666666629,1
1951,1950.9999999999511,503.470833,502.73333333333335,737.4996666666789,1
1952,1951.9999999999513,503.648958,502.96666666666664,682.2913333333531,1
1953,1952.9999999999518,503.795834,503.1,695.8339999999907,1
1954,1953.9999999999513,503.998958,503.5,498.958000000016,1
1955,1954.9999999999518,504.167709,503.76666666666665,401.0423333333506,1
1956,1955.9999999999511,504.409896,503.7,709.8960000000147,1
1957,1956.9999999999511,504.632813,504.0,632.8129999999987,1
1958,1957.9999999999513,504.807292,504.2,607.2920000000295,1
1959,1958.9999999999507,504.991667,504.53333333333336,458.3336666666469,1
1960,1959.9999999999507,505.171875,504.6666666666667,505.2083333333144,1
1961,1960.9999999999513,505.3625,504.8,562.5,1
1962,1961.9999999999507,505.596875,504.96666666666664,630.2083333333712,1
1963,1962.9999999999513,505.779167,505.2,579.166999999984,1
1964,1963.9999999999502,505.944792,505.3,644.7919999999954,1
1965,1964.9999999999502,506.15677,505.6,556.7699999999718,1
1966,1965.9999999999507,506.428125,505.8333333333333,594.7916666667084,1
1967,1966.99999999995,506.645833,506.1,545.8329999999592,1
1968,1967.9999999999502,506.973958,506.1333333333333,840.6246666666561,1
1969,1968.9999999999507,506.995313,506.4,595.3130000000328,1
1970,1969.9999999999498,507.219271,506.73333333333335,485.9376666666435,1
1971,1970.9999999999498,507.565625,506.96666666666664,598.9583333333712,1
1972,1971.999999999949,507.777083,507.1666666666667,610.416333333319,1
1973,1972.9999999999495,507.948958,507.4,548.9580000000274,1
1974,1973.9999999999495,508.334375,507.6,734.375,1
1975,1974.9999999999493,508.644792,507.73333333333335,911.4586666666469,1
1976,1975.9999999999495,508.8375,508.1,737.4999999999545,1
1977,1976.9999999999498,508.983334,508.26666666666665,716.667333333362,1
1978,1977.9999999999493,509.197396,508.5,697.3960000000261,1
1979,1978.9999999999495,509.378646,508.8333333333333,545.312666666689,1
1980,1979.9999999999486,509.584896,509.0,584.8960000000147,1
1981,1980.9999999999488,509.797917,509.1666666666667,631.2503333332984,1
1982,1981.9999999999495,509.983333,509.3666666666667,616.6663333333418,1
1983,1982.9999999999486,510.213542,509.6333333333333,580.2086666666924,1
1984,1983.9999999999488,510.402083,509.76666666666665,635.4163333333531,1
1985,1984.999999999949,510.570833,510.0,570.8329999999933,1
1986,1985.9999999999486,510.777084,510.1666666666667,610.4173333333165,1
1987,1986.9999999999488,510.989583,510.4,589.5830000000046,1
1988,1987.9999999999493,511.242708,510.6,642.7079999999705,1
1989,1988.9999999999486,511.616146,510.8,816.1460000000034,1
1990,1989.999999999949,511.922917,511.06666666666666,856.2503333333211,1
1991,1990.9999999999486,512.1291669999998,511.3,829.1669999998135,1
1992,1991.9999999999486,512.3166669999998,511.43333333333334,883.3336666664877,1
1993,1992.9999999999486,512.59375,511.7,893.7500000000114,1
1994,1993.9999999999484,512.851042,512.0666666666667,784.375333333287,1
1995,1994.9999999999484,513.189583,512.3,889.583000000016,1
1996,1995.9999999999488,513.414583,512.5666666666667,847.9163333332735,1
1997,1996.9999999999484,513.638542,512.8,838.542000000075,1
1998,1997.9999999999486,513.915104,513.0333333333333,881.7706666667391,1
1999,1998.9999999999482,514.147917,513.3,847.9170000000522,1
2000,1999.9999999999484,514.411458,513.6,811.458000000016,1
2001,2000.9999999999484,514.66875,513.8333333333334,835.4166666666742,1
2002,2001.9999999999482,514.8875,514.0666666666667,820.8333333333258,1
2003,2002.9999999999484,515.074479,514.3333333333334,741.1456666666254,1
2004,2003.9999999999486,515.275,514.5666666666667,708.3333333332575,1
2005,2004.9999999999482,515.464062,514.8,664.0620000000581,1
2006,2005.9999999999484,515.65625,515.0333333333333,622.916666666697,1
2007,2006.9999999999477,515.910416,515.3,610.4160000001002,1
2008,2007.999999999948,516.1135419999998,515.5333333333333,580.2086666665218,1
2009,2008.9999999999486,516.295833,515.6,695.8329999999933,1
2010,2009.9999999999477,516.503646,515.8666666666667,636.9793333333291,1
2011,2010.999999999948,516.7145830000002,516.1,614.5830000001524,1
2012,2011.9999999999484,516.947917,516.3333333333334,614.58366666659,1
2013,2012.9999999999477,517.350521,516.5333333333333,817.1876666666549,1
2014,2013.9999999999482,517.641667,516.7666666666667,875.0003333333325,1
2015,2014.9999999999475,517.846875,517.0,846.8749999999545,1
2016,2015.9999999999477,518.191146,517.2666666666667,924.4793333333519,1
2017,2016.9999999999482,518.516145,517.5,1016.1450000000514,1
2018,2017.9999999999475,518.7375,517.8,937.5,1
2019,2018.9999999999475,519.014063,518.0666666666667,947.3963333332449,1
2020,2019.9999999999477,519.286458,518.3,986.4580000000842,1
2021,2020.9999999999475,519.436458,518.6333333333333,803.1246666666902,1
2022,2021.9999999999475,519.686979,518.9,786.9789999999739,1
2023,2022.9999999999477,519.920834,519.2,720.833999999968,1
2024,2023.999999999947,520.108854,519.4666666666667,642.1873333332542,1
2025,2024.9999999999475,520.342188,519.6333333333333,708.8546666666389,1
2026,2025.9999999999468,520.589584,519.8,789.5839999999907,1
2027,2026.9999999999468,520.802604,520.0666666666667,735.9373333332542,1
2028,2027.9999999999475,521.080209,520.3,780.2090000000135,1
2029,2028.999999999946,521.3,520.5333333333333,766.6666666666515,1
2030,2029.9999999999463,521.489583,520.7666666666667,722.9163333333872,1
2031,2030.9999999999457,521.767708,521.0333333333333,734.3746666666675,1
2032,2031.999999999946,521.99375,521.2,793.7499999999318,1
2033,2032.9999999999463,522.235417,521.5,735.416999999984,1
2034,2033.9999999999459,522.471875,521.7333333333333,738.541666666606,1
2035,2034.999999999946,522.7541669999998,522.0,754.1669999998248,1
2036,2035.9999999999466,523.050521,522.2333333333333,817.1876666666549,1
2037,2036.9999999999459,523.590625,522.4333333333333,1157.2916666667652,1
2038,2037.999999999946,523.9625,522.6666666666666,1295.8333333333485,1
2039,2038.999999999946,524.207813,522.9333333333333,1274.479666666707,1
2040,2039.9999999999459,524.50625,523.2666666666667,1239.5833333333712,1
2041,2040.999999999946,524.776042,523.5,1276.0419999999613,1
2042,2041.9999999999459,525.010417,523.7666666666667,1243.7503333333098,1
2043,2042.9999999999457,525.296875,524.4,896.8750000000227,1
2044,2043.999999999946,525.465625,524.6666666666666,798.9583333334167,1
2045,2044.9999999999457,525.688542,524.9333333333333,755.2086666667037,1
2046,2045.9999999999457,525.9375,525.1666666666666,770.8333333333712,1
2047,2046.9999999999457,526.161458,525.4333333333333,728.1246666667585,1
2048,2047.9999999999457,526.389583,525.6333333333333,756.2496666666902,1
2049,2048.999999999946,526.617708,525.8666666666667,751.041333333319,1
2050,2049.9999999999454,526.8125,526.1,712.4999999999773,1
2051,2050.9999999999454,526.991667,526.3666666666667,625.0003333333325,1
2052,2051.999999999946,527.21875,526.5,718.75,1
2053,2052.999999999945,527.392708,526.8,592.708000000016,1
2054,2053.999999999945,527.577083,527.0333333333333,543.749666666713,1
2055,2054.999999999946,527.8947919999998,527.2666666666667,628.1253333331733,1
2056,2055.999999999945,528.084375,527.4333333333333,651.0416666667425,1
2057,2056.999999999946,528.289583,527.4333333333333,856.249666666713,1
2058,2057.9999999999454,528.532292,527.7666666666667,765.6253333333325,1
2059,2058.999999999945,528.789583,528.0666666666667,722.9163333332735,1
2060,2059.9999999999454,529.005729,528.3,705.7290000000194,1
2061,2060.9999999999445,529.4375,528.4666666666667,970.833333333303,1
2062,2061.999999999945,529.7458330000002,528.7,1045.8330000001297,1
2063,2062.9999999999454,529.944792,528.9666666666667,978.1253333333098,1
2064,2063.9999999999445,530.245312,529.2,1045.3119999999672,1
2065,2064.9999999999454,530.518229,529.4666666666667,1051.5623333333224,1
2066,2065.9999999999445,530.719792,529.9,819.7920000000067,1
2067,2066.9999999999445,530.986979,530.1666666666666,820.3123333333906,1
2068,2067.9999999999445,531.175,530.3666666666667,808.3333333332803,1
2069,2068.9999999999445,531.367708,530.6666666666666,701.0413333333645,1
2070,2069.9999999999445,531.648958,530.8666666666667,782.291333333319,1
2071,2070.9999999999445,531.844792,531.1666666666666,678.1253333333552,1
2072,2071.999999999944,532.045834,531.4,645.8340000000362,1
2073,2072.999999999944,532.334896,531.6333333333333,701.5626666666321,1
2074,2073.9999999999445,532.517708,531.8,717.708000000016,1
2075,2074.999999999944,532.723958,532.0333333333333,690.6246666667357,1
2076,2075.999999999944,533.088542,532.2666666666667,821.8753333333098,1
2077,2076.999999999944,533.3395830000002,532.5,839.5830000001752,1
2078,2077.999999999944,533.5125,532.6666666666666,845.8333333334167,1
2079,2078.9999999999445,533.672917,532.9333333333333,739.5836666667037,1
2080,2079.999999999944,533.85,533.1666666666666,683.333333333394,1
2081,2080.999999999944,534.0666669999998,533.5,566.6669999998248,1
2082,2081.9999999999445,534.30625,533.7333333333333,572.9166666666288,1
2083,2082.999999999944,534.480729,534.0,480.72899999999663,1
2084,2083.9999999999445,534.678125,534.1333333333333,544.791666666697,1
2085,2084.9999999999436,534.856771,534.2666666666667,590.1043333333291,1
2086,2085.9999999999436,535.036458,534.4666666666667,569.7913333333418,1
2087,2086.999999999944,535.255208,534.7,555.2079999999933,1
2088,2087.9999999999436,535.614583,534.7666666666667,847.9163333333872,1
2089,2088.9999999999436,535.921875,535.1,821.8749999999773,1
2090,2089.999999999944,536.109375,535.2,909.3749999999545,1
2091,2090.9999999999436,536.302083,535.4666666666667,835.4163333333418,1
2092,2091.999999999944,536.509375,535.7,809.3749999999318,1
2093,2092.9999999999436,536.623959,536.0666666666667,557.2923333332938,1
2094,2093.9999999999436,536.914583,536.2333333333333,681.2496666666448,1
2095,2094.9999999999436,537.142709,536.5,642.708999999968,1
2096,2095.999999999943,537.302083,536.7,602.0829999999933,1
2097,2096.999999999943,537.503125,536.8,703.125,1
2098,2097.9999999999436,537.6916669999998,537.0666666666667,625.0003333331051,1
2099,2098.999999999943,537.888021,537.3333333333334,554.6876666666094,1
2100,2099.9999999999436,538.138542,537.4333333333333,705.2086666667492,1
2101,2100.999999999943,538.354167,537.7,654.1669999999158,1
2102,2101.999999999943,538.516146,538.0666666666667,449.4793333333291,1
2103,2102.999999999944,538.704166,538.1,604.1659999999638,1
2104,2103.999999999943,538.895833,538.3,595.8330000000842,1
2105,2104.999999999943,539.075521,538.5333333333333,542.1876666666776,1
2106,2105.9999999999436,539.301041,538.7333333333333,567.7076666667062,1
2107,2106.999999999943,539.491667,538.8666666666667,625.0003333333325,1
2108,2107.9999999999436,539.6625,539.1,562.5,1
2109,2108.9999999999436,539.85,539.2666666666667,583.3333333333712,1
2110,2109.999999999943,540.05625,539.4666666666667,589.5833333332803,1
2111,2110.999999999944,540.219792,539.6666666666666,553.1253333333552,1
2112,2111.999999999943,540.432292,539.8666666666667,565.625333333287,1
2113,2112.999999999943,540.689583,540.1333333333333,556.2496666666448,1
2114,2113.9999999999436,540.826041,540.2333333333333,592.7076666666835,1
2115,2114.999999999943,541.057292,540.3666666666667,690.625333333287,1
2116,2115.999999999943,541.2770830000002,540.6333333333333,643.7496666668494,1
2117,2116.9999999999427,541.45625,540.8666666666667,589.5833333332803,1
2118,2117.999999999943,541.727083,541.0,727.0829999999933,1
2119,2118.9999999999436,541.98125,541.2,781.25,1
2120,2119.999999999943,542.184375,541.4666666666667,717.7083333333485,1
2121,2120.999999999943,542.588542,541.6666666666666,921.8753333333325,1
2122,2121.999999999943,542.823437,541.9,923.4370000000354,1
2123,2122.9999999999427,543.0583330000002,542.1,958.3330000001524,1
2124,2123.999999999943,543.247396,542.4333333333333,814.0626666667004,1
2125,2124.999999999943,543.444792,542.7333333333333,711.4586666666582,1
2126,2125.9999999999422,543.61875,543.0,618.7499999999773,1
2127,2126.9999999999422,543.8479169999998,543.2666666666667,581.2503333331733,1
2128,2127.9999999999422,544.06875,543.5,568.7500000000227,1
2129,2128.999999999942,544.289583,543.7333333333333,556.2496666666448,1
2130,2129.9999999999427,544.459375,543.9,559.3750000000455,1
2131,2130.9999999999413,544.647917,544.1333333333333,514.583666666681,1
2132,2131.999999999941,544.858333,544.3333333333334,524.9996666666448,1
2133,2132.999999999941,545.0625,544.4333333333333,629.1666666667197,1
2134,2133.999999999941,545.253646,544.6333333333333,620.3126666666776,1
2135,2134.999999999941,545.444792,544.7666666666667,678.1253333333552,1
2136,2135.9999999999404,545.6015629999998,545.0666666666667,534.8963333331085,1
2137,2136.99999999994,545.779167,545.3,479.16700000007495,1
2138,2137.99999999994,545.982292,545.5,482.2920000000295,1
2139,2138.999999999939,546.209375,545.6666666666666,542.708333333394,1
2140,2139.99999999994,546.425521,545.8333333333334,592.1876666666321,1
2141,2140.9999999999395,546.641667,546.0333333333333,608.333666666681,1
2142,2141.999999999939,546.838021,546.2666666666667,571.3543333333746,1
2143,2142.999999999939,547.0125,546.5,512.5000000000455,1
2144,2143.999999999939,547.248958,546.7666666666667,482.2913333333645,1
2145,2144.9999999999377,547.6,546.8,800.0000000000682,1
2146,2145.9999999999377,547.815625,547.0,815.6249999999545,1
2147,2146.9999999999372,547.985417,547.1666666666666,818.7503333333552,1
2148,2147.999999999937,548.154167,547.4666666666667,687.5003333333325,1
2149,2148.9999999999363,548.3239580000002,547.7333333333333,590.6246666668267,1
2150,2149.999999999936,548.544792,547.9666666666667,578.1253333333325,1
2151,2150.999999999936,548.684375,548.1666666666666,517.7083333334167,1
2152,2151.999999999935,548.809375,548.4333333333333,376.0416666667652,1
2153,2152.999999999935,548.986459,548.5333333333333,453.125666666665,1
2154,2153.999999999935,549.171875,548.7,471.8749999999545,1
2155,2154.9999999999354,549.3515629999998,548.8,551.5629999998737,1
2156,2155.999999999935,549.53125,549.0666666666667,464.5833333332803,1
2157,2156.9999999999354,549.891667,549.2,691.6669999999385,1
2158,2157.999999999934,550.1208330000002,549.3666666666667,754.1663333335009,1
2159,2158.999999999934,550.297917,549.4333333333333,864.5836666667037,1
2160,2159.999999999934,550.467708,549.7,767.7079999999705,1
2161,2160.999999999933,550.640625,550.0333333333333,607.291666666697,1
2162,2161.999999999933,550.8125,550.2333333333333,579.1666666666515,1
2163,2162.9999999999322,550.973958,550.4666666666667,507.29133333334175,1
2164,2163.999999999932,551.138021,550.7333333333333,404.68766666663214,1
2165,2164.999999999932,551.310416,550.8,510.4160000000775,1
2166,2165.9999999999313,551.479687,551.0666666666667,413.0203333332929,1
2167,2166.9999999999327,551.645052,551.2,445.05199999991873,1
2168,2167.999999999931,551.810417,551.4,410.4170000000522,1
2169,2168.9999999999313,552.013021,551.5,513.0209999999806,1
2170,2169.9999999999313,552.236458,551.6666666666666,569.7913333333418,1
2171,2170.9999999999304,552.3625,551.8333333333334,529.1666666665833,1
2172,2171.9999999999304,552.5666669999998,552.0333333333333,533.3336666665218,1
2173,2172.9999999999304,552.786458,552.2,586.4579999999933,1
2174,2173.99999999993,552.925,552.3666666666667,558.3333333332803,1
2175,2174.9999999999295,553.122917,552.5,622.9170000000295,1
2176,2175.9999999999295,553.346875,552.7,646.874999999909,1
2177,2176.999999999929,553.469792,552.9,569.7920000000067,1
2178,2177.999999999929,553.672917,553.0666666666667,606.2503333332643,1
2179,2178.999999999929,553.9104169999998,553.2,710.4169999997794,1
2180,2179.999999999928,554.04375,553.4666666666667,577.0833333333485,1
2181,2180.999999999928,554.236459,553.6666666666666,569.7923333333392,1
2182,2181.9999999999277,554.4625,553.9,562.5,1
2183,2182.9999999999272,554.594792,554.0,594.791999999984,1
2184,2183.9999999999272,554.795833,554.2666666666667,529.1663333333645,1
2185,2184.999999999927,555.0125,554.4,612.5000000000682,1
2186,2185.999999999927,555.15625,554.6,556.2499999999773,1
2187,2186.9999999999254,555.3635419999998,554.7333333333333,630.2086666664763,1
2188,2187.999999999926,555.596875,554.9,696.8749999999773,1
2189,2188.999999999926,555.742708,555.1666666666666,576.0413333333645,1
2190,2189.999999999925,555.966146,555.3,666.1460000000261,1
2191,2190.999999999925,556.209375,555.5666666666667,642.708333333303,1
2192,2191.999999999925,556.384375,555.7666666666667,617.7083333333258,1
2193,2192.9999999999245,556.791667,556.0333333333333,758.3336666666582,1
2194,2193.999999999925,557.038282,556.2333333333333,804.9486666666326,1
2195,2194.9999999999245,557.284896,556.3333333333334,951.5626666666321,1
2196,2195.9999999999145,557.404167,556.6,804.1670000000067,1
2197,2196.999999999915,557.540104,556.9666666666667,573.4373333333451,1
2198,2197.9999999999145,557.676041,557.2,476.04100000000926,1
2199,2198.9999999999145,557.788542,557.4,388.5420000000295,1
2200,2199.9999999999145,557.95,557.6,350.00000000002274,1
2201,2200.9999999999145,558.111459,557.6,511.45899999994526,1
2202,2201.9999999999145,558.229167,557.8,429.16700000000674,1
2203,2202.9999999999145,558.39375,557.9666666666667,427.08333333325754,1
2204,2203.9999999999145,558.558334,558.1,458.3339999999225,1
2205,2204.9999999999145,558.7229169999998,558.1,622.9169999998021,1
2206,2205.999999999915,558.959028,558.5666666666667,392.3613333332696,1
2207,2206.9999999999145,559.1951389999998,558.8,395.13899999985824,1
2208,2207.9999999999145,559.43125,558.8,631.2500000000227,1
2209,2208.999999999915,559.659636,558.8,859.6360000000232,1
2210,2209.999999999915,559.888021,559.2666666666667,621.3543333333291,1
2211,2210.999999999915,560.116407,559.3333333333334,783.0736666666098,1
2212,2211.999999999915,560.344792,560.7,355.2080000000615,1
2213,2212.999999999914,560.590104,559.9333333333333,656.7706666667164,1
2214,2213.999999999914,560.7375,560.0,737.4999999999545,1
2215,2214.999999999914,560.858333,560.0,858.333000000016,1
2216,2215.999999999914,560.980209,560.0,980.2089999999453,1
2217,2216.999999999913,561.107292,560.0,1107.2920000000295,1
2218,2217.9999999999127,561.295313,561.0333333333333,261.9796666666616,1
2219,2218.999999999913,561.483333,561.1333333333333,349.99966666669025,1
2220,2219.999999999913,561.544271,561.1333333333333,410.9376666666549,1
2221,2220.9999999999127,561.6796879999998,561.3666666666667,313.02133333315396,1
2222,2221.9999999999127,561.815104,561.8,15.104000000064843,1
2223,2222.999999999913,561.925,562.0,75.00000000004547,1
2224,2223.9999999999127,562.064844,562.1333333333333,68.48933333333207,1
2225,2224.9999999999127,562.204688,563.3666666666667,1161.9786666666414,1
2226,2225.9999999999127,562.276042,563.6,1323.9580000000615,1
2227,2226.9999999999127,562.422917,563.8333333333334,1410.4163333333872,1
2228,2227.9999999999127,562.569792,563.3333333333334,763.5413333333645,1
2229,2228.9999999999127,562.716667,563.4666666666667,749.9996666666675,1
2230,2229.999999999913,562.925174,563.7666666666667,841.4926666666815,1
2231,2230.999999999913,563.1336809999998,564.0333333333333,899.6523333335062,1
2232,2231.999999999913,563.342188,564.3666666666667,1024.4786666667096,1
2233,2232.999999999913,563.54987,564.4333333333333,883.4633333332249,1
2234,2233.999999999914,563.7575519999998,564.0666666666667,309.1146666669147,1
2235,2234.999999999913,563.965234,564.3,334.76599999994505,1
2236,2235.999999999913,564.172916,564.5,327.0840000000135,1
2237,2236.9999999999127,564.393229,565.1333333333333,740.1043333333064,1
2238,2237.9999999999127,564.5197919999998,565.0666666666667,546.8746666668949,1
2239,2238.999999999912,564.6291669999998,565.5666666666667,937.4996666668949,1
2240,2239.999999999912,564.757292,565.5333333333333,776.0413333332963,1
2241,2240.999999999912,564.882292,565.8666666666667,984.3746666666675,1
2242,2241.9999999999063,565.0309900000002,566.0333333333333,1002.3433333331013,1
2243,2242.9999999999063,565.1796879999998,565.4666666666667,286.9786666668688,1
2244,2243.9999999999063,565.314062,565.6666666666666,352.6046666665934,1
2245,2244.9999999999063,565.448698,565.8666666666667,417.96866666663846,1
2246,2245.9999999999063,565.583333,566.0666666666667,483.333666666681,1
2247,2246.9999999999063,565.69375,566.0333333333333,339.5833333332803,1
2248,2247.9999999999063,565.816927,566.0666666666667,249.7396666667555,1
2249,2248.9999999999063,565.940104,566.0666666666667,126.56266666670035,1
2250,2249.999999999906,566.077083,566.0666666666667,10.41633333329628,1
2251,2250.9999999999063,566.206771,566.0666666666667,140.10433333328365,1
2252,2251.9999999999063,566.336458,566.0666666666667,269.79133333327354,1
2253,2252.999999999906,566.473438,566.0333333333333,440.10466666668435,1
2254,2253.9999999999063,566.60599,566.2666666666667,339.3233333333683,1
2255,2254.9999999999063,566.738541,566.5,238.54100000005474,1
2256,2255.999999999906,566.9125,566.8,112.50000000006821,1
2257,2256.9999999999063,567.058854,566.9666666666667,92.18733333329965,1
2258,2257.999999999906,567.205209,566.9,305.20899999999074,1
2259,2258.999999999906,567.330208,566.8666666666667,463.5413333332963,1
2260,2259.999999999906,567.471875,567.1,371.8749999999318,1
2261,2260.999999999906,567.6135419999998,567.3,313.5419999998703,1
2262,2261.999999999906,567.882292,567.3666666666667,515.6253333333325,1
2263,2262.9999999999063,568.032813,567.5333333333333,499.4796666667298,1
2264,2263.999999999906,568.183334,567.8,383.33399999999074,1
2265,2264.999999999906,568.609375,567.8333333333334,776.0416666666288,1
2266,2265.999999999906,568.84427,568.0666666666667,777.6033333333316,1
2267,2266.999999999905,568.99375,568.2666666666667,727.0833333333258,1
2268,2267.9999999999045,569.153646,568.5333333333333,620.3126666666776,1
2269,2268.9999999999045,569.3010419999998,568.8,501.0419999998703,1
2270,2269.9999999999036,569.465625,569.0333333333333,432.29166666674246,1
2271,2270.9999999999036,569.609375,569.2,409.3749999999545,1
2272,2271.999999999903,569.777084,569.4,377.083999999968,1
2273,2272.9999999999022,569.903646,569.5,403.64599999998063,1
2274,2273.9999999999027,570.072396,569.7,372.39599999998063,1
2275,2274.9999999999022,570.219011,569.8666666666667,352.3443333333489,1
2276,2275.9999999999022,570.365625,570.0,365.62500000002274,1
2277,2276.9999999999022,570.742708,570.2,542.7079999999478,1
2278,2277.9999999999022,570.94375,570.4333333333333,510.41666666674246,1
2279,2278.9999999999013,571.079687,570.5333333333333,546.3536666667324,1
2280,2279.9999999999004,571.234896,570.6,634.8960000000261,1
2281,2280.9999999999004,571.389583,570.9,489.58300000003874,1
2282,2281.9999999999,571.54375,571.1,443.75000000002274,1
2283,2282.999999999899,571.697917,571.3,397.91700000000674,1
2284,2283.9999999998986,571.856771,571.4666666666667,390.10433333328365,1
2285,2284.999999999898,571.983333,571.5666666666667,416.6663333332963,1
2286,2285.999999999898,572.133333,571.7333333333333,399.99966666664477,1
2287,2286.9999999998986,572.279687,571.8333333333334,446.3536666665959,1
2288,2287.999999999898,572.4260419999998,572.1,326.0419999998021,1
2289,2288.999999999898,572.580208,572.2666666666667,313.541333333319,1
2290,2289.999999999898,572.726042,572.3333333333334,392.7086666666355,1
2291,2290.9999999998986,572.827083,572.4666666666667,360.416333333319,1
2292,2291.999999999898,572.955208,572.6666666666666,288.54133333334175,1
2293,2292.999999999892,573.077084,572.9,177.0840000000362,1
2294,2293.999999999892,573.214584,572.9666666666667,247.91733333324828,1
2295,2294.9999999998927,573.346875,573.0666666666667,280.2083333332348,1
2296,2295.9999999998918,573.48125,573.1333333333333,347.9166666667197,1
2297,2296.999999999892,573.577083,573.2,377.0829999999705,1
2298,2297.999999999892,573.713021,573.4333333333333,279.6876666667458,1
2299,2298.999999999892,573.788542,573.6333333333333,155.20866666668098,1
2300,2299.9999999998918,573.939063,573.6666666666666,272.3963333334041,1
2301,2300.9999999998918,574.098958,573.6666666666666,432.29133333340997,1
2302,2301.9999999998913,574.248958,574.3333333333334,84.37533333335523,1
2303,2302.9999999998913,574.348958,574.3333333333334,15.624666666667508,1
2304,2303.9999999998913,574.497396,574.3333333333334,164.0626666666094,1
2305,2304.9999999998913,574.632292,574.3333333333334,298.9586666666355,1
2306,2305.9999999998913,574.791667,574.3333333333334,458.33366666659003,1
2307,2306.999999999891,575.080209,575.5,419.791000000032,1
2308,2307.999999999891,575.203125,575.7666666666667,563.5416666666515,1
2309,2308.999999999891,575.333333,576.1666666666666,833.33366666659,1
2310,2309.999999999891,575.452604,575.0,452.60399999995116,1
2311,2310.999999999891,575.572917,575.2333333333333,339.58366666661277,1
2312,2311.9999999998913,575.6989580000002,575.4,298.9580000001979,1
2313,2312.9999999998913,575.820833,575.6666666666666,154.1663333333645,1
2314,2313.9999999998913,575.971528,575.8666666666667,104.86133333336056,1
2315,2314.9999999998913,576.122222,576.0,122.22199999996519,1
2316,2315.999999999891,576.272917,574.9666666666667,1306.2503333333098,1
2317,2316.999999999891,576.4454860000002,576.0333333333333,412.1526666668842,1
2318,2317.999999999891,576.6180559999998,576.2333333333333,384.7226666664483,1
2319,2318.999999999891,576.790625,576.4333333333333,357.291666666697,1
2320,2319.9999999998913,576.955382,576.4333333333333,522.0486666667057,1
2321,2320.9999999998927,577.120139,576.6666666666666,453.4723333333659,1
2322,2321.9999999998913,577.284896,576.8333333333334,451.56266666663214,1
2323,2322.9999999998913,577.490625,576.9333333333333,557.2916666667425,1
2324,2323.9999999998927,577.696354,577.1333333333333,563.0206666667164,1
2325,2324.9999999998913,577.9020830000002,577.3333333333334,568.7496666668039,1
2326,2325.9999999998918,578.065972,577.4666666666667,599.305333333291,1
2327,2326.9999999998913,578.229861,577.7,529.8609999999826,1
2328,2327.9999999998913,578.39375,577.9,493.74999999997726,1
2329,2328.999999999891,578.557639,578.1,457.63899999997193,1
2330,2329.9999999998913,578.721528,578.3333333333334,388.1946666666636,1
2331,2330.99999999989,578.885417,578.5333333333333,352.08366666665825,1
2332,2331.999999999891,578.971962,578.6666666666666,305.2953333333335,1
2333,2332.9999999998913,579.0585070000002,578.8,258.5070000002361,1
2334,2333.999999999891,579.145052,578.8666666666667,278.38533333328996,1
2335,2334.999999999891,579.231597,579.0666666666667,164.93033333324547,1
2336,2335.9999999998913,579.318142,579.3666666666667,48.52466666670807,1
2337,2336.999999999891,579.404687,579.6,195.31300000005558,1
