beat_idx,gt_beat,gt_time_s,pred_time_s,err_ms,ok
0,0.0,1.015104,0.0,1015.104,1
1,1.0000000000000002,1.205208,0.0,1205.208,1
2,2.0000000000000004,1.395312,0.0,1395.3120000000001,1
3,3.000000000000001,1.613542,1.6,13.541999999999943,1
4,4.000000000000001,1.796875,1.6333333333333333,163.54166666666669,1
5,5.000000000000001,1.980209,1.8666666666666667,113.54233333333342,1
6,6.000000000000001,2.213021,2.2,13.020999999999727,1
7,7.0,2.415017,2.2333333333333334,181.6836666666668,1
8,8.000000000000002,2.617014,2.2333333333333334,383.68066666666675,1
9,9.000000000000002,2.81901,2.6666666666666665,152.3433333333335,1
10,10.000000000000002,3.021007,3.2333333333333334,212.3263333333334,1
11,11.000000000000004,3.223003,3.3333333333333335,110.33033333333364,1
12,12.000000000000004,3.425,3.3333333333333335,91.66666666666634,1
13,13.000000000000004,3.661458,3.433333333333333,228.12466666666697,1
14,14.000000000000002,3.897917,3.7,197.9169999999999,1
15,15.000000000000002,4.134375,4.233333333333333,98.95833333333303,1
16,16.000000000000004,4.339149,4.5,160.85100000000008,1
17,17.000000000000004,4.543924,4.766666666666667,222.742666666667,1
18,18.000000000000004,4.748698,4.966666666666667,217.9686666666667,1
19,19.0,4.9534720000000005,5.2,246.52799999999962,1
20,20.0,5.158246,5.333333333333333,175.08733333333294,1
21,21.000000000000004,5.363021,5.433333333333334,70.31233333333375,1
22,22.000000000000004,5.51276,1.0,4512.76,1
23,23.000000000000007,5.6625,5.666666666666667,4.166666666667318,1
24,24.000000000000018,5.909375,5.833333333333333,76.04166666666679,1
25,25.000000000000007,6.107552,6.033333333333333,74.21866666666688,1
26,26.000000000000007,6.305729,6.266666666666667,39.062333333333754,1
27,27.000000000000014,6.535417,6.466666666666667,68.75033333333303,1
28,28.00000000000001,6.7289059999999985,6.666666666666667,62.23933333333154,1
29,29.000000000000025,6.922396000000001,6.766666666666667,155.72933333333427,1
30,30.000000000000018,7.1786460000000005,7.066666666666666,111.9793333333341,1
31,31.000000000000018,7.378906,7.3,78.90599999999992,1
32,32.00000000000002,7.579167,7.433333333333334,145.83366666666643,1
33,33.00000000000002,7.779427,7.566666666666666,212.76033333333368,1
34,34.00000000000002,7.979686999999998,7.966666666666667,13.020333333331635,1
35,35.00000000000002,8.179948,7.966666666666667,213.28133333333278,1
36,36.00000000000002,8.380208,8.3,80.20799999999895,1
37,37.00000000000002,8.640625,8.533333333333333,107.29166666666679,1
38,38.00000000000002,8.901042,8.733333333333333,167.70866666666785,1
39,39.000000000000036,9.161459,8.733333333333333,428.12566666666817,1
40,40.00000000000002,9.367708,9.333333333333334,34.37466666666644,1
41,41.00000000000002,9.573958,9.466666666666667,107.29133333333252,1
42,42.00000000000002,9.780208,9.666666666666666,113.54133333333394,1
43,43.00000000000002,9.986458,9.7,286.45800000000145,1
44,44.00000000000003,10.192708,10.1,92.70800000000001,1
45,45.00000000000003,10.398958,10.366666666666667,32.29133333333323,1
46,46.00000000000002,10.549479,10.533333333333333,16.145666666666614,1
47,47.000000000000036,10.7,10.666666666666666,33.333333333333215,1
48,48.000000000000036,10.946875,10.833333333333334,113.54166666666643,1
49,49.000000000000036,11.135764,11.1,35.76400000000035,1
50,50.000000000000036,11.324653,11.3,24.652999999998926,1
51,51.000000000000036,11.513542,11.5,13.541999999999277,1
52,52.000000000000036,11.720834,11.633333333333333,87.50066666666712,1
53,53.00000000000003,11.928125,11.866666666666667,61.458333333332504,1
54,54.000000000000036,12.135417,12.066666666666666,68.75033333333391,1
55,55.00000000000003,12.390799,12.3,90.79899999999874,1
56,56.00000000000002,12.646181,12.533333333333333,112.84766666666712,1
57,57.00000000000003,12.901563,12.666666666666666,234.89633333333336,1
58,58.00000000000003,13.122321,12.9,222.32099999999912,1
59,59.00000000000003,13.34308,13.166666666666666,176.41333333333444,1
60,60.00000000000003,13.563839000000002,13.4,163.8390000000012,1
61,61.00000000000002,13.784598,13.633333333333333,151.26466666666795,1
62,62.00000000000003,14.005357,13.833333333333334,172.02366666666614,1
63,63.00000000000003,14.226116,13.966666666666667,259.44933333333256,1
64,64.00000000000003,14.446875,14.433333333333334,13.541666666666785,1
65,65.00000000000003,14.692604,14.633333333333333,59.27066666666647,1
66,66.00000000000003,14.938332999999998,14.833333333333334,104.99966666666438,1
67,67.00000000000003,15.184062,15.066666666666666,117.3953333333344,1
68,68.00000000000003,15.429792,15.3,129.79200000000014,1
69,69.00000000000003,15.675521,13.766666666666667,1908.8543333333323,1
70,70.00000000000003,15.92125,13.866666666666667,2054.5833333333335,1
71,71.00000000000003,16.166979,13.866666666666667,2300.312333333334,1
72,72.00000000000003,16.412708,13.866666666666667,2546.0413333333313,1
73,73.00000000000003,16.658437,13.866666666666667,2791.770333333332,1
74,74.00000000000003,16.904167,13.866666666666667,3037.500333333334,1
75,75.00000000000004,17.117708,13.866666666666667,3251.041333333333,1
76,76.00000000000003,17.332292000000002,13.866666666666667,3465.625333333335,1
77,77.00000000000003,17.546875,13.866666666666667,3680.208333333333,1
78,78.00000000000003,17.8,13.866666666666667,3933.3333333333335,1
79,79.00000000000004,18.006424,13.866666666666667,4139.757333333332,1
80,80.00000000000003,18.212847,13.566666666666666,4646.180333333334,1
81,81.00000000000003,18.419271,13.533333333333333,4885.937666666665,1
82,82.00000000000003,18.625695,13.633333333333333,4992.361666666668,1
83,83.00000000000004,18.832118,13.6,5232.118000000001,1
84,84.00000000000003,19.038542,13.666666666666666,5371.875333333333,1
85,85.00000000000004,19.299132,13.9,5399.132,1
86,86.00000000000004,19.559722,14.1,5459.722000000001,1
87,87.00000000000006,19.820313,14.366666666666667,5453.646333333331,1
88,88.00000000000004,19.997292,14.6,5397.292000000002,1
89,89.00000000000004,20.174271,14.833333333333334,5340.937666666667,1
90,90.00000000000004,20.35125,15.066666666666666,5284.583333333334,1
91,91.00000000000004,20.528229,15.3,5228.228999999999,1
92,92.00000000000006,20.705208,15.466666666666667,5238.541333333332,1
93,93.00000000000007,20.955729,15.733333333333333,5222.395666666669,1
94,94.00000000000006,21.115104,15.866666666666667,5248.4373333333315,1
95,95.00000000000007,21.27448,16.233333333333334,5041.1466666666665,1
96,96.0000000000001,21.535417,16.4,5135.417,1
97,97.00000000000007,21.758854,15.966666666666667,5792.187333333332,1
98,98.00000000000009,21.982292,16.166666666666668,5815.625333333333,1
99,99.00000000000009,22.202083,16.4,5802.083,1
100,100.00000000000009,22.404166,17.266666666666666,5137.499333333334,1
101,101.00000000000013,22.60625,17.466666666666665,5139.583333333334,1
102,102.00000000000009,22.8625,17.7,5162.500000000002,1
103,103.0000000000001,23.076563,17.933333333333334,5143.229666666666,1
104,104.0000000000001,23.290625,18.133333333333333,5157.291666666666,1
105,105.00000000000009,23.504687,18.333333333333332,5171.353666666669,1
106,106.00000000000009,23.71875,18.5,5218.75,1
107,107.00000000000009,23.932813,18.633333333333333,5299.479666666666,1
108,108.0000000000001,24.146875,18.866666666666667,5280.208333333334,1
109,109.0000000000001,24.421528,19.066666666666666,5354.861333333332,1
110,110.0000000000001,24.69618,19.266666666666666,5429.513333333332,1
111,111.00000000000017,24.970833,19.333333333333332,5637.499666666667,1
112,112.0000000000001,25.202083,19.7,5502.082999999999,1
113,113.00000000000013,25.433333,25.433333333333334,0.00033333333249174757,1
114,114.00000000000013,25.664583,25.533333333333335,131.24966666666538,1
115,115.0000000000001,25.895833,25.733333333333334,162.49966666666538,1
116,116.0000000000001,26.127083,25.833333333333332,293.7496666666668,1
117,117.0000000000001,26.358333,25.9,458.33299999999963,1
118,118.00000000000013,26.522395,26.233333333333334,289.06166666666525,1
119,119.00000000000013,26.686458,26.633333333333333,53.12466666666538,1
120,120.00000000000013,26.934375,26.866666666666667,67.70833333333215,1
121,121.00000000000014,27.128819,27.1,28.818999999998596,1
122,122.00000000000013,27.323264,27.3,23.26400000000106,1
123,123.00000000000014,27.517708,27.5,17.707999999998947,1
124,124.00000000000014,27.714583,27.7,14.583000000001789,1
125,125.00000000000014,27.911458000000003,27.8,111.4580000000025,1
126,126.0000000000002,28.108333,28.1,8.332999999996815,1
127,127.00000000000014,28.379166,28.3,79.16600000000074,1
128,128.00000000000014,28.65,28.533333333333335,116.66666666666359,1
129,129.00000000000014,28.920833,28.9,20.832999999999657,1
130,130.00000000000014,29.132738,29.1,32.73799999999838,1
131,131.00000000000014,29.344643,29.3,44.643000000000654,1
132,132.00000000000014,29.556547,29.533333333333335,23.213666666663357,1
133,133.00000000000014,29.768452000000003,29.733333333333334,35.118666666669185,1
134,134.00000000000014,29.980357,29.966666666666665,13.690333333336469,1
135,135.00000000000014,30.192262,30.166666666666668,25.595333333331638,1
136,136.0000000000002,30.404166,30.333333333333332,70.83266666666788,1
137,137.00000000000014,30.650651,30.566666666666666,83.98433333333344,1
138,138.00000000000014,30.897135,30.766666666666666,130.46833333333296,1
139,139.00000000000014,31.14362,31.0,143.61999999999853,1
140,140.00000000000014,31.390104,31.233333333333334,156.7706666666666,1
141,141.00000000000014,31.636589,32.2,563.4110000000021,1
142,142.00000000000014,31.883073,32.36666666666667,483.59366666666756,1
143,143.00000000000014,32.129558,32.36666666666667,237.1086666666642,1
144,144.00000000000014,32.376042,32.333333333333336,42.70866666666251,1
145,145.00000000000014,32.608594000000004,32.56666666666667,41.92733333333365,1
146,146.0000000000002,32.841146,32.766666666666666,74.47933333333623,1
147,147.00000000000014,32.983854,33.0,16.145999999999106,1
148,148.00000000000014,33.170833,33.13333333333333,37.49966666666893,1
149,149.00000000000017,33.325,33.333333333333336,8.33333333333286,1
150,150.0000000000002,33.489583,33.56666666666667,77.08366666666677,1
151,151.00000000000028,33.657292,33.63333333333333,23.95866666666535,1
152,152.00000000000026,33.819792,33.8,19.792000000002474,1
153,153.00000000000028,33.991667,34.0,8.333000000000368,1
154,154.00000000000028,34.180903,34.166666666666664,14.236333333336404,1
155,155.00000000000028,34.370139,34.36666666666667,3.472333333334632,1
156,156.00000000000034,34.559375,34.53333333333333,26.041666666671404,1
157,157.00000000000028,34.720833,34.7,20.832999999996105,1
158,158.00000000000034,34.886458000000005,34.86666666666667,19.79133333333749,1
159,159.00000000000034,35.096875,35.0,96.87499999999716,1
160,160.00000000000034,35.277084,35.266666666666666,10.417333333336387,1
161,161.00000000000034,35.44166699999999,35.46666666666667,24.999666666680298,1
162,162.00000000000034,35.65625,35.6,56.24999999999858,1
163,163.00000000000034,35.790625,35.766666666666666,23.95833333333286,1
164,164.00000000000034,35.947917,35.86666666666667,81.25033333332965,1
165,165.00000000000028,36.117708,36.06666666666667,51.041333333330385,1
166,166.0000000000003,36.37083300000001,36.3,70.83300000001458,1
167,167.00000000000034,36.594792,36.5,94.79199999999821,1
168,168.00000000000028,36.90208300000001,36.733333333333334,168.74966666667746,1
169,169.00000000000028,37.101042,36.96666666666667,134.37533333333107,1
170,170.00000000000028,37.3,37.233333333333334,66.66666666666288,1
171,171.0000000000003,37.4625,37.4,62.5,1
172,172.00000000000037,37.658333,37.6,58.332999999997526,1
173,173.00000000000028,37.79270800000001,37.833333333333336,40.625333333323965,1
174,174.00000000000028,37.96458300000001,38.03333333333333,68.7503333333197,1
175,175.00000000000026,38.144792,38.1,44.79200000000105,1
176,176.00000000000026,38.320833,38.3,20.83300000000321,1
177,177.00000000000028,38.472917,38.46666666666667,6.250333333333913,1
178,178.0000000000002,38.662674,38.666666666666664,3.9926666666616484,1
179,179.00000000000017,38.852431,38.9,47.568999999995754,1
180,180.0000000000002,39.042187,39.13333333333333,91.14633333333444,1
181,181.0000000000002,39.252083,39.2,52.082999999996105,1
182,182.00000000000026,39.421875,39.43333333333333,11.458333333330017,1
183,183.00000000000017,39.592709,39.56666666666667,26.04233333332928,1
184,184.00000000000014,39.75,39.766666666666666,16.66666666666572,1
185,185.00000000000014,39.93333300000001,39.86666666666667,66.6663333333446,1
186,186.00000000000017,40.134375,40.03333333333333,101.04166666666714,1
187,187.0000000000002,40.340625,40.3,40.625000000005684,1
188,188.00000000000014,40.520833,40.46666666666667,54.16633333333465,1
189,189.0000000000001,40.70625,40.666666666666664,39.58333333333286,1
190,190.0000000000001,40.969792,40.86666666666667,103.12533333333107,1
191,191.0000000000001,41.21458300000001,41.13333333333333,81.24966666667888,1
192,192.00000000000017,41.740625,41.4,340.62500000000284,1
193,193.00000000000017,42.221875,41.6,621.8749999999957,1
194,194.00000000000017,42.427083,41.8,627.083000000006,1
195,195.00000000000017,42.598958,42.13333333333333,465.62466666667035,1
196,196.00000000000017,42.867188,42.333333333333336,533.854666666663,1
197,197.00000000000017,43.145833,42.5,645.8330000000033,1
198,198.0000000000002,43.423958,42.733333333333334,690.6246666666647,1
199,199.0000000000002,43.628125,42.96666666666667,661.4583333333286,1
200,200.00000000000017,43.794792,43.766666666666666,28.125333333335334,1
201,201.00000000000017,44.057292,43.93333333333333,123.95866666666677,1
202,202.00000000000014,44.342708,44.233333333333334,109.37466666666751,1
203,203.00000000000017,44.498958,44.5,1.041999999998211,1
204,204.00000000000017,44.686979,44.666666666666664,20.312333333336596,1
205,205.00000000000017,44.882292,44.9,17.707999999998947,1
206,206.00000000000017,45.110416,45.03333333333333,77.0826666666693,1
207,207.00000000000017,45.359375,45.3,59.37500000000284,1
208,208.00000000000017,45.620834,45.53333333333333,87.50066666667067,1
209,209.00000000000017,45.813541,45.733333333333334,80.20766666666646,1
210,210.00000000000017,46.016666,45.96666666666667,49.999333333332174,1
211,211.00000000000017,46.225,46.2,24.99999999999858,1
212,212.00000000000017,46.409375,46.4,9.374999999998579,1
213,213.0000000000002,46.595833,46.63333333333333,37.50033333333391,1
214,214.00000000000017,46.859375,46.766666666666666,92.70833333333428,1
215,215.0000000000002,47.040625,47.0,40.62499999999858,1
216,216.0000000000002,47.283854,47.233333333333334,50.52066666666377,1
217,217.0000000000002,47.551042,47.53333333333333,17.708666666671036,1
218,218.0000000000002,47.845833,48.03333333333333,187.5003333333325,1
219,219.0000000000002,48.275,48.2,74.99999999999574,1
220,220.0000000000002,48.596601,48.46666666666667,129.93433333333115,1
221,221.00000000000028,48.855039,48.7,155.03899999999504,1
222,222.0000000000003,49.075,48.9,175.00000000000426,1
223,223.0000000000003,49.278125,49.266666666666666,11.458333333337123,1
224,224.0000000000003,49.469792,49.4,69.79199999999963,1
225,225.0000000000003,49.679167,49.63333333333333,45.83366666666677,1
226,226.0000000000003,49.94895800000001,49.86666666666667,82.2913333333446,1
227,227.0000000000003,50.107292,50.06666666666667,40.62533333333107,1
228,228.0000000000003,50.301041,50.3,1.0410000000007358,1
229,229.0000000000003,50.521875,50.5,21.87500000000142,1
230,230.0000000000003,50.729167,50.666666666666664,62.50033333333249,1
231,231.0000000000003,50.909896,50.9,9.89600000000479,1
232,232.0000000000003,51.138542,51.1,38.54199999999963,1
233,233.00000000000034,51.375,51.3,75.00000000000284,1
234,234.00000000000037,51.780208,51.5,280.2080000000018,1
235,235.00000000000037,52.033333,51.9,133.33300000000037,1
236,236.00000000000037,52.239583,52.166666666666664,72.91633333333891,1
237,237.00000000000037,52.422916,52.4,22.916000000002157,1
238,238.00000000000037,52.78229200000001,52.63333333333333,148.95866666667956,1
239,239.00000000000037,52.969271,52.93333333333333,35.93766666666909,1
240,240.00000000000037,53.329687,53.166666666666664,163.02033333333554,1
241,241.00000000000037,53.738542,53.43333333333333,305.20866666667246,1
242,242.0000000000003,53.928125,53.9,28.125000000002842,1
243,243.0000000000003,54.071875,54.03333333333333,38.54166666666714,1
244,244.00000000000034,54.309896,54.266666666666666,43.22933333333623,1
245,245.0000000000003,54.58645799999999,54.5,86.45799999999326,1
246,246.00000000000034,54.856771,54.733333333333334,123.43766666666767,1
247,247.00000000000037,55.05520799999999,54.96666666666667,88.5413333333247,1
248,248.00000000000037,55.238542,55.2,38.54199999999963,1
249,249.00000000000037,55.455208,55.43333333333333,21.87466666666893,1
250,250.0000000000004,55.67916700000001,55.63333333333333,45.83366666667388,1
251,251.00000000000037,55.88333299999999,55.833333333333336,49.99966666665756,1
252,252.0000000000004,56.060417,56.06666666666667,6.249666666668929,1
253,253.00000000000037,56.259375,56.266666666666666,7.29166666666714,1
254,254.0000000000004,56.465104,56.46666666666667,1.5626666666719302,1
255,255.00000000000037,56.655208,56.63333333333333,21.87466666666893,1
256,256.0000000000004,56.870312,56.8,70.31200000000126,1
257,257.00000000000034,57.171875,57.1,71.87499999999858,1
258,258.00000000000045,57.597917,57.3,297.9170000000053,1
259,259.0000000000004,58.015625,57.53333333333333,482.29166666666856,1
260,260.0000000000004,58.2125,58.2,12.499999999995737,1
261,261.00000000000045,58.426563,58.36666666666667,59.89633333333444,1
262,262.0000000000004,58.697917,58.63333333333333,64.58366666666393,1
263,263.00000000000045,58.925,58.86666666666667,58.33333333333002,1
264,264.00000000000045,59.303125,59.03333333333333,269.79166666667,1
265,265.0000000000004,59.652083,59.4,252.08299999999895,1
266,266.0000000000004,59.859375,59.766666666666666,92.70833333333428,1
267,267.00000000000045,60.154167,60.03333333333333,120.83366666666961,1
268,268.00000000000045,60.507813,60.266666666666666,241.14633333333302,1
269,269.00000000000045,60.717708,60.63333333333333,84.37466666666893,1
270,270.00000000000045,60.946355,60.86666666666667,79.68833333332981,1
271,271.0000000000004,61.189583,61.1,89.58299999999753,1
272,272.0000000000004,61.347917,61.333333333333336,14.583666666666772,1
273,273.00000000000045,61.566667,61.56666666666667,0.00033333333249174757,1
274,274.0000000000004,61.790625,61.7,90.62499999999574,1
275,275.0000000000005,61.965105,61.93333333333333,31.771666666671194,1
276,276.0000000000005,62.158334,62.166666666666664,8.33266666666077,1
277,277.0000000000005,62.36823,62.4,31.77000000000163,1
278,278.0000000000005,62.56354200000001,62.53333333333333,30.208666666680983,1
279,279.0000000000005,62.789063,62.733333333333334,55.72966666666446,1
280,280.0000000000005,63.052604,62.96666666666667,85.93733333333375,1
281,281.0000000000005,63.29375,63.233333333333334,60.41666666666856,1
282,282.0000000000005,63.615104,63.46666666666667,148.43733333333375,1
283,283.0000000000005,63.91875,63.766666666666666,152.08333333333712,1
284,284.0000000000005,64.102083,64.06666666666666,35.416333333330385,1
285,285.0000000000005,64.35,64.26666666666667,83.3333333333286,1
286,286.0000000000004,64.734375,64.53333333333333,201.04166666666856,1
287,287.0000000000005,64.951562,64.9,51.561999999989894,1
288,288.0000000000004,65.538542,65.26666666666667,271.875333333341,1
289,289.0000000000005,66.1375,65.46666666666667,670.8333333333343,1
290,290.0000000000005,66.348959,65.9,448.9589999999879,1
291,291.0000000000005,66.569792,66.5,69.79200000000674,1
292,292.0000000000005,66.825,66.76666666666667,58.33333333333712,1
293,293.00000000000057,67.095833,67.0,95.83299999999895,1
294,294.0000000000005,67.305208,67.23333333333333,71.87466666665898,1
295,295.00000000000057,67.503125,67.43333333333334,69.79166666666003,1
296,296.0000000000005,67.680208,67.66666666666667,13.541333333321859,1
297,297.00000000000057,67.859375,67.86666666666666,7.291666666660035,1
298,298.0000000000005,68.070833,68.03333333333333,37.499666666661824,1
299,299.00000000000057,68.28125,68.26666666666667,14.58333333333428,1
300,300.0000000000005,68.466667,68.46666666666667,0.00033333333249174757,1
301,301.00000000000057,68.634375,68.66666666666667,32.29166666666572,1
302,302.0000000000005,68.8625,68.83333333333333,29.16666666666856,1
303,303.00000000000057,69.065625,69.0,65.62499999999716,1
304,304.00000000000057,69.258333,69.23333333333333,24.99966666665898,1
305,305.0000000000006,69.459375,69.4,59.37499999998863,1
306,306.00000000000057,69.820833,69.56666666666666,254.16633333333039,1
307,307.0000000000006,70.084375,69.83333333333333,251.04166666666572,1
308,308.0000000000006,70.275,70.2,75.00000000000284,1
309,309.0000000000006,70.433854,70.4,33.85399999999095,1
310,310.0000000000006,70.66875,70.66666666666667,2.0833333333314386,1
311,311.0000000000006,70.87447900000002,70.76666666666667,107.81233333335649,1
312,312.0000000000006,71.202084,71.03333333333333,168.75066666666783,1
313,313.0000000000006,71.436458,71.36666666666666,69.79133333334175,1
314,314.0000000000006,71.610417,71.56666666666666,43.750333333335334,1
315,315.0000000000006,71.888542,71.8,88.5420000000039,1
316,316.0000000000006,72.16301999999997,72.0,163.01999999997463,1
317,317.0000000000006,72.440625,72.3,140.625,1
318,318.0000000000007,72.6875,72.53333333333333,154.16666666666856,1
319,319.0000000000007,72.921875,72.83333333333333,88.5416666666714,1
320,320.0000000000007,73.096875,73.06666666666666,30.20833333333428,1
321,321.0000000000007,73.270312,73.23333333333333,36.978666666669824,1
322,322.0000000000007,73.467187,73.43333333333334,33.853666666658455,1
323,323.0000000000007,73.647396,73.66666666666667,19.270666666670877,1
324,324.0000000000007,73.84322900000002,73.73333333333333,109.89566666668793,1
325,325.00000000000057,74.040625,74.0,40.625000000005684,1
326,326.0000000000006,74.247396,74.23333333333333,14.062666666660562,1
327,327.0000000000007,74.51302,74.43333333333334,79.68666666666024,1
328,328.0000000000007,74.710417,74.66666666666667,43.750333333335334,1
329,329.0000000000007,74.901042,74.86666666666666,34.37533333334386,1
330,330.0000000000007,75.05625,75.1,43.74999999998863,1
331,331.0000000000006,75.242708,75.33333333333333,90.62533333333533,1
332,332.0000000000007,75.429167,75.4,29.167000000001053,1
333,333.0000000000007,75.66041700000002,75.5,160.4170000000238,1
334,334.00000000000074,75.851042,75.83333333333333,17.70866666667814,1
335,335.00000000000074,76.013021,76.0,13.020999999994842,1
336,336.0000000000008,76.18177,76.2,18.230000000002633,1
337,337.0000000000008,76.419792,76.36666666666666,53.12533333334102,1
338,338.0000000000008,76.581771,76.53333333333333,48.43766666667193,1
339,339.0000000000008,76.917187,76.73333333333333,183.85366666666414,1
340,340.00000000000085,77.127083,76.96666666666667,160.41633333333039,1
341,341.0000000000008,77.31666700000002,77.26666666666667,50.00033333335807,1
342,342.00000000000085,77.482292,77.5,17.707999999998947,1
343,343.00000000000085,77.64479200000002,77.66666666666667,21.874666666647613,1
344,344.0000000000009,77.80364499999997,77.93333333333334,129.6883333333625,1
345,345.0000000000009,78.058334,78.03333333333333,25.000666666670668,1
346,346.0000000000009,78.209375,78.23333333333333,23.958333333339965,1
347,347.0000000000009,78.404167,78.43333333333334,29.16633333333607,1
348,348.00000000000097,78.701562,78.53333333333333,168.22866666666414,1
349,349.0000000000009,78.91849,78.83333333333333,85.15666666667698,1
350,350.00000000000097,79.135417,79.1,35.41700000000958,1
351,351.000000000001,79.339584,79.3,39.58400000000495,1
352,352.000000000001,79.528125,79.53333333333333,5.208333333328596,1
353,353.000000000001,79.709375,79.73333333333333,23.958333333339965,1
354,354.0000000000011,79.84791700000002,79.93333333333334,85.41633333331333,1
355,355.0000000000011,80.077084,80.13333333333334,56.2493333333407,1
356,356.0000000000011,80.30625,80.36666666666666,60.41666666665435,1
357,357.0000000000011,80.440625,80.4,40.62499999999147,1
358,358.00000000000114,80.62083299999998,80.6,20.832999999981894,1
359,359.00000000000125,80.804167,80.8,4.16700000000958,1
360,360.00000000000125,80.952083,80.96666666666667,14.583666666666772,1
361,361.00000000000125,81.17135400000002,81.16666666666667,4.687333333350807,1
362,362.00000000000114,81.390625,81.4,9.375000000005684,1
363,363.0000000000013,81.636459,81.56666666666666,69.79233333333923,1
364,364.0000000000013,81.841667,81.83333333333333,8.333666666672457,1
365,365.0000000000013,82.044792,82.03333333333333,11.458666666669615,1
366,366.0000000000014,82.172917,82.2,27.08300000000463,1
367,367.0000000000014,82.37916700000002,82.43333333333334,54.16633333331333,1
368,368.0000000000015,82.585417,82.63333333333334,47.91633333333323,1
369,369.0000000000014,82.715104,82.66666666666667,48.43733333332523,1
370,370.0000000000013,82.904167,82.9,4.166999999995369,1
371,371.00000000000165,83.09791700000002,83.1,2.082999999970525,1
372,372.00000000000153,83.267708,83.3,32.29199999999821,1
373,373.00000000000153,83.498437,83.53333333333333,34.89633333333586,1
374,374.0000000000016,83.729167,83.7,29.167000000001053,1
375,375.0000000000017,83.9375,83.93333333333334,4.166666666662877,1
376,376.0000000000015,84.139583,84.16666666666667,27.083666666669615,1
377,377.00000000000176,84.32395799999998,84.33333333333333,9.375333333352387,1
378,378.0000000000017,84.485417,84.63333333333334,147.91633333334175,1
379,379.0000000000018,84.623958,84.83333333333333,209.3753333333268,1
380,380.00000000000176,84.8,85.06666666666666,266.6666666666657,1
381,381.0000000000019,84.961458,85.03333333333333,71.87533333333818,1
382,382.0000000000019,85.109375,85.5,390.625,1
383,383.000000000002,85.2125,85.46666666666667,254.16666666666288,1
384,384.0000000000019,85.388021,85.63333333333334,245.31233333334512,1
385,385.0000000000019,85.62100699999998,85.86666666666666,245.6596666666826,1
386,386.0000000000019,85.853993,86.13333333333334,279.3403333333373,1
387,387.000000000002,86.086979,86.6,513.0209999999948,1
388,388.0000000000019,86.30809599999998,86.63333333333334,325.23733333336224,1
389,389.000000000002,86.529214,86.76666666666667,237.45266666666964,1
390,390.0000000000019,86.750331,86.7,50.330999999999904,1
391,391.000000000002,86.97144899999998,86.93333333333334,38.115666666641346,1
392,392.0000000000019,87.192566,87.13333333333334,59.232666666659384,1
393,393.0000000000019,87.413684,87.2,213.68400000000065,1
394,394.0000000000019,87.634801,87.2,434.8009999999931,1
395,395.0000000000018,87.855919,87.2,655.9189999999973,1
396,396.0000000000019,88.07703599999998,87.2,877.0359999999755,1
397,397.00000000000193,88.298154,87.56666666666666,731.4873333333338,1
398,398.000000000002,88.519271,88.5,19.27100000000337,1
399,399.0000000000018,88.73385400000002,88.66666666666667,67.18733333335081,1
400,400.000000000002,88.948177,88.86666666666666,81.51033333334112,1
401,401.0000000000018,89.1625,88.9,262.49999999998863,1
402,402.00000000000205,89.404167,89.33333333333333,70.83366666667246,1
403,403.00000000000205,89.617535,89.53333333333333,84.20166666667228,1
404,404.000000000002,89.830903,89.76666666666667,64.23633333334067,1
405,405.00000000000205,90.044271,89.83333333333333,210.93766666666625,1
406,406.000000000002,90.257639,90.16666666666667,90.9723333333261,1
407,407.0000000000019,90.471007,90.2,271.00699999999733,1
408,408.0000000000021,90.684375,90.53333333333333,151.0416666666714,1
409,409.00000000000205,90.923611,90.76666666666667,156.94433333332825,1
410,410.000000000002,91.162847,90.96666666666667,196.18033333333074,1
411,411.00000000000205,91.402084,91.16666666666667,235.4173333333307,1
412,412.000000000002,91.610938,91.66666666666667,55.72866666666698,1
413,413.0000000000019,91.819792,91.86666666666666,46.8746666666533,1
414,414.00000000000216,92.028646,92.1,71.35399999999947,1
415,415.00000000000205,92.2375,92.36666666666666,129.16666666666288,1
416,416.000000000002,92.446354,92.53333333333333,86.97933333333197,1
417,417.00000000000205,92.655209,92.63333333333334,21.8756666666593,1
418,418.000000000002,92.811979,92.83333333333333,21.354333333334807,1
419,419.00000000000205,92.96875,92.86666666666666,102.08333333333997,1
420,420.00000000000205,93.20625,93.16666666666667,39.583333333325754,1
421,421.0000000000021,93.428385,93.36666666666666,61.718333333345754,1
422,422.00000000000216,93.65052,93.63333333333334,17.186666666660244,1
423,423.0000000000021,93.888021,93.8,88.02099999999768,1
424,424.0000000000021,94.096875,94.0,96.87499999999716,1
425,425.00000000000216,94.305729,94.06666666666666,239.0623333333366,1
426,426.00000000000233,94.539063,94.43333333333334,105.72966666666161,1
427,427.00000000000216,94.752691,94.66666666666667,86.02433333332726,1
428,428.00000000000233,94.966319,94.9,66.31899999999291,1
429,429.00000000000216,95.179948,95.16666666666667,13.281333333324596,1
430,430.0000000000021,95.393576,95.4,6.424000000009755,1
431,431.00000000000216,95.607205,95.56666666666666,40.538333333330456,1
432,432.00000000000233,95.820833,95.76666666666667,54.16633333332754,1
433,433.00000000000216,96.082291,95.96666666666667,115.62433333332933,1
434,434.00000000000233,96.34375,96.16666666666667,177.0833333333286,1
435,435.00000000000216,96.605208,96.23333333333333,371.87466666667035,1
436,436.00000000000216,96.828819,96.7,128.8189999999929,1
437,437.00000000000216,97.05243,96.86666666666666,185.76333333334105,1
438,438.00000000000205,97.276042,97.06666666666666,209.37533333334102,1
439,439.00000000000216,97.499653,97.23333333333333,266.31966666666074,1
440,440.0000000000022,97.723264,97.4,323.26399999999467,1
441,441.00000000000233,97.946875,97.76666666666667,180.20833333333997,1
442,442.0000000000022,98.293403,98.1,193.40300000000354,1
443,443.0000000000022,98.639931,98.63333333333334,6.597666666664281,1
444,444.0000000000021,98.986458,98.86666666666666,119.79133333333891,1
445,445.0000000000022,99.168403,99.1,68.40300000000354,1
446,446.00000000000233,99.350347,99.36666666666666,16.319666666660737,1
447,447.00000000000233,99.532292,99.53333333333333,1.0413333333332275,1
448,448.00000000000233,99.732639,99.7,32.63900000000319,1
449,449.0000000000022,99.932986,99.9,32.985999999993965,1
450,450.0000000000021,100.133333,100.1,33.33299999999895,1
451,451.0000000000022,100.422916,100.26666666666667,156.24933333333502,1
452,452.0000000000022,100.7125,100.56666666666666,145.8333333333428,1
453,453.0000000000025,101.002083,100.93333333333334,68.74966666666182,1
454,454.00000000000233,101.223066,101.13333333333334,89.73266666666291,1
455,455.0000000000022,101.444048,101.36666666666666,77.38133333333508,1
456,456.00000000000233,101.66503,101.6,65.03000000000725,1
457,457.0000000000022,101.886012,101.8,86.01199999999665,1
458,458.00000000000233,102.106994,102.0,106.99400000000026,1
459,459.0000000000022,102.327976,102.23333333333333,94.64266666667243,1
460,460.00000000000233,102.548958,102.5,48.95799999999895,1
461,461.0000000000022,102.773125,102.73333333333333,39.7916666666589,1
462,462.00000000000233,102.997291,102.86666666666666,130.6243333333441,1
463,463.0000000000022,103.221458,103.03333333333333,188.12466666666694,1
464,464.00000000000233,103.445625,102.4,1045.6250000000011,1
465,465.00000000000233,103.669792,102.46666666666667,1203.1253333333325,1
466,466.00000000000233,103.893958,102.46666666666667,1427.2913333333292,1
467,467.0000000000022,104.118125,102.46666666666667,1651.4583333333376,1
468,468.00000000000233,104.342292,102.46666666666667,1875.625333333332,1
469,469.0000000000022,104.566458,102.46666666666667,2099.7913333333286,1
470,470.00000000000233,104.790625,102.46666666666667,2323.958333333337,1
471,471.0000000000024,105.018229,102.83333333333333,2184.8956666666763,1
472,472.0000000000024,105.245573,102.43333333333334,2812.239666666656,1
473,473.00000000000233,105.472916,102.56666666666666,2906.249333333335,1
474,474.0000000000024,105.715104,105.6,115.10400000000232,1
475,475.0000000000024,105.923871,105.86666666666666,57.2043333333454,1
476,476.0000000000024,106.13263899999998,106.06666666666666,65.97233333332042,1
477,477.00000000000244,106.341406,106.3,41.40600000000916,1
478,478.0000000000024,106.550173,106.46666666666667,83.50633333333235,1
479,479.0000000000024,106.758941,106.5,258.940999999993,1
480,480.0000000000024,106.967708,106.56666666666666,401.0413333333389,1
481,481.00000000000233,107.215277,106.93333333333334,281.94366666666326,1
482,482.0000000000024,107.462847,107.2,262.8469999999936,1
483,483.00000000000244,107.710416,107.7,10.41599999999221,1
484,484.0000000000024,107.906667,107.86666666666666,40.000333333338745,1
485,485.00000000000244,108.102917,108.1,2.9170000000107166,1
486,486.00000000000244,108.299167,108.3,0.8330000000000837,1
487,487.0000000000024,108.495417,108.53333333333333,37.91633333332811,1
488,488.00000000000244,108.691667,108.7,8.333000000007473,1
489,489.0000000000025,108.954166,108.86666666666666,87.4993333333407,1
490,490.00000000000244,109.119271,109.1,19.27100000000337,1
491,491.0000000000025,109.284375,109.3,15.625,1
492,492.0000000000025,109.547917,109.46666666666667,81.25033333332965,1
493,493.00000000000256,109.780729,109.7,80.72899999999095,1
494,494.0000000000025,110.013542,110.0,13.542000000001053,1
495,495.00000000000256,110.219271,110.13333333333334,85.93766666666625,1
496,496.0000000000027,110.433594,110.36666666666666,66.92733333333933,1
497,497.00000000000256,110.647916,110.46666666666667,181.2493333333265,1
498,498.00000000000256,110.889062,110.8,89.06199999999842,1
499,499.0000000000027,111.111198,111.03333333333333,77.86466666667025,1
500,500.0000000000026,111.333333,111.23333333333333,99.99966666666182,1
501,501.00000000000256,111.555469,111.46666666666667,88.80233333333365,1
502,502.0000000000027,111.777604,111.66666666666667,110.93733333332523,1
503,503.0000000000026,111.99974,111.86666666666666,133.0733333333427,1
504,504.00000000000256,112.221875,112.06666666666666,155.20833333333428,1
505,505.0000000000026,112.492708,112.3,192.7079999999961,1
506,506.0000000000026,112.763542,112.53333333333333,230.20866666666961,1
507,507.00000000000273,113.034375,112.6,434.37500000000284,1
508,508.0000000000027,113.269792,113.06666666666666,203.1253333333325,1
509,509.0000000000027,113.505208,113.3,205.20799999999895,1
510,510.0000000000026,113.740625,113.5,240.62499999999432,1
511,511.0000000000027,113.976042,113.66666666666667,309.37533333333533,1
512,512.0000000000026,114.211458,113.9,311.4579999999876,1
513,513.0000000000026,114.446875,114.03333333333333,413.54166666667425,1
514,514.0000000000026,114.77882,114.43333333333334,345.48666666665895,1
515,515.0000000000026,115.110764,114.66666666666667,444.0973333333318,1
516,516.0000000000026,115.442708,114.73333333333333,709.3746666666618,1
517,517.0000000000026,115.634722,115.23333333333333,401.3886666666622,1
518,518.0000000000026,115.826736,115.46666666666667,360.06933333332825,1
519,519.0000000000026,116.01875,116.03333333333333,14.58333333333428,1
520,520.0000000000026,116.221181,116.2,21.180999999998562,1
521,521.0000000000026,116.423611,116.36666666666666,56.94433333333393,1
522,522.0000000000026,116.626042,116.56666666666666,59.375333333335334,1
523,523.0000000000026,116.908854,116.76666666666667,142.18733333333944,1
524,524.0000000000025,117.191667,117.0,191.66699999999537,1
525,525.0000000000026,117.474479,117.23333333333333,241.14566666666803,1
526,526.0000000000025,117.792014,117.56666666666666,225.3473333333318,1
527,527.0000000000026,118.109549,117.73333333333333,376.21566666666695,1
528,528.0000000000026,118.427083,117.96666666666667,460.41633333332754,1
529,529.0000000000026,118.744618,118.2,544.6179999999998,1
530,530.0000000000026,119.062153,118.43333333333334,628.8196666666579,1
531,531.0000000000025,119.379688,118.66666666666667,713.0213333333302,1
532,532.0000000000025,120.028819,119.53333333333333,495.48566666666716,1
533,533.0000000000026,120.677951,119.73333333333333,944.6176666666588,1
534,534.0000000000026,121.327083,119.93333333333334,1393.7496666666648,1
535,534.9979166666692,121.430729,120.16666666666667,1264.062333333328,1
536,535.9979166666691,121.534375,120.36666666666666,1167.7083333333371,1
537,537.0000000000024,121.63802,120.63333333333334,1004.6866666666574,1
538,537.9979166666689,121.741666,120.83333333333333,908.3326666666665,1
539,538.9979166666687,121.845312,121.03333333333333,811.9786666666755,1
540,540.000000000002,121.948958,121.26666666666667,682.2913333333389,1
541,541.0000000000019,122.16849,121.43333333333334,735.1566666666685,1
542,542.000000000002,122.388021,122.3,88.02099999999768,1
543,543.0000000000019,122.534896,122.53333333333333,1.5626666666719302,1
544,544.000000000002,122.745833,122.7,45.83300000000179,1
545,545.000000000002,122.883333,122.93333333333334,50.00033333334386,1
546,546.000000000002,123.045833,123.13333333333334,87.50033333333818,1
547,547.000000000002,123.216667,123.2,16.66699999999821,1
548,548.0000000000022,123.392708,123.36666666666666,26.041333333338912,1
549,549.0000000000022,123.547917,123.56666666666666,18.749666666664666,1
550,550.0000000000022,123.743403,123.76666666666667,23.263666666665017,1
551,551.0000000000022,123.938889,123.9,38.88899999999751,1
552,552.0000000000022,124.134375,124.16666666666667,32.29166666666572,1
553,553.0000000000023,124.305208,124.3,5.207999999996105,1
554,554.0000000000023,124.471875,124.46666666666667,5.208333333328596,1
555,555.0000000000023,124.647916,124.63333333333334,14.582666666655086,1
556,556.0000000000023,124.815625,124.63333333333334,182.2916666666572,1
557,557.0000000000023,125.005208,124.63333333333334,371.87466666665614,1
558,558.0000000000023,125.209375,124.63333333333334,576.0416666666544,1
559,559.0000000000023,125.367708,125.33333333333333,34.374666666664666,1
560,560.0000000000024,125.519792,125.5,19.79199999999537,1
561,561.0000000000025,125.704166,125.66666666666667,37.49933333332933,1
562,562.0000000000024,125.933333,125.83333333333333,99.99966666667603,1
563,563.0000000000025,126.153125,126.06666666666666,86.45833333333997,1
564,564.0000000000025,126.470833,126.3,170.8330000000018,1
565,565.0000000000025,126.685677,126.56666666666666,119.01033333333544,1
566,566.0000000000025,126.900521,126.8,100.52100000000053,1
567,567.0000000000025,127.040104,127.0,40.10399999999947,1
568,568.0000000000025,127.25625,127.23333333333333,22.916666666660035,1
569,569.0000000000025,127.386458,127.43333333333334,46.87533333333249,1
570,570.0000000000025,127.559375,127.6,40.62499999999147,1
571,571.0000000000026,127.736458,127.8,63.54199999999821,1
572,572.0000000000025,127.914583,127.9,14.582999999987578,1
573,573.0000000000026,128.084375,128.03333333333333,51.04166666666288,1
574,574.0000000000028,128.279861,128.26666666666668,13.194333333331087,1
575,575.0000000000028,128.475347,128.53333333333333,57.98633333333214,1
576,576.0000000000028,128.67083300000002,128.7,29.16699999997263,1
577,577.0000000000028,128.927083,128.9,27.08300000000463,1
578,578.0000000000028,129.089583,129.06666666666666,22.916333333341754,1
579,579.000000000003,129.268229,129.23333333333332,34.89566666667088,1
580,580.0000000000028,129.43854199999998,129.4,38.541999999978316,1
581,581.000000000003,129.61041699999998,129.56666666666666,43.75033333332112,1
582,582.000000000003,129.81093700000002,129.76666666666668,44.27033333334407,1
583,583.000000000003,130.039583,129.96666666666667,72.9163333333247,1
584,584.000000000003,130.225,130.16666666666666,58.33333333333712,1
585,585.0000000000031,130.427604,130.4,27.60399999999663,1
586,586.0000000000031,130.70416699999998,130.6,104.16699999998968,1
587,587.0000000000031,130.948958,130.86666666666667,82.29133333333039,1
588,588.0000000000031,131.5125,131.1,412.4999999999943,1
589,589.0000000000031,132.005208,131.1,905.208000000016,1
590,590.0000000000031,132.21979199999998,131.56666666666666,653.1253333333211,1
591,591.0000000000031,132.414583,131.9,514.5829999999876,1
592,592.0000000000031,132.703125,132.13333333333333,569.7916666666742,1
593,593.0000000000031,132.996875,132.3,696.8749999999773,1
594,594.0000000000031,133.239583,132.56666666666666,672.9163333333474,1
595,595.0000000000031,133.43645800000002,132.83333333333334,603.1246666666732,1
596,596.0000000000031,133.609375,133.56666666666666,42.70833333333712,1
597,597.0000000000031,133.848958,133.76666666666668,82.29133333333039,1
598,598.0000000000031,134.133333,134.03333333333333,99.99966666666182,1
599,599.0000000000032,134.301042,134.26666666666668,34.37533333331544,1
600,600.0000000000031,134.471875,134.46666666666667,5.208333333342807,1
601,601.0000000000031,134.675,134.66666666666666,8.333333333354176,1
602,602.0000000000031,134.85833300000002,134.86666666666667,8.333666666658246,1
603,603.0000000000031,135.118229,135.06666666666666,51.56233333335081,1
604,604.0000000000032,135.377604,135.26666666666668,110.93733333331102,1
605,605.0000000000032,135.58125,135.5,81.25000000001137,1
606,606.0000000000033,135.763542,135.73333333333332,30.208666666680983,1
607,607.0000000000032,135.942708,135.93333333333334,9.374666666673193,1
608,608.0000000000033,136.103125,136.1,3.1250000000113687,1
609,609.0000000000033,136.316667,136.33333333333334,16.66633333334744,1
610,610.0000000000033,136.553125,136.5,53.124999999994316,1
611,611.0000000000033,136.75468700000002,136.73333333333332,21.353666666698246,1
612,612.0000000000033,136.956771,136.93333333333334,23.437666666666246,1
613,613.0000000000033,137.192708,137.16666666666666,26.041333333353123,1
614,614.0000000000033,137.496875,137.46666666666667,30.20833333332007,1
615,615.0000000000033,137.895833,137.83333333333334,62.49966666666751,1
616,616.0000000000033,138.207246,138.1,107.2460000000035,1
617,617.0000000000033,138.450177,138.2,250.17700000000787,1
618,618.0000000000033,138.709375,138.5,209.37499999999432,1
619,619.0000000000032,138.927083,138.76666666666668,160.41633333333039,1
620,620.0000000000033,139.111458,139.03333333333333,78.12466666666751,1
621,621.0000000000033,139.34375,139.3,43.74999999998863,1
622,622.0000000000033,139.671875,139.53333333333333,138.54166666666856,1
623,623.0000000000032,139.81354199999998,139.76666666666668,46.87533333330407,1
624,624.0000000000033,139.98125,140.0,18.75000000001137,1
625,625.0000000000033,140.210938,140.16666666666666,44.271333333341545,1
626,626.0000000000033,140.40625,140.36666666666667,39.583333333325754,1
627,627.0000000000034,140.62031299999998,140.6,20.31299999998737,1
628,628.0000000000034,140.86041699999996,140.76666666666668,93.75033333327565,1
629,629.0000000000033,141.132292,141.03333333333333,98.9586666666753,1
630,630.0000000000034,141.540625,141.26666666666668,273.95833333332575,1
631,631.0000000000034,141.83125,141.7,131.25000000002274,1
632,632.0000000000034,142.010417,141.96666666666667,43.75033333332112,1
633,633.0000000000034,142.23333300000004,142.16666666666666,66.66633333338723,1
634,634.0000000000034,142.5875,142.43333333333334,154.16666666666856,1
635,635.0000000000034,142.774479,142.73333333333332,41.145666666693614,1
636,636.0000000000035,143.13958300000004,142.96666666666667,172.91633333337586,1
637,637.0000000000035,143.553125,143.2,353.1250000000057,1
638,638.0000000000034,143.74375,143.4,343.75,1
639,639.0000000000035,143.9,143.9,0.0,1
640,640.0000000000034,144.11041699999996,144.1,10.416999999961263,1
641,641.0000000000035,144.355208,144.3,55.20799999999326,1
642,642.0000000000034,144.60833300000004,144.53333333333333,74.99966666671298,1
643,643.0000000000034,144.7875,144.76666666666668,20.833333333314386,1
644,644.0000000000034,144.984375,144.96666666666667,17.70833333333144,1
645,645.0000000000034,145.23906200000005,145.2,39.062000000058106,1
646,646.0000000000034,145.430208,145.4,30.207999999987578,1
647,647.0000000000034,145.65520800000004,145.63333333333333,21.874666666718667,1
648,648.0000000000034,145.850521,145.86666666666667,16.14566666668793,1
649,649.0000000000034,146.035417,146.06666666666666,31.24966666666751,1
650,650.0000000000034,146.270833,146.3,29.167000000001053,1
651,651.0000000000034,146.480729,146.46666666666667,14.06233333332807,1
652,652.0000000000034,146.681771,146.66666666666666,15.104333333340492,1
653,653.0000000000035,146.961458,146.9,61.45799999998758,1
654,654.0000000000034,147.302083,147.1,202.083000000016,1
655,655.0000000000034,147.747917,147.33333333333334,414.58366666665825,1
656,656.0000000000034,147.945833,147.56666666666666,379.1663333333304,1
657,657.0000000000034,148.12656299999998,148.1,26.562999999981685,1
658,658.0000000000034,148.3875,148.33333333333334,54.166666666645824,1
659,659.0000000000034,148.647917,148.5,147.91700000000674,1
660,660.0000000000031,149.021875,148.83333333333334,188.5416666666515,1
661,661.0000000000032,149.3875,149.13333333333333,254.16666666666288,1
662,662.0000000000033,149.578125,149.5,78.125,1
663,663.0000000000033,149.883333,149.7,183.33300000000463,1
664,664.0000000000031,150.240625,150.0,240.62499999999432,1
665,665.000000000003,150.465104,150.4,65.10399999999095,1
666,666.0000000000028,150.678646,150.63333333333333,45.31266666666056,1
667,667.000000000003,150.914583,150.83333333333334,81.24966666665046,1
668,668.000000000003,151.103125,151.06666666666666,36.45833333334281,1
669,669.0000000000028,151.30156200000005,151.3,1.5620000000353684,1
670,670.0000000000028,151.525521,151.46666666666667,58.85433333332912,1
671,671.0000000000025,151.695833,151.63333333333333,62.49966666666751,1
672,672.0000000000023,151.886979,151.86666666666667,20.312333333322385,1
673,673.0000000000023,152.103125,152.2,96.87499999998295,1
674,674.0000000000023,152.278125,152.33333333333334,55.208333333354176,1
675,675.0000000000022,152.529167,152.5,29.167000000001053,1
676,676.0000000000016,152.788021,152.66666666666666,121.35433333332912,1
677,677.0000000000016,153.020833,152.93333333333334,87.49966666667319,1
678,678.0000000000016,153.351042,153.2,151.0420000000181,1
679,679.0000000000015,153.64375,153.5,143.75000000001137,1
680,680.0000000000016,153.82708300000004,153.76666666666668,60.41633333336449,1
681,681.0000000000015,154.06145800000004,153.96666666666667,94.79133333337586,1
682,682.0000000000015,154.486458,154.23333333333332,253.12466666667888,1
683,683.0000000000015,154.68645800000004,154.6,86.4580000000501,1
684,684.0000000000014,155.275,154.93333333333334,341.66666666666856,1
685,685.0000000000015,155.851042,155.26666666666668,584.3753333333268,1
686,686.0000000000015,156.026042,155.66666666666666,359.3753333333325,1
687,687.0000000000013,156.246354,156.2,46.354000000008,1
688,688.0000000000013,156.513542,156.4,113.54199999999537,1
689,689.0000000000013,156.810417,156.7,110.41700000001242,1
690,690.000000000001,157.035417,156.96666666666667,68.75033333332681,1
691,691.0000000000011,157.21875,157.13333333333333,85.41666666667425,1
692,692.0000000000011,157.403125,157.36666666666667,36.458333333314386,1
693,693.000000000001,157.644792,157.53333333333333,111.45866666666393,1
694,694.0000000000011,157.81354199999996,157.8,13.54199999994421,1
695,695.000000000001,158.070833,158.03333333333333,37.499666666661824,1
696,696.000000000001,158.28125,158.23333333333332,47.91666666667993,1
697,697.0000000000013,158.446875,158.4,46.875,1
698,698.0000000000008,158.69010500000005,158.63333333333333,56.77166666671951,1
699,699.0000000000008,158.928125,158.83333333333334,94.79166666665151,1
700,700.0000000000008,159.085417,159.06666666666666,18.75033333334386,1
701,701.0000000000007,159.336458,159.26666666666668,69.79133333331333,1
702,702.0000000000007,159.729167,159.43333333333334,295.83366666665256,1
703,703.0000000000007,160.046875,159.86666666666667,180.20833333332575,1
704,704.0000000000007,160.260417,160.2,60.41700000000105,1
705,705.0000000000007,160.42291699999996,160.43333333333334,10.416333333381544,1
706,706.0000000000006,160.653125,160.63333333333333,19.791666666662877,1
707,707.0000000000005,160.859375,160.8,59.37499999998863,1
708,708.0000000000005,161.220833,161.06666666666666,154.16633333333607,1
709,709.0000000000003,161.43125,161.33333333333334,97.91666666666288,1
710,710.0000000000005,161.634375,161.6,34.37500000001137,1
711,711.0000000000005,161.943229,161.83333333333334,109.89566666665951,1
712,712.0000000000002,162.231771,162.03333333333333,198.43766666667761,1
713,713.0000000000005,162.486458,162.4,86.45799999999326,1
714,714.0000000000002,162.716146,162.6,116.14600000001474,1
715,715.0000000000002,162.927083,162.86666666666667,60.41633333333607,1
716,716.0000000000002,163.125,163.1,25.000000000005684,1
717,717.0000000000001,163.321354,163.3,21.354000000002316,1
718,718.0000000000001,163.503125,163.5,3.1250000000113687,1
719,719.0,163.68125,163.7,18.749999999982947,1
720,719.9999999999999,163.896354,163.9,3.6460000000033688,1
721,721.0000000000001,164.116667,164.06666666666666,50.00033333334386,1
722,721.9999999999998,164.314062,164.26666666666668,47.39533333332702,1
723,722.9999999999994,164.601563,164.5,101.56299999999874,1
724,723.9999999999997,164.788542,164.73333333333332,55.20866666668667,1
725,724.9999999999999,164.960417,164.93333333333334,27.083666666669615,1
726,725.9999999999999,165.147917,165.16666666666666,18.749666666650455,1
727,726.9999999999997,165.354167,165.36666666666667,12.499666666684561,1
728,727.9999999999995,165.566146,165.53333333333333,32.81266666667193,1
729,728.9999999999998,165.803646,165.76666666666668,36.979333333306386,1
730,729.9999999999993,166.022917,165.96666666666667,56.250333333338176,1
731,730.9999999999993,166.209375,166.16666666666666,42.70833333333712,1
732,731.9999999999992,166.383333,166.4,16.667000000012422,1
733,732.999999999999,166.596875,166.56666666666666,30.20833333334849,1
734,733.9999999999992,166.81145800000004,166.73333333333332,78.12466666672435,1
735,734.9999999999986,167.180208,166.93333333333334,246.87466666665614,1
736,735.9999999999989,167.378125,167.03333333333333,344.79166666667993,1
737,736.9999999999992,167.57708300000004,167.53333333333333,43.74966666671298,1
738,737.999999999999,167.742708,167.73333333333332,9.374666666673193,1
739,738.999999999999,167.9125,167.96666666666667,54.166666666674246,1
740,739.999999999999,168.088542,168.16666666666666,78.12466666666751,1
741,740.9999999999986,168.332291,168.36666666666667,34.37566666667635,1
742,741.9999999999987,168.491667,168.56666666666666,74.99966666665614,1
743,742.9999999999986,168.678125,168.63333333333333,44.79166666666856,1
744,743.9999999999985,168.972916,168.83333333333334,139.5826666666551,1
745,744.9999999999985,169.196875,169.13333333333333,63.54166666667993,1
746,745.9999999999983,169.42083300000004,169.33333333333334,87.49966666670161,1
747,746.9999999999985,169.62343700000002,169.56666666666666,56.77033333336112,1
748,747.9999999999985,169.823958,169.76666666666668,57.2913333333247,1
749,748.9999999999985,170.0,170.0,0.0,1
750,749.9999999999982,170.140625,170.23333333333332,92.70833333332007,1
751,750.9999999999982,170.371875,170.43333333333334,61.45833333334849,1
752,751.9999999999982,170.603125,170.63333333333333,30.20833333332007,1
753,752.9999999999984,170.736979,170.7,36.979000000002316,1
754,753.9999999999981,170.921875,170.9,21.874999999994316,1
755,754.999999999998,171.105208,171.1,5.2080000000103155,1
756,755.999999999998,171.239583,171.26666666666668,27.083666666669615,1
757,756.9999999999977,171.46770800000004,171.46666666666667,1.04133333337586,1
758,757.9999999999976,171.695833,171.73333333333332,37.50033333332681,1
759,758.9999999999978,171.928125,171.83333333333334,94.79166666665151,1
760,759.9999999999977,172.13125,172.13333333333333,2.0833333333314386,1
761,760.9999999999978,172.326042,172.33333333333334,7.291333333341754,1
762,761.9999999999975,172.45416699999996,172.5,45.83300000004442,1
763,762.9999999999975,172.659375,172.73333333333332,73.9583333333087,1
764,763.9999999999977,172.864583,172.93333333333334,68.75033333332681,1
765,764.9999999999977,173.011458,172.96666666666667,44.79133333333607,1
766,765.9999999999974,173.195833,173.2,4.166999999995369,1
767,766.9999999999972,173.390625,173.4,9.375000000005684,1
768,767.999999999997,173.5625,173.56666666666666,4.166666666662877,1
769,768.9999999999969,173.806771,173.76666666666668,40.104333333317754,1
770,769.999999999997,174.051042,174.0,51.04199999999537,1
771,770.999999999997,174.26666699999996,174.16666666666666,100.00033333329839,1
772,771.9999999999972,174.45625,174.43333333333334,22.916666666674246,1
773,772.9999999999967,174.633333,174.63333333333333,0.00033333333249174757,1
774,773.9999999999967,174.790625,174.66666666666666,123.95833333334849,1
775,774.9999999999966,174.939583,175.03333333333333,93.75033333333249,1
776,775.9999999999965,175.10833300000004,175.36666666666667,258.3336666666298,1
777,776.9999999999965,175.26666699999996,175.43333333333334,166.66633333338154,1
778,777.9999999999964,175.409375,175.8,390.625,1
779,778.9999999999962,175.505208,175.73333333333332,228.12533333330975,1
780,779.9999999999964,175.68281299999995,176.2,517.1870000000354,1
781,780.9999999999959,175.916146,175.83333333333334,82.81266666665488,1
782,781.9999999999962,176.149479,176.53333333333333,383.85433333331775,1
783,782.9999999999964,176.382813,176.9,517.187000000007,1
784,783.9999999999961,176.71446799999995,177.1,385.5320000000404,1
785,784.999999999996,177.046123,177.16666666666666,120.54366666666283,1
786,785.9999999999962,177.377778,177.4,22.221999999999298,1
787,786.9999999999961,177.70943300000005,177.23333333333332,476.09966666672676,1
788,787.9999999999964,178.041088,177.43333333333334,607.7546666666649,1
789,788.9999999999962,178.372743,177.46666666666667,906.0763333333455,1
790,789.9999999999961,178.704398,177.46666666666667,1237.731333333329,1
791,790.9999999999961,179.036053,177.46666666666667,1569.386333333341,1
792,791.999999999996,179.367708,177.46666666666667,1901.0413333333247,1
793,792.9999999999977,179.800347,177.46666666666667,2333.680333333319,1
794,793.9999999999976,180.232986,177.7,2532.9860000000226,1
795,794.9999999999977,180.665625,177.93333333333334,2732.291666666669,1
796,795.9999999999977,181.186719,178.1,3086.7190000000164,1
797,796.9999999999976,181.707812,179.7,2007.8120000000013,1
798,797.9999999999977,182.228906,179.93333333333334,2295.572666666658,1
799,798.9999999999976,182.75,180.13333333333333,2616.6666666666742,1
800,799.9999999999976,183.264583,180.4,2864.582999999982,1
801,800.9999999999976,183.60625,181.13333333333333,2472.916666666663,1
802,801.9999999999975,183.884375,181.16666666666666,2717.7083333333485,1
803,802.9999999999976,184.139583,181.56666666666666,2572.9163333333245,1
804,803.9999999999976,184.551042,181.76666666666668,2784.375333333315,1
805,804.9999999999976,184.956945,181.93333333333334,3023.611666666653,1
806,805.9999999999977,185.362847,182.16666666666666,3196.180333333331,1
807,806.9999999999976,185.76875,184.33333333333334,1435.4166666666686,1
808,807.9999999999976,186.292188,184.7,1592.1880000000215,1
809,808.9999999999977,186.815625,184.9,1915.6250000000057,1
810,809.9999999999976,187.339063,185.16666666666666,2172.396333333353,1
811,810.9999999999976,187.8625,185.33333333333334,2529.166666666669,1
812,811.9999999999975,188.320833,186.06666666666666,2254.1663333333304,1
813,812.9999999999972,188.614583,186.33333333333334,2281.2496666666675,1
814,813.9999999999974,188.928125,186.53333333333333,2394.791666666663,1
815,814.9999999999975,189.555208,186.56666666666666,2988.5413333333304,1
816,815.9999999999972,190.182292,186.96666666666667,3215.625333333321,1
817,816.9999999999974,190.575695,186.96666666666667,3609.0283333333273,1
818,817.9999999999974,190.969097,184.0,6969.097000000005,1
819,818.9999999999972,191.3625,184.16666666666666,7195.833333333354,1
820,819.9999999999974,191.875,184.16666666666666,7708.333333333343,1
821,820.999999999997,192.3875,184.93333333333334,7454.1666666666515,1
822,821.9999999999972,192.840625,185.13333333333333,7707.291666666662,1
823,822.9999999999972,193.369271,185.13333333333333,8235.937666666672,1
824,823.9999999999972,193.897917,185.53333333333333,8364.583666666675,1
825,824.9999999999972,194.426562,185.66666666666666,8759.895333333332,1
826,825.9999999999972,194.955208,185.7,9255.20800000001,1
827,826.9999999999972,195.483854,185.3,10183.853999999996,1
828,827.9999999999972,196.0125,185.53333333333333,10479.166666666657,1
829,828.9999999999972,196.523958,185.66666666666666,10857.291333333336,1
830,829.999999999997,197.035417,185.66666666666666,11368.750333333339,1
831,830.9999999999974,197.509896,185.76666666666668,11743.229333333318,1
832,831.9999999999972,197.844301,185.96666666666667,11877.634333333333,1
833,832.9999999999969,198.177604,186.16666666666666,12010.937333333346,1
834,833.9999999999969,198.504687,186.3,12204.686999999978,1
835,834.999999999997,198.788281,186.5,12288.281000000012,1
836,835.9999999999969,199.071875,186.5,12571.875000000005,1
837,836.9999999999969,199.497396,187.1,12397.396000000015,1
838,837.9999999999967,199.858854,187.33333333333334,12525.520666666665,1
839,838.9999999999967,200.220313,196.4,3820.3129999999987,1
840,839.9999999999967,200.635417,196.06666666666666,4568.750333333327,1
841,840.9999999999965,201.5125,196.76666666666668,4745.8333333333085,1
842,841.9999999999966,201.817708,196.93333333333334,4884.374666666673,1
843,842.9999999999964,202.019791,192.43333333333334,9586.457666666662,1
844,843.9999999999966,202.226042,196.83333333333334,5392.708666666664,1
845,844.9999999999966,202.44375,196.93333333333334,5510.416666666657,1
846,845.9999999999966,202.671875,196.5,6171.875,1
847,846.9999999999966,202.895833,196.83333333333334,6062.4996666666675,1
848,847.9999999999966,203.128125,197.0,6128.125000000011,1
849,848.9999999999965,203.638542,196.96666666666667,6671.8753333333325,1
850,849.9999999999967,204.251216,197.0,7251.215999999999,1
851,850.9999999999967,204.863889,196.96666666666667,7897.222333333331,1
852,851.9999999999967,205.476563,197.1,8376.563000000004,1
853,852.9999999999966,205.921875,194.46666666666667,11455.208333333332,1
854,853.9999999999967,206.367188,194.46666666666667,11900.52133333333,1
855,854.9999999999965,206.8125,194.46666666666667,12345.833333333332,1
856,855.9999999999966,207.314323,194.46666666666667,12847.656333333332,1
857,856.9999999999966,207.816146,194.46666666666667,13349.479333333335,1
858,857.9999999999966,208.317969,194.46666666666667,13851.302333333337,1
859,858.9999999999966,208.819792,194.46666666666667,14353.125333333339,1
860,859.9999999999965,209.344792,194.46666666666667,14878.125333333344,1
861,860.9999999999965,209.691667,194.46666666666667,15225.000333333326,1
862,861.9999999999967,209.977083,194.46666666666667,15510.416333333325,1
863,862.9999999999967,210.226042,194.46666666666667,15759.375333333339,1
864,863.9999999999967,210.630208,194.46666666666667,16163.541333333342,1
865,864.9999999999968,211.090278,194.46666666666667,16623.611333333345,1
866,865.9999999999965,211.550347,194.46666666666667,17083.68033333332,1
867,866.9999999999965,212.010417,194.46666666666667,17543.750333333322,1
868,867.9999999999966,212.496354,194.46666666666667,18029.687333333328,1
869,868.9999999999966,212.982292,194.46666666666667,18515.625333333333,1
870,869.9999999999966,213.46823,197.53333333333333,15934.896666666675,1
871,870.9999999999966,213.954167,197.73333333333332,16220.833666666693,1
872,871.9999999999967,214.50625,197.96666666666667,16539.583333333325,1
873,872.9999999999967,214.816667,198.13333333333333,16683.33366666667,1
874,873.9999999999967,215.10625,198.33333333333334,16772.916666666646,1
875,874.9999999999967,215.590886,198.5,17090.886000000013,1
876,875.9999999999967,216.075521,198.66666666666666,17408.85433333335,1
877,876.9999999999967,216.645833,198.86666666666667,17779.166333333334,1
878,877.9999999999967,216.961458,199.1,17861.458,1
879,878.9999999999967,217.396875,199.16666666666666,18230.208333333336,1
880,879.9999999999967,217.789583,200.9,16889.582999999988,1
881,880.9999999999967,218.182292,200.93333333333334,17248.95866666665,1
882,881.9999999999967,218.575,200.93333333333334,17641.66666666665,1
883,882.9999999999967,219.091667,201.6,17491.66700000001,1
884,883.9999999999967,219.608333,201.83333333333334,17774.999666666645,1
885,884.9999999999967,220.104688,202.03333333333333,18071.354666666677,1
886,885.9999999999967,220.517477,202.06666666666666,18450.81033333335,1
887,886.9999999999967,220.930266,202.06666666666666,18863.599333333324,1
888,887.9999999999967,221.343056,202.06666666666666,19276.389333333325,1
889,888.9999999999967,221.755845,202.06666666666666,19689.17833333333,1
890,889.9999999999967,222.168634,202.06666666666666,20101.967333333334,1
891,890.9999999999967,222.58142400000003,202.06666666666666,20514.757333333364,1
892,891.9999999999967,222.994213,202.06666666666666,20927.54633333334,1
893,892.9999999999967,223.407003,201.66666666666666,21740.336333333347,1
894,893.9999999999967,223.819792,201.9,21919.792,1
895,894.9999999999967,224.213542,202.06666666666666,22146.875333333326,1
896,895.9999999999967,224.607292,202.3,22307.29199999999,1
897,896.9999999999968,225.001042,202.53333333333333,22467.70866666668,1
898,897.9999999999968,225.394792,202.53333333333333,22861.458666666666,1
899,898.9999999999967,225.788542,202.73333333333332,23055.208666666687,1
900,899.9999999999967,226.182292,202.76666666666668,23415.625333333308,1
901,900.9999999999968,226.576042,203.2,23376.042000000012,1
902,901.9999999999967,226.929167,203.43333333333334,23495.83366666667,1
903,902.9999999999966,227.236458,203.63333333333333,23603.124666666674,1
904,903.9979166666633,227.77654,204.46666666666667,23309.873333333344,1
905,904.9999999999966,228.258333,204.46666666666667,23791.666333333324,1
906,905.9999999999966,228.800521,207.3,21500.520999999993,1
907,906.9999999999966,229.192778,207.33333333333334,21859.444666666663,1
908,907.9999999999964,229.53802,207.33333333333334,22204.686666666646,1
909,908.9999999999964,229.878125,207.33333333333334,22544.791666666668,1
910,909.9999999999965,230.188281,207.33333333333334,22854.947666666645,1
911,910.9999999999964,230.498437,207.33333333333334,23165.10366666665,1
912,911.9999999999964,230.936458,205.76666666666668,25169.79133333331,1
913,912.9999999999964,231.352604,205.76666666666668,25585.937333333335,1
914,913.9999999999961,231.76875,205.76666666666668,26002.083333333332,1
915,914.9999999999961,232.579167,205.76666666666668,26812.500333333333,1
916,915.9999999999961,233.118403,205.76666666666668,27351.73633333332,1
917,916.9999999999961,233.657639,205.76666666666668,27890.97233333331,1
918,917.9999999999961,234.196875,205.76666666666668,28430.208333333325,1
919,918.9999999999961,234.580208,205.76666666666668,28813.54133333332,1
920,919.9999999999961,234.963542,205.76666666666668,29196.875333333308,1
921,920.9999999999959,235.258333,205.76666666666668,29491.666333333313,1
922,921.9999999999959,235.48125,205.76666666666668,29714.58333333331,1
923,922.9999999999958,235.722917,205.76666666666668,29956.250333333315,1
924,923.9999999999956,236.329167,210.0,26329.167000000012,1
925,924.9999999999956,237.259375,210.23333333333332,27026.041666666686,1
926,925.9999999999956,237.847917,210.46666666666667,27381.250333333326,1
927,926.9999999999956,238.420312,210.66666666666666,27753.645333333337,1
928,927.9999999999956,238.992708,210.63333333333333,28359.374666666667,1
929,928.9999999999953,239.347396,210.46666666666667,28880.729333333336,1
930,929.9999999999953,239.71875,212.36666666666667,27352.083333333325,1
931,930.9999999999953,240.135938,210.8,29335.938,1
932,931.9999999999953,240.439583,211.0,29439.583,1
933,932.9999999999952,240.729688,211.23333333333332,29496.35466666669,1
934,933.9999999999952,241.046354,211.43333333333334,29613.02066666667,1
935,934.9999999999952,241.258854,211.56666666666666,29692.18733333335,1
936,935.9999999999952,241.570313,211.9,29670.312999999995,1
937,936.9999999999952,241.890625,211.93333333333334,29957.291666666664,1
938,937.9999999999951,242.140625,211.96666666666667,30173.958333333332,1
939,938.9999999999951,242.460938,212.16666666666666,30294.27133333334,1
940,939.9999999999951,242.875,212.16666666666666,30708.333333333343,1
941,940.999999999995,243.126042,212.16666666666666,30959.375333333355,1
942,941.999999999995,243.422917,212.16666666666666,31256.250333333355,1
943,942.999999999995,243.707812,212.16666666666666,31541.145333333334,1
944,943.999999999995,243.932291,212.16666666666666,31765.624333333333,1
945,944.999999999995,244.159896,212.16666666666666,31993.229333333347,1
946,945.9999999999949,244.429688,212.3,32129.687999999987,1
947,946.9999999999948,244.659375,216.96666666666667,27692.708333333343,1
948,947.9999999999949,244.952083,217.06666666666666,27885.416333333324,1
949,948.9999999999948,245.328125,214.96666666666667,30361.458333333332,1
950,949.9999999999948,245.64479100000003,215.06666666666666,30578.124333333362,1
951,950.9999999999948,245.979167,215.13333333333333,30845.833666666666,1
952,951.9999999999947,246.465625,215.23333333333332,31232.291666666668,1
953,952.9999999999947,246.710417,216.86666666666667,29843.750333333333,1
954,953.9999999999947,247.026042,216.1,30926.041999999994,1
955,954.9999999999947,247.284375,216.73333333333332,30551.04166666669,1
956,955.9999999999947,247.511979,216.9,30611.978999999992,1
957,956.9999999999947,247.747396,217.03333333333333,30714.06266666668,1
958,957.9999999999945,248.003125,217.3,30703.125,1
959,958.9999999999944,248.176042,217.56666666666666,30609.375333333333,1
960,959.9999999999945,248.446354,217.76666666666668,30679.687333333335,1
961,960.9999999999944,248.710417,216.8,31910.416999999994,1
962,961.9999999999944,248.932291,217.0,31932.290999999994,1
963,962.9999999999944,249.210417,217.0,32210.41700000001,1
964,963.9999999999944,249.565625,217.43333333333334,32132.291666666675,1
965,964.9999999999943,249.784375,217.66666666666666,32117.708333333354,1
966,965.9999999999943,250.010417,217.86666666666667,32143.750333333315,1
967,966.9999999999943,250.260417,216.76666666666668,33493.75033333331,1
968,967.9999999999942,250.477605,216.56666666666666,33910.938333333346,1
969,968.9999999999942,250.709896,216.76666666666668,33943.22933333331,1
970,969.9999999999942,250.95625,216.9,34056.25000000001,1
971,970.9999999999941,251.157813,217.1,34057.81300000001,1
972,971.9999999999941,251.465104,217.86666666666667,33598.43733333332,1
973,972.9999999999941,251.795312,218.06666666666666,33728.645333333334,1
974,973.9999999999941,252.096354,217.0,35096.35399999999,1
975,974.9999999999941,252.475,217.23333333333332,35241.66666666667,1
976,975.9999999999941,252.966146,218.16666666666666,34799.47933333335,1
977,976.9999999999939,253.202083,217.76666666666668,35435.416333333305,1
978,977.9999999999941,253.488021,216.8,36688.02099999999,1
979,978.9999999999939,253.763021,217.0,36763.02100000001,1
980,979.9999999999939,253.994271,217.0,36994.271,1
981,980.9999999999939,254.251042,217.0,37251.042000000016,1
982,981.9999999999939,254.53177,217.0,37531.77,1
983,982.9999999999937,254.728125,217.83333333333334,36894.791666666664,1
984,983.9999999999939,254.995834,218.06666666666666,36929.16733333334,1
985,984.9999999999937,255.267188,218.3,36967.187999999995,1
986,985.9999999999937,255.499479,218.3,37199.479,1
987,986.9999999999937,255.752083,218.63333333333333,37118.74966666667,1
988,987.9999999999935,256.054167,218.63333333333333,37420.83366666668,1
989,988.9999999999935,256.258333,218.63333333333333,37624.99966666667,1
990,989.9999999999935,256.577083,218.76666666666668,37810.416333333334,1
991,990.9999999999935,256.90625,223.46666666666667,33439.58333333333,1
992,991.9999999999935,257.20468700000004,223.56666666666666,33638.02033333337,1
993,992.9999999999934,257.64375,223.86666666666667,33777.083333333336,1
994,993.9999999999934,258.13125,226.36666666666667,31764.58333333335,1
995,994.9999999999933,258.466146,226.23333333333332,32232.81266666666,1
996,995.9999999999933,258.814583,226.4,32414.58300000002,1
997,996.9999999999934,259.285417,226.4,32885.41699999999,1
998,997.9999999999932,259.759375,226.4,33359.37499999997,1
999,998.9999999999932,260.385938,226.4,33985.938,1
1000,999.9999999999887,260.9375,226.4,34537.49999999999,1
1001,1000.999999999989,261.127083,226.4,34727.08300000002,1
1002,1001.999999999989,261.324479,226.4,34924.47899999999,1
1003,1002.9999999999891,261.569792,226.4,35169.792,1
1004,1003.9999999999891,261.690105,226.4,35290.10500000001,1
1005,1004.9999999999891,261.874479,226.4,35474.479,1
1006,1005.9999999999892,262.084375,226.4,35684.375000000015,1
1007,1006.9999999999892,262.239583,226.4,35839.58299999998,1
1008,1007.9999999999893,262.428646,226.4,36028.64600000001,1
1009,1008.9999999999893,262.625,226.4,36224.99999999999,1
1010,1009.9999999999893,262.75,226.4,36349.99999999999,1
1011,1010.9999999999894,262.932292,228.5,34432.292000000016,1
1012,1011.9999999999894,263.139583,228.5,34639.58300000001,1
1013,1012.9999999999895,263.292187,228.5,34792.18700000001,1
1014,1013.9999999999895,263.471355,229.43333333333334,34038.02166666668,1
1015,1014.9999999999895,263.672917,229.66666666666666,34006.25033333333,1
1016,1015.9999999999898,263.826042,229.86666666666667,33959.3753333333,1
1017,1016.9999999999898,264.019791,229.9,34119.79099999999,1
1018,1017.9999999999899,264.266667,229.63333333333333,34633.33366666666,1
1019,1018.9999999999899,264.45468700000004,229.66666666666666,34788.02033333338,1
1020,1019.9999999999899,264.635417,229.66666666666666,34968.75033333336,1
1021,1020.9999999999901,264.803646,229.66666666666666,35136.97933333336,1
1022,1021.9999999999901,264.953125,230.13333333333333,34819.79166666667,1
1023,1022.9999999999902,265.14635400000003,232.9,32246.354000000025,1
1024,1023.9999999999902,265.398958,232.83333333333334,32565.624666666652,1
1025,1024.9999999999902,265.543229,232.96666666666667,32576.562333333328,1
1026,1025.9999999999902,265.701563,233.56666666666666,32134.89633333336,1
1027,1026.9999999999902,265.9,233.8,32099.999999999967,1
1028,1027.9999999999905,266.049479,234.63333333333333,31416.145666666693,1
1029,1028.9999999999905,266.205208,234.8,31405.208000000017,1
1030,1029.9999999999905,266.415625,234.46666666666667,31948.95833333331,1
1031,1030.9999999999907,266.560938,235.46666666666667,31094.271333333352,1
1032,1031.9999999999907,266.748959,234.6,32148.95900000002,1
1033,1032.9999999999907,266.917708,234.33333333333334,32584.374666666663,1
1034,1033.9999999999907,267.0625,234.56666666666666,32495.833333333336,1
1035,1034.9999999999907,267.265625,234.8,32465.62499999999,1
1036,1035.999999999991,267.536458,236.6,30936.457999999988,1
1037,1036.999999999991,267.664584,236.8,30864.58399999998,1
1038,1037.9999999999911,267.84375,237.16666666666666,30677.083333333343,1
1039,1038.9999999999911,268.030208,237.16666666666666,30863.54133333336,1
1040,1039.9999999999911,268.188541,237.16666666666666,31021.87433333333,1
1041,1040.9999999999911,268.39635400000003,237.16666666666666,31229.687333333375,1
1042,1041.9999999999911,268.6375,237.16666666666666,31470.833333333332,1
1043,1042.9999999999914,268.844792,237.16666666666666,31678.125333333326,1
1044,1043.9999999999914,269.026562,237.16666666666666,31859.895333333356,1
1045,1044.9999999999914,269.223958,237.16666666666666,32057.291333333324,1
1046,1045.9999999999916,269.371875,237.16666666666666,32205.208333333332,1
1047,1046.9999999999916,269.613021,237.16666666666666,32446.354333333347,1
1048,1047.9999999999916,269.852083,240.06666666666666,29785.41633333333,1
1049,1048.9999999999916,270.013021,240.13333333333333,29879.687666666654,1
1050,1049.9999999999916,270.168229,240.46666666666667,29701.562333333328,1
1051,1050.9999999999918,270.354167,240.3,30054.16700000001,1
1052,1051.9999999999918,270.507291,240.46666666666667,30040.62433333334,1
1053,1052.9999999999918,270.663542,241.26666666666668,29396.875333333326,1
1054,1053.9999999999918,270.847917,241.46666666666667,29381.250333333326,1
1055,1054.9999999999918,271.026042,241.66666666666666,29359.375333333363,1
1056,1055.999999999992,271.21875,241.4,29818.749999999993,1
1057,1056.999999999992,271.375,241.53333333333333,29841.666666666668,1
1058,1057.9999999999923,271.564583,241.63333333333333,29931.249666666703,1
1059,1058.9999999999923,271.76875,241.63333333333333,30135.416666666686,1
1060,1059.9999999999916,272.002083,241.63333333333333,30368.749666666703,1
1061,1060.9999999999916,272.166667,241.63333333333333,30533.33366666669,1
1062,1061.9999999999916,272.300521,241.63333333333333,30667.18766666668,1
1063,1062.9999999999916,272.4875,241.63333333333333,30854.166666666686,1
1064,1063.9999999999916,272.632292,241.63333333333333,30998.95866666668,1
1065,1064.9999999999916,272.770833,241.63333333333333,31137.499666666656,1
1066,1065.9999999999916,272.954167,241.63333333333333,31320.83366666666,1
1067,1066.9999999999916,273.145833,241.63333333333333,31512.499666666656,1
1068,1067.9999999999916,273.335417,241.63333333333333,31702.08366666668,1
1069,1068.9999999999916,273.5,244.16666666666666,29333.333333333343,1
1070,1069.9999999999916,273.695833,244.5,29195.83299999999,1
1071,1070.9999999999916,273.882292,244.63333333333333,29248.95866666668,1
1072,1071.9999999999916,274.159375,244.7,29459.375000000022,1
1073,1072.9999999999916,274.315625,244.9,29415.625000000007,1
1074,1073.9999999999916,274.465625,244.9,29565.62499999998,1
1075,1074.9999999999916,274.628125,244.9,29728.125000000007,1
1076,1075.9999999999916,274.788542,244.9,29888.542,1
1077,1076.9999999999916,274.933333,244.9,30033.333,1
1078,1077.9999999999916,275.139583,244.9,30239.58300000001,1
1079,1078.9999999999916,275.308333,244.9,30408.333,1
1080,1079.9999999999916,275.444792,243.73333333333332,31711.458666666687,1
1081,1080.9999999999916,275.627083,243.73333333333332,31893.749666666707,1
1082,1081.9999999999916,275.76875,243.73333333333332,32035.41666666669,1
1083,1082.9999999999916,275.95625,243.73333333333332,32222.91666666669,1
1084,1083.9999999999916,276.103125,243.73333333333332,32369.791666666657,1
1085,1084.9999999999916,276.291667,243.73333333333332,32558.3336666667,1
1086,1085.9999999999916,276.435417,243.73333333333332,32702.08366666665,1
1087,1086.9999999999916,276.623958,243.73333333333332,32890.6246666667,1
1088,1087.9999999999916,276.760417,243.73333333333332,33027.083666666695,1
1089,1088.9999999999916,276.946875,243.73333333333332,33213.54166666666,1
1090,1089.9999999999916,277.222049,243.73333333333332,33488.71566666671,1
1091,1090.9999999999916,277.497222,243.73333333333332,33763.8886666667,1
1092,1091.9999999999916,277.772396,243.73333333333332,34039.062666666694,1
1093,1092.9999999999918,278.04757,248.43333333333334,29614.23666666667,1
1094,1093.9999999999918,278.322743,245.56666666666666,32756.076333333338,1
1095,1094.9999999999918,278.597917,245.8,32797.91699999999,1
1096,1095.9999999999955,278.967014,245.8,33167.013999999996,1
1097,1096.9999999999955,279.336111,247.53333333333333,31802.777666666687,1
1098,1097.9999999999955,279.705208,247.8,31905.208000000017,1
1099,1098.9999999999955,280.157292,246.3,33857.29199999997,1
1100,1099.9999999999955,280.609375,246.5,34109.375,1
1101,1100.9999999999955,281.061459,246.83333333333334,34228.125666666674,1
1102,1101.9999999999955,281.513542,246.93333333333334,34580.20866666664,1
1103,1102.9999999999952,282.014583,246.66666666666666,35347.916333333356,1
1104,1103.9999999999952,282.322917,246.9,35422.917000000016,1
1105,1104.9999999999952,282.601042,246.8,35801.041999999994,1
1106,1105.9999999999952,283.13073,247.23333333333332,35897.39666666671,1
1107,1106.9999999999952,283.660417,247.1,36560.417,1
1108,1107.9999999999952,284.054167,247.23333333333332,36820.83366666669,1
1109,1108.9999999999952,284.447917,247.23333333333332,37214.583666666695,1
1110,1109.9999999999952,284.841667,248.16666666666666,36675.000333333315,1
1111,1110.9999999999952,285.323438,248.36666666666667,36956.77133333334,1
1112,1111.9999999999952,285.805208,248.4,37405.207999999984,1
1113,1112.9999999999952,286.2869790000001,248.36666666666667,37920.312333333415,1
1114,1113.9999999999952,286.76875,248.43333333333334,38335.41666666667,1
1115,1114.9999999999952,287.255208,248.66666666666666,38588.54133333333,1
1116,1115.9999999999952,287.557292,248.56666666666666,38990.62533333336,1
1117,1116.999999999995,287.845833,248.23333333333332,39612.49966666671,1
1118,1117.9999999999952,288.3002600000001,248.43333333333334,39866.92666666675,1
1119,1118.999999999995,288.754687,248.46666666666667,40288.02033333332,1
1120,1119.999999999995,289.286458,248.46666666666667,40819.79133333331,1
1121,1120.999999999995,289.58125,248.46666666666667,41114.58333333334,1
1122,1121.999999999995,289.952083,252.06666666666666,37885.416333333356,1
1123,1122.999999999995,290.32309,251.6,38723.08999999998,1
1124,1123.999999999995,290.694097,251.06666666666666,39627.43033333334,1
1125,1124.999999999995,291.065104,251.3,39765.10400000001,1
1126,1125.999999999995,291.539844,251.5,40039.84400000002,1
1127,1126.999999999995,292.014583,251.7,40314.58300000003,1
1128,1127.9999999999948,292.460416,251.93333333333334,40527.08266666667,1
1129,1128.9999999999948,292.9565970000001,252.16666666666666,40789.93033333345,1
1130,1129.9999999999948,293.452778,254.2,39252.778000000035,1
1131,1130.9999999999948,293.948958,254.8,39148.95799999999,1
1132,1131.9999999999948,294.4451390000001,254.8,39645.13900000008,1
1133,1132.9999999999948,294.941319,254.8,40141.31900000001,1
1134,1133.9999999999948,295.4375,254.8,40637.499999999985,1
1135,1134.9999999999948,295.934896,254.3,41634.89599999997,1
1136,1135.9999999999948,296.432292,254.2,42232.29200000003,1
1137,1136.999999999995,296.907291,254.2,42707.291,1
1138,1137.9999999999948,297.245312,254.3,42945.312,1
1139,1138.9999999999943,297.583333,254.3,43283.33299999997,1
1140,1139.9999999999948,297.955208,254.3,43655.20800000001,1
1141,1140.9999999999948,298.272656,254.5,43772.65599999998,1
1142,1141.999999999995,298.590104,254.63333333333333,43956.77066666667,1
1143,1142.999999999995,299.039584,254.63333333333333,44406.25066666667,1
1144,1143.999999999995,299.406771,254.63333333333333,44773.437666666665,1
1145,1144.999999999995,299.773958,262.2,37573.958000000006,1
1146,1145.9999999999952,300.198958,262.3,37898.95799999999,1
1147,1146.9999999999948,301.13125,262.5,38631.25000000002,1
1148,1147.999999999995,301.44375,262.8333333333333,38610.41666666671,1
1149,1148.999999999995,301.646875,263.0,38646.87500000002,1
1150,1149.9999999999948,301.855208,263.26666666666665,38588.541333333356,1
1151,1150.9999999999948,302.111458,263.53333333333336,38578.12466666667,1
1152,1151.9999999999948,302.321875,263.73333333333335,38588.54166666663,1
1153,1152.999999999995,302.569792,262.5,40069.79200000001,1
1154,1153.999999999995,302.789583,265.7,37089.583000000006,1
1155,1154.999999999995,303.253125,262.3666666666667,40886.458333333336,1
1156,1155.9999999999952,303.83767400000005,262.5,41337.67400000005,1
1157,1156.999999999995,304.4222220000001,262.46666666666664,41955.555333333454,1
1158,1157.9999999999948,305.006771,262.1666666666667,42840.10433333333,1
1159,1158.999999999995,305.418056,262.4,43018.056000000004,1
1160,1159.999999999995,305.82934,263.03333333333336,42796.00666666664,1
1161,1160.9999999999948,306.240625,263.03333333333336,43207.291666666664,1
1162,1161.999999999995,306.756771,263.03333333333336,43723.43766666666,1
1163,1162.999999999995,307.272917,263.26666666666665,44006.25033333336,1
1164,1163.999999999995,307.789062,263.5,44289.062,1
1165,1164.999999999995,308.305208,263.6,44705.20799999997,1
1166,1165.999999999995,308.85,263.6,45250.0,1
1167,1166.9999999999952,309.179167,264.06666666666666,45112.500333333344,1
1168,1167.999999999995,309.482292,263.96666666666664,45515.62533333333,1
1169,1168.999999999995,310.064583,264.2,45864.58300000004,1
1170,1169.9999999999952,310.646875,264.4,46246.875000000044,1
1171,1170.9999999999952,311.154514,264.6333333333333,46521.18066666668,1
1172,1171.999999999995,311.662153,264.8333333333333,46828.81966666668,1
1173,1172.999999999995,312.169792,265.03333333333336,47136.458666666615,1
1174,1173.9999999999952,312.723698,265.3,47423.698000000004,1
1175,1174.9999999999952,313.277604,265.46666666666664,47810.93733333336,1
1176,1175.9999999999952,313.831511,265.7,48131.51099999999,1
1177,1176.9999999999952,314.385417,265.93333333333334,48452.08366666668,1
1178,1177.9999999999952,314.954167,266.1333333333333,48820.83366666666,1
1179,1178.9999999999952,315.305208,266.43333333333334,48871.874666666656,1
1180,1179.9999999999952,315.579167,266.6,48979.16699999996,1
1181,1180.9999999999952,315.806511,266.9,48906.51100000002,1
1182,1181.9999999999955,316.260397,267.06666666666666,49193.73033333335,1
1183,1182.9999999999952,316.808333,267.4,49408.33300000003,1
1184,1183.9999999999955,317.092708,269.23333333333335,47859.37466666667,1
1185,1184.9999999999952,317.546875,269.3333333333333,48213.541666666686,1
1186,1185.9999999999955,317.911632,269.3333333333333,48578.298666666684,1
1187,1186.9999999999952,318.276389,269.3333333333333,48943.05566666668,1
1188,1187.9999999999952,318.641146,271.0,47641.14599999999,1
1189,1188.9999999999955,319.140365,269.8666666666667,49273.6983333333,1
1190,1189.9999999999955,319.639583,270.06666666666666,49572.916333333356,1
1191,1190.9999999999955,320.149479,270.1666666666667,49982.8123333333,1
1192,1191.9999999999955,320.5569450000001,270.26666666666665,50290.278333333445,1
1193,1192.9999999999955,320.96441,270.5,50464.40999999999,1
1194,1193.9999999999955,321.371875,270.76666666666665,50605.208333333336,1
1195,1194.9999999999955,321.779341,270.93333333333334,50846.00766666665,1
1196,1195.9999999999955,322.186806,271.1666666666667,51020.1393333333,1
1197,1196.9999999999955,322.594271,271.4,51194.271000000015,1
1198,1197.9999999999955,323.001736,273.8666666666667,49135.06933333332,1
1199,1198.9999999999955,323.409202,273.96666666666664,49442.535333333355,1
1200,1199.9999999999952,323.816667,272.03333333333336,51783.33366666664,1
1201,1200.9999999999955,324.244494,272.03333333333336,52211.16066666661,1
1202,1201.9999999999952,324.672322,272.03333333333336,52638.98866666665,1
1203,1202.9999999999955,325.1001490000001,272.03333333333336,53066.81566666674,1
1204,1203.9999999999952,325.527976,272.03333333333336,53494.64266666667,1
1205,1204.9999999999952,325.955803,279.1,46855.80299999998,1
1206,1205.9999999999955,326.383631,279.3333333333333,47050.297666666665,1
1207,1206.9999999999957,326.811458,279.56666666666666,47244.791333333356,1
1208,1207.9999999999961,327.144792,279.56666666666666,47578.12533333333,1
1209,1208.9999999999961,327.481757,279.6333333333333,47848.42366666669,1
1210,1209.9979166666628,328.029644,279.6333333333333,48396.31066666669,1
1211,1210.9999999999961,328.585938,279.96666666666664,48619.27133333336,1
1212,1211.9999999999961,329.132292,280.2,48932.292000000016,1
1213,1212.999999999996,329.5,280.3,49199.999999999985,1
1214,1213.9999999999961,329.867708,280.3,49567.707999999984,1
1215,1214.9999999999961,330.184896,280.3,49884.89599999997,1
1216,1215.9999999999961,330.522135,280.3,50222.13499999998,1
1217,1216.9999999999964,330.859375,280.3,50559.374999999985,1
1218,1217.9999999999964,331.285958,279.06666666666666,52219.29133333333,1
1219,1218.9999999999964,331.735639,279.06666666666666,52668.97233333333,1
1220,1219.9999999999964,332.2059950000001,279.06666666666666,53139.328333333426,1
1221,1220.9999999999964,332.891667,279.06666666666666,53825.00033333332,1
1222,1221.9999999999964,333.350347,279.06666666666666,54283.68033333334,1
1223,1222.9999999999964,333.809028,280.06666666666666,53742.36133333335,1
1224,1223.9999999999964,334.267708,280.4,53867.70800000005,1
1225,1224.9999999999964,334.665625,280.43333333333334,54232.29166666664,1
1226,1225.9999999999964,335.063542,284.43333333333334,50630.208666666644,1
1227,1226.9999999999968,335.319792,284.6666666666667,50653.12533333332,1
1228,1227.9999999999968,335.551042,284.7,50851.04200000001,1
1229,1228.999999999997,335.790625,284.7,51090.624999999985,1
1230,1229.9999999999973,336.391667,284.7,51691.666999999994,1
1231,1230.9999999999975,337.369792,284.7,52669.79200000003,1
1232,1231.9999999999973,337.935417,284.7,53235.41699999999,1
1233,1232.999999999998,338.444792,284.7,53744.792000000016,1
1234,1233.9999999999975,339.042188,284.7,54342.188000000024,1
1235,1234.9999999999975,339.377083,284.7,54677.08300000004,1
1236,1235.999999999998,339.727083,285.0,54727.08299999999,1
1237,1236.9999999999984,340.095833,284.7,55395.83300000004,1
1238,1237.999999999998,340.347396,284.6666666666667,55680.729333333315,1
1239,1238.999999999998,340.608855,284.8666666666667,55742.18833333333,1
1240,1239.999999999998,340.906771,285.1,55806.77099999997,1
1241,1240.9999999999986,341.122917,285.1,56022.91699999995,1
1242,1241.9999999999984,341.422395,285.1,56322.394999999975,1
1243,1242.9999999999986,341.7625,285.1,56662.49999999996,1
1244,1243.9999999999986,342.001042,285.8,56201.04199999997,1
1245,1244.9999999999986,342.245834,286.06666666666666,56179.16733333334,1
1246,1245.9999999999986,342.55,290.8,51750.0,1
1247,1246.9999999999989,342.747917,290.8,51947.91699999996,1
1248,1247.9999999999989,342.994792,290.8,52194.79200000001,1
1249,1248.999999999999,343.241146,290.8,52441.146,1
1250,1249.999999999999,343.4625,290.43333333333334,53029.16666666664,1
1251,1250.999999999999,343.704167,290.43333333333334,53270.833666666644,1
1252,1251.999999999999,343.938542,290.43333333333334,53505.208666666644,1
1253,1252.9999999999993,344.167188,290.43333333333334,53733.85466666667,1
1254,1253.9999999999993,344.485417,290.43333333333334,54052.083666666644,1
1255,1254.9999999999995,344.913541,295.6,49313.54099999998,1
1256,1255.9999999999998,345.272396,295.8333333333333,49439.0626666667,1
1257,1256.9999999999993,345.627083,296.1,49527.083000000006,1
1258,1257.9999999999998,346.097917,296.23333333333335,49864.583666666644,1
1259,1258.9999999999998,346.347916,296.23333333333335,50114.58266666665,1
1260,1260.0,346.655208,296.03333333333336,50621.874666666656,1
1261,1261.0,346.940625,296.26666666666665,50673.95833333336,1
1262,1262.0000000000002,347.169792,296.46666666666664,50703.12533333333,1
1263,1263.0000000000002,347.401562,295.8,51601.562,1
1264,1264.0000000000002,347.664584,296.03333333333336,51631.25066666663,1
1265,1265.0000000000002,347.84375,296.23333333333335,51610.41666666665,1
1266,1266.0000000000005,348.103125,296.03333333333336,52069.79166666662,1
1267,1267.0000000000002,348.359896,296.06666666666666,52293.22933333333,1
1268,1268.0000000000005,348.571875,296.06666666666666,52505.208333333314,1
1269,1269.0000000000007,348.815625,295.8,53015.625,1
1270,1270.0000000000005,349.153125,296.0,53153.124999999985,1
1271,1271.000000000001,349.338021,296.1,53238.021,1
1272,1272.000000000001,349.594792,296.06666666666666,53528.12533333332,1
1273,1273.000000000001,349.842709,296.3333333333333,53509.375666666696,1
1274,1274.000000000001,350.042187,296.46666666666664,53575.52033333337,1
1275,1275.0000000000011,350.270312,295.46666666666664,54803.64533333335,1
1276,1276.000000000001,350.525,295.56666666666666,54958.333333333314,1
1277,1277.0000000000014,350.714584,296.0,54714.584,1
1278,1278.0000000000014,351.013542,296.06666666666666,54946.87533333331,1
1279,1279.0000000000014,351.350521,296.1666666666667,55183.85433333333,1
1280,1280.0000000000014,351.666146,296.43333333333334,55232.81266666669,1
1281,1281.000000000002,352.063542,296.3,55763.54199999997,1
1282,1282.0000000000014,352.492708,296.03333333333336,56459.374666666634,1
1283,1283.000000000002,352.7244790000001,295.96666666666664,56757.812333333444,1
1284,1284.000000000002,352.991667,296.1333333333333,56858.33366666668,1
1285,1285.000000000002,353.2625,296.43333333333334,56829.16666666665,1
1286,1286.000000000002,353.4901040000001,296.6,56890.104000000065,1
1287,1287.000000000002,353.714583,296.7,57014.58300000001,1
1288,1288.0000000000023,353.989062,296.7,57289.062,1
1289,1289.0000000000023,354.177083,296.9,57277.083000000006,1
1290,1290.0000000000025,354.42448,297.1333333333333,57291.14666666669,1
1291,1291.0000000000025,354.688541,302.6,52088.54099999996,1
1292,1292.0000000000025,354.901563,302.6,52301.56299999999,1
1293,1293.0000000000027,355.15625,302.6,52556.24999999998,1
1294,1294.0000000000027,355.4625,303.26666666666665,52195.83333333333,1
1295,1295.0000000000027,355.669271,303.5,52169.27099999998,1
1296,1296.000000000003,355.975,303.5,52475.00000000002,1
1297,1297.000000000003,356.334375,303.7,52634.37500000004,1
1298,1298.000000000003,356.6625,303.76666666666665,52895.83333333337,1
1299,1299.0000000000032,357.111458,304.8,52311.45800000001,1
1300,1300.0000000000032,357.571875,305.1333333333333,52438.54166666665,1
1301,1301.0000000000032,357.8921870000001,304.6,53292.18700000007,1
1302,1302.0000000000034,358.241667,304.8,53441.666999999994,1
1303,1303.0000000000034,358.708333,304.96666666666664,53741.66633333334,1
1304,1304.0000000000032,359.186458,305.23333333333335,53953.12466666667,1
1305,1305.0000000000061,359.909896,306.3,53609.89599999999,1
1306,1306.0000000000057,360.484375,306.8333333333333,53651.041666666686,1
1307,1307.0000000000057,360.671355,305.9,54771.355000000025,1
1308,1308.0000000000052,360.8625,307.1666666666667,53695.83333333333,1
1309,1309.000000000005,361.085417,307.6333333333333,53452.08366666668,1
1310,1310.0000000000048,361.240625,306.1,55140.625,1
1311,1311.0000000000045,361.398438,306.3,55098.43799999999,1
1312,1312.0000000000045,361.610417,306.3,55310.41699999997,1
1313,1313.0000000000043,361.759896,306.3,55459.896000000015,1
1314,1314.0000000000039,361.961979,308.8,53161.97899999998,1
1315,1315.0000000000036,362.130208,309.0,53130.207999999984,1
1316,1316.0000000000034,362.288542,309.23333333333335,53055.20866666666,1
1317,1317.0000000000034,362.490104,309.5,52990.10399999998,1
1318,1318.0000000000032,362.715625,309.76666666666665,52948.958333333336,1
1319,1319.000000000003,362.851042,308.8666666666667,53984.37533333333,1
1320,1320.0000000000027,363.033333,308.8333333333333,54199.999666666714,1
1321,1321.0000000000023,363.226042,309.06666666666666,54159.375333333344,1
1322,1322.0000000000023,363.376042,309.3,54076.04199999997,1
1323,1323.000000000002,363.585938,309.43333333333334,54152.60466666666,1
1324,1324.0000000000016,363.807292,309.5,54307.292000000016,1
1325,1325.0000000000014,363.978646,306.73333333333335,57245.31266666668,1
1326,1326.0000000000011,364.143229,306.96666666666664,57176.56233333338,1
1327,1327.0000000000011,364.317708,308.4,55917.708000000006,1
1328,1328.000000000001,364.477604,308.6333333333333,55844.270666666656,1
1329,1329.0000000000005,364.676562,308.8333333333333,55843.22866666668,1
1330,1330.0000000000002,364.907292,308.8666666666667,56040.62533333331,1
1331,1331.0,365.055208,309.26666666666665,55788.54133333334,1
1332,1332.0,365.195833,309.23333333333335,55962.49966666664,1
1333,1332.9999999999998,365.39375,309.43333333333334,55960.41666666667,1
1334,1333.9999999999995,365.530729,309.53333333333336,55997.39566666665,1
1335,1334.999999999999,365.678646,309.6,56078.64599999999,1
1336,1335.9999999999989,365.880208,309.6,56280.20799999996,1
1337,1336.9999999999989,366.026042,309.6,56426.041999999994,1
1338,1337.9999999999986,366.216667,309.6,56616.66699999995,1
1339,1338.9999999999984,366.378125,310.3666666666667,56011.458333333336,1
1340,1339.999999999998,366.544792,310.3666666666667,56178.1253333333,1
1341,1340.9999999999977,366.753646,310.3666666666667,56386.97933333333,1
1342,1341.9999999999977,367.03125,310.3666666666667,56664.58333333333,1
1343,1342.9999999999973,367.15625,310.3666666666667,56789.58333333333,1
1344,1343.999999999997,367.328645,314.96666666666664,52361.978333333354,1
1345,1344.9999999999968,367.508333,312.0,55508.33299999999,1
1346,1345.9999999999966,367.676562,312.1,55576.56199999997,1
1347,1346.9999999999966,367.873438,312.2,55673.43800000003,1
1348,1347.9999999999964,368.098958,312.43333333333334,55665.62466666664,1
1349,1348.9999999999961,368.288021,312.0,56288.021000000015,1
1350,1349.9999999999957,368.442188,312.06666666666666,56375.52133333332,1
1351,1350.9999999999955,368.611979,312.06666666666666,56545.31233333336,1
1352,1351.9999999999955,368.7625,312.06666666666666,56695.83333333333,1
1353,1352.9999999999952,368.939062,312.06666666666666,56872.39533333332,1
1354,1353.999999999995,369.152083,312.06666666666666,57085.41633333334,1
1355,1354.9999999999948,369.305208,312.06666666666666,57238.54133333333,1
1356,1355.9999999999943,369.466146,312.06666666666666,57399.479333333315,1
1357,1356.9999999999943,369.638542,312.06666666666666,57571.87533333331,1
1358,1357.9999999999939,369.788542,315.6333333333333,54155.20866666668,1
1359,1358.9999999999936,369.948958,314.93333333333334,55015.62466666667,1
1360,1359.9999999999934,370.140625,315.1,55040.62499999998,1
1361,1360.9999999999932,370.307292,315.43333333333334,54873.95866666668,1
1362,1361.9999999999932,370.508333,315.6666666666667,54841.666333333305,1
1363,1362.999999999993,370.664583,315.76666666666665,54897.91633333334,1
1364,1363.9999999999927,370.847917,315.5,55347.916999999994,1
1365,1364.9999999999923,371.050521,315.73333333333335,55317.18766666666,1
1366,1365.9999999999918,371.25052,315.8,55450.51999999998,1
1367,1366.9999999999918,371.421875,320.8333333333333,50588.541666666686,1
1368,1367.9999999999918,371.57552,320.96666666666664,50608.85333333334,1
1369,1368.9999999999918,371.747396,321.26666666666665,50480.72933333333,1
1370,1369.9999999999918,371.897396,321.26666666666665,50630.729333333366,1
1371,1370.9999999999918,372.052083,321.76666666666665,50285.41633333333,1
1372,1371.9999999999918,372.232292,318.96666666666664,53265.62533333333,1
1373,1372.9999999999918,372.438542,322.1,50338.54199999996,1
1374,1373.9999999999918,372.632292,322.23333333333335,50398.95866666666,1
1375,1374.9999999999918,372.791667,322.3333333333333,50458.3336666667,1
1376,1375.9999999999918,372.99375,322.6666666666667,50327.08333333329,1
1377,1376.999999999992,373.1625,322.8,50362.500000000015,1
1378,1377.9999999999918,373.433333,323.23333333333335,50199.999666666656,1
1379,1378.9999999999918,373.578125,323.3,50278.124999999985,1
1380,1379.9999999999918,373.74375,323.26666666666665,50477.08333333333,1
1381,1380.9999999999918,373.9,323.76666666666665,50133.33333333333,1
1382,1381.9999999999918,374.054167,323.8333333333333,50220.833666666695,1
1383,1382.9999999999918,374.195833,323.26666666666665,50929.16633333334,1
1384,1383.9999999999918,374.411458,321.96666666666664,52444.79133333334,1
1385,1384.9999999999918,374.584375,322.1666666666667,52417.708333333336,1
1386,1385.9999999999918,374.714583,322.1666666666667,52547.91633333332,1
1387,1386.9999999999918,374.897917,322.1666666666667,52731.25033333332,1
1388,1387.9999999999918,375.044792,322.1666666666667,52878.125333333286,1
1389,1388.9999999999918,375.225,322.1666666666667,53058.333333333336,1
1390,1389.9999999999918,375.371875,322.1666666666667,53205.2083333333,1
1391,1390.9999999999918,375.557292,322.1666666666667,53390.62533333333,1
1392,1391.9999999999918,375.711458,322.1666666666667,53544.791333333305,1
1393,1392.9999999999918,375.905208,322.1666666666667,53738.54133333333,1
1394,1393.9999999999918,376.032292,322.1666666666667,53865.6253333333,1
1395,1394.999999999992,376.172917,322.1666666666667,54006.2503333333,1
1396,1395.999999999992,376.365886,322.1666666666667,54199.219333333305,1
1397,1396.999999999992,376.558854,322.1666666666667,54392.18733333331,1
1398,1397.999999999992,376.751823,322.1666666666667,54585.15633333332,1
1399,1398.9999999999918,376.944792,322.1666666666667,54778.12533333332,1
1400,1399.9999999999918,377.13776,322.1666666666667,54971.09333333333,1
1401,1400.9999999999918,377.330729,322.1666666666667,55164.062333333335,1
1402,1401.9999999999918,377.60625,322.1666666666667,55439.5833333333,1
1403,1402.9999999999918,377.773958,322.1666666666667,55607.291333333305,1
1404,1403.9999999999918,377.958333,322.8666666666667,55091.666333333305,1
1405,1404.9999999999918,378.115625,322.8666666666667,55248.95833333335,1
1406,1405.9999999999918,378.286458,322.8666666666667,55419.791333333305,1
1407,1406.9999999999918,378.377083,322.8666666666667,55510.416333333356,1
1408,1407.9999999999918,378.642708,322.8666666666667,55776.041333333356,1
1409,1408.9999999999918,378.810417,324.06666666666666,54743.75033333331,1
1410,1409.9999999999918,378.952083,324.1666666666667,54785.41633333333,1
1411,1410.9999999999918,379.141667,325.8333333333333,53308.33366666667,1
1412,1411.9999999999918,379.2875,326.03333333333336,53254.166666666664,1
1413,1412.9999999999918,379.470833,325.06666666666666,54404.16633333336,1
1414,1413.9999999999918,379.6125,325.1333333333333,54479.166666666686,1
1415,1414.9999999999918,379.803125,325.1333333333333,54669.7916666667,1
1416,1415.9999999999918,379.954167,325.1333333333333,54820.83366666666,1
1417,1416.9999999999918,380.141667,325.1333333333333,55008.33366666666,1
1418,1417.9999999999918,380.276042,325.1333333333333,55142.708666666695,1
1419,1418.999999999992,380.433333,325.1333333333333,55299.99966666668,1
1420,1419.999999999992,380.632031,325.1333333333333,55498.69766666666,1
1421,1420.999999999992,380.830729,325.1333333333333,55697.39566666669,1
1422,1421.999999999992,381.029427,325.1333333333333,55896.093666666675,1
1423,1422.9999999999918,381.228125,331.06666666666666,50161.458333333314,1
1424,1423.9999999999918,381.426823,331.26666666666665,50160.15633333336,1
1425,1424.9999999999918,381.625521,331.5,50125.52099999999,1
1426,1425.9999999999918,381.916667,331.73333333333335,50183.33366666667,1
1427,1426.9999999999918,382.101042,331.93333333333334,50167.70866666667,1
1428,1427.9999999999918,382.282292,331.93333333333334,50348.958666666644,1
1429,1428.9999999999918,382.455208,332.3666666666667,50088.541333333356,1
1430,1429.9999999999918,382.613542,330.3333333333333,52280.20866666668,1
1431,1430.9999999999918,382.773958,330.3333333333333,52440.62466666668,1
1432,1431.9999999999918,382.95625,330.6666666666667,52289.58333333333,1
1433,1432.9999999999918,383.127083,330.8666666666667,52260.416333333356,1
1434,1433.9999999999918,383.308333,330.8666666666667,52441.66633333333,1
1435,1434.9999999999918,383.482292,331.6,51882.29199999995,1
1436,1435.9999999999918,383.667708,331.8333333333333,51834.37466666669,1
1437,1436.9999999999918,383.836458,331.96666666666664,51869.791333333356,1
1438,1437.9999999999918,384.060417,332.7,51360.41699999999,1
1439,1438.9999999999918,384.242708,339.1333333333333,45109.37466666667,1
1440,1439.9999999999918,384.422917,334.76666666666665,49656.25033333333,1
1441,1440.9999999999918,384.595833,334.76666666666665,49829.16633333338,1
1442,1441.9999999999918,384.757292,334.76666666666665,49990.62533333336,1
1443,1442.9999999999918,384.935417,334.76666666666665,50168.75033333332,1
1444,1443.9999999999918,385.195833,334.76666666666665,50429.16633333334,1
1445,1444.9999999999918,385.376042,335.6333333333333,49742.70866666666,1
1446,1445.9999999999918,385.544792,335.8333333333333,49711.45866666666,1
1447,1446.9999999999918,385.709375,336.1,49609.375,1
1448,1447.9999999999918,385.877083,336.2,49677.08300000004,1
1449,1448.9999999999918,386.048958,336.53333333333336,49515.62466666667,1
1450,1449.9999999999918,386.23125,336.76666666666665,49464.583333333336,1
1451,1450.9999999999918,386.414583,336.96666666666664,49447.916333333356,1
1452,1451.9999999999918,386.56875,337.26666666666665,49302.08333333337,1
1453,1452.9999999999918,386.751042,337.43333333333334,49317.708666666644,1
1454,1453.9999999999918,386.909375,337.6666666666667,49242.70833333333,1
1455,1454.9999999999918,387.088542,337.9,49188.54200000004,1
1456,1455.9999999999918,387.272917,338.1,49172.91699999999,1
1457,1456.9999999999918,387.435417,338.73333333333335,48702.08366666662,1
1458,1457.9999999999918,387.627083,338.8333333333333,48793.749666666714,1
1459,1458.9999999999918,387.792708,338.8333333333333,48959.37466666669,1
1460,1459.9999999999918,387.986458,338.8333333333333,49153.124666666714,1
1461,1460.9999999999918,388.214583,338.8333333333333,49381.24966666669,1
1462,1461.9999999999918,388.464583,344.43333333333334,44031.24966666667,1
1463,1462.9999999999918,388.641667,344.43333333333334,44208.333666666644,1
1464,1463.9999999999918,388.790625,344.93333333333334,43857.29166666664,1
1465,1464.9999999999918,388.985417,343.26666666666665,45718.75033333333,1
1466,1465.9999999999918,389.160417,341.76666666666665,47393.750333333344,1
1467,1466.9999999999918,389.340625,343.3333333333333,46007.29166666667,1
1468,1467.9999999999918,389.571875,343.3666666666667,46205.2083333333,1
1469,1468.9999999999918,389.764583,343.3666666666667,46397.91633333334,1
1470,1469.9999999999918,389.963542,343.3666666666667,46596.875333333344,1
1471,1470.9999999999918,390.176042,343.3666666666667,46809.37533333332,1
1472,1471.9999999999918,390.385417,343.1333333333333,47252.083666666695,1
1473,1472.9999999999918,390.795833,344.3333333333333,46462.4996666667,1
1474,1473.9999999999918,391.164063,344.43333333333334,46730.72966666666,1
1475,1474.9999999999925,391.370833,344.76666666666665,46604.166333333356,1
1476,1475.9999999999925,391.60677,344.9,46706.770000000004,1
1477,1476.9999999999925,391.863542,352.1,39763.54199999997,1
1478,1477.9999999999923,392.048958,352.1,39948.958000000006,1
1479,1478.9999999999923,392.247917,352.1,40147.91699999995,1
1480,1479.999999999992,392.464063,351.4,41064.06300000003,1
1481,1480.999999999992,392.627604,351.43333333333334,41194.270666666685,1
1482,1481.999999999992,392.817187,351.8333333333333,40983.85366666668,1
1483,1482.999999999992,393.047917,352.0,41047.91699999999,1
1484,1483.9999999999923,393.2375,352.23333333333335,41004.166666666664,1
1485,1484.9999999999918,393.421875,352.5,40921.875,1
1486,1485.9999999999918,393.630208,352.6666666666667,40963.5413333333,1
1487,1486.9999999999916,393.786458,352.8333333333333,40953.12466666667,1
1488,1487.9999999999918,393.989583,353.0,40989.582999999984,1
1489,1488.9999999999916,394.197917,353.23333333333335,40964.58366666667,1
1490,1489.9999999999916,394.355208,349.53333333333336,44821.87466666664,1
1491,1490.9999999999918,394.547917,352.5,42047.91699999999,1
1492,1491.9999999999914,394.790625,351.3,43490.62499999996,1
1493,1492.9999999999916,394.928125,351.5,43428.12500000002,1
1494,1493.9999999999914,395.140104,351.76666666666665,43373.43733333336,1
1495,1494.9999999999916,395.363542,351.96666666666664,43396.87533333336,1
1496,1495.9999999999911,395.547396,352.1666666666667,43380.72933333331,1
1497,1496.9999999999914,395.71875,352.43333333333334,43285.416666666664,1
1498,1497.9999999999905,395.952604,352.6333333333333,43319.270666666685,1
1499,1498.9999999999905,396.116146,352.8666666666667,43249.479333333344,1
1500,1499.9999999999905,396.330208,353.1333333333333,43196.8746666667,1
1501,1500.9999999999905,396.5625,353.3,43262.499999999985,1
1502,1501.9999999999902,396.747917,353.53333333333336,43214.583666666615,1
1503,1502.9999999999902,396.926042,353.7,43226.04200000001,1
1504,1503.99999999999,397.147917,354.3666666666667,42781.25033333333,1
1505,1504.99999999999,397.31875,354.6,42718.75,1
1506,1505.99999999999,397.51875,354.8,42718.75,1
1507,1506.9999999999898,397.769792,354.8333333333333,42936.45866666668,1
1508,1507.9999999999898,397.982292,354.1666666666667,43815.625333333286,1
1509,1508.9999999999898,398.25,354.3333333333333,43916.666666666686,1
1510,1509.9999999999895,398.498438,354.56666666666666,43931.77133333336,1
1511,1510.9999999999895,398.636458,354.8333333333333,43803.12466666669,1
1512,1511.9999999999895,398.898958,355.06666666666666,43832.29133333333,1
1513,1512.9999999999895,399.114583,355.26666666666665,43847.91633333333,1
1514,1513.9999999999895,399.282291,355.5,43782.29099999998,1
1515,1514.9999999999893,399.454167,355.6333333333333,43820.83366666666,1
1516,1515.9999999999893,399.68125,355.93333333333334,43747.91666666664,1
1517,1516.999999999989,399.835938,356.1,43735.93799999997,1
1518,1517.9999999999893,400.055208,356.3333333333333,43721.87466666668,1
1519,1518.999999999989,400.288542,356.43333333333334,43855.20866666667,1
1520,1519.999999999989,400.48125,356.43333333333334,44047.91666666665,1
1521,1520.9999999999889,400.711458,356.43333333333334,44278.124666666656,1
1522,1521.9999999999889,400.975521,356.43333333333334,44542.18766666668,1
1523,1522.9999999999884,401.147917,356.43333333333334,44714.58366666667,1
1524,1523.9999999999889,401.380208,355.03333333333336,46346.87466666662,1
1525,1524.9999999999889,401.597917,356.1,45497.91699999997,1
1526,1525.9999999999884,401.778125,356.3333333333333,45444.79166666667,1
1527,1526.9999999999884,401.957292,354.93333333333334,47023.95866666666,1
1528,1527.9999999999882,402.154167,355.1666666666667,46987.500333333286,1
1529,1528.9999999999882,402.332291,355.3666666666667,46965.624333333326,1
1530,1529.9999999999882,402.540625,355.53333333333336,47007.29166666662,1
1531,1530.9999999999882,402.7375,355.8666666666667,46870.833333333336,1
1532,1531.999999999988,402.94375,356.06666666666666,46877.08333333336,1
1533,1532.999999999988,403.195833,356.3333333333333,46862.49966666668,1
1534,1533.9999999999882,403.450521,356.3333333333333,47117.187666666665,1
1535,1534.9999999999877,403.595833,355.5,48095.83300000003,1
1536,1535.9999999999882,403.826563,355.6666666666667,48159.89633333334,1
1537,1536.9999999999877,404.032292,355.7,48332.291999999994,1
1538,1537.9999999999877,404.207292,356.1333333333333,48073.95866666667,1
1539,1538.9999999999875,404.4,356.1333333333333,48266.66666666665,1
1540,1539.9999999999875,404.623959,356.46666666666664,48157.292333333375,1
1541,1540.9999999999875,404.805729,358.5,46305.728999999985,1
1542,1541.9999999999875,405.019791,358.5,46519.791,1
1543,1542.999999999987,405.326042,359.4,45926.041999999994,1
1544,1543.999999999987,405.63125,358.6,47031.25,1
1545,1544.9999999999868,406.0125,358.8,47212.49999999998,1
1546,1545.9999999999868,406.238542,358.76666666666665,47471.875333333344,1
1547,1546.9999999999866,406.464584,357.53333333333336,48931.250666666645,1
1548,1547.9999999999868,406.628125,358.1,48528.124999999985,1
1549,1548.9999999999868,406.8625,358.3333333333333,48529.1666666667,1
1550,1549.9999999999868,406.98125,357.8666666666667,49114.583333333314,1
1551,1550.9999999999864,407.164583,358.1,49064.58299999997,1
1552,1551.9999999999864,407.360417,357.23333333333335,50127.08366666664,1
1553,1552.9999999999861,407.546875,357.43333333333334,50113.541666666664,1
1554,1553.9999999999861,407.696875,356.93333333333334,50763.54166666664,1
1555,1554.9999999999861,407.877431,357.8666666666667,50010.764333333325,1
1556,1555.9999999999861,408.057986,357.43333333333334,50624.65266666669,1
1557,1556.9999999999861,408.238542,357.6,50638.54199999997,1
1558,1557.999999999986,408.404688,357.8666666666667,50538.021333333345,1
1559,1558.999999999986,408.570833,357.8666666666667,50704.16633333332,1
1560,1559.9999999999857,408.770833,357.8666666666667,50904.166333333305,1
1561,1560.9999999999857,408.936459,358.3666666666667,50569.79233333334,1
1562,1561.9999999999857,409.095833,358.6,50495.833000000006,1
1563,1562.9999999999857,409.2625,358.6666666666667,50595.8333333333,1
1564,1563.9999999999854,409.463542,358.93333333333334,50530.20866666668,1
1565,1564.9999999999854,409.614583,359.1333333333333,50481.249666666656,1
1566,1565.9999999999854,409.780208,359.1333333333333,50646.87466666669,1
1567,1566.9999999999852,409.980729,359.1333333333333,50847.39566666667,1
1568,1567.9999999999854,410.157812,359.1333333333333,51024.478666666655,1
1569,1568.9999999999852,410.375,359.1333333333333,51241.66666666667,1
1570,1569.9999999999852,410.646875,359.1333333333333,51513.5416666667,1
1571,1570.9999999999852,410.771354,359.1333333333333,51638.02066666665,1
1572,1571.9999999999852,410.944792,359.1333333333333,51811.45866666668,1
1573,1572.9999999999852,411.15625,363.8666666666667,47289.58333333333,1
1574,1573.9999999999852,411.295833,364.8,46495.833000000006,1
1575,1574.999999999985,411.505208,365.0,46505.207999999984,1
1576,1575.999999999985,411.645833,365.0,46645.832999999984,1
1577,1576.9999999999848,411.839583,365.2,46639.58300000001,1
1578,1577.9999999999848,411.982292,365.6666666666667,46315.625333333286,1
1579,1578.9999999999848,412.18125,365.8333333333333,46347.916666666664,1
1580,1579.9999999999845,412.380209,366.03333333333336,46346.875666666616,1
1581,1580.9999999999848,412.579167,366.4,46179.16700000001,1
1582,1581.9999999999843,412.707292,366.6,46107.29199999997,1
1583,1582.9999999999843,412.863542,366.6,46263.54199999997,1
1584,1583.999999999984,413.04375,366.6,46443.74999999996,1
1585,1584.9999999999843,413.2375,366.6,46637.499999999985,1
1586,1585.999999999984,413.392708,366.6,46792.708000000006,1
1587,1586.999999999984,413.573438,366.6,46973.43799999999,1
1588,1587.9999999999839,413.74375,366.6,47143.749999999956,1
1589,1588.9999999999839,413.8875,367.96666666666664,45920.83333333335,1
1590,1589.9999999999834,414.046875,368.06666666666666,45980.208333333336,1
1591,1590.9999999999834,414.232813,368.06666666666666,46166.14633333336,1
1592,1591.9999999999834,414.388542,368.6666666666667,45721.875333333286,1
1593,1592.9999999999834,414.563542,364.73333333333335,49830.20866666664,1
1594,1593.9999999999832,414.75625,364.73333333333335,50022.91666666667,1
1595,1594.9999999999832,414.917708,364.73333333333335,50184.374666666656,1
1596,1595.9999999999832,415.053125,364.73333333333335,50319.79166666667,1
1597,1596.999999999983,415.225,364.73333333333335,50491.66666666667,1
1598,1597.999999999983,415.388542,371.3666666666667,44021.8753333333,1
1599,1598.999999999983,415.559375,371.6333333333333,43926.041666666664,1
1600,1599.999999999983,415.696875,371.8,43896.87499999996,1
1601,1600.9999999999827,415.863542,371.93333333333334,43930.20866666666,1
1602,1601.9999999999827,416.030208,371.93333333333334,44096.87466666668,1
1603,1602.9999999999825,416.255729,371.93333333333334,44322.395666666634,1
1604,1603.9999999999825,416.435417,371.93333333333334,44502.08366666664,1
1605,1604.9999999999823,416.632292,371.93333333333334,44698.95866666667,1
1606,1605.9999999999825,416.830208,371.93333333333334,44896.87466666669,1
1607,1606.999999999982,417.025,375.5,41524.99999999998,1
1608,1607.999999999982,417.175,375.6666666666667,41508.33333333333,1
1609,1608.999999999982,417.347917,372.1,45247.91699999997,1
1610,1609.9999999999818,417.538542,372.7,44838.542000000016,1
1611,1610.9999999999818,417.697917,372.93333333333334,44764.58366666668,1
1612,1611.9999999999816,417.875,373.03333333333336,44841.66666666664,1
1613,1612.9999999999816,418.051042,372.93333333333334,45117.70866666666,1
1614,1613.9999999999814,418.280208,373.06666666666666,45213.541333333356,1
1615,1614.9999999999814,418.528125,373.23333333333335,45294.79166666664,1
1616,1615.9999999999811,418.760417,373.23333333333335,45527.08366666667,1
1617,1616.9999999999811,419.01875,373.23333333333335,45785.416666666664,1
1618,1617.999999999981,419.425,373.23333333333335,46191.666666666664,1
1619,1618.999999999981,419.630208,378.1333333333333,41496.874666666656,1
1620,1619.999999999981,419.760417,378.1666666666667,41593.75033333333,1
1621,1620.9999999999807,419.934375,378.46666666666664,41467.70833333335,1
1622,1621.999999999981,419.991146,378.3666666666667,41624.479333333344,1
1623,1622.9999999999807,420.190625,378.43333333333334,41757.29166666667,1
1624,1623.9999999999807,420.272917,378.6666666666667,41606.25033333332,1
1625,1624.9999999999804,420.426042,378.93333333333334,41492.70866666666,1
1626,1625.9999999999807,420.533854,379.1,41433.854,1
1627,1626.9999999999802,420.777083,379.4,41377.08300000003,1
1628,1627.9999999999804,420.965625,379.4,41565.625000000015,1
1629,1628.9999999999802,421.833854,379.4,42433.854,1
1630,1629.9999999999802,422.366667,379.4,42966.66700000003,1
1631,1630.9999999999798,422.627083,379.4,43227.08300000005,1
1632,1631.9999999999802,422.873958,379.4,43473.95800000004,1
1633,1632.9999999999798,423.2625,379.4,43862.500000000015,1
1634,1633.9999999999798,423.519791,383.26666666666665,40253.12433333335,1
1635,1634.9999999999798,423.751562,383.46666666666664,40284.89533333334,1
1636,1635.9999999999795,424.084375,382.43333333333334,41651.041666666686,1
1637,1636.9999999999795,424.238542,382.6,41638.54199999997,1
1638,1637.9999999999795,424.4875,382.8333333333333,41654.1666666667,1
1639,1638.9999999999795,424.752083,383.03333333333336,41718.74966666667,1
1640,1639.9999999999793,424.945313,383.26666666666665,41678.646333333345,1
1641,1640.9999999999793,425.172396,383.5,41672.39599999999,1
1642,1641.999999999979,425.467708,383.6,41867.70799999999,1
1643,1642.999999999979,425.591667,383.6333333333333,41958.333666666644,1
1644,1643.999999999979,425.816667,383.7,42116.66700000001,1
1645,1644.999999999979,426.039583,384.3333333333333,41706.24966666668,1
1646,1645.9999999999789,426.214063,384.46666666666664,41747.39633333337,1
1647,1646.9999999999789,426.425,384.96666666666664,41458.33333333337,1
1648,1647.9999999999789,426.686458,385.06666666666666,41619.791333333356,1
1649,1648.9999999999786,426.814583,385.3666666666667,41447.916333333356,1
1650,1649.9999999999789,427.045833,385.53333333333336,41512.499666666656,1
1651,1650.9999999999786,427.252605,385.8666666666667,41385.93833333334,1
1652,1651.9999999999786,427.417188,386.06666666666666,41350.521333333345,1
1653,1652.9999999999784,427.651563,386.3,41351.563,1
1654,1653.9999999999784,427.933854,386.53333333333336,41400.520666666634,1
1655,1654.999999999978,428.080208,386.6,41480.208000000006,1
1656,1655.9999999999784,428.380208,386.6,41780.20799999996,1
1657,1656.999999999978,428.717709,386.6,42117.70899999999,1
1658,1657.999999999978,428.9125,386.6,42312.5,1
1659,1658.9999999999777,429.08125,387.2,41881.25000000002,1
1660,1659.9999999999777,429.415104,386.1333333333333,43281.770666666656,1
1661,1660.9999999999777,429.552083,386.3666666666667,43185.416333333305,1
1662,1661.9999999999777,429.834896,386.06666666666666,43768.22933333335,1
1663,1662.9999999999777,430.140625,386.2,43940.625000000015,1
1664,1663.9999999999775,430.323959,386.2,44123.95900000002,1
1665,1664.9999999999775,430.4625,386.2,44262.499999999985,1
1666,1665.9999999999773,430.788542,386.2,44588.542000000016,1
1667,1666.9999999999773,430.944792,386.2,44744.792000000016,1
1668,1667.9999999999773,431.241667,386.2,45041.667000000016,1
1669,1668.9999999999773,431.571875,386.2,45371.874999999985,1
1670,1669.999999999977,431.760417,386.2,45560.41700000003,1
1671,1670.999999999977,431.925,386.2,45725.00000000002,1
1672,1671.9999999999768,432.256771,386.2,46056.77100000002,1
1673,1672.9999999999768,432.421875,387.6,44821.87499999998,1
1674,1673.999999999977,432.701042,387.8,44901.04199999996,1
1675,1674.9999999999768,432.995834,386.2,46795.83400000002,1
1676,1675.9999999999768,433.173437,386.4,46773.437,1
1677,1676.9999999999766,433.334896,386.6666666666667,46668.22933333333,1
1678,1677.9999999999766,433.666667,386.03333333333336,47633.33366666666,1
1679,1678.999999999976,433.834896,386.03333333333336,47801.56266666666,1
1680,1679.9999999999766,434.034896,386.03333333333336,48001.56266666664,1
1681,1680.999999999976,434.276042,386.6666666666667,47609.37533333333,1
1682,1681.999999999976,434.459375,386.7,47759.37500000004,1
1683,1682.9999999999757,434.647396,386.7,47947.39600000002,1
1684,1683.9999999999757,434.975521,386.7,48275.52100000002,1
1685,1684.9999999999754,435.154167,386.7,48454.16699999999,1
1686,1685.9999999999757,435.397917,386.7,48697.917000000016,1
1687,1686.9999999999757,435.644271,386.7,48944.271000000015,1
1688,1687.9999999999754,435.834375,386.7,49134.37500000004,1
1689,1688.9999999999752,436.005208,388.46666666666664,47538.54133333334,1
1690,1689.9999999999752,436.341146,388.53333333333336,47807.81266666662,1
1691,1690.9999999999752,436.526563,388.53333333333336,47993.22966666665,1
1692,1691.9999999999752,436.73698,389.1333333333333,47603.64666666669,1
1693,1692.9999999999752,436.976042,389.53333333333336,47442.708666666644,1
1694,1693.999999999975,437.164583,389.73333333333335,47431.24966666664,1
1695,1694.999999999975,437.333854,389.8,47533.85399999996,1
1696,1695.9999999999748,437.697917,389.9,47797.91700000004,1
1697,1696.9999999999748,437.850521,389.9,47950.52100000004,1
1698,1697.9999999999748,438.1125,389.9,48212.50000000004,1
1699,1698.9999999999748,438.366146,389.9,48466.14600000004,1
1700,1699.9999999999748,438.547396,389.9,48647.396000000015,1
1701,1700.9999999999745,438.738021,389.9,48838.02100000002,1
1702,1701.9999999999745,439.029167,389.9,49129.166999999994,1
1703,1702.9999999999743,439.182813,389.9,49282.81300000003,1
1704,1703.9999999999745,439.447917,389.9,49547.91700000004,1
1705,1704.9999999999743,439.704166,389.9,49804.16600000001,1
1706,1705.9999999999743,439.889583,389.9,49989.58300000004,1
1707,1706.9999999999739,440.094271,392.53333333333336,47560.937666666636,1
1708,1707.9999999999739,440.397396,393.03333333333336,47364.06266666666,1
1709,1708.9999999999736,440.574479,393.23333333333335,47341.14566666665,1
1710,1709.9999999999739,440.822917,393.4,47422.91700000004,1
1711,1710.9999999999736,441.088021,393.56666666666666,47521.354333333366,1
1712,1711.9999999999736,441.283854,393.73333333333335,47550.52066666667,1
1713,1712.9999999999736,441.517708,393.3,48217.70800000001,1
1714,1713.9999999999734,441.861458,393.1,48761.458000000006,1
1715,1714.9999999999748,442.064583,393.56666666666666,48497.91633333336,1
1716,1715.9999999999748,442.31875,394.1666666666667,48152.083333333336,1
1717,1716.9999999999748,442.574479,394.2,48374.47900000001,1
1718,1717.999999999975,442.804688,394.56666666666666,48238.02133333334,1
1719,1718.999999999975,443.083333,397.2,45883.33299999999,1
1720,1719.999999999975,443.391666,396.3333333333333,47058.33266666667,1
1721,1720.999999999975,443.675521,396.56666666666666,47108.854333333344,1
1722,1721.999999999975,443.984895,397.93333333333334,46051.56166666666,1
1723,1722.999999999975,444.264584,396.73333333333335,47531.25066666667,1
1724,1723.999999999975,444.516666,396.93333333333334,47583.33266666665,1
1725,1724.999999999975,444.928646,397.1666666666667,47761.97933333333,1
1726,1725.9999999999752,445.257589,397.6,47657.58899999997,1
1727,1726.9999999999752,445.586533,396.6,48986.53299999995,1
1728,1727.9999999999752,445.915476,396.7,49215.476000000024,1
1729,1728.9999999999752,446.24442,396.73333333333335,49511.08666666664,1
1730,1729.9999999999752,446.573363,396.93333333333334,49640.02966666663,1
1731,1730.999999999975,446.902307,397.1333333333333,49768.97366666668,1
1732,1731.999999999975,447.23125,400.06666666666666,47164.58333333333,1
1733,1732.9999999999804,447.564583,397.1333333333333,50431.2496666667,1
1734,1733.9999999999802,447.913542,398.46666666666664,49446.875333333366,1
1735,1734.9999999999802,448.219792,398.8,49419.79199999997,1
1736,1735.9999999999798,448.525,398.9,49625.0,1
1737,1736.9999999999798,448.969271,399.0,49969.27099999999,1
1738,1737.9999999999802,449.44244800000007,399.23333333333335,50209.11466666672,1
1739,1738.9999999999802,449.915625,399.43333333333334,50482.29166666664,1
1740,1739.9999999999802,450.388802,402.1,48288.801999999974,1
1741,1740.9999999999798,450.861979,402.3,48561.97900000001,1
1742,1741.9999999999918,451.438021,402.3,49138.02099999998,1
1743,1742.9999999999918,452.369792,402.3,50069.79200000001,1
1744,1743.9999999999918,452.919466,402.96666666666664,49952.79933333336,1
1745,1744.9999999999916,453.469141,403.2,50269.14099999999,1
1746,1745.9999999999916,454.018815,403.43333333333334,50585.48166666668,1
1747,1746.9999999999916,454.56849000000005,403.6333333333333,50935.15666666673,1
1748,1747.9999999999916,455.118164,403.8666666666667,51251.497333333304,1
1749,1748.9999999999918,455.667839,404.06666666666666,51601.17233333335,1
1750,1749.999999999972,456.217513,404.1666666666667,52050.84633333331,1
1751,1750.9999999999718,456.767187,404.1666666666667,52600.52033333329,1
1752,1751.9999999999714,456.99375,404.1666666666667,52827.08333333329,1
1753,1752.9999999999714,457.20546900000005,404.1666666666667,53038.80233333336,1
1754,1753.9999999999714,457.417188,404.1666666666667,53250.52133333332,1
1755,1754.9999999999704,457.642708,404.1666666666667,53476.04133333334,1
1756,1755.9999999999707,457.85816,404.1666666666667,53691.49333333331,1
1757,1756.9999999999707,458.073611,404.1666666666667,53906.94433333334,1
1758,1757.9999999999704,458.289063,406.2,52089.06300000001,1
1759,1758.9999999999704,458.504514,405.96666666666664,52537.84733333333,1
1760,1759.9999999999704,458.719966,405.96666666666664,52753.29933333336,1
1761,1760.99999999997,458.935417,405.96666666666664,52968.75033333333,1
1762,1761.9999999999704,459.182466,405.96666666666664,53215.799333333336,1
1763,1762.9999999999702,459.429514,405.5,53929.51399999998,1
1764,1763.9999999999702,459.676563,405.23333333333335,54443.22966666664,1
1765,1764.9999999999702,459.881858,405.26666666666665,54615.19133333337,1
1766,1765.9999999999704,460.087153,405.96666666666664,54120.48633333336,1
1767,1766.9999999999702,460.292448,405.96666666666664,54325.78133333334,1
1768,1767.9999999999702,460.497743,405.96666666666664,54531.076333333374,1
1769,1768.9999999999702,460.703038,406.0,54703.03799999999,1
1770,1769.99999999997,460.908333,405.96666666666664,54941.666333333385,1
1771,1770.9999999999702,461.06875,405.9,55168.750000000044,1
1772,1771.9999999999698,461.229167,405.96666666666664,55262.50033333338,1
1773,1772.9999999999698,461.489583,405.96666666666664,55522.91633333334,1
1774,1773.9999999999698,461.709896,406.1333333333333,55576.56266666669,1
1775,1774.9999999999698,461.930208,406.0,55930.20799999999,1
1776,1775.9999999999684,462.15625,406.2,55956.250000000015,1
1777,1776.9999999999688,462.36484400000006,405.93333333333334,56431.51066666673,1
1778,1777.9999999999686,462.573438,405.8666666666667,56706.77133333334,1
1779,1778.999999999968,462.80625,406.23333333333335,56572.91666666663,1
1780,1779.9999999999677,463.025521,406.43333333333334,56592.18766666669,1
1781,1780.999999999968,463.244792,406.6333333333333,56611.458666666695,1
1782,1781.999999999968,463.464063,406.8666666666667,56597.39633333334,1
1783,1782.999999999968,463.683333,407.1,56583.332999999984,1
1784,1783.9999999999677,463.902604,407.3,56602.603999999985,1
1785,1784.9999999999675,464.121875,407.3,56821.87499999998,1
1786,1785.9999999999677,464.385069,407.3,57085.068999999974,1
1787,1786.9999999999677,464.648264,407.3,57348.263999999974,1
1788,1787.9999999999675,464.911458,407.3,57611.45799999997,1
1789,1788.9999999999675,465.127951,408.5,56627.950999999994,1
1790,1789.9999999999675,465.34444400000007,408.7,56644.444000000076,1
1791,1790.9999999999677,465.560938,408.8,56760.93800000001,1
1792,1791.9999999999675,465.777431,409.3333333333333,56444.09766666666,1
1793,1792.9999999999675,465.99392400000005,409.3333333333333,56660.590666666736,1
1794,1793.9999999999673,466.210417,409.3333333333333,56877.083666666695,1
1795,1794.9999999999673,466.36875,409.3333333333333,57035.416666666664,1
1796,1795.9999999999668,466.527083,409.3333333333333,57193.74966666669,1
1797,1796.9999999999668,466.782291,409.3333333333333,57448.95766666667,1
1798,1797.999999999967,466.980555,409.3333333333333,57647.221666666665,1
1799,1798.9999999999668,467.178819,409.3333333333333,57845.48566666666,1
1800,1799.9999999999668,467.377083,409.3333333333333,58043.749666666714,1
1801,1800.999999999967,467.57569400000006,409.3333333333333,58242.36066666674,1
1802,1801.9999999999668,467.774306,409.3333333333333,58440.97266666671,1
1803,1802.9999999999668,467.972917,409.3333333333333,58639.58366666668,1
1804,1803.9999999999668,468.272222,409.3333333333333,58938.88866666669,1
1805,1804.9999999999666,468.571528,409.3333333333333,59238.194666666684,1
1806,1805.9999999999663,468.870833,409.3333333333333,59537.49966666669,1
1807,1806.9999999999668,469.103199,409.3333333333333,59769.8656666667,1
1808,1807.9999999999668,469.335565,409.3333333333333,60002.23166666666,1
1809,1808.9999999999666,469.567931,411.3666666666667,58201.26433333331,1
1810,1809.9999999999666,469.80029800000005,409.8333333333333,59966.96466666674,1
1811,1810.9999999999668,470.032664,410.0,60032.66400000001,1
1812,1811.9999999999668,470.26503,410.23333333333335,60031.69666666668,1
1813,1812.9999999999666,470.497396,410.5,59997.39599999998,1
1814,1813.9999999999666,470.70161500000006,410.76666666666665,59934.94833333341,1
1815,1814.9999999999666,470.905834,410.93333333333334,59972.50066666669,1
1816,1815.9999999999668,471.110052,411.2,59910.05200000001,1
1817,1816.9999999999666,471.314271,411.3,60014.27100000001,1
1818,1817.9999999999666,471.51849,411.56666666666666,59951.82333333332,1
1819,1818.9999999999666,471.722709,411.7,60022.70900000002,1
1820,1819.9999999999666,471.926927,411.3,60626.92699999997,1
1821,1820.9999999999668,472.131146,411.43333333333334,60697.812666666665,1
1822,1821.9999999999668,472.335365,411.7,60635.365000000034,1
1823,1822.9999999999668,472.539583,412.6333333333333,59906.24966666667,1
1824,1823.999999999966,472.771875,412.6666666666667,60105.208333333336,1
1825,1824.999999999966,473.002865,412.6666666666667,60336.1983333333,1
1826,1825.9999999999652,473.233855,412.6666666666667,60567.18833333332,1
1827,1826.9999999999648,473.482292,415.1333333333333,58348.958666666644,1
1828,1827.9999999999645,473.70486100000005,415.5,58204.86100000005,1
1829,1828.9999999999645,473.92743,413.8333333333333,60094.0966666667,1
1830,1829.9999999999648,474.15,413.8333333333333,60316.666666666664,1
1831,1830.9999999999648,474.37256900000006,413.8333333333333,60539.23566666674,1
1832,1831.9999999999645,474.595139,413.8333333333333,60761.8056666667,1
1833,1832.9999999999645,474.817708,413.8333333333333,60984.37466666667,1
1834,1833.9999999999643,475.073958,413.8333333333333,61240.62466666669,1
1835,1834.9999999999645,475.330208,413.8333333333333,61496.874666666714,1
1836,1835.999999999964,475.586459,418.96666666666664,56619.79233333335,1
1837,1836.9999999999643,475.775208,419.2,56575.208000000035,1
1838,1837.9999999999643,475.963958,422.1666666666667,53797.291333333305,1
1839,1838.9999999999643,476.152708,422.3666666666667,53786.04133333334,1
1840,1839.9999999999645,476.341458,422.93333333333334,53408.12466666665,1
1841,1840.9999999999638,476.530208,422.8666666666667,53663.54133333334,1
1842,1841.9999999999638,476.76875,423.06666666666666,53702.08333333335,1
1843,1842.9999999999638,476.923958,422.4,54523.95800000005,1
1844,1843.9999999999636,477.079167,422.53333333333336,54545.83366666662,1
1845,1844.9999999999636,477.339583,422.8666666666667,54472.91633333333,1
1846,1845.9999999999636,477.5625,424.4,53162.50000000002,1
1847,1846.9999999999636,477.785416,424.6333333333333,53152.08266666667,1
1848,1847.9999999999627,478.004167,424.73333333333335,53270.833666666644,1
1849,1848.9999999999627,478.219011,425.0,53219.01100000002,1
1850,1849.9999999999627,478.433854,425.1666666666667,53267.18733333331,1
1851,1850.9999999999616,478.672916,424.73333333333335,53939.58266666664,1
1852,1851.999999999962,478.88941,424.73333333333335,54156.076666666646,1
1853,1852.9999999999616,479.105903,424.73333333333335,54372.56966666666,1
1854,1853.9999999999616,479.322396,424.73333333333335,54589.06266666668,1
1855,1854.999999999962,479.538889,424.73333333333335,54805.55566666664,1
1856,1855.999999999962,479.75538200000005,422.96666666666664,56788.71533333341,1
1857,1856.9999999999616,479.971875,423.1333333333333,56838.541666666686,1
1858,1857.9999999999616,480.240625,424.9,55340.625000000044,1
1859,1858.9999999999613,480.509375,425.06666666666666,55442.708333333314,1
1860,1859.9999999999616,480.778125,423.76666666666665,57011.458333333336,1
1861,1860.9999999999616,481.022222,423.8,57222.22199999999,1
1862,1861.9999999999613,481.26631900000007,423.8,57466.319000000054,1
1863,1862.9999999999613,481.510417,423.8,57710.41700000001,1
1864,1863.9999999999613,481.754514,424.6333333333333,57121.180666666645,1
1865,1864.9999999999613,481.998611,424.9,57098.611000000004,1
1866,1865.999999999961,482.242708,425.06666666666666,57176.04133333333,1
1867,1866.9999999999613,482.41927,425.2,57219.27,1
1868,1867.999999999961,482.595833,425.2,57395.83300000004,1
1869,1868.9999999999607,482.847917,433.6333333333333,49214.58366666667,1
1870,1869.999999999961,483.04861100000005,430.8666666666667,52181.94433333338,1
1871,1870.999999999961,483.24930599999993,430.8333333333333,52415.97266666662,1
1872,1871.9999999999607,483.45,431.3666666666667,52083.333333333314,1
1873,1872.9999999999607,483.665972,433.56666666666666,50099.305333333345,1
1874,1873.9999999999607,483.881945,432.6333333333333,51248.61166666665,1
1875,1874.9999999999607,484.097917,432.8333333333333,51264.58366666668,1
1876,1875.9999999999607,484.400695,433.03333333333336,51367.36166666663,1
1877,1876.9999999999607,484.703472,433.03333333333336,51670.138666666615,1
1878,1877.9999999999604,485.00625,433.3,51706.250000000015,1
1879,1878.9999999999604,485.319792,433.56666666666666,51753.125333333344,1
1880,1879.9999999999607,485.633333,433.6,52033.33299999997,1
1881,1880.9999999999607,485.946875,433.23333333333335,52713.54166666663,1
1882,1881.9999999999607,486.260417,433.8333333333333,52427.0836666667,1
1883,1882.9999999999604,486.573958,433.8,52773.95799999999,1
1884,1883.9999999999604,486.8875,434.03333333333336,52854.16666666663,1
1885,1884.9999999999607,487.520486,434.1333333333333,53387.152666666676,1
1886,1885.9999999999607,488.153472,434.1333333333333,54020.138666666695,1
1887,1886.9999999999604,488.786458,434.1333333333333,54653.124666666656,1
1888,1887.9979166666267,488.922083,434.1333333333333,54788.74966666666,1
1889,1888.9979166666265,489.057708,436.96666666666664,52091.04133333335,1
1890,1889.9999999999598,489.193333,437.1333333333333,52059.99966666667,1
1891,1890.997916666626,489.328958,437.1333333333333,52195.62466666668,1
1892,1891.9979166666258,489.464583,437.53333333333336,51931.24966666664,1
1893,1892.9999999999588,489.602231,437.9,51702.23100000004,1
1894,1893.9999999999588,489.73791100000005,438.0,51737.91100000005,1
1895,1894.999999999959,489.870313,438.1,51770.31299999999,1
1896,1895.9999999999588,490.019271,442.26666666666665,47752.60433333335,1
1897,1896.9999999999588,490.222917,442.23333333333335,47989.583666666644,1
1898,1897.9999999999586,490.3625,442.5,47862.500000000015,1
1899,1898.9999999999584,490.522917,442.73333333333335,47789.58366666666,1
1900,1899.9999999999584,490.686458,443.23333333333335,47453.12466666667,1
1901,1900.9999999999575,490.85625,443.4,47456.250000000015,1
1902,1901.9999999999575,491.01875,443.6333333333333,47385.416666666686,1
1903,1902.9999999999575,491.213194,443.8666666666667,47346.52733333331,1
1904,1903.9999999999575,491.407639,444.06666666666666,47340.97233333335,1
1905,1904.9999999999575,491.602083,443.8333333333333,47768.74966666668,1
1906,1905.999999999957,491.758333,443.93333333333334,47824.999666666656,1
1907,1906.999999999957,491.926042,443.93333333333334,47992.70866666666,1
1908,1907.9999999999568,492.116667,450.2,41916.667000000016,1
1909,1908.9999999999568,492.280208,450.26666666666665,42013.54133333336,1
1910,1909.9999999999568,492.446875,450.26666666666665,42180.20833333333,1
1911,1910.9999999999566,492.659375,450.26666666666665,42392.70833333336,1
1912,1911.9999999999566,492.810417,450.26666666666665,42543.75033333332,1
1913,1912.9999999999563,492.971875,448.06666666666666,44905.20833333335,1
1914,1913.999999999956,493.13802,448.06666666666666,45071.35333333332,1
1915,1914.9999999999561,493.402083,448.06666666666666,45335.41633333334,1
1916,1915.999999999956,493.607292,448.06666666666666,45540.62533333331,1
1917,1916.999999999956,493.926042,449.2,44726.04200000001,1
1918,1917.999999999956,494.129688,448.6666666666667,45463.0213333333,1
1919,1918.999999999956,494.333333,447.8333333333333,46499.99966666667,1
1920,1919.9999999999561,494.486458,447.8333333333333,46653.124666666714,1
1921,1920.9999999999557,494.691667,447.8333333333333,46858.33366666668,1
1922,1921.9999999999557,494.817708,447.8333333333333,46984.37466666667,1
1923,1922.9999999999554,494.983333,447.8333333333333,47149.9996666667,1
1924,1923.9999999999552,495.151042,447.8333333333333,47317.7086666667,1
1925,1924.9999999999552,495.313542,447.8333333333333,47480.20866666667,1
1926,1925.9999999999543,495.469792,447.8333333333333,47636.45866666667,1
1927,1926.9999999999548,495.663368,447.8333333333333,47830.034666666674,1
1928,1927.9999999999548,495.856945,450.03333333333336,45823.611666666635,1
1929,1928.9999999999543,496.050521,450.1,45950.52099999998,1
1930,1929.9999999999543,496.225,450.1,46125.0,1
1931,1930.9999999999538,496.38125,450.1,46281.25,1
1932,1931.9999999999538,496.553125,450.1,46453.125,1
1933,1932.9999999999538,496.73125,450.1,46631.24999999996,1
1934,1933.9999999999536,496.908333,450.1,46808.333000000006,1
1935,1934.9999999999538,497.097916,450.1,46997.915999999976,1
1936,1935.9999999999534,497.273958,450.1,47173.95799999997,1
1937,1936.9999999999534,497.451042,450.1,47351.04199999995,1
1938,1937.9999999999532,497.657812,450.1,47557.811999999954,1
1939,1938.9999999999532,497.932292,450.1,47832.291999999994,1
1940,1939.9999999999534,498.180208,450.1,48080.20799999997,1
1941,1940.9999999999532,498.685417,450.1,48585.41699999995,1
1942,1941.999999999952,499.192708,450.1,49092.70799999996,1
1943,1942.9999999999516,499.398958,450.1,49298.95799999997,1
1944,1943.9999999999516,499.559375,450.1,49459.37499999996,1
1945,1944.9999999999516,499.84323,453.43333333333334,46409.89666666667,1
1946,1945.9999999999516,500.107292,453.6666666666667,46440.625333333286,1
1947,1946.9999999999513,500.360417,453.46666666666664,46893.750333333344,1
1948,1947.9999999999511,500.56875,453.5,47068.75000000002,1
1949,1948.9999999999513,500.746875,453.5,47246.874999999985,1
1950,1949.9999999999516,501.0,453.5,47500.0,1
1951,1950.9999999999511,501.298958,453.5,47798.95800000003,1
1952,1951.9999999999513,501.452083,453.5,47952.08300000001,1
1953,1952.9999999999518,501.627604,453.5,48127.60400000002,1
1954,1953.9999999999513,501.814583,457.5,44314.58300000003,1
1955,1954.9999999999518,502.040625,457.73333333333335,44307.29166666663,1
1956,1955.9999999999511,502.3,457.93333333333334,44366.66666666667,1
1957,1956.9999999999511,502.549479,457.5,45049.47900000002,1
1958,1957.9999999999513,502.732292,457.73333333333335,44998.95866666662,1
1959,1958.9999999999507,502.951042,457.26666666666665,45684.37533333332,1
1960,1959.9999999999507,503.114583,457.4,45714.583000000006,1
1961,1960.9999999999513,503.2875,457.7,45587.50000000004,1
1962,1961.9999999999507,503.511458,457.9,45611.45800000003,1
1963,1962.9999999999513,503.747917,458.96666666666664,44781.25033333333,1
1964,1963.9999999999502,503.972396,457.73333333333335,46239.06266666666,1
1965,1964.9999999999502,504.197917,457.9,46297.91700000004,1
1966,1965.9999999999507,504.414583,457.9,46514.58300000001,1
1967,1966.99999999995,504.689583,457.9,46789.58300000005,1
1968,1967.9999999999502,505.105208,457.3,47805.20799999999,1
1969,1968.9999999999507,505.190105,457.5,47690.10500000002,1
1970,1969.9999999999498,505.5375,457.6,47937.5,1
1971,1970.9999999999498,505.946875,457.6,48346.874999999956,1
1972,1971.999999999949,506.117708,457.6,48517.70799999997,1
1973,1972.9999999999495,506.307292,461.1666666666667,45140.62533333333,1
1974,1973.9999999999495,506.520833,461.43333333333334,45087.49966666664,1
1975,1974.9999999999493,506.808333,462.0,44808.333000000006,1
1976,1975.9999999999495,506.957292,462.3333333333333,44623.95866666668,1
1977,1976.9999999999498,507.171354,462.43333333333334,44738.02066666667,1
1978,1977.9999999999493,507.397917,462.8333333333333,44564.583666666695,1
1979,1978.9999999999495,507.605729,464.8333333333333,42772.395666666685,1
1980,1979.9999999999486,507.7875,465.3,42487.500000000015,1
1981,1980.9999999999488,508.019791,465.1,42919.790999999976,1
1982,1981.9999999999495,508.30625,465.1666666666667,43139.58333333329,1
1983,1982.9999999999486,508.679167,467.0,41679.16700000001,1
1984,1983.9999999999488,508.942708,467.26666666666665,41676.04133333333,1
1985,1984.999999999949,509.141667,467.46666666666664,41675.000333333344,1
1986,1985.9999999999486,509.335938,467.53333333333336,41802.60466666664,1
1987,1986.9999999999488,509.686458,467.53333333333336,42153.124666666656,1
1988,1987.9999999999493,509.882813,466.3333333333333,43549.47966666668,1
1989,1988.9999999999486,510.250521,464.7,45550.521,1
1990,1989.999999999949,510.661458,464.9,45761.458000000006,1
1991,1990.9999999999486,510.869792,464.8,46069.79200000001,1
1992,1991.9999999999486,511.041667,466.46666666666664,44575.00033333338,1
1993,1992.9999999999486,511.292709,466.6666666666667,44626.04233333332,1
1994,1993.9999999999484,511.55,466.23333333333335,45316.666666666664,1
1995,1994.9999999999484,511.794792,466.1333333333333,45661.458666666644,1
1996,1995.9999999999488,512.0041669999998,466.6,45404.166999999805,1
1997,1996.9999999999484,512.178125,466.6,45578.125,1
1998,1997.9999999999486,512.395833,466.6,45795.83300000001,1
1999,1998.9999999999482,512.6052080000002,466.6,46005.20800000015,1
2000,1999.9999999999484,512.805208,466.6,46205.20799999997,1
2001,2000.9999999999484,512.9921879999998,467.3666666666667,45625.521333333156,1
2002,2001.9999999999482,513.202083,467.3333333333333,45868.7496666667,1
2003,2002.9999999999484,513.41875,467.4,46018.750000000065,1
2004,2003.9999999999486,513.6171879999998,467.4,46217.18799999985,1
2005,2004.9999999999482,513.831771,467.4,46431.77100000002,1
2006,2005.9999999999484,514.151042,466.56666666666666,47584.3753333333,1
2007,2006.9999999999477,514.478646,466.76666666666665,47711.97933333337,1
2008,2007.999999999948,514.744011,467.0,47744.011,1
2009,2008.9999999999486,515.009375,472.8333333333333,42176.041666666664,1
2010,2009.9999999999477,515.217708,472.4,42817.70800000004,1
2011,2010.999999999948,515.458333,472.53333333333336,42924.99966666668,1
2012,2011.9999999999484,515.681771,472.8333333333333,42848.43766666671,1
2013,2012.9999999999477,516.032292,473.03333333333336,42998.95866666662,1
2014,2013.9999999999482,516.380208,473.23333333333335,43146.87466666669,1
2015,2014.9999999999475,516.552083,473.46666666666664,43085.4163333334,1
2016,2015.9999999999477,516.861459,473.6,43261.458999999944,1
2017,2016.9999999999482,517.182292,473.6,43582.291999999936,1
2018,2017.9999999999475,517.399479,473.4,43999.479000000065,1
2019,2018.9999999999475,517.630208,473.6666666666667,43963.541333333356,1
2020,2019.9999999999477,517.859375,471.23333333333335,46626.04166666665,1
2021,2020.9999999999475,518.0270830000002,471.23333333333335,46793.74966666683,1
2022,2021.9999999999475,518.233854,472.23333333333335,46000.520666666605,1
2023,2022.9999999999477,518.448437,472.5,45948.43700000001,1
2024,2023.999999999947,518.62552,472.73333333333335,45892.186666666705,1
2025,2024.9999999999475,518.8010419999998,473.2,45601.041999999834,1
2026,2025.9999999999468,519.010937,473.06666666666666,45944.27033333335,1
2027,2026.9999999999468,519.180729,473.06666666666666,46114.06233333338,1
2028,2027.9999999999475,519.430208,473.6333333333333,45796.87466666667,1
2029,2028.999999999946,519.672917,473.8,45872.91699999997,1
2030,2029.9999999999463,519.8864580000002,473.3666666666667,46519.7913333335,1
2031,2030.9999999999457,520.197396,473.43333333333334,46764.06266666669,1
2032,2031.999999999946,520.510417,473.43333333333334,47077.08366666662,1
2033,2032.9999999999463,520.688542,473.43333333333334,47255.208666666644,1
2034,2033.9999999999459,520.922396,473.43333333333334,47489.06266666671,1
2035,2034.999999999946,521.336458,473.43333333333334,47903.124666666656,1
2036,2035.9999999999466,521.560416,478.8,42760.41600000002,1
2037,2036.9999999999459,522.178125,478.3333333333333,43844.79166666671,1
2038,2037.999999999946,522.794792,478.6,44194.79200000001,1
2039,2038.999999999946,522.998438,478.8666666666667,44131.771333333294,1
2040,2039.9999999999459,523.216146,479.06666666666666,44149.479333333315,1
2041,2040.999999999946,523.461458,478.5,44961.45799999999,1
2042,2041.9999999999459,523.723958,480.26666666666665,43457.291333333385,1
2043,2042.9999999999457,523.951042,480.3666666666667,43584.37533333336,1
2044,2043.999999999946,524.141667,480.7,43441.666999999994,1
2045,2044.9999999999457,524.3239580000002,481.0,43323.95800000017,1
2046,2045.9999999999457,524.555208,481.03333333333336,43521.874666666634,1
2047,2046.9999999999457,524.733333,481.06666666666666,43666.666333333356,1
2048,2047.9999999999457,524.961458,483.1666666666667,41794.791333333305,1
2049,2048.999999999946,525.163542,483.43333333333334,41730.20866666667,1
2050,2049.9999999999454,525.3552080000002,483.43333333333334,41921.87466666684,1
2051,2050.9999999999454,525.539583,483.43333333333334,42106.249666666656,1
2052,2051.999999999946,525.7927080000002,483.43333333333334,42359.37466666684,1
2053,2052.999999999945,525.954167,483.43333333333334,42520.833666666644,1
2054,2053.999999999945,526.182292,483.43333333333334,42748.95866666662,1
2055,2054.999999999946,526.613021,483.43333333333334,43179.687666666665,1
2056,2055.999999999945,526.852083,483.43333333333334,43418.749666666656,1
2057,2056.999999999946,527.079167,483.43333333333334,43645.833666666644,1
2058,2057.9999999999454,527.272917,483.43333333333334,43839.58366666667,1
2059,2058.999999999945,527.509375,483.43333333333334,44076.04166666664,1
2060,2059.9999999999454,527.753125,483.43333333333334,44319.79166666662,1
2061,2060.9999999999445,528.120834,483.43333333333334,44687.50066666661,1
2062,2061.999999999945,528.389583,483.93333333333334,44456.24966666668,1
2063,2062.9999999999454,528.5822919999998,484.06666666666666,44515.62533333316,1
2064,2063.9999999999445,528.876562,484.06666666666666,44809.89533333337,1
2065,2064.9999999999454,529.1520830000002,484.06666666666666,45085.41633333351,1
2066,2065.9999999999445,529.438542,484.06666666666666,45371.87533333332,1
2067,2066.9999999999445,529.653125,484.06666666666666,45586.45833333338,1
2068,2067.9999999999445,529.859375,484.06666666666666,45792.708333333336,1
2069,2068.9999999999445,530.052083,484.06666666666666,45985.41633333338,1
2070,2069.9999999999445,530.260937,484.06666666666666,46194.27033333335,1
2071,2070.9999999999445,530.488021,485.96666666666664,44521.354333333366,1
2072,2071.999999999944,530.654688,484.76666666666665,45888.021333333316,1
2073,2072.999999999944,530.846354,484.8666666666667,45979.68733333334,1
2074,2073.9999999999445,531.05625,485.06666666666666,45989.583333333314,1
2075,2074.999999999944,531.242708,485.2,46042.708000000006,1
2076,2075.999999999944,531.529688,484.9,46629.68799999999,1
2077,2076.999999999944,531.716667,484.3333333333333,47383.33366666672,1
2078,2077.999999999944,531.91875,485.03333333333336,46885.416666666686,1
2079,2078.9999999999445,532.09375,484.76666666666665,47327.08333333335,1
2080,2079.999999999944,532.29375,484.6666666666667,47627.08333333336,1
2081,2080.999999999944,532.490625,485.03333333333336,47457.291666666664,1
2082,2081.9999999999445,532.736458,484.8666666666667,47869.7913333333,1
2083,2082.999999999944,532.922917,484.8666666666667,48056.25033333331,1
2084,2083.9999999999445,533.082291,485.1,47982.291000000034,1
2085,2084.9999999999436,533.270833,485.3,47970.83300000003,1
2086,2085.9999999999436,533.4572919999998,485.53333333333336,47923.95866666646,1
2087,2086.999999999944,533.642708,485.6,48042.70799999995,1
2088,2087.9999999999436,533.949479,485.6,48349.47899999998,1
2089,2088.9999999999436,534.1604169999998,485.6,48560.416999999805,1
2090,2089.999999999944,534.409375,485.6,48809.374999999935,1
2091,2090.9999999999436,534.538542,485.6,48938.54199999999,1
2092,2091.999999999944,534.670833,485.6,49070.83299999999,1
2093,2092.9999999999436,534.892709,485.6,49292.708999999944,1
2094,2093.9999999999436,535.126562,485.6,49526.56200000001,1
2095,2094.9999999999436,535.322396,490.1,45222.396,1
2096,2095.999999999943,535.491667,490.1,45391.66699999999,1
2097,2096.999999999943,535.670313,490.1,45570.312999999944,1
2098,2097.9999999999436,535.826042,486.9,48926.04200000005,1
2099,2098.999999999943,536.054167,487.06666666666666,48987.500333333344,1
2100,2099.9999999999436,536.270313,493.96666666666664,42303.646333333345,1
2101,2100.999999999943,536.4802080000002,494.2,42280.20800000019,1
2102,2101.999999999943,536.625,490.8,45824.999999999985,1
2103,2102.999999999944,536.814062,490.46666666666664,46347.39533333339,1
2104,2103.999999999943,536.970833,491.23333333333335,45737.49966666662,1
2105,2104.999999999943,537.177083,491.23333333333335,45943.74966666669,1
2106,2105.9999999999436,537.385417,491.6666666666667,45718.75033333328,1
2107,2106.999999999943,537.571875,491.6333333333333,45938.54166666665,1
2108,2107.9999999999436,537.731771,491.96666666666664,45765.104333333344,1
2109,2108.9999999999436,537.940625,492.06666666666666,45873.95833333329,1
2110,2109.999999999943,538.151042,492.06666666666666,46084.3753333333,1
2111,2110.999999999944,538.3046879999998,492.06666666666666,46238.02133333316,1
2112,2111.999999999943,538.5354169999998,492.8666666666667,45668.75033333315,1
2113,2112.999999999943,538.744792,492.56666666666666,46178.1253333333,1
2114,2113.9999999999436,538.932812,492.8,46132.812,1
2115,2114.999999999943,539.175,495.46666666666664,43708.333333333314,1
2116,2115.999999999943,539.4020830000002,495.6,43802.08300000015,1
2117,2116.9999999999427,539.610937,495.6,44010.93700000001,1
2118,2117.999999999943,539.93802,495.6,44338.020000000026,1
2119,2118.9999999999436,540.180208,498.0,42180.20799999999,1
2120,2119.999999999943,540.46927,498.2,42269.27000000006,1
2121,2120.999999999943,540.913021,498.4,42513.02099999998,1
2122,2121.999999999943,541.151823,496.7,44451.82300000005,1
2123,2122.9999999999427,541.390625,498.2,43190.625000000015,1
2124,2123.999999999943,541.618229,498.4,43218.229000000065,1
2125,2124.999999999943,541.807292,498.6333333333333,43173.95866666664,1
2126,2125.9999999999422,541.990625,498.9,43090.625000000044,1
2127,2126.9999999999422,542.1375,499.23333333333335,42904.1666666667,1
2128,2127.9999999999422,542.361459,499.46666666666664,42894.79233333333,1
2129,2128.999999999942,542.585417,499.53333333333336,43052.083666666644,1
2130,2129.9999999999427,542.719271,499.43333333333334,43285.93766666671,1
2131,2130.9999999999413,542.928125,499.43333333333334,43494.791666666686,1
2132,2131.999999999941,543.088542,499.43333333333334,43655.20866666662,1
2133,2132.999999999941,543.23125,499.43333333333334,43797.91666666671,1
2134,2133.999999999941,543.452084,499.43333333333334,44018.750666666674,1
2135,2134.999999999941,543.672917,496.46666666666664,47206.250333333344,1
2136,2135.9999999999404,543.878125,496.73333333333335,47144.791666666606,1
2137,2136.99999999994,544.060417,496.93333333333334,47127.083666666695,1
2138,2137.99999999994,544.24375,497.06666666666666,47177.083333333314,1
2139,2138.999999999939,544.390625,499.3333333333333,45057.291666666686,1
2140,2139.99999999994,544.600521,499.53333333333336,45067.1876666666,1
2141,2140.9999999999395,544.810417,499.7,45110.41700000004,1
2142,2141.999999999939,544.957813,499.53333333333336,45424.47966666663,1
2143,2142.999999999939,545.146875,499.76666666666665,45380.20833333337,1
2144,2143.999999999939,545.325,500.0,45325.000000000044,1
2145,2144.9999999999377,545.541667,498.4,47141.66699999999,1
2146,2145.9999999999377,545.78125,498.23333333333335,47547.91666666665,1
2147,2146.9999999999372,545.932292,507.06666666666666,38865.6253333333,1
2148,2147.999999999937,546.086458,499.1,46986.45799999997,1
2149,2148.9999999999363,546.2625,499.3333333333333,46929.16666666673,1
2150,2149.999999999936,546.460417,507.6333333333333,38827.08366666668,1
2151,2150.999999999936,546.58125,507.73333333333335,38847.916666666606,1
2152,2151.999999999935,546.761459,508.1333333333333,38628.125666666616,1
2153,2152.999999999935,546.903646,508.23333333333335,38670.312666666636,1
2154,2153.999999999935,547.036979,508.23333333333335,38803.64566666663,1
2155,2154.9999999999354,547.19974,508.23333333333335,38966.40666666667,1
2156,2155.999999999935,547.3625,508.23333333333335,39129.166666666606,1
2157,2156.9999999999354,547.576042,508.23333333333335,39342.70866666668,1
2158,2157.999999999934,547.791667,508.23333333333335,39558.333666666615,1
2159,2158.999999999934,547.929167,512.2666666666667,35662.50033333336,1
2160,2159.999999999934,548.083333,512.4666666666667,35616.66633333334,1
2161,2160.999999999933,548.3,512.7,35599.99999999991,1
2162,2161.999999999933,548.483333,512.9666666666667,35516.66633333332,1
2163,2162.9999999999322,548.590625,513.2333333333333,35357.2916666667,1
2164,2163.999999999932,548.749479,517.1,31649.478999999927,1
2165,2164.999999999932,548.894271,517.1666666666666,31727.604333333373,1
2166,2165.9999999999313,549.020833,517.1666666666666,31854.16633333341,1
2167,2166.9999999999327,549.188542,517.1666666666666,32021.875333333355,1
2168,2167.999999999931,549.35625,517.4333333333333,31922.916666666766,1
2169,2168.9999999999313,549.545313,517.6666666666666,31878.646333333338,1
2170,2169.9999999999313,549.711458,517.9,31811.458000000017,1
2171,2170.9999999999304,549.878125,518.1,31778.12499999993,1
2172,2171.9999999999304,550.034896,518.3666666666667,31668.22933333333,1
2173,2172.9999999999304,550.235417,518.8333333333334,31402.083666666615,1
2174,2173.99999999993,550.375,519.0333333333333,31341.666666666697,1
2175,2174.9999999999295,550.530729,519.1,31430.728999999927,1
2176,2175.9999999999295,550.735417,519.1,31635.41699999996,1
2177,2176.999999999929,550.872917,519.1,31772.91700000001,1
2178,2177.999999999929,551.028646,519.1,31928.645999999957,1
2179,2178.999999999929,551.246875,518.9,32346.87500000007,1
2180,2179.999999999928,551.3791669999998,519.0,32379.166999999827,1
2181,2180.999999999928,551.5354169999998,519.0666666666667,32468.750333333104,1
2182,2181.9999999999277,551.7458330000002,518.9,32845.833000000195,1
2183,2182.9999999999272,551.904167,518.8333333333334,33070.83366666666,1
2184,2183.9999999999272,552.063021,519.0666666666667,32996.35433333333,1
2185,2184.999999999927,552.2854169999998,518.9,33385.41699999985,1
2186,2185.999999999927,552.432292,518.9,33532.29199999999,1
2187,2186.9999999999254,552.590104,518.9333333333333,33656.770666666715,1
2188,2187.999999999926,552.820833,518.9333333333333,33887.499666666714,1
2189,2188.999999999926,552.9375,518.9333333333333,34004.16666666672,1
2190,2189.999999999925,553.136459,518.9333333333333,34203.12566666667,1
2191,2190.999999999925,553.359375,518.9333333333333,34426.04166666672,1
2192,2191.999999999925,553.521875,518.9333333333333,34588.541666666744,1
2193,2192.9999999999245,553.840625,518.9333333333333,34907.291666666766,1
2194,2193.999999999925,554.008854,518.9333333333333,35075.520666666765,1
2195,2194.9999999999245,554.177083,518.9333333333333,35243.74966666676,1
2196,2195.9999999999145,554.296875,521.1,33196.87499999998,1
2197,2196.999999999915,554.4375,521.3,33137.500000000044,1
2198,2197.9999999999145,554.578125,521.5333333333333,33044.7916666667,1
2199,2198.9999999999145,554.711979,521.7666666666667,32945.31233333339,1
2200,2199.9999999999145,554.854167,521.6333333333333,33220.83366666664,1
2201,2200.9999999999145,554.996354,522.2,32796.35399999995,1
2202,2201.9999999999145,555.139583,522.3666666666667,32772.91633333334,1
2203,2202.9999999999145,555.340625,522.6333333333333,32707.29166666672,1
2204,2203.9999999999145,555.541667,522.5333333333333,33008.33366666666,1
2205,2204.9999999999145,555.742708,522.9333333333333,32809.374666666714,1
2206,2205.999999999915,555.970833,522.7666666666667,33204.16633333332,1
2207,2206.9999999999145,556.1989580000002,521.8666666666667,34332.2913333335,1
2208,2207.9999999999145,556.427083,522.3,34127.083000000086,1
2209,2208.999999999915,556.65013,522.5,34150.12999999999,1
2210,2209.999999999915,556.8731769999998,522.7333333333333,34139.84366666648,1
2211,2210.999999999915,557.096224,522.9,34196.22400000003,1
2212,2211.999999999915,557.319271,523.0,34319.27099999996,1
2213,2212.999999999914,557.618229,523.0,34618.22900000004,1
2214,2213.999999999914,557.849479,523.0,34849.47899999998,1
2215,2214.999999999914,558.018229,523.0,35018.22900000002,1
2216,2215.999999999914,558.15625,523.0,35156.25,1
2217,2216.999999999913,558.302604,523.0,35302.60399999998,1
2218,2217.9999999999127,558.469011,523.0,35469.01100000002,1
2219,2218.999999999913,558.635417,523.0,35635.41699999996,1
2220,2219.999999999913,558.770313,523.7666666666667,35003.64633333334,1
2221,2220.9999999999127,558.910677,524.4333333333333,34477.34366666668,1
2222,2221.9999999999127,559.0510419999998,524.6,34451.041999999805,1
2223,2222.999999999913,559.181771,524.8,34381.77100000007,1
2224,2223.9999999999127,559.333073,525.0333333333333,34299.73966666671,1
2225,2224.9999999999127,559.484375,525.2,34284.374999999956,1
2226,2225.9999999999127,559.64375,525.2,34443.74999999991,1
2227,2226.9999999999127,559.8597219999998,526.3,33559.72199999985,1
2228,2227.9999999999127,560.075695,526.5333333333333,33542.36166666669,1
2229,2228.9999999999127,560.291667,526.6666666666666,33625.00033333333,1
2230,2229.999999999913,560.550174,526.9333333333333,33616.84066666669,1
2231,2230.999999999913,560.808681,526.5333333333333,34275.347666666676,1
2232,2231.999999999913,561.067188,526.8,34267.18800000003,1
2233,2232.999999999913,561.327213,526.9666666666667,34360.54633333333,1
2234,2233.999999999914,561.5872400000002,527.2,34387.240000000136,1
2235,2234.999999999913,561.847266,526.6666666666666,35180.59933333336,1
2236,2235.999999999913,562.107291,528.3333333333334,33773.95766666666,1
2237,2236.9999999999127,562.435417,528.3333333333334,34102.08366666666,1
2238,2237.9999999999127,562.646875,528.3333333333334,34313.54166666665,1
2239,2238.999999999912,562.81875,528.3333333333334,34485.41666666665,1
2240,2239.999999999912,562.970312,529.1,33870.31200000001,1
2241,2240.999999999912,563.138542,529.2333333333333,33905.20866666668,1
2242,2241.9999999999063,563.298438,529.0333333333333,34265.10466666673,1
2243,2242.9999999999063,563.458333,529.2666666666667,34191.666333333385,1
2244,2243.9999999999063,563.590625,529.3666666666667,34223.95833333337,1
2245,2244.9999999999063,563.733594,529.3666666666667,34366.92733333336,1
2246,2245.9999999999063,563.876562,529.3666666666667,34509.89533333336,1
2247,2246.9999999999063,564.005729,529.3666666666667,34639.0623333333,1
2248,2247.9999999999063,564.135677,529.3666666666667,34769.01033333331,1
2249,2248.9999999999063,564.265625,529.3666666666667,34898.95833333333,1
2250,2249.999999999906,564.392709,529.3666666666667,35026.042333333295,1
2251,2250.9999999999063,564.520052,529.3666666666667,35153.38533333329,1
2252,2251.9999999999063,564.647396,529.3666666666667,35280.729333333285,1
2253,2252.999999999906,564.775,529.3666666666667,35408.3333333333,1
2254,2253.9999999999063,564.8947919999998,529.3666666666667,35528.12533333315,1
2255,2254.9999999999063,565.014583,534.3,30714.58300000006,1
2256,2255.999999999906,565.14375,534.3666666666667,30777.08333333328,1
2257,2256.9999999999063,565.273958,534.7,30573.957999999948,1
2258,2257.999999999906,565.404166,534.9333333333333,30470.832666666753,1
2259,2258.999999999906,565.527084,534.9333333333333,30593.750666666667,1
2260,2259.999999999906,565.6916669999998,535.1333333333333,30558.333666666498,1
2261,2260.999999999906,565.85625,535.6,30256.250000000022,1
2262,2261.999999999906,566.028646,535.8333333333334,30195.31266666661,1
2263,2262.9999999999063,566.191927,531.9333333333333,34258.59366666668,1
2264,2263.999999999906,566.355209,532.1333333333333,34221.875666666616,1
2265,2264.999999999906,566.6677080000002,532.3333333333334,34334.3746666668,1
2266,2265.999999999906,566.89375,532.4666666666667,34427.083333333256,1
2267,2266.999999999905,567.029688,532.7,34329.68799999992,1
2268,2267.9999999999045,567.198437,536.8,30398.437000000056,1
2269,2268.9999999999045,567.334375,536.9333333333333,30401.041666666744,1
2270,2269.9999999999036,567.466667,534.4333333333333,33033.333666666746,1
2271,2270.9999999999036,567.592708,534.6333333333333,32959.37466666669,1
2272,2271.999999999903,567.758854,534.8666666666667,32892.187333333364,1
2273,2272.9999999999022,567.891667,534.9,32991.66700000001,1
2274,2273.9999999999027,568.003125,534.9,33103.12499999998,1
2275,2274.9999999999022,568.1484379999998,534.9,33248.43799999985,1
2276,2275.9999999999022,568.29375,534.9,33393.750000000065,1
2277,2276.9999999999022,568.534375,534.9,33634.37499999998,1
2278,2277.9999999999022,568.720313,534.9,33820.31300000005,1
2279,2278.9999999999013,568.845312,534.9,33945.312000000056,1
2280,2279.9999999999004,569.001042,536.4333333333333,32567.708666666702,1
2281,2280.9999999999004,569.153125,536.4333333333333,32719.791666666766,1
2282,2281.9999999999,569.284375,536.4333333333333,32851.04166666667,1
2283,2282.999999999899,569.409375,536.4333333333333,32976.04166666667,1
2284,2283.9999999998986,569.5625,536.0666666666667,33495.83333333328,1
2285,2284.999999999898,569.675521,536.3,33375.52100000005,1
2286,2285.999999999898,569.798437,536.4666666666667,33331.77033333334,1
2287,2286.9999999998986,569.9372400000002,538.1666666666666,31770.573333333574,1
2288,2287.999999999898,570.076042,538.1666666666666,31909.375333333403,1
2289,2288.999999999898,570.190104,538.6666666666666,31523.43733333339,1
2290,2289.999999999898,570.3010419999998,537.0,33301.04199999983,1
2291,2290.9999999998986,570.419792,537.0,33419.79200000003,1
2292,2291.999999999898,570.557292,537.0,33557.29199999996,1
2293,2292.999999999892,570.6640629999998,538.2333333333333,32430.72966666648,1
2294,2293.999999999892,570.7854169999998,538.2333333333333,32552.083666666476,1
2295,2294.9999999998927,570.880729,538.2333333333333,32647.395666666627,1
2296,2295.9999999998918,570.991667,538.2333333333333,32758.33366666666,1
2297,2296.999999999892,571.0895830000002,538.2333333333333,32856.24966666683,1
2298,2297.999999999892,571.211458,538.2333333333333,32978.12466666664,1
2299,2298.999999999892,571.321875,543.5666666666667,27755.208333333256,1
2300,2299.9999999998918,571.444271,542.5666666666667,28877.604333333238,1
2301,2300.9999999998918,571.5510419999998,542.6333333333333,28917.708666666498,1
2302,2301.9999999998913,571.665625,542.8666666666667,28798.958333333303,1
2303,2302.9999999998913,571.779167,545.3,26479.167000000074,1
2304,2303.9999999998913,571.8671879999998,543.3333333333334,28533.854666666455,1
2305,2304.9999999998913,572.000521,544.0333333333333,27967.187666666745,1
2306,2305.9999999998913,572.120312,543.7666666666667,28353.645333333363,1
2307,2306.999999999891,572.288542,543.8333333333334,28455.208666666636,1
2308,2307.999999999891,572.439063,544.2,28239.062999999987,1
2309,2308.999999999891,572.545833,545.1666666666666,27379.166333333385,1
2310,2309.999999999891,572.657291,544.5,28157.290999999987,1
2311,2310.999999999891,572.7697919999998,543.5333333333333,29236.45866666652,1
2312,2311.9999999998913,572.885417,543.7666666666667,29118.750333333308,1
2313,2312.9999999998913,572.9885419999998,543.9666666666667,29021.875333333126,1
2314,2313.9999999998913,573.127431,544.1666666666666,28960.764333333373,1
2315,2314.9999999998913,573.2663190000002,544.3333333333334,28932.98566666681,1
2316,2315.999999999891,573.405208,544.5333333333333,28871.874666666714,1
2317,2316.999999999891,573.5538190000002,544.8,28753.81900000025,1
2318,2317.999999999891,573.7024309999998,545.0666666666667,28635.7643333331,1
2319,2318.999999999891,573.851042,545.2666666666667,28584.375333333355,1
2320,2319.9999999998913,574.013889,545.2666666666667,28747.2223333333,1
2321,2320.9999999998927,574.176736,545.2666666666667,28910.069333333355,1
2322,2321.9999999998913,574.339584,545.2666666666667,29072.917333333295,1
2323,2322.9999999998913,574.514583,545.2666666666667,29247.916333333364,1
2324,2323.9999999998927,574.689583,546.0,28689.58299999997,1
2325,2324.9999999998913,574.864583,544.4333333333333,30431.249666666758,1
2326,2325.9999999998918,575.022743,544.4333333333333,30589.40966666671,1
2327,2326.9999999998913,575.1809030000002,544.4333333333333,30747.569666666892,1
2328,2327.9999999998913,575.339062,544.4333333333333,30905.72866666673,1
2329,2328.999999999891,575.497222,544.4333333333333,31063.888666666684,1
2330,2329.9999999998913,575.655382,544.4333333333333,31222.04866666675,1
2331,2330.99999999989,575.813542,551.6,24213.54199999996,1
2332,2331.999999999891,575.939844,551.2666666666667,24673.17733333334,1
2333,2332.9999999998913,576.066146,551.2666666666667,24799.47933333335,1
2334,2333.999999999891,576.192448,551.2666666666667,24925.78133333336,1
2335,2334.999999999891,576.31875,551.6,24718.75,1
2336,2335.9999999998913,576.4450519999998,551.2666666666667,25178.385333333154,1
2337,2336.999999999891,576.571354,551.5,25071.354000000043,1
