beat_idx,gt_beat,gt_time_s,pred_time_s,err_ms,ok
0,0.0,0.971875,0.0,971.875,1
1,1.0000000000000002,1.197396,0.9666666666666667,230.72933333333324,1
2,2.0000000000000004,1.422916,1.4,22.91600000000016,1
3,3.000000000000001,1.6182290000000001,1.6,18.22900000000005,1
4,4.000000000000001,1.8192709999999999,1.7666666666666666,52.60433333333325,1
5,5.000000000000001,2.0203130000000002,1.9666666666666666,53.646333333333686,1
6,6.000000000000001,2.225521,2.2333333333333334,7.81233333333331,1
7,7.0,2.401129,2.3666666666666667,34.462333333333376,1
8,8.000000000000002,2.576736,2.3666666666666667,210.06933333333322,1
9,9.000000000000002,2.752344,2.4,352.344,1
10,10.000000000000002,2.927952,2.7333333333333334,194.61866666666648,1
11,11.000000000000004,3.103559,3.1,3.55900000000009,1
12,12.000000000000004,3.2791669999999997,3.1666666666666665,112.5003333333332,1
13,13.000000000000004,3.515278,3.2666666666666666,248.6113333333333,1
14,14.000000000000002,3.751389,3.6666666666666665,84.72233333333357,1
15,15.000000000000002,3.9875,3.7666666666666666,220.8333333333332,1
16,16.000000000000004,4.196875,4.4,203.125,1
17,17.000000000000004,4.40625,4.533333333333333,127.08333333333321,1
18,18.000000000000004,4.615625,4.7,84.37500000000054,1
19,19.0,4.825,4.966666666666667,141.6666666666666,1
20,20.0,5.034375,5.2,165.62500000000034,1
21,21.000000000000004,5.24375,5.266666666666667,22.916666666666252,1
22,22.000000000000004,5.402083,5.433333333333334,31.25033333333338,1
23,23.000000000000007,5.560417,5.766666666666667,206.24966666666643,1
24,24.000000000000018,5.796875,5.766666666666667,30.208333333333393,1
25,25.000000000000007,5.998958,5.966666666666667,32.29133333333323,1
26,26.000000000000007,6.201042,6.233333333333333,32.29133333333323,1
27,27.000000000000014,6.406771,6.333333333333333,73.43766666666696,1
28,28.00000000000001,6.607811999999999,6.533333333333333,74.47866666666592,1
29,29.000000000000025,6.808853999999999,6.733333333333333,75.5206666666659,1
30,30.000000000000018,7.025521,6.966666666666667,58.854333333333564,1
31,31.000000000000018,7.220225999999999,7.1,120.22599999999971,1
32,32.00000000000002,7.414931,7.1,314.9310000000005,1
33,33.00000000000002,7.609635000000001,7.3,309.635000000001,1
34,34.00000000000002,7.80434,7.5,304.3399999999998,1
35,35.00000000000002,7.999045,7.766666666666667,232.37833333333313,1
36,36.00000000000002,8.19375,8.1,93.75,1
37,37.00000000000002,8.441667,8.266666666666667,175.0003333333332,1
38,38.00000000000002,8.689583,8.266666666666667,422.9163333333332,1
39,39.000000000000036,8.9375,8.966666666666667,29.166666666666785,1
40,40.00000000000002,9.153993,9.1,53.99300000000018,1
41,41.00000000000002,9.370486,9.366666666666667,3.8193333333325086,1
42,42.00000000000002,9.586979,9.6,13.021000000000171,1
43,43.00000000000002,9.803472,9.833333333333334,29.861333333334628,1
44,44.00000000000003,10.019965,10.1,80.03500000000052,1
45,45.00000000000003,10.236458,10.2,36.458000000001434,1
46,46.00000000000002,10.403645,10.433333333333334,29.688333333334427,1
47,47.000000000000036,10.570833,10.566666666666666,4.166333333333938,1
48,48.000000000000036,10.810937,10.766666666666667,44.270333333331635,1
49,49.000000000000036,10.987847,11.0,12.152999999999636,1
50,50.000000000000036,11.164757,11.266666666666667,101.90966666666768,1
51,51.000000000000036,11.341667,11.5,158.3330000000007,1
52,52.000000000000036,11.538889,11.566666666666666,27.777666666667145,1
53,53.00000000000003,11.736111,11.766666666666667,30.555666666668202,1
54,54.000000000000036,11.933333,11.9,33.33299999999895,1
55,55.00000000000003,12.145660000000001,12.5,354.3399999999988,1
56,56.00000000000002,12.357986,13.0,642.0139999999997,1
57,57.00000000000003,12.570313,13.266666666666667,696.353666666667,1
58,58.00000000000003,12.765551,13.466666666666667,701.1156666666665,1
59,59.00000000000003,12.960789,13.766666666666667,805.8776666666674,1
60,60.00000000000003,13.156026999999998,13.733333333333333,577.3063333333344,1
61,61.00000000000002,13.351265,13.533333333333333,182.0683333333335,1
62,62.00000000000003,13.546503,13.766666666666667,220.16366666666798,1
63,63.00000000000003,13.741741000000001,13.833333333333334,91.59233333333283,1
64,64.00000000000003,13.936979999999998,13.966666666666667,29.686666666668415,1
65,65.00000000000003,14.120938,14.233333333333333,112.39533333333185,1
66,66.00000000000003,14.304896,14.5,195.1040000000006,1
67,67.00000000000003,14.488854000000002,14.733333333333333,244.47933333333083,1
68,68.00000000000003,14.672813,15.0,327.18700000000035,1
69,69.00000000000003,14.856770999999998,15.233333333333333,376.5623333333341,1
70,70.00000000000003,15.040729,14.0,1040.7290000000007,1
71,71.00000000000003,15.224688,14.0,1224.6880000000006,1
72,72.00000000000003,15.408646,14.0,1408.6459999999993,1
73,73.00000000000003,15.592604000000001,14.0,1592.6040000000014,1
74,74.00000000000003,15.776563000000001,14.0,1776.5630000000012,1
75,75.00000000000004,15.977604999999999,16.566666666666666,589.0616666666677,1
76,76.00000000000003,16.183594,16.733333333333334,549.7393333333349,1
77,77.00000000000003,16.389583,17.033333333333335,643.7503333333368,1
78,78.00000000000003,16.6,16.533333333333335,66.66666666666643,1
79,79.00000000000004,16.801042000000002,16.633333333333333,167.70866666666961,1
80,80.00000000000003,17.002083,16.633333333333333,368.7496666666661,1
81,81.00000000000003,17.203125,16.633333333333333,569.7916666666672,1
82,82.00000000000003,17.404167,16.633333333333333,770.8336666666683,1
83,83.00000000000004,17.605207999999998,16.633333333333333,971.8746666666647,1
84,84.00000000000003,17.80625,16.633333333333333,1172.9166666666656,1
85,85.00000000000004,18.075174,14.2,3875.1740000000013,1
86,86.00000000000004,18.344097,14.5,3844.0970000000016,1
87,87.00000000000006,18.613021,14.666666666666666,3946.3543333333337,1
88,88.00000000000004,18.801354,14.966666666666667,3834.6873333333333,1
89,89.00000000000004,18.989688,15.233333333333333,3756.3546666666684,1
90,90.00000000000004,19.178020999999998,15.5,3678.0209999999975,1
91,91.00000000000004,19.366354,19.4,33.6459999999974,1
92,92.00000000000006,19.554688,19.866666666666667,311.9786666666684,1
93,93.00000000000007,19.792707999999998,20.1,307.2920000000039,1
94,94.00000000000006,19.95052,20.266666666666666,316.1466666666648,1
95,95.00000000000007,20.108333,20.366666666666667,258.33366666666893,1
96,96.0000000000001,20.35,20.366666666666667,16.66666666666572,1
97,97.00000000000007,20.565885,20.533333333333335,32.551666666666534,1
98,98.00000000000009,20.781771,20.8,18.229000000001605,1
99,99.00000000000009,20.988021,20.933333333333334,54.687666666666246,1
100,100.00000000000009,21.209375,21.166666666666668,42.70833333333357,1
101,101.00000000000013,21.43073,21.4,30.730000000001922,1
102,102.00000000000009,21.636459,21.566666666666666,69.79233333333212,1
103,103.0000000000001,21.825347,21.6,225.3469999999993,1
104,104.0000000000001,22.014236,21.6,414.23599999999897,1
105,105.00000000000009,22.203125,21.6,603.1249999999986,1
106,106.00000000000009,22.392014,21.6,792.0139999999982,1
107,107.00000000000009,22.580903,22.366666666666667,214.23633333333214,1
108,108.0000000000001,22.769792000000002,22.366666666666667,403.12533333333533,1
109,109.0000000000001,23.028472,22.766666666666666,261.805333333335,1
110,110.0000000000001,23.287153,23.0,287.153,1
111,111.00000000000017,23.545833,23.5,45.832999999998236,1
112,112.0000000000001,23.752083,23.733333333333334,18.749666666664666,1
113,113.00000000000013,23.958333,23.933333333333334,24.999666666666087,1
114,114.00000000000013,24.164583,24.2,35.41699999999892,1
115,115.0000000000001,24.370832999999998,24.466666666666665,95.83366666666748,1
116,116.0000000000001,24.577083,24.466666666666665,110.41633333333323,1
117,117.0000000000001,24.783333,24.8,16.667000000001764,1
118,118.00000000000013,24.936458,24.966666666666665,30.208666666666772,1
119,119.00000000000013,25.089582999999998,25.233333333333334,143.75033333333676,1
120,120.00000000000013,25.307292,25.3,7.291999999999632,1
121,121.00000000000014,25.480207999999998,25.5,19.792000000002474,1
122,122.00000000000013,25.653125,25.733333333333334,80.20833333333499,1
123,123.00000000000014,25.826042,26.366666666666667,540.6246666666661,1
124,124.00000000000014,26.010070000000002,26.6,589.9299999999989,1
125,125.00000000000014,26.194097,26.8,605.9030000000014,1
126,126.0000000000002,26.378125,26.4,21.87499999999787,1
127,127.00000000000014,26.614929999999998,26.633333333333333,18.403333333335326,1
128,128.00000000000014,26.851736,26.866666666666667,14.930666666668202,1
129,129.00000000000014,27.088540999999996,27.033333333333335,55.20766666666077,1
130,130.00000000000014,27.296353999999997,27.266666666666666,29.687333333331622,1
131,131.00000000000014,27.504167,27.433333333333334,70.83366666666535,1
132,132.00000000000014,27.711979,27.733333333333334,21.354333333334807,1
133,133.00000000000014,27.919790999999996,27.933333333333334,13.542333333337098,1
134,134.00000000000014,28.127603999999998,28.166666666666668,39.0626666666698,1
135,135.00000000000014,28.335417,28.366666666666667,31.24966666666751,1
136,136.0000000000002,28.543228999999997,28.5,43.22899999999663,1
137,137.00000000000014,28.691862,28.733333333333334,41.47133333333386,1
138,138.00000000000014,28.840495,28.966666666666665,126.17166666666435,1
139,139.00000000000014,28.989128000000004,29.166666666666668,177.5386666666634,1
140,140.00000000000014,29.137759999999997,29.466666666666665,328.90666666666846,1
141,141.00000000000014,29.286393,29.7,413.60699999999895,1
142,142.00000000000014,29.435026,29.966666666666665,531.6406666666644,1
143,143.00000000000014,29.583659,28.433333333333334,1150.3256666666673,1
144,144.00000000000014,29.732291999999998,30.5,767.7080000000025,1
145,145.00000000000014,29.939584000000004,29.933333333333334,6.250666666669957,1
146,146.0000000000002,30.146875,30.166666666666668,19.79166666666643,1
147,147.00000000000014,30.344790999999997,30.333333333333332,11.457666666665034,1
148,148.00000000000014,30.520833000000003,30.6,79.16699999999821,1
149,149.00000000000017,30.679167,30.866666666666667,187.4996666666675,1
150,150.0000000000002,30.841666999999998,31.033333333333335,191.6663333333375,1
151,151.00000000000028,31.008333,31.266666666666666,258.33366666666535,1
152,152.00000000000026,31.186458000000002,31.266666666666666,80.20866666666393,1
153,153.00000000000028,31.35,31.266666666666666,83.3333333333357,1
154,154.00000000000028,31.557291999999997,32.06666666666667,509.3746666666732,1
155,155.00000000000028,31.764583000000002,32.06666666666667,302.0836666666682,1
156,156.00000000000034,31.971875,32.03333333333333,61.45833333333073,1
157,157.00000000000028,32.145833,32.833333333333336,687.5003333333325,1
158,158.00000000000034,32.313542,32.333333333333336,19.79133333333749,1
159,159.00000000000034,32.492188,32.56666666666667,74.47866666667124,1
160,160.00000000000034,32.703125,32.7,3.124999999997158,1
161,161.00000000000034,32.916667,32.96666666666667,49.99966666667177,1
162,162.00000000000034,33.071875,33.13333333333333,61.45833333333428,1
163,163.00000000000034,33.236458,33.233333333333334,3.124666666664666,1
164,164.00000000000034,33.389583,33.4,10.41699999999679,1
165,165.00000000000028,33.597396,33.53333333333333,64.06266666667193,1
166,166.0000000000003,33.826042,33.8,26.042000000003895,1
167,167.00000000000034,34.054167,34.03333333333333,20.833666666668194,1
168,168.00000000000028,34.328125,34.266666666666666,61.45833333333428,1
169,169.00000000000028,34.530209,34.5,30.208999999999264,1
170,170.00000000000028,34.732292,34.733333333333334,1.0413333333332275,1
171,171.0000000000003,34.927603999999995,34.93333333333333,5.729333333334807,1
172,172.00000000000037,35.11875,35.13333333333333,14.58333333333428,1
173,173.00000000000028,35.272917,35.36666666666667,93.74966666666751,1
174,174.00000000000028,35.441666999999995,35.7,258.3330000000075,1
175,175.00000000000026,35.628125,35.86666666666667,238.54166666666998,1
176,176.00000000000026,35.802083,36.0,197.9169999999968,1
177,177.00000000000028,35.971875,36.36666666666667,394.79166666667,1
178,178.0000000000002,36.234375,36.4,165.62499999999858,1
179,179.00000000000017,36.496875,36.4,96.87500000000426,1
180,180.0000000000002,36.759375,36.733333333333334,26.041666666664298,1
181,181.0000000000002,37.042708000000005,37.0,42.70800000000463,1
182,182.00000000000026,37.226042,37.233333333333334,7.291333333334649,1
183,183.00000000000017,37.4,37.4,0.0,1
184,184.00000000000014,37.56875,37.53333333333333,35.41666666666998,1
185,185.00000000000014,37.730208000000005,37.733333333333334,3.1253333333296496,1
186,186.00000000000017,37.908334,37.96666666666667,58.332666666665034,1
187,187.0000000000002,38.095833,38.06666666666667,29.166333333328964,1
188,188.00000000000014,38.258333,38.3,41.66699999999679,1
189,189.0000000000001,38.485937,38.43333333333333,52.603666666669824,1
190,190.0000000000001,38.703125,38.7,3.124999999997158,1
191,191.0000000000001,38.966667,38.93333333333333,33.333666666671036,1
192,192.00000000000017,39.442708,39.06666666666667,376.0413333333332,1
193,193.00000000000017,39.8375,39.06666666666667,770.8333333333286,1
194,194.00000000000017,40.040625,39.63333333333333,407.2916666666657,1
195,195.00000000000017,40.169792,39.8,369.7920000000039,1
196,196.00000000000017,40.417709,40.36666666666667,51.042333333334966,1
197,197.00000000000017,40.608333,40.63333333333333,25.00033333333107,1
198,198.0000000000002,40.917708000000005,40.8,117.70800000000747,1
199,199.0000000000002,41.213542,41.1,113.54199999999537,1
200,200.00000000000017,41.373959,41.4,26.040999999999315,1
201,201.00000000000017,41.534375,41.56666666666667,32.291666666672825,1
202,202.00000000000014,41.811458,41.9,88.54199999999679,1
203,203.00000000000017,41.977083,41.93333333333333,43.74966666667035,1
204,204.00000000000017,42.165625,42.06666666666667,98.9583333333286,1
205,205.00000000000017,42.340625,42.43333333333333,92.70833333332718,1
206,206.00000000000017,42.498438,42.666666666666664,168.22866666666414,1
207,207.00000000000017,42.794792,42.9,105.20799999999753,1
208,208.00000000000017,43.071354,43.03333333333333,38.020666666668035,1
209,209.00000000000017,43.19375,43.2,6.250000000001421,1
210,210.00000000000017,43.477083,43.4,77.08300000000179,1
211,211.00000000000017,43.741667,43.7,41.66699999999679,1
212,212.00000000000017,43.928125,43.9,28.125000000002842,1
213,213.0000000000002,44.136458000000005,44.13333333333333,3.1246666666717715,1
214,214.00000000000017,44.425,44.4,24.99999999999858,1
215,215.0000000000002,44.647396,44.63333333333333,14.062666666667667,1
216,216.0000000000002,45.053012,44.8,253.01200000000534,1
217,217.0000000000002,45.46887,45.233333333333334,235.53666666666828,1
218,218.0000000000002,45.64561,45.53333333333333,112.27666666666636,1
219,219.0000000000002,45.785416999999995,45.8,14.583000000001789,1
220,220.0000000000002,45.993891,46.03333333333333,39.44233333333358,1
221,221.00000000000028,46.274595,46.266666666666666,7.928333333332205,1
222,222.0000000000003,46.544792,46.4,144.79200000000247,1
223,223.0000000000003,46.782292,46.8,17.707999999998947,1
224,224.0000000000003,46.966667,46.93333333333333,33.333666666671036,1
225,225.0000000000003,47.170833,47.233333333333334,62.50033333333249,1
226,226.0000000000003,47.436458,47.43333333333333,3.1246666666717715,1
227,227.0000000000003,47.603646000000005,47.6,3.6460000000033688,1
228,228.0000000000003,47.770834,47.833333333333336,62.49933333333502,1
229,229.0000000000003,47.983854,47.96666666666667,17.187333333332333,1
230,230.0000000000003,48.165625,48.166666666666664,1.0416666666657193,1
231,231.0000000000003,48.383854,48.333333333333336,50.52066666666377,1
232,232.0000000000003,48.660938,48.6,60.93800000000016,1
233,233.00000000000034,48.85,48.833333333333336,16.66666666666572,1
234,234.00000000000037,49.219792,49.1,119.79199999999679,1
235,235.00000000000037,49.477083,49.4,77.08300000000179,1
236,236.00000000000037,49.694792,49.666666666666664,28.125333333335334,1
237,237.00000000000037,49.861459,49.9,38.54099999999505,1
238,238.00000000000037,50.157292,50.13333333333333,23.95866666666535,1
239,239.00000000000037,50.398438,50.4,1.5619999999998413,1
240,240.00000000000037,50.777604,50.6,177.6039999999952,1
241,241.00000000000037,51.097916999999995,50.86666666666667,231.25033333332823,1
242,242.0000000000003,51.292708000000005,51.266666666666666,26.041333333338912,1
243,243.0000000000003,51.459375,51.53333333333333,73.95833333333002,1
244,244.00000000000034,51.713542,51.766666666666666,53.12466666666893,1
245,245.0000000000003,51.941666999999995,52.0,58.33300000000463,1
246,246.00000000000034,52.314584,52.13333333333333,181.25066666667067,1
247,247.00000000000037,52.604167000000004,52.43333333333333,170.83366666667388,1
248,248.00000000000037,52.791667000000004,52.766666666666666,25.000333333338176,1
249,249.00000000000037,52.964583999999995,53.0,35.416000000005,1
250,250.0000000000004,53.160417,53.266666666666666,106.24966666666324,1
251,251.00000000000037,53.323958,53.5,176.04200000000247,1
252,252.0000000000004,53.6,53.766666666666666,166.6666666666643,1
253,253.00000000000037,53.803125,53.766666666666666,36.4583333333357,1
254,254.0000000000004,53.99114599999999,54.0,8.854000000006579,1
255,255.00000000000037,54.221354000000005,54.2,21.354000000002316,1
256,256.0000000000004,54.455208,54.43333333333333,21.87466666666893,1
257,257.00000000000034,54.758072999999996,54.666666666666664,91.4063333333317,1
258,258.00000000000045,55.060938,54.86666666666667,194.27133333333302,1
259,259.0000000000004,55.3375,55.3,37.50000000000142,1
260,260.0000000000004,55.530207999999995,55.5,30.207999999994684,1
261,261.00000000000045,55.72708299999999,55.766666666666666,39.58366666667246,1
262,262.0000000000004,55.96145799999999,55.96666666666667,5.208666666675299,1
263,263.00000000000045,56.26875,56.2,68.74999999999432,1
264,264.00000000000045,56.641667000000005,56.46666666666667,175.00033333333676,1
265,265.0000000000004,56.94375,56.86666666666667,77.08333333333428,1
266,266.0000000000004,57.138542,57.1,38.54199999999963,1
267,267.00000000000045,57.376042000000005,57.36666666666667,9.375333333338176,1
268,268.00000000000045,57.633855000000004,57.56666666666667,67.18833333333407,1
269,269.00000000000045,57.841667,57.8,41.667000000003895,1
270,270.00000000000045,58.1125,58.06666666666667,45.833333333327175,1
271,271.0000000000004,58.38229200000001,58.3,82.29200000000958,1
272,272.0000000000004,58.578646,58.53333333333333,45.31266666666767,1
273,273.00000000000045,58.775,58.8,24.99999999999858,1
274,274.0000000000004,59.075,59.03333333333333,41.666666666671404,1
275,275.0000000000005,59.276042000000004,59.03333333333333,242.70866666667246,1
276,276.0000000000005,59.478646,59.5,21.354000000002316,1
277,277.0000000000005,59.744792000000004,59.63333333333333,111.45866666667104,1
278,278.0000000000005,59.936457999999995,59.96666666666667,30.208666666673878,1
279,279.0000000000005,60.207292,60.13333333333333,73.95866666666961,1
280,280.0000000000005,60.472395999999996,60.333333333333336,139.06266666666056,1
281,281.0000000000005,60.73125,60.666666666666664,64.58333333333854,1
282,282.0000000000005,61.10677,60.9,206.7699999999988,1
283,283.0000000000005,61.416667000000004,61.2,216.66700000000105,1
284,284.0000000000005,61.610417000000005,61.6,10.417000000003895,1
285,285.0000000000005,61.902083999999995,61.833333333333336,68.7506666666593,1
286,286.0000000000004,62.21875,62.13333333333333,85.41666666666714,1
287,287.0000000000005,62.574479000000004,62.4,174.47900000000516,1
288,288.0000000000004,62.939583999999996,62.666666666666664,272.9173333333321,1
289,289.0000000000005,63.24166700000001,63.0,241.66700000000674,1
290,290.0000000000005,63.41458299999999,63.4,14.582999999994684,1
291,291.0000000000005,63.682292000000004,63.63333333333333,48.958666666671036,1
292,292.0000000000005,63.932292000000004,63.9,32.29200000000532,1
293,293.00000000000057,64.16770799999999,64.13333333333334,34.374666666650455,1
294,294.0000000000005,64.419792,64.36666666666666,53.12533333334102,1
295,295.00000000000057,64.657292,64.6,57.292000000003895,1
296,296.0000000000005,64.840625,64.83333333333333,7.291666666674246,1
297,297.00000000000057,65.0375,65.2,162.50000000000853,1
298,298.0000000000005,65.221875,65.46666666666667,244.7916666666714,1
299,299.00000000000057,65.420833,65.6,179.16699999999253,1
300,300.0000000000005,65.695313,65.8,104.68699999999842,1
301,301.00000000000057,65.889583,65.86666666666666,22.916333333341754,1
302,302.0000000000005,66.104167,66.03333333333333,70.83366666667246,1
303,303.00000000000057,66.371875,66.33333333333333,38.541666666674246,1
304,304.00000000000057,66.586458,66.53333333333333,53.124666666661824,1
305,305.0000000000006,66.761979,66.8,38.02100000000053,1
306,306.00000000000057,67.082813,66.93333333333334,149.47966666666446,1
307,307.0000000000006,67.314583,67.26666666666667,47.91633333333323,1
308,308.0000000000006,67.526042,67.5,26.042000000003895,1
309,309.0000000000006,67.720313,67.73333333333333,13.020333333329859,1
310,310.0000000000006,68.0,68.0,0.0,1
311,311.0000000000006,68.278125,68.2,78.125,1
312,312.0000000000006,68.706771,68.43333333333334,273.43766666666625,1
313,313.0000000000006,68.952083,68.86666666666666,85.41633333334175,1
314,314.0000000000006,69.14479200000001,69.06666666666666,78.1253333333467,1
315,315.0000000000006,69.378125,69.33333333333333,44.79166666666856,1
316,316.0000000000006,69.6625,69.6,62.5,1
317,317.0000000000006,69.884375,69.8,84.37500000000853,1
318,318.0000000000007,70.186459,70.1,86.45900000000495,1
319,319.0000000000007,70.440625,70.4,40.62499999999147,1
320,320.0000000000007,70.630729,70.6,30.729000000008,1
321,321.0000000000007,70.820833,70.86666666666666,45.83366666666677,1
322,322.0000000000007,71.041146,71.06666666666666,25.520666666665193,1
323,323.0000000000007,71.227083,71.23333333333333,6.250333333341018,1
324,324.0000000000007,71.510938,71.43333333333334,77.60466666665877,1
325,325.00000000000057,71.713542,71.7,13.542000000001053,1
326,326.0000000000006,71.905208,71.86666666666666,38.541333333341754,1
327,327.0000000000007,72.200521,72.13333333333334,67.18766666665488,1
328,328.0000000000007,72.425,72.36666666666666,58.33333333333712,1
329,329.0000000000007,72.59791700000001,72.63333333333334,35.416333333330385,1
330,330.0000000000007,72.76875,72.86666666666666,97.91666666666288,1
331,331.0000000000006,72.99375,73.1,106.24999999998863,1
332,332.0000000000007,73.121875,73.36666666666666,244.7916666666572,1
333,333.0000000000007,73.403646,73.56666666666666,163.02066666666803,1
334,334.00000000000074,73.604687,73.56666666666666,38.02033333333554,1
335,335.00000000000074,73.79375,73.76666666666667,27.083333333337123,1
336,336.0000000000008,74.01875,74.0,18.749999999997158,1
337,337.0000000000008,74.219792,74.23333333333333,13.54133333333607,1
338,338.0000000000008,74.439063,74.4,39.06299999999874,1
339,339.0000000000008,74.742708,74.63333333333334,109.3746666666533,1
340,340.00000000000085,74.947917,74.86666666666666,81.25033333334386,1
341,341.0000000000008,75.161458,75.13333333333334,28.12466666665614,1
342,342.00000000000085,75.310417,75.23333333333333,77.08366666666677,1
343,343.00000000000085,75.545833,75.63333333333334,87.50033333333818,1
344,344.0000000000009,75.654167,75.73333333333333,79.16633333333323,1
345,345.0000000000009,75.886459,75.96666666666667,80.20766666666646,1
346,346.0000000000009,76.103125,76.23333333333333,130.2083333333286,1
347,347.0000000000009,76.245312,76.5,254.68800000000158,1
348,348.00000000000097,76.53072900000001,76.43333333333334,97.39566666667088,1
349,349.0000000000009,76.721614,76.73333333333333,11.71933333333186,1
350,350.00000000000097,76.9125,76.96666666666667,54.166666666674246,1
351,351.000000000001,77.070833,77.16666666666667,95.83366666667814,1
352,352.000000000001,77.247917,77.43333333333334,185.41633333333607,1
353,353.000000000001,77.460417,77.56666666666666,106.24966666665614,1
354,354.0000000000011,77.638542,77.7,61.45800000000179,1
355,355.0000000000011,77.846875,77.93333333333334,86.45833333333997,1
356,356.0000000000011,78.055208,78.2,144.79200000000958,1
357,357.0000000000011,78.182291,78.13333333333334,48.957666666666455,1
358,358.00000000000114,78.390625,78.4,9.375000000005684,1
359,359.00000000000125,78.588542,78.6,11.45799999999042,1
360,360.00000000000125,78.757292,78.83333333333333,76.04133333332186,1
361,361.00000000000125,78.963021,79.06666666666666,103.64566666666519,1
362,362.00000000000114,79.16875,79.23333333333333,64.58333333333144,1
363,363.0000000000013,79.324479,79.4,75.52100000000905,1
364,364.0000000000013,79.5,79.6,99.99999999999432,1
365,365.0000000000013,79.703125,79.73333333333333,30.20833333333428,1
366,366.0000000000014,79.865625,79.93333333333334,67.70833333334281,1
367,367.0000000000014,80.080208,80.2,119.7920000000039,1
368,368.0000000000015,80.294792,80.4,105.20800000000463,1
369,369.0000000000014,80.421875,80.7,278.12500000000284,1
370,370.0000000000013,80.614583,80.56666666666666,47.91633333333323,1
371,371.00000000000165,80.8125,80.86666666666666,54.166666666660035,1
372,372.00000000000153,81.06666700000001,81.1,33.332999999984736,1
373,373.00000000000153,81.29739599999999,79.1,2197.395999999998,1
374,374.0000000000016,81.528125,79.26666666666667,2261.458333333337,1
375,375.0000000000017,81.763542,79.4,2363.5419999999954,1
376,376.0000000000015,81.963542,79.6,2363.5420000000095,1
377,377.00000000000176,82.153125,79.8,2353.1250000000055,1
378,378.0000000000017,82.321875,82.7,378.12499999999716,1
379,379.0000000000018,82.486458,82.7,213.5420000000039,1
380,380.00000000000176,82.655208,82.96666666666667,311.4586666666668,1
381,381.0000000000019,82.830208,83.2,369.7920000000039,1
382,382.0000000000019,83.01875,83.33333333333333,314.58333333333144,1
383,383.000000000002,83.1875,83.63333333333334,445.83333333333997,1
384,384.0000000000019,83.398958,83.63333333333334,234.3753333333467,1
385,385.0000000000019,83.651042,83.86666666666666,215.62466666665614,1
386,386.0000000000019,83.903125,84.1,196.87499999999147,1
387,387.000000000002,84.155208,85.03333333333333,878.1253333333296,1
388,388.0000000000019,84.387831,84.46666666666667,78.83566666666297,1
389,389.000000000002,84.62045400000001,84.63333333333334,12.879333333330578,1
390,390.0000000000019,84.853077,84.83333333333333,19.74366666667038,1
391,391.000000000002,85.085701,84.86666666666666,219.03433333334021,1
392,392.0000000000019,85.318324,84.86666666666666,451.657333333344,1
393,393.0000000000019,85.550947,84.86666666666666,684.2803333333336,1
394,394.0000000000019,85.78357,84.9,883.5699999999918,1
395,395.0000000000018,86.016193,84.9,1116.1929999999957,1
396,396.0000000000019,86.248816,84.9,1348.8159999999993,1
397,397.00000000000193,86.481439,84.93333333333334,1548.1056666666575,1
398,398.000000000002,86.714063,85.16666666666667,1547.3963333333245,1
399,399.0000000000018,86.915104,86.86666666666666,48.43733333333944,1
400,400.000000000002,87.141927,87.03333333333333,108.59366666666403,1
401,401.0000000000018,87.36875,87.1,268.75000000001137,1
402,402.00000000000205,87.573437,87.5,73.43699999999842,1
403,403.00000000000205,87.765365,87.53333333333333,232.0316666666713,1
404,404.000000000002,87.95729200000001,87.53333333333333,423.95866666667814,1
405,405.00000000000205,88.14921899999999,87.53333333333333,615.8856666666566,1
406,406.000000000002,88.341146,88.16666666666667,174.47933333332344,1
407,407.0000000000019,88.533073,88.23333333333333,299.7396666666674,1
408,408.0000000000021,88.725,88.6,125.0,1
409,409.00000000000205,88.97066,88.86666666666666,103.99333333333516,1
410,410.000000000002,89.21632,89.1,116.32000000000176,1
411,411.00000000000205,89.46198000000001,89.6,138.01999999998316,1
412,412.000000000002,89.667622,89.8,132.37800000000277,1
413,413.0000000000019,89.873264,90.03333333333333,160.0693333333254,1
414,414.00000000000216,90.078906,90.33333333333333,254.42733333332512,1
415,415.00000000000205,90.284548,90.56666666666666,282.11866666666197,1
416,416.000000000002,90.49019100000001,90.63333333333334,143.14233333332993,1
417,417.00000000000205,90.695833,90.86666666666666,170.83366666666677,1
418,418.000000000002,90.856771,90.9,43.22900000001084,1
419,419.00000000000205,91.017708,91.23333333333333,215.62533333333533,1
420,420.00000000000205,91.266667,91.23333333333333,33.33366666666393,1
421,421.0000000000021,91.49375,91.43333333333334,60.41666666666856,1
422,422.00000000000216,91.720833,91.73333333333333,12.500333333335334,1
423,423.0000000000021,91.9125,91.86666666666666,45.83333333333428,1
424,424.0000000000021,92.134636,92.06666666666666,67.96933333333754,1
425,425.00000000000216,92.356771,92.3,56.770999999997684,1
426,426.00000000000233,92.542709,92.46666666666667,76.04233333333354,1
427,427.00000000000216,92.731597,92.66666666666667,64.93033333332221,1
428,428.00000000000233,92.920486,92.66666666666667,253.8193333333254,1
429,429.00000000000216,93.109375,92.9,209.37499999999432,1
430,430.0000000000021,93.298264,93.13333333333334,164.93066666666323,1
431,431.00000000000216,93.487153,93.3,187.15300000000923,1
432,432.00000000000233,93.67604200000001,93.66666666666667,9.375333333338176,1
433,433.00000000000216,93.929861,93.83333333333333,96.5276666666739,1
434,434.00000000000233,94.183681,94.1,83.68100000001277,1
435,435.00000000000216,94.4375,94.2,237.49999999999716,1
436,436.00000000000216,94.656424,94.63333333333334,23.090666666661264,1
437,437.00000000000216,94.87534699999999,94.83333333333333,42.013666666662175,1
438,438.00000000000205,95.09427099999999,95.1,5.729000000002316,1
439,439.00000000000216,95.313195,95.36666666666666,53.471666666666806,1
440,440.0000000000022,95.53211800000001,95.6,67.88199999998312,1
441,441.00000000000233,95.751042,95.73333333333333,17.70866666666393,1
442,442.0000000000022,96.10625,96.03333333333333,72.9166666666714,1
443,443.0000000000022,96.461458,96.46666666666667,5.208666666675299,1
444,444.0000000000021,96.816666,96.7,116.66599999999505,1
445,445.0000000000022,96.98368,97.0,16.31999999999323,1
446,446.00000000000233,97.150694,97.23333333333333,82.63933333333284,1
447,447.00000000000233,97.317708,97.33333333333333,15.625333333332492,1
448,448.00000000000233,97.497916,97.5,2.083999999996422,1
449,449.0000000000022,97.678125,97.76666666666667,88.5416666666714,1
450,450.0000000000021,97.858333,97.96666666666667,108.33366666666677,1
451,451.0000000000022,98.092187,98.23333333333333,141.1463333333387,1
452,452.0000000000022,98.326042,98.5,173.95799999999895,1
453,453.0000000000025,98.559896,98.73333333333333,173.43733333333944,1
454,454.00000000000233,98.760863,98.76666666666667,5.803666666665208,1
455,455.0000000000022,98.96183,98.96666666666667,4.836666666662381,1
456,456.00000000000233,99.162798,99.2,37.20200000000773,1
457,457.0000000000022,99.363765,99.5,136.23499999999922,1
458,458.00000000000233,99.56473199999999,99.73333333333333,168.60133333334204,1
459,459.0000000000022,99.765699,99.86666666666666,100.96766666666213,1
460,460.00000000000233,99.966667,100.0,33.33299999999895,1
461,461.0000000000022,100.154583,100.23333333333333,78.75033333333192,1
462,462.00000000000233,100.3425,100.53333333333333,190.8333333333303,1
463,463.0000000000022,100.530417,100.76666666666667,236.2496666666658,1
464,464.00000000000233,100.718333,101.0,281.6669999999988,1
465,465.00000000000233,100.90625,99.9,1006.2499999999943,1
466,466.00000000000233,101.094167,99.93333333333334,1160.8336666666617,1
467,467.0000000000022,101.282083,99.93333333333334,1348.749666666663,1
468,468.00000000000233,101.47,99.93333333333334,1536.6666666666617,1
469,469.0000000000022,101.657917,99.93333333333334,1724.5836666666605,1
470,470.00000000000233,101.845833,99.93333333333334,1912.4996666666618,1
471,471.0000000000024,102.054688,102.66666666666667,611.9786666666727,1
472,472.0000000000024,102.275521,102.83333333333333,557.8123333333309,1
473,473.00000000000233,102.496354,102.83333333333333,336.97933333333197,1
474,474.0000000000024,102.714062,102.66666666666667,47.39533333332702,1
475,475.0000000000024,102.909288,102.8,109.28800000000649,1
476,476.0000000000024,103.104514,102.8,304.5139999999975,1
477,477.00000000000244,103.29974,102.8,499.74000000000274,1
478,478.0000000000024,103.494966,102.8,694.966000000008,1
479,479.0000000000024,103.690191,102.8,890.1910000000015,1
480,480.0000000000024,103.885417,102.8,1085.4170000000067,1
481,481.00000000000233,104.149479,100.2,3949.4789999999966,1
482,482.0000000000024,104.413542,100.5,3913.5420000000067,1
483,483.00000000000244,104.677604,100.63333333333334,4044.2706666666622,1
484,484.0000000000024,104.858333,101.0,3858.333000000002,1
485,485.00000000000244,105.03906200000002,101.23333333333333,3805.7286666666814,1
486,486.00000000000244,105.219792,101.46666666666667,3753.1253333333298,1
487,487.0000000000024,105.400521,101.73333333333333,3667.1876666666635,1
488,488.00000000000244,105.58125,105.96666666666667,385.4166666666714,1
489,489.0000000000025,105.82083300000001,106.0,179.16699999999253,1
490,490.00000000000244,105.983333,106.23333333333333,250.0003333333325,1
491,491.0000000000025,106.14583300000001,106.4,254.16699999999537,1
492,492.0000000000025,106.40833300000001,106.36666666666666,41.66633333335312,1
493,493.00000000000256,106.632552,106.6,32.552000000009684,1
494,494.0000000000025,106.856771,106.86666666666666,9.895666666665193,1
495,495.00000000000256,107.06197900000001,107.0,61.979000000008,1
496,496.0000000000027,107.287761,107.26666666666667,21.094333333337545,1
497,497.00000000000256,107.51354199999999,107.43333333333334,80.20866666664972,1
498,498.00000000000256,107.72031299999999,107.66666666666667,53.64633333331881,1
499,499.0000000000027,107.92873300000001,107.86666666666666,62.06633333334821,1
500,500.0000000000026,108.137153,107.86666666666666,270.4863333333378,1
501,501.00000000000256,108.345573,108.1,245.57300000000737,1
502,502.0000000000027,108.55399299999999,108.2,353.99299999998846,1
503,503.0000000000026,108.762413,108.5,262.4129999999951,1
504,504.00000000000256,108.97083300000001,108.7,270.8330000000103,1
505,505.0000000000026,109.24201399999998,108.96666666666667,275.34733333331474,1
506,506.0000000000026,109.513194,109.2,313.19399999999575,1
507,507.00000000000273,109.784375,109.56666666666666,217.70833333333428,1
508,508.0000000000027,109.99965300000001,109.96666666666667,32.98633333334067,1
509,509.0000000000027,110.214931,110.23333333333333,18.402333333327192,1
510,510.0000000000026,110.43020800000001,110.46666666666667,36.45866666666109,1
511,511.0000000000027,110.645486,110.73333333333333,87.84733333332895,1
512,512.0000000000026,110.86076399999999,110.73333333333333,127.4306666666547,1
513,513.0000000000026,111.07604199999999,111.03333333333333,42.708666666655404,1
514,514.0000000000026,111.36961799999999,111.3,69.6179999999913,1
515,515.0000000000026,111.66319399999999,111.53333333333333,129.86066666665863,1
516,516.0000000000026,111.956771,111.6,356.77100000000905,1
517,517.0000000000026,112.13194399999999,111.83333333333333,298.6106666666615,1
518,518.0000000000026,112.30711799999999,112.36666666666666,59.54866666667158,1
519,519.0000000000026,112.48229199999999,112.56666666666666,84.37466666667603,1
520,520.0000000000026,112.676736,112.76666666666667,89.93066666666039,1
521,521.0000000000026,112.871181,112.83333333333333,37.84766666667849,1
522,522.0000000000026,113.065625,113.06666666666666,1.0416666666657193,1
523,523.0000000000026,113.29479199999999,113.3,5.2080000000103155,1
524,524.0000000000025,113.52395800000001,113.56666666666666,42.708666666655404,1
525,525.0000000000026,113.753125,113.73333333333333,19.791666666662877,1
526,526.0000000000025,113.974566,113.93333333333334,41.2326666666587,1
527,527.0000000000026,114.19600700000001,114.2,3.99299999999414,1
528,528.0000000000026,114.417448,114.43333333333334,15.885333333343965,1
529,529.0000000000026,114.63888899999999,114.7,61.11100000001102,1
530,530.0000000000026,114.86033,114.76666666666667,93.66333333333898,1
531,531.0000000000025,115.081771,115.06666666666666,15.104333333340492,1
532,532.0000000000025,115.872222,115.3,572.2219999999965,1
533,533.0000000000026,116.662674,115.46666666666667,1196.007333333327,1
534,534.0000000000026,117.453125,115.56666666666666,1886.4583333333371,1
535,534.9979166666692,117.577257,115.8,1777.257000000006,1
536,535.9979166666691,117.70138899999999,116.1,1601.3889999999974,1
537,537.0000000000024,117.825521,116.33333333333333,1492.1876666666662,1
538,537.9979166666689,117.949653,116.76666666666667,1182.9863333333321,1
539,538.9979166666687,118.07378500000002,117.0,1073.785000000015,1
540,540.000000000002,118.19791699999999,117.13333333333334,1064.5836666666496,1
541,541.0000000000019,118.528125,117.33333333333333,1194.7916666666742,1
542,542.000000000002,118.858333,117.63333333333334,1224.9996666666618,1
543,543.0000000000019,119.07708400000001,119.03333333333333,43.75066666668204,1
544,544.000000000002,119.278125,119.33333333333333,55.208333333325754,1
545,545.000000000002,119.448958,119.53333333333333,84.37533333332681,1
546,546.000000000002,119.625,119.8,174.99999999999716,1
547,547.000000000002,119.795833,120.03333333333333,237.50033333332965,1
548,548.0000000000022,119.96666699999999,120.26666666666667,299.9996666666789,1
549,549.0000000000022,120.1375,120.3,162.49999999999432,1
550,550.0000000000022,120.359375,120.3,59.37500000000284,1
551,551.0000000000022,120.58125,120.3,281.25,1
552,552.0000000000022,120.803125,120.83333333333333,30.20833333333428,1
553,553.0000000000023,120.984375,121.0,15.625,1
554,554.0000000000023,121.16145800000001,121.16666666666667,5.208666666661088,1
555,555.0000000000023,121.34583300000001,121.43333333333334,87.50033333332397,1
556,556.0000000000023,121.569271,121.56666666666666,2.6043333333376495,1
557,557.0000000000023,121.785417,121.76666666666667,18.75033333332965,1
558,558.0000000000023,121.9875,121.96666666666667,20.833333333328596,1
559,559.0000000000023,122.15,122.1,50.00000000001137,1
560,560.0000000000024,122.30416699999999,122.3,4.166999999995369,1
561,561.0000000000025,122.506771,122.43333333333334,73.4376666666634,1
562,562.0000000000024,122.71822900000001,122.7,18.229000000005158,1
563,563.0000000000025,122.96666699999999,122.93333333333334,33.33366666664972,1
564,564.0000000000025,123.26770800000001,123.13333333333334,134.3746666666732,1
565,565.0000000000025,123.494271,123.33333333333333,160.9376666666691,1
566,566.0000000000025,123.72083300000001,123.7,20.833000000010315,1
567,567.0000000000025,123.886979,123.93333333333334,46.35433333334049,1
568,568.0000000000025,124.06770800000001,124.16666666666667,98.95866666666109,1
569,569.0000000000025,124.230208,124.4,169.79200000000105,1
570,570.0000000000025,124.405208,124.56666666666666,161.4586666666611,1
571,571.0000000000026,124.59166699999999,124.8,208.33300000001032,1
572,572.0000000000025,124.765625,125.1,334.3749999999943,1
573,573.0000000000026,124.94583300000001,125.23333333333333,287.5003333333268,1
574,574.0000000000028,125.213194,125.23333333333333,20.139333333332843,1
575,575.0000000000028,125.48055500000001,125.63333333333334,152.77833333333035,1
576,576.0000000000028,125.74791699999999,125.86666666666666,118.74966666667319,1
577,577.0000000000028,126.04479199999999,125.93333333333334,111.45866666664972,1
578,578.0000000000028,126.23229199999999,126.23333333333333,1.0413333333474384,1
579,579.000000000003,126.41875,126.43333333333334,14.58333333333428,1
580,580.0000000000028,126.609375,126.56666666666666,42.70833333333712,1
581,581.000000000003,126.78333300000001,126.76666666666667,16.66633333334744,1
582,582.000000000003,126.981771,127.03333333333333,51.562333333336596,1
583,583.000000000003,127.196875,127.23333333333333,36.458333333328596,1
584,584.000000000003,127.38333300000001,127.4,16.66699999999821,1
585,585.0000000000031,127.596875,127.56666666666666,30.20833333333428,1
586,586.0000000000031,127.827083,127.8,27.08300000000463,1
587,587.0000000000031,128.091667,128.03333333333333,58.333666666669615,1
588,588.0000000000031,128.597917,128.26666666666668,331.25033333331544,1
589,589.0000000000031,129.009375,128.5,509.3750000000057,1
590,590.0000000000031,129.196354,128.73333333333332,463.0206666666936,1
591,591.0000000000031,129.383333,129.03333333333333,349.9996666666618,1
592,592.0000000000031,129.629166,129.16666666666666,462.4993333333407,1
593,593.0000000000031,129.879167,129.9,20.833000000010315,1
594,594.0000000000031,130.205208,130.0,205.20799999999895,1
595,595.0000000000031,130.510417,130.4,110.416999999984,1
596,596.0000000000031,130.694271,130.63333333333333,60.93766666666056,1
597,597.0000000000031,130.878125,130.83333333333334,44.79166666666856,1
598,598.0000000000031,131.148958,131.06666666666666,82.29133333333039,1
599,599.0000000000032,131.33723899999998,131.3,37.238999999971156,1
600,600.0000000000031,131.525521,131.56666666666666,41.14566666666519,1
601,601.0000000000031,131.714583,131.76666666666668,52.0836666666753,1
602,602.0000000000031,131.915104,132.03333333333333,118.22933333331775,1
603,603.0000000000031,132.227083,132.23333333333332,6.250333333326807,1
604,604.0000000000032,132.496354,132.43333333333334,63.02066666665951,1
605,605.0000000000032,132.658333,132.66666666666666,8.333666666658246,1
606,606.0000000000033,132.894792,132.86666666666667,28.125333333321123,1
607,607.0000000000032,133.151042,133.13333333333333,17.70866666666393,1
608,608.0000000000033,133.359375,133.33333333333334,26.041666666657193,1
609,609.0000000000033,133.544792,133.56666666666666,21.874666666661824,1
610,610.0000000000033,133.835417,133.8,35.41699999999537,1
611,611.0000000000033,134.084896,134.06666666666666,18.22933333332344,1
612,612.0000000000033,134.493664,134.2,293.6640000000068,1
613,613.0000000000033,134.865337,134.46666666666667,398.67033333334234,1
614,614.0000000000033,135.073266,134.56666666666666,506.59933333332674,1
615,615.0000000000033,135.221875,135.2,21.875000000022737,1
616,616.0000000000033,135.51511499999998,135.4,115.11499999997454,1
617,617.0000000000033,135.717846,135.63333333333333,84.51266666668289,1
618,618.0000000000033,136.066667,135.86666666666667,200.00033333332112,1
619,619.0000000000032,136.291667,136.16666666666666,125.00033333333249,1
620,620.0000000000033,136.500179,136.4,100.17899999999713,1
621,621.0000000000033,136.727083,136.66666666666666,60.41633333333607,1
622,622.0000000000033,136.995833,136.9,95.83299999999895,1
623,623.0000000000032,137.175521,137.16666666666666,8.854333333346176,1
624,624.0000000000033,137.355209,137.36666666666667,11.45766666667214,1
625,625.0000000000033,137.602083,137.53333333333333,68.74966666666182,1
626,626.0000000000033,137.7625,137.8,37.50000000002274,1
627,627.0000000000034,137.98333300000002,138.0,16.666999999984,1
628,628.0000000000034,138.241667,138.2,41.667000000018106,1
629,629.0000000000033,138.477083,138.43333333333334,43.74966666665614,1
630,630.0000000000034,138.8,138.6,200.00000000001705,1
631,631.0000000000034,139.08125,138.96666666666667,114.58333333334281,1
632,632.0000000000034,139.239844,139.2,39.84400000001642,1
633,633.0000000000034,139.398438,139.46666666666667,68.22866666666982,1
634,634.0000000000034,139.736458,139.7,36.458000000010315,1
635,635.0000000000034,139.969271,139.93333333333334,35.93766666665488,1
636,636.0000000000035,140.40052,140.16666666666666,233.85333333334302,1
637,637.0000000000035,140.770833,140.5,270.8330000000103,1
638,638.0000000000034,140.940625,140.66666666666666,273.9583333333542,1
639,639.0000000000035,141.116667,140.96666666666667,150.00033333333818,1
640,640.0000000000034,141.353125,141.16666666666666,186.4583333333485,1
641,641.0000000000035,141.604167,141.53333333333333,70.83366666665825,1
642,642.0000000000034,142.000521,141.8,200.52099999998063,1
643,643.0000000000034,142.308333,142.03333333333333,274.9996666666732,1
644,644.0000000000034,142.488542,142.46666666666667,21.875333333326807,1
645,645.0000000000034,142.670313,142.7,29.686999999995578,1
646,646.0000000000034,142.87395800000002,142.96666666666667,92.70866666665256,1
647,647.0000000000034,143.05625,143.16666666666666,110.41666666665151,1
648,648.0000000000034,143.3,143.4,99.99999999999432,1
649,649.0000000000034,143.507292,143.5,7.2920000000067375,1
650,650.0000000000034,143.692708,143.7,7.291999999978316,1
651,651.0000000000034,143.924479,143.93333333333334,8.854333333346176,1
652,652.0000000000034,144.179167,144.13333333333333,45.83366666668098,1
653,653.0000000000035,144.416667,144.4,16.666999999984,1
654,654.0000000000034,144.7875,144.6,187.5,1
655,655.0000000000034,145.095833,145.03333333333333,62.49966666666751,1
656,656.0000000000034,145.286458,145.26666666666668,19.791333333330385,1
657,657.0000000000034,145.47448,145.53333333333333,58.85333333333165,1
658,658.0000000000034,145.725,145.73333333333332,8.333333333325754,1
659,659.0000000000034,146.03281299999998,146.0,32.812999999976,1
660,660.0000000000031,146.40677,146.23333333333332,173.43666666667445,1
661,661.0000000000032,146.70208300000002,146.6,102.08300000002168,1
662,662.0000000000033,146.879167,146.8,79.166999999984,1
663,663.0000000000033,147.127083,147.06666666666666,60.41633333333607,1
664,664.0000000000031,147.384375,147.3,84.37499999999432,1
665,665.000000000003,147.57343799999998,147.53333333333333,40.104666666650246,1
666,666.0000000000028,147.841667,147.8,41.666999999989685,1
667,667.000000000003,148.09479199999998,148.03333333333333,61.45866666665256,1
668,668.000000000003,148.29192700000002,148.3,8.072999999996,1
669,669.0000000000028,148.48906200000002,148.53333333333333,44.27133333331312,1
670,670.0000000000028,148.75104199999998,148.9,148.95800000002168,1
671,671.0000000000025,148.930208,148.86666666666667,63.54133333331902,1
672,672.0000000000023,149.169792,149.16666666666666,3.1253333333438604,1
673,673.0000000000023,149.45208300000002,149.4,52.083000000010315,1
674,674.0000000000023,149.65625,149.6,56.250000000005684,1
675,675.0000000000022,149.972917,149.86666666666667,106.25033333332112,1
676,676.0000000000016,150.202604,150.03333333333333,169.27066666667656,1
677,677.0000000000016,150.429167,150.4,29.167000000001053,1
678,678.0000000000016,150.78177,150.6,181.7700000000002,1
679,679.0000000000015,151.0625,150.93333333333334,129.16666666666288,1
680,680.0000000000016,151.288542,151.23333333333332,55.20866666668667,1
681,681.0000000000015,151.572917,151.46666666666667,106.25033333332112,1
682,682.0000000000015,151.866667,151.76666666666668,100.00033333332681,1
683,683.0000000000015,152.104167,152.03333333333333,70.83366666665825,1
684,684.0000000000014,152.552083,152.26666666666668,285.4163333333304,1
685,685.0000000000015,152.8375,152.6,237.50000000001137,1
686,686.0000000000015,153.021354,153.0,21.354000000002316,1
687,687.0000000000013,153.267187,153.23333333333332,33.85366666668688,1
688,688.0000000000013,153.50625,153.46666666666667,39.583333333325754,1
689,689.0000000000013,153.727083,153.7,27.08300000000463,1
690,690.000000000001,153.96979199999998,153.96666666666667,3.1253333333154387,1
691,691.0000000000011,154.208333,154.13333333333333,74.99966666668456,1
692,692.0000000000011,154.396875,154.33333333333334,63.54166666665151,1
693,693.000000000001,154.602083,154.6,2.082999999998947,1
694,694.0000000000011,154.789583,154.83333333333334,43.750333333349545,1
695,695.000000000001,154.988542,155.06666666666666,78.12466666666751,1
696,696.000000000001,155.26666699999998,155.1,166.66699999998968,1
697,697.0000000000013,155.491667,155.46666666666667,25.000333333338176,1
698,698.0000000000008,155.677604,155.66666666666666,10.937333333345123,1
699,699.0000000000008,155.958333,155.9,58.33300000000463,1
700,700.0000000000008,156.18125,156.13333333333333,47.91666666667993,1
701,701.0000000000007,156.367708,156.33333333333334,34.374666666650455,1
702,702.0000000000007,156.674479,156.53333333333333,141.1456666666595,1
703,703.0000000000007,156.90729199999998,156.83333333333334,73.9586666666412,1
704,704.0000000000007,157.135417,157.1,35.41699999999537,1
705,705.0000000000007,157.31145800000002,157.3,11.458000000004631,1
706,706.0000000000006,157.625,157.56666666666666,58.33333333333712,1
707,707.0000000000005,157.84270800000002,157.83333333333334,9.374666666673193,1
708,708.0000000000005,158.267708,158.06666666666666,201.04133333333607,1
709,709.0000000000003,158.554167,158.43333333333334,120.83366666666961,1
710,710.0000000000005,158.759375,158.7,59.37500000001705,1
711,711.0000000000005,159.00625,158.96666666666667,39.583333333325754,1
712,712.0000000000002,159.28125,159.2,81.25000000001137,1
713,713.0000000000005,159.503125,159.46666666666667,36.45833333334281,1
714,714.0000000000002,159.780729,159.7,80.72900000001937,1
715,715.0000000000002,160.03020800000002,159.96666666666667,63.54133333334744,1
716,716.0000000000002,160.238542,160.2,38.54200000000674,1
717,717.0000000000001,160.427083,160.46666666666667,39.583666666658246,1
718,718.0000000000001,160.648438,160.66666666666666,18.228666666658455,1
719,719.0,160.83125,160.9,68.74999999999432,1
720,719.9999999999999,161.116146,161.06666666666666,49.47933333332344,1
721,721.0000000000001,161.322917,161.26666666666668,56.250333333309754,1
722,721.9999999999998,161.53125,161.5,31.25,1
723,722.9999999999994,161.828125,161.73333333333332,94.79166666667993,1
724,723.9999999999997,162.069792,162.03333333333333,36.4586666666753,1
725,724.9999999999999,162.238542,162.2,38.54200000000674,1
726,725.9999999999999,162.40729199999998,162.56666666666666,159.37466666667888,1
727,726.9999999999997,162.60833300000002,162.8,191.66699999999537,1
728,727.9999999999995,162.78229199999998,163.06666666666666,284.3746666666789,1
729,728.9999999999998,163.051041,163.3,248.95900000001348,1
730,729.9999999999993,163.24375,163.23333333333332,10.416666666685614,1
731,730.9999999999993,163.428125,163.23333333333332,194.79166666667425,1
732,731.9999999999992,163.65729199999998,163.56666666666666,90.62533333332112,1
733,732.999999999999,163.861458,163.86666666666667,5.208666666675299,1
734,733.9999999999992,164.06406299999998,164.03333333333333,30.72966666664456,1
735,734.9999999999986,164.34218700000002,164.3,42.18700000001263,1
736,735.9999999999989,164.548958,164.5,48.95799999999895,1
737,736.9999999999992,164.75625,164.73333333333332,22.916666666674246,1
738,737.999999999999,164.890625,164.96666666666667,76.04166666666856,1
739,738.999999999999,165.138542,165.2,61.45799999998758,1
740,739.999999999999,165.229167,165.3,70.83300000002168,1
741,740.9999999999986,165.45416699999998,165.56666666666666,112.49966666667888,1
742,741.9999999999987,165.677083,165.8,122.91700000000105,1
743,742.9999999999986,165.805208,166.1,294.79200000000105,1
744,743.9999999999985,166.084375,166.0,84.37499999999432,1
745,744.9999999999985,166.29531200000002,166.26666666666668,28.64533333334407,1
746,745.9999999999983,166.50625,166.53333333333333,27.083333333337123,1
747,746.9999999999985,166.638021,166.76666666666668,128.64566666667088,1
748,747.9999999999985,166.816667,166.93333333333334,116.66633333334175,1
749,748.9999999999985,167.01458300000002,167.16666666666666,152.0836666666412,1
750,749.9999999999982,167.183333,167.3,116.66700000000674,1
751,750.9999999999982,167.403646,167.5,96.35399999999095,1
752,751.9999999999982,167.62395800000002,167.7,76.04199999997263,1
753,752.9999999999984,167.73333300000002,168.0,266.666999999984,1
754,753.9999999999981,167.917708,167.86666666666667,51.041333333330385,1
755,754.999999999998,168.1,168.16666666666666,66.66666666666288,1
756,755.999999999998,168.2875,168.33333333333334,45.83333333334849,1
757,756.9999999999977,168.48906200000002,168.6,110.937999999976,1
758,757.9999999999976,168.690625,168.76666666666668,76.04166666666856,1
759,758.9999999999978,168.838542,168.93333333333334,94.79133333334744,1
760,759.9999999999977,169.01458300000002,169.1,85.41699999997832,1
761,760.9999999999978,169.216667,169.3,83.33300000001032,1
762,761.9999999999975,169.388542,169.46666666666667,78.12466666666751,1
763,762.9999999999975,169.603646,169.7,96.35399999999095,1
764,763.9999999999977,169.81875,169.9,81.25000000001137,1
765,764.9999999999977,169.9375,170.2,262.49999999998863,1
766,765.9999999999974,170.142708,170.16666666666666,23.958666666658246,1
767,766.9999999999972,170.333333,170.36666666666667,33.33366666666393,1
768,767.999999999997,170.597917,170.66666666666666,68.74966666666182,1
769,768.9999999999969,170.84270800000002,170.9,57.291999999989685,1
770,769.999999999997,171.0875,171.16666666666666,79.16666666665151,1
771,770.999999999997,171.322917,171.36666666666667,43.74966666668456,1
772,771.9999999999972,171.520833,171.63333333333333,112.50033333331544,1
773,772.9999999999967,171.708333,171.86666666666667,158.33366666666393,1
774,773.9999999999967,171.872917,172.06666666666666,193.74966666666182,1
775,774.9999999999966,172.044792,172.3,255.20800000001032,1
776,775.9999999999965,172.225,172.53333333333333,308.3333333333371,1
777,776.9999999999965,172.396875,172.76666666666668,369.7916666666856,1
778,777.9999999999964,172.586458,172.93333333333334,346.87533333334386,1
779,778.9999999999962,172.759375,173.3,540.6250000000057,1
780,779.9999999999964,172.977083,173.16666666666666,189.58366666666393,1
781,780.9999999999959,173.236806,173.4,163.19400000000428,1
782,781.9999999999962,173.496528,173.43333333333334,63.19466666667495,1
783,782.9999999999964,173.75625,173.53333333333333,222.91666666666288,1
784,783.9999999999961,174.220718,173.86666666666667,354.05133333333083,1
785,784.999999999996,174.68518500000002,173.86666666666667,818.5183333333441,1
786,785.9999999999962,175.149653,173.86666666666667,1282.9863333333265,1
787,786.9999999999961,175.61411999999999,173.86666666666667,1747.4533333333113,1
788,787.9999999999964,176.078588,173.86666666666667,2211.921333333322,1
789,788.9999999999962,176.543055,173.86666666666667,2676.388333333335,1
790,789.9999999999961,177.007523,173.86666666666667,3140.8563333333177,1
791,790.9999999999961,177.47198999999998,173.86666666666667,3605.323333333303,1
792,791.999999999996,177.93645800000002,173.86666666666667,4069.7913333333418,1
793,792.9999999999977,178.27291599999998,173.86666666666667,4406.249333333307,1
794,793.9999999999976,178.609375,175.56666666666666,3042.708333333337,1
795,794.9999999999977,178.945833,176.53333333333333,2412.499666666662,1
796,795.9999999999977,179.340104,176.8,2540.1039999999853,1
797,796.9999999999976,179.734375,178.4,1334.3749999999943,1
798,797.9999999999977,180.128646,178.63333333333333,1495.3126666666776,1
799,798.9999999999976,180.522917,179.1,1422.9170000000124,1
800,799.9999999999976,180.953125,179.33333333333334,1619.7916666666572,1
801,800.9999999999976,181.239583,179.6,1639.583000000016,1
802,801.9999999999975,181.49895800000002,179.83333333333334,1665.6246666666732,1
803,802.9999999999976,181.76458300000002,180.1,1664.5830000000217,1
804,803.9999999999976,182.13593799999998,181.1,1035.9379999999874,1
805,804.9999999999976,182.515972,181.4,1115.9719999999993,1
806,805.9999999999977,182.896007,181.66666666666666,1229.3403333333401,1
807,806.9999999999976,183.276042,181.96666666666667,1309.3753333333211,1
808,807.9999999999976,183.677084,182.33333333333334,1343.750666666665,1
809,808.9999999999977,184.078125,182.56666666666666,1511.4583333333371,1
810,809.9999999999976,184.479166,182.86666666666667,1612.499333333318,1
811,810.9999999999976,184.880208,183.4,1480.2080000000046,1
812,811.9999999999975,185.310417,183.7,1610.4170000000124,1
813,812.9999999999972,185.602083,183.93333333333334,1668.7496666666561,1
814,813.9999999999974,185.976042,184.13333333333333,1842.708666666681,1
815,814.9999999999975,186.452865,184.43333333333334,2019.5316666666656,1
816,815.9999999999972,186.929688,181.1,5829.688000000005,1
817,816.9999999999974,187.26458300000002,181.43333333333334,5831.249666666679,1
818,817.9999999999974,187.599479,181.66666666666666,5932.812333333345,1
819,818.9999999999972,187.934375,181.93333333333334,6001.0416666666515,1
820,819.9999999999974,188.38593799999998,182.3,6085.93799999997,1
821,820.999999999997,188.8375,182.56666666666666,6270.833333333343,1
822,821.9999999999972,189.21770800000002,182.8,6417.708000000004,1
823,822.9999999999972,189.646528,183.06666666666666,6579.861333333327,1
824,823.9999999999972,190.075347,183.2,6875.347000000005,1
825,824.9999999999972,190.504167,188.63333333333333,1870.8336666666696,1
826,825.9999999999972,190.932986,189.4,1532.985999999994,1
827,826.9999999999972,191.361806,189.63333333333333,1728.4726666666757,1
828,827.9999999999972,191.790625,189.9,1890.625,1
829,828.9999999999972,192.132292,190.13333333333333,1998.958666666681,1
830,829.999999999997,192.473958,190.4,2073.9580000000046,1
831,830.9999999999974,192.914583,190.6,2314.5829999999987,1
832,831.9999999999972,193.261719,190.9,2361.7189999999937,1
833,832.9999999999969,193.608854,191.1,2508.854000000014,1
834,833.9999999999969,193.983854,191.4,2583.854000000002,1
835,834.999999999997,194.29609399999998,191.63333333333333,2662.7606666666566,1
836,835.9999999999969,194.60833300000002,188.33333333333334,6274.999666666673,1
837,836.9999999999969,194.925,193.83333333333334,1091.6666666666686,1
838,837.9999999999967,195.338883,194.16666666666666,1172.2163333333526,1
839,838.9999999999967,195.725,194.5,1224.9999999999943,1
840,839.9999999999967,196.161458,194.76666666666668,1394.7913333333304,1
841,840.9999999999965,197.05625,195.06666666666666,1989.5833333333428,1
842,841.9999999999966,197.332292,195.3,2032.291999999984,1
843,842.9999999999964,197.601042,195.86666666666667,1734.3753333333325,1
844,843.9999999999966,197.890625,196.2,1690.6250000000114,1
845,844.9999999999966,198.086458,196.5,1586.4579999999933,1
846,845.9999999999966,198.326042,196.53333333333333,1792.7086666666696,1
847,846.9999999999966,198.56354199999998,196.76666666666668,1796.875333333304,1
848,847.9999999999966,198.872917,197.03333333333333,1839.5836666666696,1
849,848.9999999999965,199.515625,197.26666666666668,2248.9583333333203,1
850,849.9999999999967,200.030903,197.53333333333333,2497.5696666666636,1
851,850.9999999999967,200.54618100000002,197.76666666666668,2779.5143333333385,1
852,851.9999999999967,201.06145800000002,198.06666666666666,2994.791333333353,1
853,852.9999999999966,201.425,199.26666666666668,2158.333333333331,1
854,853.9999999999967,201.788542,201.36666666666667,421.8753333333325,1
855,854.9999999999965,202.152083,201.6,552.0830000000103,1
856,855.9999999999966,202.508073,201.83333333333334,674.7396666666532,1
857,856.9999999999966,202.86406200000002,202.06666666666666,797.3953333333554,1
858,857.9999999999966,203.220052,202.1,1120.0520000000154,1
859,858.9999999999966,203.576042,202.33333333333334,1242.7086666666582,1
860,859.9999999999965,204.021875,202.6,1421.875,1
861,860.9999999999965,204.308333,202.86666666666667,1441.6663333333304,1
862,861.9999999999967,204.567708,203.3,1267.707999999999,1
863,862.9999999999967,204.826042,203.76666666666668,1059.3753333333211,1
864,863.9999999999967,205.253125,204.2,1053.1250000000227,1
865,864.9999999999968,205.621528,204.5,1121.528000000012,1
866,865.9999999999965,205.98993000000002,204.73333333333332,1256.5966666666952,1
867,866.9999999999965,206.35833300000002,205.0,1358.333000000016,1
868,867.9999999999966,206.716146,205.43333333333334,1282.812666666672,1
869,868.9999999999966,207.073958,205.66666666666666,1407.2913333333474,1
870,869.9999999999966,207.43177,205.93333333333334,1498.436666666663,1
871,870.9999999999966,207.789583,206.5,1289.5829999999933,1
872,871.9999999999967,208.20625,206.6,1606.250000000017,1
873,872.9999999999967,208.49895800000002,207.0,1498.958000000016,1
874,873.9999999999967,208.852083,207.26666666666668,1585.4163333333133,1
875,874.9999999999967,209.267969,207.96666666666667,1301.3023333333251,1
876,875.9999999999967,209.683854,208.36666666666667,1317.1873333333224,1
877,876.9999999999967,210.104167,208.7,1404.167000000001,1
878,877.9999999999967,210.378125,208.96666666666667,1411.4583333333428,1
879,878.9999999999967,210.786458,209.43333333333334,1353.1246666666732,1
880,879.9999999999967,211.14305499999998,209.66666666666666,1476.3883333333183,1
881,880.9999999999967,211.49965299999997,209.76666666666668,1732.9863333332867,1
882,881.9999999999967,211.85625,210.53333333333333,1322.9166666666572,1
883,882.9999999999967,212.318229,211.03333333333333,1284.8956666666709,1
884,883.9999999999967,212.78020800000002,211.26666666666668,1513.541333333336,1
885,884.9999999999967,213.199479,211.53333333333333,1666.1456666666652,1
886,885.9999999999967,213.61597200000003,211.96666666666667,1649.3053333333592,1
887,886.9999999999967,214.032465,212.16666666666666,1865.7983333333448,1
888,887.9999999999967,214.448958,212.43333333333334,2015.6246666666675,1
889,888.9999999999967,214.86545099999998,213.2,1665.4509999999902,1
890,889.9999999999967,215.281945,213.66666666666666,1615.2783333333502,1
891,890.9999999999967,215.69843799999998,213.9,1798.437999999976,1
892,891.9999999999967,216.114931,214.16666666666666,1948.2643333333556,1
893,892.9999999999967,216.53142400000002,214.4,2131.42400000001,1
894,893.9999999999967,216.947917,214.66666666666666,2281.2503333333325,1
895,894.9999999999967,217.30788700000002,214.86666666666667,2441.220333333348,1
896,895.9999999999967,217.66785699999997,215.03333333333333,2634.523666666638,1
897,896.9999999999968,218.027827,211.8,6227.82699999999,1
898,897.9999999999968,218.387798,211.8,6587.7979999999925,1
899,898.9999999999967,218.747768,215.33333333333334,3414.434666666665,1
900,899.9999999999967,219.10773799999998,215.36666666666667,3741.071333333309,1
901,900.9999999999968,219.46770800000002,213.73333333333332,5734.374666666696,1
902,901.9999999999967,219.869792,213.93333333333334,5936.458666666653,1
903,902.9999999999966,220.101042,214.2,5901.042000000018,1
904,903.9979166666633,220.21979199999998,214.43333333333334,5786.458666666647,1
905,904.9999999999966,221.09479199999998,214.7,6394.791999999996,1
906,905.9999999999966,221.444792,215.03333333333333,6411.4586666666755,1
907,906.9999999999966,221.741406,215.26666666666668,6474.739333333332,1
908,907.9999999999964,222.038021,215.43333333333334,6604.687666666649,1
909,908.9999999999964,222.372396,215.76666666666668,6605.729333333329,1
910,909.9999999999965,222.684115,216.03333333333333,6650.78166666666,1
911,910.9999999999964,222.99583399999997,222.03333333333333,962.5006666666422,1
912,911.9999999999964,223.33385499999997,222.23333333333332,1100.5216666666513,1
913,912.9999999999964,223.367708,222.53333333333333,834.3746666666618,1
914,913.9999999999961,224.128125,222.83333333333334,1294.7916666666686,1
915,914.9999999999961,224.68333399999997,223.16666666666666,1516.6673333333165,1
916,915.9999999999961,225.240278,223.46666666666667,1773.6113333333208,1
917,916.9999999999961,225.797223,223.7,2097.2230000000136,1
918,917.9999999999961,226.354167,224.23333333333332,2120.8336666666696,1
919,918.9999999999961,226.79843799999998,224.56666666666666,2231.771333333313,1
920,919.9999999999961,227.242708,224.8,2442.707999999982,1
921,920.9999999999959,227.586458,225.1,2486.4579999999987,1
922,921.9999999999959,227.902083,223.2,4702.083000000016,1
923,922.9999999999958,228.247917,225.6,2647.9170000000067,1
924,923.9999999999956,228.87604199999998,225.73333333333332,3142.7086666666637,1
925,924.9999999999956,229.508333,226.03333333333333,3474.999666666662,1
926,925.9999999999956,230.154167,226.23333333333332,3920.833666666681,1
927,926.9999999999956,230.87343700000002,226.23333333333332,4640.103666666704,1
928,927.9999999999956,231.491667,226.23333333333332,5258.333666666686,1
929,928.9999999999953,231.80156200000002,226.9,4901.562000000013,1
930,929.9999999999953,232.111458,229.1,3011.4580000000046,1
931,930.9999999999953,232.43645800000002,231.1,1336.4580000000217,1
932,931.9999999999953,232.769271,231.26666666666668,1502.6043333333234,1
933,932.9999999999952,233.088021,231.5,1588.0209999999977,1
934,933.9999999999952,233.457292,231.8,1657.291999999984,1
935,934.9999999999952,233.71406299999998,232.46666666666667,1247.3963333333131,1
936,935.9999999999952,234.0,232.9,1099.9999999999943,1
937,936.9999999999952,234.322396,233.2,1122.396000000009,1
938,937.9999999999951,234.61041699999998,233.5,1110.416999999984,1
939,938.9999999999951,234.95468799999998,233.86666666666667,1088.0213333333018,1
940,939.9999999999951,235.38541600000002,233.86666666666667,1518.7493333333464,1
941,940.999999999995,235.65208399999997,233.86666666666667,1785.4173333332994,1
942,941.999999999995,235.979167,233.86666666666667,2112.500333333315,1
943,942.999999999995,236.290625,233.86666666666667,2423.958333333331,1
944,943.999999999995,236.6125,233.86666666666667,2745.833333333337,1
945,944.999999999995,236.945313,233.86666666666667,3078.6463333333245,1
946,945.9999999999949,237.271354,233.86666666666667,3404.687333333328,1
947,946.9999999999948,237.496875,236.46666666666667,1030.20833333332,1
948,947.9999999999949,237.828125,236.76666666666668,1061.45833333332,1
949,948.9999999999948,238.147396,237.13333333333333,1014.0626666666606,1
950,949.9999999999948,238.58125,237.5,1081.2500000000114,1
951,950.9999999999948,239.027083,237.7,1327.083000000016,1
952,951.9999999999947,239.55208399999998,237.96666666666667,1585.4173333333108,1
953,952.9999999999947,239.851563,238.23333333333332,1618.2296666666787,1
954,953.9999999999947,240.171875,238.53333333333333,1638.5416666666686,1
955,954.9999999999947,240.45416699999998,238.76666666666668,1687.500333333304,1
956,955.9999999999947,240.761979,239.46666666666667,1295.312333333328,1
957,956.9999999999947,241.08281200000002,240.03333333333333,1049.4786666666869,1
958,957.9999999999945,241.40520800000002,240.3,1105.2080000000046,1
959,958.9999999999944,241.64166699999998,240.56666666666666,1075.0003333333211,1
960,959.9999999999945,241.928125,240.86666666666667,1061.45833333332,1
961,960.9999999999944,242.231771,241.2,1031.7710000000204,1
962,961.9999999999944,242.584375,241.56666666666666,1017.7083333333314,1
963,962.9999999999944,242.953125,241.83333333333334,1119.7916666666572,1
964,963.9999999999944,243.436979,242.06666666666666,1370.3123333333451,1
965,964.9999999999943,243.695833,242.33333333333334,1362.4996666666505,1
966,965.9999999999943,244.036458,242.6,1436.458000000016,1
967,966.9999999999943,244.351563,243.13333333333333,1218.229666666673,1
968,967.9999999999942,244.684896,243.36666666666667,1318.2293333333348,1
969,968.9999999999942,245.06875,243.86666666666667,1202.08333333332,1
970,969.9999999999942,245.440625,244.16666666666666,1273.9583333333542,1
971,970.9999999999941,245.678646,244.43333333333334,1245.3126666666492,1
972,971.9999999999941,246.00625,244.86666666666667,1139.58333333332,1
973,972.9999999999941,246.36041699999998,245.2,1160.4169999999954,1
974,973.9999999999941,246.771875,245.63333333333333,1138.5416666666686,1
975,974.9999999999941,247.320833,245.86666666666667,1454.166333333319,1
976,975.9999999999941,247.819792,246.13333333333333,1686.458666666681,1
977,976.9999999999939,248.078125,246.36666666666667,1711.4583333333258,1
978,977.9999999999941,248.39218799999998,246.93333333333334,1458.8546666666389,1
979,978.9999999999939,248.68125,247.46666666666667,1214.5833333333371,1
980,979.9999999999939,248.984375,247.96666666666667,1017.7083333333314,1
981,980.9999999999939,249.314583,248.26666666666668,1047.916333333319,1
982,981.9999999999939,249.694792,248.5,1194.7920000000067,1
983,982.9999999999937,249.92656200000002,248.8,1126.562000000007,1
984,983.9999999999939,250.23541699999998,249.13333333333333,1102.0836666666582,1
985,984.9999999999937,250.543229,249.4,1143.228999999991,1
986,985.9999999999937,250.82916699999998,249.8,1029.1669999999726,1
987,986.9999999999937,251.194792,250.13333333333333,1061.458666666681,1
988,987.9999999999935,251.609375,250.36666666666667,1242.7083333333258,1
989,988.9999999999935,251.856771,250.66666666666666,1190.1043333333519,1
990,989.9999999999935,252.29635499999998,250.96666666666667,1329.6883333333085,1
991,990.9999999999935,252.710417,251.33333333333334,1377.083666666664,1
992,991.9999999999935,253.138021,251.56666666666666,1571.3543333333462,1
993,992.9999999999934,253.713542,252.03333333333333,1680.2086666666582,1
994,993.9999999999934,254.210938,252.33333333333334,1877.604666666656,1
995,994.9999999999933,254.5875,252.73333333333332,1854.1666666666856,1
996,995.9999999999933,255.209896,253.0,2209.895999999986,1
997,996.9999999999934,255.741667,253.76666666666668,1975.0003333333268,1
998,997.9999999999932,256.344792,254.13333333333333,2211.4586666666582,1
999,998.9999999999932,257.060417,254.3,2760.4169999999613,1
1000,999.9999999999887,257.502083,254.63333333333333,2868.7496666667016,1
1001,1000.999999999989,257.734895,254.83333333333334,2901.561666666652,1
1002,1001.999999999989,257.954167,255.1,2854.1669999999895,1
1003,1002.9999999999891,258.173958,255.06666666666666,3107.2913333333645,1
1004,1003.9999999999891,258.358854,255.13333333333333,3225.5206666666822,1
1005,1004.9999999999891,258.522917,256.3333333333333,2189.5836666666924,1
1006,1005.9999999999892,258.760417,255.66666666666666,3093.7503333333607,1
1007,1006.9999999999892,258.877604,255.9,2977.604000000014,1
1008,1007.9999999999893,259.082812,256.1,2982.811999999967,1
1009,1008.9999999999893,259.26875,258.73333333333335,535.4166666666629,1
1010,1009.9999999999893,259.435417,258.9,535.4169999999954,1
1011,1010.9999999999894,259.619792,259.0,619.7920000000181,1
1012,1011.9999999999894,259.81875,259.26666666666665,552.0833333333712,1
1013,1012.9999999999895,259.97447900000003,259.5,474.47900000003074,1
1014,1013.9999999999895,260.144791,259.6333333333333,511.45766666667214,1
1015,1014.9999999999895,260.346875,259.8666666666667,480.2083333333371,1
1016,1015.9999999999898,260.499479,260.1333333333333,366.14566666668225,1
1017,1016.9999999999898,260.672917,260.3,372.91699999997263,1
1018,1017.9999999999899,260.842708,260.3666666666667,476.04133333334175,1
1019,1018.9999999999899,261.023958,260.56666666666666,457.2913333333304,1
1020,1019.9999999999899,261.227083,260.6666666666667,560.4163333333076,1
1021,1020.9999999999901,261.429688,260.8333333333333,596.3546666666844,1
1022,1021.9999999999901,261.59583399999997,261.03333333333336,562.5006666666081,1
1023,1022.9999999999902,261.83385400000003,261.2,633.8540000000421,1
1024,1023.9999999999902,262.057292,261.3666666666667,690.6253333333439,1
1025,1024.9999999999902,262.24010400000003,261.56666666666666,673.4373333333679,1
1026,1025.9999999999902,262.409896,261.76666666666665,643.2293333333519,1
1027,1026.9999999999902,262.627083,262.06666666666666,560.4163333333645,1
1028,1027.9999999999905,262.796355,262.2,596.3550000000168,1
1029,1028.9999999999905,262.973437,262.4,573.4370000000126,1
1030,1029.9999999999905,263.196875,262.6,596.8749999999545,1
1031,1030.9999999999907,263.332813,262.8333333333333,499.479666666673,1
1032,1031.9999999999907,263.566146,262.8666666666667,699.4793333333291,1
1033,1032.9999999999907,263.755208,263.1333333333333,621.8746666666561,1
1034,1033.9999999999907,263.93125,263.23333333333335,697.9166666666288,1
1035,1034.9999999999907,264.141666,263.43333333333334,708.3326666666494,1
1036,1035.999999999991,264.35364599999997,263.9,453.645999999992,1
1037,1036.999999999991,264.515105,264.1,415.10499999998274,1
1038,1037.9999999999911,264.694271,264.1333333333333,560.937666666689,1
1039,1038.9999999999911,264.898958,264.3333333333333,565.6246666666789,1
1040,1039.9999999999911,265.055729,264.6333333333333,422.3956666666595,1
1041,1040.9999999999911,265.241146,264.73333333333335,507.81266666666625,1
1042,1041.9999999999911,265.415625,264.93333333333334,482.29166666664014,1
1043,1042.9999999999914,265.604687,265.1,504.6869999999899,1
1044,1043.9999999999914,265.813021,265.23333333333335,579.6876666666435,1
1045,1044.9999999999914,266.040625,265.4,640.625,1
1046,1045.9999999999916,266.234895,265.6,634.8949999999718,1
1047,1046.9999999999916,266.461979,265.8333333333333,628.6456666666709,1
1048,1047.9999999999916,266.676042,266.0,676.0419999999954,1
1049,1048.9999999999916,266.840104,266.23333333333335,606.7706666666481,1
1050,1049.9999999999916,267.010937,261.76666666666665,5244.270333333361,1
1051,1050.9999999999918,267.217708,262.1,5117.707999999993,1
1052,1051.9999999999918,267.378646,262.2,5178.646000000015,1
1053,1052.9999999999918,267.55625,262.3666666666667,5189.583333333303,1
1054,1053.9999999999918,267.759375,262.7,5059.374999999989,1
1055,1054.9999999999918,267.929167,262.8,5129.166999999996,1
1056,1055.999999999992,268.111458,267.53333333333336,578.1246666666675,1
1057,1056.999999999992,268.289583,267.7,589.5830000000046,1
1058,1057.9999999999923,268.463542,267.96666666666664,496.87533333337797,1
1059,1058.9999999999923,268.631771,268.1,531.770999999992,1
1060,1059.9999999999916,268.847396,268.3666666666667,480.7293333333291,1
1061,1060.9999999999916,268.996354,268.3666666666667,629.6873333333224,1
1062,1061.9999999999916,269.185417,268.6666666666667,518.750333333287,1
1063,1062.9999999999916,269.383333,268.8333333333333,549.9996666666789,1
1064,1063.9999999999916,269.530209,269.06666666666666,463.5423333333506,1
1065,1064.9999999999916,269.717708,269.23333333333335,484.3746666666675,1
1066,1065.9999999999916,269.919792,269.3666666666667,553.1253333332984,1
1067,1066.9999999999916,270.103125,269.6333333333333,469.7916666666515,1
1068,1067.9999999999916,270.282292,269.73333333333335,548.9586666666355,1
1069,1068.9999999999916,270.457292,269.96666666666664,490.62533333335523,1
1070,1069.9999999999916,270.663542,270.1333333333333,530.208666666681,1
1071,1070.9999999999916,270.901042,270.3666666666667,534.3753333333439,1
1072,1071.9999999999916,271.210417,270.6,610.416999999984,1
1073,1072.9999999999916,271.392708,271.03333333333336,359.3746666666675,1
1074,1073.9999999999916,271.558333,271.1,458.3329999999819,1
1075,1074.9999999999916,271.733333,271.2,533.3330000000274,1
1076,1075.9999999999916,271.885417,271.43333333333334,452.083666666681,1
1077,1076.9999999999916,271.979167,271.43333333333334,545.833666666681,1
1078,1077.9999999999916,272.214583,271.76666666666665,447.9163333333531,1
1079,1078.9999999999916,272.383333,272.1333333333333,249.9996666666675,1
1080,1079.9999999999916,272.523958,272.4,123.958000000016,1
1081,1080.9999999999916,272.692708,272.6,92.70799999995916,1
1082,1081.9999999999916,272.857292,272.8,57.29199999996126,1
1083,1082.9999999999916,273.020833,272.8,220.83299999997053,1
1084,1083.9999999999916,273.180208,273.4,219.791999999984,1
1085,1084.9999999999916,273.359375,273.6333333333333,273.95833333332575,1
1086,1085.9999999999916,273.514583,273.8333333333333,318.7503333332984,1
1087,1086.9999999999916,273.69375,273.8666666666667,172.9166666666515,1
1088,1087.9999999999916,273.85625,274.03333333333336,177.08333333337123,1
1089,1088.9999999999916,274.023958,274.3,276.0420000000181,1
1090,1089.9999999999916,274.303472,274.93333333333334,629.8613333333378,1
1091,1090.9999999999916,274.582986,274.76666666666665,183.68066666664618,1
1092,1091.9999999999916,274.8625,275.03333333333336,170.8333333333485,1
1093,1092.9999999999918,275.142014,275.2,57.98599999997123,1
1094,1093.9999999999918,275.42152799999997,275.46666666666664,45.138666666673544,1
1095,1094.9999999999918,275.701042,275.53333333333336,167.70866666661277,1
1096,1095.9999999999955,276.022917,275.53333333333336,489.5836666666469,1
1097,1096.9999999999955,276.344792,275.53333333333336,811.4586666666241,1
1098,1097.9999999999955,276.666667,273.9,2766.667000000041,1
1099,1098.9999999999955,276.98828100000003,275.9,1088.2810000000518,1
1100,1099.9999999999955,277.309896,276.1333333333333,1176.5626666666549,1
1101,1100.9999999999955,277.63151,276.4,1231.5100000000143,1
1102,1101.9999999999955,277.953125,276.9,1053.1250000000227,1
1103,1102.9999999999952,278.384375,277.1333333333333,1251.0416666666515,1
1104,1103.9999999999952,278.666667,277.4,1266.6670000000408,1
1105,1104.9999999999952,278.959375,277.73333333333335,1226.0416666666742,1
1106,1105.9999999999952,279.364844,278.1333333333333,1231.5106666666793,1
1107,1106.9999999999952,279.770312,278.56666666666666,1203.645333333327,1
1108,1107.9999999999952,280.10972200000003,278.76666666666665,1343.055333333382,1
1109,1108.9999999999952,280.44913199999996,279.1333333333333,1315.7986666666375,1
1110,1109.9999999999952,280.788542,279.3666666666667,1421.8753333333325,1
1111,1110.9999999999952,281.122917,279.96666666666664,1156.2503333333325,1
1112,1111.9999999999952,281.457292,280.2,1257.2920000000067,1
1113,1112.9999999999952,281.791667,280.43333333333334,1358.333666666681,1
1114,1113.9999999999952,282.126042,280.93333333333334,1192.7086666666469,1
1115,1114.9999999999952,282.538542,281.1666666666667,1371.8753333333211,1
1116,1115.9999999999952,282.834375,281.43333333333334,1401.0416666666856,1
1117,1116.999999999995,283.173958,281.6666666666667,1507.2913333333418,1
1118,1117.9999999999952,283.64974,282.3,1349.739999999997,1
1119,1118.999999999995,284.125521,282.7,1425.5210000000034,1
1120,1119.999999999995,284.542708,283.03333333333336,1509.3746666666448,1
1121,1120.999999999995,284.823958,283.3333333333333,1490.6246666666902,1
1122,1121.999999999995,285.298958,283.8,1498.958000000016,1
1123,1122.999999999995,285.66736099999997,284.26666666666665,1400.6943333333197,1
1124,1123.999999999995,286.03576400000003,284.7,1335.7640000000401,1
1125,1124.999999999995,286.404167,284.96666666666664,1437.5003333333325,1
1126,1125.999999999995,286.87448,285.53333333333336,1341.1466666666456,1
1127,1126.999999999995,287.344792,285.8,1544.7919999999726,1
1128,1127.9999999999948,287.75572999999997,286.03333333333336,1722.3966666666115,1
1129,1128.9999999999948,288.143837,286.5,1643.837000000019,1
1130,1129.9999999999948,288.531945,286.53333333333336,1998.6116666666476,1
1131,1130.9999999999948,288.920052,286.8,2120.051999999987,1
1132,1131.9999999999948,289.30816,287.26666666666665,2041.4933333333352,1
1133,1132.9999999999948,289.696267,288.1333333333333,1562.9336666666518,1
1134,1133.9999999999948,290.084375,288.43333333333334,1651.0416666666856,1
1135,1134.9999999999948,290.441666,288.6666666666667,1774.9993333333123,1
1136,1135.9999999999948,290.798958,288.93333333333334,1865.6246666666902,1
1137,1136.999999999995,291.21302099999997,289.1666666666667,2046.3543333332836,1
1138,1137.9999999999948,291.51223999999996,289.4,2112.2399999999857,1
1139,1138.9999999999943,291.811458,289.8,2011.4580000000046,1
1140,1139.9999999999948,292.184375,290.9,1284.3750000000114,1
1141,1140.9999999999948,292.48098999999996,291.3333333333333,1147.6566666666486,1
1142,1141.999999999995,292.777604,291.6,1177.603999999974,1
1143,1142.999999999995,293.151042,291.8333333333333,1317.7086666667037,1
1144,1143.999999999995,293.528646,292.3333333333333,1195.3126666666662,1
1145,1144.999999999995,293.90625,292.6666666666667,1239.5833333333144,1
1146,1145.9999999999952,294.320833,292.9,1420.833000000016,1
1147,1146.9999999999948,295.169792,293.26666666666665,1903.1253333333211,1
1148,1147.999999999995,295.467708,293.5,1967.708000000016,1
1149,1148.999999999995,295.752604,294.03333333333336,1719.2706666666595,1
1150,1149.9999999999948,296.039583,294.3,1739.582999999982,1
1151,1150.9999999999948,296.238542,294.6333333333333,1605.2086666666696,1
1152,1151.9999999999948,296.460417,294.73333333333335,1727.0836666666582,1
1153,1152.999999999995,296.673958,295.1666666666667,1507.2913333333418,1
1154,1153.999999999995,296.973958,295.46666666666664,1507.2913333333418,1
1155,1154.999999999995,297.534375,295.7,1834.3750000000227,1
1156,1155.9999999999952,298.03559,296.06666666666666,1968.9233333333505,1
1157,1156.999999999995,298.536806,296.8666666666667,1670.1393333333385,1
1158,1157.9999999999948,299.038021,297.1666666666667,1871.3543333333291,1
1159,1158.999999999995,299.428125,297.4,2028.1250000000455,1
1160,1159.999999999995,299.81822900000003,297.6666666666667,2151.562333333345,1
1161,1160.9999999999948,300.208333,299.56666666666666,641.666333333319,1
1162,1161.999999999995,300.572917,299.8,772.9170000000067,1
1163,1162.999999999995,300.9375,300.03333333333336,904.1666666666401,1
1164,1163.999999999995,301.302083,300.1333333333333,1168.7496666666561,1
1165,1164.999999999995,301.666667,300.3666666666667,1300.0003333333439,1
1166,1165.999999999995,302.120833,300.6,1520.832999999982,1
1167,1166.9999999999952,302.422917,300.8666666666667,1556.2503333333098,1
1168,1167.999999999995,302.741667,301.1,1641.666999999984,1
1169,1168.999999999995,303.24375,301.3666666666667,1877.083333333303,1
1170,1169.9999999999952,303.745833,302.26666666666665,1479.1663333333531,1
1171,1170.9999999999952,304.11736099999996,302.6,1517.3609999999371,1
1172,1171.999999999995,304.48888900000003,302.8666666666667,1622.2223333333545,1
1173,1172.999999999995,304.860417,303.1,1760.4169999999613,1
1174,1173.9999999999952,305.220052,303.3666666666667,1853.3853333333354,1
1175,1174.9999999999952,305.57968700000004,303.96666666666664,1613.0203333333952,1
1176,1175.9999999999952,305.939323,304.23333333333335,1705.9896666666532,1
1177,1176.9999999999952,306.298958,305.0,1298.9580000000274,1
1178,1177.9999999999952,306.786458,305.26666666666665,1519.7913333333304,1
1179,1178.9999999999952,307.11875,305.53333333333336,1585.4166666666174,1
1180,1179.9999999999952,307.422917,305.8,1622.9169999999726,1
1181,1180.9999999999952,307.758333,306.46666666666664,1291.6663333333531,1
1182,1181.9999999999955,308.09375,306.96666666666664,1127.0833333333599,1
1183,1182.9999999999952,308.619792,307.26666666666665,1353.1253333333666,1
1184,1183.9999999999955,308.905208,307.6,1305.2079999999933,1
1185,1184.9999999999952,309.440625,307.8333333333333,1607.291666666697,1
1186,1185.9999999999955,309.845833,308.1,1745.8330000000046,1
1187,1186.9999999999952,310.251042,308.3333333333333,1917.7086666666696,1
1188,1187.9999999999952,310.65625,308.56666666666666,2089.583333333337,1
1189,1188.9999999999955,311.16197900000003,309.56666666666666,1595.3123333333679,1
1190,1189.9999999999955,311.667708,309.8333333333333,1834.3746666666902,1
1191,1190.9999999999955,312.066667,310.1,1966.6669999999726,1
1192,1191.9999999999955,312.52013900000003,310.76666666666665,1753.4723333333773,1
1193,1192.9999999999955,312.973611,311.0,1973.6110000000053,1
1194,1193.9999999999955,313.427084,311.26666666666665,2160.417333333328,1
1195,1194.9999999999955,313.880556,311.53333333333336,2347.222666666653,1
1196,1195.9999999999955,314.334028,310.3333333333333,4000.694666666675,1
1197,1196.9999999999955,314.7875,310.56666666666666,4220.833333333359,1
1198,1197.9999999999955,315.240973,310.76666666666665,4474.306333333345,1
1199,1198.9999999999955,315.69444500000003,310.8,4894.445000000019,1
1200,1199.9999999999952,316.147917,310.8,5347.916999999996,1
1201,1200.9999999999955,316.496578,310.8,5696.577999999989,1
1202,1201.9999999999952,316.845238,310.8,6045.237999999983,1
1203,1202.9999999999955,317.19389900000004,310.8,6393.899000000033,1
1204,1203.9999999999952,317.54256000000004,310.8666666666667,6675.8933333333625,1
1205,1204.9999999999952,317.891221,312.3,5591.220999999961,1
1206,1205.9999999999955,318.239881,312.3666666666667,5873.2143333333515,1
1207,1206.9999999999957,318.588542,312.6,5988.541999999996,1
1208,1207.9999999999961,319.017708,312.8,6217.708000000016,1
1209,1208.9999999999961,319.263542,313.0,6263.541999999972,1
1210,1209.9979166666628,319.408333,313.3,6108.333000000016,1
1211,1210.9999999999961,320.28697900000003,313.56666666666666,6720.312333333368,1
1212,1211.9999999999961,320.640625,313.9,6740.625000000023,1
1213,1212.999999999996,320.948959,314.1333333333333,6815.625666666676,1
1214,1213.9999999999961,321.257292,314.5,6757.292000000007,1
1215,1214.9999999999961,321.608334,314.8,6808.334000000003,1
1216,1215.9999999999961,321.89375,315.1333333333333,6760.416666666686,1
1217,1216.9999999999964,322.179166,315.46666666666664,6712.49933333337,1
1218,1217.9999999999964,322.547917,312.56666666666666,9981.25033333332,1
1219,1218.9999999999964,322.582292,314.6666666666667,7915.62533333331,1
1220,1219.9999999999964,323.361979,322.06666666666666,1295.3123333333565,1
1221,1220.9999999999964,323.877083,322.3,1577.083000000016,1
1222,1221.9999999999964,324.46840299999997,322.7,1768.402999999978,1
1223,1222.9999999999964,325.059722,322.96666666666664,2093.055333333382,1
1224,1223.9999999999964,325.651042,323.46666666666664,2184.375333333378,1
1225,1224.9999999999964,326.159896,323.76666666666665,2393.229333333352,1
1226,1225.9999999999964,326.66875,324.03333333333336,2635.4166666666288,1
1227,1226.9999999999968,327.0,324.26666666666665,2733.3333333333485,1
1228,1227.9999999999968,327.325,324.5,2824.9999999999886,1
1229,1228.999999999997,327.659375,324.8,2859.375,1
1230,1229.9999999999973,328.321875,325.0,3321.8749999999773,1
1231,1230.9999999999975,328.996875,325.3333333333333,3663.5416666666742,1
1232,1231.9999999999973,329.602083,325.46666666666664,4135.416333333353,1
1233,1232.999999999998,330.38072900000003,327.73333333333335,2647.3956666666822,1
1234,1233.9999999999975,331.011459,327.96666666666664,3044.792333333362,1
1235,1234.9999999999975,331.328646,328.26666666666665,3061.9793333333405,1
1236,1235.999999999998,331.658333,328.5,3158.3330000000274,1
1237,1236.9999999999984,332.011459,328.73333333333335,3278.1256666666536,1
1238,1237.999999999998,332.357292,330.76666666666665,1590.6253333333211,1
1239,1238.999999999998,332.694792,331.0,1694.7920000000067,1
1240,1239.999999999998,333.069271,331.3,1769.2710000000034,1
1241,1240.9999999999986,333.31822999999997,332.03333333333336,1284.8966666666115,1
1242,1241.9999999999984,333.597917,332.5,1097.9169999999954,1
1243,1242.9999999999986,333.913542,332.8,1113.5419999999954,1
1244,1243.9999999999986,334.255208,333.1,1155.2079999999592,1
1245,1244.9999999999986,334.595833,333.3333333333333,1262.499666666713,1
1246,1245.9999999999986,335.027083,333.53333333333336,1493.7496666666448,1
1247,1246.9999999999989,335.286458,333.53333333333336,1753.124666666622,1
1248,1247.9999999999989,335.63125,333.53333333333336,2097.916666666663,1
1249,1248.999999999999,335.938542,333.53333333333336,2405.208666666624,1
1250,1249.999999999999,336.294271,333.53333333333336,2760.9376666666208,1
1251,1250.999999999999,336.64218700000004,333.53333333333336,3108.8536666666755,1
1252,1251.999999999999,336.97864599999997,333.53333333333336,3445.3126666666094,1
1253,1252.9999999999993,337.22864599999997,333.53333333333336,3695.3126666666094,1
1254,1253.9999999999993,337.576042,333.53333333333336,4042.7086666666128,1
1255,1254.9999999999995,338.034896,336.8666666666667,1168.2293333333291,1
1256,1255.9999999999998,338.49843799999996,337.2,1298.437999999976,1
1257,1256.9999999999993,338.984375,337.43333333333334,1551.0416666666629,1
1258,1257.9999999999998,339.438021,337.7,1738.0210000000034,1
1259,1258.9999999999998,339.769271,338.03333333333336,1735.9376666666435,1
1260,1260.0,340.060417,338.26666666666665,1793.7503333333211,1
1261,1261.0,340.367708,338.6333333333333,1734.3746666666675,1
1262,1262.0000000000002,340.67031299999996,339.4,1270.3129999999874,1
1263,1263.0000000000002,340.977083,339.6333333333333,1343.7496666666675,1
1264,1264.0000000000002,341.29375,340.23333333333335,1060.4166666666401,1
1265,1265.0000000000002,341.561459,340.46666666666664,1094.7923333333733,1
1266,1266.0000000000005,341.840625,340.76666666666665,1073.9583333333371,1
1267,1267.0000000000002,342.134375,341.1666666666667,967.7083333332916,1
1268,1268.0000000000005,342.510417,341.4,1110.4170000000408,1
1269,1269.0000000000007,342.919792,341.73333333333335,1186.4586666666241,1
1270,1270.0000000000005,343.396875,342.0,1396.8750000000227,1
1271,1271.000000000001,343.64635400000003,342.3,1346.3540000000194,1
1272,1272.000000000001,343.978125,342.6666666666667,1311.4583333332916,1
1273,1273.000000000001,344.275,343.1,1174.9999999999545,1
1274,1274.000000000001,344.58125,343.3333333333333,1247.916666666697,1
1275,1275.0000000000011,344.917709,343.8333333333333,1084.3756666666877,1
1276,1276.000000000001,345.225,344.1,1125.0,1
1277,1277.0000000000014,345.511458,344.3666666666667,1144.7913333333304,1
1278,1278.0000000000014,345.93802,344.6666666666667,1271.353333333309,1
1279,1279.0000000000014,346.288021,345.1,1188.020999999992,1
1280,1280.0000000000014,346.714062,345.4,1314.0620000000354,1
1281,1281.000000000002,347.251042,345.7,1551.0419999999954,1
1282,1282.0000000000014,347.739062,346.0,1739.06199999999,1
1283,1283.000000000002,347.99375,346.4,1593.75,1
1284,1284.000000000002,348.30677099999997,346.9,1406.770999999992,1
1285,1285.000000000002,348.606771,347.4,1206.7710000000034,1
1286,1286.000000000002,348.88125,347.7,1181.250000000034,1
1287,1287.000000000002,349.189583,348.1666666666667,1022.9163333333418,1
1288,1288.0000000000023,349.559375,348.43333333333334,1126.0416666666515,1
1289,1289.0000000000023,349.79114599999997,348.76666666666665,1024.4793333333178,1
1290,1290.0000000000025,350.10781299999996,349.03333333333336,1074.4796666666048,1
1291,1291.0000000000025,350.39635400000003,349.3333333333333,1063.0206666667164,1
1292,1292.0000000000025,350.694792,349.6,1094.791999999984,1
1293,1293.0000000000027,351.0625,350.0,1062.5,1
1294,1294.0000000000027,351.4875,350.26666666666665,1220.8333333333599,1
1295,1295.0000000000027,351.776563,350.56666666666666,1209.8963333333472,1
1296,1296.000000000003,352.272396,350.8333333333333,1439.0626666667004,1
1297,1297.000000000003,352.776563,351.23333333333335,1543.2296666666616,1
1298,1298.000000000003,353.14375,351.46666666666664,1677.0833333333712,1
1299,1299.0000000000032,353.616667,351.96666666666664,1650.0003333333666,1
1300,1300.0000000000032,354.124479,352.23333333333335,1891.1456666666595,1
1301,1301.0000000000032,354.505208,352.43333333333334,2071.8746666666448,1
1302,1302.0000000000034,355.118229,353.26666666666665,1851.5623333333338,1
1303,1303.0000000000034,355.644792,353.73333333333335,1911.4586666666469,1
1304,1304.0000000000032,356.226042,354.0,2226.0420000000067,1
1305,1305.0000000000061,356.891145,354.3,2591.144999999983,1
1306,1306.0000000000057,357.359375,354.6,2759.3749999999773,1
1307,1307.0000000000057,357.615625,354.8333333333333,2782.2916666667084,1
1308,1308.0000000000052,357.859896,355.06666666666666,2793.229333333329,1
1309,1309.000000000005,358.096875,355.8333333333333,2263.541666666697,1
1310,1310.0000000000048,358.325521,356.1333333333333,2192.187666666655,1
1311,1311.0000000000045,358.5125,356.4,2112.5000000000114,1
1312,1312.0000000000045,358.7625,357.3666666666667,1395.8333333333144,1
1313,1313.0000000000043,358.915625,357.56666666666666,1348.9583333333144,1
1314,1314.0000000000039,359.130208,357.76666666666665,1363.5413333333304,1
1315,1315.0000000000036,359.336458,358.7,636.4580000000046,1
1316,1316.0000000000034,359.515625,358.93333333333334,582.2916666666629,1
1317,1317.0000000000034,359.716146,359.1,616.1459999999579,1
1318,1318.0000000000032,359.95,359.3333333333333,616.6666666666742,1
1319,1319.000000000003,360.096875,359.5,596.8750000000114,1
1320,1320.0000000000027,360.289583,359.7,589.5830000000046,1
1321,1321.0000000000023,360.507292,359.8666666666667,640.6253333333325,1
1322,1322.0000000000023,360.65625,360.1,556.2499999999773,1
1323,1323.000000000002,360.855209,360.43333333333334,421.875666666665,1
1324,1324.0000000000016,361.044792,360.56666666666666,478.12533333330975,1
1325,1325.0000000000014,361.244792,360.7,544.7920000000295,1
1326,1326.0000000000011,361.517708,360.8333333333333,684.374666666713,1
1327,1327.0000000000011,361.758333,361.0,758.3329999999933,1
1328,1328.000000000001,361.98177000000004,361.23333333333335,748.4366666666915,1
1329,1329.0000000000005,362.270833,361.46666666666664,804.1663333333418,1
1330,1330.0000000000002,362.528125,361.6666666666667,861.458333333303,1
1331,1331.0,362.726042,361.93333333333334,792.7086666666696,1
1332,1332.0,362.910937,362.1666666666667,744.2703333333043,1
1333,1332.9999999999998,363.13125,362.46666666666664,664.5833333333826,1
1334,1333.9999999999995,363.33020899999997,362.6666666666667,663.5423333332824,1
1335,1334.999999999999,363.516145,362.8666666666667,649.4783333333203,1
1336,1335.9999999999989,363.730208,363.1,630.2079999999819,1
1337,1336.9999999999989,363.894791,363.26666666666665,628.1243333333464,1
1338,1337.9999999999986,364.122396,363.5,622.3959999999806,1
1339,1338.9999999999984,364.315625,363.6666666666667,648.9583333333258,1
1340,1339.999999999998,364.501042,363.93333333333334,567.7086666666469,1
1341,1340.9999999999977,364.710938,364.06666666666666,644.2713333333359,1
1342,1341.9999999999977,364.939583,364.3333333333333,606.249666666713,1
1343,1342.9999999999973,365.109895,364.56666666666666,543.2283333333316,1
1344,1343.999999999997,365.305208,364.76666666666665,538.5413333333418,1
1345,1344.9999999999968,365.527083,364.8666666666667,660.4163333333304,1
1346,1345.9999999999966,365.696354,365.26666666666665,429.68733333333375,1
1347,1346.9999999999966,365.89322999999996,365.46666666666664,426.56333333331986,1
1348,1347.9999999999964,366.079167,365.6,479.16699999996126,1
1349,1348.9999999999961,366.27968799999996,365.6,679.6879999999419,1
1350,1349.9999999999957,366.501041,365.8666666666667,634.3743333333123,1
1351,1350.9999999999955,366.711458,366.03333333333336,678.1246666666334,1
1352,1351.9999999999955,366.901042,366.23333333333335,667.7086666666696,1
1353,1352.9999999999952,367.109896,366.46666666666664,643.2293333333519,1
1354,1353.999999999995,367.329167,366.6666666666667,662.5003333332984,1
1355,1354.9999999999948,367.508854,366.9,608.854000000008,1
1356,1355.9999999999943,367.686979,367.1333333333333,553.6456666666822,1
1357,1356.9999999999943,367.895833,367.3666666666667,529.1663333333076,1
1358,1357.9999999999939,368.073959,367.6,473.95899999997937,1
1359,1358.9999999999936,368.270833,367.6666666666667,604.1663333332963,1
1360,1359.9999999999934,368.5,367.8666666666667,633.3333333333258,1
1361,1360.9999999999932,368.676042,368.06666666666666,609.3753333333325,1
1362,1361.9999999999932,368.876042,368.26666666666665,609.3753333333325,1
1363,1362.999999999993,369.077083,368.43333333333334,643.7496666666789,1
1364,1363.9999999999927,369.26875,368.6666666666667,602.0833333333258,1
1365,1364.9999999999923,369.472396,368.9,572.3960000000261,1
1366,1365.9999999999918,369.704167,369.1333333333333,570.8336666666582,1
1367,1366.9999999999918,369.87291600000003,369.1333333333333,739.5826666667062,1
1368,1367.9999999999918,370.080729,369.46666666666664,614.0623333333792,1
1369,1368.9999999999918,370.28281200000004,369.6666666666667,616.1453333333498,1
1370,1369.9999999999918,370.452084,369.8666666666667,585.4173333333392,1
1371,1370.9999999999918,370.648958,370.06666666666666,582.2913333333304,1
1372,1371.9999999999918,370.875,370.26666666666665,608.3333333333485,1
1373,1372.9999999999918,371.060417,370.53333333333336,527.0836666666128,1
1374,1373.9999999999918,371.257292,370.7,557.2920000000181,1
1375,1374.9999999999918,371.448958,370.8333333333333,615.6246666666902,1
1376,1375.9999999999918,371.657292,371.03333333333336,623.9586666666241,1
1377,1376.999999999992,371.936458,371.3,636.4580000000046,1
1378,1377.9999999999918,372.255208,371.6333333333333,621.8746666666561,1
1379,1378.9999999999918,372.441667,371.8,641.666999999984,1
1380,1379.9999999999918,372.61875,372.3333333333333,285.4166666666629,1
1381,1380.9999999999918,372.803125,372.6,203.125,1
1382,1381.9999999999918,372.980208,372.46666666666664,513.5413333333645,1
1383,1382.9999999999918,373.140625,372.6666666666667,473.9583333333144,1
1384,1383.9999999999918,373.339583,373.1333333333333,206.24966666667888,1
1385,1384.9999999999918,373.526042,373.23333333333335,292.7086666666696,1
1386,1385.9999999999918,373.684375,373.56666666666666,117.70833333332575,1
1387,1386.9999999999918,373.876042,373.73333333333335,142.7086666666355,1
1388,1387.9999999999918,374.065625,373.96666666666664,98.95833333337123,1
1389,1388.9999999999918,374.233333,374.1333333333333,99.99966666669025,1
1390,1389.9999999999918,374.409375,374.6,190.62500000001137,1
1391,1390.9999999999918,374.592708,374.8333333333333,240.62533333329839,1
1392,1391.9999999999918,374.763542,375.03333333333336,269.79133333338723,1
1393,1392.9999999999918,374.967708,375.03333333333336,65.62533333334386,1
1394,1393.9999999999918,375.14375,375.1,43.74999999998863,1
1395,1394.999999999992,375.340625,375.43333333333334,92.70833333334849,1
1396,1395.999999999992,375.67222200000003,375.6666666666667,5.5553333333477894,1
1397,1396.999999999992,376.00382,375.8,203.82000000000744,1
1398,1397.999999999992,376.335417,376.1666666666667,168.75033333332112,1
1399,1398.9999999999918,376.667014,376.26666666666665,400.34733333334316,1
1400,1399.9999999999918,376.998611,376.1666666666667,831.944333333297,1
1401,1400.9999999999918,377.33020899999997,376.26666666666665,1063.5423333333165,1
1402,1401.9999999999918,377.578125,376.53333333333336,1044.7916666666401,1
1403,1402.9999999999918,377.772917,376.76666666666665,1006.2503333333552,1
1404,1403.9999999999918,377.960417,377.1666666666667,793.7503333333211,1
1405,1404.9999999999918,378.146875,377.43333333333334,713.5416666666856,1
1406,1405.9999999999918,378.322917,377.73333333333335,589.5836666666696,1
1407,1406.9999999999918,378.376042,377.96666666666664,409.37533333334386,1
1408,1407.9999999999918,378.654167,378.2,454.166999999984,1
1409,1408.9999999999918,378.835417,378.4,435.4170000000295,1
1410,1409.9999999999918,378.984375,378.76666666666665,217.7083333333485,1
1411,1410.9999999999918,379.170833,379.0,170.833000000016,1
1412,1411.9999999999918,379.325,379.1333333333333,191.66666666666288,1
1413,1412.9999999999918,379.488542,379.6,111.45800000002737,1
1414,1413.9999999999918,379.6375,379.8333333333333,195.83333333332575,1
1415,1414.9999999999918,379.816667,380.06666666666666,249.9996666666675,1
1416,1415.9999999999918,379.96875,379.8666666666667,102.08333333332575,1
1417,1416.9999999999918,380.175,380.0,175.00000000001137,1
1418,1417.9999999999918,380.344792,380.5,155.208000000016,1
1419,1418.999999999992,380.527083,380.76666666666665,239.58366666664688,1
1420,1419.999999999992,380.802777,380.8333333333333,30.556333333322527,1
1421,1420.999999999992,381.07847200000003,380.8,278.47200000002204,1
1422,1421.999999999992,381.354167,380.56666666666666,787.5003333333552,1
1423,1422.9999999999918,381.629861,380.8666666666667,763.1943333333311,1
1424,1423.9999999999918,381.905555,381.1333333333333,772.2216666666668,1
1425,1424.9999999999918,382.18125,381.3666666666667,814.583333333303,1
1426,1425.9999999999918,382.517708,381.6333333333333,884.3746666667016,1
1427,1426.9999999999918,382.742708,382.06666666666666,676.0413333333304,1
1428,1427.9999999999918,382.963542,382.1666666666667,796.8753333333325,1
1429,1428.9999999999918,383.170833,382.4,770.8330000000387,1
1430,1429.9999999999918,383.366667,382.7,666.6670000000181,1
1431,1430.9999999999918,383.588542,382.93333333333334,655.208666666681,1
1432,1431.9999999999918,383.8125,383.1666666666667,645.8333333333144,1
1433,1432.9999999999918,383.967708,383.3333333333333,634.3746666667016,1
1434,1433.9999999999918,384.178125,383.56666666666666,611.4583333333599,1
1435,1434.9999999999918,384.329167,383.8,529.1669999999726,1
1436,1435.9999999999918,384.51875,384.03333333333336,485.4166666666515,1
1437,1436.9999999999918,384.73125,384.46666666666664,264.5833333333485,1
1438,1437.9999999999918,384.921875,384.7,221.87500000001137,1
1439,1438.9999999999918,385.097917,384.73333333333335,364.5836666666469,1
1440,1439.9999999999918,385.2875,384.8,487.50000000001137,1
1441,1440.9999999999918,385.482292,384.93333333333334,548.9586666666355,1
1442,1441.9999999999918,385.678125,385.1,578.125,1
1443,1442.9999999999918,385.8375,385.3,537.4999999999659,1
1444,1443.9999999999918,386.064583,385.56666666666666,497.9163333333645,1
1445,1444.9999999999918,386.264583,385.6666666666667,597.9163333333304,1
1446,1445.9999999999918,386.46875,385.9,568.7500000000227,1
1447,1446.9999999999918,386.654167,386.06666666666666,587.5003333333098,1
1448,1447.9999999999918,386.859375,386.3333333333333,526.0416666666856,1
1449,1448.9999999999918,387.08125,386.5,581.2500000000114,1
1450,1449.9999999999918,387.273958,386.76666666666665,507.29133333334175,1
1451,1450.9999999999918,387.455208,387.0,455.20800000002737,1
1452,1451.9999999999918,387.66875,387.1,568.7499999999659,1
1453,1452.9999999999918,387.871875,387.26666666666665,605.2083333333371,1
1454,1453.9999999999918,388.065625,387.53333333333336,532.2916666666515,1
1455,1454.9999999999918,388.275,387.76666666666665,508.33333333332575,1
1456,1455.9999999999918,388.460417,387.76666666666665,693.7503333333552,1
1457,1456.9999999999918,388.6125,388.03333333333336,579.1666666666515,1
1458,1457.9999999999918,388.804167,388.2,604.1670000000181,1
1459,1458.9999999999918,388.951042,388.46666666666664,484.3753333333325,1
1460,1459.9999999999918,389.126042,388.7,426.04199999999537,1
1461,1460.9999999999918,389.341667,388.96666666666664,375.0003333333325,1
1462,1461.9999999999918,389.469792,389.06666666666666,403.1253333333211,1
1463,1462.9999999999918,389.659375,389.3333333333333,326.041666666697,1
1464,1463.9999999999918,389.8625,389.43333333333334,429.16666666667425,1
1465,1464.9999999999918,390.054167,389.6666666666667,387.5003333333211,1
1466,1465.9999999999918,390.247917,389.93333333333334,314.5836666666355,1
1467,1466.9999999999918,390.429167,390.1666666666667,262.5003333333211,1
1468,1467.9999999999918,390.638542,390.43333333333334,205.2086666666355,1
1469,1468.9999999999918,390.851042,390.23333333333335,617.7086666666582,1
1470,1469.9999999999918,391.083333,390.43333333333334,649.9996666666448,1
1471,1470.9999999999918,391.339583,390.6333333333333,706.2496666666789,1
1472,1471.9999999999918,391.61875,390.8333333333333,785.4166666666629,1
1473,1472.9999999999918,392.034375,391.06666666666666,967.7083333333485,1
1474,1473.9999999999918,392.45104100000003,391.26666666666665,1184.3743333333805,1
1475,1474.9999999999925,392.560417,391.53333333333336,1027.0836666666128,1
1476,1475.9999999999925,392.800521,391.8,1000.520999999992,1
1477,1476.9999999999925,393.036458,392.1,936.4579999999592,1
1478,1477.9999999999923,393.22135499999996,392.4,821.3549999999827,1
1479,1478.9999999999923,393.463542,392.8333333333333,630.2086666667037,1
1480,1479.999999999992,393.734896,393.03333333333336,701.5626666666321,1
1481,1480.999999999992,393.86927099999997,393.23333333333335,635.9376666666208,1
1482,1481.999999999992,394.08020899999997,393.43333333333334,646.8756666666309,1
1483,1482.999999999992,394.296875,393.6666666666667,630.2083333333144,1
1484,1483.9999999999923,394.511458,393.8666666666667,644.7913333333304,1
1485,1484.9999999999918,394.777083,393.96666666666664,810.4163333333645,1
1486,1485.9999999999918,395.023438,394.3,723.4379999999874,1
1487,1486.9999999999916,395.15052099999997,394.43333333333334,717.1876666666321,1
1488,1487.9999999999918,395.39375,394.73333333333335,660.4166666666629,1
1489,1488.9999999999916,395.604167,394.93333333333334,670.833666666681,1
1490,1489.9999999999916,395.774479,395.2,574.4789999999966,1
1491,1490.9999999999918,396.017708,395.4,617.7080000000501,1
1492,1491.9999999999914,396.265625,395.6,665.6249999999773,1
1493,1492.9999999999916,396.41197900000003,395.8,611.9790000000194,1
1494,1493.9999999999914,396.64218700000004,395.96666666666664,675.5203333333952,1
1495,1494.9999999999916,396.875,396.23333333333335,641.6666666666515,1
1496,1495.9999999999911,397.092709,396.43333333333334,659.3756666666764,1
1497,1496.9999999999914,397.302083,396.6333333333333,668.7496666666561,1
1498,1497.9999999999905,397.524479,396.8333333333333,691.1456666666709,1
1499,1498.9999999999905,397.66614599999997,397.03333333333336,632.8126666666094,1
1500,1499.9999999999905,397.859375,397.26666666666665,592.7083333333485,1
1501,1500.9999999999905,398.084375,397.53333333333336,551.0416666666629,1
1502,1501.9999999999902,398.290625,397.73333333333335,557.2916666666288,1
1503,1502.9999999999902,398.48125,397.96666666666664,514.5833333333485,1
1504,1503.99999999999,398.71718799999996,398.03333333333336,683.8546666666048,1
1505,1504.99999999999,398.865625,398.26666666666665,598.9583333333712,1
1506,1505.99999999999,399.06406200000004,398.46666666666664,597.3953333333952,1
1507,1506.9999999999898,399.273958,398.6333333333333,640.6246666666675,1
1508,1507.9999999999898,399.47864599999997,398.93333333333334,545.3126666666321,1
1509,1508.9999999999898,399.713542,399.1666666666667,546.8753333333325,1
1510,1509.9999999999895,399.952605,399.3666666666667,585.9383333333312,1
1511,1510.9999999999895,400.051042,399.6,451.04199999997263,1
1512,1511.9999999999895,400.329166,399.7,629.1659999999979,1
1513,1512.9999999999895,400.53125,399.9,631.2500000000227,1
1514,1513.9999999999895,400.739583,400.1,639.5829999999592,1
1515,1514.9999999999893,400.966667,400.26666666666665,700.0003333333211,1
1516,1515.9999999999893,401.213542,400.53333333333336,680.2086666666582,1
1517,1516.999999999989,401.401042,400.7,701.0420000000295,1
1518,1517.9999999999893,401.621875,400.9,721.8750000000114,1
1519,1518.999999999989,401.875,401.1666666666667,708.3333333333144,1
1520,1519.999999999989,402.122917,401.3666666666667,756.2503333332984,1
1521,1520.9999999999889,402.4375,401.6333333333333,804.1666666666742,1
1522,1521.9999999999889,402.700521,401.8666666666667,833.8543333333064,1
1523,1522.9999999999884,402.81875,402.1333333333333,685.416666666697,1
1524,1523.9999999999889,403.073959,402.3666666666667,707.2923333333279,1
1525,1524.9999999999889,403.296875,402.6,696.8749999999773,1
1526,1525.9999999999884,403.46875,402.8333333333333,635.4166666666856,1
1527,1526.9999999999884,403.672917,403.06666666666666,606.2503333333211,1
1528,1527.9999999999882,403.907291,403.26666666666665,640.624333333335,1
1529,1528.9999999999882,404.033333,403.46666666666664,566.6663333333872,1
1530,1529.9999999999882,404.252083,403.6666666666667,585.4163333333418,1
1531,1530.9999999999882,404.473958,403.8333333333333,640.6246666666675,1
1532,1531.999999999988,404.645833,404.03333333333336,612.499666666622,1
1533,1532.999999999988,404.859375,404.23333333333335,626.0416666666515,1
1534,1533.9999999999882,405.098437,404.43333333333334,665.1036666666528,1
1535,1534.9999999999877,405.219791,404.6333333333333,586.4576666666608,1
1536,1535.9999999999882,405.423958,404.8,623.958000000016,1
1537,1536.9999999999877,405.640625,405.03333333333336,607.2916666666401,1
1538,1537.9999999999877,405.816667,405.26666666666665,550.0003333333439,1
1539,1538.9999999999875,405.997917,405.5,497.91699999997263,1
1540,1539.9999999999875,406.219271,405.6,619.2709999999693,1
1541,1540.9999999999875,406.347396,405.8666666666667,480.7293333333291,1
1542,1541.9999999999875,406.539063,406.06666666666666,472.39633333333586,1
1543,1542.999999999987,406.8125,406.1666666666667,645.8333333333144,1
1544,1543.999999999987,407.105209,406.4,705.2090000000248,1
1545,1544.9999999999868,407.580208,406.53333333333336,1046.8746666666675,1
1546,1545.9999999999868,407.836198,406.7,1136.1980000000358,1
1547,1546.9999999999866,408.09218799999996,406.96666666666664,1125.5213333333245,1
1548,1547.9999999999868,408.271875,407.26666666666665,1005.2083333333712,1
1549,1548.9999999999868,408.492708,407.7,792.7080000000046,1
1550,1549.9999999999868,408.648958,407.93333333333334,715.6246666666561,1
1551,1550.9999999999864,408.841667,408.23333333333335,608.3336666666241,1
1552,1551.9999999999864,409.0125,408.5,512.4999999999886,1
1553,1552.9999999999861,409.191667,408.6666666666667,525.0003333333098,1
1554,1553.9999999999861,409.3875,408.96666666666664,420.8333333333485,1
1555,1554.9999999999861,409.590625,409.1333333333333,457.2916666666629,1
1556,1555.9999999999861,409.79375,409.1333333333333,660.4166666666629,1
1557,1556.9999999999861,409.996875,409.1333333333333,863.5416666666629,1
1558,1557.999999999986,410.204167,409.6666666666667,537.5003333332984,1
1559,1558.999999999986,410.376042,409.73333333333335,642.7086666666355,1
1560,1559.9999999999857,410.544792,410.03333333333336,511.45866666661277,1
1561,1560.9999999999857,410.779167,410.1,679.1669999999499,1
1562,1561.9999999999857,410.944792,410.43333333333334,511.4586666666696,1
1563,1562.9999999999857,411.133333,410.56666666666666,566.6663333333304,1
1564,1563.9999999999854,411.3,410.73333333333335,566.6666666666629,1
1565,1564.9999999999854,411.466667,410.96666666666664,500.0003333333325,1
1566,1565.9999999999854,411.653125,411.2,453.125,1
1567,1566.9999999999852,411.879166,411.3666666666667,512.4993333333236,1
1568,1567.9999999999854,412.089063,411.5,589.0630000000101,1
1569,1568.9999999999852,412.339583,411.6,739.5829999999819,1
1570,1569.9999999999852,412.645312,411.8666666666667,778.6453333333156,1
1571,1570.9999999999852,412.841146,412.1,741.1459999999579,1
1572,1571.9999999999852,413.016145,412.3,716.1449999999832,1
1573,1572.9999999999852,413.198958,412.5,698.9580000000046,1
1574,1573.9999999999852,413.370313,412.8333333333333,536.9796666666957,1
1575,1574.999999999985,413.560417,413.03333333333336,527.0836666666128,1
1576,1575.999999999985,413.744792,413.2,544.7920000000295,1
1577,1576.9999999999848,413.930208,413.5,430.20799999999326,1
1578,1577.9999999999848,414.13125,413.73333333333335,397.91666666667425,1
1579,1578.9999999999848,414.34722200000004,413.8666666666667,480.5553333333705,1
1580,1579.9999999999845,414.563195,413.96666666666664,596.5283333333673,1
1581,1580.9999999999848,414.779167,414.2,579.166999999984,1
1582,1581.9999999999843,414.95625,414.4,556.2500000000341,1
1583,1582.9999999999843,415.132292,414.6666666666667,465.6253333333211,1
1584,1583.999999999984,415.310417,414.9,410.41699999999537,1
1585,1584.9999999999843,415.5375,415.0,537.5000000000227,1
1586,1585.999999999984,415.699479,415.1,599.4789999999739,1
1587,1586.999999999984,415.891146,415.3666666666667,524.4793333333178,1
1588,1587.9999999999839,416.061458,415.5,561.458000000016,1
1589,1588.9999999999839,416.217708,415.6666666666667,551.0413333333304,1
1590,1589.9999999999834,416.420833,415.8666666666667,554.1663333333418,1
1591,1590.9999999999834,416.635417,416.03333333333336,602.0836666666582,1
1592,1591.9999999999834,416.802083,416.3,502.0829999999705,1
1593,1592.9999999999834,417.010417,416.43333333333334,577.083666666681,1
1594,1593.9999999999832,417.20625,416.6,606.2499999999886,1
1595,1594.9999999999832,417.378125,416.8333333333333,544.791666666697,1
1596,1595.9999999999832,417.53281200000004,417.06666666666666,466.1453333333725,1
1597,1596.999999999983,417.73125,417.2,531.25,1
1598,1597.999999999983,417.903125,417.5,403.12499999998863,1
1599,1598.999999999983,418.057813,417.73333333333335,324.4796666666616,1
1600,1599.999999999983,418.239583,417.96666666666664,272.91633333334175,1
1601,1600.9999999999827,418.414583,418.3333333333333,81.24966666667888,1
1602,1601.9999999999827,418.577083,418.3333333333333,243.74966666670161,1
1603,1602.9999999999825,418.79947999999996,418.5,299.47999999996,1
1604,1603.9999999999825,419.010938,418.56666666666666,444.27133333334723,1
1605,1604.9999999999823,419.291667,418.8,491.66700000000674,1
1606,1605.9999999999825,419.526042,418.8,726.0420000000067,1
1607,1606.999999999982,419.692708,419.0,692.7079999999819,1
1608,1607.999999999982,419.87343799999996,419.2,673.437999999976,1
1609,1608.999999999982,420.039583,419.43333333333334,606.2496666666561,1
1610,1609.9999999999818,420.221875,419.73333333333335,488.5416666666629,1
1611,1610.9999999999818,420.386458,419.8666666666667,519.7913333333304,1
1612,1611.9999999999816,420.586458,420.06666666666666,519.7913333333304,1
1613,1612.9999999999816,420.767708,420.26666666666665,501.04133333337586,1
1614,1613.9999999999814,421.015625,420.26666666666665,748.9583333333485,1
1615,1614.9999999999814,421.30625,420.26666666666665,1039.5833333333258,1
1616,1615.9999999999811,421.586458,420.8333333333333,753.1246666666789,1
1617,1616.9999999999811,421.955208,421.0,955.2080000000274,1
1618,1617.999999999981,422.420833,421.2,1220.8330000000274,1
1619,1618.999999999981,422.626042,421.46666666666664,1159.3753333333439,1
1620,1619.999999999981,422.734375,421.76666666666665,967.7083333333485,1
1621,1620.9999999999807,422.852083,422.03333333333336,818.7496666666334,1
1622,1621.999999999981,423.00625,422.23333333333335,772.9166666666742,1
1623,1622.9999999999807,423.205208,422.53333333333336,671.8746666666675,1
1624,1623.9999999999807,423.324479,422.8666666666667,457.8123333333224,1
1625,1624.9999999999804,423.505208,423.03333333333336,471.87466666662203,1
1626,1625.9999999999807,423.660937,423.1333333333333,527.6036666666641,1
1627,1626.9999999999802,423.907292,423.46666666666664,440.62533333334386,1
1628,1627.9999999999804,424.2,423.6333333333333,566.6666666666629,1
1629,1628.9999999999802,425.11875,423.8666666666667,1252.083333333303,1
1630,1629.9999999999802,425.855208,424.4,1455.2080000000274,1
1631,1630.9999999999798,426.063542,424.2,1863.5419999999954,1
1632,1631.9999999999802,426.380208,424.4,1980.2080000000046,1
1633,1632.9999999999798,426.719792,425.23333333333335,1486.4586666666355,1
1634,1633.9999999999798,426.995834,425.53333333333336,1462.5006666666422,1
1635,1634.9999999999798,427.26875,425.8,1468.75,1
1636,1635.9999999999795,427.59947900000003,426.56666666666666,1032.8123333333679,1
1637,1636.9999999999795,427.733333,426.8333333333333,899.9996666667016,1
1638,1637.9999999999795,427.966667,427.1333333333333,833.3336666666469,1
1639,1638.9999999999795,428.226563,427.43333333333334,793.2296666666616,1
1640,1639.9999999999793,428.422396,427.7,722.3960000000034,1
1641,1640.9999999999793,428.6625,427.96666666666664,695.8333333333826,1
1642,1641.999999999979,428.941667,428.1666666666667,775.0003333333098,1
1643,1642.999999999979,429.069792,428.4,669.7920000000295,1
1644,1643.999999999979,429.295833,428.6,695.8329999999933,1
1645,1644.999999999979,429.530208,428.8666666666667,663.5413333333418,1
1646,1645.9999999999789,429.717708,429.1,617.7079999999933,1
1647,1646.9999999999789,429.945833,429.3,645.8329999999819,1
1648,1647.9999999999789,430.20625,429.46666666666664,739.5833333333712,1
1649,1648.9999999999786,430.3375,429.7,637.4999999999886,1
1650,1649.9999999999789,430.56875,429.8666666666667,702.0833333333485,1
1651,1650.9999999999786,430.847916,430.1666666666667,681.2493333333123,1
1652,1651.9999999999786,431.114063,430.4,714.0630000000101,1
1653,1652.9999999999784,431.402084,430.6,802.0839999999794,1
1654,1653.9999999999784,431.718229,430.8,918.2289999999966,1
1655,1654.999999999978,431.868229,431.03333333333336,834.8956666666254,1
1656,1655.9999999999784,432.20885400000003,431.3,908.8540000000194,1
1657,1656.999999999978,432.540625,431.53333333333336,1007.2916666666174,1
1658,1657.999999999978,432.7875,431.8333333333333,954.1666666667084,1
1659,1658.9999999999777,432.960417,432.06666666666666,893.7503333333439,1
1660,1659.9999999999777,433.34947900000003,432.3333333333333,1016.1456666667164,1
1661,1660.9999999999777,433.49375,432.7,793.7499999999886,1
1662,1661.9999999999777,433.77968799999996,432.93333333333334,846.3546666666275,1
1663,1662.9999999999777,434.094271,433.2,894.2710000000034,1
1664,1663.9999999999775,434.317708,433.46666666666664,851.0413333333418,1
1665,1664.9999999999775,434.515625,433.7,815.6250000000114,1
1666,1665.9999999999773,434.855208,433.93333333333334,921.8746666666675,1
1667,1666.9999999999773,434.988021,434.3,688.020999999992,1
1668,1667.9999999999773,435.260417,434.46666666666664,793.750333333378,1
1669,1668.9999999999773,435.546875,434.7,846.8750000000114,1
1670,1669.999999999977,435.799479,434.96666666666664,832.8123333333792,1
1671,1670.999999999977,435.99375,435.2,793.7499999999886,1
1672,1671.9999999999768,436.37448,435.46666666666664,907.8133333333653,1
1673,1672.9999999999768,436.494792,435.7,794.7920000000295,1
1674,1673.999999999977,436.7625,436.0,762.4999999999886,1
1675,1674.9999999999768,437.06406200000004,436.2,864.0620000000467,1
1676,1675.9999999999768,437.292188,436.5,792.1880000000101,1
1677,1676.9999999999766,437.49791600000003,436.7,797.9160000000434,1
1678,1677.9999999999766,437.8375,436.96666666666664,870.8333333333371,1
1679,1678.999999999976,437.977083,437.23333333333335,743.7496666666448,1
1680,1679.9999999999766,438.20625,437.43333333333334,772.9166666666742,1
1681,1680.999999999976,438.475,437.7,775.0000000000341,1
1682,1681.999999999976,438.7125,437.93333333333334,779.1666666666401,1
1683,1682.9999999999757,438.90625,438.1666666666667,739.5833333333144,1
1684,1683.9999999999757,439.240625,438.4,840.6250000000455,1
1685,1684.9999999999754,439.37448,438.6666666666667,707.8133333333199,1
1686,1685.9999999999757,439.614583,438.9,714.5830000000046,1
1687,1686.9999999999757,439.876042,439.1333333333333,742.7086666666582,1
1688,1687.9999999999754,440.082813,439.4,682.8130000000101,1
1689,1688.9999999999752,440.272917,439.6,672.916999999984,1
1690,1689.9999999999752,440.621875,439.8333333333333,788.5416666666742,1
1691,1690.9999999999752,440.763542,440.06666666666666,696.8753333333098,1
1692,1691.9999999999752,440.979688,440.3,679.6879999999987,1
1693,1692.9999999999752,441.235417,440.53333333333336,702.0836666666241,1
1694,1693.999999999975,441.467708,440.8,667.7080000000046,1
1695,1694.999999999975,441.664583,440.96666666666664,697.9163333333531,1
1696,1695.9999999999748,441.991146,441.2,791.1460000000261,1
1697,1696.9999999999748,442.11927099999997,441.43333333333334,685.9376666666321,1
1698,1697.9999999999748,442.355208,441.6666666666667,688.541333333319,1
1699,1698.9999999999748,442.614583,441.8666666666667,747.9163333333076,1
1700,1699.9999999999748,442.81875,442.1333333333333,685.416666666697,1
1701,1700.9999999999745,443.057292,442.4,657.2920000000408,1
1702,1701.9999999999745,443.334375,442.6,734.375,1
1703,1702.9999999999743,443.460938,442.8333333333333,627.6046666666844,1
1704,1703.9999999999745,443.702083,440.3,3402.0830000000046,1
1705,1704.9999999999743,443.95885400000003,443.26666666666665,692.1873333333792,1
1706,1705.9999999999743,444.155209,443.5,655.2090000000135,1
1707,1706.9999999999739,444.399479,443.7,699.4789999999966,1
1708,1707.9999999999739,444.65781200000004,443.93333333333334,724.4786666666982,1
1709,1708.9999999999736,444.780729,444.1666666666667,614.0623333333224,1
1710,1709.9999999999739,445.023438,444.4,623.4380000000215,1
1711,1710.9999999999736,445.288542,444.6,688.541999999984,1
1712,1711.9999999999736,445.528125,444.8,728.1249999999773,1
1713,1712.9999999999736,445.869792,445.0,869.7920000000181,1
1714,1713.9999999999734,446.233334,445.23333333333335,1000.000666666665,1
1715,1714.9999999999748,446.402083,445.46666666666664,935.4163333333645,1
1716,1715.9999999999748,446.641667,445.73333333333335,908.3336666666355,1
1717,1716.9999999999748,446.88489599999997,446.0,884.8959999999693,1
1718,1717.999999999975,447.17031299999996,446.4,770.3129999999874,1
1719,1718.999999999975,447.464583,446.6333333333333,831.2496666666789,1
1720,1719.999999999975,447.796875,446.8,996.8749999999886,1
1721,1720.999999999975,447.953125,447.06666666666666,886.4583333333371,1
1722,1721.999999999975,448.186459,447.3333333333333,853.1256666666991,1
1723,1722.999999999975,448.46302099999997,447.6,863.0209999999465,1
1724,1723.999999999975,448.75989599999997,447.9,859.895999999992,1
1725,1724.999999999975,449.145312,448.1333333333333,1011.9786666666641,1
1726,1725.9999999999752,449.44747,448.4,1047.4700000000325,1
1727,1726.9999999999752,449.74962800000003,448.7,1049.628000000041,1
1728,1727.9999999999752,450.05178600000005,448.96666666666664,1085.1193333334095,1
1729,1728.9999999999752,450.353944,449.3333333333333,1020.6106666666983,1
1730,1729.9999999999752,450.656101,449.56666666666666,1089.4343333333154,1
1731,1730.999999999975,450.958259,449.6666666666667,1291.5923333333126,1
1732,1731.999999999975,451.260417,449.8333333333333,1427.0836666667037,1
1733,1732.9999999999804,451.6375,450.1,1537.499999999966,1
1734,1733.9999999999802,451.93593799999996,450.56666666666666,1369.2713333333018,1
1735,1734.9999999999802,452.234896,451.1666666666667,1068.2293333333064,1
1736,1735.9999999999798,452.542708,451.43333333333334,1109.3746666666675,1
1737,1736.9999999999798,453.016146,451.8,1216.1459999999806,1
1738,1737.9999999999802,453.373308,452.06666666666666,1306.6413333333458,1
1739,1738.9999999999802,453.730469,452.43333333333334,1297.1356666666907,1
1740,1739.9999999999802,454.08763,452.76666666666665,1320.9633333333386,1
1741,1740.9999999999798,454.444792,453.2,1244.792000000018,1
1742,1741.9999999999918,454.94322900000003,453.4,1543.2290000000535,1
1743,1742.9999999999918,455.668229,453.7,1968.229000000008,1
1744,1743.9999999999918,456.10527300000007,453.96666666666664,2138.6063333334278,1
1745,1744.9999999999916,456.54231799999997,454.2,2342.3179999999775,1
1746,1745.9999999999916,456.97936200000004,454.46666666666664,2512.6953333333972,1
1747,1746.9999999999916,457.41640599999994,454.7,2716.4059999999495,1
1748,1747.9999999999916,457.85345099999995,454.9,2953.4509999999727,1
1749,1748.9999999999918,458.290495,454.96666666666664,3323.828333333381,1
1750,1749.999999999972,458.727539,453.9,4827.539000000002,1
1751,1750.9999999999718,459.164583,454.0,5164.582999999993,1
1752,1751.9999999999714,459.391146,454.0,5391.145999999992,1
1753,1752.9999999999714,459.623959,457.23333333333335,2390.625666666665,1
1754,1753.9999999999714,459.856771,457.5,2356.7709999999806,1
1755,1754.9999999999704,460.109896,457.73333333333335,2376.5626666666435,1
1756,1755.9999999999707,460.317622,457.9,2417.6219999999944,1
1757,1756.9999999999707,460.52534699999995,457.9,2625.3469999999766,1
1758,1757.9999999999704,460.73307300000005,455.2,5533.0730000000585,1
1759,1758.9999999999704,460.940799,457.4,3540.7990000000495,1
1760,1759.9999999999704,461.148524,456.1,5048.523999999987,1
1761,1760.99999999997,461.35625,456.2,5156.25,1
1762,1761.9999999999704,461.63923600000004,457.3666666666667,4272.569333333366,1
1763,1762.9999999999702,461.922222,457.4,4522.222,1
1764,1763.9999999999702,462.205208,457.43333333333334,4771.87466666669,1
1765,1764.9999999999702,462.440451,457.4,5040.451000000019,1
1766,1765.9999999999704,462.675694,457.46666666666664,5209.027333333381,1
1767,1766.9999999999702,462.910937,457.43333333333334,5477.603666666653,1
1768,1767.9999999999702,463.14618099999996,457.76666666666665,5379.514333333304,1
1769,1768.9999999999702,463.38142400000004,458.03333333333336,5348.090666666678,1
1770,1769.99999999997,463.616667,458.26666666666665,5350.000333333355,1
1771,1770.9999999999702,463.78333399999997,458.5,5283.333999999968,1
1772,1771.9999999999698,463.95,463.5,449.99999999998863,1
1773,1772.9999999999698,464.204167,463.6,604.1669999999613,1
1774,1773.9999999999698,464.426042,463.8333333333333,592.708666666681,1
1775,1774.9999999999698,464.647917,463.93333333333334,714.5836666666696,1
1776,1775.9999999999684,464.85364599999997,464.1666666666667,686.9793333332836,1
1777,1776.9999999999688,465.06901100000005,464.4,669.0110000000686,1
1778,1777.9999999999686,465.284375,464.6666666666667,617.7083333333258,1
1779,1778.999999999968,465.52135400000003,464.8,721.3540000000194,1
1780,1779.9999999999677,465.72890599999994,464.93333333333334,795.572666666601,1
1781,1780.999999999968,465.936458,465.06666666666666,869.7913333333531,1
1782,1781.999999999968,466.14401,465.43333333333334,710.6766666666431,1
1783,1782.999999999968,466.351563,465.7,651.5630000000101,1
1784,1783.9999999999677,466.559115,465.93333333333334,625.7816666666827,1
1785,1784.9999999999675,466.766667,466.2,566.6669999999954,1
1786,1785.9999999999677,467.019097,466.43333333333334,585.7636666666508,1
1787,1786.9999999999677,467.27152800000005,466.6,671.5280000000234,1
1788,1787.9999999999675,467.523958,466.7,823.9580000000046,1
1789,1788.9999999999675,467.75329800000003,466.93333333333334,819.9646666666922,1
1790,1789.9999999999675,467.98263899999995,467.2,782.6389999999606,1
1791,1790.9999999999677,468.211979,467.46666666666664,745.3123333333451,1
1792,1791.9999999999675,468.441319,467.8,641.31900000001,1
1793,1792.9999999999675,468.67065999999994,467.93333333333334,737.3266666666041,1
1794,1793.9999999999673,468.9,468.3666666666667,533.333333333303,1
1795,1794.9999999999673,469.059375,468.6,459.3749999999659,1
1796,1795.9999999999668,469.21875,468.8,418.74999999998863,1
1797,1796.9999999999668,469.453125,468.8333333333333,619.7916666666856,1
1798,1797.999999999967,469.629861,469.06666666666666,563.1943333333425,1
1799,1798.9999999999668,469.80659699999995,469.2,606.5969999999652,1
1800,1799.9999999999668,469.983333,469.4,583.3330000000387,1
1801,1800.999999999967,470.17326399999996,469.6333333333333,539.9306666666348,1
1802,1801.9999999999668,470.363194,469.9,463.19400000004407,1
1803,1802.9999999999668,470.553125,470.1333333333333,419.791666666697,1
1804,1803.9999999999668,470.75972199999995,470.23333333333335,526.3886666666053,1
1805,1804.9999999999666,470.96632,470.4,566.3200000000188,1
1806,1805.9999999999663,471.172917,470.8666666666667,306.25033333330975,1
1807,1806.9999999999668,471.36793200000005,470.93333333333334,434.59866666671587,1
1808,1807.9999999999668,471.56294699999995,471.1333333333333,429.6136666666257,1
1809,1808.9999999999666,471.757961,471.4,357.9610000000457,1
1810,1809.9999999999666,471.952976,471.46666666666664,486.30933333333815,1
1811,1810.9999999999668,472.147991,471.7,447.9910000000018,1
1812,1811.9999999999668,472.34300599999995,471.9,443.0059999999685,1
1813,1812.9999999999666,472.538021,472.1666666666667,371.3543333333291,1
1814,1813.9999999999666,472.72057300000006,472.4,320.57300000008127,1
1815,1814.9999999999666,472.903125,472.4,503.12500000001137,1
1816,1815.9999999999668,473.085677,472.56666666666666,519.0103333333127,1
1817,1816.9999999999666,473.268229,472.8,468.229000000008,1
1818,1817.9999999999666,473.45078099999995,473.06666666666666,384.1143333332866,1
1819,1818.9999999999666,473.633333,473.3,333.3329999999819,1
1820,1819.9999999999666,473.815885,473.56666666666666,249.21833333331733,1
1821,1820.9999999999668,473.998437,473.8,198.43700000001263,1
1822,1821.9999999999668,474.18098899999995,472.43333333333334,1747.655666666617,1
1823,1822.9999999999668,474.363541,472.43333333333334,1930.2076666666608,1
1824,1823.999999999966,474.538542,472.43333333333334,2105.2086666666696,1
1825,1824.999999999966,474.75234400000005,472.43333333333334,2319.0106666667134,1
1826,1825.9999999999652,474.96614500000004,472.43333333333334,2532.811666666703,1
1827,1826.9999999999648,475.21927,472.43333333333334,2785.9366666666574,1
1828,1827.9999999999645,475.424218,475.3666666666667,57.55133333332196,1
1829,1828.9999999999645,475.629166,476.3666666666667,737.5006666666764,1
1830,1829.9999999999648,475.83411399999994,476.53333333333336,699.2193333334171,1
1831,1830.9999999999648,476.039062,475.4,639.062000000024,1
1832,1831.9999999999645,476.24400999999995,475.6333333333333,610.6766666666203,1
1833,1832.9999999999645,476.448958,475.9,548.9580000000274,1
1834,1833.9999999999643,476.699653,476.1333333333333,566.3196666666863,1
1835,1834.9999999999645,476.95034699999997,476.26666666666665,683.6803333333137,1
1836,1835.999999999964,477.201042,476.3333333333333,867.7086666666582,1
1837,1836.9999999999643,477.3875,476.6,787.4999999999659,1
1838,1837.9999999999643,477.573958,476.8666666666667,707.2913333333304,1
1839,1838.9999999999643,477.760417,476.93333333333334,827.083666666681,1
1840,1839.9999999999645,477.946875,476.93333333333334,1013.5416666666401,1
1841,1840.9999999999638,478.133333,477.6333333333333,499.9996666666675,1
1842,1841.9999999999638,478.371875,477.9,471.87500000001137,1
1843,1842.9999999999638,478.530209,477.96666666666664,563.5423333333733,1
1844,1843.9999999999636,478.688542,477.96666666666664,721.8753333333439,1
1845,1844.9999999999636,478.926042,477.96666666666664,959.3753333333552,1
1846,1845.9999999999636,479.145313,477.96666666666664,1178.6463333333472,1
1847,1846.9999999999636,479.364583,477.96666666666664,1397.9163333333418,1
1848,1847.9999999999627,479.563542,477.96666666666664,1596.8753333333439,1
1849,1848.9999999999627,479.77526100000006,479.1333333333333,641.9276666667315,1
1850,1849.9999999999627,479.986979,479.4,586.9790000000421,1
1851,1850.9999999999616,480.234375,479.53333333333336,701.0416666666401,1
1852,1851.999999999962,480.45243,479.7,752.4300000000039,1
1853,1852.9999999999616,480.67048600000004,479.93333333333334,737.1526666667023,1
1854,1853.9999999999616,480.88854100000003,480.1666666666667,721.8743333333464,1
1855,1854.999999999962,481.10659699999997,480.4,706.5969999999879,1
1856,1855.999999999962,481.324653,480.6666666666667,657.9863333333265,1
1857,1856.9999999999616,481.542708,480.9,642.7080000000274,1
1858,1857.9999999999616,481.79756900000007,481.1666666666667,630.9023333333812,1
1859,1858.9999999999613,482.05243099999996,481.3333333333333,719.0976666666415,1
1860,1859.9999999999616,482.307292,481.43333333333334,873.958666666681,1
1861,1860.9999999999616,482.536459,481.6666666666667,869.7923333332938,1
1862,1861.9999999999613,482.765625,481.96666666666664,798.9583333333599,1
1863,1862.9999999999613,482.994792,482.26666666666665,728.1253333333666,1
1864,1863.9999999999613,483.223959,482.53333333333336,690.6256666666195,1
1865,1864.9999999999613,483.453125,482.76666666666665,686.4583333333485,1
1866,1865.999999999961,483.682292,482.96666666666664,715.625333333378,1
1867,1866.9999999999613,483.831771,483.26666666666665,565.1043333333519,1
1868,1867.999999999961,483.98125,483.46666666666664,514.5833333333485,1
1869,1868.9999999999607,484.22083399999997,483.7,520.8339999999794,1
1870,1869.999999999961,484.395486,483.8666666666667,528.8193333333311,1
1871,1870.999999999961,484.570139,484.1333333333333,436.80566666665754,1
1872,1871.9999999999607,484.744792,484.1666666666667,578.1253333333325,1
1873,1872.9999999999607,484.932986,484.4,532.9860000000508,1
1874,1873.9999999999607,485.121181,484.6333333333333,487.8476666666529,1
1875,1874.9999999999607,485.309375,484.73333333333335,576.0416666666401,1
1876,1875.9999999999607,485.554167,485.06666666666666,487.50033333334386,1
1877,1876.9999999999607,485.798958,485.1333333333333,665.6246666667016,1
1878,1877.9999999999604,486.04375,485.26666666666665,777.0833333333371,1
1879,1878.9999999999604,486.252517,485.53333333333336,719.1836666666518,1
1880,1879.9999999999607,486.461285,485.8,661.2849999999639,1
1881,1880.9999999999607,486.67005199999994,485.96666666666664,703.3853333333013,1
1882,1881.9999999999607,486.878819,486.23333333333335,645.4856666666728,1
1883,1882.9999999999604,487.087587,486.46666666666664,620.9203333333448,1
1884,1883.9999999999604,487.296354,486.73333333333335,563.0206666666595,1
1885,1884.9999999999607,488.04097199999995,486.96666666666664,1074.3053333333137,1
1886,1885.9999999999607,488.78559,487.1333333333333,1652.2566666666876,1
1887,1886.9999999999604,489.530208,487.26666666666665,2263.5413333333645,1
1888,1887.9979166666267,489.651389,487.5,2151.3889999999947,1
1889,1888.9979166666265,489.77256900000003,487.53333333333336,2239.235666666673,1
1890,1889.9999999999598,489.89375,487.6333333333333,2260.4166666666856,1
1891,1890.997916666626,490.01493099999993,488.03333333333336,1981.5976666665733,1
1892,1891.9979166666258,490.136111,488.1333333333333,2002.7776666667023,1
1893,1892.9999999999588,490.257292,488.5,1757.2920000000067,1
1894,1893.9999999999588,490.529167,488.73333333333335,1795.8336666666241,1
1895,1894.999999999959,490.801042,488.9,1901.042000000018,1
1896,1895.9999999999588,490.994792,489.06666666666666,1928.1253333333552,1
1897,1896.9999999999588,491.191667,489.26666666666665,1925.0003333333439,1
1898,1897.9999999999586,491.35,490.76666666666665,583.3333333333712,1
1899,1898.9999999999584,491.507292,491.0,507.29200000000674,1
1900,1899.9999999999584,491.689583,491.26666666666665,422.91633333337586,1
1901,1900.9999999999575,491.855208,491.4,455.20800000002737,1
1902,1901.9999999999575,492.026042,491.6666666666667,359.3753333333325,1
1903,1902.9999999999575,492.238195,491.9,338.19500000004155,1
1904,1903.9999999999575,492.45034699999997,491.96666666666664,483.68033333332505,1
1905,1904.9999999999575,492.6625,492.2,462.5000000000341,1
1906,1905.999999999957,492.8375,492.43333333333334,404.16666666664014,1
1907,1906.999999999957,493.003125,492.46666666666664,536.4583333333712,1
1908,1907.9999999999568,493.19322900000003,492.46666666666664,726.5623333333906,1
1909,1908.9999999999568,493.40781200000004,492.8666666666667,541.1453333333611,1
1910,1909.9999999999568,493.617708,493.0,617.7079999999933,1
1911,1910.9999999999566,493.805208,493.26666666666665,538.5413333333418,1
1912,1911.9999999999566,493.964583,493.4,564.5830000000274,1
1913,1912.9999999999563,494.1125,493.6333333333333,479.1666666666856,1
1914,1913.999999999956,494.309896,493.8666666666667,443.2293333333064,1
1915,1914.9999999999561,494.553646,493.96666666666664,586.9793333333746,1
1916,1915.999999999956,494.764583,494.1,664.5829999999933,1
1917,1916.999999999956,495.045833,494.26666666666665,779.1663333333645,1
1918,1917.999999999956,495.25598899999994,494.53333333333336,722.6556666665829,1
1919,1918.999999999956,495.46614500000004,494.73333333333335,732.8116666666915,1
1920,1919.9999999999561,495.651563,494.93333333333334,718.229666666673,1
1921,1920.9999999999557,495.834375,495.1333333333333,701.041666666697,1
1922,1921.9999999999557,495.980208,495.4,580.2080000000274,1
1923,1922.9999999999554,496.166667,495.6,566.6669999999954,1
1924,1923.9999999999552,496.329167,495.8666666666667,462.50033333330975,1
1925,1924.9999999999552,496.498958,496.06666666666666,432.2913333333531,1
1926,1925.9999999999543,496.671875,496.3,371.87499999998863,1
1927,1926.9999999999548,496.942187,496.5,442.1869999999899,1
1928,1927.9999999999548,497.2125,496.7,512.4999999999886,1
1929,1928.9999999999543,497.48281299999996,497.1333333333333,349.4796666666389,1
1930,1929.9999999999543,497.753125,497.06666666666666,686.4583333333485,1
1931,1930.9999999999538,497.932292,497.3666666666667,565.6253333333439,1
1932,1931.9999999999538,498.116146,497.6,516.145999999992,1
1933,1932.9999999999538,498.296875,497.6666666666667,630.2083333333144,1
1934,1933.9999999999536,498.460417,497.93333333333334,527.0836666666696,1
1935,1934.9999999999538,498.636459,498.1666666666667,469.7923333333165,1
1936,1935.9999999999534,498.841667,498.26666666666665,575.0003333333211,1
1937,1936.9999999999534,499.009375,498.43333333333334,576.0416666666401,1
1938,1937.9999999999532,499.23125,498.7,531.25,1
1939,1938.9999999999532,499.457292,498.8333333333333,623.958666666681,1
1940,1939.9999999999534,499.697917,499.06666666666666,631.2503333333552,1
1941,1940.9999999999532,500.207292,499.1666666666667,1040.6253333333098,1
1942,1941.999999999952,500.60625,499.43333333333334,1172.9166666666515,1
1943,1942.9999999999516,500.785416,499.6666666666667,1118.7493333333123,1
1944,1943.9999999999516,500.964583,499.93333333333334,1031.2496666666675,1
1945,1944.9999999999516,501.222396,500.1666666666667,1055.7293333333178,1
1946,1945.9999999999516,501.409375,500.4,1009.3750000000341,1
1947,1946.9999999999513,501.828125,500.6333333333333,1194.7916666666742,1
1948,1947.9999999999511,502.119792,500.8333333333333,1286.4586666667037,1
1949,1948.9999999999513,502.307813,501.5,807.8130000000101,1
1950,1949.9999999999516,502.495833,501.56666666666666,929.1663333333418,1
1951,1950.9999999999511,502.785417,501.96666666666664,818.7503333333552,1
1952,1951.9999999999513,502.95,502.3,649.9999999999773,1
1953,1952.9999999999518,503.114583,502.5,614.5829999999819,1
1954,1953.9999999999513,503.394792,502.76666666666665,628.1253333333439,1
1955,1954.9999999999518,503.511458,503.03333333333336,478.12466666664477,1
1956,1955.9999999999511,503.760938,503.1333333333333,627.6046666666844,1
1957,1956.9999999999511,504.0375,503.3333333333333,704.1666666667084,1
1958,1957.9999999999513,504.18125,503.6,581.2499999999545,1
1959,1958.9999999999507,504.448958,503.8333333333333,615.6246666666902,1
1960,1959.9999999999507,504.686458,504.03333333333336,653.1246666666561,1
1961,1960.9999999999513,504.921875,504.06666666666666,855.2083333333371,1
1962,1961.9999999999507,505.12239500000004,504.43333333333334,689.0616666667029,1
1963,1962.9999999999513,505.421875,504.7,721.8750000000114,1
1964,1963.9999999999502,505.644791,504.9,744.7910000000206,1
1965,1964.9999999999502,506.074479,505.1333333333333,941.1456666666709,1
1966,1965.9999999999507,506.395833,505.3666666666667,1029.1663333333076,1
1967,1966.99999999995,506.607292,505.6,1007.2919999999499,1
1968,1967.9999999999502,506.801042,505.8666666666667,934.3753333333211,1
1969,1968.9999999999507,507.01354100000003,506.2,813.5410000000434,1
1970,1969.9999999999498,507.23229100000003,506.53333333333336,698.9576666666721,1
1971,1970.9999999999498,507.678125,506.8,878.1250000000114,1
1972,1971.999999999949,507.903125,507.0,903.1249999999886,1
1973,1972.9999999999495,508.110416,507.23333333333335,877.082666666638,1
1974,1973.9999999999495,508.317708,507.5,817.7079999999819,1
1975,1974.9999999999493,508.564583,507.8,764.583000000016,1
1976,1975.9999999999495,508.734114,508.06666666666666,667.447333333314,1
1977,1976.9999999999498,508.903646,508.3333333333333,570.3126666666662,1
1978,1977.9999999999493,509.133854,508.56666666666666,567.1873333333224,1
1979,1978.9999999999495,509.305208,508.7,605.2080000000046,1
1980,1979.9999999999486,509.54479100000003,508.93333333333334,611.4576666666949,1
1981,1980.9999999999488,509.817188,509.06666666666666,750.5213333333245,1
1982,1981.9999999999495,510.033333,509.3,733.333000000016,1
1983,1982.9999999999486,510.3375,509.53333333333336,804.1666666666174,1
1984,1983.9999999999488,510.572917,509.8,772.9170000000067,1
1985,1984.999999999949,510.773177,510.03333333333336,739.8436666666157,1
1986,1985.9999999999486,510.973438,510.3,673.437999999976,1
1987,1986.9999999999488,511.283333,510.5,783.3330000000274,1
1988,1987.9999999999493,511.581771,510.73333333333335,848.4376666666549,1
1989,1988.9999999999486,512.021355,510.96666666666664,1054.6883333333312,1
1990,1989.999999999949,512.348958,511.23333333333335,1115.6246666666902,1
1991,1990.9999999999486,512.5625,511.5,1062.5,1
1992,1991.9999999999486,512.716667,511.73333333333335,983.333666666681,1
1993,1992.9999999999486,512.959375,512.0666666666667,892.708333333303,1
1994,1993.9999999999484,513.182292,512.5333333333333,648.9586666666582,1
1995,1994.9999999999484,513.553125,512.7666666666667,786.4583333333712,1
1996,1995.9999999999488,513.83125,513.0,831.2499999999545,1
1997,1996.9999999999484,514.00625,513.2666666666667,739.5833333333712,1
1998,1997.9999999999486,514.190104,513.4,790.1040000000421,1
1999,1998.9999999999482,514.389583,513.6333333333333,756.2496666666902,1
2000,1999.9999999999484,514.570833,513.9666666666667,604.1663333332963,1
2001,2000.9999999999484,514.778125,514.2333333333333,544.791666666697,1
2002,2001.9999999999482,514.976042,514.4666666666667,509.37533333330975,1
2003,2002.9999999999484,515.155208,514.7,455.2079999999705,1
2004,2003.9999999999486,515.38125,514.9666666666667,414.58333333332575,1
2005,2004.9999999999482,515.6171879999999,515.2,417.1879999998964,1
2006,2005.9999999999484,515.858333,515.1666666666666,691.6663333333872,1
2007,2006.9999999999477,516.221354,515.4333333333333,788.0206666667391,1
2008,2007.999999999948,516.492708,515.6,892.7079999999705,1
2009,2008.9999999999486,516.7072919999999,515.8333333333334,873.9586666665673,1
2010,2009.9999999999477,516.885937,516.0333333333333,852.6036666667096,1
2011,2010.999999999948,517.103125,516.4333333333333,669.791666666697,1
2012,2011.9999999999484,517.404687,516.6666666666666,738.0203333333384,1
2013,2012.9999999999477,517.78073,516.9333333333333,847.3966666666684,1
2014,2013.9999999999482,518.046875,517.1333333333333,913.5416666666742,1
2015,2014.9999999999475,518.2375,517.3666666666667,870.8333333332803,1
2016,2015.9999999999477,518.480729,517.6,880.7289999999739,1
2017,2016.9999999999482,518.741146,518.0333333333333,707.8126666666549,1
2018,2017.9999999999475,518.95,518.2,750.0,1
2019,2018.9999999999475,519.231771,518.4333333333333,798.4376666667004,1
2020,2019.9999999999477,519.484375,518.6666666666666,817.7083333333712,1
2021,2020.9999999999475,519.69375,518.9,793.7500000000455,1
2022,2021.9999999999475,519.903125,519.1666666666666,736.4583333334167,1
2023,2022.9999999999477,520.141146,519.4,741.1460000000716,1
2024,2023.999999999947,520.3010419999999,519.6333333333333,667.7086666666128,1
2025,2024.9999999999475,520.578125,519.9,678.1250000000227,1
2026,2025.9999999999468,520.873438,520.2666666666667,606.7713333333131,1
2027,2026.9999999999468,521.077084,520.2666666666667,810.417333333362,1
2028,2027.9999999999475,521.357292,520.6,757.2920000000067,1
2029,2028.999999999946,521.579687,520.8,779.6870000000808,1
2030,2029.9999999999463,521.819792,521.0333333333333,786.4586666667037,1
2031,2030.9999999999457,522.15625,521.3,856.2500000000455,1
2032,2031.999999999946,522.43125,521.5,931.2499999999773,1
2033,2032.9999999999463,522.655208,521.8,855.2080000000615,1
2034,2033.9999999999459,522.926563,522.0333333333333,893.2296666666844,1
2035,2034.999999999946,523.190625,522.3333333333334,857.2916666665833,1
2036,2035.9999999999466,523.432292,522.6,832.2919999999385,1
2037,2036.9999999999459,523.852604,522.8666666666667,985.9373333333679,1
2038,2037.999999999946,524.108333,523.1,1008.3329999999933,1
2039,2038.999999999946,524.331771,523.3666666666667,965.1043333333291,1
2040,2039.9999999999459,524.56875,523.5666666666667,1002.083333333303,1
2041,2040.999999999946,524.811458,523.9333333333333,878.1246666667357,1
2042,2041.9999999999459,525.034375,524.3,734.375,1
2043,2042.9999999999457,525.298958,524.5,798.9579999999705,1
2044,2043.999999999946,525.539583,524.7666666666667,772.9163333333418,1
2045,2044.9999999999457,525.740625,525.0,740.6250000000227,1
2046,2045.9999999999457,525.947917,525.2666666666667,681.2503333333098,1
2047,2046.9999999999457,526.1375,525.4666666666667,670.8333333333485,1
2048,2047.9999999999457,526.330208,525.7,630.207999999925,1
2049,2048.999999999946,526.611458,526.1333333333333,478.12466666664477,1
2050,2049.9999999999454,526.8125,526.1333333333333,679.1666666666742,1
2051,2050.9999999999454,527.01875,526.4,618.7499999999773,1
2052,2051.999999999946,527.290625,526.5666666666667,723.9583333332575,1
2053,2052.999999999945,527.510417,526.7666666666667,743.7503333333098,1
2054,2053.999999999945,527.6796879999999,527.0,679.6879999999419,1
2055,2054.999999999946,528.013542,527.2333333333333,780.208666666681,1
2056,2055.999999999945,528.251042,527.4333333333333,817.7086666667037,1
2057,2056.999999999946,528.479167,527.7,779.1669999999158,1
2058,2057.9999999999454,528.657812,527.8333333333334,824.4786666666641,1
2059,2058.999999999945,528.95,528.2,750.0,1
2060,2059.9999999999454,529.190104,528.4333333333333,756.7706666667391,1
2061,2060.9999999999445,529.613021,528.6333333333333,979.6876666666776,1
2062,2061.999999999945,529.880208,528.9,980.2080000000615,1
2063,2062.9999999999454,530.08125,529.1333333333333,947.9166666666288,1
2064,2063.9999999999445,530.331771,529.4333333333333,898.4376666667231,1
2065,2064.9999999999454,530.622916,529.8,822.9160000000775,1
2066,2065.9999999999445,530.83125,530.0333333333333,797.9166666666515,1
2067,2066.9999999999445,531.138021,530.3,838.0210000000261,1
2068,2067.9999999999445,531.3947919999999,530.5666666666667,828.1253333332188,1
2069,2068.9999999999445,531.590365,530.8,790.3650000000653,1
2070,2069.9999999999445,531.785938,531.0666666666667,719.2713333332676,1
2071,2070.9999999999445,532.005729,531.3333333333334,672.3956666666027,1
2072,2071.999999999944,532.186458,531.5666666666667,619.7913333332963,1
2073,2072.999999999944,532.471875,531.8333333333334,638.5416666665833,1
2074,2073.9999999999445,532.671875,532.0666666666667,605.2083333332803,1
2075,2074.999999999944,532.8864580000001,532.3333333333334,553.1246666666902,1
2076,2075.999999999944,533.1677080000001,532.4,767.7080000000842,1
2077,2076.999999999944,533.39375,532.6333333333333,760.4166666666288,1
2078,2077.999999999944,533.573437,532.8333333333334,740.1036666666414,1
2079,2078.9999999999445,533.753125,533.1,653.1249999999318,1
2080,2079.999999999944,533.960417,533.3333333333334,627.0836666666355,1
2081,2080.999999999944,534.123958,533.5666666666667,557.2913333332963,1
2082,2081.9999999999445,534.385417,533.8333333333334,552.08366666659,1
2083,2082.999999999944,534.573959,534.0666666666667,507.29233333322554,1
2084,2083.9999999999445,534.746875,534.3333333333334,413.54166666667425,1
2085,2084.9999999999436,534.999479,534.3666666666667,632.8123333332769,1
2086,2085.9999999999436,535.196875,534.5666666666667,630.2083333332575,1
2087,2086.999999999944,535.448437,534.7666666666667,681.7703333333611,1
2088,2087.9999999999436,535.863021,535.0,863.0210000000034,1
2089,2088.9999999999436,536.158333,535.2,958.332999999925,1
2090,2089.999999999944,536.3552080000001,535.4,955.2080000000842,1
2091,2090.9999999999436,536.552083,535.6333333333333,918.749666666713,1
2092,2091.999999999944,536.735417,536.0666666666667,668.7503333332643,1
2093,2092.9999999999436,536.898958,536.3333333333334,565.624666666622,1
2094,2093.9999999999436,537.142709,536.5666666666667,576.0423333332483,1
2095,2094.9999999999436,537.341146,536.8333333333334,507.8126666666094,1
2096,2095.999999999943,537.498958,537.0666666666667,432.2913333332963,1
2097,2096.999999999943,537.75625,537.1333333333333,622.916666666697,1
2098,2097.9999999999436,537.945833,537.3,645.8330000000387,1
2099,2098.999999999943,538.127084,537.5666666666667,560.4173333332483,1
2100,2099.9999999999436,538.388541,537.7,688.5409999999865,1
2101,2100.999999999943,538.617708,537.9666666666667,651.0413333332963,1
2102,2101.999999999943,538.786458,538.1333333333333,653.124666666713,1
2103,2102.999999999944,539.044791,538.2666666666667,778.1243333333805,1
2104,2103.999999999943,539.232292,538.5666666666667,665.6253333333098,1
2105,2104.999999999943,539.43125,538.8,631.2500000000227,1
2106,2105.9999999999436,539.682292,539.0666666666667,615.6253333332415,1
2107,2106.999999999943,539.882292,539.2666666666667,615.6253333333552,1
2108,2107.9999999999436,540.054167,539.5333333333333,520.8336666667037,1
2109,2108.9999999999436,540.302604,539.7666666666667,535.9373333333224,1
2110,2109.999999999943,540.507292,539.8666666666667,640.6253333333325,1
2111,2110.999999999944,540.6760419999999,540.0666666666667,609.3753333332188,1
2112,2111.999999999943,540.919271,540.2666666666667,652.6043333333291,1
2113,2112.999999999943,541.126042,540.5666666666667,559.3753333332643,1
2114,2113.9999999999436,541.298958,540.7333333333333,565.624666666622,1
2115,2114.999999999943,541.521875,540.9333333333333,588.5416666667425,1
2116,2115.999999999943,541.732292,541.1,632.2920000000067,1
2117,2116.9999999999427,541.943229,541.3,643.2290000000194,1
2118,2117.999999999943,542.219791,541.5,719.7909999999865,1
2119,2118.9999999999436,542.4875,541.7,787.499999999909,1
2120,2119.999999999943,542.748958,541.9,848.9580000000387,1
2121,2120.999999999943,543.149479,542.1666666666666,982.8123333334133,1
2122,2121.999999999943,543.3934889999999,542.3666666666667,1026.8223333332571,1
2123,2122.9999999999427,543.6375,542.6666666666666,970.8333333334167,1
2124,2123.999999999943,543.784375,542.9333333333333,851.0416666666742,1
2125,2124.999999999943,543.982292,543.3,682.292000000075,1
2126,2125.9999999999422,544.169792,543.6,569.7920000000067,1
2127,2126.9999999999422,544.329167,543.8,529.1670000000295,1
2128,2127.9999999999422,544.541146,544.0666666666667,474.4793333333064,1
2129,2128.999999999942,544.753125,544.2666666666667,486.458333333303,1
2130,2129.9999999999427,544.884375,544.4333333333333,451.041666666697,1
2131,2130.9999999999413,545.0625,544.6666666666666,395.83333333337123,1
2132,2131.999999999941,545.276042,544.9,376.041999999984,1
2133,2132.999999999941,545.4260419999999,545.1666666666666,259.37533333330975,1
2134,2133.999999999941,545.615104,545.1,515.1039999999512,1
2135,2134.999999999941,545.804167,545.2666666666667,537.5003333333552,1
2136,2135.9999999999404,545.9625,545.4666666666667,495.8333333332803,1
2137,2136.99999999994,546.1375,545.7333333333333,404.166666666697,1
2138,2137.99999999994,546.335417,545.9,435.4170000000295,1
2139,2138.999999999939,546.496875,546.1,396.87500000002274,1
2140,2139.99999999994,546.703646,546.4333333333333,270.31266666676856,1
2141,2140.9999999999395,546.9104169999999,546.4333333333333,477.08366666665825,1
2142,2141.999999999939,547.04375,546.5666666666667,477.08333333332575,1
2143,2142.999999999939,547.2625,546.8,462.50000000009095,1
2144,2143.999999999939,547.486458,547.0666666666667,419.7913333332508,1
2145,2144.9999999999377,548.086458,547.0,1086.4579999999933,1
2146,2145.9999999999377,548.382292,547.2333333333333,1148.9586666666582,1
2147,2146.9999999999372,548.557292,547.4666666666667,1090.6253333332643,1
2148,2147.999999999937,548.7125,547.7,1012.4999999999318,1
2149,2148.9999999999363,548.895833,548.2666666666667,629.1663333333872,1
2150,2149.999999999936,549.070833,548.5333333333333,537.4996666666902,1
2151,2150.999999999936,549.229167,548.7666666666667,462.50033333330975,1
2152,2151.999999999935,549.409375,549.0333333333333,376.0416666666515,1
2153,2152.999999999935,549.539583,549.2666666666667,272.91633333334175,1
2154,2153.999999999935,549.7854169999999,549.3,485.416999999984,1
2155,2154.9999999999354,549.979687,549.4,579.6870000000354,1
2156,2155.999999999935,550.173958,549.6333333333333,540.6246666666448,1
2157,2156.9999999999354,550.502083,549.7333333333333,768.749666666622,1
2158,2157.999999999934,550.764583,549.9333333333333,831.2496666667357,1
2159,2158.999999999934,550.93125,550.2,731.2499999999318,1
2160,2159.999999999934,551.090625,550.4333333333333,657.2916666667652,1
2161,2160.999999999933,551.257292,550.7,557.2919999999613,1
2162,2161.999999999933,551.435417,550.9,535.4170000000522,1
2163,2162.9999999999322,551.5979169999999,551.1333333333333,464.58366666661277,1
2164,2163.999999999932,551.776562,551.4,376.56200000003537,1
2165,2164.999999999932,551.927083,551.5333333333333,393.7496666667357,1
2166,2165.9999999999313,552.1796879999999,551.7,479.6879999998964,1
2167,2166.9999999999327,552.38724,551.7333333333333,653.9066666666713,1
2168,2167.999999999931,552.594792,552.0,594.791999999984,1
2169,2168.9999999999313,552.870312,552.1333333333333,736.9786666666869,1
2170,2169.9999999999313,553.130208,552.3666666666667,763.5413333333645,1
2171,2170.9999999999304,553.3083330000001,552.6,708.3330000000387,1
2172,2171.9999999999304,553.517188,552.8333333333334,683.8546666666616,1
2173,2172.9999999999304,553.739583,553.0666666666667,672.916333333319,1
2174,2173.99999999993,553.913542,553.2666666666667,646.8753333333552,1
2175,2174.9999999999295,554.089584,553.4666666666667,622.9173333332483,1
2176,2175.9999999999295,554.291667,553.5666666666667,725.0003333332415,1
2177,2176.999999999929,554.460417,553.9,560.4170000000295,1
2178,2177.999999999929,554.6328129999999,554.0333333333333,599.4796666666389,1
2179,2178.999999999929,554.84375,554.2,643.7499999999545,1
2180,2179.999999999928,554.986458,554.4666666666667,519.7913333332735,1
2181,2180.999999999928,555.166146,554.6,566.1460000000034,1
2182,2181.9999999999277,555.378125,554.8,578.125,1
2183,2182.9999999999272,555.528125,555.0333333333333,494.79166666674246,1
2184,2183.9999999999272,555.699479,555.1333333333333,566.1456666666709,1
2185,2184.999999999927,555.9,555.3333333333334,566.666666666606,1
2186,2185.999999999927,556.048958,555.5666666666667,482.2913333332508,1
2187,2186.9999999999254,556.220834,555.6666666666666,554.1673333333392,1
2188,2187.999999999926,556.415625,555.8666666666667,548.958333333303,1
2189,2188.999999999926,556.58125,556.0333333333333,547.9166666666515,1
2190,2189.999999999925,556.779688,556.0333333333333,746.3546666666616,1
2191,2190.999999999925,557.0197919999999,556.0333333333333,986.4586666666355,1
2192,2191.999999999925,557.223958,556.6666666666666,557.29133333341,1
2193,2192.9999999999245,557.51875,556.9,618.7499999999773,1
2194,2193.999999999925,557.683073,557.1,583.073000000013,1
2195,2194.9999999999245,557.847396,557.2,647.3959999999579,1
2196,2195.9999999999145,557.954167,557.4333333333333,520.8336666667037,1
2197,2196.999999999915,558.1013019999999,557.6666666666666,434.63533333328996,1
2198,2197.9999999999145,558.248438,557.9333333333333,315.10466666668435,1
2199,2198.9999999999145,558.327083,558.1666666666666,160.41633333338723,1
2200,2199.9999999999145,558.492968,558.4,92.96800000004168,1
2201,2200.9999999999145,558.658854,558.5333333333333,125.52066666671635,1
2202,2201.9999999999145,558.744792,558.9,155.208000000016,1
2203,2202.9999999999145,558.909722,559.2,290.27800000005755,1
2204,2203.9999999999145,559.074653,559.6333333333333,558.6803333333137,1
2205,2204.9999999999145,559.239583,559.8666666666667,627.0836666666355,1
2206,2205.999999999915,559.465451,559.4,65.45100000005277,1
2207,2206.9999999999145,559.691319,559.6333333333333,57.98566666669558,1
2208,2207.9999999999145,559.917187,559.8666666666667,50.520333333338385,1
2209,2208.999999999915,560.122656,559.9333333333333,189.32266666672604,1
2210,2209.999999999915,560.328125,560.0666666666667,261.4583333332803,1
2211,2210.999999999915,560.533594,559.8666666666667,666.9273333333194,1
2212,2211.999999999915,560.739063,560.2,539.0629999999419,1
2213,2212.999999999914,561.03125,560.4333333333333,597.9166666667197,1
2214,2213.999999999914,561.268229,560.5666666666667,701.5623333332996,1
2215,2214.999999999914,561.459375,560.5666666666667,892.708333333303,1
2216,2215.999999999914,561.586979,560.5666666666667,1020.3123333333224,1
2217,2216.999999999913,561.717187,560.5666666666667,1150.5203333332474,1
2218,2217.9999999999127,561.889844,560.5666666666667,1323.1773333333194,1
2219,2218.999999999913,562.0625,560.5666666666667,1495.8333333332803,1
2220,2219.999999999913,562.152604,560.5666666666667,1585.937333333277,1
2221,2220.9999999999127,562.297396,560.5666666666667,1730.7293333333291,1
2222,2221.9999999999127,562.442188,560.5666666666667,1875.5213333332676,1
2223,2222.999999999913,562.519271,560.5666666666667,1952.6043333332836,1
2224,2223.9999999999127,562.67526,560.5666666666667,2108.5933333332605,1
2225,2224.9999999999127,562.83125,560.5666666666667,2264.583333333235,1
2226,2225.9999999999127,562.892708,560.5666666666667,2326.041333333251,1
2227,2226.9999999999127,563.049305,560.5666666666667,2482.638333333284,1
2228,2227.9999999999127,563.205903,560.5666666666667,2639.236333333315,1
2229,2228.9999999999127,563.3625,560.5666666666667,2795.833333333235,1
2230,2229.999999999913,563.573611,564.2666666666667,693.0556666666234,1
2231,2230.999999999913,563.784722,563.7666666666667,18.05533333333642,1
2232,2231.999999999913,563.995834,564.0333333333333,37.499333333357754,1
2233,2232.999999999913,564.1953129999999,564.1666666666666,28.646333333313123,1
2234,2233.999999999914,564.3947919999999,563.9,494.79199999996126,1
2235,2234.999999999913,564.594271,564.0,594.2710000000488,1
2236,2235.999999999913,564.79375,564.3333333333334,460.41666666667425,1
2237,2236.9999999999127,565.093229,564.4,693.2289999999739,1
2238,2237.9999999999127,565.321875,564.4,921.875,1
2239,2238.999999999912,565.488021,564.4,1088.021000000026,1
2240,2239.999999999912,565.622917,565.4333333333333,189.5836666667492,1
2241,2240.999999999912,565.875521,565.2666666666667,608.8543333333973,1
2242,2241.9999999999063,566.0875,565.4666666666667,620.8333333332803,1
2243,2242.9999999999063,566.299479,566.1333333333333,166.14566666669361,1
2244,2243.9999999999063,566.447396,566.4,47.39600000004884,1
2245,2244.9999999999063,566.596354,566.6666666666666,70.3126666666094,1
2246,2245.9999999999063,566.745312,566.9,154.68799999996463,1
2247,2246.9999999999063,566.863021,566.4666666666667,396.3543333333064,1
2248,2247.9999999999063,566.983333,566.6333333333333,349.99966666669025,1
2249,2248.9999999999063,567.103646,566.6333333333333,470.31266666670035,1
2250,2249.999999999906,567.2125,566.6333333333333,579.1666666666515,1
2251,2250.9999999999063,567.325521,566.6333333333333,692.1876666666549,1
2252,2251.9999999999063,567.438541,566.6333333333333,805.2076666666608,1
2253,2252.999999999906,567.539583,567.1666666666666,372.9163333333645,1
2254,2253.9999999999063,567.671094,567.4333333333333,237.76066666675888,1
2255,2254.9999999999063,567.802604,567.6666666666666,135.93733333334512,1
2256,2255.999999999906,567.910416,567.8666666666667,43.74933333338049,1
2257,2256.9999999999063,568.076823,568.1333333333333,56.51033333333544,1
2258,2257.999999999906,568.243229,567.9666666666667,276.5623333333451,1
2259,2258.999999999906,568.346875,568.3,46.875,1
2260,2259.999999999906,568.526042,568.5333333333333,7.291333333341754,1
2261,2260.999999999906,568.705209,568.8,94.79099999998652,1
2262,2261.999999999906,568.9020830000001,568.8,102.08300000010695,1
2263,2262.9999999999063,569.159375,568.6,559.3749999999318,1
2264,2263.999999999906,569.416667,568.8333333333334,583.33366666659,1
2265,2264.999999999906,570.009375,568.8333333333334,1176.041666666606,1
2266,2265.999999999906,570.229167,569.0333333333333,1195.8336666666582,1
2267,2266.999999999905,570.388541,569.2666666666667,1121.8743333333805,1
2268,2267.9999999999045,570.53177,569.6,931.7700000000286,1
2269,2268.9999999999045,570.6833330000001,570.1666666666666,516.6663333334327,1
2270,2269.9999999999036,570.834375,570.4666666666667,367.70833333332575,1
2271,2270.9999999999036,570.991667,570.7,291.66699999996126,1
2272,2271.999999999903,571.156771,570.9666666666667,190.10433333335186,1
2273,2272.9999999999022,571.264583,571.1666666666666,97.91633333338723,1
2274,2273.9999999999027,571.473958,571.1333333333333,340.624666666713,1
2275,2274.9999999999022,571.6460940000001,571.2333333333333,412.7606666667134,1
2276,2275.9999999999022,571.818229,571.2333333333333,584.8956666666254,1
2277,2276.9999999999022,572.133333,571.6333333333333,499.9996666666675,1
2278,2277.9999999999022,572.340104,571.7333333333333,606.7706666666481,1
2279,2278.9999999999013,572.465104,572.0,465.10399999999663,1
2280,2279.9999999999004,572.613021,572.0,613.0210000000034,1
2281,2280.9999999999004,572.766667,572.2666666666667,500.0003333333325,1
2282,2281.9999999999,572.9177080000001,572.5,417.7080000000615,1
2283,2282.999999999899,573.077083,572.7666666666667,310.4163333333645,1
2284,2283.9999999998986,573.223438,573.0666666666667,156.77133333326765,1
2285,2284.999999999898,573.366146,573.2666666666667,99.47933333330639,1
2286,2285.999999999898,573.56198,573.2333333333333,328.64666666660014,1
2287,2286.9999999998986,573.745573,573.4333333333333,312.2396666667555,1
2288,2287.999999999898,573.929167,573.5,429.16700000000674,1
2289,2288.999999999898,574.116667,573.7,416.66699999996126,1
2290,2289.999999999898,574.260417,573.9666666666667,293.7503333332643,1
2291,2290.9999999998986,574.40625,574.0333333333333,372.916666666697,1
2292,2291.999999999898,574.553646,574.1,453.64599999993516,1
2293,2292.999999999892,574.71875,574.3,418.7500000000455,1
2294,2293.999999999892,574.864583,574.4,464.5830000000615,1
2295,2294.9999999998927,575.0270830000001,574.4,627.0830000000842,1
2296,2295.9999999998918,575.173958,574.4,773.9579999999933,1
2297,2296.999999999892,575.311458,574.4,911.4580000000387,1
2298,2297.999999999892,575.459375,574.4,1059.3750000000455,1
2299,2298.999999999892,575.608854,574.4,1208.853999999974,1
2300,2299.9999999998918,575.742708,574.4,1342.708000000016,1
2301,2300.9999999998918,575.896875,574.4,1496.8750000000455,1
2302,2301.9999999998913,576.0375,574.4,1637.5000000000455,1
2303,2302.9999999998913,576.1677080000001,574.4,1767.7080000000842,1
2304,2303.9999999998913,576.311459,574.4,1911.4590000000362,1
2305,2304.9999999998913,576.444792,574.4,2044.7920000000295,1
2306,2305.9999999998913,576.582291,574.4,2182.2910000000775,1
2307,2306.999999999891,576.729167,574.4,2329.166999999984,1
2308,2307.999999999891,576.8635419999999,574.4,2463.5419999999613,1
2309,2308.999999999891,576.990104,576.6666666666666,323.4373333333451,1
2310,2309.999999999891,577.104167,576.9666666666667,137.50033333326428,1
2311,2310.999999999891,577.229167,577.2,29.166999999915788,1
2312,2311.9999999998913,577.3375,577.4,62.5,1
2313,2312.9999999998913,577.454687,577.6333333333333,178.64633333329039,1
2314,2313.9999999998913,577.585417,577.4333333333333,152.08366666672646,1
2315,2314.9999999998913,577.716146,577.6333333333333,82.81266666665488,1
2316,2315.999999999891,577.846875,577.4333333333333,413.54166666667425,1
2317,2316.999999999891,577.9850690000001,577.6333333333333,351.73566666674105,1
2318,2317.999999999891,578.123264,577.8333333333334,289.93066666657796,1
2319,2318.999999999891,578.2614580000001,578.0,261.4580000000615,1
2320,2319.9999999998913,578.40243,578.1333333333333,269.09666666665544,1
2321,2320.9999999998927,578.543403,578.2,343.4029999999666,1
2322,2321.9999999998913,578.684375,578.3666666666667,317.70833333337123,1
2323,2322.9999999998913,578.8440969999999,578.5,344.0969999999197,1
2324,2323.9999999998927,579.00382,578.6333333333333,370.48666666669305,1
2325,2324.9999999998913,579.163542,578.8,363.5420000000522,1
2326,2325.9999999998918,579.313542,579.0333333333333,280.208666666681,1
2327,2326.9999999998913,579.463542,579.2666666666667,196.87533333330975,1
2328,2327.9999999998913,579.6135419999999,579.4666666666667,146.87533333324154,1
2329,2328.999999999891,579.763542,579.5,263.5420000000295,1
2330,2329.9999999998913,579.913542,579.7333333333333,180.20866666665825,1
2331,2330.99999999989,580.063542,579.9666666666667,96.87533333328702,1
2332,2331.999999999891,580.168837,580.5,331.1629999999468,1
2333,2332.9999999998913,580.274132,580.6666666666666,392.53466666662007,1
2334,2333.999999999891,580.379427,580.7,320.57300000008127,1
2335,2334.999999999891,580.4847219999999,581.9666666666667,1481.9446666667773,1
2336,2335.9999999998913,580.590017,581.2,609.9830000000566,1
2337,2336.999999999891,580.6953129999999,581.3666666666667,671.3536666667324,1
