beat_idx,gt_beat,gt_time_s,pred_time_s,err_ms,ok
0,0.0,0.978516,0.0,978.5160000000001,1
1,1.0000000000000002,1.156901,0.0,1156.901,1
2,2.0000000000000004,1.335287,0.0,1335.2869999999998,1
3,3.000000000000001,1.552083,1.5333333333333334,18.749666666666663,1
4,4.000000000000001,1.748372,1.6666666666666667,81.7053333333333,1
5,5.000000000000001,1.944662,1.7,244.66199999999992,1
6,6.000000000000001,2.1295580000000003,1.7,429.55800000000033,1
7,7.0,2.308485,2.1666666666666665,141.8183333333336,1
8,8.000000000000002,2.487413,2.1666666666666665,320.74633333333355,1
9,9.000000000000002,2.666341,2.1666666666666665,499.67433333333355,1
10,10.000000000000002,2.845269,2.1666666666666665,678.6023333333335,1
11,11.000000000000004,3.024197,2.1666666666666665,857.5303333333335,1
12,12.000000000000004,3.203125,2.1666666666666665,1036.4583333333335,1
13,13.000000000000004,3.452257,3.3,152.2570000000001,1
14,14.000000000000002,3.701389,3.3,401.389,1
15,15.000000000000002,3.950521,1.0333333333333334,2917.187666666667,1
16,16.000000000000004,4.09592,1.0333333333333334,3062.586666666666,1
17,17.000000000000004,4.241319,4.3,58.68099999999998,1
18,18.000000000000004,4.386719,4.4,13.281000000000098,1
19,19.0,4.532118,4.6,67.882,1
20,20.0,4.677518,4.766666666666667,89.14866666666654,1
21,21.000000000000004,4.822917,1.4,3422.9170000000004,1
22,22.000000000000004,4.9528,5.066666666666666,113.86666666666656,1
23,23.000000000000007,5.082683,0.6333333333333333,4449.349666666667,1
24,24.000000000000018,5.30599,0.4666666666666667,4839.323333333334,1
25,25.000000000000007,5.516602,5.433333333333334,83.2686666666662,1
26,26.000000000000007,5.727214,5.7,27.21399999999985,1
27,27.000000000000014,5.880209,5.866666666666666,13.542333333333545,1
28,28.00000000000001,6.0875650000000014,5.9,187.56500000000108,1
29,29.000000000000025,6.294922,6.233333333333333,61.58866666666629,1
30,30.000000000000018,6.461589,6.433333333333334,28.255666666666457,1
31,31.000000000000018,6.64898,6.633333333333334,15.646666666666142,1
32,32.00000000000002,6.836372,6.866666666666666,30.29466666666636,1
33,33.00000000000002,7.0237630000000015,7.0,23.763000000001533,1
34,34.00000000000002,7.2111550000000015,7.066666666666666,144.4883333333351,1
35,35.00000000000002,7.398546,7.333333333333333,65.21266666666659,1
36,36.00000000000002,7.585938,7.566666666666666,19.271333333333196,1
37,37.00000000000002,7.851563,7.6,251.563,1
38,38.00000000000002,8.117187,7.633333333333334,483.85366666666573,1
39,39.000000000000036,8.382812,8.133333333333333,249.47866666666664,1
40,40.00000000000002,8.54427,8.366666666666667,177.603333333332,1
41,41.00000000000002,8.705729,8.566666666666666,139.0623333333334,1
42,42.00000000000002,8.867187,8.733333333333333,133.85366666666698,1
43,43.00000000000002,9.028645,8.933333333333334,95.31166666666557,1
44,44.00000000000003,9.190104,9.1,90.10400000000018,1
45,45.00000000000003,9.351562,9.333333333333334,18.22866666666556,1
46,46.00000000000002,9.497395,9.5,2.6050000000008566,1
47,47.000000000000036,9.643229,9.7,56.77099999999946,1
48,48.000000000000036,9.847656,9.766666666666667,80.98933333333314,1
49,49.000000000000036,10.051649,10.0,51.64899999999939,1
50,50.000000000000036,10.255642,10.166666666666666,88.97533333333385,1
51,51.000000000000036,10.459635,10.366666666666667,92.96833333333332,1
52,52.000000000000036,10.644097,10.6,44.09700000000072,1
53,53.00000000000003,10.828559,10.8,28.558999999999557,1
54,54.000000000000036,11.013021,10.966666666666667,46.354333333333386,1
55,55.00000000000003,11.221571,11.133333333333333,88.23766666666799,1
56,56.00000000000002,11.430122,11.333333333333334,96.78866666666686,1
57,57.00000000000003,11.638672,11.533333333333333,105.33866666666647,1
58,58.00000000000003,11.868304,11.833333333333334,34.97066666666626,1
59,59.00000000000003,12.097935,12.066666666666666,31.26833333333323,1
60,60.00000000000003,12.327567,12.266666666666667,60.90033333333267,1
61,61.00000000000002,12.557199,12.466666666666667,90.53233333333388,1
62,62.00000000000003,12.786831,12.633333333333333,153.49766666666653,1
63,63.00000000000003,13.016462,12.833333333333334,183.12866666666673,1
64,64.00000000000003,13.246094,13.166666666666666,79.4273333333333,1
65,65.00000000000003,13.448503,13.4,48.503000000000185,1
66,66.00000000000003,13.650912,13.6,50.91200000000029,1
67,67.00000000000003,13.853320000000002,13.766666666666667,86.65333333333436,1
68,68.00000000000003,14.055729,13.033333333333333,1022.3956666666662,1
69,69.00000000000003,14.258138,13.0,1258.1380000000006,1
70,70.00000000000003,14.460547,13.033333333333333,1427.2136666666668,1
71,71.00000000000003,14.662956,13.033333333333333,1629.6226666666662,1
72,72.00000000000003,14.865364,13.033333333333333,1832.0306666666663,1
73,73.00000000000003,15.067773,13.033333333333333,2034.4396666666676,1
74,74.00000000000003,15.270182,13.033333333333333,2236.8486666666668,1
75,75.00000000000004,15.429688,13.033333333333333,2396.354666666667,1
76,76.00000000000003,15.657877,13.033333333333333,2624.543666666666,1
77,77.00000000000003,15.886067,13.033333333333333,2852.7336666666674,1
78,78.00000000000003,16.059896,13.033333333333333,3026.5626666666653,1
79,79.00000000000004,16.249132,12.733333333333333,3515.798666666667,1
80,80.00000000000003,16.438368,12.8,3638.368,1
81,81.00000000000003,16.627604,12.933333333333334,3694.270666666668,1
82,82.00000000000003,16.81684,12.566666666666666,4250.173333333332,1
83,83.00000000000004,17.006076,12.766666666666667,4239.409333333333,1
84,84.00000000000003,17.195312,12.966666666666667,4228.645333333335,1
85,85.00000000000004,17.458767,13.1,4358.767000000002,1
86,86.00000000000004,17.722222,13.133333333333333,4588.888666666666,1
87,87.00000000000006,17.985677,13.166666666666666,4819.010333333333,1
88,88.00000000000004,18.143229,13.4,4743.229000000001,1
89,89.00000000000004,18.300781,13.6,4700.781000000001,1
90,90.00000000000004,18.458334,13.766666666666667,4691.667333333333,1
91,91.00000000000004,18.615886,14.0,4615.8859999999995,1
92,92.00000000000006,18.773438,14.2,4573.437999999999,1
93,93.00000000000007,18.990886,14.4,4590.8859999999995,1
94,94.00000000000006,19.13737,14.566666666666666,4570.703333333334,1
95,95.00000000000007,19.283854,14.566666666666666,4717.187333333335,1
96,96.0000000000001,19.498698,14.733333333333333,4765.364666666668,1
97,97.00000000000007,19.704752,14.9,4804.751999999999,1
98,98.00000000000009,19.910807,15.2,4710.806999999999,1
99,99.00000000000009,20.090495,15.066666666666666,5023.828333333334,1
100,100.00000000000009,20.307292,15.566666666666666,4740.625333333334,1
101,101.00000000000013,20.524089,15.766666666666667,4757.422333333333,1
102,102.00000000000009,20.692708,16.0,4692.708,1
103,103.0000000000001,20.874783,16.1,4774.782999999999,1
104,104.0000000000001,21.056858,16.1,4956.8579999999965,1
105,105.00000000000009,21.238932,16.1,5138.931999999997,1
106,106.00000000000009,21.421007,16.1,5321.006999999998,1
107,107.00000000000009,21.603081,16.1,5503.080999999998,1
108,108.0000000000001,21.785156,16.1,5685.155999999999,1
109,109.0000000000001,22.085069,21.5,585.0690000000008,1
110,110.0000000000001,22.384983,21.7,684.982999999999,1
111,111.00000000000017,22.684896,22.333333333333332,351.56266666666625,1
112,112.0000000000001,22.874783,22.8,74.78300000000004,1
113,113.00000000000013,23.06467,22.966666666666665,98.00333333333455,1
114,114.00000000000013,23.254558,22.966666666666665,287.8913333333344,1
115,115.0000000000001,23.444445,23.4,44.445000000003176,1
116,116.0000000000001,23.634332,23.6,34.33199999999914,1
117,117.0000000000001,23.824219,23.766666666666666,57.55233333333365,1
118,118.00000000000013,23.964193,23.866666666666667,97.52633333333449,1
119,119.00000000000013,24.104167,23.866666666666667,237.5003333333332,1
120,120.00000000000013,24.360026,24.233333333333334,126.69266666666701,1
121,121.00000000000014,24.554253,24.5,54.25299999999922,1
122,122.00000000000013,24.748481,24.666666666666668,81.81433333333388,1
123,123.00000000000014,24.942708,24.833333333333332,109.37466666666751,1
124,124.00000000000014,25.137587,25.066666666666666,70.92033333333347,1
125,125.00000000000014,25.332465,25.3,32.46499999999841,1
126,126.0000000000002,25.527344,25.466666666666665,60.67733333333436,1
127,127.00000000000014,25.738932,25.666666666666668,72.26533333333052,1
128,128.00000000000014,25.950521,25.866666666666667,83.85433333333125,1
129,129.00000000000014,26.162109,26.1,62.108999999999526,1
130,130.00000000000014,26.383091,26.3,83.09099999999958,1
131,131.00000000000014,26.604073,26.366666666666667,237.4063333333325,1
132,132.00000000000014,26.825056,26.6,225.0559999999986,1
133,133.00000000000014,27.046038,26.8,246.03799999999865,1
134,134.00000000000014,27.26702,27.033333333333335,233.6866666666637,1
135,135.00000000000014,27.488002,27.233333333333334,254.66866666666732,1
136,136.0000000000002,27.708984,27.666666666666668,42.317333333333096,1
137,137.00000000000014,27.887614000000006,27.866666666666667,20.947333333339202,1
138,138.00000000000014,28.066244,28.066666666666666,0.42266666666535,1
139,139.00000000000014,28.244873,28.266666666666666,21.793666666667377,1
140,140.00000000000014,28.423503000000004,28.466666666666665,43.16366666666127,1
141,141.00000000000014,28.602132,28.666666666666668,64.53466666666685,1
142,142.00000000000014,28.780762,28.833333333333332,52.57133333333286,1
143,143.00000000000014,28.959391,28.833333333333332,126.05766666666796,1
144,144.00000000000014,29.138021,29.1,38.020999999996974,1
145,145.00000000000014,29.377279,29.3,77.27900000000076,1
146,146.0000000000002,29.616536,29.5,116.53599999999997,1
147,147.00000000000014,29.744141,29.766666666666666,22.525666666666666,1
148,148.00000000000014,29.911458000000003,29.966666666666665,55.2086666666618,1
149,149.00000000000017,30.052083000000003,30.133333333333333,81.25033333332965,1
150,150.0000000000002,30.223958000000003,30.266666666666666,42.70866666666251,1
151,151.00000000000028,30.39974,30.366666666666667,33.073333333334176,1
152,152.00000000000026,30.576823,30.6,23.177000000000447,1
153,153.00000000000028,30.790365,30.8,9.634999999999394,1
154,154.00000000000028,30.995009000000003,30.866666666666667,128.342333333336,1
155,155.00000000000028,31.199653,30.866666666666667,332.9863333333343,1
156,156.00000000000034,31.404297,30.866666666666667,537.6303333333326,1
157,157.00000000000028,31.559896,30.866666666666667,693.2293333333313,1
158,158.00000000000034,31.721354,31.666666666666668,54.687333333333754,1
159,159.00000000000034,31.875,31.9,24.99999999999858,1
160,160.00000000000034,32.065104,32.06666666666667,1.5626666666719302,1
161,161.00000000000034,32.238281,32.266666666666666,28.385666666665088,1
162,162.00000000000034,32.407552,32.5,92.44799999999742,1
163,163.00000000000034,32.539062,32.6,60.93800000000016,1
164,164.00000000000034,32.669271,32.666666666666664,2.6043333333376495,1
165,165.00000000000028,32.829427,32.666666666666664,162.76033333333828,1
166,166.0000000000003,33.082031,33.13333333333333,51.30233333333223,1
167,167.00000000000034,33.272136,33.166666666666664,105.46933333333897,1
168,168.00000000000028,33.574219,33.36666666666667,207.55233333333223,1
169,169.00000000000028,33.787109,33.733333333333334,53.775666666666666,1
170,170.00000000000028,34.0,33.9,100.00000000000142,1
171,171.0000000000003,34.136068,34.0,136.06800000000163,1
172,172.00000000000037,34.334635,34.2,134.63499999999584,1
173,173.00000000000028,34.483073,34.5,16.92700000000258,1
174,174.00000000000028,34.669271,34.666666666666664,2.6043333333376495,1
175,175.00000000000026,34.828125,34.9,71.87499999999858,1
176,176.00000000000026,35.014323,35.06666666666667,52.34366666667256,1
177,177.00000000000028,35.230469,35.266666666666666,36.19766666666635,1
178,178.0000000000002,35.397136,35.266666666666666,130.46933333333754,1
179,179.00000000000017,35.563802,35.6,36.19799999999884,1
180,180.0000000000002,35.730469,35.766666666666666,36.19766666666635,1
181,181.0000000000002,35.914062,35.93333333333333,19.271333333328755,1
182,182.00000000000026,36.0625,36.13333333333333,70.83333333333286,1
183,183.00000000000017,36.177734,36.166666666666664,11.067333333336649,1
184,184.00000000000014,36.373698,36.333333333333336,40.36466666666172,1
185,185.00000000000014,36.529948,36.53333333333333,3.3853333333340174,1
186,186.00000000000017,36.645183,36.666666666666664,21.48366666666135,1
187,187.0000000000002,36.761719,36.833333333333336,71.61433333333633,1
188,188.00000000000014,36.923177,37.03333333333333,110.15633333332886,1
189,189.0000000000001,37.069662,37.06666666666667,2.9953333333310184,1
190,190.0000000000001,37.264323,37.2,64.32299999999458,1
191,191.0000000000001,37.484375,37.4,84.37500000000142,1
192,192.00000000000017,37.882812,37.56666666666667,316.1453333333313,1
193,193.00000000000017,38.121094,37.8,321.0940000000022,1
194,194.00000000000017,38.299479,38.0,299.47899999999805,1
195,195.00000000000017,38.401042,38.36666666666667,34.37533333332965,1
196,196.00000000000017,38.611328,38.56666666666667,44.66133333333033,1
197,197.00000000000017,38.797201,38.8,2.798999999995999,1
198,198.0000000000002,38.983073,39.0,16.92700000000258,1
199,199.0000000000002,39.182292,39.2,17.708000000006052,1
200,200.00000000000017,39.367188,39.3,67.18800000000158,1
201,201.00000000000017,39.65625,39.53333333333333,122.91666666666856,1
202,202.00000000000014,40.007812,39.766666666666666,241.14533333333554,1
203,203.00000000000017,40.174479,39.93333333333333,241.14566666666803,1
204,204.00000000000017,40.404297,40.3,104.29700000000253,1
205,205.00000000000017,40.635417,40.63333333333333,2.0836666666639303,1
206,206.00000000000017,40.830729,40.8,30.729000000000894,1
207,207.00000000000017,41.078125,41.0,78.125,1
208,208.00000000000017,41.303385,41.2,103.38499999999584,1
209,209.00000000000017,41.436198,41.4,36.19799999999884,1
210,210.00000000000017,41.6875,41.63333333333333,54.16666666666714,1
211,211.00000000000017,41.910156,41.833333333333336,76.82266666666493,1
212,212.00000000000017,42.070312,42.03333333333333,36.978666666669824,1
213,213.0000000000002,42.333984,42.233333333333334,100.65066666666667,1
214,214.00000000000017,42.645833,42.5,145.8330000000032,1
215,215.0000000000002,42.869792,42.6,269.79199999999537,1
216,216.0000000000002,43.127604,42.833333333333336,294.27066666666235,1
217,217.0000000000002,43.454427,43.13333333333333,321.0936666666697,1
218,218.0000000000002,43.650391,43.43333333333333,217.05766666666904,1
219,219.0000000000002,43.915365,43.56666666666667,348.69833333333133,1
220,220.0000000000002,44.128906,43.833333333333336,295.57266666666493,1
221,221.00000000000028,44.395833,43.86666666666667,529.1663333333361,1
222,222.0000000000003,44.66276,43.86666666666667,796.0933333333315,1
223,223.0000000000003,44.889323,44.46666666666667,422.65633333332886,1
224,224.0000000000003,45.072917,44.666666666666664,406.2503333333325,1
225,225.0000000000003,45.40625,44.86666666666667,539.5833333333328,1
226,226.0000000000003,45.619141,45.56666666666667,52.47433333332907,1
227,227.0000000000003,45.832031,45.766666666666666,65.36433333333491,1
228,228.0000000000003,45.985677,46.0,14.322999999997421,1
229,229.0000000000003,46.190104,46.2,9.89600000000479,1
230,230.0000000000003,46.384115,46.4,15.884999999997262,1
231,231.0000000000003,46.577474,46.6,22.525999999999158,1
232,232.0000000000003,46.832031,46.7,132.0309999999978,1
233,233.00000000000034,47.084635,46.86666666666667,217.96833333333154,1
234,234.00000000000037,47.239583,47.06666666666667,172.91633333333323,1
235,235.00000000000037,47.489583,47.36666666666667,122.91633333333607,1
236,236.00000000000037,47.670573,47.6,70.572999999996,1
237,237.00000000000037,47.880208,47.8,80.20800000000605,1
238,238.00000000000037,48.217448,48.13333333333333,84.11466666666456,1
239,239.00000000000037,48.472656,48.36666666666667,105.98933333333349,1
240,240.00000000000037,48.737631,48.6,137.63099999999895,1
241,241.00000000000037,49.011719,48.86666666666667,145.05233333333223,1
242,242.0000000000003,49.230469,49.166666666666664,63.80233333333507,1
243,243.0000000000003,49.373698,49.333333333333336,40.36466666666172,1
244,244.00000000000034,49.608724,49.56666666666667,42.05733333333228,1
245,245.0000000000003,49.800781,49.733333333333334,67.44766666666635,1
246,246.00000000000034,50.070964,49.96666666666667,104.29733333332791,1
247,247.00000000000037,50.325521,50.166666666666664,158.85433333333765,1
248,248.00000000000037,50.513021,50.46666666666667,46.354333333333386,1
249,249.00000000000037,50.720703,50.666666666666664,54.03633333333602,1
250,250.0000000000004,50.904948,50.86666666666667,38.28133333333028,1
251,251.00000000000037,51.092448,51.06666666666667,25.78133333332744,1
252,252.0000000000004,51.32487,51.266666666666666,58.203333333331386,1
253,253.00000000000037,51.5625,51.46666666666667,95.83333333333144,1
254,254.0000000000004,51.746745,51.63333333333333,113.41166666666425,1
255,255.00000000000037,51.961589,51.9,61.588999999997895,1
256,256.0000000000004,52.166667,52.1,66.66699999999537,1
257,257.00000000000034,52.445312,52.233333333333334,211.97866666666698,1
258,258.00000000000045,52.65885400000001,52.5,158.85400000001226,1
259,259.0000000000004,53.013021,52.833333333333336,179.68766666666625,1
260,260.0000000000004,53.282552,53.13333333333333,149.21866666666972,1
261,261.00000000000045,53.514974,53.36666666666667,148.30733333333512,1
262,262.0000000000004,53.901042,53.6,301.04199999999537,1
263,263.00000000000045,54.235678,53.7,535.6779999999972,1
264,264.00000000000045,54.476563,54.166666666666664,309.89633333333444,1
265,265.0000000000004,54.748698,54.6,148.697999999996,1
266,266.0000000000004,54.947917,54.8,147.91699999999963,1
267,267.00000000000045,55.160807,55.03333333333333,127.47366666666693,1
268,268.00000000000045,55.443359,55.266666666666666,176.69233333333523,1
269,269.00000000000045,55.650391000000006,55.5,150.39100000000616,1
270,270.00000000000045,55.938802,55.8,138.80200000000542,1
271,271.0000000000004,56.23828100000001,56.03333333333333,204.9476666666763,1
272,272.0000000000004,56.39453100000001,56.3,94.53100000001058,1
273,273.00000000000045,56.554037,56.5,54.037000000001,1
274,274.0000000000004,56.748047,56.766666666666666,18.619666666666035,1
275,275.0000000000005,56.921875,56.93333333333333,11.458333333330017,1
276,276.0000000000005,57.09635400000001,56.96666666666667,129.6873333333437,1
277,277.0000000000005,57.338542,57.233333333333334,105.20866666666251,1
278,278.0000000000005,57.522787,57.5,22.787000000001,1
279,279.0000000000005,57.789062,57.7,89.06199999999842,1
280,280.0000000000005,58.065755,57.9,165.75500000000432,1
281,281.0000000000005,58.326823,58.13333333333333,193.48966666666456,1
282,282.0000000000005,58.624349,58.3,324.3490000000051,1
283,283.0000000000005,58.97265600000001,58.766666666666666,205.98933333334202,1
284,284.0000000000005,59.229167,59.1,129.16699999999537,1
285,285.0000000000005,59.461589,59.333333333333336,128.25566666666077,1
286,286.0000000000004,59.779948,59.53333333333333,246.61466666666598,1
287,287.0000000000005,60.015625,59.766666666666666,248.95833333333428,1
288,288.0000000000004,60.132813,59.96666666666667,166.14633333333018,1
289,289.0000000000005,60.434896,60.13333333333333,301.5626666666691,1
290,290.0000000000005,60.59765600000001,60.56666666666667,30.989333333337754,1
291,291.0000000000005,60.759766000000006,60.766666666666666,6.900666666659561,1
292,292.0000000000005,60.938802,60.96666666666667,27.864666666665983,1
293,293.00000000000057,61.12890600000001,61.1,28.906000000006316,1
294,294.0000000000005,61.30078100000001,61.2,100.7810000000049,1
295,295.00000000000057,61.523438,61.43333333333333,90.10466666666872,1
296,296.0000000000005,61.6875,61.666666666666664,20.833333333335702,1
297,297.00000000000057,61.835938,61.733333333333334,102.60466666666446,1
298,298.0000000000005,61.990885,62.03333333333333,42.448333333332755,1
299,299.00000000000057,62.16015600000001,62.3,139.84399999998942,1
300,300.0000000000005,62.348958,62.5,151.0419999999968,1
301,301.00000000000057,62.55859399999999,62.6,41.40600000000916,1
302,302.0000000000005,62.709635,62.6,109.63499999999726,1
303,303.00000000000057,62.915365,62.9,15.365000000002738,1
304,304.00000000000057,63.134115,63.1,34.114999999999895,1
305,305.0000000000006,63.260417,63.2,60.41699999999395,1
306,306.00000000000057,63.603516000000006,63.4,203.51600000000758,1
307,307.0000000000006,63.942708,63.7,242.70800000000037,1
308,308.0000000000006,64.152344,64.06666666666666,85.67733333333649,1
309,309.0000000000006,64.434895,64.26666666666667,168.22833333333165,1
310,310.0000000000006,64.789062,64.46666666666667,322.3953333333327,1
311,311.0000000000006,65.102214,64.66666666666667,435.5473333333322,1
312,312.0000000000006,65.354166,64.86666666666666,487.4993333333464,1
313,313.0000000000006,65.566406,65.46666666666667,99.73933333333207,1
314,314.0000000000006,65.839844,65.63333333333334,206.5106666666594,1
315,315.0000000000006,66.044271,65.9,144.27099999998916,1
316,316.0000000000006,66.421224,66.06666666666666,354.5573333333323,1
317,317.0000000000006,66.548177,66.36666666666666,181.51033333333544,1
318,318.0000000000007,66.811849,66.76666666666667,45.18233333332944,1
319,319.0000000000007,67.088542,66.96666666666667,121.87533333333533,1
320,320.0000000000007,67.302083,67.13333333333334,168.74966666665614,1
321,321.0000000000007,67.479167,67.36666666666666,112.50033333334386,1
322,322.0000000000007,67.71549399999999,67.6,115.49399999999821,1
323,323.0000000000007,67.906901,67.8,106.90100000000768,1
324,324.0000000000007,68.095052,68.0,95.05199999999547,1
325,325.00000000000057,68.425781,68.26666666666667,159.1143333333349,1
326,326.0000000000006,68.601563,68.5,101.56299999999874,1
327,327.0000000000007,68.805989,68.73333333333333,72.65566666666246,1
328,328.0000000000007,68.99349000000001,68.93333333333334,60.1566666666713,1
329,329.0000000000007,69.171875,69.13333333333334,38.541666666660035,1
330,330.0000000000007,69.32161500000001,69.33333333333333,11.718333333320174,1
331,331.0000000000006,69.515625,69.53333333333333,17.70833333333144,1
332,332.0000000000007,69.67513000000001,69.63333333333334,41.796666666670035,1
333,333.0000000000007,69.881511,69.83333333333333,48.17766666667467,1
334,334.00000000000074,70.056641,70.03333333333333,23.307666666667615,1
335,335.00000000000074,70.214844,70.23333333333333,18.489333333334912,1
336,336.0000000000008,70.389323,70.43333333333334,44.010333333332596,1
337,337.0000000000008,70.60025999999998,70.66666666666667,66.40666666669404,1
338,338.0000000000008,70.800781,70.86666666666666,65.8856666666594,1
339,339.0000000000008,71.188802,71.1,88.80200000000116,1
340,340.00000000000085,71.408854,71.3,108.854000000008,1
341,341.0000000000008,71.601562,71.5,101.56200000000126,1
342,342.00000000000085,71.768229,71.73333333333333,34.89566666667088,1
343,343.00000000000085,71.997396,71.93333333333334,64.06266666665772,1
344,344.0000000000009,72.136719,72.16666666666667,29.947666666672035,1
345,345.0000000000009,72.372396,72.33333333333333,39.062666666666246,1
346,346.0000000000009,72.582031,72.5,82.03100000000063,1
347,347.0000000000009,72.789062,72.66666666666667,122.39533333332986,1
348,348.00000000000097,73.066406,72.9,166.40599999999495,1
349,349.0000000000009,73.285156,73.16666666666667,118.48933333332923,1
350,350.00000000000097,73.503906,73.46666666666667,37.23933333333207,1
351,351.000000000001,73.65299499999998,73.7,47.00500000002705,1
352,352.000000000001,73.876302,73.9,23.69800000001021,1
353,353.000000000001,74.011719,74.1,88.28099999999495,1
354,354.0000000000011,74.1875,74.26666666666667,79.16666666666572,1
355,355.0000000000011,74.432291,74.46666666666667,34.37566666666214,1
356,356.0000000000011,74.677083,74.66666666666667,10.416333333324701,1
357,357.0000000000011,74.80794300000002,74.83333333333333,25.390333333305648,1
358,358.00000000000114,74.97786500000002,75.2,222.1349999999802,1
359,359.00000000000125,75.139323,75.2,60.676999999998316,1
360,360.00000000000125,75.339844,75.43333333333334,93.48933333333775,1
361,361.00000000000125,75.570964,75.5,70.96400000000358,1
362,362.00000000000114,75.802083,75.76666666666667,35.416333333330385,1
363,363.0000000000013,75.9375,75.96666666666667,29.16666666666856,1
364,364.0000000000013,76.126302,76.2,73.69800000000737,1
365,365.0000000000013,76.31900999999998,76.36666666666666,47.65666666668267,1
366,366.0000000000014,76.484375,76.56666666666666,82.29166666666288,1
367,367.0000000000014,76.718099,76.76666666666667,48.56766666667056,1
368,368.0000000000015,76.951823,76.96666666666667,14.843666666664035,1
369,369.0000000000014,77.083334,77.16666666666667,83.33266666667782,1
370,370.0000000000013,77.282552,77.2,82.55199999999263,1
371,371.00000000000165,77.449219,77.46666666666667,17.447666666669193,1
372,372.00000000000153,77.664062,77.46666666666667,197.3953333333327,1
373,373.00000000000153,77.913411,77.8,113.41099999999926,1
374,374.0000000000016,78.16275999999998,78.03333333333333,129.42666666664593,1
375,375.0000000000017,78.30599000000002,78.26666666666667,39.32333333335691,1
376,376.0000000000015,78.50650999999998,78.5,6.509999999977367,1
377,377.00000000000176,78.6875,78.7,12.500000000002842,1
378,378.0000000000017,78.833333,78.9,66.66700000000958,1
379,379.0000000000018,79.029948,79.23333333333333,203.38533333332975,1
380,380.00000000000176,79.183594,79.43333333333334,249.73933333333775,1
381,381.0000000000019,79.351562,79.63333333333334,281.7713333333387,1
382,382.0000000000019,79.561198,79.83333333333333,272.13533333332407,1
383,383.000000000002,79.691406,79.76666666666667,75.26066666666509,1
384,384.0000000000019,79.900391,79.96666666666667,66.27566666666951,1
385,385.0000000000019,80.172092,80.13333333333334,38.758666666666386,1
386,386.0000000000019,80.443793,80.2,243.7929999999966,1
387,387.000000000002,80.71549399999998,80.56666666666666,148.82733333331544,1
388,388.0000000000019,80.94768,80.83333333333333,114.34666666667681,1
389,389.000000000002,81.179865,80.83333333333333,346.531666666678,1
390,390.0000000000019,81.41205,80.83333333333333,578.716666666665,1
391,391.000000000002,81.644235,80.83333333333333,810.9016666666662,1
392,392.0000000000019,81.87642,80.83333333333333,1043.0866666666675,1
393,393.0000000000019,82.10860600000002,80.83333333333333,1275.2726666666945,1
394,394.0000000000019,82.34079100000002,80.83333333333333,1507.4576666666958,1
395,395.0000000000018,82.572976,80.83333333333333,1739.6426666666684,1
396,396.0000000000019,82.805161,80.83333333333333,1971.8276666666698,1
397,397.00000000000193,83.037346,80.83333333333333,2204.012666666671,1
398,398.000000000002,83.269531,80.83333333333333,2436.197666666672,1
399,399.0000000000018,83.459636,80.83333333333333,2626.3026666666747,1
400,400.000000000002,83.70931,80.83333333333333,2875.9766666666737,1
401,401.0000000000018,83.958984,82.1,1858.9840000000067,1
402,402.00000000000205,84.17513000000002,82.26666666666667,1908.4633333333586,1
403,403.00000000000205,84.40028199999998,82.46666666666667,1933.6153333333073,1
404,404.000000000002,84.625434,82.5,2125.4339999999984,1
405,405.00000000000205,84.85058599999998,81.3,3550.585999999981,1
406,406.000000000002,85.075738,82.23333333333333,2842.404666666667,1
407,407.0000000000019,85.30089,82.36666666666666,2934.223333333335,1
408,408.0000000000021,85.526042,82.63333333333334,2892.7086666666637,1
409,409.00000000000205,85.74132,84.16666666666667,1574.6533333333305,1
410,410.000000000002,85.956597,84.26666666666667,1689.9303333333364,1
411,411.00000000000205,86.171875,84.33333333333333,1838.5416666666715,1
412,412.000000000002,86.340278,84.66666666666667,1673.6113333333265,1
413,413.0000000000019,86.50868100000002,84.83333333333333,1675.3476666666957,1
414,414.00000000000216,86.677084,85.1,1577.0839999999994,1
415,415.00000000000205,86.845486,86.86666666666666,21.18066666666607,1
416,416.000000000002,87.013889,87.06666666666666,52.77766666665684,1
417,417.00000000000205,87.182292,87.26666666666667,84.37466666666182,1
418,418.000000000002,87.326823,87.4,73.17700000000116,1
419,419.00000000000205,87.471354,87.6,128.64599999998916,1
420,420.00000000000205,87.6875,87.73333333333333,45.83333333333428,1
421,421.0000000000021,87.922526,87.86666666666666,55.85933333334481,1
422,422.00000000000216,88.157552,88.16666666666667,9.11466666667593,1
423,423.0000000000021,88.325521,88.3,25.520999999997684,1
424,424.0000000000021,88.546549,88.46666666666667,79.88233333333028,1
425,425.00000000000216,88.767578,88.7,67.57799999999747,1
426,426.00000000000233,88.93294300000002,88.93333333333334,0.3903333333141745,1
427,427.00000000000216,89.128798,89.23333333333333,104.53533333333098,1
428,428.00000000000233,89.324653,89.23333333333333,91.31966666666358,1
429,429.00000000000216,89.52050799999998,89.46666666666667,53.84133333330965,1
430,430.0000000000021,89.716363,89.56666666666666,149.69633333333832,1
431,431.00000000000216,89.91221800000002,89.8,112.21800000002702,1
432,432.00000000000233,90.108073,90.06666666666666,41.40633333334165,1
433,433.00000000000216,90.355035,90.23333333333333,121.7016666666666,1
434,434.00000000000233,90.601996,90.43333333333334,168.66266666666263,1
435,435.00000000000216,90.848958,90.5,348.9579999999961,1
436,436.00000000000216,91.02539,90.9,125.3899999999959,1
437,437.00000000000216,91.201823,91.06666666666666,135.15633333334165,1
438,438.00000000000205,91.378255,91.26666666666667,111.58833333333007,1
439,439.00000000000216,91.554687,91.46666666666667,88.0203333333327,1
440,440.0000000000022,91.73112,91.63333333333334,97.78666666666425,1
441,441.00000000000233,91.907552,91.9,7.551999999989789,1
442,442.0000000000022,92.210937,92.06666666666666,144.27033333333839,1
443,443.0000000000022,92.514323,92.33333333333333,180.98966666667593,1
444,444.0000000000021,92.817708,92.63333333333334,184.37466666665614,1
445,445.0000000000022,93.018663,92.93333333333334,85.32966666666653,1
446,446.00000000000233,93.219618,93.13333333333334,86.28466666665702,1
447,447.00000000000233,93.420573,93.33333333333333,87.23966666667593,1
448,448.00000000000233,93.610677,93.53333333333333,77.34366666666403,1
449,449.0000000000022,93.800781,93.73333333333333,67.44766666666635,1
450,450.0000000000021,93.990885,93.93333333333334,57.551666666668666,1
451,451.0000000000022,94.191623,94.06666666666666,124.9563333333441,1
452,452.0000000000022,94.392361,94.3,92.3609999999968,1
453,453.0000000000025,94.593099,94.53333333333333,59.76566666666372,1
454,454.00000000000233,94.840588,94.73333333333333,107.2546666666625,1
455,455.0000000000022,95.088077,94.96666666666667,121.41033333332985,1
456,456.00000000000233,95.335566,95.16666666666667,168.89933333332863,1
457,457.0000000000022,95.583054,95.36666666666666,216.38733333334415,1
458,458.00000000000233,95.830543,95.56666666666666,263.8763333333429,1
459,459.0000000000022,96.078032,95.73333333333333,344.69866666665894,1
460,460.00000000000233,96.325521,96.23333333333333,92.18766666666056,1
461,461.0000000000022,96.533203,96.46666666666667,66.53633333333175,1
462,462.00000000000233,96.740886,96.66666666666667,74.21933333333186,1
463,463.0000000000022,96.948568,96.83333333333333,115.23466666666593,1
464,464.00000000000233,97.15625,96.93333333333334,222.91666666666288,1
465,465.00000000000233,97.363932,96.1,1263.9320000000112,1
466,466.00000000000233,97.571614,96.13333333333334,1438.2806666666568,1
467,467.0000000000022,97.779297,96.13333333333334,1645.9636666666597,1
468,468.00000000000233,97.986979,96.16666666666667,1820.3123333333338,1
469,469.0000000000022,98.194661,96.2,1994.6609999999937,1
470,470.00000000000233,98.402344,96.3,2102.3440000000023,1
471,471.0000000000024,98.583333,96.5,2083.332999999996,1
472,472.0000000000024,98.804688,96.66666666666667,2138.021333333327,1
473,473.00000000000233,99.026042,96.86666666666666,2159.375333333344,1
474,474.0000000000024,99.21224,99.16666666666667,45.57333333332281,1
475,475.0000000000024,99.421441,99.4,21.440999999995825,1
476,476.0000000000024,99.630643,95.83333333333333,3797.309666666678,1
477,477.00000000000244,99.839844,96.06666666666666,3773.1773333333367,1
478,478.0000000000024,100.049045,96.06666666666666,3982.378333333344,1
479,479.0000000000024,100.258247,96.06666666666666,4191.580333333334,1
480,480.0000000000024,100.467448,96.06666666666666,4400.7813333333415,1
481,481.00000000000233,100.708116,96.06666666666666,4641.449333333341,1
482,482.0000000000024,100.948785,96.16666666666667,4782.118333333329,1
483,483.00000000000244,101.189453,96.16666666666667,5022.786333333329,1
484,484.0000000000024,101.348177,96.46666666666667,4881.510333333338,1
485,485.00000000000244,101.506901,96.63333333333334,4873.5676666666595,1
486,486.00000000000244,101.665625,96.83333333333333,4832.291666666677,1
487,487.0000000000024,101.824349,97.03333333333333,4791.015666666666,1
488,488.00000000000244,101.983073,97.26666666666667,4716.406333333339,1
489,489.0000000000025,102.19987,97.46666666666667,4733.203333333336,1
490,490.00000000000244,102.34668,97.7,4646.680000000004,1
491,491.0000000000025,102.493489,98.13333333333334,4360.1556666666565,1
492,492.0000000000025,102.708333,102.63333333333334,74.99966666665614,1
493,493.00000000000256,102.931641,102.86666666666666,64.97433333333902,1
494,494.0000000000025,103.154948,103.16666666666667,11.718666666666877,1
495,495.00000000000256,103.347005,103.33333333333333,13.671666666667193,1
496,496.0000000000027,103.570963,103.4,170.96300000000042,1
497,497.00000000000256,103.794922,103.73333333333333,61.588666666665404,1
498,498.00000000000256,103.975911,103.93333333333334,42.5776666666593,1
499,499.0000000000027,104.153537,104.03333333333333,120.2036666666686,1
500,500.0000000000026,104.331163,104.03333333333333,297.8296666666722,1
501,501.00000000000256,104.508789,104.03333333333333,475.4556666666616,1
502,502.0000000000027,104.686415,104.73333333333333,46.918333333337614,1
503,503.0000000000026,104.864041,105.0,135.95899999999972,1
504,504.00000000000256,105.041667,104.63333333333334,408.33366666666393,1
505,505.0000000000026,105.325087,104.83333333333333,491.75366666666775,1
506,506.0000000000026,105.608507,105.1,508.5070000000087,1
507,507.00000000000273,105.891927,105.76666666666667,125.26033333332975,1
508,508.0000000000027,106.101346,106.0,101.3460000000066,1
509,509.0000000000027,106.310764,106.23333333333333,77.43066666667175,1
510,510.0000000000026,106.520183,106.36666666666666,153.5163333333429,1
511,511.0000000000027,106.729601,106.6,129.60100000000807,1
512,512.0000000000026,106.93902,106.76666666666667,172.35333333333358,1
513,513.0000000000026,107.14843799999998,106.76666666666667,381.7713333333188,1
514,514.0000000000026,107.451389,107.06666666666666,384.72233333334316,1
515,515.0000000000026,107.754341,107.1,654.3410000000023,1
516,516.0000000000026,108.057292,107.1,957.2920000000096,1
517,517.0000000000026,108.252604,107.83333333333333,419.27066666667656,1
518,518.0000000000026,108.447917,108.33333333333333,114.5836666666753,1
519,519.0000000000026,108.643229,108.53333333333333,109.89566666667372,1
520,520.0000000000026,108.843316,108.76666666666667,76.64933333333579,1
521,521.0000000000026,109.043403,108.96666666666667,76.7363333333293,1
522,522.0000000000026,109.24349,109.16666666666667,76.82333333332281,1
523,523.0000000000026,109.444879,109.36666666666666,78.21233333334021,1
524,524.0000000000025,109.646267,109.56666666666666,79.60033333333172,1
525,525.0000000000026,109.847656,109.76666666666667,80.98933333333491,1
526,526.0000000000025,110.069987,109.96666666666667,103.32033333332902,1
527,527.0000000000026,110.292318,110.16666666666667,125.65133333332312,1
528,528.0000000000026,110.514648,110.4,114.64799999998831,1
529,529.0000000000026,110.736979,110.6,136.97900000001084,1
530,530.0000000000026,110.95931000000002,110.8,159.31000000001916,1
531,531.0000000000025,111.18164099999998,111.2,18.359000000018,1
532,532.0000000000025,111.863281,111.43333333333334,429.9476666666635,1
533,533.0000000000026,112.544922,111.46666666666667,1078.2553333333312,1
534,534.0000000000026,113.22656200000002,111.6,1626.5620000000213,1
535,534.9979166666692,113.350043,111.8,1550.0430000000024,1
536,535.9979166666691,113.473524,112.03333333333333,1440.1906666666662,1
537,537.0000000000024,113.597005,112.2,1397.0049999999928,1
538,537.9979166666689,113.720486,112.43333333333334,1287.1526666666568,1
539,538.9979166666687,113.843967,112.53333333333333,1310.6336666666748,1
540,540.000000000002,113.967448,112.8,1167.4480000000074,1
541,541.0000000000019,114.219401,113.06666666666666,1152.734333333342,1
542,542.000000000002,114.471354,114.3,171.354000000008,1
543,543.0000000000019,114.591797,114.56666666666666,25.130333333336807,1
544,544.000000000002,114.761719,114.76666666666667,4.9476666666663505,1
545,545.000000000002,114.89843799999998,114.96666666666667,68.22866666668403,1
546,546.000000000002,115.06901,115.33333333333333,264.3233333333228,1
547,547.000000000002,115.247396,115.53333333333333,285.9373333333366,1
548,548.0000000000022,115.41276,115.73333333333333,320.5733333333285,1
549,549.0000000000022,115.610677,115.93333333333334,322.65633333334165,1
550,550.0000000000022,115.84375,115.33333333333333,510.4166666666714,1
551,551.0000000000022,116.076823,115.33333333333333,743.4896666666759,1
552,552.0000000000022,116.309896,116.2,109.895999999992,1
553,553.0000000000023,116.480469,115.86666666666666,613.8023333333393,1
554,554.0000000000023,116.627604,116.6,27.604000000010842,1
555,555.0000000000023,116.772135,116.8,27.86499999999137,1
556,556.0000000000023,116.964844,117.0,35.15600000000063,1
557,557.0000000000023,117.140625,117.2,59.37500000000284,1
558,558.0000000000023,117.35026,117.33333333333333,16.926666666677193,1
559,559.0000000000023,117.485677,117.53333333333333,47.656333333335965,1
560,560.0000000000024,117.63281200000002,117.73333333333333,100.52133333331881,1
561,561.0000000000025,117.817057,117.8,17.057000000008316,1
562,562.0000000000024,118.064453,117.96666666666667,97.78633333333175,1
563,563.0000000000025,118.30468799999998,118.13333333333334,171.35466666664456,1
564,564.0000000000025,118.630208,118.33333333333333,296.8746666666675,1
565,565.0000000000025,118.847005,118.56666666666666,280.3383333333329,1
566,566.0000000000025,119.063802,118.8,263.8019999999983,1
567,567.0000000000025,119.20638,119.0,206.3799999999958,1
568,568.0000000000025,119.394531,119.36666666666666,27.864333333340596,1
569,569.0000000000025,119.515625,119.56666666666666,51.04166666666288,1
570,570.0000000000025,119.704427,119.73333333333333,28.906333333338807,1
571,571.0000000000026,119.886719,119.83333333333333,53.38566666667077,1
572,572.0000000000025,120.066406,120.03333333333333,33.07266666666919,1
573,573.0000000000026,120.296875,120.23333333333333,63.54166666666572,1
574,574.0000000000028,120.509549,120.46666666666667,42.88233333333835,1
575,575.0000000000028,120.722222,120.63333333333334,88.88866666666217,1
576,576.0000000000028,120.934896,120.86666666666666,68.22933333333481,1
577,577.0000000000028,121.095052,121.06666666666666,28.385333333332596,1
578,578.0000000000028,121.25,121.2,49.99999999999716,1
579,579.000000000003,121.369792,121.36666666666666,3.1253333333438604,1
580,580.0000000000028,121.55468799999998,121.53333333333333,21.354666666653088,1
581,581.000000000003,121.69401,121.7,5.989999999997053,1
582,582.000000000003,121.832683,121.83333333333333,0.6503333333256478,1
583,583.000000000003,121.970052,122.03333333333333,63.281333333335965,1
584,584.000000000003,122.121094,122.16666666666667,45.572666666672035,1
585,585.0000000000031,122.29362,122.26666666666667,26.95333333333849,1
586,586.0000000000031,122.490885,122.4,90.8850000000001,1
587,587.0000000000031,122.707031,122.63333333333334,73.69766666666067,1
588,588.0000000000031,123.227865,122.83333333333333,394.5316666666656,1
589,589.0000000000031,123.481771,123.03333333333333,448.4376666666634,1
590,590.0000000000031,123.63281200000002,123.26666666666667,366.14533333334975,1
591,591.0000000000031,123.765625,123.43333333333334,332.2916666666629,1
592,592.0000000000031,123.94531299999998,123.96666666666667,21.353666666684035,1
593,593.0000000000031,124.13151,124.16666666666667,35.156666666665615,1
594,594.0000000000031,124.329427,124.33333333333333,3.906333333333123,1
595,595.0000000000031,124.459635,124.53333333333333,73.69833333332565,1
596,596.0000000000031,124.628906,124.73333333333333,104.42733333333365,1
597,597.0000000000031,124.903646,124.83333333333333,70.31266666666625,1
598,598.0000000000031,125.169271,125.13333333333334,35.93766666665488,1
599,599.0000000000032,125.373698,125.3,73.69800000000737,1
600,600.0000000000031,125.557292,125.43333333333334,123.95866666666677,1
601,601.0000000000031,125.768229,125.7,68.22900000000232,1
602,602.0000000000031,125.959636,125.93333333333334,26.30266666666614,1
603,603.0000000000031,126.20052,126.1,100.52000000000305,1
604,604.0000000000032,126.421224,126.33333333333333,87.89066666666656,1
605,605.0000000000032,126.611979,126.56666666666666,45.31233333334228,1
606,606.0000000000033,126.895833,126.8,95.83299999999895,1
607,607.0000000000032,127.191406,127.03333333333333,158.0726666666692,1
608,608.0000000000033,127.391927,127.23333333333333,158.5936666666612,1
609,609.0000000000033,127.694661,127.5,194.66099999999642,1
610,610.0000000000033,128.03776000000002,127.86666666666666,171.09333333335996,1
611,611.0000000000033,128.263672,128.06666666666666,197.00533333335102,1
612,612.0000000000033,128.47786499999998,128.26666666666668,211.19833333330007,1
613,613.0000000000033,128.70963500000002,128.5,209.63500000002,1
614,614.0000000000033,128.891927,128.63333333333333,258.59366666668393,1
615,615.0000000000033,129.092448,128.9,192.44799999998463,1
616,616.0000000000033,129.345703,129.2,145.70299999999747,1
617,617.0000000000033,129.582031,129.43333333333334,148.6976666666635,1
618,618.0000000000033,129.815104,129.6,215.10399999999663,1
619,619.0000000000032,130.02213500000002,129.86666666666667,155.46833333334575,1
620,620.0000000000033,130.21875,130.13333333333333,85.41666666667425,1
621,621.0000000000033,130.546875,130.2,346.87500000001137,1
622,622.0000000000033,130.90625,130.76666666666668,139.58333333332007,1
623,623.0000000000032,131.083333,130.96666666666667,116.66633333334175,1
624,624.0000000000033,131.28125,131.2,81.25000000001137,1
625,625.0000000000033,131.524089,131.43333333333334,90.75566666666646,1
626,626.0000000000033,131.751302,131.66666666666666,84.63533333335249,1
627,627.0000000000034,131.990235,131.86666666666667,123.56833333333839,1
628,628.0000000000034,132.264323,132.06666666666666,197.65633333332744,1
629,629.0000000000033,132.463542,132.33333333333334,130.20866666664688,1
630,630.0000000000034,132.654948,132.6,54.947999999996,1
631,631.0000000000034,132.894531,132.86666666666667,27.864333333326385,1
632,632.0000000000034,133.066406,133.03333333333333,33.07266666666919,1
633,633.0000000000034,133.329427,133.23333333333332,96.09366666668961,1
634,634.0000000000034,133.74088500000002,133.43333333333334,307.5516666666829,1
635,635.0000000000034,133.951823,133.63333333333333,318.48966666666456,1
636,636.0000000000035,134.24414,134.03333333333333,210.80666666665593,1
637,637.0000000000035,134.63411499999998,134.3,334.11499999996863,1
638,638.0000000000034,134.820312,134.5,320.31200000000126,1
639,639.0000000000035,134.998698,134.96666666666667,32.031333333321754,1
640,640.0000000000034,135.231771,135.16666666666666,65.10433333335186,1
641,641.0000000000035,135.434896,135.36666666666667,68.22933333333481,1
642,642.0000000000034,135.601563,135.53333333333333,68.2296666666673,1
643,643.0000000000034,135.829427,135.76666666666668,62.760333333329754,1
644,644.0000000000034,136.00911499999998,136.0,9.11499999998,1
645,645.0000000000034,136.21223999999998,136.2,12.239999999991369,1
646,646.0000000000034,136.389323,136.4,10.677000000015369,1
647,647.0000000000034,136.570312,136.56666666666666,3.6453333333383853,1
648,648.0000000000034,136.8125,136.73333333333332,79.16666666667993,1
649,649.0000000000034,137.092448,136.93333333333334,159.1146666666532,1
650,650.0000000000034,137.261719,137.3,38.281000000012,1
651,651.0000000000034,137.563151,137.43333333333334,129.81766666666772,1
652,652.0000000000034,137.817058,137.7,117.05800000001432,1
653,653.0000000000035,138.089844,137.96666666666667,123.17733333333081,1
654,654.0000000000034,138.589844,138.13333333333333,456.5106666666736,1
655,655.0000000000034,138.966146,138.4,566.1460000000034,1
656,656.0000000000034,139.173177,139.1,73.17700000001537,1
657,657.0000000000034,139.45963500000002,139.33333333333334,126.30166666667719,1
658,658.0000000000034,139.829427,139.56666666666666,262.7603333333468,1
659,659.0000000000034,139.998047,139.9,98.04700000000821,1
660,660.0000000000031,140.188802,140.13333333333333,55.46866666668393,1
661,661.0000000000032,140.445312,140.33333333333334,111.97866666665846,1
662,662.0000000000033,140.613281,140.53333333333333,79.94766666666919,1
663,663.0000000000033,140.861979,140.76666666666668,95.31233333331102,1
664,664.0000000000031,141.104167,140.96666666666667,137.50033333332112,1
665,665.000000000003,141.295573,141.16666666666666,128.90633333333312,1
666,666.0000000000028,141.531901,141.36666666666667,165.2343333333306,1
667,667.000000000003,141.77473999999995,141.66666666666666,108.07333333329439,1
668,668.000000000003,141.950521,141.93333333333334,17.18766666667193,1
669,669.0000000000028,142.154948,142.1,54.947999999996,1
670,670.0000000000028,142.402344,142.33333333333334,69.01066666665656,1
671,671.0000000000025,142.589844,142.5,89.84399999999937,1
672,672.0000000000023,142.795573,142.7,95.57300000000168,1
673,673.0000000000023,143.057943,142.9,157.94299999998884,1
674,674.0000000000023,143.276692,143.06666666666666,210.02533333333417,1
675,675.0000000000022,143.567708,143.33333333333334,234.3746666666675,1
676,676.0000000000016,143.85676999999995,143.56666666666666,290.10333333329186,1
677,677.0000000000016,144.136719,143.66666666666666,470.0523333333422,1
678,678.0000000000016,144.460286,144.0,460.2859999999964,1
679,679.0000000000015,144.855469,144.46666666666667,388.8023333333308,1
680,680.0000000000016,145.085938,144.66666666666666,419.27133333334154,1
681,681.0000000000015,145.36914,145.23333333333332,135.8066666666673,1
682,682.0000000000015,145.638021,145.46666666666667,171.3543333333405,1
683,683.0000000000015,145.845052,145.36666666666667,478.38533333333544,1
684,684.0000000000014,145.972656,145.96666666666667,5.98933333333207,1
685,685.0000000000015,146.242188,146.16666666666666,75.52133333334154,1
686,686.0000000000015,146.40625,146.4,6.249999999994316,1
687,687.0000000000013,146.589844,146.6,10.155999999994947,1
688,688.0000000000013,146.783854,146.8,16.146000000020422,1
689,689.0000000000013,146.947917,146.96666666666667,18.749666666678877,1
690,690.000000000001,147.138021,147.06666666666666,71.35433333334618,1
691,691.0000000000011,147.361979,147.26666666666668,95.31233333331102,1
692,692.0000000000011,147.526042,147.46666666666667,59.37533333332112,1
693,693.000000000001,147.714844,147.7,14.844000000010737,1
694,694.0000000000011,147.877604,147.9,22.396000000014737,1
695,695.000000000001,148.04036499999995,148.1,59.63500000004274,1
696,696.000000000001,148.248698,148.26666666666668,17.968666666689614,1
697,697.0000000000013,148.476562,148.4,76.56199999999558,1
698,698.0000000000008,148.661458,148.6,61.458000000016,1
699,699.0000000000008,148.860677,148.8,60.676999999998316,1
700,700.0000000000008,149.05338500000005,149.0,53.38500000004842,1
701,701.0000000000007,149.251302,149.2,51.30200000002105,1
702,702.0000000000007,149.586589,149.36666666666667,219.92233333332933,1
703,703.0000000000007,149.919271,149.6,319.27100000001474,1
704,704.0000000000007,150.113281,149.86666666666667,246.61433333332639,1
705,705.0000000000007,150.417318,150.2,217.3180000000059,1
706,706.0000000000006,150.846354,150.5,346.35399999999095,1
707,707.0000000000005,151.191406,150.73333333333332,458.07266666668056,1
708,708.0000000000005,151.488281,150.86666666666667,621.6143333333264,1
709,709.0000000000003,151.75911499999995,151.06666666666666,692.4483333332887,1
710,710.0000000000005,151.972982,151.56666666666666,406.3153333333389,1
711,711.0000000000005,152.186849,151.76666666666668,420.1823333333152,1
712,712.0000000000002,152.558594,151.96666666666667,591.9273333333308,1
713,713.0000000000005,152.66276000000005,152.5,162.76000000004842,1
714,714.0000000000002,152.966146,152.9,66.14600000000337,1
715,715.0000000000002,153.238281,153.1,138.28100000000632,1
716,716.0000000000002,153.417969,153.3,117.968999999988,1
717,717.0000000000001,153.61848999999995,153.53333333333333,85.15666666662014,1
718,718.0000000000001,153.85286499999995,153.73333333333332,119.53166666663151,1
719,719.0,154.029948,153.96666666666667,63.281333333321754,1
720,719.9999999999999,154.235677,154.16666666666666,69.01033333335249,1
721,721.0000000000001,154.518229,154.36666666666667,151.5623333333167,1
722,721.9999999999998,154.723958,154.63333333333333,90.62466666668456,1
723,722.9999999999994,154.957682,154.83333333333334,124.34866666666267,1
724,723.9999999999997,155.127604,155.03333333333333,94.27066666665951,1
725,724.9999999999999,155.300781,155.26666666666668,34.1143333333207,1
726,725.9999999999999,155.44401000000005,155.46666666666667,22.65666666662014,1
727,726.9999999999997,155.617188,155.66666666666666,49.478666666658455,1
728,727.9999999999995,155.805339,155.76666666666668,38.67233333332365,1
729,728.9999999999998,156.003255,155.96666666666667,36.58833333332723,1
730,729.9999999999993,156.172526,156.16666666666666,5.859333333347649,1
731,730.9999999999993,156.32487,156.33333333333334,8.463333333338596,1
732,731.9999999999992,156.485677,156.56666666666666,80.98966666665319,1
733,732.999999999999,156.6875,156.73333333333332,45.83333333332007,1
734,733.9999999999992,156.886719,156.9,13.281000000006316,1
735,734.9999999999986,157.197917,157.06666666666666,131.2503333333268,1
736,735.9999999999989,157.388021,157.33333333333334,54.687666666666246,1
737,736.9999999999992,157.557292,157.53333333333333,23.958666666658246,1
738,737.999999999999,157.736979,157.73333333333332,3.645666666670877,1
739,738.999999999999,157.970052,157.93333333333334,36.71866666667256,1
740,739.999999999999,158.13411499999995,158.13333333333333,0.7816666666258243,1
741,740.9999999999986,158.388021,158.33333333333334,54.687666666666246,1
742,741.9999999999987,158.580729,158.53333333333333,47.39566666665951,1
743,742.9999999999986,158.785156,158.66666666666666,118.48933333334344,1
744,743.9999999999985,159.054688,158.93333333333334,121.35466666666161,1
745,744.9999999999985,159.288411,159.16666666666666,121.74433333333923,1
746,745.9999999999983,159.52213500000005,159.4,122.13500000004274,1
747,746.9999999999985,159.670573,159.7,29.426999999998316,1
748,747.9999999999985,159.851562,159.9,48.43800000000442,1
749,748.9999999999985,160.02539,160.1,74.61000000000695,1
750,749.9999999999982,160.199219,160.23333333333332,34.1143333333207,1
751,750.9999999999982,160.447917,160.43333333333334,14.583666666652562,1
752,751.9999999999982,160.69661499999995,160.7,3.385000000037053,1
753,752.9999999999984,160.824219,160.83333333333334,9.114333333343438,1
754,753.9999999999981,161.0,161.06666666666666,66.66666666666288,1
755,754.999999999998,161.173177,161.16666666666666,6.5103333333524915,1
756,755.999999999998,161.369792,161.33333333333334,36.45866666664688,1
757,756.9999999999977,161.614583,161.56666666666666,47.91633333334744,1
758,757.9999999999976,161.859375,161.8,59.37499999998863,1
759,758.9999999999978,161.984375,162.03333333333333,48.95833333333144,1
760,759.9999999999977,162.182292,162.23333333333332,51.041333333330385,1
761,760.9999999999978,162.36588500000005,162.33333333333334,32.551666666705614,1
762,761.9999999999975,162.544271,162.6,55.72899999998526,1
763,762.9999999999975,162.782552,162.8,17.448000000001684,1
764,763.9999999999977,163.020833,163.03333333333333,12.500333333321123,1
765,764.9999999999977,163.160156,163.13333333333333,26.822666666674877,1
766,765.9999999999974,163.354167,163.3,54.166999999978316,1
767,766.9999999999972,163.54036499999995,163.5,40.36499999995158,1
768,767.999999999997,163.744792,163.66666666666666,78.12533333333249,1
769,768.9999999999969,164.007813,163.9,107.81299999999305,1
770,769.999999999997,164.270833,164.13333333333333,137.49966666668456,1
771,770.999999999997,164.403646,164.4,3.6460000000033688,1
772,771.9999999999972,164.60286499999995,164.63333333333333,30.468333333374176,1
773,772.9999999999967,164.79036499999995,164.73333333333332,57.03166666663151,1
774,773.9999999999967,164.933594,165.03333333333333,99.73933333333207,1
775,774.9999999999966,165.13411499999995,165.3,165.8850000000598,1
776,775.9999999999965,165.286458,165.53333333333333,246.87533333332112,1
777,776.9999999999965,165.440104,165.7,259.8959999999977,1
778,777.9999999999964,165.645833,165.66666666666666,20.833666666646877,1
779,778.9999999999962,165.777344,165.83333333333334,55.98933333334344,1
780,779.9999999999964,165.985677,165.96666666666667,19.010333333341123,1
781,780.9999999999959,166.270182,166.2,70.18200000001684,1
782,781.9999999999962,166.554687,166.4,154.68699999999558,1
783,782.9999999999964,166.839193,166.63333333333333,205.85966666666877,1
784,783.9999999999961,167.13831000000005,166.96666666666667,171.64333333337822,1
785,784.999999999996,167.437427,167.16666666666666,270.7603333333566,1
786,785.9999999999962,167.736545,167.26666666666668,469.87833333332674,1
787,786.9999999999961,168.035663,167.36666666666667,668.9963333333253,1
788,787.9999999999964,168.33478,167.36666666666667,968.1133333333207,1
789,788.9999999999962,168.633898,167.36666666666667,1267.2313333333136,1
790,789.9999999999961,168.93301499999995,167.36666666666667,1566.3483333332806,1
791,790.9999999999961,169.232133,167.36666666666667,1865.4663333333303,1
792,791.999999999996,169.53125,167.36666666666667,2164.5833333333258,1
793,792.9999999999977,169.885851,167.36666666666667,2519.184333333328,1
794,793.9999999999976,170.240451,167.36666666666667,2873.784333333333,1
795,794.9999999999977,170.595052,167.36666666666667,3228.3853333333354,1
796,795.9999999999977,171.089193,167.36666666666667,3722.5263333333205,1
797,796.9999999999976,171.583333,169.96666666666667,1616.6663333333418,1
798,797.9999999999977,172.077474,170.16666666666666,1910.807333333338,1
799,798.9999999999976,172.57161499999995,170.36666666666667,2204.9483333332773,1
800,799.9999999999976,172.99088500000005,170.6,2390.885000000054,1
801,800.9999999999976,173.358073,171.06666666666666,2291.4063333333274,1
802,801.9999999999975,173.708333,171.26666666666668,2441.6663333333304,1
803,802.9999999999976,174.014323,171.36666666666667,2647.656333333316,1
804,803.9999999999976,174.614583,171.8,2814.5829999999987,1
805,804.9999999999976,174.981771,172.0,2981.771000000009,1
806,805.9999999999977,175.348958,172.16666666666666,3182.291333333353,1
807,806.9999999999976,175.716146,172.16666666666666,3549.479333333352,1
808,807.9999999999976,176.22493500000004,172.5,3724.935000000045,1
809,808.9999999999977,176.733724,172.56666666666666,4167.057333333332,1
810,809.9999999999976,177.242513,172.46666666666667,4775.846333333334,1
811,810.9999999999976,177.751302,170.7,7051.3020000000215,1
812,811.9999999999975,178.16276000000005,170.9,7262.760000000043,1
813,812.9999999999972,178.511719,171.03333333333333,7478.385666666668,1
814,813.9999999999974,178.914062,171.26666666666668,7647.395333333321,1
815,814.9999999999975,179.701172,171.56666666666666,8134.505333333351,1
816,815.9999999999972,180.488281,171.8,8688.28099999999,1
817,816.9999999999974,180.878906,171.83333333333334,9045.572666666658,1
818,817.9999999999974,181.269531,171.83333333333334,9436.197666666658,1
819,818.9999999999972,181.660156,172.36666666666667,9293.489333333326,1
820,819.9999999999974,182.33138,172.66666666666666,9664.713333333339,1
821,820.999999999997,183.002604,174.5,8502.60399999999,1
822,821.9999999999972,183.507813,174.5,9007.812999999998,1
823,822.9999999999972,183.928602,174.5,9428.602000000012,1
824,823.9999999999972,184.349392,175.43333333333334,8916.058666666657,1
825,824.9999999999972,184.770182,175.56666666666666,9203.515333333342,1
826,825.9999999999972,185.190972,175.56666666666666,9624.305333333325,1
827,826.9999999999972,185.611762,175.56666666666666,10045.095333333336,1
828,827.9999999999972,186.032552,175.0,11032.55200000001,1
829,828.9999999999972,186.389323,175.23333333333332,11155.98966666667,1
830,829.999999999997,186.746094,175.4,11346.093999999994,1
831,830.9999999999974,187.144531,175.56666666666666,11577.864333333338,1
832,831.9999999999972,187.48062,175.56666666666666,11913.953333333324,1
833,832.9999999999969,187.789063,175.96666666666667,11822.39633333333,1
834,833.9999999999969,188.102865,174.66666666666666,13436.198333333352,1
835,834.999999999997,188.381185,174.73333333333332,13647.851666666667,1
836,835.9999999999969,188.659505,174.73333333333332,13926.171666666676,1
837,836.9999999999969,189.073567,176.66666666666666,12406.90033333334,1
838,837.9999999999967,189.443685,176.66666666666666,12777.01833333333,1
839,838.9999999999967,189.813802,176.66666666666666,13147.135333333352,1
840,839.9999999999967,190.451823,176.66666666666666,13785.156333333332,1
841,840.9999999999965,191.518229,176.66666666666666,14851.562333333333,1
842,841.9999999999966,191.752604,176.66666666666666,15085.937333333333,1
843,842.9999999999964,191.957682,176.66666666666666,15291.015333333347,1
844,843.9999999999966,192.190104,176.66666666666666,15523.437333333333,1
845,844.9999999999966,192.403646,176.66666666666666,15736.979333333351,1
846,845.9999999999966,192.601562,176.66666666666666,15934.895333333345,1
847,846.9999999999966,192.858073,176.66666666666666,16191.406333333332,1
848,847.9999999999966,193.126302,176.66666666666666,16459.635333333354,1
849,848.9999999999965,193.623698,176.66666666666666,16957.031333333332,1
850,849.9999999999967,194.458116,176.66666666666666,17791.449333333334,1
851,850.9999999999967,195.292535,176.66666666666666,18625.86833333333,1
852,851.9999999999967,196.126953,176.66666666666666,19460.28633333333,1
853,852.9999999999966,196.588976,176.66666666666666,19922.309333333345,1
854,853.9999999999967,197.050998,176.66666666666666,20384.331333333335,1
855,854.9999999999965,197.513021,181.7,15813.02100000002,1
856,855.9999999999966,197.979167,183.26666666666668,14712.50033333331,1
857,856.9999999999966,198.445313,183.43333333333334,15011.979666666663,1
858,857.9999999999966,198.911458,183.66666666666666,15244.791333333353,1
859,858.9999999999966,199.377604,183.9,15477.603999999985,1
860,859.9999999999965,199.833333,184.06666666666666,15766.666333333347,1
861,860.9999999999965,200.230469,184.06666666666666,16163.802333333337,1
862,861.9999999999967,200.565104,184.06666666666666,16498.437333333328,1
863,862.9999999999967,200.84375,184.06666666666666,16777.083333333336,1
864,863.9999999999967,201.294271,184.06666666666666,17227.604333333347,1
865,864.9999999999968,201.662761,184.06666666666666,17596.094333333327,1
866,865.9999999999965,202.03125,184.06666666666666,17964.583333333336,1
867,866.9999999999965,202.39974,183.66666666666666,18733.073333333352,1
868,867.9999999999966,202.812826,183.86666666666667,18946.159333333326,1
869,868.9999999999966,203.225911,184.06666666666666,19159.244333333332,1
870,869.9999999999966,203.638997,184.23333333333332,19405.663666666667,1
871,870.9999999999966,204.052083,184.46666666666667,19585.41633333334,1
872,871.9999999999967,204.434896,184.63333333333333,19801.562666666683,1
873,872.9999999999967,204.772135,184.66666666666666,20105.468333333334,1
874,873.9999999999967,205.11849,184.66666666666666,20451.823333333352,1
875,874.9999999999967,205.914063,184.6,21314.063000000006,1
876,875.9999999999967,206.709635,184.73333333333332,21976.30166666667,1
877,876.9999999999967,207.371094,185.5,21871.094,1
878,877.9999999999967,207.833333,185.66666666666666,22166.666333333353,1
879,878.9999999999967,208.251302,186.06666666666666,22184.635333333346,1
880,879.9999999999967,208.674262,186.3,22374.261999999988,1
881,880.9999999999967,209.097222,186.53333333333333,22563.888666666655,1
882,881.9999999999967,209.520183,186.63333333333333,22886.849666666676,1
883,882.9999999999967,210.281576,186.86666666666667,23414.909333333326,1
884,883.9999999999967,211.042969,187.03333333333333,24009.63566666667,1
885,884.9999999999967,211.632162,187.03333333333333,24598.82866666666,1
886,885.9999999999967,211.978154,187.3,24678.153999999977,1
887,886.9999999999967,212.324147,187.43333333333334,24890.813666666672,1
888,887.9999999999967,212.670139,187.73333333333332,24936.805666666685,1
889,888.9999999999967,213.016132,187.93333333333334,25082.798666666662,1
890,889.9999999999967,213.362124,188.1,25262.124,1
891,890.9999999999967,213.708117,188.36666666666667,25341.450333333312,1
892,891.9999999999967,214.054109,188.36666666666667,25687.442333333336,1
893,892.9999999999967,214.400102,188.36666666666667,26033.43533333333,1
894,893.9999999999967,214.746094,188.36666666666667,26379.427333333326,1
895,894.9999999999967,215.06622,193.0,22066.219999999987,1
896,895.9999999999967,215.38634700000003,193.16666666666666,22219.680333333374,1
897,896.9999999999968,215.706473,193.1,22606.472999999994,1
898,897.9999999999968,216.0266,193.2,22826.600000000013,1
899,898.9999999999967,216.346726,191.86666666666667,24480.059333333316,1
900,899.9999999999967,216.666853,192.06666666666666,24600.18633333334,1
901,900.9999999999968,216.986979,192.26666666666668,24720.31233333331,1
902,901.9999999999967,217.231771,192.5,24731.771000000008,1
903,902.9999999999966,217.68052000000003,192.7,24980.52000000004,1
904,903.9979166666633,217.944766,192.8,25144.765999999974,1
905,904.9999999999966,218.219401,192.8,25419.400999999994,1
906,905.9999999999966,218.568083,193.16666666666666,25401.416333333345,1
907,906.9999999999966,218.843708,193.23333333333332,25610.374666666674,1
908,907.9999999999964,219.122396,193.23333333333332,25889.06266666669,1
909,908.9999999999964,219.501302,193.23333333333332,26267.96866666669,1
910,909.9999999999965,219.788086,193.23333333333332,26554.752666666674,1
911,910.9999999999964,220.074869,193.6,26474.869000000013,1
912,911.9999999999964,220.47461,193.93333333333334,26541.276666666676,1
913,912.9999999999964,220.851563,193.9,26951.562999999995,1
914,913.9999999999961,221.228515,193.9,27328.51499999998,1
915,914.9999999999961,221.916015,193.73333333333332,28182.681666666667,1
916,915.9999999999961,222.378906,193.9,28478.905999999995,1
917,916.9999999999961,222.841797,193.9,28941.79700000001,1
918,917.9999999999961,223.304688,194.03333333333333,29271.354666666666,1
919,918.9999999999961,223.632813,194.03333333333333,29599.479666666666,1
920,919.9999999999961,223.960938,194.03333333333333,29927.604666666666,1
921,920.9999999999959,224.291667,194.03333333333333,30258.33366666666,1
922,921.9999999999959,224.621094,194.03333333333333,30587.76066666667,1
923,922.9999999999958,224.967448,194.03333333333333,30934.114666666657,1
924,923.9999999999956,225.554688,194.03333333333333,31521.354666666666,1
925,924.9999999999956,226.938802,194.03333333333333,32905.468666666675,1
926,925.9999999999956,227.705729,200.9,26805.728999999985,1
927,926.9999999999956,228.654297,200.96666666666667,27687.630333333345,1
928,927.9999999999956,229.360677,201.16666666666666,28194.010333333354,1
929,928.9999999999953,229.635417,201.33333333333334,28302.083666666647,1
930,929.9999999999953,229.951823,198.2,31751.823,1
931,930.9999999999953,230.282552,201.43333333333334,28849.21866666667,1
932,931.9999999999953,230.572917,201.63333333333333,28939.583666666666,1
933,932.9999999999952,230.872396,201.83333333333334,29039.062666666665,1
934,933.9999999999952,231.170573,202.03333333333333,29137.239666666657,1
935,934.9999999999952,231.410808,202.63333333333333,28777.474666666676,1
936,935.9999999999952,231.667969,202.46666666666667,29201.30233333333,1
937,936.9999999999952,231.967448,201.43333333333334,30534.114666666654,1
938,937.9999999999951,232.28776,201.6,30687.76,1
939,938.9999999999951,232.644531,201.9,30744.530999999995,1
940,939.9999999999951,233.076823,201.9,31176.822999999986,1
941,940.999999999995,233.380208,201.9,31480.208000000006,1
942,941.999999999995,233.674479,201.9,31774.478999999985,1
943,942.999999999995,233.9375,201.46666666666667,32470.833333333332,1
944,943.999999999995,234.196615,201.33333333333334,32863.28166666666,1
945,944.999999999995,234.476563,201.53333333333333,32943.229666666666,1
946,945.9999999999949,234.794271,202.06666666666666,32727.604333333347,1
947,946.9999999999948,234.992838,202.26666666666668,32726.171333333325,1
948,947.9999999999949,235.265625,202.5,32765.625,1
949,948.9999999999948,235.541666,202.36666666666667,33174.99933333332,1
950,949.9999999999948,235.800781,201.66666666666666,34134.114333333346,1
951,950.9999999999948,236.06901,201.86666666666667,34202.343333333316,1
952,951.9999999999947,236.507161,202.03333333333333,34473.827666666664,1
953,952.9999999999947,236.739584,202.26666666666668,34472.91733333333,1
954,953.9999999999947,237.003906,202.43333333333334,34570.57266666667,1
955,954.9999999999947,237.289063,202.5,34789.063,1
956,955.9999999999947,237.536458,202.7,34836.45800000002,1
957,956.9999999999947,237.781902,202.9,34881.901999999995,1
958,957.9999999999945,238.053385,203.2,34853.385,1
959,958.9999999999944,238.238281,204.16666666666666,34071.614333333346,1
960,959.9999999999945,238.46289,204.56666666666666,33896.22333333333,1
961,960.9999999999944,238.732421,203.83333333333334,34899.087666666645,1
962,961.9999999999944,238.977865,203.93333333333334,35044.53166666667,1
963,962.9999999999944,239.233073,204.73333333333332,34499.73966666667,1
964,963.9999999999944,239.629558,204.76666666666668,34862.891333333326,1
965,964.9999999999943,239.848958,204.76666666666668,35082.29133333333,1
966,965.9999999999943,240.092448,204.76666666666668,35325.78133333331,1
967,966.9999999999943,240.354818,204.76666666666668,35588.15133333331,1
968,967.9999999999942,240.570963,203.96666666666667,36604.29633333334,1
969,968.9999999999942,240.8125,204.73333333333332,36079.16666666668,1
970,969.9999999999942,241.072916,204.73333333333332,36339.58266666667,1
971,970.9999999999941,241.265625,204.73333333333332,36532.29166666668,1
972,971.9999999999941,241.478515,204.73333333333332,36745.18166666667,1
973,972.9999999999941,241.734375,204.73333333333332,37001.04166666668,1
974,973.9999999999941,241.961588,204.73333333333332,37228.25466666669,1
975,974.9999999999941,242.229167,204.73333333333332,37495.83366666667,1
976,975.9999999999941,242.559896,204.86666666666667,37693.22933333334,1
977,976.9999999999939,242.748047,204.9,37848.047000000006,1
978,977.9999999999941,242.984375,204.86666666666667,38117.70833333333,1
979,978.9999999999939,243.274088,205.06666666666666,38207.42133333335,1
980,979.9999999999939,243.501953,205.56666666666666,37935.28633333332,1
981,980.9999999999939,243.811198,205.8,38011.19799999998,1
982,981.9999999999939,244.139974,208.36666666666667,35773.30733333332,1
983,982.9999999999937,244.373047,208.56666666666666,35806.38033333335,1
984,983.9999999999939,244.655599,208.76666666666668,35888.932333333316,1
985,984.9999999999937,244.884115,208.8,36084.115,1
986,985.9999999999937,245.141927,208.8,36341.926999999996,1
987,986.9999999999937,245.513021,208.8,36713.021,1
988,987.9999999999935,245.91276,208.8,37112.75999999998,1
989,988.9999999999935,246.157552,208.8,37357.551999999996,1
990,989.9999999999935,246.495442,208.8,37695.44199999999,1
991,990.9999999999935,246.764974,208.93333333333334,37831.64066666666,1
992,991.9999999999935,247.052084,208.93333333333334,38118.750666666674,1
993,992.9999999999934,247.455729,209.46666666666667,37989.06233333332,1
994,993.9999999999934,247.869791,209.46666666666667,38403.124333333326,1
995,994.9999999999933,248.195313,209.46666666666667,38728.64633333333,1
996,995.9999999999933,248.595704,208.83333333333334,39762.37066666667,1
997,996.9999999999934,249.080729,209.66666666666666,39414.062333333335,1
998,997.9999999999932,249.726562,210.0,39726.562,1
999,998.9999999999932,250.425131,210.23333333333332,40191.79766666667,1
1000,999.9999999999887,250.684896,210.3,40384.896,1
1001,1000.999999999989,250.834635,210.46666666666667,40367.96833333332,1
1002,1001.999999999989,250.998698,210.36666666666667,40632.03133333332,1
1003,1002.9999999999891,251.171875,210.3,40871.874999999985,1
1004,1003.9999999999891,251.317709,210.4,40917.709,1
1005,1004.9999999999891,251.468099,209.16666666666666,42301.43233333334,1
1006,1005.9999999999892,251.669922,209.56666666666666,42103.25533333335,1
1007,1006.9999999999892,251.777344,209.7,42077.34400000001,1
1008,1007.9999999999893,252.003906,209.9,42103.905999999995,1
1009,1008.9999999999893,252.153646,210.13333333333333,42020.31266666669,1
1010,1009.9999999999893,252.360677,210.3,42060.676999999996,1
1011,1010.9999999999894,252.561198,210.36666666666667,42194.53133333332,1
1012,1011.9999999999894,252.808594,210.36666666666667,42441.927333333326,1
1013,1012.9999999999895,252.924479,210.36666666666667,42557.81233333331,1
1014,1013.9999999999895,253.090494,210.36666666666667,42723.827333333335,1
1015,1014.9999999999895,253.317709,210.46666666666667,42851.04233333334,1
1016,1015.9999999999898,253.444662,210.63333333333333,42811.32866666667,1
1017,1016.9999999999898,253.62174500000003,210.66666666666666,42955.078333333375,1
1018,1017.9999999999899,253.841146,210.66666666666666,43174.47933333335,1
1019,1018.9999999999899,254.011067,210.66666666666666,43344.40033333334,1
1020,1019.9999999999899,254.193359,210.66666666666666,43526.69233333333,1
1021,1020.9999999999901,254.352865,210.66666666666666,43686.19833333335,1
1022,1021.9999999999901,254.520834,210.66666666666666,43854.16733333335,1
1023,1022.9999999999902,254.723307,210.66666666666666,44056.64033333335,1
1024,1023.9999999999902,254.91276,210.66666666666666,44246.09333333334,1
1025,1024.9999999999902,255.069662,210.66666666666666,44402.99533333334,1
1026,1025.9999999999902,255.216797,210.66666666666666,44550.130333333356,1
1027,1026.9999999999902,255.408854,210.66666666666666,44742.187333333335,1
1028,1027.9999999999905,255.529948,210.73333333333332,44796.61466666667,1
1029,1028.9999999999905,255.682943,211.1,44582.943,1
1030,1029.9999999999905,255.865885,210.76666666666668,45099.21833333331,1
1031,1030.9999999999907,256.008464,210.33333333333334,45675.130666666664,1
1032,1031.9999999999907,256.177083,210.5,45677.082999999984,1
1033,1032.9999999999907,256.30599,210.73333333333332,45572.65666666669,1
1034,1033.9999999999907,256.480469,210.83333333333334,45647.13566666668,1
1035,1034.9999999999907,256.663411,211.06666666666666,45596.744333333336,1
1036,1035.999999999991,256.880208,211.16666666666666,45713.54133333333,1
1037,1036.999999999991,257.008464,211.16666666666666,45841.79733333334,1
1038,1037.9999999999911,257.16080800000003,211.16666666666666,45994.14133333338,1
1039,1038.9999999999911,257.372396,211.16666666666666,46205.72933333332,1
1040,1039.9999999999911,257.45703100000003,211.16666666666666,46290.364333333375,1
1041,1040.9999999999911,257.628907,211.16666666666666,46462.24033333337,1
1042,1041.9999999999911,257.809896,211.16666666666666,46643.22933333332,1
1043,1042.9999999999914,257.979167,211.16666666666666,46812.50033333336,1
1044,1043.9999999999914,258.139974,211.16666666666666,46973.30733333334,1
1045,1044.9999999999914,258.309896,211.16666666666666,47143.22933333332,1
1046,1045.9999999999916,258.445964,211.16666666666666,47279.29733333334,1
1047,1046.9999999999916,258.626302,211.16666666666666,47459.63533333335,1
1048,1047.9999999999916,258.833333,211.16666666666666,47666.66633333333,1
1049,1048.9999999999916,258.95703100000003,211.16666666666666,47790.364333333375,1
1050,1049.9999999999916,259.111328,211.16666666666666,47944.66133333336,1
1051,1050.9999999999918,259.299479,211.16666666666666,48132.812333333364,1
1052,1051.9999999999918,259.432292,211.16666666666666,48265.62533333336,1
1053,1052.9999999999918,259.580729,211.16666666666666,48414.062333333364,1
1054,1053.9999999999918,259.822917,211.16666666666666,48656.25033333336,1
1055,1054.9999999999918,260.020833,211.16666666666666,48854.16633333333,1
1056,1055.999999999992,260.208333,214.26666666666668,45941.666333333305,1
1057,1056.999999999992,260.393229,212.63333333333333,47759.89566666669,1
1058,1057.9999999999923,260.58203100000003,212.73333333333332,47848.69766666671,1
1059,1058.9999999999923,260.735678,212.9,47835.678,1
1060,1059.9999999999916,260.95117200000004,213.03333333333333,47917.838666666714,1
1061,1060.9999999999916,261.057292,212.96666666666667,48090.62533333335,1
1062,1061.9999999999916,261.196615,212.93333333333334,48263.28166666667,1
1063,1062.9999999999916,261.351563,213.06666666666666,48284.89633333334,1
1064,1063.9999999999916,261.476563,212.8,48676.56299999999,1
1065,1064.9999999999916,261.610677,214.16666666666666,47444.01033333335,1
1066,1065.9999999999916,261.841146,214.33333333333334,47507.812666666636,1
1067,1066.9999999999916,262.033854,214.16666666666666,47867.187333333364,1
1068,1067.9999999999916,262.230469,214.2,48030.46900000004,1
1069,1068.9999999999916,262.411458,214.2,48211.45799999999,1
1070,1069.9999999999916,262.617188,214.26666666666668,48350.521333333316,1
1071,1070.9999999999916,263.134115,214.23333333333332,48900.78166666669,1
1072,1071.9999999999916,263.617188,215.16666666666666,48450.521333333345,1
1073,1072.9999999999916,263.828125,215.36666666666667,48461.45833333333,1
1074,1073.9999999999916,264.022135,214.8,49222.13499999998,1
1075,1074.9999999999916,264.199219,214.73333333333332,49465.885666666705,1
1076,1075.9999999999916,264.390625,214.93333333333334,49457.291666666664,1
1077,1076.9999999999916,264.59830800000003,215.13333333333333,49464.974666666705,1
1078,1077.9999999999916,264.807292,215.13333333333333,49673.958666666695,1
1079,1078.9999999999916,264.970052,215.13333333333333,49836.71866666668,1
1080,1079.9999999999916,265.127604,215.13333333333333,49994.27066666669,1
1081,1080.9999999999916,265.31640600000003,215.13333333333333,50183.0726666667,1
1082,1081.9999999999916,265.467448,215.13333333333333,50334.11466666666,1
1083,1082.9999999999916,265.636719,215.13333333333333,50503.385666666705,1
1084,1083.9999999999916,265.778646,215.13333333333333,50645.31266666666,1
1085,1084.9999999999916,265.950521,215.13333333333333,50817.18766666666,1
1086,1085.9999999999916,266.105469,215.13333333333333,50972.135666666705,1
1087,1086.9999999999916,266.294271,218.03333333333333,48260.93766666665,1
1088,1087.9999999999916,266.447917,218.23333333333332,48214.583666666695,1
1089,1088.9999999999916,266.652344,218.46666666666667,48185.67733333336,1
1090,1089.9999999999916,266.908854,218.66666666666666,48242.187333333364,1
1091,1090.9999999999916,267.165365,220.1,47065.36500000001,1
1092,1091.9999999999916,267.421875,220.36666666666667,47055.20833333333,1
1093,1092.9999999999918,267.678385,219.06666666666666,48611.71833333333,1
1094,1093.9999999999918,267.934896,219.26666666666668,48668.2293333333,1
1095,1094.9999999999918,268.19140600000003,219.46666666666667,48724.73933333336,1
1096,1095.9999999999955,268.553385,219.46666666666667,49086.71833333332,1
1097,1096.9999999999955,268.915365,219.46666666666667,49448.69833333334,1
1098,1097.9999999999955,269.277344,219.46666666666667,49810.67733333336,1
1099,1098.9999999999955,269.752604,219.46666666666667,50285.93733333335,1
1100,1099.9999999999955,270.227865,221.6,48627.86500000001,1
1101,1100.9999999999955,270.703125,221.66666666666666,49036.45833333334,1
1102,1101.9999999999955,271.178385,221.86666666666667,49311.718333333316,1
1103,1102.9999999999952,271.625,221.96666666666667,49658.33333333333,1
1104,1103.9999999999952,271.976562,221.7,50276.56200000001,1
1105,1104.9999999999952,272.282552,221.8,50482.551999999996,1
1106,1105.9999999999952,272.68099,222.0,50680.990000000005,1
1107,1106.9999999999952,273.079427,221.56666666666666,51512.760333333346,1
1108,1107.9999999999952,273.46658,221.63333333333333,51833.246666666695,1
1109,1108.9999999999952,273.853732,221.93333333333334,51920.398666666646,1
1110,1109.9999999999952,274.240885,222.13333333333333,52107.551666666666,1
1111,1110.9999999999952,274.69108,222.33333333333334,52357.74666666666,1
1112,1111.9999999999952,275.141276,222.5,52641.276000000005,1
1113,1112.9999999999952,275.591472,221.8,53791.472,1
1114,1113.9999999999952,276.041667,221.83333333333334,54208.33366666667,1
1115,1114.9999999999952,276.463542,222.0,54463.542000000016,1
1116,1115.9999999999952,276.761719,222.0,54761.71900000003,1
1117,1116.999999999995,277.083333,222.0,55083.332999999984,1
1118,1117.9999999999952,277.860026,222.0,55860.026000000005,1
1119,1118.999999999995,278.636719,222.0,56636.71900000003,1
1120,1119.999999999995,279.28776,222.0,57287.759999999995,1
1121,1120.999999999995,279.682292,222.0,57682.292000000016,1
1122,1121.999999999995,280.074219,222.16666666666666,57907.55233333337,1
1123,1122.999999999995,280.519748,222.2,58319.74800000001,1
1124,1123.999999999995,280.965278,222.2,58765.27800000002,1
1125,1124.999999999995,281.410807,222.2,59210.806999999986,1
1126,1125.999999999995,282.129232,222.2,59929.23200000001,1
1127,1126.999999999995,282.8476560000001,223.06666666666666,59780.989333333426,1
1128,1127.9999999999948,283.333333,223.8,59533.33299999997,1
1129,1128.9999999999948,283.809028,221.93333333333334,61875.69466666668,1
1130,1129.9999999999948,284.2847220000001,221.93333333333334,62351.38866666677,1
1131,1130.9999999999948,284.760417,224.43333333333334,60327.08366666668,1
1132,1131.9999999999948,285.236111,224.43333333333334,60802.777666666654,1
1133,1132.9999999999948,285.711806,224.4,61311.80600000002,1
1134,1133.9999999999948,286.1875,224.4,61787.49999999999,1
1135,1134.9999999999948,286.5592450000001,225.7,60859.2450000001,1
1136,1135.9999999999948,286.93099,224.43333333333334,62497.65666666667,1
1137,1136.999999999995,287.323568,224.4,62923.568000000014,1
1138,1137.9999999999948,287.631107,224.4,63231.10699999998,1
1139,1138.9999999999943,287.953776,224.6,63353.77600000001,1
1140,1139.9999999999948,288.300131,225.76666666666668,62533.464333333344,1
1141,1140.9999999999948,288.602214,225.8,62802.21399999999,1
1142,1141.999999999995,288.9042970000001,225.8,63104.297000000086,1
1143,1142.999999999995,289.317708,223.23333333333332,66084.37466666666,1
1144,1143.999999999995,289.709673,223.43333333333334,66276.33966666667,1
1145,1144.999999999995,290.1132810000001,223.63333333333333,66479.94766666676,1
1146,1145.9999999999952,290.677083,225.93333333333334,64743.74966666664,1
1147,1146.9999999999948,291.413997,223.96666666666667,67447.33033333333,1
1148,1147.999999999995,292.06901,223.96666666666667,68102.34333333332,1
1149,1148.999999999995,292.2949220000001,223.96666666666667,68328.25533333344,1
1150,1149.9999999999948,292.526042,224.63333333333333,67892.70866666669,1
1151,1150.9999999999948,292.69401,224.9,67794.00999999998,1
1152,1151.9999999999948,292.877604,225.06666666666666,67810.93733333335,1
1153,1152.999999999995,293.104167,225.26666666666668,67837.50033333334,1
1154,1153.999999999995,293.367188,225.5,67867.188,1
1155,1154.999999999995,293.855469,225.7,68155.46900000004,1
1156,1155.9999999999952,294.891493,225.1,69791.49300000003,1
1157,1156.999999999995,295.927518,225.6,70327.51800000003,1
1158,1157.9999999999948,296.963542,225.5,71463.54200000002,1
1159,1158.999999999995,297.446181,225.7,71746.18100000004,1
1160,1159.999999999995,297.928819,225.9,72028.81899999997,1
1161,1160.9999999999948,298.411458,226.1,72311.45799999998,1
1162,1161.999999999995,298.832682,226.3,72532.68199999997,1
1163,1162.999999999995,299.2539060000001,225.9,73353.90600000008,1
1164,1163.999999999995,299.67513,226.66666666666666,73008.46333333336,1
1165,1164.999999999995,300.096354,226.66666666666666,73429.68733333336,1
1166,1165.999999999995,300.522135,226.66666666666666,73855.46833333334,1
1167,1166.9999999999952,300.919271,226.66666666666666,74252.60433333332,1
1168,1167.999999999995,301.289062,226.66666666666666,74622.39533333335,1
1169,1168.999999999995,301.744792,226.66666666666666,75078.12533333336,1
1170,1169.9999999999952,302.200521,226.66666666666666,75533.85433333332,1
1171,1170.9999999999952,302.67795099999995,226.66666666666666,76011.2843333333,1
1172,1171.999999999995,303.155382,226.66666666666666,76488.71533333331,1
1173,1172.999999999995,303.632812,226.66666666666666,76966.14533333335,1
1174,1173.9999999999952,304.060546,226.66666666666666,77393.87933333333,1
1175,1174.9999999999952,304.4882810000001,226.66666666666666,77821.61433333343,1
1176,1175.9999999999952,304.916015,229.8,75116.015,1
1177,1176.9999999999952,305.34375,230.03333333333333,75310.41666666667,1
1178,1177.9999999999952,305.815104,230.2,75615.10400000004,1
1179,1178.9999999999952,306.154948,230.33333333333334,75821.61466666665,1
1180,1179.9999999999952,306.50651,230.53333333333333,75973.17666666667,1
1181,1180.9999999999952,307.190755,230.56666666666666,76624.08833333336,1
1182,1181.9999999999955,307.875,231.03333333333333,76841.66666666667,1
1183,1182.9999999999952,308.414062,231.03333333333333,77380.72866666668,1
1184,1183.9999999999955,308.729167,231.23333333333332,77495.8336666667,1
1185,1184.9999999999952,309.270833,231.33333333333334,77937.49966666664,1
1186,1185.9999999999955,309.707465,231.6,78107.46500000003,1
1187,1186.9999999999952,310.1440970000001,231.73333333333332,78410.76366666678,1
1188,1187.9999999999952,310.580729,231.73333333333332,78847.39566666669,1
1189,1188.9999999999955,311.307292,231.06666666666666,80240.62533333336,1
1190,1189.9999999999955,312.033854,231.23333333333332,80800.52066666669,1
1191,1190.9999999999955,312.64323,231.06666666666666,81576.56333333335,1
1192,1191.9999999999955,313.015336,231.06666666666666,81948.66933333332,1
1193,1192.9999999999955,313.387443,231.06666666666666,82320.77633333336,1
1194,1193.9999999999955,313.75954900000005,231.06666666666666,82692.88233333339,1
1195,1194.9999999999955,314.131656,231.06666666666666,83064.98933333336,1
1196,1195.9999999999955,314.503762,231.06666666666666,83437.09533333333,1
1197,1196.9999999999955,314.875869,231.06666666666666,83809.20233333336,1
1198,1197.9999999999955,315.247975,231.06666666666666,84181.30833333333,1
1199,1198.9999999999955,315.620082,231.8,83820.08200000001,1
1200,1199.9999999999952,315.992188,231.96666666666667,84025.52133333332,1
1201,1200.9999999999955,316.339472,232.2,84139.47200000001,1
1202,1201.9999999999952,316.686756,232.36666666666667,84320.08933333332,1
1203,1202.9999999999955,317.03404,232.46666666666667,84567.37333333334,1
1204,1203.9999999999952,317.381325,234.93333333333334,82447.99166666667,1
1205,1204.9999999999952,317.728609,235.13333333333333,82595.27566666668,1
1206,1205.9999999999955,318.075893,235.26666666666668,82809.22633333332,1
1207,1206.9999999999957,318.423177,235.26666666666668,83156.51033333332,1
1208,1207.9999999999961,318.699219,235.73333333333332,82965.88566666671,1
1209,1208.9999999999961,319.077642,235.1,83977.64200000004,1
1210,1209.9979166666628,319.376025,235.23333333333332,84142.69166666671,1
1211,1210.9999999999961,319.718099,235.23333333333332,84484.76566666667,1
1212,1211.9999999999961,320.084635,235.23333333333332,84851.30166666667,1
1213,1212.999999999996,320.377378,235.23333333333332,85144.0446666667,1
1214,1213.9999999999961,320.654948,235.23333333333332,85421.61466666668,1
1215,1214.9999999999961,321.047526,234.76666666666668,86280.85933333333,1
1216,1215.9999999999961,321.323568,236.26666666666668,85056.90133333334,1
1217,1216.9999999999964,321.599609,236.5,85099.60899999998,1
1218,1217.9999999999964,321.932292,236.8,85132.292,1
1219,1218.9999999999964,322.283995,237.0,85283.99500000001,1
1220,1219.9999999999964,322.639974,237.23333333333332,85406.64066666667,1
1221,1220.9999999999964,323.257161,237.23333333333332,86023.82766666668,1
1222,1221.9999999999964,323.72829900000005,237.23333333333332,86494.96566666673,1
1223,1222.9999999999964,324.199436,237.23333333333332,86966.10266666667,1
1224,1223.9999999999964,324.670573,237.23333333333332,87437.23966666668,1
1225,1224.9999999999964,325.0436200000001,237.23333333333332,87810.28666666677,1
1226,1225.9999999999964,325.416667,237.23333333333332,88183.3336666667,1
1227,1226.9999999999968,325.723958,237.8,87923.95799999997,1
1228,1227.9999999999968,326.040365,237.66666666666666,88373.69833333335,1
1229,1228.999999999997,326.421875,237.76666666666668,88655.20833333331,1
1230,1229.9999999999973,327.014323,237.93333333333334,89080.98966666665,1
1231,1230.9999999999975,328.501302,243.0,85501.30200000001,1
1232,1231.9999999999973,328.955729,243.2,85755.72900000004,1
1233,1232.999999999998,329.4733080000001,243.16666666666666,86306.64133333343,1
1234,1233.9999999999975,330.014323,243.26666666666668,86747.6563333333,1
1235,1234.9999999999975,330.311198,243.8,86511.19799999997,1
1236,1235.999999999998,330.600911,244.0,86600.911,1
1237,1236.9999999999984,330.882162,243.7,87182.16200000001,1
1238,1237.999999999998,331.1386720000001,243.9,87238.6720000001,1
1239,1238.999999999998,331.43164,244.0,87431.64000000001,1
1240,1239.999999999998,331.758464,244.1,87658.464,1
1241,1240.9999999999986,332.012369,244.3,87712.36899999996,1
1242,1241.9999999999984,332.278646,244.53333333333333,87745.31266666665,1
1243,1242.9999999999986,332.567708,244.76666666666668,87801.0413333333,1
1244,1243.9999999999986,332.822917,244.96666666666667,87856.25033333334,1
1245,1244.9999999999986,333.085286,245.56666666666666,87518.61933333334,1
1246,1245.9999999999986,333.4342450000001,245.76666666666668,87667.57833333341,1
1247,1246.9999999999989,333.681641,245.96666666666667,87714.97433333335,1
1248,1247.9999999999989,333.953125,246.16666666666666,87786.45833333334,1
1249,1248.999999999999,334.229818,246.36666666666667,87863.15133333334,1
1250,1249.999999999999,334.481119,246.56666666666666,87914.45233333332,1
1251,1250.999999999999,334.735677,246.76666666666668,87969.01033333332,1
1252,1251.999999999999,335.029948,246.96666666666667,88063.28133333332,1
1253,1252.9999999999993,335.257812,246.0,89257.812,1
1254,1253.9999999999993,335.484375,246.03333333333333,89451.04166666667,1
1255,1254.9999999999995,335.759766,246.03333333333333,89726.43266666667,1
1256,1255.9999999999998,336.003255,246.03333333333333,89969.92166666669,1
1257,1256.9999999999993,336.25651,246.03333333333333,90223.17666666667,1
1258,1257.9999999999998,336.589844,246.03333333333333,90556.5106666667,1
1259,1258.9999999999998,336.806641,246.03333333333333,90773.30766666667,1
1260,1260.0,337.054688,246.03333333333333,91021.35466666667,1
1261,1261.0,337.311849,247.96666666666667,89345.18233333333,1
1262,1262.0000000000002,337.541016,248.16666666666666,89374.34933333336,1
1263,1263.0000000000002,337.7779950000001,248.36666666666667,89411.32833333341,1
1264,1264.0000000000002,338.03711,248.56666666666666,89470.44333333331,1
1265,1265.0000000000002,338.21224,248.8,89412.23999999999,1
1266,1266.0000000000005,338.438803,249.0,89438.80300000001,1
1267,1267.0000000000002,338.702474,248.8,89902.47399999999,1
1268,1268.0000000000005,338.942708,248.53333333333333,90409.37466666666,1
1269,1269.0000000000007,339.2070310000001,248.53333333333333,90673.69766666676,1
1270,1270.0000000000005,339.55599,248.53333333333333,91022.65666666668,1
1271,1271.000000000001,339.75651,248.53333333333333,91223.17666666667,1
1272,1272.000000000001,340.0039060000001,248.53333333333333,91470.57266666676,1
1273,1273.000000000001,340.264974,248.53333333333333,91731.64066666666,1
1274,1274.000000000001,340.4889330000001,248.53333333333333,91955.59966666676,1
1275,1275.0000000000011,340.72526,248.53333333333333,92191.92666666667,1
1276,1276.000000000001,340.986328,248.53333333333333,92452.99466666668,1
1277,1277.0000000000014,341.198443,248.53333333333333,92665.10966666667,1
1278,1278.0000000000014,341.384115,248.53333333333333,92850.78166666668,1
1279,1279.0000000000014,341.626953,248.53333333333333,93093.61966666668,1
1280,1280.0000000000014,341.847006,248.53333333333333,93313.6726666667,1
1281,1281.000000000002,342.10026,248.53333333333333,93566.92666666667,1
1282,1282.0000000000014,342.4199220000001,248.53333333333333,93886.58866666676,1
1283,1283.000000000002,342.580078,248.53333333333333,94046.74466666668,1
1284,1284.000000000002,342.798177,249.0,93798.17700000001,1
1285,1285.000000000002,343.0514330000001,249.03333333333333,94018.09966666676,1
1286,1286.000000000002,343.279947,249.03333333333333,94246.61366666666,1
1287,1287.000000000002,343.5820310000001,249.03333333333333,94548.69766666676,1
1288,1288.0000000000023,343.860026,248.2,95660.02600000001,1
1289,1289.0000000000023,344.096354,248.36666666666667,95729.68733333335,1
1290,1290.0000000000025,344.385417,248.73333333333332,95652.0836666667,1
1291,1291.0000000000025,344.585286,249.0,95585.286,1
1292,1292.0000000000025,344.827474,249.16666666666666,95660.80733333335,1
1293,1293.0000000000027,345.182292,250.06666666666666,95115.62533333336,1
1294,1294.0000000000027,345.561849,250.06666666666666,95495.18233333333,1
1295,1295.0000000000027,345.78125,250.06666666666666,95714.58333333334,1
1296,1296.000000000003,346.054036,250.06666666666666,95987.36933333334,1
1297,1297.000000000003,346.413411,250.06666666666666,96346.74433333334,1
1298,1298.000000000003,346.757813,250.06666666666666,96691.14633333334,1
1299,1299.0000000000032,347.292969,249.2,98092.96900000004,1
1300,1300.0000000000032,347.891276,249.2,98691.27600000001,1
1301,1301.0000000000032,348.315104,252.73333333333332,95581.77066666669,1
1302,1302.0000000000034,348.768881,252.5,96268.88100000002,1
1303,1303.0000000000034,349.309896,252.5,96809.89599999998,1
1304,1304.0000000000032,349.9726560000001,252.16666666666666,97805.98933333343,1
1305,1305.0000000000061,350.78776,252.36666666666667,98421.09333333332,1
1306,1306.0000000000057,351.03125,252.56666666666666,98464.58333333334,1
1307,1307.0000000000057,351.19401,252.7,98494.01000000001,1
1308,1308.0000000000052,351.371744,252.96666666666667,98405.0773333333,1
1309,1309.000000000005,351.559896,253.16666666666666,98393.22933333332,1
1310,1310.0000000000048,351.695312,253.36666666666667,98328.64533333333,1
1311,1311.0000000000045,351.845052,253.7,98145.05200000003,1
1312,1312.0000000000045,352.046224,254.96666666666667,97079.55733333333,1
1313,1313.0000000000043,352.151042,255.53333333333333,96617.70866666669,1
1314,1314.0000000000039,352.3730470000001,255.73333333333332,96639.71366666678,1
1315,1315.0000000000036,352.539062,255.86666666666667,96672.39533333333,1
1316,1316.0000000000034,352.72526,256.1333333333333,96591.92666666667,1
1317,1317.0000000000034,352.9029950000001,256.3333333333333,96569.66166666677,1
1318,1318.0000000000032,353.1132810000001,256.56666666666666,96546.61433333342,1
1319,1319.000000000003,353.271484,256.46666666666664,96804.81733333334,1
1320,1320.0000000000027,353.435546,256.6,96835.54599999996,1
1321,1321.0000000000023,353.6608080000001,256.8,96860.80800000008,1
1322,1322.0000000000023,353.772786,256.96666666666664,96806.11933333335,1
1323,1323.000000000002,353.955078,257.1666666666667,96788.41133333332,1
1324,1324.0000000000016,354.1601560000001,257.3666666666667,96793.48933333342,1
1325,1325.0000000000014,354.347006,257.53333333333336,96813.67266666667,1
1326,1326.0000000000011,354.514323,257.76666666666665,96747.65633333333,1
1327,1327.0000000000011,354.696615,257.9,96796.61500000003,1
1328,1328.000000000001,354.853516,254.0,100853.51600000002,1
1329,1329.0000000000005,355.05013,254.16666666666666,100883.46333333336,1
1330,1330.0000000000002,355.2695310000001,254.36666666666667,100902.86433333342,1
1331,1331.0,355.408854,254.4,101008.854,1
1332,1332.0,355.558594,254.4,101158.59400000003,1
1333,1332.9999999999998,355.724609,254.86666666666667,100857.94233333331,1
1334,1333.9999999999995,355.838542,255.06666666666666,100771.87533333336,1
1335,1334.999999999999,355.983073,255.26666666666668,100716.4063333333,1
1336,1335.9999999999989,356.165365,255.3,100865.36499999999,1
1337,1336.9999999999989,356.295573,255.3,100995.57299999997,1
1338,1337.9999999999986,356.491537,255.3,101191.53699999998,1
1339,1338.9999999999984,356.666667,255.3,101366.667,1
1340,1339.999999999998,356.854167,255.3,101554.167,1
1341,1340.9999999999977,357.034505,255.3,101734.50500000002,1
1342,1341.9999999999977,357.335938,255.3,102035.938,1
1343,1342.9999999999973,357.438802,255.3,102138.802,1
1344,1343.999999999997,357.589844,255.3,102289.84400000001,1
1345,1344.9999999999968,357.8164060000001,255.3,102516.40600000008,1
1346,1345.9999999999966,357.897135,255.3,102597.13499999998,1
1347,1346.9999999999966,358.0761720000001,255.3,102776.1720000001,1
1348,1347.9999999999964,358.315104,255.3,103015.104,1
1349,1348.9999999999961,358.480469,255.3,103180.46900000001,1
1350,1349.9999999999957,358.64974,255.3,103349.73999999999,1
1351,1350.9999999999955,358.8105470000001,255.3,103510.5470000001,1
1352,1351.9999999999955,358.958985,255.3,103658.98499999997,1
1353,1352.9999999999952,359.163411,255.3,103863.41099999998,1
1354,1353.999999999995,359.408854,255.3,104108.854,1
1355,1354.9999999999948,359.526042,255.3,104226.042,1
1356,1355.9999999999943,359.679688,258.6666666666667,101013.02133333331,1
1357,1356.9999999999943,359.854167,258.8666666666667,100987.50033333334,1
1358,1357.9999999999939,359.9889330000001,259.03333333333336,100955.59966666673,1
1359,1358.9999999999936,360.154948,259.23333333333335,100921.61466666665,1
1360,1359.9999999999934,360.388021,259.26666666666665,101121.35433333332,1
1361,1360.9999999999932,360.561198,259.43333333333334,101127.86466666665,1
1362,1361.9999999999932,360.75,259.6,101149.99999999997,1
1363,1362.999999999993,360.924479,259.76666666666665,101157.81233333336,1
1364,1363.9999999999927,361.092448,259.93333333333334,101159.11466666665,1
1365,1364.9999999999923,361.277995,260.1333333333333,101144.66166666665,1
1366,1365.9999999999918,361.475911,260.3333333333333,101142.57766666668,1
1367,1366.9999999999918,361.597006,260.56666666666666,101030.33933333337,1
1368,1367.9999999999918,361.758464,260.76666666666665,100991.79733333335,1
1369,1368.9999999999918,361.897135,260.96666666666664,100930.46833333335,1
1370,1369.9999999999918,362.023438,261.1333333333333,100890.10466666667,1
1371,1370.9999999999918,362.186198,261.3333333333333,100852.86466666668,1
1372,1371.9999999999918,362.453125,261.56666666666666,100886.45833333334,1
1373,1372.9999999999918,362.615885,261.73333333333335,100882.55166666664,1
1374,1373.9999999999918,362.811198,261.6,101211.19799999997,1
1375,1374.9999999999918,362.989583,261.6666666666667,101322.9163333333,1
1376,1375.9999999999918,363.183594,261.6666666666667,101516.92733333334,1
1377,1376.999999999992,363.699219,261.6666666666667,102032.55233333334,1
1378,1377.9999999999918,364.114583,261.6666666666667,102447.9163333333,1
1379,1378.9999999999918,364.296875,261.6666666666667,102630.20833333331,1
1380,1379.9999999999918,364.488281,261.6666666666667,102821.61433333329,1
1381,1380.9999999999918,364.652344,261.6666666666667,102985.67733333334,1
1382,1381.9999999999918,364.834635,261.6666666666667,103167.96833333331,1
1383,1382.9999999999918,365.041015,261.6666666666667,103374.34833333333,1
1384,1383.9999999999918,365.247396,261.6666666666667,103580.7293333333,1
1385,1384.9999999999918,365.404948,261.6666666666667,103738.2813333333,1
1386,1385.9999999999918,365.5625,264.1666666666667,101395.83333333331,1
1387,1386.9999999999918,365.744792,264.3666666666667,101378.12533333334,1
1388,1387.9999999999918,365.885417,264.56666666666666,101318.75033333336,1
1389,1388.9999999999918,366.0625,264.56666666666666,101495.83333333334,1
1390,1389.9999999999918,366.203125,264.8333333333333,101369.79166666669,1
1391,1390.9999999999918,366.38151,265.03333333333336,101348.17666666664,1
1392,1391.9999999999918,366.528646,265.23333333333335,101295.31266666664,1
1393,1392.9999999999918,366.703125,265.23333333333335,101469.79166666666,1
1394,1393.9999999999918,366.845052,265.6333333333333,101211.71866666668,1
1395,1394.999999999992,367.049479,266.03333333333336,101016.14566666666,1
1396,1395.999999999992,367.256727,266.03333333333336,101223.39366666666,1
1397,1396.999999999992,367.463976,266.03333333333336,101430.64266666664,1
1398,1397.999999999992,367.671224,266.03333333333336,101637.89066666663,1
1399,1398.9999999999918,367.878472,266.03333333333336,101845.13866666662,1
1400,1399.9999999999918,368.08572,266.03333333333336,102052.38666666661,1
1401,1400.9999999999918,368.292968,266.03333333333336,102259.6346666666,1
1402,1401.9999999999918,368.53776,266.03333333333336,102504.42666666664,1
1403,1402.9999999999918,368.768229,266.03333333333336,102734.89566666666,1
1404,1403.9999999999918,368.947917,267.23333333333335,101714.58366666667,1
1405,1404.9999999999918,369.144531,268.2,100944.53099999999,1
1406,1405.9999999999918,369.352865,268.1,101252.86499999999,1
1407,1406.9999999999918,369.509115,268.1333333333333,101375.78166666668,1
1408,1407.9999999999918,369.723958,268.2,101523.958,1
1409,1408.9999999999918,369.882812,267.1333333333333,102749.47866666668,1
1410,1409.9999999999918,370.018229,267.1333333333333,102884.89566666669,1
1411,1410.9999999999918,370.188802,267.1333333333333,103055.46866666668,1
1412,1411.9999999999918,370.334635,267.1333333333333,103201.30166666667,1
1413,1412.9999999999918,370.5,267.1333333333333,103366.66666666667,1
1414,1413.9999999999918,370.638021,267.1333333333333,103504.68766666665,1
1415,1414.9999999999918,370.809896,267.1333333333333,103676.56266666665,1
1416,1415.9999999999918,370.960938,267.53333333333336,103427.60466666664,1
1417,1416.9999999999918,371.132812,266.8666666666667,104266.14533333333,1
1418,1417.9999999999918,371.279948,267.1333333333333,104146.61466666666,1
1419,1418.999999999992,371.470052,268.0,103470.05200000001,1
1420,1419.999999999992,371.630317,268.0,103630.317,1
1421,1420.999999999992,371.790582,268.0,103790.58199999997,1
1422,1421.999999999992,371.950847,271.6333333333333,100317.51366666668,1
1423,1422.9999999999918,372.111111,271.76666666666665,100344.44433333335,1
1424,1423.9999999999918,372.271376,271.1,101171.37599999995,1
1425,1424.9999999999918,372.431641,271.1,101331.64099999999,1
1426,1425.9999999999918,372.597656,271.06666666666666,101530.9893333333,1
1427,1426.9999999999918,372.790365,271.06666666666666,101723.69833333335,1
1428,1427.9999999999918,372.979167,271.1,101879.167,1
1429,1428.9999999999918,373.170573,271.76666666666665,101403.90633333333,1
1430,1429.9999999999918,373.348958,271.9,101448.958,1
1431,1430.9999999999918,373.514323,271.6,101914.32299999997,1
1432,1431.9999999999918,373.686198,271.8,101886.19799999997,1
1433,1432.9999999999918,373.842448,271.8,102042.44799999997,1
1434,1433.9999999999918,374.042969,272.8,101242.96900000001,1
1435,1434.9999999999918,374.240885,273.0,101240.885,1
1436,1435.9999999999918,374.427083,273.1666666666667,101260.4163333333,1
1437,1436.9999999999918,374.666667,273.3666666666667,101300.00033333334,1
1438,1437.9999999999918,374.919271,272.73333333333335,102185.93766666664,1
1439,1438.9999999999918,375.140625,272.93333333333334,102207.29166666666,1
1440,1439.9999999999918,375.316406,273.1333333333333,102183.07266666665,1
1441,1440.9999999999918,375.523438,273.3333333333333,102190.10466666668,1
1442,1441.9999999999918,375.677083,273.4,102277.083,1
1443,1442.9999999999918,375.828125,273.76666666666665,102061.45833333334,1
1444,1443.9999999999918,376.074219,273.96666666666664,102107.55233333338,1
1445,1444.9999999999918,376.255208,274.1666666666667,102088.5413333333,1
1446,1445.9999999999918,376.410156,272.9,103510.15599999999,1
1447,1446.9999999999918,376.584635,272.96666666666664,103617.96833333335,1
1448,1447.9999999999918,376.759115,273.1333333333333,103625.78166666668,1
1449,1448.9999999999918,376.970052,273.3333333333333,103636.7186666667,1
1450,1449.9999999999918,377.272135,280.46666666666664,96805.46833333335,1
1451,1450.9999999999918,377.46224,280.8333333333333,96628.90666666669,1
1452,1451.9999999999918,377.570312,280.3,97270.31199999999,1
1453,1452.9999999999918,377.773438,279.8666666666667,97906.77133333332,1
1454,1453.9999999999918,377.94401,279.96666666666664,97977.34333333335,1
1455,1454.9999999999918,378.092448,279.3,98792.44799999997,1
1456,1455.9999999999918,378.292969,279.1333333333333,99159.6356666667,1
1457,1456.9999999999918,378.446615,280.6,97846.61499999999,1
1458,1457.9999999999918,378.570312,277.3,101270.31199999999,1
1459,1458.9999999999918,378.765625,277.5,101265.625,1
1460,1459.9999999999918,378.942708,277.7,101242.708,1
1461,1460.9999999999918,379.110677,277.9,101210.67700000003,1
1462,1461.9999999999918,379.338542,278.0,101338.54200000002,1
1463,1462.9999999999918,379.528646,278.2,101328.646,1
1464,1463.9999999999918,379.664062,278.2,101464.062,1
1465,1464.9999999999918,379.894531,278.7,101194.53099999999,1
1466,1465.9999999999918,380.061198,279.1666666666667,100894.5313333333,1
1467,1466.9999999999918,380.236979,279.4,100836.97900000004,1
1468,1467.9999999999918,380.454427,279.46666666666664,100987.76033333337,1
1469,1468.9999999999918,380.613281,280.6666666666667,99946.61433333329,1
1470,1469.9999999999918,380.78125,285.5,95281.25,1
1471,1470.9999999999918,380.972656,285.56666666666666,95405.9893333333,1
1472,1471.9999999999918,381.171875,285.8333333333333,95338.54166666669,1
1473,1472.9999999999918,381.528646,285.9,95628.64600000001,1
1474,1473.9999999999918,381.878255,285.93333333333334,95944.92166666669,1
1475,1474.9999999999925,382.042969,286.0,96042.96900000003,1
1476,1475.9999999999925,382.27474,286.0,96274.74,1
1477,1476.9999999999925,382.489583,286.3666666666667,96122.91633333331,1
1478,1477.9999999999923,382.673177,286.56666666666666,96106.51033333335,1
1479,1478.9999999999923,382.880208,286.56666666666666,96313.54133333331,1
1480,1479.999999999992,383.141927,283.0,100141.92700000001,1
1481,1480.999999999992,383.289714,283.2,100089.71400000002,1
1482,1481.999999999992,383.470704,283.3666666666667,100104.03733333334,1
1483,1482.999999999992,383.686198,283.43333333333334,100252.86466666665,1
1484,1483.9999999999923,383.873047,283.43333333333334,100439.71366666665,1
1485,1484.9999999999918,384.070312,289.03333333333336,95036.97866666665,1
1486,1485.9999999999918,384.294271,286.06666666666666,98227.60433333332,1
1487,1486.9999999999916,384.442708,286.1,98342.70799999996,1
1488,1487.9999999999918,384.638021,286.3666666666667,98271.35433333331,1
1489,1488.9999999999916,384.854167,286.4,98454.16700000004,1
1490,1489.9999999999916,385.041667,290.43333333333334,94608.33366666669,1
1491,1490.9999999999918,385.273438,290.6,94673.43799999998,1
1492,1491.9999999999914,385.542969,290.1666666666667,95376.30233333334,1
1493,1492.9999999999916,385.66862,290.1666666666667,95501.9533333333,1
1494,1493.9999999999914,385.857422,290.53333333333336,95324.08866666662,1
1495,1494.9999999999916,386.072266,290.6666666666667,95405.59933333333,1
1496,1495.9999999999911,386.25586,290.8666666666667,95389.19333333331,1
1497,1496.9999999999914,386.446615,291.0,95446.615,1
1498,1497.9999999999905,386.660156,291.0,95660.15599999997,1
1499,1498.9999999999905,386.802734,291.0,95802.73399999998,1
1500,1499.9999999999905,386.999349,291.0,95999.349,1
1501,1500.9999999999905,387.208333,291.0,96208.33299999998,1
1502,1501.9999999999902,387.40625,291.0,96406.25,1
1503,1502.9999999999902,387.602865,291.0,96602.865,1
1504,1503.99999999999,387.815104,290.43333333333334,97381.77066666668,1
1505,1504.99999999999,387.976562,290.23333333333335,97743.22866666665,1
1506,1505.99999999999,388.151693,290.23333333333335,97918.35966666667,1
1507,1506.9999999999898,388.371094,290.23333333333335,98137.76066666668,1
1508,1507.9999999999898,388.554036,290.23333333333335,98320.70266666665,1
1509,1508.9999999999898,388.75,290.23333333333335,98516.66666666666,1
1510,1509.9999999999895,389.008464,290.23333333333335,98775.13066666665,1
1511,1510.9999999999895,389.152995,290.23333333333335,98919.66166666662,1
1512,1511.9999999999895,389.372395,290.23333333333335,99139.06166666663,1
1513,1512.9999999999895,389.589844,290.23333333333335,99356.51066666668,1
1514,1513.9999999999895,389.747395,290.23333333333335,99514.06166666663,1
1515,1514.9999999999893,389.941406,290.23333333333335,99708.07266666663,1
1516,1515.9999999999893,390.16862,292.3666666666667,97801.9533333333,1
1517,1516.999999999989,390.345704,292.4,97945.70400000004,1
1518,1517.9999999999893,390.539063,296.6333333333333,93905.72966666667,1
1519,1518.999999999989,390.759115,296.06666666666666,94692.44833333335,1
1520,1519.999999999989,390.960938,296.2,94760.93800000001,1
1521,1520.9999999999889,391.164062,296.6666666666667,94497.39533333332,1
1522,1521.9999999999889,391.429687,296.6,94829.68699999998,1
1523,1522.9999999999884,391.529948,296.73333333333335,94796.61466666665,1
1524,1523.9999999999889,391.785157,297.0,94785.15700000002,1
1525,1524.9999999999889,392.013021,294.0,98013.02099999998,1
1526,1525.9999999999884,392.188802,294.1666666666667,98022.13533333332,1
1527,1526.9999999999884,392.419271,294.03333333333336,98385.93766666662,1
1528,1527.9999999999882,392.642579,294.23333333333335,98409.24566666667,1
1529,1528.9999999999882,392.807292,294.43333333333334,98373.95866666669,1
1530,1529.9999999999882,393.007161,295.06666666666666,97940.49433333334,1
1531,1530.9999999999882,393.21224,295.2,98012.24000000002,1
1532,1531.999999999988,393.415365,295.46666666666664,97948.69833333336,1
1533,1532.999999999988,393.621094,295.7,97921.09400000004,1
1534,1533.9999999999882,393.851563,295.93333333333334,97918.22966666667,1
1535,1534.9999999999877,393.998698,296.1,97898.69799999997,1
1536,1535.9999999999882,394.198567,296.26666666666665,97931.90033333337,1
1537,1536.9999999999877,394.43099,296.5,97930.99,1
1538,1537.9999999999877,394.609375,296.6333333333333,97976.04166666667,1
1539,1538.9999999999875,394.826823,296.8333333333333,97993.48966666668,1
1540,1539.9999999999875,395.051432,296.6333333333333,98418.09866666666,1
1541,1540.9999999999875,395.250651,296.6666666666667,98583.98433333333,1
1542,1541.9999999999875,395.471354,296.8333333333333,98638.0206666667,1
1543,1542.999999999987,395.802083,297.06666666666666,98735.41633333331,1
1544,1543.999999999987,396.259115,296.6666666666667,99592.44833333332,1
1545,1544.9999999999868,396.932292,296.8333333333333,100098.9586666667,1
1546,1545.9999999999868,397.240886,296.8333333333333,100407.55266666667,1
1547,1546.9999999999866,397.54948,296.8333333333333,100716.1466666667,1
1548,1547.9999999999868,397.915365,296.76666666666665,101148.69833333336,1
1549,1548.9999999999868,398.209635,297.0,101209.635,1
1550,1549.9999999999868,398.451823,298.6333333333333,99818.48966666666,1
1551,1550.9999999999864,398.690104,297.43333333333334,101256.77066666668,1
1552,1551.9999999999864,398.894531,297.43333333333334,101461.19766666663,1
1553,1552.9999999999861,399.095052,297.76666666666665,101328.38533333335,1
1554,1553.9999999999861,399.291667,297.93333333333334,101358.33366666669,1
1555,1554.9999999999861,399.501302,298.1,101401.30199999998,1
1556,1555.9999999999861,399.710938,298.23333333333335,101477.60466666665,1
1557,1556.9999999999861,399.920573,298.6,101320.57299999997,1
1558,1557.999999999986,400.080729,298.73333333333335,101347.39566666668,1
1559,1558.999999999986,400.247396,298.73333333333335,101514.06266666664,1
1560,1559.9999999999857,400.434896,298.73333333333335,101701.56266666664,1
1561,1560.9999999999857,400.611979,298.73333333333335,101878.64566666668,1
1562,1561.9999999999857,400.753255,298.73333333333335,102019.92166666668,1
1563,1562.9999999999857,400.914062,298.73333333333335,102180.72866666665,1
1564,1563.9999999999854,401.092448,298.73333333333335,102359.11466666665,1
1565,1564.9999999999854,401.261719,300.2,101061.71900000004,1
1566,1565.9999999999854,401.432292,303.46666666666664,97965.62533333337,1
1567,1566.9999999999852,401.617839,303.8666666666667,97751.17233333334,1
1568,1567.9999999999854,401.792318,303.93333333333334,97858.98466666669,1
1569,1568.9999999999852,401.99349,304.3,97693.48999999999,1
1570,1569.9999999999852,402.283854,305.43333333333334,96850.52066666668,1
1571,1570.9999999999852,402.4375,305.6666666666667,96770.83333333331,1
1572,1571.9999999999852,402.647787,305.3666666666667,97281.12033333333,1
1573,1572.9999999999852,402.889323,305.46666666666664,97422.65633333335,1
1574,1573.9999999999852,403.033854,305.6666666666667,97367.18733333334,1
1575,1574.999999999985,403.259115,305.8666666666667,97392.44833333333,1
1576,1575.999999999985,403.472656,306.0,97472.65599999997,1
1577,1576.9999999999848,403.653646,305.7,97953.646,1
1578,1577.9999999999848,403.830729,306.4,97430.72900000004,1
1579,1578.9999999999848,404.019531,306.6333333333333,97386.19766666665,1
1580,1579.9999999999845,404.208333,306.8333333333333,97374.99966666667,1
1581,1580.9999999999848,404.397135,307.03333333333336,97363.80166666664,1
1582,1581.9999999999843,404.539062,307.1333333333333,97405.72866666668,1
1583,1582.9999999999843,404.726562,306.8333333333333,97893.22866666669,1
1584,1583.999999999984,404.882161,307.03333333333336,97848.82766666664,1
1585,1584.9999999999843,405.067708,307.1,97967.70799999996,1
1586,1585.999999999984,405.246094,307.2,98046.09400000004,1
1587,1586.999999999984,405.410807,307.43333333333334,97977.47366666664,1
1588,1587.9999999999839,405.570312,307.53333333333336,98036.97866666665,1
1589,1588.9999999999839,405.733073,307.53333333333336,98199.73966666663,1
1590,1589.9999999999834,405.915365,307.53333333333336,98382.03166666665,1
1591,1590.9999999999834,406.085286,307.53333333333336,98551.95266666664,1
1592,1591.9999999999834,406.250651,307.53333333333336,98717.31766666664,1
1593,1592.9999999999834,406.432292,307.53333333333336,98898.95866666666,1
1594,1593.9999999999832,406.601562,307.53333333333336,99068.22866666665,1
1595,1594.9999999999832,406.777344,307.53333333333336,99244.01066666667,1
1596,1595.9999999999832,406.942708,307.53333333333336,99409.37466666663,1
1597,1596.999999999983,407.127604,307.53333333333336,99594.27066666666,1
1598,1597.999999999983,407.296875,307.53333333333336,99763.54166666664,1
1599,1598.999999999983,407.469401,307.53333333333336,99936.06766666664,1
1600,1599.999999999983,407.640625,307.53333333333336,100107.29166666664,1
1601,1600.9999999999827,407.804688,307.53333333333336,100271.35466666664,1
1602,1601.9999999999827,407.971354,307.53333333333336,100438.02066666666,1
1603,1602.9999999999825,408.180339,307.53333333333336,100647.00566666665,1
1604,1603.9999999999825,408.375,307.53333333333336,100841.66666666664,1
1605,1604.9999999999823,408.604167,308.3333333333333,100270.8336666667,1
1606,1605.9999999999825,408.813802,309.5,99313.80200000001,1
1607,1606.999999999982,408.997396,309.7,99297.396,1
1608,1607.999999999982,409.188151,309.9,99288.15100000003,1
1609,1608.999999999982,409.355469,310.1333333333333,99222.1356666667,1
1610,1609.9999999999818,409.574219,310.26666666666665,99307.55233333337,1
1611,1610.9999999999818,409.782552,310.53333333333336,99249.21866666665,1
1612,1611.9999999999816,409.946615,312.6333333333333,97313.28166666668,1
1613,1612.9999999999816,410.14974,312.8666666666667,97283.07333333333,1
1614,1613.9999999999814,410.398438,313.0,97398.438,1
1615,1614.9999999999814,410.632812,313.3,97332.81199999999,1
1616,1615.9999999999811,410.855469,313.5,97355.46900000003,1
1617,1616.9999999999811,411.164062,313.56666666666666,97597.39533333333,1
1618,1617.999999999981,411.532552,313.56666666666666,97965.88533333335,1
1619,1618.999999999981,411.705729,313.56666666666666,98139.06233333335,1
1620,1619.999999999981,411.837891,313.56666666666666,98271.22433333335,1
1621,1620.9999999999807,412.020833,313.56666666666666,98454.16633333331,1
1622,1621.999999999981,412.179688,314.1666666666667,98013.02133333331,1
1623,1622.9999999999807,412.382812,314.3666666666667,98016.14533333333,1
1624,1623.9999999999807,412.557942,314.8,97757.94200000001,1
1625,1624.9999999999804,412.786458,314.06666666666666,98719.79133333331,1
1626,1625.9999999999807,412.947917,314.06666666666666,98881.25033333336,1
1627,1626.9999999999802,413.179688,314.06666666666666,99113.02133333334,1
1628,1627.9999999999804,413.515625,312.53333333333336,100982.29166666664,1
1629,1628.9999999999802,414.231771,312.73333333333335,101498.43766666664,1
1630,1629.9999999999802,414.816406,312.93333333333334,101883.07266666663,1
1631,1630.9999999999798,415.029948,314.1,100929.94799999997,1
1632,1631.9999999999802,415.279948,313.8666666666667,101413.28133333332,1
1633,1632.9999999999798,415.543619,314.8666666666667,100676.9523333333,1
1634,1633.9999999999798,415.782552,313.76666666666665,102015.88533333335,1
1635,1634.9999999999798,416.104818,314.0,102104.81800000003,1
1636,1635.9999999999795,416.397135,314.0,102397.135,1
1637,1636.9999999999795,416.579427,314.0,102579.42700000001,1
1638,1637.9999999999795,416.811198,316.73333333333335,100077.86466666665,1
1639,1638.9999999999795,417.033854,316.1666666666667,100867.18733333334,1
1640,1639.9999999999793,417.21875,316.3,100918.74999999999,1
1641,1640.9999999999793,417.457032,316.3666666666667,101090.36533333335,1
1642,1641.999999999979,417.733073,316.56666666666666,101166.40633333333,1
1643,1642.999999999979,417.884115,316.6666666666667,101217.44833333332,1
1644,1643.999999999979,418.085938,316.9,101185.93800000002,1
1645,1644.999999999979,418.317708,317.06666666666666,101251.04133333331,1
1646,1645.9999999999789,418.510417,317.3,101210.417,1
1647,1646.9999999999789,418.753907,317.53333333333336,101220.57366666666,1
1648,1647.9999999999789,418.99349,317.5,101493.49,1
1649,1648.9999999999786,419.154948,316.5,102654.94799999999,1
1650,1649.9999999999789,419.356771,316.5,102856.77099999998,1
1651,1650.9999999999786,419.611979,316.5,103111.97900000002,1
1652,1651.9999999999786,419.846354,316.8333333333333,103013.0206666667,1
1653,1652.9999999999784,420.1236980000001,317.1666666666667,102957.03133333342,1
1654,1653.9999999999784,420.371093,317.3666666666667,103004.4263333333,1
1655,1654.999999999978,420.541667,317.46666666666664,103075.00033333337,1
1656,1655.9999999999784,420.76237,317.7,103062.36999999998,1
1657,1656.999999999978,421.055989,317.7,103355.98900000002,1
1658,1657.999999999978,421.298178,318.2,103098.17800000001,1
1659,1658.9999999999777,421.53125,318.43333333333334,103097.91666666666,1
1660,1659.9999999999777,421.844401,319.6,102244.40099999998,1
1661,1660.9999999999777,422.01302,318.53333333333336,103479.68666666662,1
1662,1661.9999999999777,422.23112,318.93333333333334,103297.78666666664,1
1663,1662.9999999999777,422.50716100000005,319.1333333333333,103373.82766666672,1
1664,1663.9999999999775,422.725912,319.3333333333333,103392.57866666668,1
1665,1664.9999999999775,422.940104,319.53333333333336,103406.77066666666,1
1666,1665.9999999999773,423.236979,319.6333333333333,103603.64566666669,1
1667,1666.9999999999773,423.374349,319.9,103474.34900000002,1
1668,1667.9999999999773,423.595703,318.43333333333334,105162.36966666668,1
1669,1668.9999999999773,423.886068,318.43333333333334,105452.73466666669,1
1670,1669.999999999977,424.122396,318.43333333333334,105689.06266666665,1
1671,1670.999999999977,424.333984,321.96666666666664,102367.31733333334,1
1672,1671.9999999999768,424.619792,322.2,102419.79200000003,1
1673,1672.9999999999768,424.763672,325.6666666666667,99097.0053333333,1
1674,1673.999999999977,424.986328,325.8333333333333,99152.9946666667,1
1675,1674.9999999999768,425.279297,325.8666666666667,99412.6303333333,1
1676,1675.9999999999768,425.489583,326.8666666666667,98622.91633333331,1
1677,1676.9999999999766,425.697266,327.03333333333336,98663.93266666666,1
1678,1677.9999999999766,426.008464,327.1666666666667,98841.79733333332,1
1679,1678.999999999976,426.167318,327.2,98967.31800000003,1
1680,1679.9999999999766,426.32161500000007,327.2,99121.61500000008,1
1681,1680.999999999976,426.58463499999993,327.2,99384.63499999995,1
1682,1681.999999999976,426.813802,327.2,99613.80200000003,1
1683,1682.9999999999757,427.010417,327.2,99810.41700000003,1
1684,1683.9999999999757,427.332032,327.2,100132.03200000004,1
1685,1684.9999999999754,427.507813,327.2,100307.81300000001,1
1686,1685.9999999999757,427.65625,327.2,100456.25000000001,1
1687,1686.9999999999757,427.902344,327.2,100702.34400000004,1
1688,1687.9999999999754,428.089843,327.1666666666667,100923.1763333333,1
1689,1688.9999999999752,428.2877610000001,327.1666666666667,101121.09433333341,1
1690,1689.9999999999752,428.604167,330.1,98504.167,1
1691,1690.9999999999752,428.765625,330.3,98465.62499999999,1
1692,1691.9999999999752,428.851562,330.5,98351.562,1
1693,1692.9999999999752,429.1080730000001,330.56666666666666,98541.40633333343,1
1694,1693.999999999975,429.34375,330.56666666666666,98777.08333333334,1
1695,1694.999999999975,429.556641,330.3,99256.641,1
1696,1695.9999999999748,429.91275999999993,330.4,99512.75999999995,1
1697,1696.9999999999748,430.0611980000001,333.26666666666665,96794.53133333345,1
1698,1697.9999999999748,430.260417,335.23333333333335,95027.08366666667,1
1699,1698.9999999999748,430.492839,335.46666666666664,95026.17233333336,1
1700,1699.9999999999748,430.698567,335.6666666666667,95031.90033333334,1
1701,1700.9999999999745,430.91862,336.7,94218.61999999998,1
1702,1701.9999999999745,431.25,336.93333333333334,94316.66666666666,1
1703,1702.9999999999743,431.395833,337.1,94295.83299999996,1
1704,1703.9999999999745,431.596354,336.43333333333334,95163.02066666668,1
1705,1704.9999999999743,431.845703,336.73333333333335,95112.36966666667,1
1706,1705.9999999999743,432.05013,336.73333333333335,95316.79666666668,1
1707,1706.9999999999739,432.285807,337.06666666666666,95219.14033333331,1
1708,1707.9999999999739,432.595052,337.23333333333335,95361.71866666667,1
1709,1708.9999999999736,432.746094,337.23333333333335,95512.76066666668,1
1710,1709.9999999999739,432.9361980000001,336.6666666666667,96269.53133333342,1
1711,1710.9999999999736,433.192057,336.7,96492.05699999999,1
1712,1711.9999999999736,433.445964,336.7,96745.96400000002,1
1713,1712.9999999999736,433.674479,337.26666666666665,96407.81233333336,1
1714,1713.9999999999734,434.19987,337.4,96799.87,1
1715,1714.9999999999748,434.371094,337.4,96971.09400000006,1
1716,1715.9999999999748,434.565755,337.4,97165.75500000005,1
1717,1716.9999999999748,434.833984,337.4,97433.98400000001,1
1718,1717.999999999975,435.094401,337.4,97694.40100000003,1
1719,1718.999999999975,435.417318,337.4,98017.31800000004,1
1720,1719.999999999975,435.910807,337.4,98510.807,1
1721,1720.999999999975,436.125651,337.4,98725.65100000003,1
1722,1721.999999999975,436.370443,337.4,98970.44300000004,1
1723,1722.999999999975,436.64778600000005,337.4,99247.78600000008,1
1724,1723.999999999975,436.958984,338.3,98658.98399999998,1
1725,1724.999999999975,437.309896,341.4,95909.89600000001,1
1726,1725.9999999999752,437.548642,340.2,97348.64199999998,1
1727,1726.9999999999752,437.787389,340.3666666666667,97420.72233333334,1
1728,1727.9999999999752,438.026135,340.3666666666667,97659.46833333334,1
1729,1728.9999999999752,438.264881,340.3666666666667,97898.21433333332,1
1730,1729.9999999999752,438.503627,340.3666666666667,98136.96033333332,1
1731,1730.999999999975,438.742374,340.3666666666667,98375.70733333331,1
1732,1731.999999999975,438.98112,340.3666666666667,98614.4533333333,1
1733,1732.9999999999804,439.31900999999993,340.3666666666667,98952.34333333327,1
1734,1733.9999999999802,439.607422,340.3666666666667,99240.7553333333,1
1735,1734.9999999999802,439.9361980000001,340.3666666666667,99569.53133333343,1
1736,1735.9999999999798,440.276042,340.3666666666667,99909.37533333334,1
1737,1736.9999999999798,440.677734,340.0,100677.73399999998,1
1738,1737.9999999999802,441.179199,340.2,100979.199,1
1739,1738.9999999999802,441.680664,340.3,101380.66399999996,1
1740,1739.9999999999802,442.182129,341.8333333333333,100348.79566666666,1
1741,1740.9999999999798,442.683594,342.0,100683.59400000003,1
1742,1741.9999999999918,443.48112,342.0,101481.11999999998,1
1743,1742.9999999999918,444.729818,342.0,102729.81800000003,1
1744,1743.9999999999918,445.168213,342.0,103168.21299999997,1
1745,1744.9999999999916,445.606608,345.3333333333333,100273.27466666668,1
1746,1745.9999999999916,446.045003,341.56666666666666,104478.33633333334,1
1747,1746.9999999999916,446.483398,341.8,104683.39800000002,1
1748,1747.9999999999916,446.921793,342.0,104921.79299999998,1
1749,1748.9999999999918,447.360189,342.0,105360.18899999998,1
1750,1749.999999999972,447.798584,342.0,105798.584,1
1751,1750.9999999999718,448.236979,342.0,106236.97900000002,1
1752,1751.9999999999714,448.423177,342.8,105623.177,1
1753,1752.9999999999714,448.674154,342.9,105774.15400000001,1
1754,1753.9999999999714,448.92513,342.9,106025.13000000005,1
1755,1754.9999999999704,449.136068,350.1666666666667,98969.40133333334,1
1756,1755.9999999999707,449.382487,350.8,98582.48700000001,1
1757,1756.9999999999707,449.628906,350.93333333333334,98695.57266666663,1
1758,1757.9999999999704,449.875325,351.1,98775.32499999995,1
1759,1758.9999999999704,450.121745,351.26666666666665,98855.07833333332,1
1760,1759.9999999999704,450.368164,351.5,98868.16399999998,1
1761,1760.99999999997,450.614583,353.6,97014.58299999996,1
1762,1761.9999999999704,450.836154,353.6,97236.154,1
1763,1762.9999999999702,451.057726,354.03333333333336,97024.39266666664,1
1764,1763.9999999999702,451.279297,354.2,97079.29699999999,1
1765,1764.9999999999702,451.44694,354.43333333333334,97013.60666666664,1
1766,1765.9999999999704,451.614583,354.46666666666664,97147.91633333334,1
1767,1766.9999999999702,451.782226,354.7,97082.226,1
1768,1767.9999999999702,451.94987,354.8333333333333,97116.53666666667,1
1769,1768.9999999999702,452.117513,354.9,97217.51299999999,1
1770,1769.99999999997,452.285156,354.96666666666664,97318.48933333333,1
1771,1770.9999999999702,452.434895,355.1666666666667,97268.2283333333,1
1772,1771.9999999999698,452.58463499999993,355.2,97384.63499999995,1
1773,1772.9999999999698,452.786458,355.3,97486.45799999997,1
1774,1773.9999999999698,453.013021,354.76666666666665,98246.35433333332,1
1775,1774.9999999999698,453.239583,354.8333333333333,98406.24966666667,1
1776,1775.9999999999684,453.391927,354.8333333333333,98558.5936666667,1
1777,1776.9999999999688,453.617839,354.8333333333333,98784.5056666667,1
1778,1777.9999999999686,453.84375,354.8333333333333,99010.41666666669,1
1779,1778.999999999968,454.03125,353.03333333333336,100997.91666666664,1
1780,1779.9999999999677,454.274522,353.1333333333333,101141.18866666667,1
1781,1780.999999999968,454.517795,353.1333333333333,101384.46166666666,1
1782,1781.999999999968,454.761068,353.1333333333333,101627.7346666667,1
1783,1782.999999999968,455.00434,353.1333333333333,101871.00666666668,1
1784,1783.9999999999677,455.247613,353.1333333333333,102114.27966666667,1
1785,1784.9999999999675,455.49088499999993,353.1333333333333,102357.55166666661,1
1786,1785.9999999999677,455.752604,353.1333333333333,102619.27066666669,1
1787,1786.9999999999677,456.0143230000001,354.6,101414.32300000008,1
1788,1787.9999999999675,456.276042,354.93333333333334,101342.70866666669,1
1789,1788.9999999999675,456.450304,355.1,101350.30399999999,1
1790,1789.9999999999675,456.624566,354.96666666666664,101657.89933333338,1
1791,1790.9999999999677,456.798829,355.1666666666667,101632.16233333333,1
1792,1791.9999999999675,456.973091,355.26666666666665,101706.42433333336,1
1793,1792.9999999999675,457.147353,355.26666666666665,101880.68633333336,1
1794,1793.9999999999673,457.32161500000007,355.26666666666665,102054.94833333342,1
1795,1794.9999999999673,457.460287,355.26666666666665,102193.62033333334,1
1796,1795.9999999999668,457.598958,355.26666666666665,102332.29133333333,1
1797,1796.9999999999668,457.789063,356.3666666666667,101422.39633333332,1
1798,1797.999999999967,457.989149,356.53333333333336,101455.81566666663,1
1799,1798.9999999999668,458.18923600000005,356.53333333333336,101655.90266666669,1
1800,1799.9999999999668,458.3893230000001,356.53333333333336,101855.98966666675,1
1801,1800.999999999967,458.584201,356.53333333333336,102050.86766666664,1
1802,1801.9999999999668,458.77908,356.53333333333336,102245.74666666666,1
1803,1802.9999999999668,458.973958,356.53333333333336,102440.62466666663,1
1804,1803.9999999999668,459.192491,357.8,101392.49100000001,1
1805,1804.9999999999666,459.411024,357.9,101511.02400000002,1
1806,1805.9999999999663,459.629557,357.9,101729.557,1
1807,1806.9999999999668,459.859096,357.6666666666667,102192.42933333333,1
1808,1807.9999999999668,460.088634,357.96666666666664,102121.96733333338,1
1809,1808.9999999999666,460.31817300000006,358.06666666666666,102251.5063333334,1
1810,1809.9999999999666,460.547712,358.3,102247.71199999998,1
1811,1810.9999999999668,460.777251,358.5,102277.25099999997,1
1812,1811.9999999999668,461.006789,358.6,102406.789,1
1813,1812.9999999999666,461.236328,358.8,102436.32800000001,1
1814,1813.9999999999666,461.456641,358.8,102656.64099999997,1
1815,1814.9999999999666,461.676953,358.8,102876.95300000001,1
1816,1815.9999999999668,461.897266,361.3333333333333,100563.93266666669,1
1817,1816.9999999999666,462.117578,361.4,100717.57800000001,1
1818,1817.9999999999666,462.337891,361.6666666666667,100671.22433333333,1
1819,1818.9999999999666,462.55820300000005,361.76666666666665,100791.5363333334,1
1820,1819.9999999999666,462.778516,361.96666666666664,100811.84933333339,1
1821,1820.9999999999668,462.998828,361.8666666666667,101132.16133333332,1
1822,1821.9999999999668,463.219141,362.0,101219.14099999997,1
1823,1822.9999999999668,463.439454,362.23333333333335,101206.12066666667,1
1824,1823.999999999966,463.609375,362.3,101309.37499999999,1
1825,1824.999999999966,463.839518,362.3,101539.51799999998,1
1826,1825.9999999999652,464.069662,362.3,101769.66199999998,1
1827,1826.9999999999648,464.276042,363.3,100976.042,1
1828,1827.9999999999645,464.478733,363.3,101178.73299999996,1
1829,1828.9999999999645,464.68142400000005,363.3,101381.42400000004,1
1830,1829.9999999999648,464.88411500000007,364.6,100284.11500000005,1
1831,1830.9999999999648,465.086806,364.1666666666667,100920.13933333334,1
1832,1831.9999999999645,465.289497,364.3,100989.49699999997,1
1833,1832.9999999999645,465.492188,364.3,101192.188,1
1834,1833.9999999999643,465.744792,364.3,101444.792,1
1835,1834.9999999999645,465.997396,364.3,101697.39599999996,1
1836,1835.999999999964,466.25,364.3,101949.99999999999,1
1837,1836.9999999999643,466.410937,365.1,101310.93699999996,1
1838,1837.9999999999643,466.571875,371.1333333333333,95438.54166666666,1
1839,1838.9999999999643,466.732813,371.3333333333333,95399.47966666671,1
1840,1839.9999999999645,466.89375,371.56666666666666,95327.08333333334,1
1841,1840.9999999999638,467.054688,371.56666666666666,95488.02133333334,1
1842,1841.9999999999638,467.278646,371.56666666666666,95711.97933333332,1
1843,1842.9999999999638,467.415364,372.26666666666665,95148.69733333336,1
1844,1843.9999999999636,467.552083,372.43333333333334,95118.74966666664,1
1845,1844.9999999999636,467.75911500000007,372.6333333333333,95125.78166666673,1
1846,1845.9999999999636,467.974609,373.6,94374.60899999997,1
1847,1846.9999999999636,468.190104,373.53333333333336,94656.77066666666,1
1848,1847.9999999999627,468.352214,373.7,94652.21400000002,1
1849,1848.9999999999627,468.570964,373.76666666666665,94804.29733333335,1
1850,1849.9999999999627,468.789714,374.0,94789.714,1
1851,1850.9999999999616,468.980469,374.1333333333333,94847.1356666667,1
1852,1851.999999999962,469.215929,374.3666666666667,94849.26233333335,1
1853,1852.9999999999616,469.451389,374.53333333333336,94918.05566666665,1
1854,1853.9999999999616,469.686849,374.8,94886.84899999999,1
1855,1854.999999999962,469.922309,373.8,96122.30899999998,1
1856,1855.999999999962,470.157769,373.8,96357.76899999996,1
1857,1856.9999999999616,470.393229,373.8,96593.229,1
1858,1857.9999999999616,470.68533,373.8,96885.33000000002,1
1859,1858.9999999999613,470.97743,373.8,97177.43000000002,1
1860,1859.9999999999616,471.269531,373.8,97469.53099999996,1
1861,1860.9999999999616,471.457899,373.8,97657.89899999999,1
1862,1861.9999999999613,471.646267,376.53333333333336,95112.93366666666,1
1863,1862.9999999999613,471.8346360000001,376.9,94934.63600000013,1
1864,1863.9999999999613,472.023004,377.1333333333333,94889.67066666669,1
1865,1864.9999999999613,472.211372,377.23333333333335,94978.03866666663,1
1866,1865.999999999961,472.39974000000007,377.23333333333335,95166.40666666672,1
1867,1866.9999999999613,472.547852,377.23333333333335,95314.51866666663,1
1868,1867.999999999961,472.695964,377.23333333333335,95462.63066666665,1
1869,1868.9999999999607,472.9127610000001,377.23333333333335,95679.42766666676,1
1870,1869.999999999961,473.111545,377.8666666666667,95244.8783333333,1
1871,1870.999999999961,473.31033,378.1333333333333,95176.9966666667,1
1872,1871.9999999999607,473.50911500000007,381.96666666666664,91542.44833333342,1
1873,1872.9999999999607,473.716146,382.1666666666667,91549.4793333333,1
1874,1873.9999999999607,473.923177,382.2,91723.17700000003,1
1875,1874.9999999999607,474.130208,382.2,91930.208,1
1876,1875.9999999999607,474.37717,382.2,92177.16999999998,1
1877,1876.9999999999607,474.624132,382.2,92424.13199999998,1
1878,1877.9999999999604,474.871093,382.2,92671.09299999998,1
1879,1878.9999999999604,475.094618,382.2,92894.61800000003,1
1880,1879.9999999999607,475.318142,382.2,93118.14200000004,1
1881,1880.9999999999607,475.541667,383.8666666666667,91675.00033333334,1
1882,1881.9999999999607,475.765191,384.03333333333336,91731.85766666665,1
1883,1882.9999999999604,475.988716,385.03333333333336,90955.38266666666,1
1884,1883.9999999999604,476.21224000000007,381.06666666666666,95145.5733333334,1
1885,1884.9999999999607,476.859809,380.96666666666664,95893.14233333335,1
1886,1885.9999999999607,477.507379,381.1333333333333,96374.04566666669,1
1887,1886.9999999999604,478.1549480000001,381.3333333333333,96821.61466666679,1
1888,1887.9979166666267,478.287978,381.56666666666666,96721.31133333335,1
1889,1888.9979166666265,478.421007,381.76666666666665,96654.34033333333,1
1890,1889.9999999999598,478.554037,381.96666666666664,96587.37033333335,1
1891,1890.997916666626,478.687066,382.23333333333335,96453.73266666666,1
1892,1891.9979166666258,478.820095,382.3666666666667,96453.4283333333,1
1893,1892.9999999999588,478.953125,384.6,94353.12499999997,1
1894,1893.9999999999588,479.214844,384.8333333333333,94381.51066666671,1
1895,1894.999999999959,479.476563,384.8333333333333,94643.22966666668,1
1896,1895.9999999999588,479.608724,384.8333333333333,94775.39066666667,1
1897,1896.9999999999588,479.807292,384.9,94907.29200000004,1
1898,1897.9999999999586,479.955729,385.1,94855.72899999999,1
1899,1898.9999999999584,480.10286500000007,385.43333333333334,94669.53166666673,1
1900,1899.9999999999584,480.299479,385.53333333333336,94766.14566666666,1
1901,1900.9999999999575,480.479167,385.8333333333333,94645.8336666667,1
1902,1901.9999999999575,480.695312,386.0,94695.312,1
1903,1902.9999999999575,480.929253,386.0,94929.25300000001,1
1904,1903.9999999999575,481.163194,386.0,95163.19399999997,1
1905,1904.9999999999575,481.39713499999993,386.0,95397.13499999994,1
1906,1905.999999999957,481.557292,386.0,95557.29200000002,1
1907,1906.999999999957,481.72525999999993,391.4,90325.25999999995,1
1908,1907.9999999999568,481.896484,391.7,90196.484,1
1909,1908.9999999999568,482.095052,391.8666666666667,90228.38533333334,1
1910,1909.9999999999568,482.2799480000001,392.06666666666666,90213.28133333343,1
1911,1910.9999999999566,482.470052,392.1333333333333,90336.71866666668,1
1912,1911.9999999999566,482.604167,392.1333333333333,90470.83366666669,1
1913,1912.9999999999563,482.768229,392.5,90268.22900000002,1
1914,1913.999999999956,482.947917,392.73333333333335,90214.58366666667,1
1915,1914.9999999999561,483.197917,392.93333333333334,90264.58366666669,1
1916,1915.999999999956,483.441406,393.1333333333333,90308.07266666665,1
1917,1916.999999999956,483.77213499999993,394.6333333333333,89138.80166666661,1
1918,1917.999999999956,483.977539,395.8333333333333,88144.20566666666,1
1919,1918.999999999956,484.182943,394.96666666666664,89216.27633333339,1
1920,1919.9999999999561,484.338542,395.1666666666667,89171.87533333333,1
1921,1920.9999999999557,484.515625,395.3666666666667,89148.95833333333,1
1922,1921.9999999999557,484.666667,395.56666666666666,89100.00033333336,1
1923,1922.9999999999554,484.833333,395.76666666666665,89066.66633333333,1
1924,1923.9999999999552,485.00650999999993,395.1666666666667,89839.84333333325,1
1925,1924.9999999999552,485.188802,395.3666666666667,89822.13533333334,1
1926,1925.9999999999543,485.410156,392.6,92810.15599999994,1
1927,1926.9999999999548,485.588542,392.8333333333333,92755.2086666667,1
1928,1927.9999999999548,485.766927,393.03333333333336,92733.59366666665,1
1929,1928.9999999999543,485.945313,395.6333333333333,90311.97966666667,1
1930,1929.9999999999543,486.161458,395.8,90361.45799999997,1
1931,1930.9999999999538,486.328125,395.1333333333333,91194.79166666667,1
1932,1931.9999999999538,486.447266,395.3666666666667,91080.59933333335,1
1933,1932.9999999999538,486.6236980000001,395.4,91223.69800000012,1
1934,1933.9999999999536,486.766927,395.56666666666666,91200.26033333335,1
1935,1934.9999999999538,486.899089,395.76666666666665,91132.42233333335,1
1936,1935.9999999999534,487.03125,395.56666666666666,91464.58333333334,1
1937,1936.9999999999534,487.179688,395.7,91479.68800000001,1
1938,1937.9999999999532,487.341146,395.7,91641.146,1
1939,1938.9999999999532,487.536458,395.7,91836.458,1
1940,1939.9999999999534,487.744792,395.7,92044.79200000003,1
1941,1940.9999999999532,488.166667,395.7,92466.66700000003,1
1942,1941.999999999952,488.423177,395.7,92723.17700000003,1
1943,1942.9999999999516,488.572917,395.7,92872.91700000003,1
1944,1943.9999999999516,488.705729,395.7,93005.72900000004,1
1945,1944.9999999999516,488.8893230000001,396.0,92889.3230000001,1
1946,1945.9999999999516,489.088542,396.6666666666667,92421.87533333333,1
1947,1946.9999999999513,489.242188,396.8333333333333,92408.85466666668,1
1948,1947.9999999999511,489.421875,396.96666666666664,92455.20833333336,1
1949,1948.9999999999513,489.583333,397.2,92383.333,1
1950,1949.9999999999516,489.847656,396.9,92947.65599999999,1
1951,1950.9999999999511,490.106771,397.1,93006.77099999996,1
1952,1951.9999999999513,490.30338499999993,397.3,93003.38499999992,1
1953,1952.9999999999518,490.48112,397.43333333333334,93047.78666666664,1
1954,1953.9999999999513,490.673177,397.43333333333334,93239.84366666667,1
1955,1954.9999999999518,490.873047,397.43333333333334,93439.71366666665,1
1956,1955.9999999999511,491.13216100000005,397.43333333333334,93698.82766666672,1
1957,1956.9999999999511,491.377605,398.3333333333333,93044.2716666667,1
1958,1957.9999999999513,491.579427,398.5,93079.42700000001,1
1959,1958.9999999999507,491.832032,398.7,93132.03200000004,1
1960,1959.9999999999507,492.09375,398.93333333333334,93160.41666666666,1
1961,1960.9999999999513,492.292969,399.06666666666666,93226.30233333337,1
1962,1961.9999999999507,492.529947,398.06666666666666,94463.28033333333,1
1963,1962.9999999999513,492.798177,398.1333333333333,94664.84366666668,1
1964,1963.9999999999502,492.976563,398.1333333333333,94843.22966666667,1
1965,1964.9999999999502,493.1705730000001,398.1333333333333,95037.23966666678,1
1966,1965.9999999999507,493.407552,403.23333333333335,90174.21866666667,1
1967,1966.99999999995,493.587891,403.3333333333333,90254.5576666667,1
1968,1967.9999999999502,493.78841100000005,403.3333333333333,90455.07766666674,1
1969,1968.9999999999507,494.054037,404.8,89254.03699999998,1
1970,1969.9999999999498,494.300781,402.73333333333335,91567.44766666663,1
1971,1970.9999999999498,494.528646,407.96666666666664,86561.97933333334,1
1972,1971.999999999949,494.735677,408.03333333333336,86702.34366666665,1
1973,1972.9999999999495,494.938802,408.03333333333336,86905.46866666665,1
1974,1973.9999999999495,495.29036500000007,408.53333333333336,86757.0316666667,1
1975,1974.9999999999493,495.635417,408.73333333333335,86902.08366666667,1
1976,1975.9999999999495,495.7955730000001,409.06666666666666,86728.90633333343,1
1977,1976.9999999999498,495.989583,409.3333333333333,86656.24966666667,1
1978,1977.9999999999493,496.221354,409.76666666666665,86454.68733333336,1
1979,1978.9999999999495,496.435547,409.96666666666664,86468.88033333335,1
1980,1979.9999999999486,496.649089,409.9,86749.08900000002,1
1981,1980.9999999999488,496.901042,410.3666666666667,86534.37533333334,1
1982,1981.9999999999495,497.121094,410.3,86821.09400000001,1
1983,1982.9999999999486,497.300781,410.76666666666665,86534.11433333332,1
1984,1983.9999999999488,497.539062,410.96666666666664,86572.39533333336,1
1985,1984.999999999949,497.723958,411.2,86523.958,1
1986,1985.9999999999486,497.910808,411.4,86510.80799999999,1
1987,1986.9999999999488,498.214844,411.3333333333333,86881.51066666671,1
1988,1987.9999999999493,498.402344,411.5,86902.34400000003,1
1989,1988.9999999999486,498.634114,411.7,86934.11400000002,1
1990,1989.999999999949,498.88411500000007,411.96666666666664,86917.44833333342,1
1991,1990.9999999999486,499.111979,412.1666666666667,86945.31233333334,1
1992,1991.9999999999486,499.260417,412.3,86960.417,1
1993,1992.9999999999486,499.476563,410.93333333333334,88543.22966666667,1
1994,1993.9999999999484,499.699219,410.5,89199.21900000003,1
1995,1994.9999999999484,499.880859,411.3666666666667,88514.19233333331,1
1996,1995.9999999999488,500.117188,411.3666666666667,88750.52133333332,1
1997,1996.9999999999484,500.304688,411.03333333333336,89271.35466666664,1
1998,1997.9999999999486,500.504557,411.3333333333333,89171.22366666666,1
1999,1998.9999999999482,500.677083,411.53333333333336,89143.74966666663,1
2000,1999.9999999999484,500.86588499999993,411.06666666666666,89799.21833333327,1
2001,2000.9999999999484,501.104818,411.1,90004.818,1
2002,2001.9999999999482,501.378906,411.1333333333333,90245.57266666665,1
2003,2002.9999999999484,501.555989,411.06666666666666,90489.32233333334,1
2004,2003.9999999999486,501.80013,411.1666666666667,90633.46333333333,1
2005,2004.9999999999482,502.041667,411.3666666666667,90675.00033333334,1
2006,2005.9999999999484,502.313802,411.53333333333336,90780.46866666665,1
2007,2006.9999999999477,502.682292,411.56666666666666,91115.62533333336,1
2008,2007.999999999948,503.080729,411.56666666666666,91514.06233333335,1
2009,2008.9999999999486,503.359375,412.1666666666667,91192.70833333331,1
2010,2009.9999999999477,503.635417,412.2,91435.41700000003,1
2011,2010.999999999948,504.049479,412.43333333333334,91616.14566666668,1
2012,2011.9999999999484,504.33138,412.6333333333333,91698.0466666667,1
2013,2012.9999999999477,504.572266,412.8333333333333,91738.9326666667,1
2014,2013.9999999999482,504.845052,417.53333333333336,87311.71866666665,1
2015,2014.9999999999475,505.013021,417.6333333333333,87379.68766666665,1
2016,2015.9999999999477,505.278646,417.26666666666665,88011.97933333332,1
2017,2016.9999999999482,505.546224,417.5,88046.224,1
2018,2017.9999999999475,505.7252610000001,417.7,88025.26100000012,1
2019,2018.9999999999475,505.969401,417.9,88069.40100000003,1
2020,2019.9999999999477,506.20963499999993,416.4,89809.63499999995,1
2021,2020.9999999999475,506.385417,416.9,89485.41700000004,1
2022,2021.9999999999475,506.580078,417.0,89580.07800000001,1
2023,2022.9999999999477,506.770833,417.26666666666665,89504.16633333333,1
2024,2023.999999999947,506.945313,417.3333333333333,89611.97966666668,1
2025,2024.9999999999475,507.152995,417.4,89752.995,1
2026,2025.9999999999468,507.407552,417.4,90007.55200000003,1
2027,2026.9999999999468,507.593099,417.4,90193.09900000002,1
2028,2027.9999999999475,507.898438,417.4,90498.43800000002,1
2029,2028.999999999946,508.133464,417.4,90733.46400000002,1
2030,2029.9999999999463,508.369792,417.4,90969.79200000004,1
2031,2030.9999999999457,508.63737,417.4,91237.37,1
2032,2031.999999999946,508.953125,417.4,91553.12500000003,1
2033,2032.9999999999463,509.171875,417.4,91771.87500000003,1
2034,2033.9999999999459,509.429688,417.4,92029.68800000002,1
2035,2034.999999999946,509.746094,417.4,92346.09400000006,1
2036,2035.9999999999466,509.984375,417.1333333333333,92851.04166666667,1
2037,2036.9999999999459,510.113281,417.3333333333333,92779.94766666666,1
2038,2037.999999999946,510.394531,417.3666666666667,93027.8643333333,1
2039,2038.999999999946,510.571614,417.1,93471.61399999999,1
2040,2039.9999999999459,510.746745,417.2,93546.74499999998,1
2041,2040.999999999946,510.953125,417.2,93753.12500000001,1
2042,2041.9999999999459,511.1080730000001,417.2,93908.07300000012,1
2043,2042.9999999999457,511.345052,418.0,93345.05200000001,1
2044,2043.999999999946,511.5299480000001,418.2,93329.94800000012,1
2045,2044.9999999999457,511.713542,418.3666666666667,93346.87533333334,1
2046,2045.9999999999457,511.957031,419.7,92257.03099999999,1
2047,2046.9999999999457,512.095052,419.8666666666667,92228.38533333334,1
2048,2047.9999999999457,512.2695309999998,420.1,92169.53099999978,1
2049,2048.999999999946,512.514323,420.3333333333333,92180.98966666668,1
2050,2049.9999999999454,512.723958,420.56666666666666,92157.29133333337,1
2051,2050.9999999999454,512.9309900000002,426.8666666666667,86064.32333333351,1
2052,2051.999999999946,513.1315099999998,424.53333333333336,88598.17666666646,1
2053,2052.999999999945,513.333333,424.3333333333333,88999.99966666673,1
2054,2053.999999999945,513.515625,424.56666666666666,88948.95833333334,1
2055,2054.999999999946,513.8417969999998,424.6666666666667,89175.13033333313,1
2056,2055.999999999945,514.127604,424.7,89427.60400000004,1
2057,2056.999999999946,514.3359379999998,425.1666666666667,89169.27133333315,1
2058,2057.9999999999454,514.667317,425.1666666666667,89500.65033333334,1
2059,2058.999999999945,515.033854,425.56666666666666,89467.18733333335,1
2060,2059.9999999999454,515.36198,425.56666666666666,89795.31333333335,1
2061,2060.9999999999445,515.622396,425.56666666666666,90055.72933333332,1
2062,2061.999999999945,515.875,426.2,89675.00000000001,1
2063,2062.9999999999454,516.101888,423.6666666666667,92435.22133333335,1
2064,2063.9999999999445,516.328776,423.8666666666667,92462.10933333327,1
2065,2064.9999999999454,516.651042,424.0,92651.04199999996,1
2066,2065.9999999999445,516.75,424.0,92750.0,1
2067,2066.9999999999445,517.030599,424.0,93030.59900000005,1
2068,2067.9999999999445,517.3033849999998,424.0,93303.38499999982,1
2069,2068.9999999999445,517.4921879999998,424.0,93492.18799999983,1
2070,2069.9999999999445,517.686198,424.0,93686.19799999999,1
2071,2070.9999999999445,517.904296,424.0,93904.29600000005,1
2072,2071.999999999944,518.067708,424.0,94067.70800000004,1
2073,2072.999999999944,518.2480469999998,427.06666666666666,91181.38033333315,1
2074,2073.9999999999445,518.5234379999998,428.3666666666667,90156.77133333315,1
2075,2074.999999999944,518.708333,428.3666666666667,90341.66633333337,1
2076,2075.999999999944,518.9609379999998,428.3666666666667,90594.27133333315,1
2077,2076.999999999944,519.135417,428.3666666666667,90768.75033333329,1
2078,2077.999999999944,519.313802,429.1333333333333,90180.46866666668,1
2079,2078.9999999999445,519.463542,431.8666666666667,87596.87533333329,1
2080,2079.999999999944,519.6445309999998,431.8666666666667,87777.86433333313,1
2081,2080.999999999944,519.809895,431.8666666666667,87943.2283333333,1
2082,2081.9999999999445,520.004557,432.3666666666667,87637.8903333333,1
2083,2082.999999999944,520.173177,432.56666666666666,87606.51033333335,1
2084,2083.9999999999445,520.3300780000002,432.6,87730.07800000017,1
2085,2084.9999999999436,520.495443,433.7,86795.44300000003,1
2086,2085.9999999999436,520.6966150000002,433.76666666666665,86929.94833333352,1
2087,2086.999999999944,520.895833,432.9,87995.83300000006,1
2088,2087.9999999999436,521.302734,432.9,88402.73400000001,1
2089,2088.9999999999436,521.686198,432.9,88786.19800000002,1
2090,2089.999999999944,521.8841150000002,432.9,88984.1150000002,1
2091,2090.9999999999436,522.0351559999998,432.9,89135.15599999983,1
2092,2091.999999999944,522.3125,432.9,89412.50000000003,1
2093,2092.9999999999436,522.4453120000002,437.2,85245.31200000018,1
2094,2093.9999999999436,522.626302,437.4,85226.30200000003,1
2095,2094.9999999999436,522.791667,437.6,85191.66699999994,1
2096,2095.999999999943,522.958333,437.8,85158.33300000003,1
2097,2096.999999999943,523.106771,437.8333333333333,85273.43766666666,1
2098,2097.9999999999436,523.2903650000002,436.3666666666667,86923.69833333351,1
2099,2098.999999999943,523.453125,436.56666666666666,86886.45833333334,1
2100,2099.9999999999436,523.6269530000002,436.73333333333335,86893.61966666684,1
2101,2100.999999999943,523.799479,436.93333333333334,86866.14566666668,1
2102,2101.999999999943,523.948568,437.1666666666667,86781.90133333334,1
2103,2102.999999999944,524.099609,437.3666666666667,86732.94233333331,1
2104,2103.999999999943,524.2490240000002,436.2,88049.02400000021,1
2105,2104.999999999943,524.3984379999998,436.43333333333334,87965.10466666649,1
2106,2105.9999999999436,524.5605469999998,436.23333333333335,88327.21366666647,1
2107,2106.999999999943,524.720052,436.46666666666664,88253.38533333337,1
2108,2107.9999999999436,524.867839,436.6666666666667,88201.17233333332,1
2109,2108.9999999999436,525.0247400000002,436.6666666666667,88358.0733333335,1
2110,2109.999999999943,525.244792,436.6666666666667,88578.12533333327,1
2111,2110.999999999944,525.3320309999998,437.6666666666667,87665.36433333311,1
2112,2111.999999999943,525.5019530000002,437.76666666666665,87735.28633333353,1
2113,2112.999999999943,525.720052,437.76666666666665,87953.38533333335,1
2114,2113.9999999999436,525.858073,437.8333333333333,88024.73966666668,1
2115,2114.999999999943,526.05013,438.06666666666666,87983.4633333333,1
2116,2115.999999999943,526.264323,438.1333333333333,88130.98966666666,1
2117,2116.9999999999427,526.466146,437.76666666666665,88699.47933333332,1
2118,2117.999999999943,526.684896,437.8666666666667,88818.22933333331,1
2119,2118.9999999999436,526.90625,437.8666666666667,89039.58333333333,1
2120,2119.999999999943,527.1699219999998,437.8666666666667,89303.25533333315,1
2121,2120.999999999943,527.525391,437.8666666666667,89658.72433333335,1
2122,2121.999999999943,527.7392580000002,437.8666666666667,89872.5913333335,1
2123,2122.9999999999427,527.953125,437.8666666666667,90086.45833333333,1
2124,2123.999999999943,528.0917969999998,437.8666666666667,90225.13033333315,1
2125,2124.999999999943,528.282552,437.8666666666667,90415.88533333334,1
2126,2125.9999999999422,528.458333,437.8666666666667,90591.66633333337,1
2127,2126.9999999999422,528.619792,437.8666666666667,90753.12533333329,1
2128,2127.9999999999422,528.832032,437.8666666666667,90965.36533333335,1
2129,2128.999999999942,529.044271,437.8666666666667,91177.60433333331,1
2130,2129.9999999999427,529.1783849999998,437.8666666666667,91311.71833333315,1
2131,2130.9999999999413,529.361979,437.8666666666667,91495.31233333335,1
2132,2131.999999999941,529.5377599999998,437.8666666666667,91671.09333333315,1
2133,2132.999999999941,529.7070309999998,440.6333333333333,89073.69766666647,1
2134,2133.999999999941,529.930338,440.0,89930.338,1
2135,2134.999999999941,530.153646,440.2,89953.646,1
2136,2135.9999999999404,530.311849,440.1,90211.84900000003,1
2137,2136.99999999994,530.513021,440.26666666666665,90246.35433333332,1
2138,2137.99999999994,530.6875,440.5,90187.5,1
2139,2138.999999999939,530.8502599999998,440.7,90150.25999999983,1
2140,2139.99999999994,531.057942,440.96666666666664,90091.27533333338,1
2141,2140.9999999999395,531.265625,441.1,90165.62499999997,1
2142,2141.999999999939,531.389323,441.26666666666665,90122.65633333333,1
2143,2142.999999999939,531.5664059999998,441.56666666666666,89999.73933333314,1
2144,2143.999999999939,531.735677,441.03333333333336,90702.34366666665,1
2145,2144.9999999999377,532.0716150000002,440.6,91471.61500000015,1
2146,2145.9999999999377,532.3971349999998,440.0,92397.13499999982,1
2147,2146.9999999999372,532.5872400000002,440.2,92387.2400000002,1
2148,2147.999999999937,532.78125,440.3666666666667,92414.58333333333,1
2149,2148.9999999999363,532.973958,440.56666666666666,92407.29133333337,1
2150,2149.999999999936,533.166667,440.7,92466.66699999997,1
2151,2150.999999999936,533.313802,440.93333333333334,92380.46866666667,1
2152,2151.999999999935,533.419921,441.1,92319.92100000002,1
2153,2152.999999999935,533.557943,441.1666666666667,92391.27633333334,1
2154,2153.999999999935,533.686198,441.1666666666667,92519.5313333333,1
2155,2154.9999999999354,533.8815099999998,441.1666666666667,92714.84333333313,1
2156,2155.999999999935,534.076823,441.1666666666667,92910.1563333333,1
2157,2156.9999999999354,534.369792,441.1666666666667,93203.12533333327,1
2158,2157.999999999934,534.6484379999998,441.1666666666667,93481.77133333315,1
2159,2158.999999999934,534.8125,441.06666666666666,93745.83333333334,1
2160,2159.999999999934,534.967448,441.1333333333333,93834.11466666666,1
2161,2160.999999999933,535.174479,441.3333333333333,93841.1456666667,1
2162,2161.999999999933,535.373698,441.6333333333333,93740.36466666666,1
2163,2162.9999999999322,535.514323,441.8,93714.32299999997,1
2164,2163.999999999932,535.644532,441.8333333333333,93811.1986666667,1
2165,2164.999999999932,535.7890629999998,441.8333333333333,93955.72966666652,1
2166,2165.9999999999313,535.9199219999998,444.6666666666667,91253.25533333313,1
2167,2166.9999999999327,536.157878,444.76666666666665,91391.21133333333,1
2168,2167.999999999931,536.395833,444.73333333333335,91662.49966666668,1
2169,2168.9999999999313,536.6601559999998,444.7,91960.15599999981,1
2170,2169.9999999999313,536.888021,445.3333333333333,91554.68766666666,1
2171,2170.9999999999304,537.010417,445.3666666666667,91643.75033333329,1
2172,2171.9999999999304,537.186198,445.5,91686.19799999999,1
2173,2172.9999999999304,537.404948,445.5,91904.94799999999,1
2174,2173.99999999993,537.505208,445.53333333333336,91971.87466666668,1
2175,2174.9999999999295,537.651042,445.7,91951.04199999997,1
2176,2175.9999999999295,537.860677,445.76666666666665,92094.01033333335,1
2177,2176.999999999929,537.964843,445.8333333333333,92131.50966666666,1
2178,2177.999999999929,538.125,445.43333333333334,92691.66666666666,1
2179,2178.999999999929,538.328125,445.6333333333333,92694.79166666667,1
2180,2179.999999999928,538.444661,445.2,93244.66100000001,1
2181,2180.999999999928,538.596354,445.43333333333334,93163.02066666668,1
2182,2181.9999999999277,538.794271,445.6,93194.27099999996,1
2183,2182.9999999999272,538.8971349999998,445.73333333333335,93163.80166666648,1
2184,2183.9999999999272,539.065755,445.9,93165.75499999999,1
2185,2184.999999999927,539.2539059999998,445.8,93453.90599999978,1
2186,2185.999999999927,539.380208,445.96666666666664,93413.5413333334,1
2187,2186.9999999999254,539.563151,446.1333333333333,93429.81766666663,1
2188,2187.999999999926,539.7460940000002,446.3333333333333,93412.76066666689,1
2189,2188.999999999926,539.875,446.5,93375.0,1
2190,2189.999999999925,540.055338,446.6333333333333,93422.00466666667,1
2191,2190.999999999925,540.291667,446.6333333333333,93658.33366666663,1
2192,2191.999999999925,540.4622400000002,447.2,93262.2400000002,1
2193,2192.9999999999245,540.8216150000002,447.3333333333333,93488.28166666687,1
2194,2193.999999999925,541.065104,447.3333333333333,93731.7706666667,1
2195,2194.9999999999245,541.308593,447.3333333333333,93975.25966666666,1
2196,2195.9999999999145,541.373698,453.8333333333333,87540.36466666668,1
2197,2196.999999999915,541.578776,453.03333333333336,88545.44266666658,1
2198,2197.9999999999145,541.783854,453.0,88783.85400000002,1
2199,2198.9999999999145,541.855468,453.0,88855.46799999998,1
2200,2199.9999999999145,542.075521,453.0,89075.52099999998,1
2201,2200.9999999999145,542.295573,457.3,84995.57299999997,1
2202,2201.9999999999145,542.3515620000002,457.3,85051.56200000017,1
2203,2202.9999999999145,542.52908,457.23333333333335,85295.74666666667,1
2204,2203.9999999999145,542.706597,457.23333333333335,85473.26366666664,1
2205,2204.9999999999145,542.8841150000002,457.4,85484.1150000002,1
2206,2205.999999999915,543.144315,457.0,86144.315,1
2207,2206.9999999999145,543.404514,456.93333333333334,86471.18066666661,1
2208,2207.9999999999145,543.664713,457.1333333333333,86531.37966666667,1
2209,2208.999999999915,543.825358,457.03333333333336,86792.0246666667,1
2210,2209.999999999915,543.986003,457.03333333333336,86952.66966666662,1
2211,2210.999999999915,544.146647,457.26666666666665,86879.98033333338,1
2212,2211.999999999915,544.307292,457.46666666666664,86840.62533333332,1
2213,2212.999999999914,544.4921879999998,457.6666666666667,86825.52133333315,1
2214,2213.999999999914,544.658854,457.93333333333334,86725.52066666668,1
2215,2214.999999999914,544.8190099999998,458.1333333333333,86685.67666666649,1
2216,2215.999999999914,544.9726559999998,458.2,86772.65599999981,1
2217,2216.999999999913,545.160807,458.5,86660.80699999997,1
2218,2217.9999999999127,545.376628,458.5,86876.62799999998,1
2219,2218.999999999913,545.592448,458.3333333333333,87259.11466666668,1
2220,2219.999999999913,545.651042,458.53333333333336,87117.7086666666,1
2221,2220.9999999999127,545.861003,457.93333333333334,87927.66966666664,1
2222,2221.9999999999127,546.070964,458.1333333333333,87937.63066666668,1
2223,2222.999999999913,546.1471349999998,458.3333333333333,87813.8016666665,1
2224,2223.9999999999127,546.3658849999998,458.46666666666664,87899.21833333318,1
2225,2224.9999999999127,546.5846349999998,458.46666666666664,88117.96833333318,1
2226,2225.9999999999127,546.6315099999998,458.46666666666664,88164.84333333318,1
2227,2226.9999999999127,546.802951,458.96666666666664,87836.28433333337,1
2228,2227.9999999999127,546.974392,458.96666666666664,88007.72533333332,1
2229,2228.9999999999127,547.145833,458.96666666666664,88179.1663333334,1
2230,2229.999999999913,547.357639,457.03333333333336,90324.3056666666,1
2231,2230.999999999913,547.5694440000002,457.03333333333336,90536.11066666685,1
2232,2231.999999999913,547.78125,457.03333333333336,90747.91666666664,1
2233,2232.999999999913,547.944661,457.03333333333336,90911.32766666664,1
2234,2233.999999999914,548.108073,457.03333333333336,91074.73966666663,1
2235,2234.999999999913,548.271484,457.03333333333336,91238.15066666662,1
2236,2235.999999999913,548.434896,457.03333333333336,91401.56266666662,1
2237,2236.9999999999127,548.630208,457.03333333333336,91596.87466666668,1
2238,2237.9999999999127,548.799479,458.1,90699.47899999999,1
2239,2238.999999999912,548.955729,458.3333333333333,90622.3956666667,1
2240,2239.999999999912,549.102214,458.3666666666667,90735.54733333334,1
2241,2240.999999999912,549.25,458.43333333333334,90816.66666666666,1
2242,2241.9999999999063,549.424805,458.56666666666666,90858.13833333334,1
2243,2242.9999999999063,549.599609,458.56666666666666,91032.94233333333,1
2244,2243.9999999999063,549.796875,462.1,87696.87499999997,1
2245,2244.9999999999063,549.948567,461.6333333333333,88315.2336666667,1
2246,2245.9999999999063,550.1002599999998,461.8333333333333,88266.9266666665,1
2247,2246.9999999999063,550.282552,461.96666666666664,88315.88533333337,1
2248,2247.9999999999063,550.417318,460.5,89917.31800000003,1
2249,2248.9999999999063,550.552083,461.8,88752.08300000003,1
2250,2249.999999999906,550.7122400000002,461.6333333333333,89078.90666666685,1
2251,2250.9999999999063,550.858724,461.8333333333333,89025.39066666673,1
2252,2251.9999999999063,551.005208,461.8333333333333,89171.87466666673,1
2253,2252.999999999906,551.1809900000002,461.3333333333333,89847.65666666687,1
2254,2253.9999999999063,551.318685,461.53333333333336,89785.3516666666,1
2255,2254.9999999999063,551.45638,461.53333333333336,89923.0466666666,1
2256,2255.999999999906,551.673177,461.7,89973.17700000003,1
2257,2256.9999999999063,551.839518,461.93333333333334,89906.18466666667,1
2258,2257.999999999906,552.005859,462.1333333333333,89872.52566666665,1
2259,2258.999999999906,552.240234,462.3333333333333,89906.90066666667,1
2260,2259.999999999906,552.4127599999998,462.46666666666664,89946.09333333318,1
2261,2260.999999999906,552.585286,462.46666666666664,90118.61933333335,1
2262,2261.999999999906,552.927734,462.93333333333334,89994.40066666665,1
2263,2262.9999999999063,553.249349,463.1333333333333,90116.01566666673,1
2264,2263.999999999906,553.570964,463.3666666666667,90204.29733333334,1
2265,2264.999999999906,554.1757809999998,463.73333333333335,90442.44766666646,1
2266,2265.999999999906,554.438151,463.73333333333335,90704.8176666666,1
2267,2266.999999999905,554.579427,463.73333333333335,90846.09366666667,1
2268,2267.9999999999045,554.730468,465.1,89630.46799999995,1
2269,2268.9999999999045,554.858073,461.9,92958.07300000002,1
2270,2269.9999999999036,555.002604,461.8333333333333,93169.2706666667,1
2271,2270.9999999999036,555.1328120000002,465.6333333333333,89499.47866666685,1
2272,2271.999999999903,555.2773440000002,465.8666666666667,89410.67733333353,1
2273,2272.9999999999022,555.457032,466.03333333333336,89423.69866666666,1
2274,2273.9999999999027,555.578776,464.96666666666664,90612.10933333331,1
2275,2274.9999999999022,555.82194,465.1333333333333,90688.60666666672,1
2276,2275.9999999999022,556.065104,465.1333333333333,90931.77066666669,1
2277,2276.9999999999022,556.5078120000002,465.5,91007.81200000017,1
2278,2277.9999999999022,556.847006,465.6,91247.00599999994,1
2279,2278.9999999999013,556.971354,465.6,91371.35399999999,1
2280,2279.9999999999004,557.114583,465.6,91514.58300000001,1
2281,2280.9999999999004,557.2408849999998,465.6,91640.8849999998,1
2282,2281.9999999999,557.377604,465.6,91777.60399999999,1
2283,2282.999999999899,557.497396,466.6333333333333,90864.06266666665,1
2284,2283.9999999998986,557.649089,466.9,90749.08900000002,1
2285,2284.999999999898,557.761068,466.93333333333334,90827.73466666669,1
2286,2285.999999999898,557.916016,465.1333333333333,92782.68266666669,1
2287,2286.9999999998986,558.075847,465.23333333333335,92842.51366666661,1
2288,2287.999999999898,558.235677,468.1666666666667,90069.01033333332,1
2289,2288.999999999898,558.3971349999998,468.3666666666667,90030.46833333315,1
2290,2289.999999999898,558.505208,465.7,92805.20800000006,1
2291,2290.9999999998986,558.625,465.8666666666667,92758.33333333333,1
2292,2291.999999999898,558.757161,466.1,92657.16099999998,1
2293,2292.999999999892,558.879558,466.3,92579.55799999996,1
2294,2293.999999999892,559.0039059999998,468.3,90703.90599999978,1
2295,2294.9999999998927,559.130208,470.73333333333335,88396.87466666668,1
2296,2295.9999999998918,559.2539059999998,472.1666666666667,87087.23933333311,1
2297,2296.999999999892,559.364583,472.3666666666667,86997.91633333337,1
2298,2297.999999999892,559.479167,470.1333333333333,89345.83366666663,1
2299,2298.999999999892,559.593099,470.3,89293.09900000005,1
2300,2299.9999999998918,559.719401,470.5,89219.40099999995,1
2301,2300.9999999998918,559.8346349999998,470.7,89134.63499999983,1
2302,2301.9999999998913,559.954427,470.9,89054.42700000003,1
2303,2302.9999999998913,560.0716150000002,471.1,88971.61500000015,1
2304,2303.9999999998913,560.167318,471.3333333333333,88833.98466666671,1
2305,2304.9999999998913,560.295573,469.46666666666664,90828.90633333335,1
2306,2305.9999999998913,560.4238280000002,470.5,89923.82800000018,1
2307,2306.999999999891,560.5403650000002,470.7,89840.3650000002,1
2308,2307.999999999891,560.654948,470.93333333333334,89721.61466666665,1
2309,2308.999999999891,560.7773440000002,471.1333333333333,89644.01066666687,1
2310,2309.999999999891,560.8867190000002,470.1666666666667,90720.05233333351,1
2311,2310.999999999891,560.997396,470.3666666666667,90630.72933333331,1
2312,2311.9999999998913,561.109375,470.53333333333336,90576.04166666664,1
2313,2312.9999999998913,561.252604,470.76666666666665,90485.93733333336,1
2314,2313.9999999998913,561.392361,472.1666666666667,89225.69433333336,1
2315,2314.9999999998913,561.532118,472.3666666666667,89165.4513333333,1
2316,2315.999999999891,561.671875,471.3666666666667,90305.20833333333,1
2317,2316.999999999891,561.8194440000002,471.56666666666666,90252.77733333354,1
2318,2317.999999999891,561.967014,471.76666666666665,90200.3473333333,1
2319,2318.999999999891,562.114583,471.96666666666664,90147.9163333334,1
2320,2319.9999999998913,562.269097,472.53333333333336,89735.76366666662,1
2321,2320.9999999998927,562.423611,472.53333333333336,89890.27766666669,1
2322,2321.9999999998913,562.578125,472.6666666666667,89911.45833333331,1
2323,2322.9999999998913,562.757378,472.8666666666667,89890.71133333334,1
2324,2323.9999999998927,562.936632,472.3666666666667,90569.96533333336,1
2325,2324.9999999998913,563.1158849999998,472.6666666666667,90449.21833333313,1
2326,2325.9999999998918,563.274088,473.56666666666666,89707.42133333335,1
2327,2326.9999999998913,563.432291,473.06666666666666,90365.6243333333,1
2328,2327.9999999998913,563.590494,473.3666666666667,90223.82733333336,1
2329,2328.999999999891,563.748698,473.5,90248.69799999999,1
2330,2329.9999999998913,563.906901,473.5,90406.90099999995,1
2331,2330.99999999989,564.065104,473.5,90565.10400000002,1
2332,2331.999999999891,564.175998,473.5,90675.99800000005,1
2333,2332.9999999998913,564.286892,473.5,90786.89199999996,1
2334,2333.999999999891,564.397786,473.5,90897.786,1
2335,2334.999999999891,564.5086809999998,473.5,91008.6809999998,1
2336,2335.9999999998913,564.619575,473.8,90819.57500000004,1
2337,2336.999999999891,564.7304690000002,474.0,90730.4690000002,1
