beat_idx,gt_beat,gt_time_s,pred_time_s,err_ms,ok
0,0.0,0.970313,0.0,970.313,1
1,1.0000000000000002,1.251302,0.0,1251.302,1
2,2.0000000000000004,1.532292,0.0,1532.292,1
3,3.000000000000001,1.740104,1.7666666666666666,26.562666666666512,1
4,4.000000000000001,1.934635,1.8,134.63500000000005,1
5,5.000000000000001,2.129167,2.033333333333333,95.8336666666666,1
6,6.000000000000001,2.340625,2.3333333333333335,7.291666666666696,1
7,7.0,2.541667,2.3666666666666667,175.0003333333332,1
8,8.000000000000002,2.7427080000000004,2.3666666666666667,376.0413333333337,1
9,9.000000000000002,2.94375,2.6,343.75,1
10,10.000000000000002,3.144792,2.8333333333333335,311.4586666666663,1
11,11.000000000000004,3.3458330000000003,3.1333333333333333,212.49966666666697,1
12,12.000000000000004,3.546875,3.3666666666666667,180.20833333333331,1
13,13.000000000000004,3.775,3.7333333333333334,41.666666666666515,1
14,14.000000000000002,4.003125,3.966666666666667,36.45833333333304,1
15,15.000000000000002,4.23125,1.0,3231.25,1
16,16.000000000000004,4.422569,1.0,3422.5690000000004,1
17,17.000000000000004,4.613889,1.0,3613.889,1
18,18.000000000000004,4.805208,1.0,3805.2080000000005,1
19,19.0,4.996528,1.0,3996.528,1
20,20.0,5.187848000000002,1.0,4187.848000000002,1
21,21.000000000000004,5.379167,0.9333333333333333,4445.833666666666,1
22,22.000000000000004,5.564063,0.06666666666666667,5497.396333333333,1
23,23.000000000000007,5.748958,5.9,151.04200000000034,1
24,24.000000000000018,6.016667,6.0,16.666999999999987,1
25,25.000000000000007,6.253386,6.166666666666667,86.71933333333293,1
26,26.000000000000007,6.490104,6.566666666666666,76.56266666666679,1
27,27.000000000000014,6.673958,6.666666666666667,7.291333333332872,1
28,28.00000000000001,6.876302000000001,6.8,76.30200000000099,1
29,29.000000000000025,7.078646000000001,6.9,178.64600000000053,1
30,30.000000000000018,7.297916000000002,7.233333333333333,64.58266666666823,1
31,31.000000000000018,7.51875,7.433333333333334,85.41666666666626,1
32,32.00000000000002,7.739583,7.433333333333334,306.2496666666661,1
33,33.00000000000002,7.960417,7.566666666666666,393.7503333333332,1
34,34.00000000000002,8.18125,7.766666666666667,414.58333333333377,1
35,35.00000000000002,8.402084,8.0,402.08400000000034,1
36,36.00000000000002,8.622917,8.233333333333333,389.5836666666668,1
37,37.00000000000002,8.858334,8.666666666666666,191.6673333333332,1
38,38.00000000000002,9.09375,9.0,93.75,1
39,39.000000000000036,9.329167,9.066666666666666,262.5003333333336,1
40,40.00000000000002,9.515625,9.5,15.625,1
41,41.00000000000002,9.702084,9.666666666666666,35.41733333333319,1
42,42.00000000000002,9.888542,9.8,88.54199999999857,1
43,43.00000000000002,10.075,9.833333333333334,241.66666666666538,1
44,44.00000000000003,10.261459,10.0,261.45900000000034,1
45,45.00000000000003,10.447917,10.4,47.91699999999999,1
46,46.00000000000002,10.63125,10.633333333333333,2.083333333333215,1
47,47.000000000000036,10.814583,10.8,14.583000000000013,1
48,48.000000000000036,11.084375,10.966666666666667,117.70833333333286,1
49,49.000000000000036,11.251736,11.233333333333333,18.40266666666679,1
50,50.000000000000036,11.419097,11.466666666666667,47.569666666666066,1
51,51.000000000000036,11.586458,11.7,113.54199999999892,1
52,52.000000000000036,11.735069,11.8,64.9310000000014,1
53,53.00000000000003,11.883681,11.933333333333334,49.6523333333343,1
54,54.000000000000036,12.032292,11.933333333333334,98.95866666666642,1
55,55.00000000000003,12.253646,12.2,53.64600000000053,1
56,56.00000000000002,12.475,11.933333333333334,541.6666666666661,1
57,57.00000000000003,12.696354,12.066666666666666,629.6873333333331,1
58,58.00000000000003,12.917783,12.266666666666667,651.1163333333325,1
59,59.00000000000003,13.139210999999998,12.966666666666667,172.54433333333097,1
60,60.00000000000003,13.36064,13.2,160.64000000000078,1
61,61.00000000000002,13.582069,13.4,182.06900000000024,1
62,62.00000000000003,13.803497,13.633333333333333,170.16366666666727,1
63,63.00000000000003,14.024926,13.833333333333334,191.59266666666673,1
64,64.00000000000003,14.246354,13.966666666666667,279.6873333333334,1
65,65.00000000000003,14.521354,14.366666666666667,154.6873333333334,1
66,66.00000000000003,14.796354,14.5,296.35399999999913,1
67,67.00000000000003,15.071354,14.866666666666667,204.68733333333233,1
68,68.00000000000003,15.346354000000002,15.0,346.35400000000163,1
69,69.00000000000003,15.621354,14.033333333333333,1588.020666666667,1
70,70.00000000000003,15.896354,14.033333333333333,1863.0206666666672,1
71,71.00000000000003,16.171354,14.066666666666666,2104.6873333333347,1
72,72.00000000000003,16.446354,14.066666666666666,2379.687333333333,1
73,73.00000000000003,16.721354,14.066666666666666,2654.687333333335,1
74,74.00000000000003,16.996354,14.066666666666666,2929.6873333333338,1
75,75.00000000000004,17.217709,14.066666666666666,3151.042333333333,1
76,76.00000000000003,17.414063,14.066666666666666,3347.396333333332,1
77,77.00000000000003,17.610417,14.066666666666666,3543.750333333335,1
78,78.00000000000003,17.81875,14.066666666666666,3752.083333333335,1
79,79.00000000000004,18.019097,14.066666666666666,3952.4303333333323,1
80,80.00000000000003,18.219444,13.7,4519.444,1
81,81.00000000000003,18.419791,13.866666666666667,4553.124333333333,1
82,82.00000000000003,18.620139,14.066666666666666,4553.472333333335,1
83,83.00000000000004,18.820486,13.833333333333334,4987.152666666665,1
84,84.00000000000003,19.020833,13.9,5120.833,1
85,85.00000000000004,19.260069,14.066666666666666,5193.402333333335,1
86,86.00000000000004,19.499306,14.033333333333333,5465.9726666666675,1
87,87.00000000000006,19.738542,14.2,5538.5419999999995,1
88,88.00000000000004,19.907084,14.433333333333334,5473.750666666668,1
89,89.00000000000004,20.075625,14.633333333333333,5442.291666666666,1
90,90.00000000000004,20.244167,14.866666666666667,5377.500333333333,1
91,91.00000000000004,20.412708,15.066666666666666,5346.041333333332,1
92,92.00000000000006,20.58125,15.3,5281.25,1
93,93.00000000000007,20.833333,15.533333333333333,5299.999666666667,1
94,94.00000000000006,20.998958,15.666666666666666,5332.291333333332,1
95,95.00000000000007,21.164583,16.0,5164.5830000000005,1
96,96.0000000000001,21.435417,16.2,5235.417000000002,1
97,97.00000000000007,21.6625,17.066666666666666,4595.833333333335,1
98,98.00000000000009,21.889583,17.466666666666665,4422.916333333334,1
99,99.00000000000009,22.086979,17.766666666666666,4320.312333333333,1
100,100.00000000000009,22.298177,17.966666666666665,4331.510333333334,1
101,101.00000000000013,22.509375,18.233333333333334,4276.041666666664,1
102,102.00000000000009,22.732813,18.3,4432.812999999999,1
103,103.0000000000001,22.955122,17.966666666666665,4988.455333333334,1
104,104.0000000000001,23.177431,18.133333333333333,5044.097666666666,1
105,105.00000000000009,23.39974,18.233333333333334,5166.406666666667,1
106,106.00000000000009,23.622049,18.3,5322.049,1
107,107.00000000000009,23.844358,18.5,5344.358,1
108,108.0000000000001,24.066667,18.666666666666668,5400.000333333331,1
109,109.0000000000001,24.321181,18.866666666666667,5454.514333333332,1
110,110.0000000000001,24.575694,18.866666666666667,5709.027333333332,1
111,111.00000000000017,24.830208,18.866666666666667,5963.541333333332,1
112,112.0000000000001,25.028993,18.866666666666667,6162.3263333333325,1
113,113.00000000000013,25.227778,18.866666666666667,6361.111333333333,1
114,114.00000000000013,25.426562,18.866666666666667,6559.895333333334,1
115,115.0000000000001,25.625347,18.866666666666667,6758.680333333335,1
116,116.0000000000001,25.824132,18.866666666666667,6957.465333333332,1
117,117.0000000000001,26.022917,18.866666666666667,7156.2503333333325,1
118,118.00000000000013,26.220834000000004,18.866666666666667,7354.1673333333365,1
119,119.00000000000013,26.41875,18.866666666666667,7552.083333333332,1
120,120.00000000000013,26.6875,18.866666666666667,7820.833333333333,1
121,121.00000000000014,26.843403,21.566666666666666,5276.736333333332,1
122,122.00000000000013,26.999305,21.8,5199.304999999999,1
123,123.00000000000014,27.155208,21.966666666666665,5188.541333333334,1
124,124.00000000000014,27.301041,22.233333333333334,5067.707666666667,1
125,125.00000000000014,27.446875,22.866666666666667,4580.208333333331,1
126,126.0000000000002,27.592708,23.033333333333335,4559.374666666663,1
127,127.00000000000014,27.810937,23.166666666666668,4644.270333333331,1
128,128.00000000000014,28.029166,22.933333333333334,5095.832666666666,1
129,129.00000000000014,28.247396,22.933333333333334,5314.062666666665,1
130,130.00000000000014,28.455134,23.3,5155.134,1
131,131.00000000000014,28.662872,22.9,5762.872000000001,1
132,132.00000000000014,28.87061,23.1,5770.609999999998,1
133,133.00000000000014,29.078348,23.166666666666668,5911.68133333333,1
134,134.00000000000014,29.286086,29.4,113.91399999999763,1
135,135.00000000000014,29.493824,29.566666666666666,72.84266666666639,1
136,136.0000000000002,29.701563,29.7,1.5630000000008692,1
137,137.00000000000014,29.952669,29.933333333333334,19.33566666666664,1
138,138.00000000000014,30.203776,30.2,3.776000000002,1
139,139.00000000000014,30.454883,30.366666666666667,88.21633333333168,1
140,140.00000000000014,30.705990000000003,30.633333333333333,72.65666666667059,1
141,141.00000000000014,30.957097,30.666666666666668,290.4303333333331,1
142,142.00000000000014,31.208203,30.666666666666668,541.5363333333332,1
143,143.00000000000014,31.45931,30.666666666666668,792.6433333333307,1
144,144.00000000000014,31.710417,31.633333333333333,77.08366666666677,1
145,145.00000000000014,31.903907,31.866666666666667,37.2403333333331,1
146,146.0000000000002,32.097396,32.1,2.6039999999980523,1
147,147.00000000000014,32.30625,32.333333333333336,27.083333333337123,1
148,148.00000000000014,32.502083,32.53333333333333,31.25033333333249,1
149,149.00000000000017,32.6375,32.666666666666664,29.166666666661456,1
150,150.0000000000002,32.839583000000005,33.03333333333333,193.7503333333268,1
151,151.00000000000028,32.980208000000005,33.233333333333334,253.12533333332965,1
152,152.00000000000026,33.152083000000005,33.1,52.08300000000321,1
153,153.00000000000028,33.319792,33.56666666666667,246.87466666667035,1
154,154.00000000000028,33.489584,33.56666666666667,77.0826666666693,1
155,155.00000000000028,33.659375,33.63333333333333,26.041666666664298,1
156,156.00000000000034,33.829167,33.63333333333333,195.83366666666535,1
157,157.00000000000028,33.975,33.63333333333333,341.66666666666856,1
158,158.00000000000034,34.130208,33.63333333333333,496.87466666667035,1
159,159.00000000000034,34.305729,33.63333333333333,672.3956666666666,1
160,160.00000000000034,34.480208000000005,34.46666666666667,13.54133333333607,1
161,161.00000000000034,34.634895,34.733333333333334,98.43833333333407,1
162,162.00000000000034,34.814583,34.8,14.583000000001789,1
163,163.00000000000034,34.969792,34.96666666666667,3.1253333333296496,1
164,164.00000000000034,35.089583000000005,35.06666666666667,22.91633333333465,1
165,165.00000000000028,35.266666,35.2,66.6659999999979,1
166,166.0000000000003,35.458333,35.43333333333333,24.999666666673193,1
167,167.00000000000034,35.633333,35.666666666666664,33.33366666666393,1
168,168.00000000000028,35.992708,35.9,92.70800000000179,1
169,169.00000000000028,36.182031,36.2,17.96900000000079,1
170,170.00000000000028,36.371355,36.4,28.644999999997367,1
171,171.0000000000003,36.577604,36.6,22.396000000000527,1
172,172.00000000000037,36.767708,36.833333333333336,65.62533333333676,1
173,173.00000000000028,36.89375,37.06666666666667,172.91666666667282,1
174,174.00000000000028,37.12083300000001,37.166666666666664,45.83366666665256,1
175,175.00000000000026,37.24375,37.5,256.2500000000014,1
176,176.00000000000026,37.41875,37.7,281.25,1
177,177.00000000000028,37.596875,37.93333333333333,336.45833333333286,1
178,178.0000000000002,37.795486,37.93333333333333,137.8473333333332,1
179,179.00000000000017,37.994097,37.93333333333333,60.76366666666644,1
180,180.0000000000002,38.192708,37.93333333333333,259.3746666666732,1
181,181.0000000000002,38.364583,38.36666666666667,2.0836666666639303,1
182,182.00000000000026,38.522917,38.56666666666667,43.74966666667035,1
183,183.00000000000017,38.683855,38.666666666666664,17.188333333336914,1
184,184.00000000000014,38.85520800000001,38.833333333333336,21.874666666676035,1
185,185.00000000000014,39.044792,39.03333333333333,11.458666666669615,1
186,186.00000000000017,39.266146,39.233333333333334,32.812666666664825,1
187,187.0000000000002,39.485417,39.46666666666667,18.75033333332965,1
188,188.00000000000014,39.6625,39.666666666666664,4.166666666662877,1
189,189.0000000000001,39.890625,39.8,90.62500000000284,1
190,190.0000000000001,40.2125,40.06666666666667,145.8333333333286,1
191,191.0000000000001,40.540625,40.4,140.625,1
192,192.00000000000017,41.229167,40.8,429.16699999999963,1
193,193.00000000000017,41.661458,41.03333333333333,628.1246666666718,1
194,194.00000000000017,41.852083,41.266666666666666,585.4163333333347,1
195,195.00000000000017,42.054167,41.5,554.1669999999997,1
196,196.00000000000017,42.273958,41.766666666666666,507.29133333333465,1
197,197.00000000000017,42.4625,42.0,462.4999999999986,1
198,198.0000000000002,42.735417,42.2,535.4169999999954,1
199,199.0000000000002,42.955208,42.93333333333333,21.87466666666893,1
200,200.00000000000017,43.139583,43.1,39.58300000000037,1
201,201.00000000000017,43.39375,43.266666666666666,127.08333333333144,1
202,202.00000000000014,43.597917,43.53333333333333,64.58366666667104,1
203,203.00000000000017,43.776042,43.766666666666666,9.37533333333107,1
204,204.00000000000017,43.993229,44.0,6.771000000000527,1
205,205.00000000000017,44.233333,44.233333333333334,0.00033333333249174757,1
206,206.00000000000017,44.389584,44.43333333333333,43.74933333333075,1
207,207.00000000000017,44.646875,44.6,46.875,1
208,208.00000000000017,44.863542,44.8,63.54200000000532,1
209,209.00000000000017,45.05625,45.03333333333333,22.91666666666714,1
210,210.00000000000017,45.284375,45.233333333333334,51.04166666666288,1
211,211.00000000000017,45.49375,45.43333333333333,60.41666666666856,1
212,212.00000000000017,45.65,45.8,149.99999999999858,1
213,213.0000000000002,45.877604,45.833333333333336,44.27066666666235,1
214,214.00000000000017,46.077083,46.06666666666667,10.416333333331806,1
215,215.0000000000002,46.29375,46.3,6.249999999994316,1
216,216.0000000000002,46.671354,46.53333333333333,138.02066666666946,1
217,217.0000000000002,46.919792,46.733333333333334,186.45866666666677,1
218,218.0000000000002,47.126041,47.06666666666667,59.37433333333075,1
219,219.0000000000002,47.330208,47.3,30.20800000000179,1
220,220.0000000000002,47.439063,47.5,60.93700000000268,1
221,221.00000000000028,47.639584,47.766666666666666,127.08266666666646,1
222,222.0000000000003,47.967708,47.93333333333333,34.37466666667177,1
223,223.0000000000003,48.177083,48.2,22.916999999999632,1
224,224.0000000000003,48.346875,48.333333333333336,13.541666666661456,1
225,225.0000000000003,48.588542,48.53333333333333,55.20866666666535,1
226,226.0000000000003,48.84375,48.766666666666666,77.08333333333428,1
227,227.0000000000003,49.020833,48.96666666666667,54.16633333333465,1
228,228.0000000000003,49.211979,49.166666666666664,45.312333333335175,1
229,229.0000000000003,49.421354,49.36666666666667,54.687333333333754,1
230,230.0000000000003,49.59375,49.6,6.250000000001421,1
231,231.0000000000003,49.821354,49.8,21.354000000002316,1
232,232.0000000000003,50.005729,49.93333333333333,72.3956666666723,1
233,233.00000000000034,50.165625,50.13333333333333,32.29166666666572,1
234,234.00000000000037,50.388542,50.333333333333336,55.20866666666535,1
235,235.00000000000037,50.591667,50.56666666666667,25.00033333333107,1
236,236.00000000000037,50.757292,50.766666666666666,9.374666666666087,1
237,237.00000000000037,51.002604,51.0,2.6039999999980523,1
238,238.00000000000037,51.247917,51.2,47.91699999999821,1
239,239.00000000000037,51.471354,51.4,71.35399999999947,1
240,240.00000000000037,51.853125,51.6,253.12499999999716,1
241,241.00000000000037,52.13125,52.03333333333333,97.91666666666998,1
242,242.0000000000003,52.310417,52.3,10.417000000003895,1
243,243.0000000000003,52.488542,52.46666666666667,21.875333333333913,1
244,244.00000000000034,52.67864599999999,52.7,21.35400000000942,1
245,245.0000000000003,52.865625,52.93333333333333,67.7083333333286,1
246,246.00000000000034,53.10625,53.06666666666667,39.58333333333286,1
247,247.00000000000037,53.338542,53.3,38.54199999999963,1
248,248.00000000000037,53.509375,53.53333333333333,23.95833333333286,1
249,249.00000000000037,53.685417,53.766666666666666,81.24966666666467,1
250,250.0000000000004,53.890625,53.86666666666667,23.95833333333286,1
251,251.00000000000037,54.04375,54.06666666666667,22.91666666666714,1
252,252.0000000000004,54.24322900000001,54.266666666666666,23.43766666665914,1
253,253.00000000000037,54.410417,54.43333333333333,22.916333333327543,1
254,254.0000000000004,54.589583,54.63333333333333,43.750333333335334,1
255,255.00000000000037,54.815625,54.8,15.625,1
256,256.0000000000004,55.00104200000001,55.0,1.0420000000124219,1
257,257.00000000000034,55.19375,55.166666666666664,27.083333333337123,1
258,258.00000000000045,55.422395,55.333333333333336,89.06166666666593,1
259,259.0000000000004,55.604167,55.6,4.166999999995369,1
260,260.0000000000004,55.785417,55.833333333333336,47.91633333333323,1
261,261.00000000000045,56.004167,56.03333333333333,29.166333333328964,1
262,262.0000000000004,56.209375,56.266666666666666,57.2916666666643,1
263,263.00000000000045,56.452604,56.36666666666667,85.93733333333375,1
264,264.00000000000045,56.85052099999999,56.7,150.52099999999058,1
265,265.0000000000004,57.171875,56.93333333333333,238.54166666666998,1
266,266.0000000000004,57.392708,57.3,92.70800000000179,1
267,267.00000000000045,57.656771,57.56666666666667,90.10433333332912,1
268,268.00000000000045,57.96041700000001,57.8,160.41700000000958,1
269,269.00000000000045,58.150521,58.06666666666667,83.8543333333277,1
270,270.00000000000045,58.404688,58.333333333333336,71.35466666666446,1
271,271.0000000000004,58.64375,58.56666666666667,77.08333333332718,1
272,272.0000000000004,58.807292,58.8,7.291999999999632,1
273,273.00000000000045,59.020313,59.03333333333333,13.020333333329859,1
274,274.0000000000004,59.223958,59.2,23.958000000000368,1
275,275.0000000000005,59.396354,59.36666666666667,29.687333333335175,1
276,276.0000000000005,59.605729,59.6,5.72899999999521,1
277,277.0000000000005,59.804688,59.766666666666666,38.02133333333302,1
278,278.0000000000005,59.986458,59.96666666666667,19.791333333330385,1
279,279.0000000000005,60.247396,60.166666666666664,80.72933333333765,1
280,280.0000000000005,60.478646,60.36666666666667,111.97933333333054,1
281,281.0000000000005,60.703125,60.63333333333333,69.79166666666714,1
282,282.0000000000005,60.994792,60.833333333333336,161.4586666666611,1
283,283.0000000000005,61.296875,61.1,196.87499999999858,1
284,284.0000000000005,61.467708,61.46666666666667,1.0413333333332275,1
285,285.0000000000005,61.689062,61.666666666666664,22.395333333335543,1
286,286.0000000000004,61.99270799999999,61.93333333333333,59.374666666663245,1
287,287.0000000000005,62.278125,62.166666666666664,111.45833333333854,1
288,288.0000000000004,62.901042,62.53333333333333,367.70866666666535,1
289,289.0000000000005,63.233333,62.766666666666666,466.66633333333607,1
290,290.0000000000005,63.446875,63.06666666666667,380.2083333333286,1
291,291.0000000000005,63.669271,63.266666666666666,402.6043333333362,1
292,292.0000000000005,63.905208,63.86666666666667,38.54133333333465,1
293,293.00000000000057,64.1,64.1,0.0,1
294,294.0000000000005,64.319792,64.26666666666667,53.12533333334102,1
295,295.00000000000057,64.576042,64.5,76.04200000000105,1
296,296.0000000000005,64.726042,64.7,26.042000000003895,1
297,297.00000000000057,64.934375,64.96666666666667,32.29166666666572,1
298,298.0000000000005,65.13645799999999,65.13333333333334,3.1246666666504552,1
299,299.00000000000057,65.302083,65.36666666666666,64.58366666666393,1
300,300.0000000000005,65.522396,65.53333333333333,10.937333333330912,1
301,301.00000000000057,65.713542,65.76666666666667,53.124666666661824,1
302,302.0000000000005,65.88125,65.9,18.75000000001137,1
303,303.00000000000057,66.114583,66.1,14.583000000001789,1
304,304.00000000000057,66.319792,66.26666666666667,53.12533333334102,1
305,305.0000000000006,66.54375,66.46666666666667,77.08333333333428,1
306,306.00000000000057,66.786459,66.7,86.45899999999074,1
307,307.0000000000006,66.99583299999999,66.93333333333334,62.4996666666533,1
308,308.0000000000006,67.15625,67.16666666666667,10.416666666671404,1
309,309.0000000000006,67.367708,67.33333333333333,34.374666666664666,1
310,310.0000000000006,67.54270799999999,67.53333333333333,9.374666666658982,1
311,311.0000000000006,67.780208,67.73333333333333,46.87466666666751,1
312,312.0000000000006,68.1875,67.9,287.4999999999943,1
313,313.0000000000006,68.4625,68.33333333333333,129.1666666666771,1
314,314.0000000000006,68.665625,68.63333333333334,32.29166666666572,1
315,315.0000000000006,68.911458,68.83333333333333,78.12466666666751,1
316,316.0000000000006,69.182813,69.06666666666666,116.14633333333302,1
317,317.0000000000006,69.388542,69.33333333333333,55.20866666667246,1
318,318.0000000000007,69.653125,69.53333333333333,119.7916666666714,1
319,319.0000000000007,69.913542,69.83333333333333,80.20866666667814,1
320,320.0000000000007,70.0875,70.06666666666666,20.833333333342807,1
321,321.0000000000007,70.29427,70.26666666666667,27.603333333331648,1
322,322.0000000000007,70.535416,70.46666666666667,68.74933333332933,1
323,323.0000000000007,70.705208,70.7,5.207999999996105,1
324,324.0000000000007,70.904167,70.86666666666666,37.50033333334102,1
325,325.00000000000057,71.107292,71.06666666666666,40.625333333338176,1
326,326.0000000000006,71.27552,71.2,75.51999999999737,1
327,327.0000000000007,71.473959,71.43333333333334,40.62566666665646,1
328,328.0000000000007,71.663542,71.63333333333334,30.208666666666772,1
329,329.0000000000007,71.834375,71.86666666666666,32.29166666666572,1
330,330.0000000000007,72.009375,72.16666666666667,157.29166666666572,1
331,331.0000000000006,72.202083,72.2,2.082999999998947,1
332,332.0000000000007,72.276041,72.33333333333333,57.292333333322176,1
333,333.0000000000007,72.526563,72.46666666666667,59.896333333327334,1
334,334.00000000000074,72.73020799999998,72.66666666666667,63.541333333304806,1
335,335.00000000000074,72.87083299999998,72.9,29.167000000029475,1
336,336.0000000000008,73.0875,73.06666666666666,20.833333333342807,1
337,337.0000000000008,73.276042,73.2,76.04200000000105,1
338,338.0000000000008,73.408333,73.43333333333334,25.000333333338176,1
339,339.0000000000008,73.74375,73.66666666666667,77.08333333333428,1
340,340.00000000000085,73.95,73.9,49.99999999999716,1
341,341.0000000000008,74.147917,74.13333333333334,14.583666666666772,1
342,342.00000000000085,74.329167,74.36666666666666,37.499666666661824,1
343,343.00000000000085,74.456975,74.4,56.974999999994225,1
344,344.0000000000009,74.561458,74.7,138.54200000000105,1
345,345.0000000000009,74.804688,74.8,4.68800000000158,1
346,346.0000000000009,75.071875,75.03333333333333,38.541666666674246,1
347,347.0000000000009,75.216667,75.16666666666667,50.00033333332965,1
348,348.00000000000097,75.50052099999998,75.43333333333334,67.18766666664067,1
349,349.0000000000009,75.68046899999999,75.63333333333334,47.135666666648035,1
350,350.00000000000097,75.860417,75.9,39.58300000000747,1
351,351.000000000001,76.08958299999998,76.13333333333334,43.750333333363756,1
352,352.000000000001,76.273958,76.33333333333333,59.375333333335334,1
353,353.000000000001,76.451042,76.53333333333333,82.29133333333039,1
354,354.0000000000011,76.645833,76.7,54.16700000000674,1
355,355.0000000000011,76.833333,76.9,66.66700000000958,1
356,356.0000000000011,77.020833,77.13333333333334,112.50033333334386,1
357,357.0000000000011,77.214062,77.36666666666666,152.60466666666161,1
358,358.00000000000114,77.373958,77.36666666666666,7.291333333341754,1
359,359.00000000000125,77.55,77.53333333333333,16.66666666666572,1
360,360.00000000000125,77.729167,77.76666666666667,37.499666666661824,1
361,361.00000000000125,77.923958,77.96666666666667,42.708666666669615,1
362,362.00000000000114,78.11875,78.2,81.24999999999716,1
363,363.0000000000013,78.326562,78.43333333333334,106.77133333334154,1
364,364.0000000000013,78.496875,78.43333333333334,63.54166666666572,1
365,365.0000000000013,78.671875,78.6,71.87500000000568,1
366,366.0000000000014,78.861458,78.93333333333334,71.87533333333818,1
367,367.0000000000014,79.04270799999998,79.1,57.292000000018106,1
368,368.0000000000015,79.223958,79.33333333333333,109.37533333333249,1
369,369.0000000000014,79.43177,79.36666666666666,65.10333333334017,1
370,370.0000000000013,79.607292,79.6,7.2920000000067375,1
371,371.00000000000165,79.804167,79.76666666666667,37.50033333334102,1
372,372.00000000000153,80.044792,80.0,44.79200000000105,1
373,373.00000000000153,80.244792,80.23333333333333,11.458666666669615,1
374,374.0000000000016,80.444792,80.43333333333334,11.458666666669615,1
375,375.0000000000017,80.677084,80.63333333333334,43.750666666653615,1
376,376.0000000000015,80.86875,80.86666666666666,2.0833333333456494,1
377,377.00000000000176,81.046875,81.06666666666666,19.791666666662877,1
378,378.0000000000017,81.228125,81.26666666666667,38.541666666660035,1
379,379.0000000000018,81.415625,81.63333333333334,217.70833333333428,1
380,380.00000000000176,81.58229200000002,81.83333333333333,251.0413333333048,1
381,381.0000000000019,81.75625,82.06666666666666,310.41666666666856,1
382,382.0000000000019,81.946875,81.96666666666667,19.791666666662877,1
383,383.000000000002,82.12916700000002,82.13333333333334,4.1663333333161745,1
384,384.0000000000019,82.33802,82.4,61.980000000005475,1
385,385.0000000000019,82.586805,82.63333333333334,46.52833333334172,1
386,386.0000000000019,82.83559,82.73333333333333,102.256666666662,1
387,387.000000000002,83.084375,82.73333333333333,351.04166666666003,1
388,388.0000000000019,83.315956,82.73333333333333,582.6226666666656,1
389,389.000000000002,83.547538,82.73333333333333,814.2046666666687,1
390,390.0000000000019,83.779119,82.73333333333333,1045.78566666666,1
391,391.000000000002,84.010701,82.73333333333333,1277.3676666666631,1
392,392.0000000000019,84.24228199999997,82.73333333333333,1508.9486666666403,1
393,393.0000000000019,84.473864,82.73333333333333,1740.5306666666718,1
394,394.0000000000019,84.705445,82.73333333333333,1972.111666666663,1
395,395.0000000000018,84.937027,82.73333333333333,2203.693666666666,1
396,396.0000000000019,85.16860799999998,82.73333333333333,2435.2746666666435,1
397,397.00000000000193,85.40019000000002,82.73333333333333,2666.8566666666893,1
398,398.000000000002,85.631771,82.73333333333333,2898.4376666666662,1
399,399.0000000000018,85.865625,85.23333333333333,632.29166666666,1
400,400.000000000002,86.064063,86.0,64.06300000000442,1
401,401.0000000000018,86.2625,86.2,62.5,1
402,402.00000000000205,86.476042,86.43333333333334,42.708666666669615,1
403,403.00000000000205,86.680555,86.63333333333334,47.22166666665828,1
404,404.000000000002,86.885069,86.83333333333333,51.73566666667284,1
405,405.00000000000205,87.08958299999998,86.9,189.58299999997053,1
406,406.000000000002,87.294097,87.1,194.0969999999993,1
407,407.0000000000019,87.498611,87.3,198.61099999999965,1
408,408.0000000000021,87.703125,87.56666666666666,136.45833333333712,1
409,409.00000000000205,87.94444399999998,87.8,144.4439999999787,1
410,410.000000000002,88.185764,88.03333333333333,152.4306666666746,1
411,411.00000000000205,88.427083,88.06666666666666,360.4163333333332,1
412,412.000000000002,88.61875,88.56666666666666,52.08333333334281,1
413,413.0000000000019,88.810416,88.8,10.41600000000642,1
414,414.00000000000216,89.002083,88.93333333333334,68.74966666666182,1
415,415.00000000000205,89.19375,89.2,6.2500000000085265,1
416,416.000000000002,89.385416,89.43333333333334,47.9173333333307,1
417,417.00000000000205,89.577083,89.53333333333333,43.74966666667035,1
418,418.000000000002,89.76510400000002,89.8,34.89599999997495,1
419,419.00000000000205,89.953125,90.0,46.875,1
420,420.00000000000205,90.228125,90.2,28.125000000002842,1
421,421.0000000000021,90.461458,90.4,61.45799999998758,1
422,422.00000000000216,90.694792,90.76666666666667,71.87466666665898,1
423,423.0000000000021,90.88802,90.86666666666666,21.353333333337332,1
424,424.0000000000021,91.088281,91.03333333333333,54.94766666666351,1
425,425.00000000000216,91.288542,91.13333333333334,155.20866666666677,1
426,426.00000000000233,91.513542,91.43333333333334,80.20866666666393,1
427,427.00000000000216,91.732292,91.66666666666667,65.62533333332965,1
428,428.00000000000233,91.951042,91.7,251.0419999999982,1
429,429.00000000000216,92.169792,91.8,369.7920000000039,1
430,430.0000000000021,92.388542,92.0,388.54200000000105,1
431,431.00000000000216,92.607292,92.23333333333333,373.9586666666668,1
432,432.00000000000233,92.826042,92.53333333333333,292.7086666666696,1
433,433.00000000000216,93.077431,92.9,177.43099999999856,1
434,434.00000000000233,93.328819,93.13333333333334,195.4856666666558,1
435,435.00000000000216,93.580208,93.16666666666667,413.54133333332754,1
436,436.00000000000216,93.742534,93.7,42.5340000000034,1
437,437.00000000000216,93.904861,93.9,4.860999999991122,1
438,438.00000000000205,94.067188,94.13333333333334,66.14533333333839,1
439,439.00000000000216,94.229514,94.33333333333333,103.81933333333393,1
440,440.0000000000022,94.391841,94.5,108.15900000000056,1
441,441.00000000000233,94.554167,94.56666666666666,12.49966666665614,1
442,442.0000000000022,94.925,94.9,24.999999999991473,1
443,443.0000000000022,95.295833,95.13333333333334,162.49966666666182,1
444,444.0000000000021,95.666667,95.36666666666666,300.00033333334386,1
445,445.0000000000022,95.824653,95.83333333333333,8.680333333330736,1
446,446.00000000000233,95.982639,96.06666666666666,84.02766666665684,1
447,447.00000000000233,96.140625,96.3,159.37499999999716,1
448,448.00000000000233,96.293403,96.4,106.59700000000782,1
449,449.0000000000022,96.44618,96.53333333333333,87.1533333333332,1
450,450.0000000000021,96.598958,96.86666666666666,267.70866666666393,1
451,451.0000000000022,96.822916,97.03333333333333,210.41733333332502,1
452,452.0000000000022,97.046875,97.26666666666667,219.79166666666572,1
453,453.0000000000025,97.270833,97.53333333333333,262.50033333333533,1
454,454.00000000000233,97.480059,97.83333333333333,353.27433333333147,1
455,455.0000000000022,97.689286,98.06666666666666,377.38066666666725,1
456,456.00000000000233,97.898512,98.33333333333333,434.82133333333195,1
457,457.0000000000022,98.107738,98.56666666666666,458.9286666666652,1
458,458.00000000000233,98.316964,98.6,283.0359999999956,1
459,459.0000000000022,98.526191,98.6,73.80899999999713,1
460,460.00000000000233,98.735417,98.5,235.4169999999982,1
461,461.0000000000022,98.984167,98.93333333333334,50.833666666662225,1
462,462.00000000000233,99.232917,99.03333333333333,199.58366666666905,1
463,463.0000000000022,99.481667,99.4,81.66699999999594,1
464,464.00000000000233,99.730417,99.5,230.41700000000276,1
465,465.00000000000233,99.979167,99.56666666666666,412.500333333341,1
466,466.00000000000233,100.227917,98.63333333333334,1594.583666666665,1
467,467.0000000000022,100.476667,98.63333333333334,1843.3336666666662,1
468,468.00000000000233,100.725417,98.63333333333334,2092.0836666666532,1
469,469.0000000000022,100.974167,98.63333333333334,2340.833666666654,1
470,470.00000000000233,101.222917,98.76666666666667,2456.2503333333298,1
471,471.0000000000024,101.44375,99.0,2443.7499999999945,1
472,472.0000000000024,101.64375,98.26666666666667,3377.083333333331,1
473,473.00000000000233,101.84375,98.46666666666667,3377.083333333331,1
474,474.0000000000024,102.064583,98.73333333333333,3331.249666666665,1
475,475.0000000000024,102.263368,98.96666666666667,3296.701333333331,1
476,476.0000000000024,102.462153,98.23333333333333,4228.819666666666,1
477,477.00000000000244,102.660938,98.43333333333334,4227.604666666664,1
478,478.0000000000024,102.859722,98.46666666666667,4393.055333333336,1
479,479.0000000000024,103.058507,98.5,4558.507000000006,1
480,480.0000000000024,103.257292,98.36666666666666,4890.625333333347,1
481,481.00000000000233,103.50625,98.33333333333333,5172.916666666666,1
482,482.0000000000024,103.755209,98.5,5255.2089999999935,1
483,483.00000000000244,104.004167,98.23333333333333,5770.833666666661,1
484,484.0000000000024,104.171459,98.93333333333334,5238.125666666661,1
485,485.00000000000244,104.33875,99.03333333333333,5305.416666666673,1
486,486.00000000000244,104.506042,99.33333333333333,5172.7086666666655,1
487,487.0000000000024,104.673333,99.43333333333334,5239.999666666662,1
488,488.00000000000244,104.840625,99.53333333333333,5307.2916666666715,1
489,489.0000000000025,105.066667,99.73333333333333,5333.333666666661,1
490,490.00000000000244,105.229167,105.4,170.8330000000018,1
491,491.0000000000025,105.391667,105.6,208.3329999999961,1
492,492.0000000000025,105.64375,105.6,43.75000000000284,1
493,493.00000000000256,105.855469,105.8,55.46900000000221,1
494,494.0000000000025,106.067188,106.16666666666667,99.47866666666982,1
495,495.00000000000256,106.25781299999998,106.26666666666667,8.853666666681193,1
496,496.0000000000027,106.4625,106.4,62.5,1
497,497.00000000000256,106.667187,106.46666666666667,200.52033333332986,1
498,498.00000000000256,106.882291,106.8,82.2909999999979,1
499,499.0000000000027,107.109028,106.8,309.02799999999786,1
500,500.0000000000026,107.33576399999998,106.8,535.7639999999861,1
501,501.00000000000256,107.5625,106.8,762.5000000000028,1
502,502.0000000000027,107.78923600000002,106.8,989.2360000000195,1
503,503.0000000000026,108.015972,107.46666666666667,549.3053333333364,1
504,504.00000000000256,108.242708,107.76666666666667,476.04133333332754,1
505,505.0000000000026,108.503472,108.26666666666667,236.80533333333642,1
506,506.0000000000026,108.764236,108.5,264.2359999999968,1
507,507.00000000000273,109.025,108.86666666666666,158.33333333334565,1
508,508.0000000000027,109.205903,109.23333333333333,27.430333333327894,1
509,509.0000000000027,109.386806,109.43333333333334,46.527333333330034,1
510,510.0000000000026,109.567708,109.63333333333334,65.62533333334386,1
511,511.0000000000027,109.748611,109.86666666666666,118.05566666666323,1
512,512.0000000000026,109.92951399999998,110.06666666666666,137.15266666667958,1
513,513.0000000000026,110.110417,110.13333333333334,22.916333333341754,1
514,514.0000000000026,110.490972,110.36666666666666,124.30533333333926,1
515,515.0000000000026,110.871528,110.6,271.52800000000354,1
516,516.0000000000026,111.252083,110.8,452.0830000000018,1
517,517.0000000000026,111.40868,111.0,408.68000000000393,1
518,518.0000000000026,111.565278,111.6,34.72199999998793,1
519,519.0000000000026,111.721875,111.8,78.125,1
520,520.0000000000026,111.871875,111.93333333333334,61.45833333333428,1
521,521.0000000000026,112.021875,112.06666666666666,44.79166666666856,1
522,522.0000000000026,112.171875,112.13333333333334,38.541666666660035,1
523,523.0000000000026,112.396007,112.36666666666666,29.3403333333373,1
524,524.0000000000025,112.620139,112.6,20.13900000000035,1
525,525.0000000000026,112.844271,112.83333333333333,10.937666666677615,1
526,526.0000000000025,113.072743,113.03333333333333,39.40966666667123,1
527,527.0000000000026,113.30121499999998,113.26666666666667,34.54833333331919,1
528,528.0000000000026,113.529687,113.3,229.68699999999842,1
529,529.0000000000026,113.75816,113.7,58.16000000000088,1
530,530.0000000000026,113.986632,113.93333333333334,53.29866666666305,1
531,531.0000000000025,114.215104,114.2,15.103999999993789,1
532,532.0000000000025,114.898958,114.43333333333334,465.62466666665614,1
533,533.0000000000026,115.582813,114.63333333333334,949.4796666666616,1
534,534.0000000000026,116.266667,114.86666666666666,1400.0003333333382,1
535,534.9979166666692,116.424132,115.2,1224.1319999999973,1
536,535.9979166666691,116.581597,115.33333333333333,1248.2636666666735,1
537,537.0000000000024,116.739063,115.63333333333334,1105.7296666666616,1
538,537.9979166666689,116.896528,115.86666666666666,1029.8613333333435,1
539,538.9979166666687,117.053993,116.13333333333334,920.6596666666655,1
540,540.000000000002,117.211458,116.3,911.4579999999961,1
541,541.0000000000019,117.415625,116.43333333333334,982.2916666666686,1
542,542.000000000002,117.619792,116.73333333333333,886.4586666666696,1
543,543.0000000000019,117.833854,116.93333333333334,900.5206666666652,1
544,544.000000000002,118.036458,118.03333333333333,3.124666666664666,1
545,545.000000000002,118.160417,118.23333333333333,72.91633333333891,1
546,546.000000000002,118.370833,118.43333333333334,62.50033333333249,1
547,547.000000000002,118.515625,118.7,184.37500000000284,1
548,548.0000000000022,118.695833,118.9,204.16700000001242,1
549,549.0000000000022,118.867708,119.2,332.2920000000096,1
550,550.0000000000022,119.039583,119.1,60.41700000000105,1
551,551.0000000000022,119.211458,119.1,111.45799999999895,1
552,552.0000000000022,119.383334,119.1,283.33400000001063,1
553,553.0000000000023,119.552083,119.1,452.0830000000018,1
554,554.0000000000023,119.703125,119.1,603.1250000000057,1
555,555.0000000000023,119.863541,119.83333333333333,30.207666666669297,1
556,556.0000000000023,120.05625,120.03333333333333,22.916666666674246,1
557,557.0000000000023,120.211458,120.33333333333333,121.87533333333533,1
558,558.0000000000023,120.376042,120.33333333333333,42.708666666669615,1
559,559.0000000000023,120.539583,120.5,39.58299999999326,1
560,560.0000000000024,120.664583,120.63333333333334,31.249666666653297,1
561,561.0000000000025,120.834896,120.76666666666667,68.22933333333481,1
562,562.0000000000024,121.028125,121.0,28.125000000002842,1
563,563.0000000000025,121.203125,121.2,3.124999999997158,1
564,564.0000000000025,121.540625,121.46666666666667,73.95833333333712,1
565,565.0000000000025,121.726042,121.66666666666667,59.375333333335334,1
566,566.0000000000025,121.911458,121.9,11.45799999999042,1
567,567.0000000000025,122.10625,122.1,6.2500000000085265,1
568,568.0000000000025,122.307292,122.26666666666667,40.625333333338176,1
569,569.0000000000025,122.425,122.5,75.00000000000284,1
570,570.0000000000025,122.654167,122.73333333333333,79.16633333333323,1
571,571.0000000000026,122.790625,122.93333333333334,142.70833333333144,1
572,572.0000000000025,122.975,122.93333333333334,41.66666666665719,1
573,573.0000000000026,123.14375,123.5,356.25000000000284,1
574,574.0000000000028,123.335243,123.4,64.75700000000018,1
575,575.0000000000028,123.526736,123.6,73.26399999999467,1
576,576.0000000000028,123.718229,123.76666666666667,48.43766666667193,1
577,577.0000000000028,123.884375,123.83333333333333,51.04166666667709,1
578,578.0000000000028,124.039583,124.06666666666666,27.083666666669615,1
579,579.000000000003,124.207813,124.16666666666667,41.146333333330176,1
580,580.0000000000028,124.388542,124.4,11.458000000004631,1
581,581.000000000003,124.553125,124.56666666666666,13.541666666668561,1
582,582.000000000003,124.80625,124.8,6.2500000000085265,1
583,583.000000000003,125.016667,124.96666666666667,50.00033333332965,1
584,584.000000000003,125.197917,125.13333333333334,64.58366666666393,1
585,585.0000000000031,125.436459,125.33333333333333,103.12566666667067,1
586,586.0000000000031,125.759375,125.63333333333334,126.04166666666572,1
587,587.0000000000031,126.083333,125.93333333333334,149.99966666665898,1
588,588.0000000000031,126.820833,126.3,520.8329999999961,1
589,589.0000000000031,127.21875,126.53333333333333,685.4166666666686,1
590,590.0000000000031,127.413542,126.83333333333333,580.2086666666781,1
591,591.0000000000031,127.598958,127.06666666666666,532.2913333333332,1
592,592.0000000000031,127.817708,127.36666666666666,451.04133333333607,1
593,593.0000000000031,128.003125,127.6,403.12500000001705,1
594,594.0000000000031,128.25625,127.76666666666667,489.5833333333286,1
595,595.0000000000031,128.4625,128.5,37.499999999994316,1
596,596.0000000000031,128.667708,128.6,67.70800000001032,1
597,597.0000000000031,128.879167,128.83333333333334,45.83366666665256,1
598,598.0000000000031,129.089583,129.13333333333333,43.75033333332112,1
599,599.0000000000032,129.247917,129.36666666666667,118.74966666667319,1
600,600.0000000000031,129.46823,129.4,68.22999999999979,1
601,601.0000000000031,129.690625,129.73333333333332,42.7083333333087,1
602,602.0000000000031,129.841667,129.83333333333334,8.333666666658246,1
603,603.0000000000031,130.101042,130.03333333333333,67.7086666666753,1
604,604.0000000000032,130.339584,130.23333333333332,106.25066666668204,1
605,605.0000000000032,130.488541,130.5,11.459000000002106,1
606,606.0000000000033,130.715625,130.66666666666666,48.95833333333144,1
607,607.0000000000032,130.932292,130.9,32.291999999984,1
608,608.0000000000033,131.084375,131.23333333333332,148.95833333332575,1
609,609.0000000000033,131.296875,131.3,3.1250000000113687,1
610,610.0000000000033,131.504167,131.53333333333333,29.16633333333607,1
611,611.0000000000033,131.7,131.76666666666668,66.6666666666913,1
612,612.0000000000033,132.05,131.86666666666667,183.33333333333712,1
613,613.0000000000033,132.285417,132.33333333333334,47.91633333334744,1
614,614.0000000000033,132.473958,132.5,26.041999999989685,1
615,615.0000000000033,132.677083,132.56666666666666,110.41633333334744,1
616,616.0000000000033,132.79375,132.9,106.25000000001705,1
617,617.0000000000033,132.990625,133.1,109.375,1
618,618.0000000000033,133.307292,133.3,7.291999999978316,1
619,619.0000000000032,133.511458,133.53333333333333,21.875333333326807,1
620,620.0000000000033,133.67083300000002,133.8,129.16699999999537,1
621,621.0000000000033,133.888542,133.8,88.54199999998968,1
622,622.0000000000033,134.081945,134.1,18.05500000000393,1
623,623.0000000000032,134.275347,134.33333333333334,57.98633333333214,1
624,624.0000000000033,134.46875,134.43333333333334,35.41666666666288,1
625,625.0000000000033,134.679688,134.63333333333333,46.35466666667298,1
626,626.0000000000033,134.843229,134.86666666666667,23.437666666666246,1
627,627.0000000000034,135.049479,135.0,49.47899999999095,1
628,628.0000000000034,135.24948,135.2,49.480000000016844,1
629,629.0000000000033,135.394792,135.4,5.2080000000103155,1
630,630.0000000000034,135.634375,135.6,34.37500000001137,1
631,631.0000000000034,135.832292,135.8,32.291999999984,1
632,632.0000000000034,135.99375,135.96666666666667,27.083333333337123,1
633,633.0000000000034,136.233854,136.2,33.85400000001937,1
634,634.0000000000034,136.46979199999998,136.43333333333334,36.45866666664688,1
635,635.0000000000034,136.678646,136.66666666666666,11.979333333329123,1
636,636.0000000000035,137.08073000000002,136.9,180.73000000001116,1
637,637.0000000000035,137.3875,137.3,87.49999999997726,1
638,638.0000000000034,137.572917,137.53333333333333,39.583666666658246,1
639,639.0000000000035,137.710417,137.73333333333332,22.916333333313332,1
640,640.0000000000034,137.922396,137.86666666666667,55.729333333317754,1
641,641.0000000000035,138.088542,138.1,11.458000000004631,1
642,642.0000000000034,138.331771,138.3,31.770999999992,1
643,643.0000000000034,138.558333,138.53333333333333,24.999666666673193,1
644,644.0000000000034,138.705208,138.76666666666668,61.45866666668098,1
645,645.0000000000034,138.895833,138.93333333333334,37.50033333332681,1
646,646.0000000000034,139.08125,139.06666666666666,14.583333333348492,1
647,647.0000000000034,139.259375,139.23333333333332,26.041666666685614,1
648,648.0000000000034,139.459896,139.5,40.104000000013684,1
649,649.0000000000034,139.630208,139.63333333333333,3.1253333333154387,1
650,650.0000000000034,139.8125,139.83333333333334,20.833333333342807,1
651,651.0000000000034,140.044792,140.0,44.79200000000105,1
652,652.0000000000034,140.22343700000002,140.2,23.437000000029684,1
653,653.0000000000035,140.415625,140.36666666666667,48.95833333333144,1
654,654.0000000000034,140.619792,140.6,19.79199999999537,1
655,655.0000000000034,140.8125,140.83333333333334,20.833333333342807,1
656,656.0000000000034,140.990625,141.06666666666666,76.04166666666856,1
657,657.0000000000034,141.2,141.3,100.00000000002274,1
658,658.0000000000034,141.397917,141.36666666666667,31.25033333333249,1
659,659.0000000000034,141.632813,141.53333333333333,99.4796666666673,1
660,660.0000000000031,141.99843700000002,141.8,198.43700000001263,1
661,661.0000000000032,142.271875,142.16666666666666,105.20833333333712,1
662,662.0000000000033,142.465625,142.4,65.62499999998295,1
663,663.0000000000033,142.73333300000004,142.66666666666666,66.66633333338723,1
664,664.0000000000031,143.015625,142.86666666666667,148.95833333332575,1
665,665.000000000003,143.2,143.16666666666666,33.33333333333144,1
666,666.0000000000028,143.457292,143.4,57.291999999989685,1
667,667.000000000003,143.720833,143.63333333333333,87.49966666667319,1
668,668.000000000003,143.88958300000004,143.86666666666667,22.916333333370176,1
669,669.0000000000028,144.07968799999998,144.1,20.312000000018315,1
670,670.0000000000028,144.29375,144.23333333333332,60.41666666666856,1
671,671.0000000000025,144.464583,144.4,64.58299999999895,1
672,672.0000000000023,144.675,144.63333333333333,41.666666666685614,1
673,673.0000000000023,144.86406200000005,144.83333333333334,30.72866666670393,1
674,674.0000000000023,145.022396,145.06666666666666,44.27066666667656,1
675,675.0000000000022,145.25104199999996,145.3,48.95800000005579,1
676,676.0000000000016,145.46718700000002,145.4,67.18700000001832,1
677,677.0000000000016,145.73541699999996,145.66666666666666,68.75033333329839,1
678,678.0000000000016,145.95781200000005,145.86666666666667,91.14533333337249,1
679,679.0000000000015,146.207031,146.1,107.03100000000632,1
680,680.0000000000016,146.45625,146.4,56.250000000005684,1
681,681.0000000000015,146.671875,146.63333333333333,38.541666666674246,1
682,682.0000000000015,146.93854199999996,146.83333333333334,105.20866666661277,1
683,683.0000000000015,147.186979,147.13333333333333,53.645666666682246,1
684,684.0000000000014,147.701042,147.4,301.04199999999537,1
685,685.0000000000015,147.959375,147.66666666666666,292.7083333333371,1
686,686.0000000000015,148.15573,148.1,55.73000000001116,1
687,687.0000000000013,148.378125,148.33333333333334,44.79166666666856,1
688,688.0000000000013,148.573958,148.53333333333333,40.62466666667319,1
689,689.0000000000013,148.742708,148.73333333333332,9.374666666673193,1
690,690.000000000001,148.960417,148.9,60.41700000000105,1
691,691.0000000000011,149.1875,149.16666666666666,20.833333333342807,1
692,692.0000000000011,149.323958,149.36666666666667,42.708666666669615,1
693,693.000000000001,149.535417,149.56666666666666,31.24966666666751,1
694,694.0000000000011,149.728125,149.73333333333332,5.2083333333143855,1
695,695.000000000001,149.897917,149.93333333333334,35.416333333330385,1
696,696.000000000001,150.059896,150.1,40.10399999998526,1
697,697.0000000000013,150.279167,150.36666666666667,87.49966666667319,1
698,698.0000000000008,150.446354,150.6,153.64599999998063,1
699,699.0000000000008,150.678125,150.83333333333334,155.2083333333485,1
700,700.0000000000008,150.85625,150.86666666666667,10.416666666685614,1
701,701.0000000000007,151.023958,150.93333333333334,90.62466666665614,1
702,702.0000000000007,151.334375,151.2,134.37500000000568,1
703,703.0000000000007,151.513542,151.46666666666667,46.87533333333249,1
704,704.0000000000007,151.692708,151.7,7.291999999978316,1
705,705.0000000000007,151.896354,151.9,3.6460000000033688,1
706,706.0000000000006,152.113542,152.1,13.542000000001053,1
707,707.0000000000005,152.290104,152.26666666666668,23.437333333333754,1
708,708.0000000000005,152.664583,152.46666666666667,197.9163333333247,1
709,709.0000000000003,152.95416699999996,152.83333333333334,120.83366666661277,1
710,710.0000000000005,153.182292,153.1,82.29199999999537,1
711,711.0000000000005,153.38958300000004,153.33333333333334,56.249666666701614,1
712,712.0000000000002,153.653125,153.56666666666666,86.45833333332575,1
713,713.0000000000005,153.86041699999996,153.8,60.41699999994421,1
714,714.0000000000002,154.097917,154.03333333333333,64.58366666666393,1
715,715.0000000000002,154.314583,154.26666666666668,47.91633333331902,1
716,716.0000000000002,154.490625,154.5,9.375000000005684,1
717,717.0000000000001,154.68802,154.73333333333332,45.313333333325545,1
718,718.0000000000001,154.930208,154.9,30.207999999987578,1
719,719.0,155.10468799999995,155.06666666666666,38.021333333290386,1
720,719.9999999999999,155.29791699999996,155.26666666666668,31.25033333327565,1
721,721.0000000000001,155.4875,155.43333333333334,54.166666666674246,1
722,721.9999999999998,155.66093700000005,155.66666666666666,5.729666666610456,1
723,722.9999999999994,155.83281200000005,155.8,32.81200000003537,1
724,723.9999999999997,156.010417,156.03333333333333,22.916333333341754,1
725,724.9999999999999,156.18125,156.16666666666666,14.583333333348492,1
726,725.9999999999999,156.345833,156.46666666666667,120.83366666666961,1
727,726.9999999999997,156.54375,156.73333333333332,189.58333333333144,1
728,727.9999999999995,156.62395800000004,156.96666666666667,342.70866666662414,1
729,728.9999999999998,156.863541,157.23333333333332,369.7923333333222,1
730,729.9999999999993,157.060417,157.03333333333333,27.083666666669615,1
731,730.9999999999993,157.20416699999996,157.23333333333332,29.16633333336449,1
732,731.9999999999992,157.410416,157.33333333333334,77.08266666665509,1
733,732.999999999999,157.60833300000004,157.56666666666666,41.666333333381544,1
734,733.9999999999992,157.736458,157.76666666666668,30.208666666680983,1
735,734.9999999999986,158.054688,158.03333333333333,21.3546666666673,1
736,735.9999999999989,158.244792,158.23333333333332,11.458666666669615,1
737,736.9999999999992,158.446875,158.43333333333334,13.541666666668561,1
738,737.999999999999,158.617708,158.66666666666666,48.95866666666393,1
739,738.999999999999,158.76875,158.83333333333334,64.58333333333144,1
740,739.999999999999,158.869791,159.0,130.2090000000078,1
741,740.9999999999986,159.101563,159.23333333333332,131.77033333332133,1
742,741.9999999999987,159.307292,159.3,7.291999999978316,1
743,742.9999999999986,159.5125,159.53333333333333,20.833333333342807,1
744,743.9999999999985,159.806771,159.7,106.77100000000905,1
745,744.9999999999985,159.98932299999996,159.96666666666667,22.656333333287648,1
746,745.9999999999983,160.171875,160.2,28.12499999998863,1
747,746.9999999999985,160.388542,160.43333333333334,44.79133333333607,1
748,747.9999999999985,160.56354199999996,160.66666666666666,103.12466666670161,1
749,748.9999999999985,160.7375,160.83333333333334,95.83333333333144,1
750,749.9999999999982,160.925,160.93333333333334,8.333333333325754,1
751,750.9999999999982,161.1125,161.13333333333333,20.833333333314386,1
752,751.9999999999982,161.3,161.43333333333334,133.33333333332575,1
753,752.9999999999984,161.519271,161.46666666666667,52.60433333333481,1
754,753.9999999999981,161.679167,161.7,20.832999999981894,1
755,754.999999999998,161.867708,161.86666666666667,1.0413333333190167,1
756,755.999999999998,162.04583300000004,162.03333333333333,12.499666666712983,1
757,756.9999999999977,162.238541,162.26666666666668,28.125666666682037,1
758,757.9999999999976,162.43125,162.5,68.74999999999432,1
759,758.9999999999978,162.620834,162.73333333333332,112.49933333331796,1
760,759.9999999999977,162.788542,162.86666666666667,78.12466666666751,1
761,760.9999999999978,162.959375,163.0,40.625000000005684,1
762,761.9999999999975,163.15,163.16666666666666,16.66666666665151,1
763,762.9999999999975,163.328646,163.4,71.35400000001368,1
764,763.9999999999977,163.507292,163.63333333333333,126.04133333331902,1
765,764.9999999999977,163.703125,163.63333333333333,69.79166666667425,1
766,765.9999999999974,163.871875,163.86666666666667,5.2083333333143855,1
767,766.9999999999972,164.066667,164.03333333333333,33.33366666666393,1
768,767.999999999997,164.294792,164.26666666666668,28.125333333321123,1
769,768.9999999999969,164.496354,164.46666666666667,29.68733333332807,1
770,769.999999999997,164.697917,164.7,2.082999999998947,1
771,770.999999999997,164.93854199999996,164.93333333333334,5.208666666618456,1
772,771.9999999999972,165.122917,165.16666666666666,43.74966666665614,1
773,772.9999999999967,165.308333,165.36666666666667,58.333666666669615,1
774,773.9999999999967,165.48125,165.63333333333333,152.08333333333712,1
775,774.9999999999966,165.675,165.9,224.99999999999432,1
776,775.9999999999965,165.84375,166.1,256.2499999999943,1
777,776.9999999999965,166.03020800000004,166.33333333333334,303.1253333332984,1
778,777.9999999999964,166.221875,166.56666666666666,344.7916666666515,1
779,778.9999999999962,166.41875,166.46666666666667,47.91666666667993,1
780,779.9999999999964,166.62968700000005,166.7,70.3129999999419,1
781,780.9999999999959,166.884722,166.9,15.277999999995018,1
782,781.9999999999962,167.139757,167.1,39.7570000000087,1
783,782.9999999999964,167.394792,167.7,305.20799999999326,1
784,783.9999999999961,167.732292,167.73333333333332,1.0413333333190167,1
785,784.999999999996,168.069792,167.73333333333332,336.45866666668667,1
786,785.9999999999962,168.40729199999996,167.73333333333332,673.9586666666355,1
787,786.9999999999961,168.744792,167.73333333333332,1011.4586666666696,1
788,787.9999999999964,169.082292,167.73333333333332,1348.9586666666753,1
789,788.9999999999962,169.419792,167.73333333333332,1686.458666666681,1
790,789.9999999999961,169.757292,167.73333333333332,2023.9586666666867,1
791,790.9999999999961,170.09479199999996,167.73333333333332,2361.4586666666355,1
792,791.999999999996,170.432292,167.73333333333332,2698.9586666666696,1
793,792.9999999999977,170.815972,167.73333333333332,3082.6386666666676,1
794,793.9999999999976,171.199653,167.73333333333332,3466.319666666692,1
795,794.9999999999977,171.583333,169.33333333333334,2249.9996666666675,1
796,795.9999999999977,172.04609399999995,169.6,2446.0939999999596,1
797,796.9999999999976,172.508854,170.83333333333334,1675.5206666666709,1
798,797.9999999999977,172.971615,171.1,1871.6150000000198,1
799,798.9999999999976,173.434375,171.66666666666666,1767.7083333333314,1
800,799.9999999999976,173.930208,171.9,2030.2079999999876,1
801,800.9999999999976,174.298958,172.13333333333333,2165.624666666673,1
802,801.9999999999975,174.613542,172.33333333333334,2280.208666666653,1
803,802.9999999999976,174.925,172.6,2325.0000000000173,1
804,803.9999999999976,175.398958,172.83333333333334,2565.6246666666502,1
805,804.9999999999976,175.750347,173.06666666666666,2683.680333333342,1
806,805.9999999999977,176.10173600000005,174.73333333333332,1368.402666666725,1
807,806.9999999999976,176.453125,175.06666666666666,1386.4583333333371,1
808,807.9999999999976,176.90520800000004,175.53333333333333,1371.874666666713,1
809,808.9999999999977,177.357292,175.76666666666668,1590.6253333333211,1
810,809.9999999999976,177.809375,175.96666666666667,1842.70833333332,1
811,810.9999999999976,178.261458,176.13333333333333,2128.124666666679,1
812,811.9999999999975,178.709375,176.53333333333333,2176.041666666663,1
813,812.9999999999972,179.054167,176.76666666666668,2287.500333333327,1
814,813.9999999999974,179.354167,177.23333333333332,2120.8336666666696,1
815,814.9999999999975,179.784896,173.7,6084.896000000015,1
816,815.9999999999972,180.215625,174.06666666666666,6148.958333333326,1
817,816.9999999999974,180.6,174.5,6099.9999999999945,1
818,817.9999999999974,180.984375,174.76666666666668,6217.70833333332,1
819,818.9999999999972,181.36875,174.93333333333334,6435.416666666669,1
820,819.9999999999974,181.753125,175.53333333333333,6219.79166666668,1
821,820.999999999997,182.1375,175.73333333333332,6404.166666666669,1
822,821.9999999999972,182.641667,176.0,6641.667000000012,1
823,822.9999999999972,183.022049,176.23333333333332,6788.71566666669,1
824,823.9999999999972,183.402431,176.36666666666667,7035.764333333333,1
825,824.9999999999972,183.782813,176.36666666666667,7416.14633333333,1
826,825.9999999999972,184.163194,176.36666666666667,7796.52733333333,1
827,826.9999999999972,184.543576,176.36666666666667,8176.909333333328,1
828,827.9999999999972,184.923958,176.36666666666667,8557.291333333325,1
829,828.9999999999972,185.283854,176.36666666666667,8917.187333333317,1
830,829.999999999997,185.64375,176.36666666666667,9277.083333333338,1
831,830.9999999999974,186.032292,176.43333333333334,9598.958666666675,1
832,831.9999999999972,186.271614,176.63333333333333,9638.280666666673,1
833,832.9999999999969,186.510938,176.86666666666667,9644.271333333336,1
834,833.9999999999969,186.829167,183.26666666666668,3562.5003333333325,1
835,834.999999999997,187.047656,186.2,847.6560000000006,1
836,835.9999999999969,187.266145,186.43333333333334,832.8116666666574,1
837,836.9999999999969,187.617188,186.66666666666666,950.5213333333415,1
838,837.9999999999967,187.916362,186.96666666666667,949.6953333333238,1
839,838.9999999999967,188.214583,187.16666666666666,1047.9163333333474,1
840,839.9999999999967,188.473958,187.46666666666667,1007.2913333333418,1
841,840.9999999999965,189.484375,187.73333333333332,1751.04166666668,1
842,841.9999999999966,189.757292,187.93333333333334,1823.9586666666696,1
843,842.9999999999964,189.982292,188.3,1682.2919999999897,1
844,843.9999999999966,190.201042,188.63333333333333,1567.7086666666753,1
845,844.9999999999966,190.409375,188.76666666666668,1642.7083333333314,1
846,845.9999999999966,190.621875,189.0,1621.8749999999886,1
847,846.9999999999966,190.836458,189.26666666666668,1569.7913333333133,1
848,847.9999999999966,191.147917,189.5,1647.9170000000067,1
849,848.9999999999965,191.707292,189.66666666666666,2040.6253333333382,1
850,849.9999999999967,192.263542,189.9,2363.5419999999954,1
851,850.9999999999967,192.819792,190.13333333333333,2686.458666666681,1
852,851.9999999999967,193.376042,190.36666666666667,3009.375333333338,1
853,852.9999999999966,193.768056,190.63333333333333,3134.7226666666757,1
854,853.9999999999967,194.160069,190.86666666666667,3293.402333333319,1
855,854.9999999999965,194.552083,190.86666666666667,3685.4163333333363,1
856,855.9999999999966,195.013802,193.73333333333332,1280.4686666666782,1
857,856.9999999999966,195.47552,193.73333333333332,1742.1866666666688,1
858,857.9999999999966,195.937239,194.43333333333334,1503.9056666666681,1
859,858.9999999999966,196.398958,194.7,1698.9580000000046,1
860,859.9999999999965,196.858333,194.9,1958.332999999982,1
861,860.9999999999965,197.205208,195.13333333333333,2071.874666666673,1
862,861.9999999999967,197.485417,195.36666666666667,2118.750333333338,1
863,862.9999999999967,197.754167,195.56666666666666,2187.5003333333325,1
864,863.9999999999967,198.136458,195.8,2336.4579999999933,1
865,864.9999999999968,198.46493,196.06666666666666,2398.263333333347,1
866,865.9999999999965,198.793403,197.66666666666666,1126.7363333333549,1
867,866.9999999999965,199.121875,197.9,1221.874999999983,1
868,867.9999999999966,199.563021,198.3,1263.0209999999806,1
869,868.9999999999966,200.004166,198.56666666666666,1437.499333333335,1
870,869.9999999999966,200.445312,198.8,1645.31199999999,1
871,870.9999999999966,200.886458,199.26666666666668,1619.7913333333247,1
872,871.9999999999967,201.30625,199.5,1806.2500000000057,1
873,872.9999999999967,201.610417,199.7,1910.4170000000238,1
874,873.9999999999967,201.896875,199.9,1996.8749999999886,1
875,874.9999999999967,202.279427,196.6,5679.427000000004,1
876,875.9999999999967,202.661979,197.0,5661.979000000002,1
877,876.9999999999967,203.265625,197.4,5865.6249999999945,1
878,877.9999999999967,203.534375,197.66666666666666,5867.708333333354,1
879,878.9999999999967,203.939583,197.83333333333334,6106.249666666656,1
880,879.9999999999967,204.311805,198.03333333333333,6278.471666666661,1
881,880.9999999999967,204.684028,198.26666666666668,6417.361333333332,1
882,881.9999999999967,205.05625,198.5,6556.2500000000055,1
883,882.9999999999967,205.472396,198.73333333333332,6739.062666666683,1
884,883.9999999999967,205.888542,198.96666666666667,6921.8753333333325,1
885,884.9999999999967,206.394271,199.03333333333333,7360.937666666672,1
886,885.9999999999967,206.774421,199.16666666666666,7607.754333333332,1
887,886.9999999999967,207.154572,205.43333333333334,1721.2386666666646,1
888,887.9999999999967,207.534722,205.96666666666667,1568.0553333333194,1
889,888.9999999999967,207.914873,206.23333333333332,1681.53966666668,1
890,889.9999999999967,208.295023,206.5,1795.0229999999863,1
891,890.9999999999967,208.675174,206.8,1875.173999999987,1
892,891.9999999999967,209.055324,207.2,1855.3240000000244,1
893,892.9999999999967,209.435475,207.46666666666667,1968.8083333333282,1
894,893.9999999999967,209.815625,207.7,2115.6250000000227,1
895,894.9999999999967,210.137351,207.9,2237.3509999999897,1
896,895.9999999999967,210.459077,207.86666666666667,2592.4103333333333,1
897,896.9999999999968,210.780803,208.06666666666666,2714.136333333329,1
898,897.9999999999968,211.10253,208.1,3002.530000000007,1
899,898.9999999999967,211.424256,208.46666666666667,2957.589333333345,1
900,899.9999999999967,211.745982,207.03333333333333,4712.648666666666,1
901,900.9999999999968,212.067708,207.26666666666668,4801.041333333331,1
902,901.9999999999967,212.432292,207.46666666666667,4965.625333333321,1
903,902.9999999999966,212.670833,207.46666666666667,5204.166333333319,1
904,903.9979166666633,212.778125,208.03333333333333,4744.791666666657,1
905,904.9999999999966,213.332812,208.26666666666668,5066.14533333331,1
906,905.9999999999966,213.689063,208.46666666666667,5222.396333333336,1
907,906.9999999999966,213.694792,208.53333333333333,5161.4586666666755,1
908,907.9999999999964,214.185417,208.53333333333333,5652.083666666669,1
909,908.9999999999964,214.515625,208.8,5715.624999999989,1
910,909.9999999999965,214.734635,209.0,5734.6349999999975,1
911,910.9999999999964,214.953646,207.06666666666666,7886.979333333329,1
912,911.9999999999964,215.305208,207.33333333333334,7971.87466666665,1
913,912.9999999999964,215.586701,207.6,7986.701000000011,1
914,913.9999999999961,215.880729,207.83333333333334,8047.39566666666,1
915,914.9999999999961,216.391146,215.1,1291.1459999999977,1
916,915.9999999999961,216.737847,215.33333333333334,1404.5136666666451,1
917,916.9999999999961,217.084549,215.73333333333332,1351.2156666666897,1
918,917.9999999999961,217.43125,216.03333333333333,1397.9166666666742,1
919,918.9999999999961,217.927604,216.3,1627.603999999991,1
920,919.9999999999961,218.423958,216.56666666666666,1857.291333333336,1
921,920.9999999999959,218.758333,216.83333333333334,1924.9996666666505,1
922,921.9999999999959,219.023958,217.1,1923.957999999999,1
923,922.9999999999958,219.3,217.3,2000.0,1
924,923.9999999999956,219.766667,218.0,1766.6670000000124,1
925,924.9999999999956,220.617708,218.9,1717.7079999999876,1
926,925.9999999999956,221.136458,219.16666666666666,1969.7913333333474,1
927,926.9999999999956,221.715625,219.4,2315.6249999999827,1
928,927.9999999999956,222.163021,219.7,2463.020999999998,1
929,928.9999999999953,222.433334,219.9,2533.333999999996,1
930,929.9999999999953,222.714583,220.13333333333333,2581.249666666679,1
931,930.9999999999953,223.014062,220.36666666666667,2647.395333333321,1
932,931.9999999999953,223.239062,222.06666666666666,1172.395333333327,1
933,932.9999999999952,223.49375,222.3,1193.7499999999943,1
934,933.9999999999952,223.764583,221.06666666666666,2697.9163333333245,1
935,934.9999999999952,223.966146,223.1,866.1460000000147,1
936,935.9999999999952,224.235938,223.36666666666667,869.2713333333302,1
937,936.9999999999952,224.4875,223.66666666666666,820.8333333333542,1
938,937.9999999999951,224.70625,223.9,806.2500000000057,1
939,938.9999999999951,224.971354,224.13333333333333,838.0206666666652,1
940,939.9999999999951,225.236979,224.33333333333334,903.6456666666481,1
941,940.999999999995,225.41875,224.63333333333333,785.4166666666629,1
942,941.999999999995,225.66875,224.86666666666667,802.0833333333144,1
943,942.999999999995,225.904167,225.1,804.1670000000067,1
944,943.999999999995,226.125,225.36666666666667,758.3333333333258,1
945,944.999999999995,226.366146,225.6,766.145999999992,1
946,945.9999999999949,226.615625,225.83333333333334,782.2916666666515,1
947,946.9999999999948,226.784896,226.03333333333333,751.5626666666719,1
948,947.9999999999949,227.039063,226.26666666666668,772.3963333333188,1
949,948.9999999999948,227.2875,226.5,787.4999999999943,1
950,949.9999999999948,227.498437,226.73333333333332,765.1036666666755,1
951,950.9999999999948,227.765625,226.93333333333334,832.2916666666629,1
952,951.9999999999947,228.021875,227.23333333333332,788.5416666666742,1
953,952.9999999999947,228.206771,227.43333333333334,773.4376666666662,1
954,953.9999999999947,228.452083,227.63333333333333,818.7496666666618,1
955,954.9999999999947,228.699479,227.86666666666667,832.8123333333224,1
956,955.9999999999947,228.916666,228.13333333333333,783.3326666666665,1
957,956.9999999999947,229.154687,228.36666666666667,788.0203333333213,1
958,957.9999999999945,229.406771,228.63333333333333,773.4376666666662,1
959,958.9999999999944,229.592708,228.86666666666667,726.0413333333133,1
960,959.9999999999945,229.841667,229.06666666666666,775.0003333333382,1
961,960.9999999999944,230.092187,229.3,792.1869999999842,1
962,961.9999999999944,230.304688,229.53333333333333,771.3546666666673,1
963,962.9999999999944,230.560417,229.76666666666668,793.7503333333211,1
964,963.9999999999944,230.792709,230.0,792.7090000000021,1
965,964.9999999999943,230.971875,230.26666666666668,705.2083333333314,1
966,965.9999999999943,231.202083,230.43333333333334,768.7496666666505,1
967,966.9999999999943,231.454688,230.7,754.6880000000158,1
968,967.9999999999942,231.676562,230.9,776.5619999999842,1
969,968.9999999999942,231.94427,231.13333333333333,810.9366666666631,1
970,969.9999999999942,232.228646,231.36666666666667,861.9793333333234,1
971,970.9999999999941,232.44166600000003,231.6,841.666000000032,1
972,971.9999999999941,232.797917,231.8,997.917000000001,1
973,972.9999999999941,233.189063,232.06666666666666,1122.3963333333415,1
974,973.9999999999941,233.583855,232.3,1283.8549999999884,1
975,974.9999999999941,234.09375,232.6,1493.7500000000057,1
976,975.9999999999941,234.552604,232.9,1652.6039999999966,1
977,976.9999999999939,234.788021,233.33333333333334,1454.6876666666435,1
978,977.9999999999941,235.074479,233.7,1374.479000000008,1
979,978.9999999999939,235.339584,234.2,1139.5840000000135,1
980,979.9999999999939,235.552084,234.46666666666667,1085.4173333333392,1
981,980.9999999999939,235.817708,234.9,917.7080000000046,1
982,981.9999999999939,236.061458,235.16666666666666,894.7913333333304,1
983,982.9999999999937,236.246875,235.46666666666667,780.2083333333201,1
984,983.9999999999939,236.478125,235.66666666666666,811.4583333333485,1
985,984.9999999999937,236.714063,235.93333333333334,780.729666666673,1
986,985.9999999999937,236.925,236.2,725.0000000000227,1
987,986.9999999999937,237.173958,236.43333333333334,740.6246666666618,1
988,987.9999999999935,237.416667,236.66666666666666,750.0003333333325,1
989,988.9999999999935,237.60625,236.86666666666667,739.5833333333144,1
990,989.9999999999935,237.832292,237.1,732.292000000001,1
991,990.9999999999935,238.08125,237.3,781.25,1
992,991.9999999999935,238.317187,237.56666666666666,750.520333333327,1
993,992.9999999999934,238.603646,237.76666666666668,836.9793333333178,1
994,993.9999999999934,238.905208,237.96666666666667,938.541333333319,1
995,994.9999999999933,239.18698,238.26666666666668,920.3133333333255,1
996,995.9999999999933,239.547917,238.46666666666667,1081.2503333333439,1
997,996.9999999999934,240.029167,238.73333333333332,1295.833666666681,1
998,997.9999999999932,240.640625,239.0,1640.625,1
999,998.9999999999932,241.6625,239.4,2262.4999999999886,1
1000,999.9999999999887,242.088542,239.63333333333333,2455.2086666666637,1
1001,1000.999999999989,242.308333,239.86666666666667,2441.6663333333304,1
1002,1001.999999999989,242.514062,240.0,2514.0619999999954,1
1003,1002.9999999999891,242.729167,240.16666666666666,2562.5003333333325,1
1004,1003.9999999999891,242.927605,240.4,2527.604999999994,1
1005,1004.9999999999891,243.117708,240.63333333333333,2484.3746666666675,1
1006,1005.9999999999892,243.326042,240.86666666666667,2459.375333333327,1
1007,1006.9999999999892,243.503646,241.06666666666666,2436.9793333333405,1
1008,1007.9999999999893,243.721354,241.33333333333334,2388.020666666648,1
1009,1008.9999999999893,243.938542,241.53333333333333,2405.208666666681,1
1010,1009.9999999999893,244.110417,243.5,610.4170000000124,1
1011,1010.9999999999894,244.300521,243.7,600.5210000000147,1
1012,1011.9999999999894,244.501042,243.9,601.0420000000067,1
1013,1012.9999999999895,244.676562,244.1,576.5619999999956,1
1014,1013.9999999999895,244.869792,244.3,569.7919999999783,1
1015,1014.9999999999895,245.083333,244.5,583.3330000000103,1
1016,1015.9999999999898,245.23854100000003,244.73333333333332,505.20766666670625,1
1017,1016.9999999999898,245.428646,244.86666666666667,561.9793333333121,1
1018,1017.9999999999899,245.633333,245.03333333333333,599.9996666666618,1
1019,1018.9999999999899,245.817708,245.26666666666668,551.0413333333304,1
1020,1019.9999999999899,246.027083,245.4,627.082999999999,1
1021,1020.9999999999901,246.241667,245.56666666666666,675.0003333333439,1
1022,1021.9999999999901,246.44375,245.76666666666668,677.0833333333144,1
1023,1022.9999999999902,246.66875,245.96666666666667,702.0833333333201,1
1024,1023.9999999999902,246.902083,246.2,702.083000000016,1
1025,1024.9999999999902,247.07239500000003,246.4,672.395000000023,1
1026,1025.9999999999902,247.2625,246.63333333333333,629.1666666666629,1
1027,1026.9999999999902,247.465625,246.86666666666667,598.9583333333144,1
1028,1027.9999999999905,247.646354,247.06666666666666,579.6873333333394,1
1029,1028.9999999999905,247.834375,247.23333333333332,601.0416666666742,1
1030,1029.9999999999905,248.04375,247.43333333333334,610.4166666666515,1
1031,1030.9999999999907,248.199479,247.63333333333333,566.1456666666709,1
1032,1031.9999999999907,248.4125,247.8,612.499999999983,1
1033,1032.9999999999907,248.584375,248.0,584.3749999999943,1
1034,1033.9999999999907,248.761458,248.2,561.458000000016,1
1035,1034.9999999999907,248.96927,248.4,569.2699999999888,1
1036,1035.999999999991,249.183333,248.56666666666666,616.6663333333418,1
1037,1036.999999999991,249.334895,248.8,534.8949999999775,1
1038,1037.9999999999911,249.507813,248.93333333333334,574.4796666666616,1
1039,1038.9999999999911,249.726042,249.13333333333333,592.708666666681,1
1040,1039.9999999999911,249.871875,249.3,571.8749999999773,1
1041,1040.9999999999911,250.053646,249.56666666666666,486.97933333332344,1
1042,1041.9999999999911,250.247917,249.66666666666666,581.2503333333439,1
1043,1042.9999999999914,250.422395,249.9,522.3949999999888,1
1044,1043.9999999999914,250.614583,250.1,514.583000000016,1
1045,1044.9999999999914,250.803646,250.2,603.6459999999977,1
1046,1045.9999999999916,250.992708,250.4,592.7079999999876,1
1047,1046.9999999999916,251.217187,250.56666666666666,650.5203333333327,1
1048,1047.9999999999916,251.426042,250.8,626.041999999984,1
1049,1048.9999999999916,251.597917,250.93333333333334,664.5836666666582,1
1050,1049.9999999999916,251.791666,251.2,591.6660000000036,1
1051,1050.9999999999918,251.986458,251.4,586.4579999999933,1
1052,1051.9999999999918,252.148958,251.56666666666666,582.2913333333304,1
1053,1052.9999999999918,252.35,251.7,650.0000000000057,1
1054,1053.9999999999918,252.56875,251.93333333333334,635.4166666666572,1
1055,1054.9999999999918,252.736458,252.13333333333333,603.1246666666732,1
1056,1055.999999999992,252.928125,252.3,628.124999999983,1
1057,1056.999999999992,253.092708,252.5,592.7079999999876,1
1058,1057.9999999999923,253.278125,252.73333333333332,544.7916666666686,1
1059,1058.9999999999923,253.466667,252.93333333333334,533.3336666666639,1
1060,1059.9999999999916,253.678646,253.1,578.645999999992,1
1061,1060.9999999999916,253.83229100000003,253.3,532.291000000015,1
1062,1061.9999999999916,254.024479,253.46666666666667,557.8123333333451,1
1063,1062.9999999999916,254.229688,253.63333333333333,596.3546666666844,1
1064,1063.9999999999916,254.388542,253.86666666666667,521.8753333333268,1
1065,1064.9999999999916,254.588542,254.03333333333333,555.2086666666582,1
1066,1065.9999999999916,254.822917,254.23333333333332,589.5836666666696,1
1067,1066.9999999999916,254.989583,254.36666666666667,622.9163333333361,1
1068,1067.9999999999916,255.179167,254.56666666666666,612.5003333333439,1
1069,1068.9999999999916,255.35,254.76666666666668,583.3333333333144,1
1070,1069.9999999999916,255.535417,255.0,535.4169999999954,1
1071,1070.9999999999916,255.751042,255.13333333333333,617.7086666666867,1
1072,1071.9999999999916,256.016667,255.36666666666667,650.0003333333098,1
1073,1072.9999999999916,256.2,255.53333333333333,666.6666666666572,1
1074,1073.9999999999916,256.390625,255.76666666666668,623.9583333333201,1
1075,1074.9999999999916,256.570833,256.0,570.8329999999933,1
1076,1075.9999999999916,256.754167,256.2,554.1670000000067,1
1077,1076.9999999999916,256.954167,256.4,554.1670000000067,1
1078,1077.9999999999916,257.145833,256.6333333333333,512.4996666666561,1
1079,1078.9999999999916,257.339583,256.76666666666665,572.9163333333531,1
1080,1079.9999999999916,257.513542,256.93333333333334,580.2086666666355,1
1081,1080.9999999999916,257.696875,257.1666666666667,530.2083333332916,1
1082,1081.9999999999916,257.888542,257.4,488.54199999999537,1
1083,1082.9999999999916,258.05625,257.93333333333334,122.91666666664014,1
1084,1083.9999999999916,258.232292,257.96666666666664,265.6253333333325,1
1085,1084.9999999999916,258.419792,257.8666666666667,553.1253333332984,1
1086,1085.9999999999916,258.595833,258.06666666666666,529.1663333333645,1
1087,1086.9999999999916,258.78125,258.1,681.2499999999773,1
1088,1087.9999999999916,259.003125,258.1,903.1249999999886,1
1089,1088.9999999999916,259.008333,258.6333333333333,374.9996666666675,1
1090,1089.9999999999916,259.31701400000003,258.76666666666665,550.3473333333773,1
1091,1090.9999999999916,259.625694,258.8333333333333,792.3606666666956,1
1092,1091.9999999999916,259.934375,258.8333333333333,1101.0416666666742,1
1093,1092.9999999999918,260.243056,259.1,1143.0560000000014,1
1094,1093.9999999999918,260.551736,259.3333333333333,1218.402666666691,1
1095,1094.9999999999918,260.860417,259.5,1360.416999999984,1
1096,1095.9999999999955,261.254861,259.7,1554.8610000000167,1
1097,1096.9999999999955,261.649306,259.96666666666664,1682.639333333384,1
1098,1097.9999999999955,262.04375,260.73333333333335,1310.4166666666401,1
1099,1098.9999999999955,262.476563,261.0,1476.5629999999987,1
1100,1099.9999999999955,262.909375,261.23333333333335,1676.0416666666629,1
1101,1100.9999999999955,263.342188,261.43333333333334,1908.8546666666844,1
1102,1101.9999999999955,263.775,262.1333333333333,1641.6666666666515,1
1103,1102.9999999999952,264.215625,262.4,1815.6250000000114,1
1104,1103.9999999999952,264.5625,262.6333333333333,1929.1666666666742,1
1105,1104.9999999999952,264.854167,262.8666666666667,1987.5003333333439,1
1106,1105.9999999999952,265.207813,263.1333333333333,2074.4796666666616,1
1107,1106.9999999999952,265.561458,263.3666666666667,2194.7913333333418,1
1108,1107.9999999999952,265.88125,263.56666666666666,2314.58333333336,1
1109,1108.9999999999952,266.20104100000003,265.0,1201.041000000032,1
1110,1109.9999999999952,266.520833,265.3666666666667,1154.1663333333076,1
1111,1110.9999999999952,266.883854,265.4,1483.854000000008,1
1112,1111.9999999999952,267.246875,265.4,1846.8750000000114,1
1113,1112.9999999999952,267.609896,265.4,2209.8960000000147,1
1114,1113.9999999999952,267.972917,265.4,2572.917000000018,1
1115,1114.9999999999952,268.346875,265.4,2946.875000000034,1
1116,1115.9999999999952,268.678125,265.4,3278.1250000000455,1
1117,1116.999999999995,268.990625,265.4,3590.6250000000455,1
1118,1117.9999999999952,269.31901,265.4,3919.0100000000143,1
1119,1118.999999999995,269.647396,265.4,4247.396000000037,1
1120,1119.999999999995,270.166667,265.4,4766.667000000041,1
1121,1120.999999999995,270.415625,269.2,1215.6249999999886,1
1122,1121.999999999995,270.758333,269.5,1258.3329999999933,1
1123,1122.999999999995,271.094444,269.8333333333333,1261.1106666666956,1
1124,1123.999999999995,271.430555,270.1333333333333,1297.221666666701,1
1125,1124.999999999995,271.766667,270.7,1066.6669999999954,1
1126,1125.999999999995,272.160417,270.9,1260.417000000018,1
1127,1126.999999999995,272.554167,271.1333333333333,1420.833666666681,1
1128,1127.9999999999948,273.028646,271.3666666666667,1661.9793333333064,1
1129,1128.9999999999948,273.34974,271.93333333333334,1416.40666666666,1
1130,1129.9999999999948,273.670833,272.1666666666667,1504.1663333333304,1
1131,1130.9999999999948,273.991927,272.7,1291.926999999987,1
1132,1131.9999999999948,274.313021,272.93333333333334,1379.6876666666549,1
1133,1132.9999999999948,274.634114,273.1333333333333,1500.7806666666852,1
1134,1133.9999999999948,274.955208,273.3666666666667,1588.5413333333531,1
1135,1134.9999999999948,275.279167,273.6,1679.16699999995,1
1136,1135.9999999999948,275.603125,273.8,1803.124999999966,1
1137,1136.999999999995,275.989583,274.1,1889.5829999999592,1
1138,1137.9999999999948,276.008333,274.3333333333333,1674.9996666666789,1
1139,1138.9999999999943,276.49375,274.1666666666667,2327.0833333332916,1
1140,1139.9999999999948,276.814583,275.73333333333335,1081.2496666666789,1
1141,1140.9999999999948,277.042969,276.06666666666666,976.3023333333649,1
1142,1141.999999999995,277.27135400000003,276.43333333333334,838.0206666666936,1
1143,1142.999999999995,277.621354,276.6666666666667,954.687333333311,1
1144,1143.999999999995,277.905469,277.0,905.4689999999823,1
1145,1144.999999999995,278.189583,277.2,989.5830000000387,1
1146,1145.9999999999952,278.458333,277.43333333333334,1024.9996666666448,1
1147,1146.9999999999948,278.847917,277.7,1147.9170000000067,1
1148,1147.999999999995,279.757292,277.9,1857.2920000000295,1
1149,1148.999999999995,279.983854,278.3,1683.8539999999966,1
1150,1149.9999999999948,280.208333,278.6333333333333,1574.9996666666561,1
1151,1150.9999999999948,280.411458,278.76666666666665,1644.7913333333304,1
1152,1151.9999999999948,280.64375,279.0,1643.7500000000114,1
1153,1152.999999999995,280.869792,279.26666666666665,1603.1253333333666,1
1154,1153.999999999995,281.196875,279.46666666666664,1730.2083333333371,1
1155,1154.999999999995,281.795833,279.6666666666667,2129.1663333333304,1
1156,1155.9999999999952,282.340972,279.93333333333334,2407.638666666685,1
1157,1156.999999999995,282.886111,280.1333333333333,2752.7776666667023,1
1158,1157.9999999999948,283.43125,280.3,3131.249999999966,1
1159,1158.999999999995,283.789583,280.6,3189.5829999999705,1
1160,1159.999999999995,284.147917,280.8333333333333,3314.5836666666924,1
1161,1160.9999999999948,284.50625,280.8333333333333,3672.9166666667084,1
1162,1161.999999999995,284.935677,281.26666666666665,3669.010333333347,1
1163,1162.999999999995,285.3651040000001,283.8333333333333,1531.7706666667732,1
1164,1163.999999999995,285.794531,283.96666666666664,1827.8643333333662,1
1165,1164.999999999995,286.223958,284.6333333333333,1590.6246666666561,1
1166,1165.999999999995,286.675,284.8666666666667,1808.3333333333371,1
1167,1166.9999999999952,287.013542,285.1,1913.54199999995,1
1168,1167.999999999995,287.311458,285.3666666666667,1944.7913333333418,1
1169,1168.999999999995,287.653646,286.4,1253.6460000000034,1
1170,1169.9999999999952,287.995833,286.76666666666665,1229.1663333333531,1
1171,1170.9999999999952,288.316666,287.1666666666667,1149.9993333333123,1
1172,1171.999999999995,288.6375,287.46666666666664,1170.8333333333485,1
1173,1172.999999999995,288.958333,287.76666666666665,1191.6663333333304,1
1174,1173.9999999999952,289.361198,288.1333333333333,1227.864666666676,1
1175,1174.9999999999952,289.764063,288.3,1464.06300000001,1
1176,1175.9999999999952,290.166927,288.6,1566.9269999999642,1
1177,1176.9999999999952,290.569792,289.06666666666666,1503.1253333333439,1
1178,1177.9999999999952,290.95625,289.1333333333333,1822.9166666666856,1
1179,1178.9999999999952,291.270833,289.53333333333336,1737.499666666622,1
1180,1179.9999999999952,291.572917,289.8,1772.9170000000067,1
1181,1180.9999999999952,291.838542,290.03333333333336,1805.2086666666582,1
1182,1181.9999999999955,292.104167,286.8,5304.167000000007,1
1183,1182.9999999999952,292.915625,287.2,5715.624999999989,1
1184,1183.9999999999955,293.248958,287.6,5648.957999999993,1
1185,1184.9999999999952,293.691667,287.8,5891.666999999984,1
1186,1185.9999999999955,294.042361,288.0,6042.361000000028,1
1187,1186.9999999999952,294.393056,288.26666666666665,6126.38933333335,1
1188,1187.9999999999952,294.74375,288.46666666666664,6277.083333333338,1
1189,1188.9999999999955,295.132813,288.7,6432.81300000001,1
1190,1189.9999999999955,295.521875,288.9,6621.8750000000455,1
1191,1190.9999999999955,296.060417,289.03333333333336,7027.083666666613,1
1192,1191.9999999999955,296.3966430000001,293.6333333333333,2763.309666666771,1
1193,1192.9999999999955,296.73287,289.06666666666666,7666.203333333328,1
1194,1193.9999999999955,297.069097,289.3,7769.096999999988,1
1195,1194.9999999999955,297.405324,295.8666666666667,1538.657333333333,1
1196,1195.9999999999955,297.741551,296.1,1641.5509999999927,1
1197,1196.9999999999955,298.077778,296.3666666666667,1711.1113333333492,1
1198,1197.9999999999955,298.414004,296.8666666666667,1547.337333333303,1
1199,1198.9999999999955,298.750231,297.1,1650.2309999999625,1
1200,1199.9999999999952,299.086458,297.1333333333333,1953.1246666666675,1
1201,1200.9999999999955,299.381101,297.26666666666665,2114.4343333333495,1
1202,1201.9999999999952,299.675744,297.3666666666667,2309.0773333333345,1
1203,1202.9999999999955,299.970387,297.6666666666667,2303.720333333331,1
1204,1203.9999999999952,300.265029,297.6,2665.029000000004,1
1205,1204.9999999999952,300.5596720000001,296.53333333333336,4026.3386666667316,1
1206,1205.9999999999955,300.854315,296.73333333333335,4120.9816666666375,1
1207,1206.9999999999957,301.148958,296.9,4248.958000000016,1
1208,1207.9999999999961,301.490625,296.9,4590.6250000000455,1
1209,1208.9999999999961,301.695833,296.9,4795.833000000016,1
1210,1209.9979166666628,301.911273,297.6,4311.272999999972,1
1211,1210.9999999999961,302.35,298.1,4250.0,1
1212,1211.9999999999961,302.710416,298.3333333333333,4377.082666666694,1
1213,1212.999999999996,302.953632,298.5,4453.632000000027,1
1214,1213.9999999999961,303.197396,298.76666666666665,4430.729333333375,1
1215,1214.9999999999961,303.540625,298.96666666666664,4573.958333333338,1
1216,1215.9999999999961,303.766146,299.0,4766.145999999992,1
1217,1216.9999999999964,303.991667,299.1333333333333,4858.333666666681,1
1218,1217.9999999999964,304.34375,303.3,1043.7499999999886,1
1219,1218.9999999999964,304.622364,303.6333333333333,989.0306666666788,1
1220,1219.9999999999964,304.916667,303.9,1016.6670000000408,1
1221,1220.9999999999964,305.388021,304.1,1288.020999999958,1
1222,1221.9999999999964,305.729861,304.3666666666667,1363.1943333333538,1
1223,1222.9999999999964,306.071702,304.8,1271.7020000000048,1
1224,1223.9999999999964,306.413542,305.1,1313.541999999984,1
1225,1224.9999999999964,306.864063,305.3,1564.062999999976,1
1226,1225.9999999999964,307.314583,305.53333333333336,1781.2496666666675,1
1227,1226.9999999999968,307.675,305.8,1875.0,1
1228,1227.9999999999968,307.936458,306.1,1836.4579999999933,1
1229,1228.999999999997,308.220833,306.3666666666667,1854.1663333333531,1
1230,1229.9999999999973,308.697917,307.56666666666666,1131.2503333333552,1
1231,1230.9999999999975,309.359375,307.8333333333333,1526.0416666666856,1
1232,1231.9999999999973,309.828125,308.1,1728.1249999999773,1
1233,1232.999999999998,310.376041,308.3,2076.040999999975,1
1234,1233.9999999999975,310.821875,308.53333333333336,2288.5416666666174,1
1235,1234.9999999999975,311.098438,308.8333333333333,2265.104666666673,1
1236,1235.999999999998,311.379167,309.06666666666666,2312.5003333333325,1
1237,1236.9999999999984,311.676042,310.5,1176.0419999999954,1
1238,1237.999999999998,311.903646,310.73333333333335,1170.3126666666321,1
1239,1238.999999999998,312.151562,310.96666666666664,1184.8953333333725,1
1240,1239.999999999998,312.444792,311.2,1244.792000000018,1
1241,1240.9999999999986,312.647916,311.8,847.9159999999979,1
1242,1241.9999999999984,312.927605,312.06666666666666,860.9383333333653,1
1243,1242.9999999999986,313.185417,312.3,885.4169999999613,1
1244,1243.9999999999986,313.406771,312.53333333333336,873.4376666666321,1
1245,1244.9999999999986,313.659375,312.8,859.375,1
1246,1245.9999999999986,313.911458,313.03333333333336,878.124666666622,1
1247,1246.9999999999989,314.128646,313.3333333333333,795.312666666689,1
1248,1247.9999999999989,314.386458,313.56666666666666,819.7913333333418,1
1249,1248.999999999999,314.622917,313.8333333333333,789.5836666666582,1
1250,1249.999999999999,314.846354,314.03333333333336,813.0206666666595,1
1251,1250.999999999999,315.082813,314.26666666666665,816.1463333333359,1
1252,1251.999999999999,315.334375,314.46666666666664,867.7083333333826,1
1253,1252.9999999999993,315.517708,314.76666666666665,751.0413333333759,1
1254,1253.9999999999993,315.774479,315.0,774.4789999999853,1
1255,1254.9999999999995,316.030729,315.26666666666665,764.0623333333565,1
1256,1255.9999999999998,316.244792,315.46666666666664,778.125333333378,1
1257,1256.9999999999993,316.498958,315.7,798.9580000000274,1
1258,1257.9999999999998,316.74375,315.93333333333334,810.4166666666401,1
1259,1258.9999999999998,316.932812,316.1666666666667,766.145333333327,1
1260,1260.0,317.177083,316.4,777.0830000000046,1
1261,1261.0,317.427605,316.6333333333333,794.2716666667025,1
1262,1262.0000000000002,317.643229,316.8333333333333,809.895666666705,1
1263,1263.0000000000002,317.8963540000001,317.06666666666666,829.6873333334247,1
1264,1264.0000000000002,318.135937,317.26666666666665,869.2703333333611,1
1265,1265.0000000000002,318.3182290000001,317.56666666666666,751.5623333334247,1
1266,1266.0000000000005,318.591667,317.8,791.6669999999613,1
1267,1267.0000000000002,318.838542,318.06666666666666,771.8753333333552,1
1268,1268.0000000000005,319.052605,318.26666666666665,785.9383333333767,1
1269,1269.0000000000007,319.326042,318.5,826.0419999999726,1
1270,1270.0000000000005,319.601042,318.73333333333335,867.7086666666582,1
1271,1271.000000000001,319.779688,318.96666666666664,813.0213333333813,1
1272,1272.000000000001,320.005208,319.2,805.2079999999933,1
1273,1273.000000000001,320.261979,319.46666666666664,795.3123333333565,1
1274,1274.000000000001,320.49375,319.6666666666667,827.0833333332916,1
1275,1275.0000000000011,320.753125,319.93333333333334,819.7916666666742,1
1276,1276.000000000001,321.022917,320.1666666666667,856.2503333333211,1
1277,1277.0000000000014,321.239062,320.4,839.0620000000126,1
1278,1278.0000000000014,321.571875,320.6,971.8749999999545,1
1279,1279.0000000000014,321.932813,320.9,1032.8130000000328,1
1280,1280.0000000000014,322.285417,321.1666666666667,1118.7503333333098,1
1281,1281.000000000002,322.745833,321.3666666666667,1379.1663333333304,1
1282,1282.0000000000014,323.160937,321.6666666666667,1494.2703333333043,1
1283,1283.000000000002,323.404688,322.1,1304.6879999999987,1
1284,1284.000000000002,323.66875,322.4,1268.7500000000114,1
1285,1285.000000000002,323.945833,322.9,1045.833000000016,1
1286,1286.000000000002,324.165625,323.3333333333333,832.2916666666629,1
1287,1287.000000000002,324.423958,323.53333333333336,890.6246666666675,1
1288,1288.0000000000023,324.665625,323.8,865.6249999999659,1
1289,1289.0000000000023,324.850521,324.1,750.520999999992,1
1290,1290.0000000000025,325.108333,324.3333333333333,774.9996666667016,1
1291,1291.0000000000025,325.341146,324.56666666666666,774.4793333333178,1
1292,1292.0000000000025,325.5682290000001,324.8,768.2290000000762,1
1293,1293.0000000000027,325.829167,325.03333333333336,795.8336666666241,1
1294,1294.0000000000027,326.084896,325.26666666666665,818.2293333333632,1
1295,1295.0000000000027,326.2671870000001,325.5,767.1870000000922,1
1296,1296.000000000003,326.509896,325.73333333333335,776.5626666666776,1
1297,1297.000000000003,326.786458,326.0,786.4579999999819,1
1298,1298.000000000003,327.013542,326.23333333333335,780.2086666666241,1
1299,1299.0000000000032,327.297395,326.43333333333334,864.0616666666574,1
1300,1300.0000000000032,327.593229,326.6666666666667,926.5623333333224,1
1301,1301.0000000000032,327.866667,326.93333333333334,933.3336666666696,1
1302,1302.0000000000034,328.252604,327.1666666666667,1085.9373333333338,1
1303,1303.0000000000034,328.730208,327.46666666666664,1263.5413333333645,1
1304,1304.0000000000032,329.29375,327.7,1593.75,1
1305,1305.0000000000061,329.986458,328.0,1986.4580000000274,1
1306,1306.0000000000057,330.394792,328.26666666666665,2128.125333333344,1
1307,1307.0000000000057,330.611458,328.4,2211.45800000005,1
1308,1308.0000000000052,330.817188,328.6666666666667,2150.5213333333018,1
1309,1309.000000000005,331.021875,328.8666666666667,2155.2083333333485,1
1310,1310.0000000000048,331.235417,329.1333333333333,2102.0836666666582,1
1311,1311.0000000000045,331.423958,329.3333333333333,2090.624666666713,1
1312,1312.0000000000045,331.622917,329.56666666666666,2056.2503333333098,1
1313,1313.0000000000043,331.807813,329.76666666666665,2041.1463333333586,1
1314,1314.0000000000039,332.023438,331.43333333333334,590.1046666666616,1
1315,1315.0000000000036,332.225,331.6,625.0,1
1316,1316.0000000000034,332.397917,331.8333333333333,564.5836666666924,1
1317,1317.0000000000034,332.605729,332.03333333333336,572.3956666666368,1
1318,1318.0000000000032,332.846875,332.1666666666667,680.2083333333258,1
1319,1319.000000000003,332.976042,332.3666666666667,609.3753333333325,1
1320,1320.0000000000027,333.156771,332.56666666666666,590.1043333333291,1
1321,1321.0000000000023,333.378125,332.8,578.125,1
1322,1322.0000000000023,333.534896,333.03333333333336,501.5626666666435,1
1323,1323.000000000002,333.726563,333.26666666666665,459.89633333334723,1
1324,1324.0000000000016,333.928125,333.3333333333333,594.7916666667084,1
1325,1325.0000000000014,334.107813,333.53333333333336,574.4796666666616,1
1326,1326.0000000000011,334.304688,333.7,604.6880000000101,1
1327,1327.0000000000011,334.502083,333.8666666666667,635.4163333333531,1
1328,1328.000000000001,334.677605,334.06666666666666,610.9383333333653,1
1329,1329.0000000000005,334.908855,334.26666666666665,642.1883333333653,1
1330,1330.0000000000002,335.135417,334.43333333333334,702.083666666681,1
1331,1331.0,335.304688,334.6666666666667,638.0213333333131,1
1332,1332.0,335.48698,334.9,586.9800000000396,1
1333,1332.9999999999998,335.677083,335.06666666666666,610.416333333319,1
1334,1333.9999999999995,335.866667,335.3333333333333,533.3336666666924,1
1335,1334.999999999999,336.058333,335.46666666666664,591.6663333333645,1
1336,1335.9999999999989,336.253125,335.6333333333333,619.7916666666856,1
1337,1336.9999999999989,336.433854,335.8,633.8539999999853,1
1338,1337.9999999999986,336.640105,336.0,640.1050000000055,1
1339,1338.9999999999984,336.834375,336.23333333333335,601.0416666666742,1
1340,1339.999999999998,337.015625,336.43333333333334,582.2916666666629,1
1341,1340.9999999999977,337.21875,336.6333333333333,585.4166666666742,1
1342,1341.9999999999977,337.419792,336.8,619.7919999999613,1
1343,1342.9999999999973,337.586458,337.03333333333336,553.1246666666334,1
1344,1343.999999999997,337.769791,337.1666666666667,603.1243333333123,1
1345,1344.9999999999968,337.980208,337.3666666666667,613.5413333333304,1
1346,1345.9999999999966,338.13125,337.53333333333336,597.9166666666629,1
1347,1346.9999999999966,338.322396,337.8,522.3960000000147,1
1348,1347.9999999999964,338.509375,337.93333333333334,576.0416666666401,1
1349,1348.9999999999961,338.686979,338.1333333333333,553.6456666666822,1
1350,1349.9999999999957,338.891666,338.3666666666667,524.9993333333123,1
1351,1350.9999999999955,339.080208,338.46666666666664,613.5413333333872,1
1352,1351.9999999999955,339.253646,338.6666666666667,586.9793333333178,1
1353,1352.9999999999952,339.461458,338.8666666666667,594.791333333319,1
1354,1353.999999999995,339.6625,339.1,562.5,1
1355,1354.9999999999948,339.830208,339.23333333333335,596.8746666666789,1
1356,1355.9999999999943,340.020312,339.4,620.3120000000126,1
1357,1356.9999999999943,340.215625,339.7,515.625,1
1358,1357.9999999999939,340.375,339.8666666666667,508.33333333332575,1
1359,1358.9999999999936,340.580208,340.0,580.2080000000274,1
1360,1359.9999999999934,340.8125,340.2,612.5000000000114,1
1361,1360.9999999999932,340.977083,340.3333333333333,643.7496666666789,1
1362,1361.9999999999932,341.166667,340.56666666666666,600.0003333333552,1
1363,1362.999999999993,341.339583,340.73333333333335,606.2496666666561,1
1364,1363.9999999999927,341.526042,340.96666666666664,559.375333333378,1
1365,1364.9999999999923,341.7,341.2,500.0,1
1366,1365.9999999999918,341.916667,341.3666666666667,550.0003333333439,1
1367,1366.9999999999918,342.065105,341.56666666666666,498.43833333335397,1
1368,1367.9999999999918,342.253646,341.7,553.6460000000147,1
1369,1368.9999999999918,342.455208,341.96666666666664,488.54133333338723,1
1370,1369.9999999999918,342.607292,342.1,507.2919999999499,1
1371,1370.9999999999918,342.801042,342.3333333333333,467.708666666681,1
1372,1371.9999999999918,343.03125,342.46666666666664,564.5833333333599,1
1373,1372.9999999999918,343.201042,342.6,601.0419999999499,1
1374,1373.9999999999918,343.395833,342.8,595.8329999999705,1
1375,1374.9999999999918,343.56875,343.0,568.7500000000227,1
1376,1375.9999999999918,343.775,343.2,574.9999999999886,1
1377,1376.999999999992,343.973958,343.43333333333334,540.6246666666448,1
1378,1377.9999999999918,344.198958,343.6666666666667,532.291333333319,1
1379,1378.9999999999918,344.36875,343.8333333333333,535.4166666666629,1
1380,1379.9999999999918,344.559375,343.96666666666664,592.7083333333485,1
1381,1380.9999999999918,344.735417,344.1666666666667,568.7503333332984,1
1382,1381.9999999999918,344.916667,344.3333333333333,583.3336666667037,1
1383,1382.9999999999918,345.034896,344.6,434.89599999998063,1
1384,1383.9999999999918,345.3125,344.8,512.4999999999886,1
1385,1384.9999999999918,345.50625,345.0,506.25000000002274,1
1386,1385.9999999999918,345.671875,345.43333333333334,238.54166666666288,1
1387,1386.9999999999918,345.864583,345.46666666666664,397.91633333334175,1
1388,1387.9999999999918,346.033333,345.9,133.3330000000501,1
1389,1388.9999999999918,346.210417,346.1,110.416999999984,1
1390,1389.9999999999918,346.382292,346.56666666666666,184.37466666665614,1
1391,1390.9999999999918,346.570833,346.43333333333334,137.49966666665614,1
1392,1391.9999999999918,346.755208,346.6,155.20799999995916,1
1393,1392.9999999999918,346.935417,346.8,135.41699999996126,1
1394,1393.9999999999918,347.155208,346.6333333333333,521.8746666666902,1
1395,1394.999999999992,347.220833,346.8,420.833000000016,1
1396,1395.999999999992,347.4322049999999,347.0,432.2049999998967,1
1397,1396.999999999992,347.643576,347.1666666666667,476.9093333333103,1
1398,1397.999999999992,347.854948,347.03333333333336,821.6146666666191,1
1399,1398.9999999999918,348.066319,347.23333333333335,832.9856666666728,1
1400,1399.9999999999918,348.277691,347.43333333333334,844.3576666666672,1
1401,1400.9999999999918,348.489062,347.6666666666667,822.3953333333043,1
1402,1401.9999999999918,348.746875,347.9,846.8750000000114,1
1403,1402.9999999999918,348.922917,348.1333333333333,789.5836666666582,1
1404,1403.9999999999918,349.103125,348.46666666666664,636.4583333333371,1
1405,1404.9999999999918,349.285417,348.6,685.4169999999726,1
1406,1405.9999999999918,349.4625,348.93333333333334,529.1666666666401,1
1407,1406.9999999999918,349.522917,349.1666666666667,356.2503333333211,1
1408,1407.9999999999918,349.838542,349.3666666666667,471.87533333334386,1
1409,1408.9999999999918,350.021875,349.4,621.8750000000455,1
1410,1409.9999999999918,350.176042,349.73333333333335,442.7086666666469,1
1411,1410.9999999999918,350.360417,349.93333333333334,427.0836666666469,1
1412,1411.9999999999918,350.526042,350.1666666666667,359.3753333333325,1
1413,1412.9999999999918,350.702083,350.46666666666664,235.41633333337586,1
1414,1413.9999999999918,350.871875,350.7,171.875,1
1415,1414.9999999999918,351.053125,350.93333333333334,119.79166666668561,1
1416,1415.9999999999918,351.213542,351.06666666666666,146.87533333335523,1
1417,1416.9999999999918,351.410417,351.1,310.41699999997263,1
1418,1417.9999999999918,351.575,351.46666666666664,108.33333333334849,1
1419,1418.999999999992,351.680208,351.6333333333333,46.87466666666751,1
1420,1419.999999999992,351.900781,351.5,400.78099999999495,1
1421,1420.999999999992,352.121354,351.5,621.3539999999966,1
1422,1421.999999999992,352.341927,351.5,841.9269999999983,1
1423,1422.9999999999918,352.5625,351.8666666666667,695.8333333333258,1
1424,1423.9999999999918,352.783073,352.03333333333336,749.7396666666418,1
1425,1424.9999999999918,353.003646,352.3,703.645999999992,1
1426,1425.9999999999918,353.245833,352.53333333333336,712.4996666666448,1
1427,1426.9999999999918,353.438542,352.76666666666665,671.8753333333325,1
1428,1427.9999999999918,353.558333,353.0,558.3330000000046,1
1429,1428.9999999999918,353.775,353.2,574.9999999999886,1
1430,1429.9999999999918,353.959375,353.4,559.3750000000455,1
1431,1430.9999999999918,354.133333,353.6333333333333,499.9996666666675,1
1432,1431.9999999999918,354.317708,353.8333333333333,484.3746666666675,1
1433,1432.9999999999918,354.470833,353.93333333333334,537.4996666666902,1
1434,1433.9999999999918,354.641667,354.1666666666667,475.0003333332984,1
1435,1434.9999999999918,354.816667,354.3666666666667,450.0003333333211,1
1436,1435.9999999999918,354.996875,354.6,396.8749999999659,1
1437,1436.9999999999918,355.166667,354.76666666666665,400.0003333333666,1
1438,1437.9999999999918,355.35,354.8333333333333,516.6666666667084,1
1439,1438.9999999999918,355.514583,354.8666666666667,647.9163333333418,1
1440,1439.9999999999918,355.688542,355.1666666666667,521.8753333332984,1
1441,1440.9999999999918,355.904167,355.3333333333333,570.8336666666582,1
1442,1441.9999999999918,356.078125,355.56666666666666,511.4583333333371,1
1443,1442.9999999999918,356.241667,355.73333333333335,508.33366666665825,1
1444,1443.9999999999918,356.43125,355.9,531.25,1
1445,1444.9999999999918,356.594792,356.06666666666666,528.1253333333211,1
1446,1445.9999999999918,356.748958,356.26666666666665,482.2913333333645,1
1447,1446.9999999999918,356.944792,356.46666666666664,478.1253333333666,1
1448,1447.9999999999918,357.1,356.7,400.0000000000341,1
1449,1448.9999999999918,357.288542,356.9,388.5420000000295,1
1450,1449.9999999999918,357.4625,357.1666666666667,295.83333333329165,1
1451,1450.9999999999918,357.647917,357.23333333333335,414.58366666665825,1
1452,1451.9999999999918,357.814583,357.46666666666664,347.91633333338723,1
1453,1452.9999999999918,358.01875,357.5,518.7500000000114,1
1454,1453.9999999999918,358.198958,357.7,498.958000000016,1
1455,1454.9999999999918,358.396875,358.1333333333333,263.541666666697,1
1456,1455.9999999999918,358.591667,358.03333333333336,558.3336666666128,1
1457,1456.9999999999918,358.736458,358.2,536.4580000000387,1
1458,1457.9999999999918,358.878125,358.3666666666667,511.4583333333371,1
1459,1458.9999999999918,359.094792,358.6,494.79199999996126,1
1460,1459.9999999999918,359.269792,358.8,469.791999999984,1
1461,1460.9999999999918,359.427083,359.1666666666667,260.4163333332963,1
1462,1461.9999999999918,359.622917,359.26666666666665,356.2503333333211,1
1463,1462.9999999999918,359.7875,359.46666666666664,320.8333333333826,1
1464,1463.9999999999918,359.922917,359.46666666666664,456.25033333334386,1
1465,1464.9999999999918,360.1625,359.6666666666667,495.8333333333371,1
1466,1465.9999999999918,360.347917,360.1666666666667,181.25033333330975,1
1467,1466.9999999999918,360.5125,360.3,212.49999999997726,1
1468,1467.9999999999918,360.7,360.5,199.99999999998863,1
1469,1468.9999999999918,360.890625,360.3666666666667,523.9583333333258,1
1470,1469.9999999999918,361.104167,360.6333333333333,470.83366666669235,1
1471,1470.9999999999918,361.344792,360.9,444.79200000000674,1
1472,1471.9999999999918,361.595833,361.43333333333334,162.49966666669025,1
1473,1472.9999999999918,361.910417,361.3,610.416999999984,1
1474,1473.9999999999918,362.232813,361.3666666666667,866.1463333333472,1
1475,1474.9999999999925,362.408333,361.56666666666666,841.6663333333645,1
1476,1475.9999999999925,362.608334,361.8,808.3340000000021,1
1477,1476.9999999999925,362.865625,362.03333333333336,832.2916666666629,1
1478,1477.9999999999923,363.0625,362.3666666666667,695.8333333333258,1
1479,1478.9999999999923,363.282292,362.5,782.291999999984,1
1480,1479.999999999992,363.517187,362.76666666666665,750.520333333327,1
1481,1480.999999999992,363.683334,363.03333333333336,650.0006666666422,1
1482,1481.999999999992,363.889583,363.23333333333335,656.2496666666675,1
1483,1482.999999999992,364.120833,363.46666666666664,654.1663333333645,1
1484,1483.9999999999923,364.316667,363.6666666666667,650.0003333333098,1
1485,1484.9999999999918,364.526042,363.8666666666667,659.3753333333439,1
1486,1485.9999999999918,364.753646,364.06666666666666,686.9793333333405,1
1487,1486.9999999999916,364.926042,364.26666666666665,659.3753333333439,1
1488,1487.9999999999918,365.129167,364.46666666666664,662.5003333333552,1
1489,1488.9999999999916,365.353125,364.7,653.1249999999886,1
1490,1489.9999999999916,365.546875,364.8666666666667,680.2083333333258,1
1491,1490.9999999999918,365.739583,365.06666666666666,672.916333333319,1
1492,1491.9999999999914,365.979167,365.26666666666665,712.5003333333666,1
1493,1492.9999999999916,366.134896,365.53333333333336,601.5626666666662,1
1494,1493.9999999999914,366.34375,365.6666666666667,677.0833333333144,1
1495,1494.9999999999916,366.570833,365.93333333333334,637.4996666666561,1
1496,1495.9999999999911,366.7375,366.1666666666667,570.8333333333258,1
1497,1496.9999999999914,366.945833,366.3333333333333,612.4996666666789,1
1498,1497.9999999999905,367.170313,366.56666666666666,603.6463333333586,1
1499,1498.9999999999905,367.305209,366.76666666666665,538.5423333333392,1
1500,1499.9999999999905,367.508854,366.9,608.854000000008,1
1501,1500.9999999999905,367.735417,367.1333333333333,602.0836666666582,1
1502,1501.9999999999902,367.915625,367.3333333333333,582.2916666666629,1
1503,1502.9999999999902,368.108333,367.53333333333336,574.9996666666561,1
1504,1503.99999999999,368.33125,367.6666666666667,664.5833333333258,1
1505,1504.99999999999,368.475,368.03333333333336,441.6666666666629,1
1506,1505.99999999999,368.669792,368.1333333333333,536.4586666666469,1
1507,1506.9999999999898,368.884375,368.3,584.3749999999659,1
1508,1507.9999999999898,369.079167,368.6,479.16699999996126,1
1509,1508.9999999999898,369.292708,368.8,492.70799999999326,1
1510,1509.9999999999895,369.525,368.8333333333333,691.6666666666629,1
1511,1510.9999999999895,369.660417,369.03333333333336,627.0836666666355,1
1512,1511.9999999999895,369.870833,369.23333333333335,637.4996666666561,1
1513,1512.9999999999895,370.11875,369.46666666666664,652.0833333333371,1
1514,1513.9999999999895,370.293229,369.6666666666667,626.562333333311,1
1515,1514.9999999999893,370.504167,369.8666666666667,637.5003333333211,1
1516,1515.9999999999893,370.747395,370.1,647.3949999999604,1
1517,1516.999999999989,370.901042,370.3,601.0420000000067,1
1518,1517.9999999999893,371.102083,370.46666666666664,635.4163333333531,1
1519,1518.999999999989,371.315104,370.7,615.1040000000307,1
1520,1519.999999999989,371.504167,370.93333333333334,570.8336666666582,1
1521,1520.9999999999889,371.714583,371.1,614.5829999999819,1
1522,1521.9999999999889,371.928646,371.3,628.6460000000034,1
1523,1522.9999999999884,372.078125,371.6333333333333,444.79166666667425,1
1524,1523.9999999999889,372.256771,371.73333333333335,523.4376666666662,1
1525,1524.9999999999889,372.478646,371.9,578.6460000000488,1
1526,1525.9999999999884,372.653125,372.1,553.1249999999659,1
1527,1526.9999999999884,372.847917,372.23333333333335,614.5836666666469,1
1528,1527.9999999999882,373.063541,372.43333333333334,630.2076666666494,1
1529,1528.9999999999882,373.209896,372.6333333333333,576.562666666689,1
1530,1529.9999999999882,373.413542,372.8333333333333,580.2086666666924,1
1531,1530.9999999999882,373.630208,373.0,630.2079999999819,1
1532,1531.999999999988,373.819792,373.2,619.7920000000181,1
1533,1532.999999999988,374.029167,373.43333333333334,595.8336666666355,1
1534,1533.9999999999882,374.241667,373.6,641.666999999984,1
1535,1534.9999999999877,374.390625,373.76666666666665,623.9583333333485,1
1536,1535.9999999999882,374.579166,373.96666666666664,612.4993333333464,1
1537,1536.9999999999877,374.795834,374.2,595.8340000000248,1
1538,1537.9999999999877,374.961458,374.3666666666667,594.791333333319,1
1539,1538.9999999999875,375.161458,374.6333333333333,528.1246666666561,1
1540,1539.9999999999875,375.392187,374.76666666666665,625.520333333327,1
1541,1540.9999999999875,375.559895,374.93333333333334,626.561666666646,1
1542,1541.9999999999875,375.758333,375.1333333333333,624.9996666666675,1
1543,1542.999999999987,376.045833,375.3333333333333,712.4996666667016,1
1544,1543.999999999987,376.340625,375.56666666666666,773.9583333333258,1
1545,1544.9999999999868,376.764583,375.76666666666665,997.9163333333645,1
1546,1545.9999999999868,376.953906,375.96666666666664,987.2393333333775,1
1547,1546.9999999999866,377.14323,376.2,943.2300000000282,1
1548,1547.9999999999868,377.441667,376.43333333333334,1008.3336666666582,1
1549,1548.9999999999868,377.69375,376.9,793.7500000000455,1
1550,1549.9999999999868,377.786458,377.1333333333333,653.1246666666561,1
1551,1550.9999999999864,378.016667,377.3666666666667,650.0003333333098,1
1552,1551.9999999999864,378.197917,377.56666666666666,631.2503333333552,1
1553,1552.9999999999861,378.375,377.8,574.9999999999886,1
1554,1553.9999999999861,378.540625,378.03333333333336,507.2916666666174,1
1555,1554.9999999999861,378.732639,378.2,532.6390000000174,1
1556,1555.9999999999861,378.924653,378.43333333333334,491.31966666664084,1
1557,1556.9999999999861,379.116667,378.46666666666664,650.0003333333666,1
1558,1557.999999999986,379.267708,378.8333333333333,434.374666666713,1
1559,1558.999999999986,379.428125,378.8333333333333,594.7916666667084,1
1560,1559.9999999999857,379.601042,378.8333333333333,767.7086666666924,1
1561,1560.9999999999857,379.798437,379.3,498.43699999996716,1
1562,1561.9999999999857,379.969792,379.46666666666664,503.12533333334386,1
1563,1562.9999999999857,380.139583,379.6,539.5829999999933,1
1564,1563.9999999999854,380.311458,379.6,711.4579999999933,1
1565,1564.9999999999854,380.455208,379.6,855.2080000000046,1
1566,1565.9999999999854,380.639583,379.6,1039.5829999999933,1
1567,1566.9999999999852,380.824479,379.6,1224.478999999974,1
1568,1567.9999999999854,380.996875,379.6,1396.874999999966,1
1569,1568.9999999999852,381.251042,379.6,1651.0419999999613,1
1570,1569.9999999999852,381.566667,379.6,1966.6669999999726,1
1571,1570.9999999999852,381.690625,379.6,2090.6249999999886,1
1572,1571.9999999999852,381.844271,379.6,2244.2709999999693,1
1573,1572.9999999999852,381.99375,379.6,2393.7499999999545,1
1574,1573.9999999999852,382.164583,379.6,2564.5829999999705,1
1575,1574.999999999985,382.39375,379.6,2793.7499999999886,1
1576,1575.999999999985,382.532292,379.6,2932.2919999999613,1
1577,1576.9999999999848,382.721875,379.6,3121.8749999999886,1
1578,1577.9999999999848,382.910417,379.6,3310.4169999999726,1
1579,1578.9999999999848,383.10382,379.6,3503.819999999962,1
1580,1579.9999999999845,383.297222,379.6,3697.221999999954,1
1581,1580.9999999999848,383.490625,379.6,3890.625,1
1582,1581.9999999999843,383.646875,379.6,4046.875,1
1583,1582.9999999999843,383.804167,383.8666666666667,62.49966666666751,1
1584,1583.999999999984,383.965104,384.1,134.8960000000261,1
1585,1584.9999999999843,384.1625,384.26666666666665,104.16666666662877,1
1586,1585.999999999984,384.3,384.56666666666666,266.6666666666515,1
1587,1586.999999999984,384.514063,384.8,285.9369999999899,1
1588,1587.9999999999839,384.682292,385.03333333333336,351.04133333334175,1
1589,1588.9999999999839,384.85625,384.3,556.2499999999773,1
1590,1589.9999999999834,384.983333,384.46666666666664,516.6663333333759,1
1591,1590.9999999999834,385.15573,384.6666666666667,489.06333333331986,1
1592,1591.9999999999834,385.311459,384.8333333333333,478.1256666666991,1
1593,1592.9999999999834,385.515625,385.0,515.625,1
1594,1593.9999999999832,385.670833,385.23333333333335,437.4996666666675,1
1595,1594.9999999999832,385.825,385.4,425.00000000001137,1
1596,1595.9999999999832,385.979167,385.5,479.1670000000181,1
1597,1596.999999999983,386.146875,385.6333333333333,513.541666666697,1
1598,1597.999999999983,386.305208,385.9,405.208000000016,1
1599,1598.999999999983,386.504688,386.1333333333333,371.3546666666616,1
1600,1599.999999999983,386.661458,386.2,461.45799999999326,1
1601,1600.9999999999827,386.81875,386.46666666666664,352.0833333333826,1
1602,1601.9999999999827,386.952083,386.6333333333333,318.74966666669025,1
1603,1602.9999999999825,387.13125,386.8666666666667,264.5833333333485,1
1604,1603.9999999999825,387.296875,386.8,496.87499999998863,1
1605,1604.9999999999823,387.501042,386.96666666666664,534.3753333333439,1
1606,1605.9999999999825,387.696875,387.1333333333333,563.5416666666515,1
1607,1606.999999999982,387.85625,387.3,556.2499999999773,1
1608,1607.999999999982,388.082292,387.5,582.2919999999954,1
1609,1608.999999999982,388.240625,387.6666666666667,573.9583333333371,1
1610,1609.9999999999818,388.414583,387.9,514.583000000016,1
1611,1610.9999999999818,388.613542,388.1333333333333,480.2086666666696,1
1612,1611.9999999999816,388.775,388.26666666666665,508.33333333332575,1
1613,1612.9999999999816,388.944792,388.5,444.79200000000674,1
1614,1613.9999999999814,389.172917,388.6666666666667,506.2503333332984,1
1615,1614.9999999999814,389.45,388.8333333333333,616.6666666666742,1
1616,1615.9999999999811,389.717708,389.0,717.708000000016,1
1617,1616.9999999999811,390.104167,389.1333333333333,970.8336666666924,1
1618,1617.999999999981,390.701042,389.3666666666667,1334.3753333332984,1
1619,1618.999999999981,390.977083,389.6,1377.0829999999705,1
1620,1619.999999999981,391.163542,389.8333333333333,1330.2086666666924,1
1621,1620.9999999999807,391.332292,390.2,1132.2920000000067,1
1622,1621.999999999981,391.490625,390.4,1090.6250000000455,1
1623,1622.9999999999807,391.682292,390.6666666666667,1015.6253333333325,1
1624,1623.9999999999807,391.844271,390.8333333333333,1010.9376666666776,1
1625,1624.9999999999804,391.989583,391.1,889.5829999999592,1
1626,1625.9999999999807,392.19375,391.3,893.7500000000114,1
1627,1626.9999999999802,392.442708,391.8,642.7079999999705,1
1628,1627.9999999999804,392.691667,392.03333333333336,658.3336666666355,1
1629,1628.9999999999802,393.373958,391.8666666666667,1507.2913333333418,1
1630,1629.9999999999802,393.740104,392.06666666666666,1673.437333333311,1
1631,1630.9999999999798,393.905208,392.26666666666665,1638.5413333333645,1
1632,1631.9999999999802,394.090625,392.8333333333333,1257.2916666666742,1
1633,1632.9999999999798,394.319792,393.06666666666666,1253.1253333333439,1
1634,1633.9999999999798,394.498959,393.73333333333335,765.625666666665,1
1635,1634.9999999999798,394.71875,394.03333333333336,685.4166666666401,1
1636,1635.9999999999795,394.959375,394.26666666666665,692.7083333333712,1
1637,1636.9999999999795,395.078125,394.46666666666664,611.4583333333599,1
1638,1637.9999999999795,395.247917,394.6333333333333,614.5836666666469,1
1639,1638.9999999999795,395.433854,394.8666666666667,567.1873333333224,1
1640,1639.9999999999793,395.578125,395.1,478.12499999997726,1
1641,1640.9999999999793,395.772396,395.23333333333335,539.0626666666662,1
1642,1641.999999999979,395.992188,395.43333333333334,558.8546666666616,1
1643,1642.999999999979,396.101042,395.53333333333336,567.7086666666469,1
1644,1643.999999999979,396.277083,395.73333333333335,543.7496666666561,1
1645,1644.999999999979,396.463021,395.93333333333334,529.687666666689,1
1646,1645.9999999999789,396.603646,396.1666666666667,436.9793333333405,1
1647,1646.9999999999789,396.803125,396.4,403.1250000000455,1
1648,1647.9999999999789,397.004167,396.53333333333336,470.8336666666355,1
1649,1648.9999999999786,397.134375,396.6333333333333,501.0416666666515,1
1650,1649.9999999999789,397.314583,396.8,514.583000000016,1
1651,1650.9999999999786,397.54375,397.0,543.7499999999886,1
1652,1651.9999999999786,397.765625,397.1,665.6249999999773,1
1653,1652.9999999999784,398.064583,397.3666666666667,697.9163333333531,1
1654,1653.9999999999784,398.319271,397.56666666666666,752.6043333333519,1
1655,1654.999999999978,398.452083,397.73333333333335,718.7496666666675,1
1656,1655.9999999999784,398.695833,397.93333333333334,762.4996666666561,1
1657,1656.999999999978,398.911979,398.2,711.9789999999853,1
1658,1657.999999999978,399.083333,398.43333333333334,649.9996666666448,1
1659,1658.9999999999777,399.246875,398.6333333333333,613.5416666666629,1
1660,1659.9999999999777,399.460938,398.8666666666667,594.2713333333245,1
1661,1660.9999999999777,399.569792,399.1,469.791999999984,1
1662,1661.9999999999777,399.797916,399.23333333333335,564.582666666638,1
1663,1662.9999999999777,400.010938,399.4,610.9380000000328,1
1664,1663.9999999999775,400.175,399.6333333333333,541.6666666666856,1
1665,1664.9999999999775,400.340625,399.8333333333333,507.29166666667425,1
1666,1665.9999999999773,400.540625,399.96666666666664,573.9583333333371,1
1667,1666.9999999999773,400.667708,400.1666666666667,501.041333333319,1
1668,1667.9999999999773,400.889583,400.3,589.5830000000046,1
1669,1668.9999999999773,401.118229,400.5,618.2289999999853,1
1670,1669.999999999977,401.283854,400.7,583.8540000000307,1
1671,1670.999999999977,401.452083,400.9,552.0830000000387,1
1672,1671.9999999999768,401.666667,401.03333333333336,633.3336666666582,1
1673,1672.9999999999768,401.776563,401.26666666666665,509.8963333333586,1
1674,1673.999999999977,401.994792,401.4,594.7920000000408,1
1675,1674.9999999999768,402.228125,401.6,628.1249999999545,1
1676,1675.9999999999768,402.416146,401.8666666666667,549.4793333333519,1
1677,1676.9999999999766,402.625521,402.03333333333336,592.1876666666321,1
1678,1677.9999999999766,402.857813,402.1666666666667,691.1463333333359,1
1679,1678.999999999976,402.975521,402.4,575.5210000000375,1
1680,1679.9999999999766,403.060417,402.6333333333333,427.0836666666469,1
1681,1680.999999999976,403.378125,402.8,578.125,1
1682,1681.999999999976,403.558333,402.96666666666664,591.6663333333645,1
1683,1682.9999999999757,403.719791,403.1666666666667,553.1243333333009,1
1684,1683.9999999999757,404.022396,403.3,722.3960000000034,1
1685,1684.9999999999754,404.139584,403.53333333333336,606.2506666666536,1
1686,1685.9999999999757,404.332292,403.73333333333335,598.9586666666469,1
1687,1686.9999999999757,404.539063,403.96666666666664,572.3963333333586,1
1688,1687.9999999999754,404.677083,404.1333333333333,543.7496666666561,1
1689,1688.9999999999752,404.826563,404.3666666666667,459.89633333334723,1
1690,1689.9999999999752,405.092709,404.6,492.70899999999074,1
1691,1690.9999999999752,405.205729,404.8,405.729000000008,1
1692,1691.9999999999752,405.380729,405.03333333333336,347.39566666661403,1
1693,1692.9999999999752,405.591667,405.26666666666665,325.0003333333211,1
1694,1693.999999999975,405.760417,405.43333333333334,327.083666666681,1
1695,1694.999999999975,405.940625,405.7,240.62500000002274,1
1696,1695.9999999999748,406.232292,405.53333333333336,698.9586666666128,1
1697,1696.9999999999748,406.350521,405.73333333333335,617.1876666666662,1
1698,1697.9999999999748,406.548958,405.93333333333334,615.6246666666902,1
1699,1698.9999999999748,406.758334,406.1666666666667,591.6673333333051,1
1700,1699.9999999999748,406.892187,406.3666666666667,525.5203333333043,1
1701,1700.9999999999745,407.046875,406.56666666666666,480.2083333333371,1
1702,1701.9999999999745,407.3375,406.76666666666665,570.8333333333258,1
1703,1702.9999999999743,407.454166,407.0,454.1659999999865,1
1704,1703.9999999999745,407.667708,407.23333333333335,434.37466666665614,1
1705,1704.9999999999743,407.867188,407.46666666666664,400.5213333333586,1
1706,1705.9999999999743,407.998959,407.6333333333333,365.6256666666877,1
1707,1706.9999999999739,408.160417,407.9,260.4170000000181,1
1708,1707.9999999999739,408.442188,407.93333333333334,508.85466666665025,1
1709,1708.9999999999736,408.566666,408.0,566.6659999999979,1
1710,1709.9999999999739,408.782292,408.0,782.291999999984,1
1711,1710.9999999999736,409.002083,408.0,1002.0830000000274,1
1712,1711.9999999999736,409.159896,408.0,1159.8960000000034,1
1713,1712.9999999999736,409.344792,408.0,1344.791999999984,1
1714,1713.9999999999734,409.778125,409.0,778.1249999999886,1
1715,1714.9999999999748,409.971875,409.1666666666667,805.2083333333258,1
1716,1715.9999999999748,410.165104,409.3666666666667,798.437333333311,1
1717,1716.9999999999748,410.422396,409.6,822.3959999999693,1
1718,1717.999999999975,410.66875,409.93333333333334,735.4166666666515,1
1719,1718.999999999975,410.976042,410.1333333333333,842.708666666681,1
1720,1719.999999999975,411.285937,410.3333333333333,952.6036666666755,1
1721,1720.999999999975,411.505729,410.56666666666666,939.062333333311,1
1722,1721.999999999975,411.621875,410.8666666666667,755.2083333333144,1
1723,1722.999999999975,412.005208,411.1333333333333,871.8746666666561,1
1724,1723.999999999975,412.277604,411.46666666666664,810.9373333333565,1
1725,1724.999999999975,412.683333,411.6333333333333,1049.9996666666789,1
1726,1725.9999999999752,412.960342,411.9,1060.3420000000483,1
1727,1726.9999999999752,413.237351,412.1333333333333,1104.017666666664,1
1728,1727.9999999999752,413.51436,412.5,1014.3600000000106,1
1729,1728.9999999999752,413.791369,412.8666666666667,924.7023333333004,1
1730,1729.9999999999752,414.068378,413.1,968.3779999999729,1
1731,1730.999999999975,414.345387,413.3,1045.3870000000052,1
1732,1731.999999999975,414.622396,413.73333333333335,889.0626666666321,1
1733,1732.9999999999804,414.95052,413.93333333333334,1017.186666666646,1
1734,1733.9999999999802,415.230729,414.1666666666667,1064.062333333311,1
1735,1734.9999999999802,415.535416,414.56666666666666,968.749333333335,1
1736,1735.9999999999798,415.845833,414.8,1045.833000000016,1
1737,1736.9999999999798,416.264583,415.0,1264.583000000016,1
1738,1737.9999999999802,416.730989,415.3,1430.989000000011,1
1739,1738.9999999999802,417.197396,415.6666666666667,1530.7293333333405,1
1740,1739.9999999999802,417.663802,416.03333333333336,1630.4686666666157,1
1741,1740.9999999999798,418.130208,416.43333333333334,1696.8746666666448,1
1742,1741.9999999999918,418.600521,416.6666666666667,1933.8543333333291,1
1743,1742.9999999999918,419.441146,416.8,2641.145999999992,1
1744,1743.9999999999918,419.85455700000006,417.1,2754.557000000034,1
1745,1744.9999999999916,420.26796900000005,417.3,2967.969000000039,1
1746,1745.9999999999916,420.68138,417.5,3181.37999999999,1
1747,1746.9999999999916,421.094792,417.6,3494.7919999999613,1
1748,1747.9999999999916,421.508203,418.4,3108.203000000003,1
1749,1748.9999999999918,421.921615,416.8,5121.614999999963,1
1750,1749.999999999972,422.335026,417.03333333333336,5301.692666666668,1
1751,1750.9999999999718,422.748438,417.23333333333335,5515.104666666673,1
1752,1751.9999999999714,422.977083,417.3,5677.082999999982,1
1753,1752.9999999999714,423.178125,417.3,5878.125000000011,1
1754,1753.9999999999714,423.379166,417.1,6279.165999999976,1
1755,1754.9999999999704,423.60625,417.4,6206.250000000011,1
1756,1755.9999999999707,423.816493,417.46666666666664,6349.82633333334,1
1757,1756.9999999999707,424.026736,421.7,2326.7360000000394,1
1758,1757.9999999999704,424.236979,422.0,2236.9790000000194,1
1759,1758.9999999999704,424.447222,418.3,6147.222,1
1760,1759.9999999999704,424.65746500000006,418.53333333333336,6124.131666666699,1
1761,1760.99999999997,424.867708,418.73333333333335,6134.374666666645,1
1762,1761.9999999999704,425.09618,424.3333333333333,762.8466666666895,1
1763,1762.9999999999702,425.324653,424.6333333333333,691.3196666666863,1
1764,1763.9999999999702,425.553125,424.73333333333335,819.7916666666742,1
1765,1764.9999999999702,425.742882,424.96666666666664,776.2153333333686,1
1766,1765.9999999999704,425.932639,425.2,732.639000000006,1
1767,1766.9999999999702,426.122396,425.3,822.3959999999693,1
1768,1767.9999999999702,426.312153,425.7,612.1530000000348,1
1769,1768.9999999999702,426.50191,425.93333333333334,568.5766666666723,1
1770,1769.99999999997,426.691667,426.1,591.6669999999726,1
1771,1770.9999999999702,426.885938,426.1666666666667,719.2713333333245,1
1772,1771.9999999999698,427.080208,426.3666666666667,713.5413333333531,1
1773,1772.9999999999698,427.351042,426.6666666666667,684.3753333333211,1
1774,1773.9999999999698,427.569792,426.9,669.7920000000295,1
1775,1774.9999999999698,427.788542,427.1,688.541999999984,1
1776,1775.9999999999684,427.983333,427.1,883.3329999999933,1
1777,1776.9999999999688,428.188802,427.53333333333336,655.4686666666498,1
1778,1777.9999999999686,428.394271,427.8333333333333,560.937666666689,1
1779,1778.999999999968,428.620833,427.96666666666664,654.1663333333645,1
1780,1779.9999999999677,428.827951,428.1333333333333,694.6176666666588,1
1781,1780.999999999968,429.035069,428.23333333333335,801.7356666666728,1
1782,1781.999999999968,429.242188,428.53333333333336,708.8546666666389,1
1783,1782.999999999968,429.449306,428.8,649.3059999999673,1
1784,1783.9999999999677,429.656424,429.03333333333336,623.0906666666556,1
1785,1784.9999999999675,429.863542,429.2,663.5420000000067,1
1786,1785.9999999999677,430.113195,429.2,913.1950000000302,1
1787,1786.9999999999677,430.362847,429.2,1162.8469999999993,1
1788,1787.9999999999675,430.6125,429.3333333333333,1279.166666666697,1
1789,1788.9999999999675,430.80816,430.03333333333336,774.8266666666268,1
1790,1789.9999999999675,431.003819,430.26666666666665,737.1523333333698,1
1791,1790.9999999999677,431.199479,430.3333333333333,866.1456666666822,1
1792,1791.9999999999675,431.395139,430.3333333333333,1061.8056666666575,1
1793,1792.9999999999675,431.59079800000006,430.93333333333334,657.4646666667263,1
1794,1793.9999999999673,431.786458,431.1333333333333,653.1246666666561,1
1795,1794.9999999999673,431.976042,431.2,776.0420000000181,1
1796,1795.9999999999668,432.165625,431.46666666666664,698.9583333333371,1
1797,1796.9999999999668,432.414583,431.76666666666665,647.9163333333418,1
1798,1797.999999999967,432.572569,432.0,572.5689999999872,1
1799,1798.9999999999668,432.730556,432.1333333333333,597.2226666666529,1
1800,1799.9999999999668,432.888542,432.3333333333333,555.2086666666582,1
1801,1800.999999999967,433.044097,432.56666666666666,477.43033333335916,1
1802,1801.9999999999668,433.199653,432.8,399.6530000000007,1
1803,1802.9999999999668,433.355208,433.0,355.20800000000463,1
1804,1803.9999999999668,433.55954800000006,433.1,459.5480000000407,1
1805,1804.9999999999666,433.763889,433.46666666666664,297.2223333333659,1
1806,1805.9999999999663,433.968229,433.5,468.229000000008,1
1807,1806.9999999999668,434.153422,433.53333333333336,620.0886666666179,1
1808,1807.9999999999668,434.338616,433.6,738.6159999999791,1
1809,1808.9999999999666,434.523809,433.96666666666664,557.1423333333883,1
1810,1809.9999999999666,434.70900300000005,434.1666666666667,542.3363333333668,1
1811,1810.9999999999668,434.894196,434.1666666666667,727.5293333333366,1
1812,1811.9999999999668,435.0793900000001,434.3,779.3900000000917,1
1813,1812.9999999999666,435.264584,434.6333333333333,631.2506666666877,1
1814,1813.9999999999666,435.483438,434.8666666666667,616.771333333304,1
1815,1814.9999999999666,435.702292,435.06666666666666,635.625333333337,1
1816,1815.9999999999668,435.921146,435.23333333333335,687.8126666666731,1
1817,1816.9999999999666,436.14,435.43333333333334,706.6666666666492,1
1818,1817.9999999999666,436.358854,435.6666666666667,692.1873333333224,1
1819,1818.9999999999666,436.577708,435.9,677.7079999999955,1
1820,1819.9999999999666,436.796563,436.1333333333333,663.2296666666662,1
1821,1820.9999999999668,437.015417,436.3666666666667,648.7503333333393,1
1822,1821.9999999999668,437.234271,436.6,634.2709999999556,1
1823,1822.9999999999668,437.453125,435.1333333333333,2319.7916666666742,1
1824,1823.999999999966,437.675,435.1333333333333,2541.6666666666856,1
1825,1824.999999999966,437.888542,435.1333333333333,2755.208666666647,1
1826,1825.9999999999652,438.102084,435.1333333333333,2968.750666666665,1
1827,1826.9999999999648,438.313542,437.6333333333333,680.2086666666582,1
1828,1827.9999999999645,438.51632,437.8333333333333,682.986666666693,1
1829,1828.9999999999645,438.719097,438.06666666666666,652.4303333333137,1
1830,1829.9999999999648,438.921875,438.23333333333335,688.5416666666515,1
1831,1830.9999999999648,439.124653,438.46666666666664,657.9863333333833,1
1832,1831.9999999999645,439.32743,438.7,627.4300000000039,1
1833,1832.9999999999645,439.530208,438.93333333333334,596.8746666666789,1
1834,1833.9999999999643,439.766666,439.1666666666667,599.9993333333009,1
1835,1834.9999999999645,440.003125,439.3666666666667,636.4583333333371,1
1836,1835.999999999964,440.239583,439.43333333333334,806.2496666666448,1
1837,1836.9999999999643,440.400208,439.6666666666667,733.5413333333349,1
1838,1837.9999999999643,440.560833,439.9,660.8330000000251,1
1839,1838.9999999999643,440.721458,440.06666666666666,654.7913333333213,1
1840,1839.9999999999645,440.882083,440.26666666666665,615.4163333333713,1
1841,1840.9999999999638,441.042708,440.6666666666667,376.041333333319,1
1842,1841.9999999999638,441.286458,440.8,486.4579999999705,1
1843,1842.9999999999638,441.452083,440.9,552.0830000000387,1
1844,1843.9999999999636,441.617708,441.03333333333336,584.3746666666334,1
1845,1844.9999999999636,441.885417,441.26666666666665,618.7503333333666,1
1846,1845.9999999999636,442.115104,441.5,615.1039999999739,1
1847,1846.9999999999636,442.344792,441.8333333333333,511.4586666666696,1
1848,1847.9999999999627,442.532812,441.8,732.8119999999672,1
1849,1848.9999999999627,442.735937,442.03333333333336,702.6036666666187,1
1850,1849.9999999999627,442.939062,442.3666666666667,572.3953333333043,1
1851,1850.9999999999616,443.15625,442.5,656.25,1
1852,1851.999999999962,443.375347,442.6666666666667,708.680333333291,1
1853,1852.9999999999616,443.59444400000007,442.8,794.4440000000554,1
1854,1853.9999999999616,443.813541,443.06666666666666,746.8743333333236,1
1855,1854.999999999962,444.032639,443.3,732.639000000006,1
1856,1855.999999999962,444.25173600000005,443.53333333333336,718.402666666691,1
1857,1856.9999999999616,444.470833,443.76666666666665,704.1663333333759,1
1858,1857.9999999999616,444.732291,443.8,932.2909999999638,1
1859,1858.9999999999613,444.99375,443.8,1193.749999999966,1
1860,1859.9999999999616,445.255208,443.93333333333334,1321.8746666666448,1
1861,1860.9999999999616,445.446354,444.56666666666666,879.6873333333224,1
1862,1861.9999999999613,445.6375,444.8,837.4999999999773,1
1863,1862.9999999999613,445.828645,444.93333333333334,895.3116666666574,1
1864,1863.9999999999613,446.019791,445.1333333333333,886.4576666666721,1
1865,1864.9999999999613,446.210937,445.1333333333333,1077.6036666666755,1
1866,1865.999999999961,446.402083,445.1333333333333,1268.7496666666789,1
1867,1866.9999999999613,446.604687,445.1333333333333,1471.3536666666869,1
1868,1867.999999999961,446.807292,445.1333333333333,1673.9586666666924,1
1869,1868.9999999999607,447.078125,446.3666666666667,711.4583333333258,1
1870,1869.999999999961,447.23611100000005,446.6,636.1110000000281,1
1871,1870.999999999961,447.394097,446.8,594.0969999999766,1
1872,1871.9999999999607,447.552083,447.0,552.0829999999819,1
1873,1872.9999999999607,447.7,447.2,500.0,1
1874,1873.9999999999607,447.847916,447.43333333333334,414.58266666666077,1
1875,1874.9999999999607,447.995833,447.6,395.8329999999819,1
1876,1875.9999999999607,448.225347,447.8333333333333,392.0136666666849,1
1877,1876.9999999999607,448.45486100000005,447.93333333333334,521.5276666667137,1
1878,1877.9999999999604,448.684375,448.2,484.375,1
1879,1878.9999999999604,448.907031,448.2,707.031000000029,1
1880,1879.9999999999607,449.129687,448.4,729.6870000000126,1
1881,1880.9999999999607,449.352344,448.6333333333333,719.0106666666907,1
1882,1881.9999999999607,449.575,448.8666666666667,708.3333333333144,1
1883,1882.9999999999604,449.797656,449.1,697.655999999995,1
1884,1883.9999999999604,450.020313,449.3333333333333,686.979666666673,1
1885,1884.9999999999607,450.670139,449.53333333333336,1136.8056666666462,1
1886,1885.9999999999607,451.319966,449.76666666666665,1553.2993333333707,1
1887,1886.9999999999604,451.969792,449.96666666666664,2003.1253333333439,1
1888,1887.9979166666267,452.110243,450.2,1910.2430000000368,1
1889,1888.9979166666265,452.250695,450.43333333333334,1817.3616666666703,1
1890,1889.9999999999598,452.391146,450.7,1691.1460000000034,1
1891,1890.997916666626,452.531597,450.96666666666664,1564.9303333333364,1
1892,1891.9979166666258,452.672049,451.23333333333335,1438.715666666667,1
1893,1892.9999999999588,452.8125,451.46666666666664,1345.8333333333599,1
1894,1893.9999999999588,453.007292,451.7,1307.292000000018,1
1895,1894.999999999959,453.202084,451.8666666666667,1335.4173333333392,1
1896,1895.9999999999588,453.403125,451.96666666666664,1436.4583333333485,1
1897,1896.9999999999588,453.6125,452.3666666666667,1245.8333333333371,1
1898,1897.9999999999586,453.738542,452.53333333333336,1205.2086666666355,1
1899,1898.9999999999584,453.940625,452.4,1540.625000000034,1
1900,1899.9999999999584,454.089583,453.6666666666667,422.916333333319,1
1901,1900.9999999999575,454.259375,453.76666666666665,492.70833333332575,1
1902,1901.9999999999575,454.45,454.56666666666666,116.66666666667425,1
1903,1902.9999999999575,454.63125,454.93333333333334,302.0833333333144,1
1904,1903.9999999999575,454.8125,454.96666666666664,154.16666666664014,1
1905,1904.9999999999575,454.99375,455.3,306.2500000000341,1
1906,1905.999999999957,455.1625,454.73333333333335,429.16666666667425,1
1907,1906.999999999957,455.302083,454.76666666666665,535.4163333333304,1
1908,1907.9999999999568,455.469791,454.76666666666665,703.124333333335,1
1909,1908.9999999999568,455.646875,454.76666666666665,880.2083333333712,1
1910,1909.9999999999568,455.801042,454.76666666666665,1034.3753333333439,1
1911,1910.9999999999566,455.991667,455.46666666666664,525.0003333333666,1
1912,1911.9999999999566,456.152083,455.73333333333335,418.74966666665614,1
1913,1912.9999999999563,456.292708,455.9,392.70800000002737,1
1914,1913.999999999956,456.445313,456.1333333333333,311.979666666673,1
1915,1914.9999999999561,456.620833,456.1666666666667,454.166333333319,1
1916,1915.999999999956,456.811458,456.23333333333335,578.1246666666675,1
1917,1916.999999999956,457.158333,456.4,758.3330000000501,1
1918,1917.999999999956,457.33463499999993,456.6333333333333,701.301666666609,1
1919,1918.999999999956,457.510938,456.8666666666667,644.2713333333359,1
1920,1919.9999999999561,457.710417,457.1,610.416999999984,1
1921,1920.9999999999557,457.892708,457.3333333333333,559.374666666713,1
1922,1921.9999999999557,458.0375,457.53333333333336,504.1666666666629,1
1923,1922.9999999999554,458.246875,457.76666666666665,480.2083333333371,1
1924,1923.9999999999552,458.384375,458.0,384.37499999997726,1
1925,1924.9999999999552,458.565625,458.23333333333335,332.2916666666629,1
1926,1925.9999999999543,458.740625,458.46666666666664,273.9583333333826,1
1927,1926.9999999999548,458.940972,458.6666666666667,274.3053333333023,1
1928,1927.9999999999548,459.14132,458.8333333333333,307.98666666669305,1
1929,1928.9999999999543,459.341667,459.1333333333333,208.33366666664688,1
1930,1929.9999999999543,459.501042,458.96666666666664,534.3753333333439,1
1931,1930.9999999999538,459.6625,459.1666666666667,495.8333333333371,1
1932,1931.9999999999538,459.825,459.3666666666667,458.3333333333144,1
1933,1932.9999999999538,460.004167,459.46666666666664,537.5003333333552,1
1934,1933.9999999999536,460.182292,459.7,482.2920000000295,1
1935,1934.9999999999538,460.425,459.8,625.0,1
1936,1935.9999999999534,460.635417,460.0,635.4170000000181,1
1937,1936.9999999999534,460.820833,460.1666666666667,654.1663333333076,1
1938,1937.9999999999532,461.054167,460.4,654.1670000000295,1
1939,1938.9999999999532,461.372917,460.6,772.9169999999499,1
1940,1939.9999999999534,461.717708,460.8,917.7080000000046,1
1941,1940.9999999999532,462.421875,460.96666666666664,1455.2083333333599,1
1942,1941.999999999952,462.836458,461.23333333333335,1603.1246666666448,1
1943,1942.9999999999516,463.025,461.56666666666666,1458.3333333333144,1
1944,1943.9999999999516,463.233333,462.0,1233.333000000016,1
1945,1944.9999999999516,463.446875,462.03333333333336,1413.5416666666174,1
1946,1945.9999999999516,463.638542,462.46666666666664,1171.8753333333325,1
1947,1946.9999999999513,463.883333,462.7,1183.3330000000046,1
1948,1947.9999999999511,464.092708,462.93333333333334,1159.3746666666789,1
1949,1948.9999999999513,464.2625,463.6666666666667,595.833333333303,1
1950,1949.9999999999516,464.5,463.9,600.0000000000227,1
1951,1950.9999999999511,464.708333,464.1333333333333,574.9996666666561,1
1952,1951.9999999999513,464.890625,464.23333333333335,657.2916666666515,1
1953,1952.9999999999518,465.069792,464.43333333333334,636.4586666666696,1
1954,1953.9999999999513,465.288542,464.6666666666667,621.8753333333211,1
1955,1954.9999999999518,465.435417,464.8666666666667,568.7503333332984,1
1956,1955.9999999999511,465.701563,465.06666666666666,634.8963333333586,1
1957,1956.9999999999511,465.927604,465.3,627.6039999999625,1
1958,1957.9999999999513,466.083854,465.46666666666664,617.1873333333338,1
1959,1958.9999999999507,466.30625,465.6333333333333,672.9166666666515,1
1960,1959.9999999999507,466.513542,465.8333333333333,680.2086666666582,1
1961,1960.9999999999513,466.667708,466.06666666666666,601.0413333333418,1
1962,1961.9999999999507,466.913021,466.26666666666665,646.3543333333632,1
1963,1962.9999999999513,467.138542,466.46666666666664,671.8753333333325,1
1964,1963.9999999999502,467.316667,466.7,616.6670000000067,1
1965,1964.9999999999502,467.666667,466.9,766.6670000000408,1
1966,1965.9999999999507,467.946875,467.1333333333333,813.5416666666515,1
1967,1966.99999999995,468.147917,467.3,847.9169999999954,1
1968,1967.9999999999502,468.340625,467.46666666666664,873.9583333333485,1
1969,1968.9999999999507,468.454166,467.7,754.1659999999979,1
1970,1969.9999999999498,468.65625,467.93333333333334,722.9166666666629,1
1971,1970.9999999999498,468.992708,468.3,692.7079999999819,1
1972,1971.999999999949,469.172917,468.5,672.916999999984,1
1973,1972.9999999999495,469.355208,468.73333333333335,621.8746666666561,1
1974,1973.9999999999495,469.608333,468.93333333333334,674.9996666666789,1
1975,1974.9999999999493,469.857292,469.1666666666667,690.625333333287,1
1976,1975.9999999999495,470.054167,469.3666666666667,687.5003333333325,1
1977,1976.9999999999498,470.170834,469.56666666666666,604.1673333333506,1
1978,1977.9999999999493,470.397917,469.73333333333335,664.5836666666582,1
1979,1978.9999999999495,470.554688,470.0,554.6879999999987,1
1980,1979.9999999999486,470.75625,470.23333333333335,522.9166666666742,1
1981,1980.9999999999488,470.919792,470.3333333333333,586.4586666666582,1
1982,1981.9999999999495,471.086458,470.56666666666666,519.7913333333304,1
1983,1982.9999999999486,471.311458,470.7,611.4580000000274,1
1984,1983.9999999999488,471.51875,470.9,618.7500000000341,1
1985,1984.999999999949,471.714583,471.06666666666666,647.9163333333418,1
1986,1985.9999999999486,471.931771,471.3,631.7710000000147,1
1987,1986.9999999999488,472.167708,471.5,667.7080000000046,1
1988,1987.9999999999493,472.382292,471.6666666666667,715.6253333333211,1
1989,1988.9999999999486,472.763542,471.9,863.5419999999954,1
1990,1989.999999999949,473.048958,472.1,948.9580000000046,1
1991,1990.9999999999486,473.217708,472.3333333333333,884.3746666667016,1
1992,1991.9999999999486,473.389583,472.53333333333336,856.2496666666561,1
1993,1992.9999999999486,473.568229,472.8,768.2289999999625,1
1994,1993.9999999999484,473.776042,473.2,576.0420000000295,1
1995,1994.9999999999484,473.980729,473.4,580.7290000000194,1
1996,1995.9999999999488,474.191667,473.6,591.6669999999726,1
1997,1996.9999999999484,474.3875,473.8,587.4999999999773,1
1998,1997.9999999999486,474.547395,473.96666666666664,580.7283333333544,1
1999,1998.9999999999482,474.732292,474.1333333333333,598.9586666666469,1
2000,1999.9999999999484,474.914583,474.3666666666667,547.916333333319,1
2001,2000.9999999999484,475.104688,474.56666666666666,538.0213333333472,1
2002,2001.9999999999482,475.297917,474.7,597.9169999999954,1
2003,2002.9999999999484,475.460938,474.9,560.9380000000215,1
2004,2003.9999999999486,475.685417,475.1333333333333,552.0836666666469,1
2005,2004.9999999999482,475.85625,475.3,556.2499999999773,1
2006,2005.9999999999484,476.021875,475.53333333333336,488.5416666666629,1
2007,2006.9999999999477,476.247917,475.6333333333333,614.5836666666469,1
2008,2007.999999999948,476.419792,475.8666666666667,553.1253333332984,1
2009,2008.9999999999486,476.601042,476.0,601.0420000000067,1
2010,2009.9999999999477,476.816146,476.2,616.1460000000147,1
2011,2010.999999999948,477.008333,476.46666666666664,541.6663333333531,1
2012,2011.9999999999484,477.252604,476.6666666666667,585.9373333333338,1
2013,2012.9999999999477,477.638021,476.8,838.0209999999693,1
2014,2013.9999999999482,477.93125,477.06666666666666,864.5833333333144,1
2015,2014.9999999999475,478.119792,477.23333333333335,886.4586666666696,1
2016,2015.9999999999477,478.373438,477.46666666666664,906.7713333333813,1
2017,2016.9999999999482,478.657291,477.8,857.2909999999752,1
2018,2017.9999999999475,478.852604,478.06666666666666,785.9373333333224,1
2019,2018.9999999999475,479.089063,478.3,789.0629999999987,1
2020,2019.9999999999477,479.336458,478.53333333333336,803.1246666666334,1
2021,2020.9999999999475,479.491667,478.8,691.6669999999954,1
2022,2021.9999999999475,479.700521,479.03333333333336,667.1876666666208,1
2023,2022.9999999999477,479.909375,479.26666666666665,642.7083333333599,1
2024,2023.999999999947,480.084896,479.5,584.8960000000147,1
2025,2024.9999999999475,480.291667,479.7,591.6670000000295,1
2026,2025.9999999999468,480.490104,479.8666666666667,623.4373333332996,1
2027,2026.9999999999468,480.658854,480.03333333333336,625.5206666666595,1
2028,2027.9999999999475,480.902084,480.26666666666665,635.4173333333506,1
2029,2028.999999999946,481.126041,480.5,626.0409999999865,1
2030,2029.9999999999463,481.372917,480.6,772.9169999999499,1
2031,2030.9999999999457,481.6125,480.9,712.5000000000341,1
2032,2031.999999999946,481.8875,481.06666666666666,820.8333333333258,1
2033,2032.9999999999463,482.070833,481.3,770.8329999999819,1
2034,2033.9999999999459,482.275521,481.5,775.5210000000261,1
2035,2034.999999999946,482.547917,481.76666666666665,781.2503333333325,1
2036,2035.9999999999466,482.816146,482.06666666666666,749.4793333333405,1
2037,2036.9999999999459,483.341667,482.26666666666665,1075.0003333333211,1
2038,2037.999999999946,483.658333,482.5,1158.3330000000274,1
2039,2038.999999999946,483.842188,482.7,1142.1880000000328,1
2040,2039.9999999999459,484.052083,483.03333333333336,1018.749666666622,1
2041,2040.999999999946,484.272917,483.3,972.9169999999954,1
2042,2041.9999999999459,484.432292,483.76666666666665,665.6253333333666,1
2043,2042.9999999999457,484.661458,484.0,661.4579999999819,1
2044,2043.999999999946,484.86875,484.23333333333335,635.4166666666288,1
2045,2044.9999999999457,485.019792,484.46666666666664,553.1253333333552,1
2046,2045.9999999999457,485.228125,484.56666666666666,661.4583333333144,1
2047,2046.9999999999457,485.403125,484.8333333333333,569.7916666666742,1
2048,2047.9999999999457,485.590625,485.06666666666666,523.9583333333258,1
2049,2048.999999999946,485.767708,485.23333333333335,534.3746666666789,1
2050,2049.9999999999454,485.967708,485.4,567.7080000000387,1
2051,2050.9999999999454,486.15625,485.6,556.2499999999773,1
2052,2051.999999999946,486.394792,485.76666666666665,628.1253333333439,1
2053,2052.999999999945,486.561458,486.0,561.458000000016,1
2054,2053.999999999945,486.754167,486.26666666666665,487.50033333334386,1
2055,2054.999999999946,487.075,486.43333333333334,641.6666666666515,1
2056,2055.999999999945,487.254167,486.6,654.1669999999726,1
2057,2056.999999999946,487.439583,486.73333333333335,706.2496666666789,1
2058,2057.9999999999454,487.639583,486.93333333333334,706.2496666666789,1
2059,2058.999999999945,487.833333,487.2,633.3329999999933,1
2060,2059.9999999999454,488.039584,487.46666666666664,572.9173333333506,1
2061,2060.9999999999445,488.429167,487.6666666666667,762.5003333333211,1
2062,2061.999999999945,488.734375,487.8333333333333,901.0416666666856,1
2063,2062.9999999999454,488.942708,488.03333333333336,909.374666666622,1
2064,2063.9999999999445,489.15,488.23333333333335,916.6666666666288,1
2065,2064.9999999999454,489.423958,488.46666666666664,957.2913333333872,1
2066,2065.9999999999445,489.622917,488.8666666666667,756.2503333332984,1
2067,2066.9999999999445,489.882292,489.1,782.291999999984,1
2068,2067.9999999999445,490.133333,489.3333333333333,799.9996666666789,1
2069,2068.9999999999445,490.278125,489.6,678.1249999999659,1
2070,2069.9999999999445,490.494271,489.8,694.2710000000147,1
2071,2070.9999999999445,490.720312,490.06666666666666,653.6453333333156,1
2072,2071.999999999944,490.902083,490.26666666666665,635.4163333333531,1
2073,2072.999999999944,491.09323,490.5,593.2300000000055,1
2074,2073.9999999999445,491.282292,490.73333333333335,548.9586666666355,1
2075,2074.999999999944,491.438542,490.9,538.5420000000067,1
2076,2075.999999999944,491.621354,491.03333333333336,588.0206666666368,1
2077,2076.999999999944,491.8125,491.23333333333335,579.1666666666515,1
2078,2077.999999999944,491.978646,491.46666666666664,511.97933333338597,1
2079,2078.9999999999445,492.144792,491.6,544.7919999999726,1
2080,2079.999999999944,492.3125,491.8,512.4999999999886,1
2081,2080.999999999944,492.3875,492.0,387.49999999998863,1
2082,2081.9999999999445,492.635938,492.26666666666665,369.2713333333586,1
2083,2082.999999999944,492.83125,492.3333333333333,497.916666666697,1
2084,2083.9999999999445,492.979167,492.53333333333336,445.83366666665825,1
2085,2084.9999999999436,493.164583,492.56666666666666,597.9163333333304,1
2086,2085.9999999999436,493.352083,492.76666666666665,585.4163333333418,1
2087,2086.999999999944,493.463542,493.0,463.5420000000181,1
2088,2087.9999999999436,493.716667,493.1333333333333,583.3336666666469,1
2089,2088.9999999999436,493.907292,493.3333333333333,573.9586666666696,1
2090,2089.999999999944,494.095833,493.5,595.8330000000274,1
2091,2090.9999999999436,494.215625,493.6666666666667,548.958333333303,1
2092,2091.999999999944,494.375,493.9,475.00000000002274,1
2093,2092.9999999999436,494.472396,494.1333333333333,339.0626666666776,1
2094,2093.9999999999436,494.735417,494.26666666666665,468.7503333333325,1
2095,2094.9999999999436,494.920313,494.43333333333334,486.97966666668435,1
2096,2095.999999999943,495.06875,494.6666666666667,402.0833333333371,1
2097,2096.999999999943,495.25,495.03333333333336,216.66666666664014,1
2098,2097.9999999999436,495.407605,495.3333333333333,74.27166666667517,1
2099,2098.999999999943,495.527084,495.3333333333333,193.75066666668772,1
2100,2099.9999999999436,495.730354,495.26666666666665,463.68733333332557,1
2101,2100.999999999943,495.88125,495.4,481.2500000000455,1
2102,2101.999999999943,496.040104,495.6333333333333,406.7706666666595,1
2103,2102.999999999944,496.170249,495.7,470.2490000000239,1
2104,2103.999999999943,496.36875,495.9,468.75,1
2105,2104.999999999943,496.490607,496.1333333333333,357.2736666666856,1
2106,2105.9999999999436,496.648395,496.3666666666667,281.72833333331937,1
2107,2106.999999999943,496.838542,496.56666666666666,271.87533333335523,1
2108,2107.9999999999436,496.99505199999993,496.8,195.05199999991873,1
2109,2108.9999999999436,497.138496,497.03333333333336,105.16266666661522,1
2110,2109.999999999943,497.333333,497.26666666666665,66.66633333333039,1
2111,2110.999999999944,497.518622,497.43333333333334,85.28866666665635,1
2112,2111.999999999943,497.630986,497.7,69.01399999998148,1
2113,2112.999999999943,497.807901,497.8666666666667,58.765666666658944,1
2114,2113.9999999999436,497.955729,498.06666666666666,110.93766666664351,1
2115,2114.999999999943,498.214583,498.3,85.41700000000674,1
2116,2115.999999999943,498.373958,498.56666666666666,192.70866666664688,1
2117,2116.9999999999427,498.5562,494.3,4256.199999999979,1
2118,2117.999999999943,498.778125,494.93333333333334,3844.7916666666515,1
2119,2118.9999999999436,498.970833,494.93333333333334,4037.4996666666902,1
2120,2119.999999999943,499.20887,498.53333333333336,675.5366666666305,1
2121,2120.999999999943,499.5125,498.76666666666665,745.8333333333371,1
2122,2121.999999999943,499.689583,498.96666666666664,722.9163333333872,1
2123,2122.9999999999427,499.866667,499.23333333333335,633.3336666666582,1
2124,2123.999999999943,500.078646,499.43333333333334,645.3126666666549,1
2125,2124.999999999943,500.266667,499.6666666666667,600.0003333332984,1
2126,2125.9999999999422,500.435417,499.9,535.4169999999954,1
2127,2126.9999999999422,500.625,500.06666666666666,558.3333333333371,1
2128,2127.9999999999422,500.811979,500.3,511.97899999999663,1
2129,2128.999999999942,500.998958,500.43333333333334,565.6246666666789,1
2130,2129.9999999999427,501.198438,500.6666666666667,531.7713333333245,1
2131,2130.9999999999413,501.361458,500.9,461.4580000000501,1
2132,2131.999999999941,501.548958,501.1,448.95800000000463,1
2133,2132.999999999941,501.723958,501.1333333333333,590.6246666666561,1
2134,2133.999999999941,501.903645,501.4,503.6450000000059,1
2135,2134.999999999941,502.083333,501.46666666666664,616.6663333333418,1
2136,2135.9999999999404,502.292188,501.76666666666665,525.5213333333586,1
2137,2136.99999999994,502.464583,502.0,464.58300000000463,1
2138,2137.99999999994,502.633333,502.1666666666667,466.66633333330765,1
2139,2138.999999999939,502.828125,502.4,428.12500000002274,1
2140,2139.99999999994,503.022917,502.46666666666664,556.2503333333666,1
2141,2140.9999999999395,503.217708,502.76666666666665,451.0413333333645,1
2142,2141.999999999939,503.403646,502.9,503.64600000000337,1
2143,2142.999999999939,503.604167,503.06666666666666,537.5003333333552,1
2144,2143.999999999939,503.805208,503.3333333333333,471.8746666666789,1
2145,2144.9999999999377,504.213542,503.3666666666667,846.8753333333439,1
2146,2145.9999999999377,504.501042,503.56666666666666,934.3753333333211,1
2147,2146.9999999999372,504.676042,503.76666666666665,909.3753333333439,1
2148,2147.999999999937,504.861458,503.8666666666667,994.7913333333531,1
2149,2148.9999999999363,505.01875,504.3666666666667,652.0833333333371,1
2150,2149.999999999936,505.19375,504.6,593.75,1
2151,2150.999999999936,505.346875,504.8,546.875,1
2152,2151.999999999935,505.516666,505.0,516.6659999999865,1
2153,2152.999999999935,505.661458,505.23333333333335,428.1246666666334,1
2154,2153.999999999935,505.852083,505.46666666666664,385.4163333333531,1
2155,2154.9999999999354,505.992969,505.5,492.9690000000164,1
2156,2155.999999999935,506.133854,505.73333333333335,400.52066666663677,1
2157,2156.9999999999354,506.54375,505.9,643.7500000000114,1
2158,2157.999999999934,506.786458,506.0,786.4579999999819,1
2159,2158.999999999934,506.954167,506.2,754.1669999999954,1
2160,2159.999999999934,507.132292,506.46666666666664,665.6253333333666,1
2161,2160.999999999933,507.298958,506.7,598.9580000000387,1
2162,2161.999999999933,507.4625,506.93333333333334,529.1666666666401,1
2163,2162.9999999999322,507.617708,507.1333333333333,484.3746666666675,1
2164,2163.999999999932,507.779688,507.3666666666667,413.02133333334723,1
2165,2164.999999999932,507.921355,507.6,321.35499999998274,1
2166,2165.9999999999313,508.120833,507.6666666666667,454.166333333319,1
2167,2166.9999999999327,508.270312,508.06666666666666,203.64533333332702,1
2168,2167.999999999931,508.419792,508.03333333333336,386.45866666661277,1
2169,2168.9999999999313,508.619271,508.1666666666667,452.6043333333405,1
2170,2169.9999999999313,508.821875,508.3,521.8749999999659,1
2171,2170.9999999999304,508.972917,508.5,472.91699999999537,1
2172,2171.9999999999304,509.161458,508.6,561.4579999999592,1
2173,2172.9999999999304,509.367708,508.8333333333333,534.3746666666789,1
2174,2173.99999999993,509.498958,509.0,498.958000000016,1
2175,2174.9999999999295,509.685938,509.6666666666667,19.27133333333586,1
2176,2175.9999999999295,509.889583,509.3333333333333,556.2496666667016,1
2177,2176.999999999929,510.003125,509.5,503.12500000001137,1
2178,2177.999999999929,510.195313,509.7,495.3130000000101,1
2179,2178.999999999929,510.396875,509.8666666666667,530.2083333333485,1
2180,2179.999999999928,510.491667,510.03333333333336,458.3336666666469,1
2181,2180.999999999928,510.698959,510.23333333333335,465.6256666666536,1
2182,2181.9999999999277,510.909375,510.43333333333334,476.04166666667425,1
2183,2182.9999999999272,511.0125,510.5,512.4999999999886,1
2184,2183.9999999999272,511.223437,510.7,523.4370000000013,1
2185,2184.999999999927,511.4125,510.9,512.5000000000455,1
2186,2185.999999999927,511.535417,511.06666666666666,468.7503333333325,1
2187,2186.9999999999254,511.736458,511.1666666666667,569.7913333333418,1
2188,2187.999999999926,511.929167,511.3333333333333,595.8336666666924,1
2189,2188.999999999926,512.077083,511.6333333333333,443.74966666669025,1
2190,2189.999999999925,512.30625,511.6333333333333,672.9166666666515,1
2191,2190.999999999925,512.54375,511.6333333333333,910.4166666667197,1
2192,2191.999999999925,512.732292,512.0666666666667,665.6253333333098,1
2193,2192.9999999999245,513.133333,512.4333333333333,699.999666666713,1
2194,2193.999999999925,513.414843,512.5333333333333,881.5096666667159,1
2195,2194.9999999999245,513.696354,512.7,996.3539999999966,1
2196,2195.9999999999145,513.798959,512.9666666666667,832.292333333271,1
2197,2196.999999999915,513.958854,513.2666666666667,692.1873333333224,1
2198,2197.9999999999145,514.11875,513.5,618.7499999999773,1
2199,2198.9999999999145,514.209375,513.8,409.3750000000682,1
2200,2199.9999999999145,514.344271,513.9333333333333,410.93766666676856,1
2201,2200.9999999999145,514.479167,513.9333333333333,545.833666666681,1
2202,2201.9999999999145,514.5739580000002,513.9333333333333,640.6246666668949,1
2203,2202.9999999999145,514.713889,514.7333333333333,19.444333333353825,1
2204,2203.9999999999145,514.853819,514.9,46.18099999993319,1
2205,2204.9999999999145,514.99375,514.9,93.75,1
2206,2205.999999999915,515.1784719999998,514.9,278.4719999998515,1
2207,2206.9999999999145,515.363195,514.9,463.19500000004155,1
2208,2207.9999999999145,515.547917,514.9,647.9170000000067,1
2209,2208.999999999915,515.7158860000002,515.9666666666667,250.78066666651466,1
2210,2209.999999999915,515.883854,516.2,316.14600000000337,1
2211,2210.999999999915,516.051823,516.2333333333333,181.51033333333544,1
2212,2211.999999999915,516.219792,516.7666666666667,546.8746666666675,1
2213,2212.999999999914,516.372917,516.1,272.91700000000674,1
2214,2213.999999999914,516.490104,517.2333333333333,743.2293333333746,1
2215,2214.999999999914,516.603125,517.3,696.8749999999773,1
2216,2215.999999999914,516.69375,516.7666666666667,72.91666666662877,1
2217,2216.999999999913,516.828646,517.0,171.35399999995116,1
2218,2217.9999999999127,517.0197919999998,517.0333333333333,13.541333333478178,1
2219,2218.999999999913,517.2109379999998,517.0333333333333,177.6046666665252,1
2220,2219.999999999913,517.285938,517.0333333333333,252.60466666668435,1
2221,2220.9999999999127,517.428646,517.4333333333333,4.687333333322385,1
2222,2221.9999999999127,517.571354,517.6333333333333,61.97933333328365,1
2223,2222.999999999913,517.661979,517.8333333333334,171.35433333339734,1
2224,2223.9999999999127,517.7867190000002,518.8,1013.2809999997789,1
2225,2224.9999999999127,517.911458,518.9666666666667,1055.2086666666582,1
2226,2225.9999999999127,518.016667,519.2,1183.3330000000615,1
2227,2226.9999999999127,518.146875,519.4333333333333,1286.4583333332575,1
2228,2227.9999999999127,518.277084,519.6666666666666,1389.5826666666835,1
2229,2228.9999999999127,518.407292,519.2,792.7080000000615,1
2230,2229.999999999913,518.5822919999998,519.4333333333333,851.0413333334554,1
2231,2230.999999999913,518.757292,519.6666666666666,909.374666666622,1
2232,2231.999999999913,518.932292,519.8666666666667,934.374666666713,1
2233,2232.999999999913,519.088933,519.4666666666667,377.7336666666997,1
2234,2233.999999999914,519.245573,519.5333333333333,287.7603333332672,1
2235,2234.999999999913,519.402214,519.5333333333333,131.1193333333449,1
2236,2235.999999999913,519.558854,519.5333333333333,25.520666666693614,1
2237,2236.9999999999127,519.705208,519.5333333333333,171.8746666666675,1
2238,2237.9999999999127,519.828125,519.5333333333333,294.791666666697,1
2239,2238.999999999912,519.930208,519.5333333333333,396.87466666669025,1
2240,2239.999999999912,520.032292,519.5333333333333,498.958666666681,1
2241,2240.999999999912,520.1375,519.5333333333333,604.1666666667425,1
2242,2241.9999999999063,520.275261,519.5333333333333,741.9276666666974,1
2243,2242.9999999999063,520.413021,519.5333333333333,879.6876666666549,1
2244,2243.9999999999063,520.525,519.5333333333333,991.6666666666742,1
2245,2244.9999999999063,520.639583,521.1333333333333,493.75033333330975,1
2246,2245.9999999999063,520.754166,521.3,545.8339999998998,1
2247,2246.9999999999063,520.8552080000002,521.2,344.7919999998703,1
2248,2247.9999999999063,520.953645,521.0,46.35499999994863,1
2249,2248.9999999999063,521.052083,521.0,52.08300000003874,1
2250,2249.999999999906,521.15,521.0,149.99999999997726,1
2251,2250.9999999999063,521.241406,521.0,241.40599999998358,1
2252,2251.9999999999063,521.332813,521.0,332.81299999998737,1
2253,2252.999999999906,521.430208,521.0,430.20799999999326,1
2254,2253.9999999999063,521.522656,521.0,522.6559999999836,1
2255,2254.9999999999063,521.615104,521.0,615.1039999999739,1
2256,2255.999999999906,521.725521,521.0,725.5209999999579,1
2257,2256.9999999999063,521.829167,521.0,829.166999999984,1
2258,2257.999999999906,521.932812,521.0,932.8120000000126,1
2259,2258.999999999906,522.041146,521.0,1041.146000000026,1
2260,2259.999999999906,522.15625,522.2666666666667,110.41666666665151,1
2261,2260.999999999906,522.271354,522.5,228.6460000000261,1
2262,2261.999999999906,522.483333,522.4333333333333,49.99966666673572,1
2263,2262.9999999999063,522.63125,522.6666666666666,35.416666666606034,1
2264,2263.999999999906,522.779167,522.9,120.83299999994779,1
2265,2264.999999999906,523.217708,523.1333333333333,84.37466666669025,1
2266,2265.999999999906,523.422395,522.7333333333333,689.0616666667029,1
2267,2266.999999999905,523.54375,522.9,643.7500000000682,1
2268,2267.9999999999045,523.697917,523.1666666666666,531.2503333333325,1
2269,2268.9999999999045,523.827083,523.3666666666667,460.41633333334175,1
2270,2269.9999999999036,523.976042,523.6,376.041999999984,1
2271,2270.9999999999036,524.132292,523.8333333333334,298.9586666666355,1
2272,2271.999999999903,524.271875,524.0666666666667,205.20833333330302,1
2273,2272.9999999999022,524.395833,524.2666666666667,129.16633333338723,1
2274,2273.9999999999027,524.539583,524.3,239.58300000003874,1
2275,2274.9999999999022,524.6640629999998,524.4666666666667,197.39633333313122,1
2276,2275.9999999999022,524.788542,524.6666666666666,121.87533333337797,1
2277,2276.9999999999022,525.1135419999998,524.9,213.54199999984758,1
2278,2277.9999999999022,525.310938,525.1666666666666,144.27133333333586,1
2279,2278.9999999999013,525.424479,525.4,24.479000000042106,1
2280,2279.9999999999004,525.569792,525.6,30.208000000016,1
2281,2280.9999999999004,525.70625,525.8333333333334,127.0833333334167,1
2282,2281.9999999999,525.8552080000002,526.0666666666667,211.45866666654456,1
2283,2282.999999999899,526.001042,525.8,201.04200000002947,1
2284,2283.9999999998986,526.134375,525.9666666666667,167.70833333328028,1
2285,2284.999999999898,526.260937,526.1333333333333,127.60366666668688,1
2286,2285.999999999898,526.38125,526.1666666666666,214.58333333339397,1
2287,2286.9999999998986,526.516667,526.1666666666666,350.00033333335523,1
2288,2287.999999999898,526.6520830000002,526.6333333333333,18.749666666849407,1
2289,2288.999999999898,526.785416,526.9333333333333,147.91733333322554,1
2290,2289.999999999898,526.9,529.7333333333333,2833.3333333333712,1
2291,2290.9999999998986,527.01875,529.8666666666667,2847.9166666667197,1
2292,2291.999999999898,527.129166,528.3,1170.8339999998998,1
2293,2292.999999999892,527.271354,527.8,528.6459999999806,1
2294,2293.999999999892,527.375521,527.9333333333333,557.8123333332314,1
2295,2294.9999999998927,527.479687,528.2666666666667,786.9796666666389,1
2296,2295.9999999998918,527.60625,528.6,993.7499999999773,1
2297,2296.999999999892,527.692708,528.8,1107.2919999999158,1
2298,2297.999999999892,527.803125,529.0,1196.8749999999773,1
2299,2298.999999999892,527.929167,529.2,1270.8330000000387,1
2300,2299.9999999998918,528.036458,529.4666666666667,1430.2086666666582,1
2301,2300.9999999998918,528.158334,529.6666666666666,1508.3326666666608,1
2302,2301.9999999998913,528.263542,529.8333333333334,1569.7913333333418,1
2303,2302.9999999998913,528.35,528.8333333333334,483.3333333333485,1
2304,2303.9999999998913,528.4572919999998,529.0333333333333,576.0413333334782,1
2305,2304.9999999998913,528.583855,529.2333333333333,649.4783333333771,1
2306,2305.9999999998913,528.683334,529.4666666666667,783.3326666667517,1
2307,2306.999999999891,528.840625,529.6666666666666,826.0416666665833,1
2308,2307.999999999891,528.969271,529.8333333333334,864.0623333333224,1
2309,2308.999999999891,529.095313,529.9666666666667,871.3536666666641,1
2310,2309.999999999891,529.207813,529.0333333333333,174.47966666668435,1
2311,2310.999999999891,529.327084,529.1666666666666,160.4173333333847,1
2312,2311.9999999998913,529.432292,529.4,32.291999999984,1
2313,2312.9999999998913,529.559375,529.6666666666666,107.2916666665833,1
2314,2313.9999999998913,529.684722,529.9,215.27800000001207,1
2315,2314.9999999998913,529.81007,529.8666666666667,56.596666666678175,1
2316,2315.999999999891,529.935417,529.7,235.416999999984,1
2317,2316.999999999891,530.06632,529.7666666666667,299.6533333333673,1
2318,2317.999999999891,530.197222,529.7666666666667,430.55533333335916,1
2319,2318.999999999891,530.328125,529.7666666666667,561.4583333333485,1
2320,2319.9999999998913,530.454514,529.7666666666667,687.8473333333659,1
2321,2320.9999999998927,530.580903,529.7666666666667,814.2363333333833,1
2322,2321.9999999998913,530.7072919999998,529.7666666666667,940.6253333331733,1
2323,2322.9999999998913,530.861459,529.7666666666667,1094.7923333333165,1
2324,2323.9999999998927,531.015625,529.7666666666667,1248.9583333333485,1
2325,2324.9999999998913,531.169792,530.9666666666667,203.1253333333325,1
2326,2325.9999999998918,531.351042,531.0333333333333,317.7086666667037,1
2327,2326.9999999998913,531.532292,531.1,432.29199999996126,1
2328,2327.9999999998913,531.713542,531.2666666666667,446.87533333330975,1
2329,2328.999999999891,531.8947919999998,531.4666666666667,428.12533333312786,1
2330,2329.9999999998913,532.076042,531.7,376.041999999984,1
2331,2330.99999999989,532.257292,531.9333333333333,323.95866666672646,1
2332,2331.999999999891,532.393316,532.1333333333333,259.98266666670133,1
2333,2332.9999999998913,532.52934,532.1666666666666,362.67333333341867,1
2334,2333.999999999891,532.6653650000002,532.1666666666666,498.6983333335502,1
2335,2334.999999999891,532.801389,532.4333333333333,368.05566666669165,1
2336,2335.9999999998913,532.937413,532.6333333333333,304.0796666666665,1
2337,2336.999999999891,533.073437,532.8666666666667,206.77033333333839,1
