beat_idx,gt_beat,gt_time_s,pred_time_s,err_ms,ok
0,0.0,0.9433600000000001,0.0,943.3600000000001,1
1,1.0000000000000002,1.182943,0.0,1182.943,1
2,2.0000000000000004,1.422527,1.3666666666666667,55.8603333333334,1
3,3.000000000000001,1.626953,1.6333333333333333,6.38033333333321,1
4,4.000000000000001,1.853841,1.6666666666666667,187.17433333333332,1
5,5.000000000000001,2.0807290000000003,1.6666666666666667,414.0623333333335,1
6,6.000000000000001,2.267578,2.2333333333333334,34.244666666666475,1
7,7.0,2.465386,2.3666666666666667,98.71933333333338,1
8,8.000000000000002,2.663194,2.3666666666666667,296.52733333333316,1
9,9.000000000000002,2.8610029999999997,2.4,461.0029999999998,1
10,10.000000000000002,3.058811,2.6,458.81099999999986,1
11,11.000000000000004,3.2566189999999997,2.8,456.6189999999999,1
12,12.000000000000004,3.4544269999999995,3.033333333333333,421.09366666666625,1
13,13.000000000000004,3.671007,3.466666666666667,204.34033333333312,1
14,14.000000000000002,3.8875870000000003,3.466666666666667,420.9203333333336,1
15,15.000000000000002,4.1041669999999995,0.9,3204.1669999999995,1
16,16.000000000000004,4.312283,0.9,3412.283,1
17,17.000000000000004,4.5204,4.566666666666666,46.26666666666601,1
18,18.000000000000004,4.728516,4.7,28.515999999999764,1
19,19.0,4.936632,4.966666666666667,30.034666666666432,1
20,20.0,5.144749,4.966666666666667,178.08233333333322,1
21,21.000000000000004,5.352865,5.433333333333334,80.46833333333313,1
22,22.000000000000004,5.514323,5.633333333333334,119.01033333333366,1
23,23.000000000000007,5.675781,5.866666666666666,190.8856666666665,1
24,24.000000000000018,5.9166669999999995,5.933333333333334,16.666333333334116,1
25,25.000000000000007,6.158203,6.1,58.20300000000067,1
26,26.000000000000007,6.399739,6.433333333333334,33.59433333333328,1
27,27.000000000000014,6.582031,6.6,17.9689999999999,1
28,28.00000000000001,6.797851,6.766666666666667,31.184333333333036,1
29,29.000000000000025,7.013672,7.0,13.671999999999684,1
30,30.000000000000018,7.204427000000001,7.133333333333334,71.09366666666705,1
31,31.000000000000018,7.400174000000001,7.366666666666666,33.507333333334444,1
32,32.00000000000002,7.59592,7.666666666666667,70.74666666666741,1
33,33.00000000000002,7.7916669999999995,7.866666666666666,74.9996666666668,1
34,34.00000000000002,7.987413,8.1,112.58699999999955,1
35,35.00000000000002,8.18316,8.266666666666667,83.50666666666662,1
36,36.00000000000002,8.378906,8.333333333333334,45.572666666666706,1
37,37.00000000000002,8.583984,8.466666666666667,117.31733333333239,1
38,38.00000000000002,8.789062,8.7,89.0620000000002,1
39,39.000000000000036,8.994141,8.766666666666667,227.47433333333333,1
40,40.00000000000002,9.20128,9.3,98.72000000000014,1
41,41.00000000000002,9.40842,9.533333333333333,124.91333333333365,1
42,42.00000000000002,9.61556,9.7,84.43999999999896,1
43,43.00000000000002,9.8227,9.733333333333333,89.36666666666682,1
44,44.00000000000003,10.029838999999999,9.833333333333334,196.50566666666515,1
45,45.00000000000003,10.236979,10.233333333333333,3.6456666666673243,1
46,46.00000000000002,10.41569,10.433333333333334,17.6433333333339,1
47,47.000000000000036,10.594401,10.666666666666666,72.26566666666656,1
48,48.000000000000036,10.795573,10.8,4.427000000001513,1
49,49.000000000000036,10.96658,11.0,33.41999999999956,1
50,50.000000000000036,11.137587,11.233333333333333,95.7463333333326,1
51,51.000000000000036,11.308594,11.366666666666667,58.07266666666777,1
52,52.000000000000036,11.470486,11.5,29.514000000000706,1
53,53.00000000000003,11.632379,11.733333333333333,100.95433333333226,1
54,54.000000000000036,11.794271,11.833333333333334,39.062333333333754,1
55,55.00000000000003,11.978299,12.066666666666666,88.36766666666662,1
56,56.00000000000002,12.162326,12.3,137.67400000000052,1
57,57.00000000000003,12.346354,12.333333333333334,13.020666666665903,1
58,58.00000000000003,12.574219,12.533333333333333,40.885666666666154,1
59,59.00000000000003,12.802083,12.766666666666667,35.41633333333216,1
60,60.00000000000003,13.029948,12.9,129.94799999999884,1
61,61.00000000000002,13.257812,13.2,57.8120000000002,1
62,62.00000000000003,13.485676999999999,13.4,85.67699999999867,1
63,63.00000000000003,13.713541000000001,13.466666666666667,246.8743333333343,1
64,64.00000000000003,13.941406,13.966666666666667,25.260666666666154,1
65,65.00000000000003,14.163607,14.2,36.392999999998565,1
66,66.00000000000003,14.385807000000002,14.433333333333334,47.526333333332005,1
67,67.00000000000003,14.608007999999998,14.733333333333333,125.3253333333344,1
68,68.00000000000003,14.830207999999999,14.9,69.79200000000141,1
69,69.00000000000003,15.052408999999999,15.133333333333333,80.92433333333382,1
70,70.00000000000003,15.274609,13.933333333333334,1341.2756666666662,1
71,71.00000000000003,15.49681,13.966666666666667,1530.1433333333332,1
72,72.00000000000003,15.71901,13.966666666666667,1752.343333333334,1
73,73.00000000000003,15.941211,13.966666666666667,1974.5443333333324,1
74,74.00000000000003,16.163412,13.966666666666667,2196.745333333334,1
75,75.00000000000004,16.330729,13.966666666666667,2364.0623333333347,1
76,76.00000000000003,16.601563,13.433333333333334,3168.2296666666653,1
77,77.00000000000003,16.872396,13.9,2972.395999999998,1
78,78.00000000000003,17.044271,14.0,3044.2709999999984,1
79,79.00000000000004,17.241971,13.766666666666667,3475.304333333332,1
80,80.00000000000003,17.43967,13.833333333333334,3606.3366666666657,1
81,81.00000000000003,17.63737,13.866666666666667,3770.7033333333334,1
82,82.00000000000003,17.83507,13.833333333333334,4001.736666666668,1
83,83.00000000000004,18.032769000000002,13.8,4232.769000000001,1
84,84.00000000000003,18.230469,13.966666666666667,4263.802333333332,1
85,85.00000000000004,18.439019000000002,14.2,4239.019000000003,1
86,86.00000000000004,18.64757,14.433333333333334,4214.2366666666685,1
87,87.00000000000006,18.85612,14.666666666666666,4189.453333333335,1
88,88.00000000000004,19.038672000000002,14.9,4138.672000000001,1
89,89.00000000000004,19.221224,15.1,4121.224,1
90,90.00000000000004,19.403776,14.7,4703.776000000002,1
91,91.00000000000004,19.586327999999998,14.9,4686.327999999998,1
92,92.00000000000006,19.76888,15.133333333333333,4635.546666666666,1
93,93.00000000000007,19.996094,15.366666666666667,4629.427333333332,1
94,94.00000000000006,20.156901,15.433333333333334,4723.567666666668,1
95,95.00000000000007,20.317708,15.166666666666666,5151.041333333334,1
96,96.0000000000001,20.540364999999998,15.066666666666666,5473.698333333331,1
97,97.00000000000007,20.776367,15.133333333333333,5643.033666666668,1
98,98.00000000000009,21.01237,15.233333333333333,5779.036666666668,1
99,99.00000000000009,21.166016,15.466666666666667,5699.349333333333,1
100,100.00000000000009,21.387695,16.466666666666665,4921.0283333333355,1
101,101.00000000000013,21.609375,16.6,5009.374999999998,1
102,102.00000000000009,21.787761,17.0,4787.7609999999995,1
103,103.0000000000001,21.980469,17.133333333333333,4847.135666666666,1
104,104.0000000000001,22.173177,17.466666666666665,4706.510333333334,1
105,105.00000000000009,22.365885000000002,17.7,4665.885000000003,1
106,106.00000000000009,22.558594,17.933333333333334,4625.260666666666,1
107,107.00000000000009,22.751302,17.1,5651.301999999998,1
108,108.0000000000001,22.944010000000002,17.1,5844.010000000001,1
109,109.0000000000001,23.161892,17.1,6061.892,1
110,110.0000000000001,23.379773999999998,23.2,179.77399999999832,1
111,111.00000000000017,23.597656,25.033333333333335,1435.6773333333344,1
112,112.0000000000001,23.798177,25.266666666666666,1468.4896666666666,1
113,113.00000000000013,23.998698,25.5,1501.301999999999,1
114,114.00000000000013,24.199219,25.733333333333334,1534.1143333333348,1
115,115.0000000000001,24.399739,25.966666666666665,1566.9276666666647,1
116,116.0000000000001,24.600260000000002,26.2,1599.739999999997,1
117,117.0000000000001,24.800781,26.433333333333334,1632.5523333333329,1
118,118.00000000000013,24.965494,27.166666666666668,2201.172666666668,1
119,119.00000000000013,25.130208,27.366666666666667,2236.4586666666673,1
120,120.00000000000013,25.352864999999998,27.566666666666666,2213.8016666666686,1
121,121.00000000000014,25.530816,25.566666666666666,35.85066666666492,1
122,122.00000000000013,25.708768,25.8,91.23200000000153,1
123,123.00000000000014,25.886719,26.333333333333332,446.61433333333275,1
124,124.00000000000014,26.048177,26.266666666666666,218.4896666666667,1
125,125.00000000000014,26.209636,26.8,590.3640000000009,1
126,126.0000000000002,26.371094,26.866666666666667,495.57266666666777,1
127,127.00000000000014,26.549262,26.833333333333332,284.0713333333333,1
128,128.00000000000014,26.727431,26.833333333333332,105.90233333333288,1
129,129.00000000000014,26.905599,26.933333333333334,27.73433333333486,1
130,130.00000000000014,27.0891,27.133333333333333,44.23333333333446,1
131,131.00000000000014,27.2726,27.366666666666667,94.06666666666652,1
132,132.00000000000014,27.456101,27.6,143.8990000000011,1
133,133.00000000000014,27.639602000000004,27.766666666666666,127.06466666666216,1
134,134.00000000000014,27.823103000000003,28.0,176.89699999999675,1
135,135.00000000000014,28.006603000000002,28.1,93.39699999999951,1
136,136.0000000000002,28.190103999999998,28.2,9.896000000001237,1
137,137.00000000000014,28.388021000000002,28.433333333333334,45.31233333333162,1
138,138.00000000000014,28.585938,28.6,14.062000000002683,1
139,139.00000000000014,28.783853999999998,28.8,16.14600000000266,1
140,140.00000000000014,28.981771000000002,29.033333333333335,51.562333333333044,1
141,141.00000000000014,29.179688,29.3,120.31200000000197,1
142,142.00000000000014,29.377605,29.366666666666667,10.93833333333194,1
143,143.00000000000014,29.575521000000002,29.366666666666667,208.8543333333348,1
144,144.00000000000014,29.773438,29.766666666666666,6.771333333333018,1
145,145.00000000000014,29.95638,29.966666666666665,10.286666666665667,1
146,146.0000000000002,30.139322999999997,30.2,60.67700000000187,1
147,147.00000000000014,30.315103999999998,30.4,84.89600000000053,1
148,148.00000000000014,30.52474,30.633333333333333,108.59333333333154,1
149,149.00000000000017,30.642578000000004,30.866666666666667,224.08866666666327,1
150,150.0000000000002,30.824219,31.1,275.78100000000205,1
151,151.00000000000028,30.967447999999997,31.133333333333333,165.88533333333544,1
152,152.00000000000026,31.141927000000003,31.366666666666667,224.73966666666456,1
153,153.00000000000028,31.30599,31.366666666666667,60.676666666665824,1
154,154.00000000000028,31.494358000000002,31.366666666666667,127.69133333333471,1
155,155.00000000000028,31.682726000000002,31.366666666666667,316.05933333333525,1
156,156.00000000000034,31.871094,32.36666666666667,495.57266666666777,1
157,157.00000000000028,32.03125,32.666666666666664,635.4166666666642,1
158,158.00000000000034,32.201823,32.93333333333333,731.5103333333326,1
159,159.00000000000034,32.381510999999996,33.4,1018.4890000000024,1
160,160.00000000000034,32.55599,33.6,1044.0100000000002,1
161,161.00000000000034,32.733724,32.833333333333336,99.60933333333344,1
162,162.00000000000034,32.907552,33.03333333333333,125.78133333332886,1
163,163.00000000000034,33.066406,33.03333333333333,33.07266666666919,1
164,164.00000000000034,33.231771,33.266666666666666,34.89566666666377,1
165,165.00000000000028,33.426433,33.36666666666667,59.76633333333581,1
166,166.0000000000003,33.627604,33.6,27.60399999999663,1
167,167.00000000000034,33.792318,33.833333333333336,41.01533333333407,1
168,168.00000000000028,34.015625,34.03333333333333,17.70833333333144,1
169,169.00000000000028,34.205729,34.166666666666664,39.062333333333754,1
170,170.00000000000028,34.395833,34.36666666666667,29.16633333333607,1
171,171.0000000000003,34.559245000000004,34.53333333333333,25.911666666672772,1
172,172.00000000000037,34.760417,34.833333333333336,72.91633333333891,1
173,173.00000000000028,34.880208,35.06666666666667,186.45866666666677,1
174,174.00000000000028,35.075521,35.3,224.4789999999952,1
175,175.00000000000026,35.205729,35.46666666666667,260.9376666666705,1
176,176.00000000000026,35.376302,35.53333333333333,157.03133333332886,1
177,177.00000000000028,35.552083,35.666666666666664,114.58366666666109,1
178,178.0000000000002,35.749565999999994,35.666666666666664,82.8993333333301,1
179,179.00000000000017,35.947049,35.666666666666664,280.3823333333355,1
180,180.0000000000002,36.144531,36.333333333333336,188.80233333333507,1
181,181.0000000000002,36.359375,36.5,140.625,1
182,182.00000000000026,36.528646,36.56666666666667,38.020666666668035,1
183,183.00000000000017,36.665365,36.733333333333334,67.96833333333296,1
184,184.00000000000014,36.829427,36.86666666666667,37.23966666666456,1
185,185.00000000000014,36.988281,37.03333333333333,45.05233333333081,1
186,186.00000000000017,37.168620000000004,37.266666666666666,98.04666666666151,1
187,187.0000000000002,37.339844,37.5,160.15600000000063,1
188,188.00000000000014,37.511719,37.53333333333333,21.61433333333207,1
189,189.0000000000001,37.698567,37.766666666666666,68.09966666666867,1
190,190.0000000000001,37.910156,37.86666666666667,43.48933333333349,1
191,191.0000000000001,38.127604,38.1,27.60399999999663,1
192,192.00000000000017,38.614583,38.333333333333336,281.2496666666675,1
193,193.00000000000017,38.895833,38.666666666666664,229.1663333333389,1
194,194.00000000000017,39.08724,39.03333333333333,53.90666666666988,1
195,195.00000000000017,39.240885,39.266666666666666,25.781666666667036,1
196,196.00000000000017,39.470703,39.53333333333333,62.63033333333112,1
197,197.00000000000017,39.661458,39.8,138.54199999999395,1
198,198.0000000000002,39.923177,39.93333333333333,10.156333333327439,1
199,199.0000000000002,40.106771,40.166666666666664,59.89566666666235,1
200,200.00000000000017,40.296875,40.43333333333333,136.45833333333002,1
201,201.00000000000017,40.63151,40.6,31.509999999997262,1
202,202.00000000000014,40.898438,40.8,98.43800000000158,1
203,203.00000000000017,41.059896,41.03333333333333,26.56266666667051,1
204,204.00000000000017,41.236328,41.266666666666666,30.338666666665404,1
205,205.00000000000017,41.404948,41.46666666666667,61.71866666667114,1
206,206.00000000000017,41.619792,41.7,80.20800000000605,1
207,207.00000000000017,41.834635999999996,41.93333333333333,98.69733333333386,1
208,208.00000000000017,42.042318,42.166666666666664,124.34866666666267,1
209,209.00000000000017,42.232422,42.43333333333333,200.91133333333033,1
210,210.00000000000017,42.527344,42.5,27.34399999999937,1
211,211.00000000000017,42.704427,42.733333333333334,28.906333333331702,1
212,212.00000000000017,42.893229,43.0,106.77100000000195,1
213,213.0000000000002,43.120443,43.2,79.55700000000121,1
214,214.00000000000017,43.299479,43.36666666666667,67.18766666666909,1
215,215.0000000000002,43.495442,43.6,104.55800000000437,1
216,216.0000000000002,43.833333,43.666666666666664,166.6663333333389,1
217,217.0000000000002,44.052083,43.96666666666667,85.41633333333465,1
218,218.0000000000002,44.25,44.233333333333334,16.66666666666572,1
219,219.0000000000002,44.445312,44.46666666666667,21.3546666666673,1
220,220.0000000000002,44.589193,44.7,110.80700000000121,1
221,221.00000000000028,44.817709,44.96666666666667,148.95766666666788,1
222,222.0000000000003,45.147135,45.13333333333333,13.801666666665824,1
223,223.0000000000003,45.36849,45.333333333333336,35.156666666665615,1
224,224.0000000000003,45.579427,45.63333333333333,53.90633333333028,1
225,225.0000000000003,45.856771,45.766666666666666,90.10433333333623,1
226,226.0000000000003,46.105469,46.06666666666667,38.802333333329386,1
227,227.0000000000003,46.296875,46.266666666666666,30.20833333333428,1
228,228.0000000000003,46.449219,46.5,50.78100000000063,1
229,229.0000000000003,46.666667,46.733333333333334,66.66633333333749,1
230,230.0000000000003,46.829427,46.96666666666667,137.23966666666598,1
231,231.0000000000003,47.040365,47.2,159.63500000000153,1
232,232.0000000000003,47.265625,47.46666666666667,201.04166666666856,1
233,233.00000000000034,47.466146,47.63333333333333,167.1873333333309,1
234,234.00000000000037,47.66276,47.7,37.24000000000416,1
235,235.00000000000037,47.884115,47.9,15.884999999997262,1
236,236.00000000000037,48.066406,48.06666666666667,0.26066666666935134,1
237,237.00000000000037,48.242839000000004,48.3,57.16099999999358,1
238,238.00000000000037,48.447917,48.5,52.08300000000321,1
239,239.00000000000037,48.636719,48.766666666666666,129.94766666666635,1
240,240.00000000000037,48.986328,48.93333333333333,52.9946666666703,1
241,241.00000000000037,49.175781,49.2,24.21900000000221,1
242,242.0000000000003,49.373698,49.43333333333333,59.635333333332596,1
243,243.0000000000003,49.542969,49.6,57.03100000000205,1
244,244.00000000000034,49.751953,49.833333333333336,81.38033333333539,1
245,245.0000000000003,49.923177,50.03333333333333,110.15633333332886,1
246,246.00000000000034,50.180339000000004,50.333333333333336,152.99433333333212,1
247,247.00000000000037,50.341146,50.53333333333333,192.1873333333295,1
248,248.00000000000037,50.527344,50.86666666666667,339.32266666666777,1
249,249.00000000000037,50.745443,51.1,354.5569999999998,1
250,250.0000000000004,50.90625,51.3,393.74999999999716,1
251,251.00000000000037,51.091146,51.46666666666667,375.5206666666666,1
252,252.0000000000004,51.358073,51.7,341.9270000000054,1
253,253.00000000000037,51.56901,51.766666666666666,197.65666666666704,1
254,254.0000000000004,51.776693,51.93333333333333,156.64033333332839,1
255,255.00000000000037,52.014974,52.36666666666667,351.6926666666649,1
256,256.0000000000004,52.222656,52.5,277.34399999999937,1
257,257.00000000000034,52.432292000000004,52.5,67.7079999999961,1
258,258.00000000000045,52.664063,52.7,35.937000000004105,1
259,259.0000000000004,52.877604000000005,52.9,22.39599999999342,1
260,260.0000000000004,53.05859399999999,53.1,41.40600000000916,1
261,261.00000000000045,53.257813,53.3,42.18699999999842,1
262,262.0000000000004,53.467448,53.5,32.55200000000258,1
263,263.00000000000045,53.66796899999999,53.766666666666666,98.69766666667346,1
264,264.00000000000045,54.025391000000006,53.96666666666667,58.7243333333376,1
265,265.0000000000004,54.210938,54.2,10.937999999995895,1
266,266.0000000000004,54.446615,54.46666666666667,20.051666666667245,1
267,267.00000000000045,54.64388100000001,54.63333333333333,10.547666666674615,1
268,268.00000000000045,54.861979000000005,54.86666666666667,4.687666666661983,1
269,269.00000000000045,55.057943,55.13333333333333,75.39033333333123,1
270,270.00000000000045,55.309895,55.333333333333336,23.438333333338335,1
271,271.0000000000004,55.523438,55.56666666666667,43.228666666671245,1
272,272.0000000000004,55.695312,55.766666666666666,71.35466666666446,1
273,273.00000000000045,55.89974,56.06666666666667,166.92666666666867,1
274,274.0000000000004,56.098958999999994,56.233333333333334,134.3743333333407,1
275,275.0000000000005,56.296875,56.46666666666667,169.79166666666856,1
276,276.0000000000005,56.50651,56.56666666666667,60.1566666666713,1
277,277.0000000000005,56.722005,56.766666666666666,44.661666666662825,1
278,278.0000000000005,56.883464000000004,57.13333333333333,249.86933333332928,1
279,279.0000000000005,57.141927,57.13333333333333,8.59366666666972,1
280,280.0000000000005,57.283854000000005,57.333333333333336,49.479333333330544,1
281,281.0000000000005,57.440104000000005,57.5,59.89599999999484,1
282,282.0000000000005,57.716145999999995,57.733333333333334,17.18733333333944,1
283,283.0000000000005,57.947917000000004,58.0,52.082999999996105,1
284,284.0000000000005,58.14974,58.266666666666666,116.9266666666644,1
285,285.0000000000005,58.367839000000004,58.266666666666666,101.17233333333786,1
286,286.0000000000004,58.584635,58.733333333333334,148.6983333333356,1
287,287.0000000000005,58.848957999999996,58.8,48.95799999999895,1
288,288.0000000000004,59.200520999999995,58.96666666666667,233.85433333332628,1
289,289.0000000000005,59.376302,59.333333333333336,42.96866666666688,1
290,290.0000000000005,59.58984399999999,59.6,10.156000000009158,1
291,291.0000000000005,59.880208999999994,59.766666666666666,113.54233333332786,1
292,292.0000000000005,60.114582999999996,60.0,114.5829999999961,1
293,293.00000000000057,60.28125,60.3,18.749999999997158,1
294,294.0000000000005,60.507812,60.5,7.812000000001262,1
295,295.00000000000057,60.705729000000005,60.7,5.729000000002316,1
296,296.0000000000005,60.882812,61.0,117.18799999999874,1
297,297.00000000000057,61.063802,61.266666666666666,202.86466666666314,1
298,298.0000000000005,61.273438,61.5,226.56200000000126,1
299,299.00000000000057,61.473957999999996,61.733333333333334,259.3753333333382,1
300,300.0000000000005,61.69140600000001,61.93333333333333,241.92733333332228,1
301,301.00000000000057,61.888020999999995,62.2,311.979000000008,1
302,302.0000000000005,62.110677,62.233333333333334,122.6563333333317,1
303,303.00000000000057,62.352865,62.53333333333333,180.46833333333012,1
304,304.00000000000057,62.59375,62.53333333333333,60.41666666666856,1
305,305.0000000000006,62.729167000000004,62.63333333333333,95.83366666667104,1
306,306.00000000000057,63.014323,63.0,14.322999999997421,1
307,307.0000000000006,63.209635,63.233333333333334,23.698333333335597,1
308,308.0000000000006,63.407552,63.46666666666667,59.11466666666598,1
309,309.0000000000006,63.621745,63.7,78.25500000000574,1
310,310.0000000000006,63.811198,63.86666666666667,55.46866666666972,1
311,311.0000000000006,64.005859,64.1,94.14099999999337,1
312,312.0000000000006,64.40950600000001,64.33333333333333,76.17266666667888,1
313,313.0000000000006,64.623698,64.6,23.69800000001021,1
314,314.0000000000006,64.84375,64.83333333333333,10.416666666671404,1
315,315.0000000000006,65.091145,65.03333333333333,57.81166666666593,1
316,316.0000000000006,65.320964,65.26666666666667,54.29733333333786,1
317,317.0000000000006,65.552083,65.5,52.082999999996105,1
318,318.0000000000007,65.761719,65.73333333333333,28.385666666665088,1
319,319.0000000000007,65.955729,65.96666666666667,10.937666666663404,1
320,320.0000000000007,66.106771,66.2,93.229000000008,1
321,321.0000000000007,66.34700500000001,66.4,52.994999999995684,1
322,322.0000000000007,66.564453,66.56666666666666,2.2136666666625615,1
323,323.0000000000007,66.757812,66.8,42.187999999995895,1
324,324.0000000000007,66.969401,66.93333333333334,36.06766666666772,1
325,325.00000000000057,67.17838499999999,67.26666666666667,88.28166666667414,1
326,326.0000000000006,67.354167,67.43333333333334,79.16633333333323,1
327,327.0000000000007,67.589844,67.6,10.155999999994947,1
328,328.0000000000007,67.77213499999999,67.8,27.86500000000558,1
329,329.0000000000007,67.953125,68.03333333333333,80.20833333333144,1
330,330.0000000000007,68.136719,68.3,163.2809999999978,1
331,331.0000000000006,68.345052,68.5,154.94800000000453,1
332,332.0000000000007,68.519531,68.66666666666667,147.13566666667077,1
333,333.0000000000007,68.723958,69.0,276.0420000000039,1
334,334.00000000000074,68.910156,69.23333333333333,323.17733333333365,1
335,335.00000000000074,69.08463499999999,69.23333333333333,148.6983333333427,1
336,336.0000000000008,69.32161500000001,69.46666666666667,145.05166666666014,1
337,337.0000000000008,69.52474000000001,69.66666666666667,141.92666666666298,1
338,338.0000000000008,69.69986999999999,69.73333333333333,33.46333333334428,1
339,339.0000000000008,69.978516,69.93333333333334,45.18266666666193,1
340,340.00000000000085,70.164062,70.16666666666667,2.6046666666701412,1
341,341.0000000000008,70.38411500000001,70.43333333333334,49.2183333333287,1
342,342.00000000000085,70.542969,70.66666666666667,123.69766666667203,1
343,343.00000000000085,70.726562,70.86666666666666,140.10466666665877,1
344,344.0000000000009,70.89518199999999,71.06666666666666,171.48466666667161,1
345,345.0000000000009,71.11393199999999,71.16666666666667,52.73466666668014,1
346,346.0000000000009,71.402344,71.4,2.3439999999936845,1
347,347.0000000000009,71.483724,71.7,216.27600000000768,1
348,348.00000000000097,71.768229,71.73333333333333,34.89566666667088,1
349,349.0000000000009,71.95963499999999,71.96666666666667,7.031666666676983,1
350,350.00000000000097,72.151042,72.2,48.95799999999895,1
351,351.000000000001,72.326172,72.43333333333334,107.16133333333744,1
352,352.000000000001,72.52474000000001,72.66666666666667,141.92666666666298,1
353,353.000000000001,72.686198,72.93333333333334,247.1353333333326,1
354,354.0000000000011,72.83463499999999,73.16666666666667,332.0316666666798,1
355,355.0000000000011,73.028645,73.16666666666667,138.02166666667404,1
356,356.0000000000011,73.222656,73.3,77.34399999999653,1
357,357.0000000000011,73.392578,73.66666666666667,274.0886666666711,1
358,358.00000000000114,73.566406,73.76666666666667,200.2606666666651,1
359,359.00000000000125,73.765625,73.76666666666667,1.0416666666657193,1
360,360.00000000000125,73.947917,73.96666666666667,18.749666666664666,1
361,361.00000000000125,74.136719,74.2,63.28100000000347,1
362,362.00000000000114,74.325521,74.43333333333334,107.81233333334228,1
363,363.0000000000013,74.509114,74.6,90.88599999999758,1
364,364.0000000000013,74.648438,74.86666666666666,218.2286666666613,1
365,365.0000000000013,74.828125,75.0,171.875,1
366,366.0000000000014,75.036458,75.13333333333334,96.87533333334386,1
367,367.0000000000014,75.225911,75.33333333333333,107.42233333333218,1
368,368.0000000000015,75.41536500000001,75.53333333333333,117.96833333332302,1
369,369.0000000000014,75.59700500000001,75.8,202.99499999998716,1
370,370.0000000000013,75.766927,75.7,66.92699999999263,1
371,371.00000000000165,75.970052,76.03333333333333,63.281333333335965,1
372,372.00000000000153,76.153646,76.26666666666667,113.02066666667088,1
373,373.00000000000153,76.347656,76.43333333333334,85.67733333333649,1
374,374.0000000000016,76.541667,76.7,158.33299999999895,1
375,375.0000000000017,76.712239,77.0,287.76100000000326,1
376,376.0000000000015,76.85025999999999,77.2,349.74000000001126,1
377,377.00000000000176,77.027344,77.5,472.65600000000063,1
378,378.0000000000017,77.239583,77.7,460.41700000000674,1
379,379.0000000000018,77.391927,77.9,508.0730000000102,1
380,380.00000000000176,77.552083,78.13333333333334,581.2503333333439,1
381,381.0000000000019,77.752604,78.36666666666666,614.0626666666549,1
382,382.0000000000019,77.911458,78.5,588.5420000000039,1
383,383.000000000002,78.106771,78.5,393.22900000000516,1
384,384.0000000000019,78.300781,78.7,399.2190000000022,1
385,385.0000000000019,78.533637,78.93333333333334,399.6963333333383,1
386,386.0000000000019,78.76649300000001,79.0,233.5069999999888,1
387,387.000000000002,78.999349,79.43333333333334,433.98433333334197,1
388,388.0000000000019,79.321733,79.43333333333334,111.6003333333424,1
389,389.000000000002,79.64411700000001,79.43333333333334,210.78366666667137,1
390,390.0000000000019,79.966501,79.43333333333334,533.1676666666567,1
391,391.000000000002,80.288885,79.43333333333334,855.5516666666563,1
392,392.0000000000019,80.611269,79.43333333333334,1177.9356666666558,1
393,393.0000000000019,80.933653,79.43333333333334,1500.3196666666695,1
394,394.0000000000019,81.256037,79.43333333333334,1822.703666666669,1
395,395.0000000000018,81.57842099999999,79.43333333333334,2145.0876666666545,1
396,396.0000000000019,81.900805,79.43333333333334,2467.471666666668,1
397,397.00000000000193,82.223189,79.43333333333334,2789.8556666666677,1
398,398.000000000002,82.545573,79.43333333333334,3112.2396666666673,1
399,399.0000000000018,82.729167,79.43333333333334,3295.833666666667,1
400,400.000000000002,82.966146,79.43333333333334,3532.8126666666576,1
401,401.0000000000018,83.203125,79.43333333333334,3769.791666666663,1
402,402.00000000000205,83.38150999999999,81.1,2281.5099999999975,1
403,403.00000000000205,83.58615400000001,81.16666666666667,2419.487333333336,1
404,404.000000000002,83.790798,81.23333333333333,2557.464666666661,1
405,405.00000000000205,83.99544300000001,81.16666666666667,2828.7763333333373,1
406,406.000000000002,84.200087,81.6,2600.0870000000023,1
407,407.0000000000019,84.40473100000001,81.73333333333333,2671.397666666678,1
408,408.0000000000021,84.609375,81.73333333333333,2876.0416666666656,1
409,409.00000000000205,84.828776,82.43333333333334,2395.4426666666677,1
410,410.000000000002,85.048177,82.76666666666667,2281.51033333333,1
411,411.00000000000205,85.267578,82.76666666666667,2500.9113333333344,1
412,412.000000000002,85.48079399999999,83.13333333333334,2347.4606666666486,1
413,413.0000000000019,85.69400999999999,85.73333333333333,39.3233333333427,1
414,414.00000000000216,85.907227,85.86666666666666,40.560333333345966,1
415,415.00000000000205,86.12044300000001,86.1,20.443000000014422,1
416,416.000000000002,86.333659,86.33333333333333,0.32566666666866695,1
417,417.00000000000205,86.546875,86.4,146.87499999999432,1
418,418.000000000002,86.703125,86.73333333333333,30.20833333333428,1
419,419.00000000000205,86.859375,86.96666666666667,107.29166666666856,1
420,420.00000000000205,87.088542,87.13333333333334,44.79133333333607,1
421,421.0000000000021,87.364584,87.3,64.58399999999642,1
422,422.00000000000216,87.640625,87.53333333333333,107.29166666666856,1
423,423.0000000000021,87.817709,87.8,17.708999999996422,1
424,424.0000000000021,88.029623,87.8,229.62300000000369,1
425,425.00000000000216,88.241536,87.96666666666667,274.86933333332786,1
426,426.00000000000233,88.451823,88.43333333333334,18.489666666667404,1
427,427.00000000000216,88.64474799999999,88.6,44.747999999998456,1
428,428.00000000000233,88.83767399999999,88.83333333333333,4.340666666664106,1
429,429.00000000000216,89.030599,85.33333333333333,3697.2656666666667,1
430,430.0000000000021,89.223524,85.53333333333333,3690.1906666666664,1
431,431.00000000000216,89.41645,85.6,3816.4500000000035,1
432,432.00000000000233,89.609375,86.0,3609.375,1
433,433.00000000000216,89.80816,86.23333333333333,3574.826666666667,1
434,434.00000000000233,90.00694399999999,86.43333333333334,3573.610666666653,1
435,435.00000000000216,90.205729,86.5,3705.7290000000053,1
436,436.00000000000216,90.382161,90.5,117.83900000000358,1
437,437.00000000000216,90.558594,90.73333333333333,174.7393333333349,1
438,438.00000000000205,90.735026,90.93333333333334,198.30733333333228,1
439,439.00000000000216,90.911458,91.16666666666667,255.2086666666753,1
440,440.0000000000022,91.087891,91.36666666666666,278.775666666661,1
441,441.00000000000233,91.264323,91.66666666666667,402.3436666666669,1
442,442.0000000000022,91.52322,91.8,276.78000000000225,1
443,443.0000000000022,91.78211800000001,92.13333333333334,351.2153333333288,1
444,444.0000000000021,92.041016,92.0,41.01599999999905,1
445,445.0000000000022,92.208333,92.23333333333333,25.000333333338176,1
446,446.00000000000233,92.375651,92.43333333333334,57.68233333333228,1
447,447.00000000000233,92.542969,92.66666666666667,123.69766666667203,1
448,448.00000000000233,92.703559,92.76666666666667,63.10766666666723,1
449,449.0000000000022,92.86415,92.96666666666667,102.51666666667347,1
450,450.0000000000021,93.02474000000001,93.0,24.740000000008422,1
451,451.0000000000022,93.21506099999999,93.23333333333333,18.27233333334277,1
452,452.0000000000022,93.40538199999999,93.46666666666667,61.284666666679755,1
453,453.0000000000025,93.595703,93.63333333333334,37.63033333333965,1
454,454.00000000000233,93.814918,93.76666666666667,48.251333333340085,1
455,455.0000000000022,94.034133,94.06666666666666,32.533666666665795,1
456,456.00000000000233,94.253348,94.3,46.65199999999459,1
457,457.0000000000022,94.472563,94.5,27.43700000000615,1
458,458.00000000000233,94.691778,94.73333333333333,41.55533333333494,1
459,459.0000000000022,94.910993,94.8,110.99300000000767,1
460,460.00000000000233,95.130208,95.13333333333334,3.1253333333438604,1
461,461.0000000000022,95.336198,95.4,63.802000000009684,1
462,462.00000000000233,95.542187,95.63333333333334,91.14633333334154,1
463,463.0000000000022,95.748177,95.83333333333333,85.15633333333028,1
464,464.00000000000233,95.954166,96.06666666666666,112.50066666666214,1
465,465.00000000000233,96.160156,96.33333333333333,173.17733333332797,1
466,466.00000000000233,96.366146,96.46666666666667,100.52066666666803,1
467,467.0000000000022,96.572135,96.56666666666666,5.46833333334007,1
468,468.00000000000233,96.778125,96.93333333333334,155.20833333333428,1
469,469.0000000000022,96.984114,95.1,1884.114000000011,1
470,470.00000000000233,97.190104,97.13333333333334,56.77066666666519,1
471,471.0000000000024,97.33138000000001,97.23333333333333,98.04666666667572,1
472,472.0000000000024,97.570638,97.23333333333333,337.30466666666814,1
473,473.00000000000233,97.809896,95.06666666666666,2743.229333333332,1
474,474.0000000000024,97.967448,95.2,2767.4480000000017,1
475,475.0000000000024,98.161675,95.2,2961.6749999999997,1
476,476.0000000000024,98.355903,95.2,3155.902999999995,1
477,477.00000000000244,98.55013000000001,95.06666666666666,3483.4633333333472,1
478,478.0000000000024,98.744357,95.03333333333333,3711.0236666666624,1
479,479.0000000000024,98.938585,95.03333333333333,3905.251666666672,1
480,480.0000000000024,99.132812,95.03333333333333,4099.47866666667,1
481,481.00000000000233,99.35177900000001,95.03333333333333,4318.4456666666765,1
482,482.0000000000024,99.570746,95.03333333333333,4537.412666666668,1
483,483.00000000000244,99.789714,95.03333333333333,4756.380666666672,1
484,484.0000000000024,99.964062,95.03333333333333,4930.728666666667,1
485,485.00000000000244,100.138411,96.2,3938.411000000002,1
486,486.00000000000244,100.31276,95.86666666666666,4446.093333333337,1
487,487.0000000000024,100.487109,96.1,4387.1090000000095,1
488,488.00000000000244,100.661458,96.33333333333333,4328.1246666666675,1
489,489.0000000000025,100.889974,96.53333333333333,4356.6406666666635,1
490,490.00000000000244,101.05761700000001,101.26666666666667,209.04966666665814,1
491,491.0000000000025,101.22525999999999,101.46666666666667,241.40666666667698,1
492,492.0000000000025,101.432292,101.53333333333333,101.04133333332754,1
493,493.00000000000256,101.692708,101.66666666666667,26.0413333333247,1
494,494.0000000000025,101.953125,101.9,53.124999999994316,1
495,495.00000000000256,102.104167,102.1,4.16700000000958,1
496,496.0000000000027,102.336263,102.2,136.26299999999958,1
497,497.00000000000256,102.568359,102.53333333333333,35.02566666666951,1
498,498.00000000000256,102.763672,102.7,63.67199999999684,1
499,499.0000000000027,102.959744,102.8,159.74400000000344,1
500,500.0000000000026,103.155816,102.8,355.81600000000435,1
501,501.00000000000256,103.351888,102.8,551.8880000000053,1
502,502.0000000000027,103.54796,100.03333333333333,3514.626666666672,1
503,503.0000000000026,103.74403199999999,103.53333333333333,210.6986666666586,1
504,504.00000000000256,103.940104,103.76666666666667,173.43733333333944,1
505,505.0000000000026,104.145833,104.0,145.8329999999961,1
506,506.0000000000026,104.351563,104.23333333333333,118.22966666666446,1
507,507.00000000000273,104.557292,104.53333333333333,23.958666666672457,1
508,508.0000000000027,104.73350699999999,104.73333333333333,0.17366666665452613,1
509,509.0000000000027,104.909722,104.96666666666667,56.94466666666642,1
510,510.0000000000026,105.08593799999998,105.2,114.06200000001832,1
511,511.0000000000027,105.262153,105.46666666666667,204.5136666666707,1
512,512.0000000000026,105.438368,105.7,261.63200000000586,1
513,513.0000000000026,105.61458300000001,105.93333333333334,318.7503333333268,1
514,514.0000000000026,105.90060700000001,105.96666666666667,66.05966666666063,1
515,515.0000000000026,106.186632,106.06666666666666,119.96533333334014,1
516,516.0000000000026,106.472656,106.36666666666666,105.9893333333406,1
517,517.0000000000026,106.644097,106.66666666666667,22.569666666669264,1
518,518.0000000000026,106.81553799999999,106.86666666666666,51.1286666666706,1
519,519.0000000000026,106.986979,107.13333333333334,146.3543333333348,1
520,520.0000000000026,107.15104199999999,107.3,148.95800000000747,1
521,521.0000000000026,107.315104,107.36666666666666,51.56266666665488,1
522,522.0000000000026,107.47916699999999,107.46666666666667,12.500333333321123,1
523,523.0000000000026,107.655165,107.66666666666667,11.501666666674737,1
524,524.0000000000025,107.83116299999999,107.9,68.83700000001625,1
525,525.0000000000026,108.00716100000001,108.0,7.161000000010631,1
526,526.0000000000025,108.18413600000001,108.23333333333333,49.19733333332488,1
527,527.0000000000026,108.36111100000001,108.4,38.88899999999751,1
528,528.0000000000026,108.538086,108.66666666666667,128.58066666666446,1
529,529.0000000000026,108.715061,108.86666666666666,151.60566666665432,1
530,530.0000000000026,108.892035,108.96666666666667,74.63166666666154,1
531,531.0000000000025,109.06901,109.06666666666666,2.343333333342912,1
532,532.0000000000025,109.57769099999999,109.3,277.69099999999014,1
533,533.0000000000026,110.086371,109.46666666666667,619.7043333333312,1
534,534.0000000000026,110.595052,109.56666666666666,1028.3853333333327,1
535,534.9979166666692,110.639974,109.76666666666667,873.3073333333294,1
536,535.9979166666691,110.684896,110.0,684.8959999999948,1
537,537.0000000000024,110.729817,110.26666666666667,463.15033333333133,1
538,537.9979166666689,110.774739,110.46666666666667,308.0723333333282,1
539,538.9979166666687,110.81966100000001,110.66666666666667,152.99433333333923,1
540,540.000000000002,110.86458300000001,110.83333333333333,31.24966666668172,1
541,541.0000000000019,111.06835900000002,110.96666666666667,101.6923333333466,1
542,542.000000000002,111.272135,111.26666666666667,5.46833333334007,1
543,543.0000000000019,111.44726599999998,111.5,52.73400000001516,1
544,544.000000000002,111.674479,111.7,25.520999999997684,1
545,545.000000000002,111.765625,111.9,134.37500000000568,1
546,546.000000000002,111.951823,112.13333333333334,181.51033333333544,1
547,547.000000000002,112.113281,112.33333333333333,220.05233333332797,1
548,548.0000000000022,112.28776,112.46666666666667,178.90666666666277,1
549,549.0000000000022,112.454427,112.86666666666666,412.23966666666456,1
550,550.0000000000022,112.65451399999999,112.93333333333334,278.8193333333453,1
551,551.0000000000022,112.854601,112.93333333333334,78.73233333333474,1
552,552.0000000000022,113.05468799999998,112.93333333333334,121.3546666666474,1
553,553.0000000000023,113.22395800000001,112.93333333333334,290.6246666666732,1
554,554.0000000000023,113.390625,112.93333333333334,457.2916666666629,1
555,555.0000000000023,113.561849,112.93333333333334,628.515666666658,1
556,556.0000000000023,113.721354,112.93333333333334,788.020666666668,1
557,557.0000000000023,113.90104199999999,112.93333333333334,967.7086666666526,1
558,558.0000000000023,114.059896,112.93333333333334,1126.5626666666576,1
559,559.0000000000023,114.222656,112.93333333333334,1289.3226666666635,1
560,560.0000000000024,114.376302,112.93333333333334,1442.9686666666585,1
561,561.0000000000025,114.548177,112.93333333333334,1614.8436666666585,1
562,562.0000000000024,114.74218799999998,114.73333333333333,8.854666666650246,1
563,563.0000000000025,114.924479,114.96666666666667,42.187666666663404,1
564,564.0000000000025,115.14843799999998,115.16666666666667,18.228666666686877,1
565,565.0000000000025,115.339193,115.36666666666666,27.47366666666551,1
566,566.0000000000025,115.529948,115.53333333333333,3.385333333326912,1
567,567.0000000000025,115.692057,115.7,7.942999999997369,1
568,568.0000000000025,115.90104199999999,115.93333333333334,32.29133333334744,1
569,569.0000000000025,115.988281,116.16666666666667,178.38566666667077,1
570,570.0000000000025,116.184896,116.4,215.10400000001084,1
571,571.0000000000026,116.33593799999998,116.6,264.0620000000098,1
572,572.0000000000025,116.522135,116.83333333333333,311.1983333333228,1
573,573.0000000000026,116.705729,117.06666666666666,360.9376666666577,1
574,574.0000000000028,116.887804,117.16666666666667,278.8626666666687,1
575,575.0000000000028,117.069878,117.16666666666667,96.78866666666863,1
576,576.0000000000028,117.251953,117.16666666666667,85.28633333332891,1
577,577.0000000000028,117.477865,117.43333333333334,44.53166666665709,1
578,578.0000000000028,117.65625,117.66666666666667,10.416666666671404,1
579,579.000000000003,117.792969,117.86666666666666,73.69766666666067,1
580,580.0000000000028,117.925781,117.83333333333333,92.44766666667203,1
581,581.000000000003,118.095052,117.83333333333333,261.7186666666669,1
582,582.000000000003,118.27604199999999,117.83333333333333,442.7086666666611,1
583,583.000000000003,118.455729,117.83333333333333,622.3956666666766,1
584,584.000000000003,118.63151,117.83333333333333,798.1766666666772,1
585,585.0000000000031,118.78776,117.83333333333333,954.4266666666772,1
586,586.0000000000031,119.002604,119.66666666666667,664.0626666666662,1
587,587.0000000000031,119.246094,119.3,53.90599999999779,1
588,588.0000000000031,119.727865,119.46666666666667,261.19833333332565,1
589,589.0000000000031,119.98958300000001,119.9,89.58300000000463,1
590,590.0000000000031,120.1875,120.16666666666667,20.833333333328596,1
591,591.0000000000031,120.36458300000001,120.36666666666666,2.0836666666497194,1
592,592.0000000000031,120.63216100000001,120.63333333333334,1.172333333329334,1
593,593.0000000000031,120.766927,120.86666666666666,99.73966666666456,1
594,594.0000000000031,121.09895800000001,121.03333333333333,65.62466666667888,1
595,595.0000000000031,121.290365,121.3,9.635000000002947,1
596,596.0000000000031,121.46354199999999,121.56666666666666,103.12466666667319,1
597,597.0000000000031,121.816406,121.76666666666667,49.73933333333491,1
598,598.0000000000031,122.109375,121.96666666666667,142.70833333333144,1
599,599.0000000000032,122.292969,122.3,7.030999999997789,1
600,600.0000000000031,122.497396,122.5,2.6040000000051577,1
601,601.0000000000031,122.686198,122.7,13.801999999998316,1
602,602.0000000000031,122.828125,122.96666666666667,138.54166666666856,1
603,603.0000000000031,123.05013000000001,123.2,149.86999999999284,1
604,604.0000000000032,123.251302,123.43333333333334,182.03133333334165,1
605,605.0000000000032,123.41861999999999,123.46666666666667,48.04666666667856,1
606,606.0000000000033,123.738281,123.7,38.28099999999779,1
607,607.0000000000032,123.93229199999999,123.93333333333334,1.0413333333474384,1
608,608.0000000000033,124.113281,124.16666666666667,53.38566666667077,1
609,609.0000000000033,124.290364,124.4,109.63600000000895,1
610,610.0000000000033,124.52604199999999,124.56666666666666,40.62466666667319,1
611,611.0000000000033,124.75604799999999,124.86666666666666,110.61866666666731,1
612,612.0000000000033,125.11969599999999,125.13333333333334,13.637333333349488,1
613,613.0000000000033,125.35156200000002,125.33333333333333,18.228666666686877,1
614,614.0000000000033,125.603742,125.6,3.7420000000025766,1
615,615.0000000000033,125.75,125.8,49.99999999999716,1
616,616.0000000000033,126.01898899999999,126.03333333333333,14.344333333340842,1
617,617.0000000000033,126.276983,126.26666666666667,10.316333333335592,1
618,618.0000000000033,126.455729,126.46666666666667,10.937666666663404,1
619,619.0000000000032,126.690104,126.76666666666667,76.56266666666056,1
620,620.0000000000033,126.890625,127.0,109.375,1
621,621.0000000000033,127.152344,127.03333333333333,119.01066666666793,1
622,622.0000000000033,127.40104199999999,127.4,1.0419999999840002,1
623,623.0000000000032,127.58854199999999,127.66666666666667,78.12466666668172,1
624,624.0000000000033,127.761719,127.9,138.28100000000632,1
625,625.0000000000033,127.96028600000001,127.96666666666667,6.38066666665793,1
626,626.0000000000033,128.10286499999998,128.16666666666666,63.80166666667719,1
627,627.0000000000034,128.328125,128.36666666666667,38.541666666674246,1
628,628.0000000000034,128.563802,128.53333333333333,30.468666666678246,1
629,629.0000000000033,128.765625,128.63333333333333,132.29166666667425,1
630,630.0000000000034,128.971354,128.93333333333334,38.020666666653824,1
631,631.0000000000034,129.18098999999998,129.2,19.01000000000863,1
632,632.0000000000034,129.356771,129.4,43.22899999999663,1
633,633.0000000000034,129.57617199999999,129.6,23.828000000008842,1
634,634.0000000000034,129.78776000000002,129.8,12.239999999991369,1
635,635.0000000000034,129.964193,130.06666666666666,102.47366666666835,1
636,636.0000000000035,130.35286499999998,130.16666666666666,186.1983333333228,1
637,637.0000000000035,130.583333,130.56666666666666,16.66633333334744,1
638,638.0000000000034,130.820312,130.8,20.311999999989894,1
639,639.0000000000035,131.04036499999998,130.96666666666667,73.69833333331144,1
640,640.0000000000034,131.277995,131.23333333333332,44.66166666668414,1
641,641.0000000000035,131.501302,131.5,1.3020000000096843,1
642,642.0000000000034,131.845052,131.7,145.05200000002105,1
643,643.0000000000034,132.05338500000002,131.9,153.38500000001432,1
644,644.0000000000034,132.238281,132.23333333333332,4.947666666680561,1
645,645.0000000000034,132.421875,132.46666666666667,44.79166666666856,1
646,646.0000000000034,132.61588500000002,132.7,84.11499999996863,1
647,647.0000000000034,132.833333,132.93333333333334,100.00033333332681,1
648,648.0000000000034,133.04492199999999,133.16666666666666,121.74466666667172,1
649,649.0000000000034,133.235677,133.23333333333332,2.3436666666896144,1
650,650.0000000000034,133.470052,133.66666666666666,196.6146666666475,1
651,651.0000000000034,133.694661,133.73333333333332,38.67233333332365,1
652,652.0000000000034,133.90039099999998,133.93333333333334,32.94233333335228,1
653,653.0000000000035,134.119792,134.06666666666666,53.12533333332681,1
654,654.0000000000034,134.356771,134.4,43.22899999999663,1
655,655.0000000000034,134.561198,134.56666666666666,5.468666666672561,1
656,656.0000000000034,134.764323,134.83333333333334,69.01033333335249,1
657,657.0000000000034,134.9375,135.0,62.5,1
658,658.0000000000034,135.132812,135.2,67.18799999998737,1
659,659.0000000000034,135.322917,135.43333333333334,110.41633333334744,1
660,660.0000000000031,135.69987,135.63333333333333,66.53666666667846,1
661,661.0000000000032,135.90625,135.86666666666667,39.583333333325754,1
662,662.0000000000033,136.132812,136.13333333333333,0.5213333333244918,1
663,663.0000000000033,136.39973999999998,136.36666666666667,33.073333333305754,1
664,664.0000000000031,136.68554699999999,136.6,85.54699999999116,1
665,665.000000000003,136.899089,136.86666666666667,32.422333333329334,1
666,666.0000000000028,137.128906,137.13333333333333,4.427333333325123,1
667,667.000000000003,137.317708,137.33333333333334,15.625333333332492,1
668,668.000000000003,137.476562,137.56666666666666,90.10466666666161,1
669,669.0000000000028,137.703776,137.86666666666667,162.8906666666694,1
670,670.0000000000028,137.907552,138.06666666666666,159.1146666666532,1
671,671.0000000000025,138.101562,138.3,198.4380000000101,1
672,672.0000000000023,138.296875,138.3,3.1250000000113687,1
673,673.0000000000023,138.530599,138.5,30.598999999995158,1
674,674.0000000000023,138.69335900000002,138.66666666666666,26.692333333357965,1
675,675.0000000000022,138.93098999999998,138.93333333333334,2.3433333333571227,1
676,676.0000000000016,139.10351599999998,139.16666666666666,63.15066666667235,1
677,677.0000000000016,139.268229,139.33333333333334,65.10433333335186,1
678,678.0000000000016,139.583333,139.7,116.66699999997832,1
679,679.0000000000015,139.848958,139.9,51.04199999999537,1
680,680.0000000000016,140.052083,140.16666666666666,114.58366666664688,1
681,681.0000000000015,140.263021,140.23333333333332,29.687666666688983,1
682,682.0000000000015,140.451823,140.53333333333333,81.51033333334112,1
683,683.0000000000015,140.74088500000002,140.7,40.88500000003137,1
684,684.0000000000014,141.04948000000002,140.9,149.48000000001116,1
685,685.0000000000015,141.22526000000002,141.2,25.26000000003137,1
686,686.0000000000015,141.440104,141.43333333333334,6.770666666653824,1
687,687.0000000000013,141.761719,141.6,161.71900000000505,1
688,688.0000000000013,142.02473999999998,141.93333333333334,91.40666666664288,1
689,689.0000000000013,142.152344,142.16666666666666,14.322666666657824,1
690,690.000000000001,142.42838500000002,142.4,28.385000000014315,1
691,691.0000000000011,142.617188,142.6,17.188000000004422,1
692,692.0000000000011,142.79036499999998,142.83333333333334,42.96833333336281,1
693,693.000000000001,143.014323,143.1,85.677000000004,1
694,694.0000000000011,143.174479,143.3,125.52100000002042,1
695,695.000000000001,143.39973999999998,143.53333333333333,133.59333333335144,1
696,696.000000000001,143.641927,143.73333333333332,91.40633333331039,1
697,697.0000000000013,143.828125,143.9,71.87500000000568,1
698,698.0000000000008,144.052083,144.06666666666666,14.583666666652562,1
699,699.0000000000008,144.300781,144.26666666666668,34.1143333333207,1
700,700.0000000000008,144.567708,144.53333333333333,34.37466666667888,1
701,701.0000000000007,144.70507800000001,144.7,5.078000000025895,1
702,702.0000000000007,144.979167,144.96666666666667,12.500333333321123,1
703,703.0000000000007,145.208333,145.16666666666666,41.66633333335312,1
704,704.0000000000007,145.389323,145.43333333333334,44.01033333334681,1
705,705.0000000000007,145.58789099999998,145.6,12.109000000009473,1
706,706.0000000000006,145.799479,145.83333333333334,33.85433333335186,1
707,707.0000000000005,146.00195300000001,146.06666666666666,64.71366666664835,1
708,708.0000000000005,146.434245,146.23333333333332,200.91166666668414,1
709,709.0000000000003,146.701823,146.6,101.822999999996,1
710,710.0000000000005,146.92838500000002,146.86666666666667,61.718333333345754,1
711,711.0000000000005,147.223307,147.1,123.30700000001116,1
712,712.0000000000002,147.488281,147.33333333333334,154.94766666665782,1
713,713.0000000000005,147.69401000000002,147.63333333333333,60.676666666694246,1
714,714.0000000000002,147.930339,147.9,30.338999999997895,1
715,715.0000000000002,148.121094,148.13333333333333,12.239333333326385,1
716,716.0000000000002,148.30338500000002,148.36666666666667,63.281666666654246,1
717,717.0000000000001,148.522786,148.6,77.2139999999979,1
718,718.0000000000001,148.725911,148.76666666666668,40.75566666668351,1
719,719.0,148.913411,148.96666666666667,53.25566666667214,1
720,719.9999999999999,149.143229,149.16666666666666,23.437666666666246,1
721,721.0000000000001,149.348958,149.4,51.04199999999537,1
722,721.9999999999998,149.54362,149.56666666666666,23.046666666658666,1
723,722.9999999999994,149.777995,149.76666666666668,11.32833333332428,1
724,723.9999999999997,149.971354,149.96666666666667,4.687333333322385,1
725,724.9999999999999,150.154948,150.23333333333332,78.38533333332975,1
726,725.9999999999999,150.347656,150.5,152.34399999999937,1
727,726.9999999999997,150.566406,150.66666666666666,100.26066666665656,1
728,727.9999999999995,150.705729,150.8,94.27100000002042,1
729,728.9999999999998,150.903646,150.96666666666667,63.02066666665951,1
730,729.9999999999993,151.085938,151.2,114.0619999999899,1
731,730.9999999999993,151.252604,151.43333333333334,180.72933333334618,1
732,731.9999999999992,151.50585900000002,151.63333333333333,127.4743333333106,1
733,732.999999999999,151.707031,151.86666666666667,159.63566666667361,1
734,733.9999999999992,151.870443,152.06666666666666,196.22366666666835,1
735,734.9999999999986,152.14648400000002,152.3,153.5159999999962,1
736,735.9999999999989,152.33463500000002,152.5,165.36499999998,1
737,736.9999999999992,152.563802,152.76666666666668,202.86466666667025,1
738,737.999999999999,152.699219,152.76666666666668,67.44766666668056,1
739,738.999999999999,152.934896,152.83333333333334,101.56266666666625,1
740,739.999999999999,153.070312,153.16666666666666,96.35466666665593,1
741,740.9999999999986,153.29362,153.46666666666667,173.04666666666435,1
742,741.9999999999987,153.595052,153.6,4.947999999984631,1
743,742.9999999999986,153.674479,153.66666666666666,7.812333333333754,1
744,743.9999999999985,153.944661,153.9,44.660999999990736,1
745,744.9999999999985,154.135742,154.13333333333333,2.4086666666676138,1
746,745.9999999999983,154.326823,154.36666666666667,39.84366666668393,1
747,746.9999999999985,154.526693,154.56666666666666,39.97366666666835,1
748,747.9999999999985,154.67838500000002,154.73333333333332,54.94833333330007,1
749,748.9999999999985,154.863281,154.96666666666667,103.38566666666793,1
750,749.9999999999982,155.058594,155.1,41.40599999999495,1
751,750.9999999999982,155.25,155.33333333333334,83.33333333334281,1
752,751.9999999999982,155.441406,155.46666666666667,25.26066666666793,1
753,752.9999999999984,155.616536,155.56666666666666,49.86933333333354,1
754,753.9999999999981,155.792969,155.8,7.031000000012,1
755,754.999999999998,155.980469,156.03333333333333,52.86433333333207,1
756,755.999999999998,156.148438,156.2,51.561999999989894,1
757,756.9999999999977,156.35286499999998,156.4,47.135000000025684,1
758,757.9999999999976,156.557292,156.63333333333333,76.04133333333607,1
759,758.9999999999978,156.73112,156.8,68.88000000000716,1
760,759.9999999999977,156.86588500000002,157.1,234.11499999997432,1
761,760.9999999999978,157.049479,157.33333333333334,283.85433333335186,1
762,761.9999999999975,157.253906,157.56666666666666,312.76066666666225,1
763,762.9999999999975,157.440755,157.63333333333333,192.57833333332997,1
764,763.9999999999977,157.627604,157.66666666666666,39.062666666666246,1
765,764.9999999999977,157.792969,157.76666666666668,26.30233333331944,1
766,765.9999999999974,157.95963500000002,158.0,40.36499999998,1
767,766.9999999999972,158.188802,158.16666666666666,22.13533333335249,1
768,767.999999999997,158.390625,158.36666666666667,23.958333333325754,1
769,768.9999999999969,158.590495,158.6,9.504999999990105,1
770,769.999999999997,158.79036499999998,156.6,2190.3649999999857,1
771,770.999999999997,158.94401000000002,156.8,2144.0100000000084,1
772,771.9999999999972,159.08463500000002,159.3,215.36499999999137,1
773,772.9999999999967,159.260417,159.5,239.58300000001032,1
774,773.9999999999967,159.464844,160.1,635.155999999995,1
775,774.9999999999966,159.617188,160.33333333333334,716.1453333333441,1
776,775.9999999999965,159.78125,160.0,218.75,1
777,776.9999999999965,159.97786499999998,160.33333333333334,355.4683333333628,1
778,777.9999999999964,160.135417,160.56666666666666,431.2496666666732,1
779,778.9999999999962,160.346354,160.8,453.6460000000204,1
780,779.9999999999964,160.535807,160.96666666666667,430.8596666666631,1
781,780.9999999999959,160.76388899999998,161.2,436.111000000011,1
782,781.9999999999962,160.99197,161.4,408.02999999999656,1
783,782.9999999999964,161.220052,161.7,479.94799999997895,1
784,783.9999999999961,161.630932,161.73333333333332,102.40133333331869,1
785,784.999999999996,162.04181100000002,161.73333333333332,308.47766666670395,1
786,785.9999999999962,162.452691,161.73333333333332,719.3576666666672,1
787,786.9999999999961,162.863571,161.73333333333332,1130.2376666666873,1
788,787.9999999999964,163.27445,161.73333333333332,1541.1166666666816,1
789,788.9999999999962,163.68533,161.73333333333332,1951.9966666666733,1
790,789.9999999999961,164.09621,161.73333333333332,2362.8766666666934,1
791,790.9999999999961,164.50708899999998,161.73333333333332,2773.755666666659,1
792,791.999999999996,164.917969,161.73333333333332,3184.6356666666793,1
793,792.9999999999977,165.280382,161.73333333333332,3547.048666666683,1
794,793.9999999999976,165.642795,161.73333333333332,3909.4616666666866,1
795,794.9999999999977,166.005208,161.73333333333332,4271.87466666669,1
796,795.9999999999977,166.35318999999998,162.73333333333332,3619.856666666664,1
797,796.9999999999976,166.70117199999999,163.0,3701.1719999999855,1
798,797.9999999999977,167.049153,163.2,3849.153000000001,1
799,798.9999999999976,167.39713500000002,163.36666666666667,4030.468333333346,1
800,799.9999999999976,167.699219,166.2,1499.2190000000107,1
801,800.9999999999976,167.963542,166.46666666666667,1496.8753333333211,1
802,801.9999999999975,168.239583,166.86666666666667,1372.916333333336,1
803,802.9999999999976,168.527344,167.1,1427.344000000005,1
804,803.9999999999976,169.003906,167.33333333333334,1670.5726666666578,1
805,804.9999999999976,169.40408,168.16666666666666,1237.4133333333361,1
806,805.9999999999977,169.80425300000002,168.4,1404.2530000000113,1
807,806.9999999999976,170.204427,168.73333333333332,1471.0936666666896,1
808,807.9999999999976,170.552409,169.16666666666666,1385.7423333333543,1
809,808.9999999999977,170.90039099999998,169.4,1500.3909999999792,1
810,809.9999999999976,171.248372,169.76666666666668,1481.7053333333092,1
811,810.9999999999976,171.596354,170.36666666666667,1229.6873333333167,1
812,811.9999999999975,171.867188,170.6,1267.1880000000044,1
813,812.9999999999972,172.166667,170.83333333333334,1333.3336666666469,1
814,813.9999999999974,172.5,171.13333333333333,1366.6666666666742,1
815,814.9999999999975,172.944661,171.36666666666667,1577.9943333333222,1
816,815.9999999999972,173.389323,172.06666666666666,1322.6563333333274,1
817,816.9999999999974,173.81033,172.43333333333334,1376.9966666666562,1
818,817.9999999999974,174.23133700000002,172.66666666666666,1564.6703333333676,1
819,818.9999999999972,174.652344,172.9,1752.3439999999937,1
820,819.9999999999974,175.190104,173.53333333333333,1656.7706666666595,1
821,820.999999999997,175.72786499999998,173.8,1927.8649999999686,1
822,821.9999999999972,176.18945300000001,174.03333333333333,2156.119666666683,1
823,822.9999999999972,176.795031,174.26666666666668,2528.364333333315,1
824,823.9999999999972,177.400608,174.73333333333332,2667.2746666666853,1
825,824.9999999999972,178.00618500000002,174.73333333333332,3272.8516666666965,1
826,825.9999999999972,178.611762,176.4,2211.7619999999933,1
827,826.9999999999972,179.21733999999998,176.66666666666666,2550.6733333333214,1
828,827.9999999999972,179.822917,176.9,2922.916999999984,1
829,828.9999999999972,180.207031,177.1,3107.0310000000063,1
830,829.999999999997,180.591146,177.36666666666667,3224.4793333333346,1
831,830.9999999999974,180.999348,177.6,3399.3480000000036,1
832,831.9999999999972,181.277018,177.6,3677.0180000000037,1
833,832.9999999999969,181.554688,176.63333333333333,4921.354666666673,1
834,833.9999999999969,181.902344,178.33333333333334,3569.0106666666566,1
835,834.999999999997,182.16601599999998,175.63333333333333,6532.682666666659,1
836,835.9999999999969,182.429688,175.76666666666668,6663.021333333319,1
837,836.9999999999969,182.845052,178.86666666666667,3978.3853333333354,1
838,837.9999999999967,182.872396,178.93333333333334,3939.062666666672,1
839,838.9999999999967,183.667969,179.2,4467.969000000011,1
840,839.9999999999967,184.15039099999998,179.46666666666667,4683.724333333316,1
841,840.9999999999965,184.880208,180.0,4880.2080000000105,1
842,841.9999999999966,185.203125,183.26666666666668,1936.45833333332,1
843,842.9999999999964,185.489584,183.46666666666667,2022.9173333333392,1
844,843.9999999999966,185.808594,184.1,1708.594000000005,1
845,844.9999999999966,186.101562,184.26666666666668,1834.8953333333213,1
846,845.9999999999966,186.419271,184.56666666666666,1852.6043333333462,1
847,846.9999999999966,186.783854,184.8,1983.8539999999796,1
848,847.9999999999966,187.197917,185.03333333333333,2164.5836666666582,1
849,848.9999999999965,187.838542,185.26666666666668,2571.8753333333098,1
850,849.9999999999967,188.711806,185.56666666666666,3145.1393333333326,1
851,850.9999999999967,189.58507,185.7,3885.0700000000134,1
852,851.9999999999967,190.458334,186.0,4458.334000000008,1
853,852.9999999999966,191.062066,186.23333333333332,4828.732666666667,1
854,853.9999999999967,191.665798,189.8,1865.7979999999839,1
855,854.9999999999965,192.269531,189.9,2369.530999999995,1
856,855.9999999999966,192.655273,190.6,2055.2729999999997,1
857,856.9999999999966,193.04101599999998,190.86666666666667,2174.349333333311,1
858,857.9999999999966,193.426758,191.16666666666666,2260.091333333349,1
859,858.9999999999966,193.8125,191.4,2412.4999999999945,1
860,859.9999999999965,194.105469,192.56666666666666,1538.8023333333365,1
861,860.9999999999965,194.390625,192.83333333333334,1557.2916666666572,1
862,861.9999999999967,194.730469,193.13333333333333,1597.1356666666736,1
863,862.9999999999967,195.019531,193.36666666666667,1652.8643333333264,1
864,863.9999999999967,195.58723999999998,193.63333333333333,1953.9066666666542,1
865,864.9999999999968,196.00347299999999,194.6,1403.472999999991,1
866,865.9999999999965,196.419705,194.9,1519.7049999999876,1
867,866.9999999999965,196.835938,195.26666666666668,1569.2713333333188,1
868,867.9999999999966,197.19401100000002,195.76666666666668,1427.3443333333375,1
869,868.9999999999966,197.552084,196.0,1552.0840000000078,1
870,869.9999999999966,197.910156,196.26666666666668,1643.4893333333207,1
871,870.9999999999966,198.268229,196.46666666666667,1801.5623333333224,1
872,871.9999999999967,198.554688,197.1,1454.6880000000044,1
873,872.9999999999967,198.873698,197.36666666666667,1507.031333333316,1
874,873.9999999999967,199.268229,197.6,1668.2289999999966,1
875,874.9999999999967,199.632161,197.86666666666667,1765.4943333333222,1
876,875.9999999999967,199.996094,198.13333333333333,1862.7606666666736,1
877,876.9999999999967,200.574219,198.96666666666667,1607.5523333333308,1
878,877.9999999999967,200.95963500000002,194.9,6059.635000000015,1
879,878.9999999999967,201.511719,195.13333333333333,6378.385666666673,1
880,879.9999999999967,201.956597,195.36666666666667,6589.930333333314,1
881,880.9999999999967,202.401476,195.56666666666666,6834.80933333334,1
882,881.9999999999967,202.846354,200.56666666666666,2279.687333333328,1
883,882.9999999999967,203.369792,196.06666666666666,7303.125333333327,1
884,883.9999999999967,203.893229,196.3,7593.228999999979,1
885,884.9999999999967,204.526041,196.73333333333332,7792.707666666673,1
886,885.9999999999967,205.09678799999998,196.8,8296.787999999964,1
887,886.9999999999967,205.66753400000002,203.23333333333332,2434.2006666666975,1
888,887.9999999999967,206.238281,203.46666666666667,2771.614333333332,1
889,888.9999999999967,206.809028,203.73333333333332,3075.694666666692,1
890,889.9999999999967,207.379774,203.96666666666667,3413.107333333329,1
891,890.9999999999967,207.950521,205.16666666666666,2783.854333333352,1
892,891.9999999999967,208.521267,205.4,3121.266999999989,1
893,892.9999999999967,209.09201399999998,205.66666666666666,3425.3473333333204,1
894,893.9999999999967,209.66276000000002,205.86666666666667,3796.093333333346,1
895,894.9999999999967,210.084077,206.06666666666666,4017.410333333345,1
896,895.9999999999967,210.505394,206.3,4205.393999999984,1
897,896.9999999999968,210.92671099999998,206.56666666666666,4360.0443333333205,1
898,897.9999999999968,211.34802799999997,206.56666666666666,4781.361333333308,1
899,898.9999999999967,211.76934500000002,206.56666666666666,5202.678333333352,1
900,899.9999999999967,212.190662,206.56666666666666,5623.995333333341,1
901,900.9999999999968,212.611979,206.56666666666666,6045.312333333328,1
902,901.9999999999967,213.101562,206.56666666666666,6534.895333333338,1
903,902.9999999999966,213.40625,206.56666666666666,6839.583333333338,1
904,903.9979166666633,213.519531,205.4,8119.530999999995,1
905,904.9999999999966,214.408204,205.4,9008.204000000007,1
906,905.9999999999966,214.761719,205.4,9361.718999999994,1
907,906.9999999999966,214.778646,205.4,9378.646000000004,1
908,907.9999999999964,215.308594,205.4,9908.593999999994,1
909,908.9999999999964,215.62955699999998,205.4,10229.556999999972,1
910,909.9999999999965,215.87174500000003,205.4,10471.745000000026,1
911,910.9999999999964,216.11393199999998,207.4,8713.931999999972,1
912,911.9999999999964,216.508464,207.4,9108.463999999998,1
913,912.9999999999964,216.548177,207.63333333333333,8914.843666666684,1
914,913.9999999999961,217.30794300000002,207.73333333333332,9574.609666666704,1
915,914.9999999999961,217.883464,208.2,9683.464000000014,1
916,915.9999999999961,218.38975699999997,208.3,10089.756999999963,1
917,916.9999999999961,218.89605099999997,207.5,11396.050999999972,1
918,917.9999999999961,219.402344,207.66666666666666,11735.677333333342,1
919,918.9999999999961,219.720703,207.73333333333332,11987.369666666666,1
920,919.9999999999961,220.039062,207.73333333333332,12305.72866666668,1
921,920.9999999999959,220.432292,207.73333333333332,12698.95866666667,1
922,921.9999999999959,220.846354,207.73333333333332,13113.02066666667,1
923,922.9999999999958,221.328125,207.73333333333332,13594.79166666668,1
924,923.9999999999956,221.986979,207.73333333333332,14253.64566666667,1
925,924.9999999999956,222.578125,207.73333333333332,14844.79166666668,1
926,925.9999999999956,223.02213500000002,207.73333333333332,15288.801666666699,1
927,926.9999999999956,223.485027,207.6,15885.027000000007,1
928,927.9999999999956,223.917969,207.63333333333333,16284.635666666674,1
929,928.9999999999953,224.19856800000002,207.7,16498.568000000036,1
930,929.9999999999953,224.519531,207.93333333333334,16586.197666666663,1
931,930.9999999999953,224.841797,207.86666666666667,16975.130333333338,1
932,931.9999999999953,225.123047,207.73333333333332,17389.713666666692,1
933,932.9999999999952,225.44336,207.96666666666667,17476.693333333344,1
934,933.9999999999952,225.746094,208.0,17746.094,1
935,934.9999999999952,225.958333,210.83333333333334,15124.999666666667,1
936,935.9999999999952,226.216797,211.13333333333333,15083.463666666688,1
937,936.9999999999952,226.507813,211.13333333333333,15374.479666666673,1
938,937.9999999999951,226.772786,211.13333333333333,15639.452666666672,1
939,938.9999999999951,227.05598999999998,211.13333333333333,15922.656666666655,1
940,939.9999999999951,227.332031,211.13333333333333,16198.697666666674,1
941,940.999999999995,227.52539,212.36666666666667,15158.723333333313,1
942,941.999999999995,227.77213500000002,214.26666666666668,13505.46833333334,1
943,942.999999999995,228.018229,214.5,13518.22899999999,1
944,943.999999999995,228.245442,216.7,11545.442000000008,1
945,944.999999999995,228.488281,214.96666666666667,13521.614333333331,1
946,945.9999999999949,228.730469,215.13333333333333,13597.135666666674,1
947,946.9999999999948,228.903646,215.13333333333333,13770.312666666683,1
948,947.9999999999949,229.264323,216.13333333333333,13130.989666666665,1
949,948.9999999999948,229.705078,216.1,13605.077999999992,1
950,949.9999999999948,230.041015,216.1,13941.014999999992,1
951,950.9999999999948,230.4375,216.1,14337.500000000005,1
952,951.9999999999947,230.761719,216.1,14661.719000000005,1
953,952.9999999999947,230.93229100000002,216.1,14832.291000000027,1
954,953.9999999999947,231.222656,216.1,15122.656000000006,1
955,954.9999999999947,231.482421,216.1,15382.420999999993,1
956,955.9999999999947,231.72916600000002,216.1,15629.166000000027,1
957,956.9999999999947,231.981771,216.1,15881.771000000015,1
958,957.9999999999945,232.23502599999998,216.1,16135.025999999982,1
959,958.9999999999944,232.41276000000002,216.1,16312.760000000026,1
960,959.9999999999945,232.70377599999998,216.1,16603.775999999983,1
961,960.9999999999944,232.958985,216.1,16858.98500000002,1
962,961.9999999999944,233.213542,216.1,17113.541999999994,1
963,962.9999999999944,233.529948,216.1,17429.947999999997,1
964,963.9999999999944,233.888021,216.1,17788.021000000015,1
965,964.9999999999943,234.095052,216.1,17995.052000000014,1
966,965.9999999999943,234.346354,216.1,18246.353999999996,1
967,966.9999999999943,234.591797,217.1,17491.79700000002,1
968,967.9999999999942,234.835938,217.2,17635.93800000001,1
969,968.9999999999942,235.11848999999998,217.43333333333334,17685.156666666644,1
970,969.9999999999942,235.40039,217.63333333333333,17767.05666666666,1
971,970.9999999999941,235.586589,217.83333333333334,17753.25566666666,1
972,971.9999999999941,235.935547,217.8,18135.547000000002,1
973,972.9999999999941,236.230469,216.9,19330.468999999994,1
974,973.9999999999941,236.548177,217.13333333333333,19414.843666666682,1
975,974.9999999999941,236.963542,217.43333333333334,19530.20866666665,1
976,975.9999999999941,237.291667,217.56666666666666,19725.000333333326,1
977,976.9999999999939,237.42122400000002,217.63333333333333,19787.8906666667,1
978,977.9999999999941,237.67252599999998,217.9,19772.52599999997,1
979,978.9999999999939,237.919271,218.13333333333333,19785.937666666683,1
980,979.9999999999939,238.126953,218.36666666666667,19760.28633333331,1
981,980.9999999999939,238.470052,218.6,19870.052000000014,1
982,981.9999999999939,238.785808,218.83333333333334,19952.47466666666,1
983,982.9999999999937,238.93229100000002,219.03333333333333,19898.95766666669,1
984,983.9999999999939,239.20247400000002,219.23333333333332,19969.140666666703,1
985,984.9999999999937,239.457031,219.3,20157.030999999988,1
986,985.9999999999937,239.693359,219.9,19793.358999999982,1
987,986.9999999999937,240.046875,220.1,19946.875000000007,1
988,987.9999999999935,240.34961,220.4,19949.610000000008,1
989,988.9999999999935,240.51237000000003,220.4,20112.370000000028,1
990,989.9999999999935,240.815104,220.66666666666666,20148.437333333335,1
991,990.9999999999935,241.07747400000002,221.03333333333333,20044.14066666669,1
992,991.9999999999935,241.361979,221.63333333333333,19728.645666666664,1
993,992.9999999999934,241.796875,221.63333333333333,20163.541666666675,1
994,993.9999999999934,242.148438,221.73333333333332,20415.104666666677,1
995,994.9999999999933,242.515625,222.1,20415.625000000007,1
996,995.9999999999933,243.085286,222.36666666666667,20718.61933333332,1
997,996.9999999999934,243.544271,222.43333333333334,21110.937666666672,1
998,997.9999999999932,244.139323,223.16666666666666,20972.656333333332,1
999,998.9999999999932,244.865235,228.23333333333332,16631.901666666694,1
1000,999.9999999999887,245.175781,228.46666666666667,16709.11433333333,1
1001,1000.999999999989,245.34375,228.66666666666666,16677.083333333343,1
1002,1001.999999999989,245.549479,230.6,14949.478999999996,1
1003,1002.9999999999891,245.768229,230.93333333333334,14834.895666666655,1
1004,1003.9999999999891,245.945313,231.13333333333333,14811.979666666673,1
1005,1004.9999999999891,246.132813,231.4,14732.812999999993,1
1006,1005.9999999999892,246.33789,231.63333333333333,14704.556666666662,1
1007,1006.9999999999892,246.49348999999998,229.6,16893.489999999987,1
1008,1007.9999999999893,246.69075499999997,228.43333333333334,18257.42166666663,1
1009,1008.9999999999893,246.873698,227.4,19473.697999999986,1
1010,1009.9999999999893,247.028646,228.93333333333334,18095.312666666672,1
1011,1010.9999999999894,247.220703,227.86666666666667,19354.03633333331,1
1012,1011.9999999999894,247.441406,228.06666666666666,19374.73933333334,1
1013,1012.9999999999895,247.582031,228.33333333333334,19248.69766666666,1
1014,1013.9999999999895,247.772786,228.56666666666666,19206.119333333332,1
1015,1014.9999999999895,247.988281,228.8,19188.280999999988,1
1016,1015.9999999999898,248.123698,229.0,19123.69799999999,1
1017,1016.9999999999898,248.313802,230.63333333333333,17680.468666666682,1
1018,1017.9999999999899,248.52473999999998,230.8,17724.73999999997,1
1019,1018.9999999999899,248.703125,230.8,17903.12499999999,1
1020,1019.9999999999899,248.872396,230.8,18072.395999999997,1
1021,1020.9999999999901,249.074219,231.5,17574.219,1
1022,1021.9999999999901,249.23958399999998,231.63333333333333,17606.250666666652,1
1023,1022.9999999999902,249.419922,231.63333333333333,17786.58866666669,1
1024,1023.9999999999902,249.639323,232.1,17539.322999999997,1
1025,1024.9999999999902,249.77083399999998,232.1,17670.833999999984,1
1026,1025.9999999999902,249.951823,231.4,18551.822999999986,1
1027,1026.9999999999902,250.161458,231.63333333333333,18528.124666666685,1
1028,1027.9999999999905,250.324219,231.86666666666667,18457.552333333326,1
1029,1028.9999999999905,250.50520899999998,232.06666666666666,18438.542333333316,1
1030,1029.9999999999905,250.703125,231.86666666666667,18836.458333333325,1
1031,1030.9999999999907,250.839844,231.86666666666667,18973.177333333326,1
1032,1031.9999999999907,251.029948,239.0,12029.94799999999,1
1033,1032.9999999999907,251.201823,239.33333333333334,11868.489666666648,1
1034,1033.9999999999907,251.363281,239.46666666666667,11896.614333333331,1
1035,1034.9999999999907,251.55664,239.8,11756.639999999976,1
1036,1035.999999999991,251.773438,241.76666666666668,10006.77133333332,1
1037,1036.999999999991,251.90104100000002,241.9,10001.041000000016,1
1038,1037.9999999999911,252.086589,242.33333333333334,9753.25566666666,1
1039,1038.9999999999911,252.289062,243.03333333333333,9255.72866666667,1
1040,1039.9999999999911,252.427083,243.1,9327.083000000017,1
1041,1040.9999999999911,252.61588500000002,243.06666666666666,9549.218333333358,1
1042,1041.9999999999911,252.811198,243.3,9511.197999999978,1
1043,1042.9999999999914,252.982422,244.93333333333334,8049.0886666666765,1
1044,1043.9999999999914,253.15625,245.1,8056.2500000000055,1
1045,1044.9999999999914,253.355469,244.76666666666668,8588.802333333319,1
1046,1045.9999999999916,253.52473999999998,243.23333333333332,10291.40666666666,1
1047,1046.9999999999916,253.70637999999997,243.46666666666667,10239.713333333299,1
1048,1047.9999999999916,253.903646,243.2,10703.64600000002,1
1049,1048.9999999999916,254.038411,244.73333333333332,9305.077666666677,1
1050,1049.9999999999916,254.21223999999998,244.9,9312.239999999974,1
1051,1050.9999999999918,254.417969,245.2,9217.96900000001,1
1052,1051.9999999999918,254.554688,245.3,9254.687999999987,1
1053,1052.9999999999918,254.713542,245.5,9213.54199999999,1
1054,1053.9999999999918,254.916667,245.8,9116.666999999978,1
1055,1054.9999999999918,255.050781,245.93333333333334,9117.447666666663,1
1056,1055.999999999992,255.223958,246.06666666666666,9157.291333333347,1
1057,1056.999999999992,255.364583,246.33333333333334,9031.249666666667,1
1058,1057.9999999999923,255.539062,246.76666666666668,8772.395333333321,1
1059,1058.9999999999923,255.67512999999997,246.86666666666667,8808.463333333293,1
1060,1059.9999999999916,255.883464,252.6,3283.464000000009,1
1061,1060.9999999999916,256.010417,252.76666666666668,3243.750333333338,1
1062,1061.9999999999916,256.18099,252.86666666666667,3314.323333333334,1
1063,1062.9999999999916,256.375,253.1,3275.0000000000055,1
1064,1063.9999999999916,256.51367200000004,253.1,3413.672000000048,1
1065,1064.9999999999916,256.666667,250.1,6566.667000000024,1
1066,1065.9999999999916,256.865885,250.4,6465.884999999986,1
1067,1066.9999999999916,256.98828100000003,250.5,6488.281000000029,1
1068,1067.9999999999916,257.188802,250.5,6688.80200000001,1
1069,1068.9999999999916,257.295573,251.83333333333334,5462.239666666647,1
1070,1069.9999999999916,257.460938,252.06666666666666,5394.271333333336,1
1071,1070.9999999999916,257.60546899999997,252.3,5305.468999999959,1
1072,1071.9999999999916,257.854167,252.53333333333333,5320.833666666686,1
1073,1072.9999999999916,257.998698,252.76666666666668,5232.031333333311,1
1074,1073.9999999999916,258.200521,257.8,400.52099999996926,1
1075,1074.9999999999916,258.33203100000003,258.0,332.03100000002905,1
1076,1075.9999999999916,258.52734399999997,258.3333333333333,194.01066666665656,1
1077,1076.9999999999916,258.639322,258.4,239.32200000001558,1
1078,1077.9999999999916,258.873698,258.4,473.69800000001305,1
1079,1078.9999999999916,259.03515600000003,258.4,635.1560000000518,1
1080,1079.9999999999916,259.188802,258.4,788.8020000000324,1
1081,1080.9999999999916,259.375,259.3333333333333,41.666666666685614,1
1082,1081.9999999999916,259.52734399999997,259.56666666666666,39.32266666669193,1
1083,1082.9999999999916,259.710938,259.76666666666665,55.72866666665277,1
1084,1083.9999999999916,259.860677,259.9,39.32299999996758,1
1085,1084.9999999999916,260.063802,259.9,163.80200000003242,1
1086,1085.9999999999916,260.226562,259.9,326.562000000024,1
1087,1086.9999999999916,260.440104,259.9,540.1040000000421,1
1088,1087.9999999999916,260.610677,259.9,710.6770000000324,1
1089,1088.9999999999916,260.733073,259.9,833.073000000013,1
1090,1089.9999999999916,260.98220499999996,259.9,1082.2049999999876,1
1091,1090.9999999999916,261.231337,260.4,831.3370000000191,1
1092,1091.9999999999916,261.48046899999997,260.6333333333333,847.1356666666452,1
1093,1092.9999999999918,261.729601,260.9,829.6010000000251,1
1094,1093.9999999999918,261.97873300000003,261.1666666666667,812.0663333333482,1
1095,1094.9999999999918,262.227865,261.4,827.8650000000312,1
1096,1095.9999999999955,262.536459,261.56666666666666,969.7923333333165,1
1097,1096.9999999999955,262.845052,261.8333333333333,1011.7186666666953,1
1098,1097.9999999999955,263.153646,262.1666666666667,986.979333333295,1
1099,1098.9999999999955,263.474284,262.4,1074.2840000000342,1
1100,1099.9999999999955,263.79492200000004,262.6333333333333,1161.5886666667166,1
1101,1100.9999999999955,264.11556,263.1,1015.5599999999936,1
1102,1101.9999999999955,264.436198,263.3333333333333,1102.864666666676,1
1103,1102.9999999999952,264.69140600000003,263.53333333333336,1158.0726666666692,1
1104,1103.9999999999952,264.976562,263.8,1176.56199999999,1
1105,1104.9999999999952,265.272135,264.03333333333336,1238.8016666666317,1
1106,1105.9999999999952,265.576171,264.6333333333333,942.8376666666622,1
1107,1106.9999999999952,265.880208,264.8666666666667,1013.5413333333076,1
1108,1107.9999999999952,266.209635,265.1666666666667,1042.968333333306,1
1109,1108.9999999999952,266.539063,265.43333333333334,1105.7296666666616,1
1110,1109.9999999999952,266.86849,265.76666666666665,1101.823333333357,1
1111,1110.9999999999952,267.18359399999997,266.06666666666666,1116.927333333308,1
1112,1111.9999999999952,267.498698,266.3,1198.697999999979,1
1113,1112.9999999999952,267.813802,266.53333333333336,1280.4686666666498,1
1114,1113.9999999999952,268.12890600000003,267.0,1128.906000000029,1
1115,1114.9999999999952,268.375,267.23333333333335,1141.6666666666515,1
1116,1115.9999999999952,268.679688,267.5,1179.6879999999987,1
1117,1116.999999999995,268.97265600000003,267.73333333333335,1239.3226666666806,1
1118,1117.9999999999952,269.280924,267.96666666666664,1314.2573333333871,1
1119,1118.999999999995,269.58919199999997,268.56666666666666,1022.5253333333058,1
1120,1119.999999999995,269.998698,268.8333333333333,1165.364666666676,1
1121,1120.999999999995,270.39453100000003,269.1333333333333,1261.1976666667033,1
1122,1121.999999999995,270.97265600000003,269.43333333333334,1539.322666666692,1
1123,1122.999999999995,271.37825499999997,269.76666666666665,1611.5883333333159,1
1124,1123.999999999995,271.783854,270.1666666666667,1617.1873333333338,1
1125,1124.999999999995,272.18945299999996,270.53333333333336,1656.1196666665978,1
1126,1125.999999999995,272.653972,270.76666666666665,1887.3053333333587,1
1127,1126.999999999995,273.11849,271.3666666666667,1751.8233333333342,1
1128,1127.9999999999948,273.601562,271.6,2001.5619999999785,1
1129,1128.9999999999948,274.109375,272.3666666666667,1742.7083333333258,1
1130,1129.9999999999948,274.617187,272.6333333333333,1983.8536666666755,1
1131,1130.9999999999948,275.125,272.8666666666667,2258.3333333333258,1
1132,1131.9999999999948,275.632813,273.53333333333336,2099.479666666639,1
1133,1132.9999999999948,276.140625,274.03333333333336,2107.29166666664,1
1134,1133.9999999999948,276.648438,274.26666666666665,2381.7713333333472,1
1135,1134.9999999999948,277.024089,274.5,2524.0890000000036,1
1136,1135.9999999999948,277.39974,274.7,2699.74000000002,1
1137,1136.999999999995,277.790365,275.0,2790.3650000000084,1
1138,1137.9999999999948,278.054036,275.23333333333335,2820.702666666648,1
1139,1138.9999999999943,278.317708,274.1,4217.707999999959,1
1140,1139.9999999999948,278.64453100000003,276.1,2544.5310000000063,1
1141,1140.9999999999948,278.897135,276.1666666666667,2730.468333333306,1
1142,1141.999999999995,279.14974,276.1,3049.7399999999857,1
1143,1142.999999999995,279.538411,278.5,1038.4109999999964,1
1144,1143.999999999995,279.92578100000003,278.8333333333333,1092.4476666667147,1
1145,1144.999999999995,280.313151,279.06666666666666,1246.484333333342,1
1146,1145.9999999999952,280.759115,279.3666666666667,1392.4483333333342,1
1147,1146.9999999999948,281.423177,279.6,1823.176999999987,1
1148,1147.999999999995,281.721354,279.8,1921.354000000008,1
1149,1148.999999999995,281.97461,280.2,1774.6099999999956,1
1150,1149.9999999999948,282.294271,280.73333333333335,1560.9376666666321,1
1151,1150.9999999999948,282.602865,280.9,1702.8650000000312,1
1152,1151.9999999999948,282.914062,281.2,1714.0620000000126,1
1153,1152.999999999995,283.279948,281.4,1879.948000000013,1
1154,1153.999999999995,283.692708,281.6666666666667,2026.0413333332963,1
1155,1154.999999999995,284.342448,281.93333333333334,2409.114666666653,1
1156,1155.9999999999952,285.229384,282.0,3229.383999999982,1
1157,1156.999999999995,286.116319,282.46666666666664,3649.6523333333357,1
1158,1157.9999999999948,287.00325499999997,282.7,4303.254999999979,1
1159,1158.999999999995,287.591146,282.96666666666664,4624.47933333334,1
1160,1159.999999999995,288.179036,283.03333333333336,5145.702666666637,1
1161,1160.9999999999948,288.766927,286.2,2566.927000000021,1
1162,1161.999999999995,289.15950499999997,283.6666666666667,5492.838333333282,1
1163,1162.999999999995,289.552083,283.9,5652.083000000004,1
1164,1163.999999999995,289.944662,285.23333333333335,4711.328666666645,1
1165,1164.999999999995,290.33724,286.1333333333333,4203.906666666682,1
1166,1165.999999999995,290.651042,288.1333333333333,2517.7086666666924,1
1167,1166.9999999999952,290.915365,288.4,2515.365000000031,1
1168,1167.999999999995,291.205729,288.6333333333333,2572.3956666666936,1
1169,1168.999999999995,291.608073,289.8666666666667,1741.406333333316,1
1170,1169.9999999999952,292.010417,290.1,1910.4169999999954,1
1171,1170.9999999999952,292.37066,291.1,1270.659999999964,1
1172,1171.999999999995,292.73090299999996,291.3333333333333,1397.5696666666408,1
1173,1172.999999999995,293.091146,291.73333333333335,1357.8126666666321,1
1174,1173.9999999999952,293.401693,292.1666666666667,1235.0263333333373,1
1175,1174.9999999999952,293.71224,292.3,1412.239999999997,1
1176,1175.9999999999952,294.022786,292.6,1422.7859999999737,1
1177,1176.9999999999952,294.333333,293.2,1133.3329999999933,1
1178,1177.9999999999952,294.610677,293.3,1310.6769999999983,1
1179,1178.9999999999952,294.877604,293.6666666666667,1210.9373333333338,1
1180,1179.9999999999952,295.111979,293.96666666666664,1145.3123333333792,1
1181,1180.9999999999952,295.400065,294.2,1200.064999999995,1
1182,1181.9999999999955,295.688151,294.8,888.1509999999935,1
1183,1182.9999999999952,296.272135,295.06666666666666,1205.4683333333287,1
1184,1183.9999999999955,296.688802,295.3,1388.8019999999983,1
1185,1184.9999999999952,297.63151,295.53333333333336,2098.1766666666317,1
1186,1185.9999999999955,298.055338,295.76666666666665,2288.6713333333546,1
1187,1186.9999999999952,298.479167,296.0,2479.167000000018,1
1188,1187.9999999999952,298.90299500000003,296.23333333333335,2669.661666666684,1
1189,1188.9999999999955,299.417644,292.7,6717.6440000000075,1
1190,1189.9999999999955,299.932292,292.93333333333334,6998.958666666681,1
1191,1190.9999999999955,300.41731699999997,293.03333333333336,7383.983666666609,1
1192,1191.9999999999955,300.943866,293.26666666666665,7677.199333333363,1
1193,1192.9999999999955,301.470414,299.3333333333333,2137.080666666691,1
1194,1193.9999999999955,301.996962,299.56666666666666,2430.2953333333335,1
1195,1194.9999999999955,302.52351,299.8,2723.509999999976,1
1196,1195.9999999999955,303.05005800000004,300.8333333333333,2216.724666666721,1
1197,1196.9999999999955,303.576606,301.06666666666666,2509.9393333333637,1
1198,1197.9999999999955,304.103154,301.3,2803.1540000000064,1
1199,1198.9999999999955,304.629702,301.53333333333336,3096.368666666649,1
1200,1199.9999999999952,305.15625,301.73333333333335,3422.9166666666515,1
1201,1200.9999999999955,305.555804,302.0,3555.8040000000233,1
1202,1201.9999999999952,305.955357,302.1666666666667,3788.6903333333066,1
1203,1202.9999999999955,306.35491099999996,302.5,3854.9109999999587,1
1204,1203.9999999999952,306.75446400000004,302.5,4254.464000000042,1
1205,1204.9999999999952,307.154018,302.5,4654.018000000007,1
1206,1205.9999999999955,307.553571,302.5,5053.570999999976,1
1207,1206.9999999999957,307.953125,302.5,5453.125,1
1208,1207.9999999999961,308.367188,301.1,7267.1879999999765,1
1209,1208.9999999999961,308.61328100000003,301.1333333333333,7479.947666666703,1
1210,1209.9979166666628,308.734375,301.56666666666666,7167.708333333338,1
1211,1210.9999999999961,309.641927,301.8333333333333,7808.593666666695,1
1212,1211.9999999999961,310.046875,301.96666666666664,8080.208333333359,1
1213,1212.999999999996,310.078125,301.96666666666664,8111.458333333359,1
1214,1213.9999999999961,310.610027,301.96666666666664,8643.360333333363,1
1215,1214.9999999999961,310.946615,301.96666666666664,8979.948333333368,1
1216,1215.9999999999961,311.192709,301.96666666666664,9226.042333333338,1
1217,1216.9999999999964,311.438803,301.96666666666664,9472.136333333367,1
1218,1217.9999999999964,311.835938,301.96666666666664,9869.27133333336,1
1219,1218.9999999999964,311.875,301.96666666666664,9908.33333333336,1
1220,1219.9999999999964,312.653646,301.96666666666664,10686.97933333334,1
1221,1220.9999999999964,313.331381,304.3,9031.38100000001,1
1222,1221.9999999999964,313.85199700000004,304.3,9551.997000000028,1
1223,1222.9999999999964,314.372613,304.3,10072.61299999999,1
1224,1223.9999999999964,314.893229,304.3,10593.229000000008,1
1225,1224.9999999999964,315.21484399999997,304.3,10914.84399999996,1
1226,1225.9999999999964,315.536458,304.3,11236.45799999997,1
1227,1226.9999999999968,315.938802,304.3,11638.801999999998,1
1228,1227.9999999999968,316.372396,304.3,12072.39599999997,1
1229,1228.999999999997,316.884115,304.3,12584.114999999998,1
1230,1229.9999999999973,317.763021,304.3,13463.02099999997,1
1231,1230.9999999999975,318.490885,304.3,14190.88499999998,1
1232,1231.9999999999973,318.96224,304.3,14662.239999999998,1
1233,1232.999999999998,319.477213,304.3,15177.212999999994,1
1234,1233.9999999999975,319.900391,304.3,15600.391000000001,1
1235,1234.9999999999975,320.179036,304.3,15879.035999999986,1
1236,1235.999999999998,320.515625,305.56666666666666,14948.958333333338,1
1237,1236.9999999999984,320.87955800000003,305.6666666666667,15212.891333333346,1
1238,1237.999999999998,321.15625,305.6,15556.249999999978,1
1239,1238.999999999998,321.49349,305.6333333333333,15860.156666666682,1
1240,1239.999999999998,321.789063,305.6333333333333,16155.729666666673,1
1241,1240.9999999999986,322.009765,305.8333333333333,16176.431666666702,1
1242,1241.9999999999984,322.30599,305.6333333333333,16672.656666666684,1
1243,1242.9999999999986,322.627604,305.6,17027.603999999996,1
1244,1243.9999999999986,322.91080800000003,305.6666666666667,17244.141333333348,1
1245,1244.9999999999986,323.19987000000003,305.7,17499.870000000043,1
1246,1245.9999999999986,323.509115,305.9,17609.11500000003,1
1247,1246.9999999999989,323.717448,306.2,17517.448,1
1248,1247.9999999999989,323.992188,306.3333333333333,17658.854666666684,1
1249,1248.999999999999,324.274089,306.3666666666667,17907.42233333333,1
1250,1249.999999999999,324.539063,306.3666666666667,18172.396333333323,1
1251,1250.999999999999,324.806641,306.3666666666667,18439.97433333334,1
1252,1251.999999999999,325.08203100000003,306.3666666666667,18715.364333333353,1
1253,1252.9999999999993,325.272135,306.3666666666667,18905.468333333316,1
1254,1253.9999999999993,325.64974,307.3333333333333,18316.406666666695,1
1255,1254.9999999999995,325.947266,308.3666666666667,17580.59933333334,1
1256,1255.9999999999998,326.223958,308.3666666666667,17857.29133333331,1
1257,1256.9999999999993,326.591146,308.3666666666667,18224.479333333307,1
1258,1257.9999999999998,326.915365,309.8,17115.364999999998,1
1259,1258.9999999999998,327.09570299999996,310.03333333333336,17062.369666666596,1
1260,1260.0,327.372396,310.26666666666665,17105.72933333333,1
1261,1261.0,327.63086,310.5,17130.859999999986,1
1262,1262.0000000000002,327.874349,310.73333333333335,17141.015666666648,1
1263,1263.0000000000002,328.133463,310.96666666666664,17166.796333333365,1
1264,1264.0000000000002,328.38867200000004,311.0,17388.672000000042,1
1265,1265.0000000000002,328.59961,311.0,17599.609999999986,1
1266,1266.0000000000005,328.898437,311.0,17898.437,1
1267,1267.0000000000002,329.21224,312.0,17212.24000000001,1
1268,1268.0000000000005,329.486979,312.03333333333336,17453.64566666666,1
1269,1269.0000000000007,329.87109399999997,312.03333333333336,17837.76066666661,1
1270,1270.0000000000005,330.33268300000003,312.03333333333336,18299.349666666672,1
1271,1271.000000000001,330.588542,312.03333333333336,18555.20866666666,1
1272,1272.000000000001,330.861979,312.03333333333336,18828.64566666666,1
1273,1273.000000000001,331.133464,312.03333333333336,19100.130666666642,1
1274,1274.000000000001,331.383463,312.2,19183.463000000018,1
1275,1275.0000000000011,331.679036,312.4,19279.03600000002,1
1276,1276.000000000001,331.96679700000004,312.8666666666667,19100.130333333367,1
1277,1277.0000000000014,332.16276,313.1,19062.75999999997,1
1278,1278.0000000000014,332.549479,313.1,19449.478999999996,1
1279,1279.0000000000014,332.858073,312.03333333333336,20824.739666666632,1
1280,1280.0000000000014,333.151693,312.3,20851.69300000001,1
1281,1281.000000000002,333.559896,312.76666666666665,20793.22933333333,1
1282,1282.0000000000014,333.89453100000003,312.8666666666667,21027.864333333353,1
1283,1283.000000000002,334.05078100000003,313.0,21050.781000000028,1
1284,1284.000000000002,334.328125,313.23333333333335,21094.79166666665,1
1285,1285.000000000002,334.604167,313.56666666666666,21037.500333333355,1
1286,1286.000000000002,334.821615,313.8,21021.614999999998,1
1287,1287.000000000002,335.151042,314.03333333333336,21117.70866666666,1
1288,1288.0000000000023,335.498046,314.26666666666665,21231.379333333338,1
1289,1289.0000000000023,335.64974,314.5,21149.74000000001,1
1290,1290.0000000000025,335.945313,314.56666666666666,21378.646333333338,1
1291,1291.0000000000025,336.202474,314.6,21602.473999999973,1
1292,1292.0000000000025,336.460938,315.0,21460.938,1
1293,1293.0000000000027,336.86328100000003,315.26666666666665,21596.61433333338,1
1294,1294.0000000000027,337.19336,315.2,21993.359999999997,1
1295,1295.0000000000027,337.35546899999997,315.8666666666667,21488.802333333297,1
1296,1296.000000000003,337.69205800000003,315.6666666666667,22025.391333333348,1
1297,1297.000000000003,337.967448,315.8666666666667,22100.781333333318,1
1298,1298.000000000003,338.258463,316.06666666666666,22191.796333333343,1
1299,1299.0000000000032,338.708333,316.3333333333333,22374.999666666667,1
1300,1300.0000000000032,339.102213,316.56666666666666,22535.546333333343,1
1301,1301.0000000000032,339.49349,317.73333333333335,21760.15666666666,1
1302,1302.0000000000034,340.09179700000004,317.93333333333334,22158.463666666707,1
1303,1303.0000000000034,340.579427,318.2,22379.42700000002,1
1304,1304.0000000000032,341.179688,319.3,21879.687999999987,1
1305,1305.0000000000061,341.84179700000004,319.5,22341.797000000042,1
1306,1306.0000000000057,342.164062,324.6333333333333,17530.728666666677,1
1307,1307.0000000000057,342.335938,324.9,17435.93800000002,1
1308,1308.0000000000052,342.552083,325.03333333333336,17518.749666666623,1
1309,1309.000000000005,342.773438,325.03333333333336,17740.104666666637,1
1310,1310.0000000000048,342.947917,325.3666666666667,17581.250333333344,1
1311,1311.0000000000045,343.15299500000003,322.2,20952.995000000043,1
1312,1312.0000000000045,343.369141,322.3666666666667,21002.47433333334,1
1313,1313.0000000000043,343.51237000000003,322.3666666666667,21145.70333333336,1
1314,1314.0000000000039,343.72265600000003,324.6666666666667,19055.989333333342,1
1315,1315.0000000000036,343.90234399999997,324.96666666666664,18935.67733333333,1
1316,1316.0000000000034,344.076823,325.4,18676.82300000001,1
1317,1317.0000000000034,344.26887999999997,323.8666666666667,20402.213333333293,1
1318,1318.0000000000032,344.501302,324.1666666666667,20334.635333333325,1
1319,1319.000000000003,344.630208,324.23333333333335,20396.874666666634,1
1320,1320.0000000000027,344.833333,324.4,20433.333000000006,1
1321,1321.0000000000023,345.03776,327.03333333333336,18004.42666666663,1
1322,1322.0000000000023,345.17578100000003,327.26666666666665,17909.11433333338,1
1323,1323.000000000002,345.36328100000003,326.96666666666664,18396.61433333339,1
1324,1324.0000000000016,345.571615,327.06666666666666,18504.948333333345,1
1325,1325.0000000000014,345.760417,327.3666666666667,18393.750333333344,1
1326,1326.0000000000011,345.936198,327.5,18436.19799999999,1
1327,1327.0000000000011,346.132161,327.6,18532.160999999975,1
1328,1328.000000000001,346.296875,327.6,18696.874999999978,1
1329,1329.0000000000005,346.492188,327.6,18892.187999999976,1
1330,1330.0000000000002,346.686198,326.8666666666667,19819.531333333318,1
1331,1331.0,346.829427,331.26666666666665,15562.760333333357,1
1332,1332.0,347.000652,331.5,15500.652000000002,1
1333,1332.9999999999998,347.186198,331.73333333333335,15452.864666666643,1
1334,1333.9999999999995,347.358073,332.26666666666665,15091.40633333334,1
1335,1334.999999999999,347.52929700000004,332.1666666666667,15362.630333333356,1
1336,1335.9999999999989,347.723958,335.2,12523.957999999993,1
1337,1336.9999999999989,347.86328100000003,335.3333333333333,12529.947666666714,1
1338,1337.9999999999986,348.053385,335.6666666666667,12386.718333333305,1
1339,1338.9999999999984,348.226562,335.9,12326.562000000024,1
1340,1339.999999999998,348.38671899999997,336.1333333333333,12253.385666666645,1
1341,1340.9999999999977,348.573568,336.5,12073.568000000023,1
1342,1341.9999999999977,348.786458,336.76666666666665,12019.79133333333,1
1343,1342.9999999999973,348.920573,338.93333333333334,9987.239666666654,1
1344,1343.999999999997,349.106119,339.3,9806.118999999966,1
1345,1344.9999999999968,349.30078100000003,340.0,9300.781000000028,1
1346,1345.9999999999966,349.450521,339.1666666666667,10283.854333333295,1
1347,1346.9999999999966,349.633464,338.3666666666667,11266.797333333328,1
1348,1347.9999999999964,349.838542,339.56666666666666,10271.875333333355,1
1349,1348.9999999999961,350.00455800000003,339.8333333333333,10171.224666666716,1
1350,1349.9999999999957,350.166016,342.1,8066.0159999999905,1
1351,1350.9999999999955,350.370443,342.26666666666665,8103.776333333371,1
1352,1351.9999999999955,350.552735,340.2,10352.734999999995,1
1353,1352.9999999999952,350.770833,340.46666666666664,10304.166333333342,1
1354,1353.999999999995,350.97265600000003,340.1666666666667,10805.989333333344,1
1355,1354.9999999999948,351.115235,341.26666666666665,9848.568333333333,1
1356,1355.9999999999943,351.288411,341.96666666666664,9321.744333333356,1
1357,1356.9999999999943,351.497396,342.1,9397.395999999957,1
1358,1357.9999999999939,351.630208,342.3,9330.20799999997,1
1359,1358.9999999999936,351.796875,342.53333333333336,9263.54166666664,1
1360,1359.9999999999934,351.998698,342.8,9198.697999999978,1
1361,1360.9999999999932,352.143229,342.96666666666664,9176.562333333379,1
1362,1361.9999999999932,352.311198,343.1,9211.197999999968,1
1363,1362.999999999993,352.450521,343.3333333333333,9117.187666666667,1
1364,1363.9999999999927,352.614583,343.56666666666666,9047.91633333332,1
1365,1364.9999999999923,352.752604,343.6666666666667,9085.937333333333,1
1366,1365.9999999999918,352.960938,345.3333333333333,7627.604666666684,1
1367,1366.9999999999918,353.09049500000003,345.4,7690.495000000055,1
1368,1367.9999999999918,353.262369,345.4,7862.369000000001,1
1369,1368.9999999999918,353.453125,349.76666666666665,3686.4583333333485,1
1370,1369.9999999999918,353.608073,346.93333333333334,6674.739666666654,1
1371,1370.9999999999918,353.766927,347.1666666666667,6600.2603333333245,1
1372,1371.9999999999918,353.970052,347.43333333333334,6536.718666666673,1
1373,1372.9999999999918,354.076823,347.5,6576.82299999999,1
1374,1373.9999999999918,354.252604,347.5,6752.604000000019,1
1375,1374.9999999999918,354.393229,348.8,5593.229000000008,1
1376,1375.9999999999918,354.56901,348.96666666666664,5602.343333333351,1
1377,1376.999999999992,354.710938,349.3,5410.937999999987,1
1378,1377.9999999999918,355.015625,352.56666666666666,2448.958333333337,1
1379,1378.9999999999918,355.098958,352.9,2198.9580000000046,1
1380,1379.9999999999918,355.302083,355.1,202.08299999995916,1
1381,1380.9999999999918,355.44921899999997,355.3,149.21899999995958,1
1382,1381.9999999999918,355.639323,355.56666666666666,72.65633333332744,1
1383,1382.9999999999918,355.727213,355.76666666666665,39.453666666645404,1
1384,1383.9999999999918,355.985677,356.1,114.32300000001305,1
1385,1384.9999999999918,356.138021,356.26666666666665,128.64566666667088,1
1386,1385.9999999999918,356.296875,356.8666666666667,569.7916666666742,1
1387,1386.9999999999918,356.490885,357.1,609.1150000000312,1
1388,1387.9999999999918,356.632812,356.9,267.187999999976,1
1389,1388.9999999999918,356.829427,357.0,170.57299999999032,1
1390,1389.9999999999918,356.973958,357.43333333333334,459.37533333335523,1
1391,1390.9999999999918,357.174479,357.56666666666666,392.1876666666435,1
1392,1391.9999999999918,357.328125,358.23333333333335,905.2083333333485,1
1393,1392.9999999999918,357.561198,358.8333333333333,1272.135333333324,1
1394,1393.9999999999918,357.703125,358.73333333333335,1030.2083333333485,1
1395,1394.999999999992,357.820312,358.8666666666667,1046.354666666673,1
1396,1395.999999999992,358.061523,358.8666666666667,805.1436666666518,1
1397,1396.999999999992,358.302734,358.8666666666667,563.9326666666875,1
1398,1397.999999999992,358.543945,358.03333333333336,510.61166666664803,1
1399,1398.9999999999918,358.78515600000003,358.0,785.156000000029,1
1400,1399.9999999999918,359.026367,358.26666666666665,759.7003333333419,1
1401,1400.9999999999918,359.26757799999996,358.46666666666664,800.9113333333175,1
1402,1401.9999999999918,359.53515600000003,358.73333333333335,801.8226666666806,1
1403,1402.9999999999918,359.682292,358.9,782.2920000000408,1
1404,1403.9999999999918,359.895833,359.1,795.8329999999592,1
1405,1404.9999999999918,360.059896,359.3333333333333,726.5626666666662,1
1406,1405.9999999999918,360.239583,359.6666666666667,572.9163333332963,1
1407,1406.9999999999918,360.298177,359.93333333333334,364.84366666667256,1
1408,1407.9999999999918,360.59765600000003,360.1666666666667,430.98933333334344,1
1409,1408.9999999999918,360.768229,360.4,368.2290000000421,1
1410,1409.9999999999918,360.924479,360.6333333333333,291.1456666666936,1
1411,1410.9999999999918,361.11328100000003,360.8,313.2810000000177,1
1412,1411.9999999999918,361.24609399999997,361.06666666666666,179.42733333330807,1
1413,1412.9999999999918,361.424479,361.1666666666667,257.81233333333375,1
1414,1413.9999999999918,361.58203100000003,361.46666666666664,115.36433333338891,1
1415,1414.9999999999918,361.778646,361.6333333333333,145.31266666665488,1
1416,1415.9999999999918,361.929688,361.8333333333333,96.35466666668435,1
1417,1416.9999999999918,362.13151,361.9,231.51000000001432,1
1418,1417.9999999999918,362.276042,362.3,23.957999999993262,1
1419,1418.999999999992,362.442708,362.56666666666666,123.95866666668098,1
1420,1419.999999999992,362.657877,362.3333333333333,324.54366666667056,1
1421,1420.999999999992,362.873046,362.3333333333333,539.7126666666736,1
1422,1421.999999999992,363.088216,362.7,388.2159999999999,1
1423,1422.9999999999918,363.303385,362.9,403.3850000000143,1
1424,1423.9999999999918,363.518554,363.1333333333333,385.2206666666689,1
1425,1424.9999999999918,363.733723,363.3666666666667,367.05633333332344,1
1426,1425.9999999999918,363.875,363.6,274.99999999997726,1
1427,1426.9999999999918,364.079427,363.6,479.42699999998695,1
1428,1427.9999999999918,364.200521,363.73333333333335,467.18766666663214,1
1429,1428.9999999999918,364.39974,363.9,499.74000000003116,1
1430,1429.9999999999918,364.576823,364.2,376.8230000000017,1
1431,1430.9999999999918,364.77474,364.3333333333333,441.40666666669404,1
1432,1431.9999999999918,364.942708,364.5,442.7079999999819,1
1433,1432.9999999999918,365.078125,364.73333333333335,344.7916666666515,1
1434,1433.9999999999918,365.299479,364.8333333333333,466.145666666705,1
1435,1434.9999999999918,365.41276,365.06666666666666,346.0933333333287,1
1436,1435.9999999999918,365.626302,365.3666666666667,259.63533333333544,1
1437,1436.9999999999918,365.85026,365.6666666666667,183.59333333330596,1
1438,1437.9999999999918,365.985677,365.76666666666665,219.01033333335818,1
1439,1438.9999999999918,366.19140600000003,365.76666666666665,424.73933333337754,1
1440,1439.9999999999918,366.360026,365.76666666666665,593.3593333333533,1
1441,1440.9999999999918,366.580729,365.76666666666665,814.0623333333679,1
1442,1441.9999999999918,366.765625,366.6,165.62499999997726,1
1443,1442.9999999999918,366.927083,366.6,327.08299999995916,1
1444,1443.9999999999918,367.126302,366.6,526.301999999987,1
1445,1444.9999999999918,367.283854,367.8,516.145999999992,1
1446,1445.9999999999918,367.46484399999997,367.1666666666667,298.17733333328533,1
1447,1446.9999999999918,367.65625,367.4,256.25000000002274,1
1448,1447.9999999999918,367.84765600000003,367.6,247.65600000000632,1
1449,1448.9999999999918,368.075521,367.8666666666667,208.85433333330639,1
1450,1449.9999999999918,368.240885,368.03333333333336,207.55166666663172,1
1451,1450.9999999999918,368.428385,368.03333333333336,395.0516666666317,1
1452,1451.9999999999918,368.598958,368.26666666666665,332.2913333333304,1
1453,1452.9999999999918,368.78515600000003,368.4,385.1560000000518,1
1454,1453.9999999999918,368.985677,368.73333333333335,252.3436666666612,1
1455,1454.9999999999918,369.19401,368.93333333333334,260.67666666665446,1
1456,1455.9999999999918,369.39453100000003,369.1,294.5310000000063,1
1457,1456.9999999999918,369.54296899999997,369.3,242.96899999995958,1
1458,1457.9999999999918,369.71875,369.3666666666667,352.08333333332575,1
1459,1458.9999999999918,369.891927,369.53333333333336,358.5936666666498,1
1460,1459.9999999999918,370.08984399999997,369.8333333333333,256.51066666665656,1
1461,1460.9999999999918,370.242188,370.03333333333336,208.85466666663888,1
1462,1461.9999999999918,370.43099,370.26666666666665,164.3233333333569,1
1463,1462.9999999999918,370.640625,370.5,140.625,1
1464,1463.9999999999918,370.78776,370.73333333333335,54.42666666664309,1
1465,1464.9999999999918,370.984375,370.6333333333333,351.04166666667425,1
1466,1465.9999999999918,371.18359399999997,370.7,483.5939999999823,1
1467,1466.9999999999918,371.358073,370.8333333333333,524.7396666666759,1
1468,1467.9999999999918,371.580729,370.8333333333333,747.395666666705,1
1469,1468.9999999999918,371.77734399999997,371.53333333333336,244.0106666666111,1
1470,1469.9999999999918,372.009115,371.56666666666666,442.44833333334554,1
1471,1470.9999999999918,372.26953100000003,371.76666666666665,502.86433333337754,1
1472,1471.9999999999918,372.580729,371.8333333333333,747.395666666705,1
1473,1472.9999999999918,372.93359399999997,372.06666666666666,866.9273333333081,1
1474,1473.9999999999918,373.25260499999996,372.3,952.6049999999486,1
1475,1474.9999999999925,373.388021,372.53333333333336,854.6876666666208,1
1476,1475.9999999999925,373.613932,372.76666666666665,847.2653333333255,1
1477,1476.9999999999925,373.821615,373.0,821.6150000000084,1
1478,1477.9999999999923,374.00651,373.23333333333335,773.1766666666431,1
1479,1478.9999999999923,374.216146,373.46666666666664,749.4793333333405,1
1480,1479.999999999992,374.45572999999996,373.8333333333333,622.3966666666456,1
1481,1480.999999999992,374.61849,374.1,518.4899999999857,1
1482,1481.999999999992,374.83137999999997,374.3666666666667,464.7133333332931,1
1483,1482.999999999992,375.02734399999997,374.46666666666664,560.6773333333308,1
1484,1483.9999999999923,375.22526,374.6333333333333,591.9266666666658,1
1485,1484.9999999999918,375.46224,374.9,562.2400000000312,1
1486,1485.9999999999918,375.707682,375.1,607.6819999999543,1
1487,1486.9999999999916,375.86849,375.3,568.489999999997,1
1488,1487.9999999999918,376.077474,375.46666666666664,610.807333333355,1
1489,1488.9999999999916,376.311198,375.6666666666667,644.5313333333047,1
1490,1489.9999999999916,376.479167,375.9,579.1670000000408,1
1491,1490.9999999999918,376.710938,376.1333333333333,577.604666666673,1
1492,1491.9999999999914,376.976563,376.3666666666667,609.8963333333245,1
1493,1492.9999999999916,377.129557,376.6,529.5569999999543,1
1494,1493.9999999999914,377.35546899999997,376.76666666666665,588.8023333333194,1
1495,1494.9999999999916,377.615885,377.06666666666666,549.2183333333287,1
1496,1495.9999999999911,377.81901,377.1333333333333,685.6766666666658,1
1497,1496.9999999999914,378.026042,377.3666666666667,659.3753333333439,1
1498,1497.9999999999905,378.258464,377.6333333333333,625.1306666666778,1
1499,1498.9999999999905,378.397786,377.8,597.785999999985,1
1500,1499.9999999999905,378.625651,378.03333333333336,592.317666666645,1
1501,1500.9999999999905,378.83984399999997,378.26666666666665,573.1773333333194,1
1502,1501.9999999999902,379.026042,378.4,626.0420000000408,1
1503,1502.9999999999902,379.234375,378.73333333333335,501.0416666666515,1
1504,1503.99999999999,379.460938,378.8333333333333,627.6046666666844,1
1505,1504.99999999999,379.64453100000003,379.0,644.531000000029,1
1506,1505.99999999999,379.84375,379.23333333333335,610.4166666666515,1
1507,1506.9999999999898,380.059896,379.43333333333334,626.5626666666435,1
1508,1507.9999999999898,380.26171899999997,379.6666666666667,595.0523333332853,1
1509,1508.9999999999898,380.536458,379.9,636.4580000000046,1
1510,1509.9999999999895,380.807292,380.1333333333333,673.9586666666924,1
1511,1510.9999999999895,380.929688,380.3666666666667,563.0213333333245,1
1512,1511.9999999999895,381.174479,380.53333333333336,641.1456666666595,1
1513,1512.9999999999895,381.380208,380.73333333333335,646.8746666666334,1
1514,1513.9999999999895,381.579428,380.96666666666664,612.761333333367,1
1515,1514.9999999999893,381.788411,381.2,588.4110000000078,1
1516,1515.9999999999893,382.015625,381.46666666666664,548.9583333333599,1
1517,1516.999999999989,382.157552,381.7,457.55200000002105,1
1518,1517.9999999999893,382.38671899999997,381.9,486.7189999999937,1
1519,1518.999999999989,382.638021,381.96666666666664,671.3543333333405,1
1520,1519.999999999989,382.82617200000004,382.1666666666667,659.5053333333567,1
1521,1520.9999999999889,383.03776,382.4,637.7600000000143,1
1522,1521.9999999999889,383.274089,382.6,674.0889999999808,1
1523,1522.9999999999884,383.386068,382.8666666666667,519.4013333333487,1
1524,1523.9999999999889,383.614583,383.06666666666666,547.916333333319,1
1525,1524.9999999999889,383.815104,383.23333333333335,581.7706666666709,1
1526,1525.9999999999884,383.98828100000003,383.5,488.28100000002905,1
1527,1526.9999999999884,384.208333,383.7,508.33299999999326,1
1528,1527.9999999999882,384.445313,383.96666666666664,478.6463333333586,1
1529,1528.9999999999882,384.552734,384.1666666666667,386.0673333333011,1
1530,1529.9999999999882,384.790365,384.2,590.3650000000198,1
1531,1530.9999999999882,385.00651,384.3333333333333,673.1766666666772,1
1532,1531.999999999988,385.21875,384.6666666666667,552.0833333333144,1
1533,1532.999999999988,385.619792,384.96666666666664,653.125333333378,1
1534,1533.9999999999882,385.958333,385.1666666666667,791.6663333332963,1
1535,1534.9999999999877,386.109375,385.2,909.3750000000114,1
1536,1535.9999999999882,386.39257799999996,385.43333333333334,959.2446666666206,1
1537,1536.9999999999877,386.584635,385.6666666666667,917.968333333306,1
1538,1537.9999999999877,386.747396,385.9,847.3960000000034,1
1539,1538.9999999999875,386.94140600000003,386.1,841.4060000000063,1
1540,1539.9999999999875,387.154948,383.96666666666664,3188.28133333335,1
1541,1540.9999999999875,387.272787,384.1333333333333,3139.453666666668,1
1542,1541.9999999999875,387.491536,384.2,3291.536000000008,1
1543,1542.999999999987,387.888021,384.4,3488.0210000000034,1
1544,1543.999999999987,388.01757799999996,384.7,3317.577999999969,1
1545,1544.9999999999868,388.414062,384.96666666666664,3447.395333333361,1
1546,1545.9999999999868,388.610026,385.2,3410.026000000016,1
1547,1546.9999999999866,388.80599,385.2,3605.99000000002,1
1548,1547.9999999999868,388.938802,385.4,3538.8020000000324,1
1549,1548.9999999999868,389.138021,385.6666666666667,3471.354333333295,1
1550,1549.9999999999868,389.268229,385.8333333333333,3434.895666666705,1
1551,1550.9999999999864,389.463542,386.1333333333333,3330.2086666666924,1
1552,1551.9999999999864,389.651042,389.2,451.0420000000295,1
1553,1552.9999999999861,389.817708,389.3666666666667,451.04133333330765,1
1554,1553.9999999999861,390.018229,389.4,618.2290000000421,1
1555,1554.9999999999861,390.219184,389.6333333333333,585.8506666666585,1
1556,1555.9999999999861,390.420139,389.8,620.1389999999947,1
1557,1556.9999999999861,390.62109399999997,390.1,521.0939999999482,1
1558,1557.999999999986,390.81901,390.3,519.0099999999802,1
1559,1558.999999999986,390.986979,390.6,386.97899999999663,1
1560,1559.9999999999857,391.140625,390.6333333333333,507.29166666667425,1
1561,1560.9999999999857,391.338542,390.6333333333333,705.2086666666924,1
1562,1561.9999999999857,391.548177,390.6333333333333,914.8436666666839,1
1563,1562.9999999999857,391.744792,390.6333333333333,1111.4586666666924,1
1564,1563.9999999999854,391.89453100000003,390.6333333333333,1261.1976666667033,1
1565,1564.9999999999854,392.057292,390.6333333333333,1423.9586666666924,1
1566,1565.9999999999854,392.223958,390.6333333333333,1590.6246666666561,1
1567,1566.9999999999852,392.434896,390.6333333333333,1801.5626666666549,1
1568,1567.9999999999854,392.64453100000003,390.6333333333333,2011.1976666667033,1
1569,1568.9999999999852,392.795573,390.6333333333333,2162.2396666666646,1
1570,1569.9999999999852,393.0625,390.6333333333333,2429.1666666666742,1
1571,1570.9999999999852,393.210286,390.6333333333333,2576.9526666666707,1
1572,1571.9999999999852,393.36132799999996,390.6333333333333,2727.994666666632,1
1573,1572.9999999999852,393.546875,390.6333333333333,2913.5416666666742,1
1574,1573.9999999999852,393.69856699999997,390.6333333333333,3065.233666666643,1
1575,1574.999999999985,393.91796899999997,390.6333333333333,3284.635666666645,1
1576,1575.999999999985,394.108073,390.6333333333333,3474.7396666666646,1
1577,1576.9999999999848,394.28515600000003,390.6333333333333,3651.8226666667033,1
1578,1577.9999999999848,394.498698,390.6333333333333,3865.3646666666646,1
1579,1578.9999999999848,394.704427,394.8,95.57300000000168,1
1580,1579.9999999999845,394.91015600000003,394.9,10.15600000005179,1
1581,1580.9999999999848,395.115885,394.96666666666664,149.21833333335144,1
1582,1581.9999999999843,395.27734399999997,395.06666666666666,210.67733333330807,1
1583,1582.9999999999843,395.47526,395.06666666666666,408.5933333333287,1
1584,1583.999999999984,395.630859,395.3,330.85899999997537,1
1585,1584.9999999999843,395.830729,395.53333333333336,297.3956666666595,1
1586,1585.999999999984,396.022135,395.76666666666665,255.46833333334007,1
1587,1586.999999999984,396.225911,395.9,325.91100000001916,1
1588,1587.9999999999839,396.393229,396.23333333333335,159.89566666667088,1
1589,1588.9999999999839,396.596354,396.1,496.35399999999663,1
1590,1589.9999999999834,396.751302,396.3333333333333,417.9686666666953,1
1591,1590.9999999999834,396.972006,396.46666666666664,505.33933333338155,1
1592,1591.9999999999834,397.117188,396.46666666666664,650.5213333333586,1
1593,1592.9999999999834,397.317708,396.8,517.7079999999705,1
1594,1593.9999999999832,397.476562,396.96666666666664,509.8953333333611,1
1595,1594.9999999999832,397.658854,397.1,558.8539999999966,1
1596,1595.9999999999832,397.797527,397.3333333333333,464.19366666668793,1
1597,1596.999999999983,397.992188,397.56666666666666,425.52133333333586,1
1598,1597.999999999983,398.16015600000003,397.8333333333333,326.82266666671467,1
1599,1598.999999999983,398.353516,398.03333333333336,320.1826666666534,1
1600,1599.999999999983,398.51171899999997,398.3,211.71899999995958,1
1601,1600.9999999999827,398.69140600000003,398.6333333333333,58.0726666667033,1
1602,1601.9999999999827,398.85026,398.76666666666665,83.59333333334007,1
1603,1602.9999999999825,399.052083,398.8333333333333,218.7496666666675,1
1604,1603.9999999999825,399.20637999999997,398.96666666666664,239.71333333332723,1
1605,1604.9999999999823,399.390625,399.3333333333333,57.291666666685614,1
1606,1605.9999999999825,399.570312,399.1333333333333,436.9786666666755,1
1607,1606.999999999982,399.76171899999997,399.3,461.7189999999596,1
1608,1607.999999999982,399.950521,399.46666666666664,483.8543333333405,1
1609,1608.999999999982,400.110677,399.6333333333333,477.34366666668393,1
1610,1609.9999999999818,400.28515600000003,399.9,385.1560000000518,1
1611,1610.9999999999818,400.450521,400.1,350.5209999999579,1
1612,1611.9999999999816,400.64453100000003,400.3333333333333,311.19766666671467,1
1613,1612.9999999999816,400.852865,400.53333333333336,319.53166666664856,1
1614,1613.9999999999814,401.078125,400.8,278.12499999998863,1
1615,1614.9999999999814,401.31640600000003,400.8,516.4060000000177,1
1616,1615.9999999999811,401.56640600000003,401.03333333333336,533.0726666666692,1
1617,1616.9999999999811,401.817708,401.03333333333336,784.374666666622,1
1618,1617.999999999981,402.22265600000003,401.23333333333335,989.3226666666806,1
1619,1618.999999999981,402.415365,401.5,915.3650000000084,1
1620,1619.999999999981,402.580729,401.73333333333335,847.3956666666709,1
1621,1620.9999999999807,402.709635,402.03333333333336,676.3016666666317,1
1622,1621.999999999981,402.83007799999996,402.3,530.0779999999463,1
1623,1622.9999999999807,402.983073,402.5,483.0729999999903,1
1624,1623.9999999999807,403.108724,402.76666666666665,342.05733333334365,1
1625,1624.9999999999804,403.251302,403.06666666666666,184.6353333333468,1
1626,1625.9999999999807,403.399089,403.26666666666665,132.42233333335207,1
1627,1626.9999999999802,403.563802,403.53333333333336,30.468666666649824,1
1628,1627.9999999999804,403.723958,403.8666666666667,142.70866666669235,1
1629,1628.9999999999802,404.225911,403.8666666666667,359.2443333333222,1
1630,1629.9999999999802,404.593099,404.23333333333335,359.76566666664667,1
1631,1630.9999999999798,404.758464,404.1333333333333,625.1306666666778,1
1632,1631.9999999999802,404.986979,404.06666666666666,920.3123333333565,1
1633,1632.9999999999798,405.226562,404.4,826.562000000024,1
1634,1633.9999999999798,405.486979,404.5,986.9790000000194,1
1635,1634.9999999999798,405.84049500000003,404.96666666666664,873.8283333333925,1
1636,1635.9999999999795,406.12890600000003,405.1,1028.9060000000063,1
1637,1636.9999999999795,406.25651,405.3666666666667,889.8433333333173,1
1638,1637.9999999999795,406.50390600000003,405.6666666666667,837.2393333333434,1
1639,1638.9999999999795,406.74349,405.96666666666664,776.8233333333683,1
1640,1639.9999999999793,406.959635,406.23333333333335,726.3016666666431,1
1641,1640.9999999999793,407.29362000000003,406.5,793.6200000000326,1
1642,1641.999999999979,407.57421899999997,406.6666666666667,907.5523333332853,1
1643,1642.999999999979,407.71875,406.9,818.7500000000227,1
1644,1643.999999999979,407.932292,407.1333333333333,798.9586666666924,1
1645,1644.999999999979,408.147135,407.43333333333334,713.8016666666545,1
1646,1645.9999999999789,408.349609,407.7,649.6089999999981,1
1647,1646.9999999999789,408.647786,407.93333333333334,714.4526666666593,1
1648,1647.9999999999789,408.908854,408.1333333333333,775.5206666666936,1
1649,1648.9999999999786,409.045573,408.3333333333333,712.2396666666759,1
1650,1649.9999999999789,409.265625,408.56666666666666,698.9583333333371,1
1651,1650.9999999999786,409.507813,408.8333333333333,674.4796666666844,1
1652,1651.9999999999786,409.734375,409.06666666666666,667.7083333333371,1
1653,1652.9999999999784,409.97265600000003,409.3,672.6560000000177,1
1654,1653.9999999999784,410.264323,409.5,764.3229999999903,1
1655,1654.999999999978,410.404296,409.7,704.2959999999994,1
1656,1655.9999999999784,410.651042,409.8666666666667,784.3753333333439,1
1657,1656.999999999978,410.958984,410.1666666666667,792.3173333333011,1
1658,1657.999999999978,411.209635,410.4,809.6350000000143,1
1659,1658.9999999999777,411.429036,410.6666666666667,762.3693333333108,1
1660,1659.9999999999777,411.790365,410.9,890.3650000000312,1
1661,1660.9999999999777,411.91992200000004,411.1333333333333,786.5886666667166,1
1662,1661.9999999999777,412.164063,411.4,764.0630000000215,1
1663,1662.9999999999777,412.454427,411.6333333333333,821.0936666666839,1
1664,1663.9999999999775,412.676432,411.9,776.4319999999998,1
1665,1664.9999999999775,412.882813,412.1333333333333,749.479666666673,1
1666,1665.9999999999773,413.223958,412.4,823.9580000000046,1
1667,1666.9999999999773,413.358073,412.6666666666667,691.4063333333047,1
1668,1667.9999999999773,413.625,412.8666666666667,758.3333333333258,1
1669,1668.9999999999773,413.91796899999997,413.1333333333333,784.6356666666452,1
1670,1669.999999999977,414.13737000000003,413.3666666666667,770.7033333333584,1
1671,1670.999999999977,414.335938,413.6333333333333,702.604666666673,1
1672,1671.9999999999768,414.68359399999997,413.8666666666667,816.9273333332967,1
1673,1672.9999999999768,414.795573,414.1333333333333,662.2396666666646,1
1674,1673.999999999977,415.04427000000004,414.3333333333333,710.9366666667256,1
1675,1674.9999999999768,415.329427,414.6,729.426999999987,1
1676,1675.9999999999768,415.547526,414.8,747.5259999999935,1
1677,1676.9999999999766,415.740235,415.06666666666666,673.5683333333213,1
1678,1677.9999999999766,416.09830800000003,415.3,798.30800000002,1
1679,1678.999999999976,416.23828100000003,415.53333333333336,704.9476666666692,1
1680,1679.9999999999766,416.472006,415.76666666666665,705.3393333333702,1
1681,1680.999999999976,416.733073,416.0,733.0729999999903,1
1682,1681.999999999976,416.938802,416.23333333333335,705.4686666666612,1
1683,1682.9999999999757,417.111979,416.46666666666664,645.3123333333792,1
1684,1683.9999999999757,417.45117200000004,416.7,751.1720000000537,1
1685,1684.9999999999754,417.616537,416.93333333333334,683.2036666666568,1
1686,1685.9999999999757,417.854167,417.1666666666667,687.5003333333325,1
1687,1686.9999999999757,418.085286,417.3666666666667,718.6193333333222,1
1688,1687.9999999999754,418.270833,417.6,670.8329999999592,1
1689,1688.9999999999752,418.44075499999997,417.8,640.754999999956,1
1690,1689.9999999999752,418.793619,418.03333333333336,760.2856666666185,1
1691,1690.9999999999752,418.940104,418.26666666666665,673.4373333333679,1
1692,1691.9999999999752,419.098958,418.5,598.9579999999819,1
1693,1692.9999999999752,419.352865,418.7,652.8650000000198,1
1694,1693.999999999975,419.567708,418.9,667.7080000000046,1
1695,1694.999999999975,419.748047,419.1333333333333,614.7136666666597,1
1696,1695.9999999999748,420.104167,419.3666666666667,737.5003333333439,1
1697,1696.9999999999748,420.27474000000007,419.53333333333336,741.4066666667054,1
1698,1697.9999999999748,420.539063,419.76666666666665,772.3963333333472,1
1699,1698.9999999999748,420.777343,420.0,777.3429999999735,1
1700,1699.9999999999748,420.964843,420.23333333333335,731.509666666625,1
1701,1700.9999999999745,421.150391,420.46666666666664,683.7243333333731,1
1702,1701.9999999999745,421.499349,420.7,799.3490000000065,1
1703,1702.9999999999743,421.638672,420.93333333333334,705.3386666666484,1
1704,1703.9999999999745,421.874349,421.1666666666667,707.6823333333095,1
1705,1704.9999999999743,422.095703,421.4,695.7030000000373,1
1706,1705.9999999999743,422.27994800000005,421.6,679.9480000000244,1
1707,1706.9999999999739,422.49544299999997,421.8333333333333,662.1096666666517,1
1708,1707.9999999999739,422.86849000000007,422.06666666666666,801.8233333334024,1
1709,1708.9999999999736,423.09375,422.3333333333333,760.4166666666856,1
1710,1709.9999999999739,423.34505199999995,422.56666666666666,778.38533333329,1
1711,1710.9999999999736,423.651042,422.8,851.0420000000067,1
1712,1711.9999999999736,423.90755199999995,423.03333333333336,874.218666666593,1
1713,1712.9999999999736,424.15885499999996,423.26666666666665,892.1883333333085,1
1714,1713.9999999999734,424.713542,423.5,1213.542000000018,1
1715,1714.9999999999748,425.022787,423.76666666666665,1256.1203333333424,1
1716,1715.9999999999748,425.235026,424.03333333333336,1201.692666666645,1
1717,1716.9999999999748,425.52474000000007,424.26666666666665,1258.0733333334138,1
1718,1717.999999999975,425.79036500000007,424.5,1290.3650000000653,1
1719,1718.999999999975,426.072266,424.5,1572.2660000000133,1
1720,1719.999999999975,426.365234,423.46666666666664,2898.5673333333466,1
1721,1720.999999999975,426.64713600000005,425.6333333333333,1013.8026666667201,1
1722,1721.999999999975,426.882162,425.9,982.1620000000166,1
1723,1722.999999999975,427.174479,426.2,974.4790000000307,1
1724,1723.999999999975,427.46028600000005,426.2,1260.2860000000646,1
1725,1724.999999999975,427.81119800000005,426.2,1611.1980000000585,1
1726,1725.9999999999752,428.03599299999996,427.03333333333336,1002.6596666666023,1
1727,1726.9999999999752,428.260789,427.26666666666665,994.1223333333369,1
1728,1727.9999999999752,428.48558399999996,427.6,885.5839999999375,1
1729,1728.9999999999752,428.71038,427.96666666666664,743.7133333333463,1
1730,1729.9999999999752,428.935175,428.2,735.1750000000266,1
1731,1730.999999999975,429.159971,428.4,759.9710000000073,1
1732,1731.999999999975,429.384766,428.8,584.7660000000019,1
1733,1732.9999999999804,429.753907,428.96666666666664,787.2403333333864,1
1734,1733.9999999999802,430.005208,428.96666666666664,1038.5413333333418,1
1735,1734.9999999999802,430.294922,429.3666666666667,928.2553333333112,1
1736,1735.9999999999798,430.607422,429.56666666666666,1040.7553333333226,1
1737,1736.9999999999798,430.99088600000005,429.9,1090.8860000000686,1
1738,1737.9999999999802,431.325358,430.1,1225.3579999999715,1
1739,1738.9999999999802,431.65983099999994,430.3333333333333,1326.4976666666257,1
1740,1739.9999999999802,431.994303,430.73333333333335,1260.9696666666537,1
1741,1740.9999999999798,432.328776,431.1,1228.775999999982,1
1742,1741.9999999999918,432.82161500000007,431.3333333333333,1488.2816666667509,1
1743,1742.9999999999918,433.520833,431.6,1920.8329999999592,1
1744,1743.9999999999918,434.10286500000007,432.0,2102.8650000000653,1
1745,1744.9999999999916,434.684896,432.5,2184.8959999999806,1
1746,1745.9999999999916,435.26692699999995,432.46666666666664,2800.2603333333127,1
1747,1746.9999999999916,435.848958,433.3,2548.9579999999705,1
1748,1747.9999999999916,436.43099000000007,433.6333333333333,2797.6566666667395,1
1749,1748.9999999999918,437.013021,433.8333333333333,3179.6876666666662,1
1750,1749.999999999972,437.59505199999995,434.1333333333333,3461.718666666627,1
1751,1750.9999999999718,438.177083,434.3333333333333,3843.7496666666675,1
1752,1751.9999999999714,438.338542,434.56666666666666,3771.8753333333552,1
1753,1752.9999999999714,438.582032,434.73333333333335,3848.698666666678,1
1754,1753.9999999999714,438.825521,435.53333333333336,3292.1876666666208,1
1755,1754.9999999999704,439.026042,435.8666666666667,3159.375333333344,1
1756,1755.9999999999707,439.230903,435.96666666666664,3264.236333333372,1
1757,1756.9999999999707,439.43576399999995,436.2,3235.7639999999606,1
1758,1757.9999999999704,439.640625,436.43333333333334,3207.291666666663,1
1759,1758.9999999999704,439.84548600000005,436.1333333333333,3712.152666666725,1
1760,1759.9999999999704,440.050347,436.23333333333335,3817.0136666666394,1
1761,1760.99999999997,440.255208,436.26666666666665,3988.5413333333304,1
1762,1761.9999999999704,440.476779,436.1333333333333,4343.445666666696,1
1763,1762.9999999999702,440.698351,435.3,5398.3509999999915,1
1764,1763.9999999999702,440.919922,435.56666666666666,5353.255333333323,1
1765,1764.9999999999702,441.132487,435.8,5332.487000000015,1
1766,1765.9999999999704,441.34505199999995,436.03333333333336,5311.718666666593,1
1767,1766.9999999999702,441.557617,436.1333333333333,5424.283666666668,1
1768,1767.9999999999702,441.77018200000003,436.46666666666664,5303.515333333394,1
1769,1768.9999999999702,441.98274699999996,436.73333333333335,5249.413666666613,1
1770,1769.99999999997,442.195312,436.8333333333333,5361.978666666687,1
1771,1770.9999999999702,442.363281,436.8333333333333,5529.947666666658,1
1772,1771.9999999999698,442.53125,436.3,6231.249999999989,1
1773,1772.9999999999698,442.761719,436.43333333333334,6328.385666666691,1
1774,1773.9999999999698,443.019857,436.8666666666667,6153.1903333333275,1
1775,1774.9999999999698,443.27799500000003,436.96666666666664,6311.328333333393,1
1776,1775.9999999999684,443.444662,437.03333333333336,6411.328666666634,1
1777,1776.9999999999688,443.66080700000003,443.0,660.8070000000339,1
1778,1777.9999999999686,443.876953,443.3,576.9530000000032,1
1779,1778.999999999968,444.08137999999997,443.43333333333334,648.0466666666302,1
1780,1779.9999999999677,444.29524699999996,443.43333333333334,861.9136666666236,1
1781,1780.999999999968,444.50911399999995,443.43333333333334,1075.780666666617,1
1782,1781.999999999968,444.722982,444.03333333333336,689.6486666666419,1
1783,1782.999999999968,444.936849,444.26666666666665,670.1823333333436,1
1784,1783.9999999999677,445.150716,444.5,650.7159999999885,1
1785,1784.9999999999675,445.364583,444.76666666666665,597.9163333333304,1
1786,1785.9999999999677,445.572917,445.0,572.9170000000181,1
1787,1786.9999999999677,445.78125,445.2,581.2500000000114,1
1788,1787.9999999999675,445.989583,445.3,689.5829999999705,1
1789,1788.9999999999675,446.197917,445.5,697.9170000000181,1
1790,1789.9999999999675,446.40625,445.76666666666665,639.5833333333485,1
1791,1790.9999999999677,446.614583,445.93333333333334,681.2496666666448,1
1792,1791.9999999999675,446.822917,445.93333333333334,889.583666666681,1
1793,1792.9999999999675,447.03125,445.93333333333334,1097.9166666666629,1
1794,1793.9999999999673,447.239583,446.8,439.5829999999705,1
1795,1794.9999999999673,447.406901,446.96666666666664,440.2343333333647,1
1796,1795.9999999999668,447.574218,447.1,474.21799999995073,1
1797,1796.9999999999668,447.796875,447.23333333333335,563.5416666666515,1
1798,1797.999999999967,447.97569400000003,447.46666666666664,509.02733333339256,1
1799,1798.9999999999668,448.15451399999995,447.76666666666665,387.8473333332977,1
1800,1799.9999999999668,448.333333,447.8333333333333,499.9996666666675,1
1801,1800.999999999967,448.503906,448.03333333333336,470.57266666661235,1
1802,1801.9999999999668,448.674479,448.23333333333335,441.1456666666709,1
1803,1802.9999999999668,448.84505199999995,448.4,445.0519999999756,1
1804,1803.9999999999668,449.04058200000003,448.56666666666666,473.9153333333661,1
1805,1804.9999999999666,449.23611100000005,448.8666666666667,369.44433333337656,1
1806,1805.9999999999663,449.431641,449.0,431.64100000001326,1
1807,1806.9999999999668,449.66118,449.23333333333335,427.84666666665316,1
1808,1807.9999999999668,449.890718,449.3666666666667,524.0513333333183,1
1809,1808.9999999999666,450.12025700000004,449.3666666666667,753.5903333333636,1
1810,1809.9999999999666,450.34979500000003,449.6666666666667,683.1283333333431,1
1811,1810.9999999999668,450.57933399999996,449.93333333333334,646.0006666666231,1
1812,1811.9999999999668,450.80887199999995,450.4,408.8719999999739,1
1813,1812.9999999999666,451.03841100000005,450.4,638.411000000076,1
1814,1813.9999999999666,451.26744800000006,450.43333333333334,834.1146666667214,1
1815,1814.9999999999666,451.496484,450.43333333333334,1063.1506666666724,1
1816,1815.9999999999668,451.725521,451.03333333333336,692.1876666666549,1
1817,1816.9999999999666,451.954557,451.26666666666665,687.890333333371,1
1818,1817.9999999999666,452.183593,451.5,683.5929999999735,1
1819,1818.9999999999666,452.41263,451.73333333333335,679.2966666666302,1
1820,1819.9999999999666,452.641666,451.96666666666664,674.9993333333464,1
1821,1820.9999999999668,452.87070300000005,452.1666666666667,704.036333333363,1
1822,1821.9999999999668,453.09973899999994,450.8,2299.7389999999314,1
1823,1822.9999999999668,453.328776,450.96666666666664,2362.1093333333647,1
1824,1823.999999999966,453.523438,450.96666666666664,2556.7713333333586,1
1825,1824.999999999966,453.77180999999996,450.96666666666664,2805.1433333333193,1
1826,1825.9999999999652,454.02018200000003,451.06666666666666,2953.515333333371,1
1827,1826.9999999999648,454.239583,453.5,739.5829999999819,1
1828,1827.9999999999645,454.43967000000004,453.6666666666667,773.0033333333495,1
1829,1828.9999999999645,454.63975700000003,453.73333333333335,906.423666666683,1
1830,1829.9999999999648,454.839843,454.1666666666667,673.1763333332879,1
1831,1830.9999999999648,455.03992999999997,454.46666666666664,573.2633333333297,1
1832,1831.9999999999645,455.24001699999997,454.7,540.0169999999775,1
1833,1832.9999999999645,455.440104,454.93333333333334,506.77066666668225,1
1834,1833.9999999999643,455.66579900000005,455.1333333333333,532.4656666667238,1
1835,1834.9999999999645,455.89149299999997,455.3,591.4929999999572,1
1836,1835.999999999964,456.117188,455.3333333333333,783.8546666666844,1
1837,1836.9999999999643,456.301042,455.56666666666666,734.3753333333325,1
1838,1837.9999999999643,456.484896,455.76666666666665,718.2293333333405,1
1839,1838.9999999999643,456.66875,456.06666666666666,602.0833333333258,1
1840,1839.9999999999645,456.852604,456.3,552.6039999999739,1
1841,1840.9999999999638,457.036458,456.53333333333336,503.12466666662203,1
1842,1841.9999999999638,457.24349000000007,456.76666666666665,476.82333333341376,1
1843,1842.9999999999638,457.41080800000003,457.0,410.80800000003137,1
1844,1843.9999999999636,457.578125,457.23333333333335,344.7916666666515,1
1845,1844.9999999999636,457.792969,457.5,292.9690000000278,1
1846,1845.9999999999636,458.04557300000005,457.7,345.5730000000585,1
1847,1846.9999999999636,458.298178,457.8666666666667,431.5113333333329,1
1848,1847.9999999999627,458.44401100000005,458.1333333333333,310.67766666672014,1
1849,1848.9999999999627,458.6546230000001,458.03333333333336,621.289666666712,1
1850,1849.9999999999627,458.865234,458.3333333333333,531.9006666666724,1
1851,1850.9999999999616,459.050782,458.53333333333336,517.4486666666667,1
1852,1851.999999999962,459.25325499999997,459.23333333333335,19.921666666618876,1
1853,1852.9999999999616,459.455729,459.7,244.27099999996926,1
1854,1853.9999999999616,459.658203,460.3333333333333,675.1303333332999,1
1855,1854.999999999962,459.86067699999995,459.93333333333334,72.65633333338428,1
1856,1855.999999999962,460.063151,460.1,36.849000000017895,1
1857,1856.9999999999616,460.265625,459.93333333333334,332.2916666666629,1
1858,1857.9999999999616,460.476563,460.0,476.56299999999874,1
1859,1858.9999999999613,460.6875,460.1,587.4999999999773,1
1860,1859.9999999999616,460.898438,460.23333333333335,665.1046666666502,1
1861,1860.9999999999616,461.10069500000003,460.43333333333334,667.361666666693,1
1862,1861.9999999999613,461.30295199999995,460.6666666666667,636.2853333332623,1
1863,1862.9999999999613,461.505208,460.93333333333334,571.8746666666448,1
1864,1863.9999999999613,461.707465,461.1,607.4649999999906,1
1865,1864.9999999999613,461.909722,461.3,609.7219999999766,1
1866,1865.999999999961,462.111979,461.6,511.97899999999663,1
1867,1866.9999999999613,462.27213600000005,461.8333333333333,438.8026666667315,1
1868,1867.999999999961,462.432292,462.03333333333336,398.95866666665825,1
1869,1868.9999999999607,462.66275999999993,462.1666666666667,496.0933333332491,1
1870,1869.999999999961,462.83376699999997,462.4,433.7669999999889,1
1871,1870.999999999961,463.004774,462.5,504.7739999999976,1
1872,1871.9999999999607,463.175781,462.6,575.7809999999495,1
1873,1872.9999999999607,463.341146,462.8666666666667,474.4793333333064,1
1874,1873.9999999999607,463.50650999999993,463.1,406.509999999912,1
1875,1874.9999999999607,463.671875,463.3333333333333,338.5416666666856,1
1876,1875.9999999999607,463.84830700000003,463.4,448.30700000005663,1
1877,1876.9999999999607,464.02474000000007,463.6,424.7400000000425,1
1878,1877.9999999999604,464.201172,463.96666666666664,234.50533333334533,1
1879,1878.9999999999604,464.37662800000004,464.06666666666666,309.9613333333764,1
1880,1879.9999999999607,464.552083,464.1,452.08299999995916,1
1881,1880.9999999999607,464.727539,464.2,527.5389999999902,1
1882,1881.9999999999607,464.90299500000003,464.43333333333334,469.6616666666955,1
1883,1882.9999999999604,465.07845,464.6333333333333,445.1166666666495,1
1884,1883.9999999999604,465.253906,464.8666666666667,387.23933333329796,1
1885,1884.9999999999607,465.687066,465.1,587.065999999993,1
1886,1885.9999999999607,466.120225,465.2,920.2250000000163,1
1887,1886.9999999999604,466.55338499999993,465.3333333333333,1220.0516666666203,1
1888,1887.9979166666267,466.65039,465.53333333333336,1117.056666666656,1
1889,1888.9979166666265,466.747396,465.76666666666665,980.7293333333291,1
1890,1889.9999999999598,466.844401,466.03333333333336,811.067666666645,1
1891,1890.997916666626,466.941406,466.26666666666665,674.7393333333207,1
1892,1891.9979166666258,467.038412,466.46666666666664,571.7453333333538,1
1893,1892.9999999999588,467.135417,466.4,735.4170000000408,1
1894,1893.9999999999588,467.33756500000004,466.46666666666664,870.8983333334004,1
1895,1894.999999999959,467.53971399999995,467.06666666666666,473.04733333328386,1
1896,1895.9999999999588,467.70377699999995,467.1,603.7769999999227,1
1897,1896.9999999999588,467.910156,467.3,610.1559999999608,1
1898,1897.9999999999586,468.019531,467.5,519.5309999999722,1
1899,1898.9999999999584,468.21224000000007,467.73333333333335,478.9066666667168,1
1900,1899.9999999999584,468.35286500000007,467.96666666666664,386.1983333334251,1
1901,1900.9999999999575,468.535156,468.1666666666667,368.4893333332866,1
1902,1901.9999999999575,468.70182300000005,468.4,301.8230000000699,1
1903,1902.9999999999575,468.908854,468.6333333333333,275.5206666666936,1
1904,1903.9999999999575,469.11588600000005,468.73333333333335,382.5526666666974,1
1905,1904.9999999999575,469.322917,468.73333333333335,589.5836666666696,1
1906,1905.999999999957,469.510417,468.73333333333335,777.0836666666696,1
1907,1906.999999999957,469.682292,468.73333333333335,948.9586666666696,1
1908,1907.9999999999568,469.847657,468.73333333333335,1114.323666666678,1
1909,1908.9999999999568,470.003906,468.73333333333335,1270.5726666666237,1
1910,1909.9999999999568,470.190104,468.73333333333335,1456.7706666666709,1
1911,1910.9999999999566,470.361979,468.73333333333335,1628.6456666666709,1
1912,1911.9999999999566,470.54036500000007,468.73333333333335,1807.0316666667168,1
1913,1912.9999999999563,470.703125,468.73333333333335,1969.7916666666515,1
1914,1913.999999999956,470.861328,468.73333333333335,2127.994666666666,1
1915,1914.9999999999561,471.052083,471.53333333333336,481.25033333337797,1
1916,1915.999999999956,471.230469,470.73333333333335,497.1356666666793,1
1917,1916.999999999956,471.453125,470.8333333333333,619.7916666666856,1
1918,1917.999999999956,471.6422519999999,471.03333333333336,608.9186666665682,1
1919,1918.999999999956,471.83137999999997,471.26666666666665,564.7133333333159,1
1920,1919.9999999999561,472.005208,471.46666666666664,538.5413333333418,1
1921,1920.9999999999557,472.213542,471.6333333333333,580.2086666666924,1
1922,1921.9999999999557,472.296875,471.8333333333333,463.5416666666856,1
1923,1922.9999999999554,472.507812,472.1,407.8119999999785,1
1924,1923.9999999999552,472.653646,472.3,353.64599999996926,1
1925,1924.9999999999552,472.82161500000007,472.53333333333336,288.2816666667054,1
1926,1925.9999999999543,472.97786500000007,472.8,177.8650000000539,1
1927,1926.9999999999548,473.17361100000005,473.0,173.6110000000508,1
1928,1927.9999999999548,473.36935800000003,473.26666666666665,102.69133333338232,1
1929,1928.9999999999543,473.565104,473.46666666666664,98.43733333337923,1
1930,1929.9999999999543,473.802083,473.5,302.0829999999819,1
1931,1930.9999999999538,473.96875,473.5,468.75,1
1932,1931.9999999999538,474.09505199999995,473.3666666666667,728.3853333332786,1
1933,1932.9999999999538,474.234375,473.73333333333335,501.0416666666515,1
1934,1933.9999999999536,474.395833,473.96666666666664,429.16633333334175,1
1935,1934.9999999999538,474.576172,474.1333333333333,442.8386666666597,1
1936,1935.9999999999534,474.739583,474.2,539.5829999999933,1
1937,1936.9999999999534,474.914062,474.2,714.0620000000126,1
1938,1937.9999999999532,475.07356799999997,474.2,873.5679999999775,1
1939,1938.9999999999532,475.273438,474.2,1073.43800000001,1
1940,1939.9999999999534,475.503906,474.2,1303.9059999999836,1
1941,1940.9999999999532,475.911458,474.2,1711.4579999999933,1
1942,1941.999999999952,476.203125,475.4,803.1250000000227,1
1943,1942.9999999999516,476.40755199999995,475.6333333333333,774.2186666666271,1
1944,1943.9999999999516,476.5625,475.8666666666667,695.8333333333258,1
1945,1944.9999999999516,476.80924500000003,476.1,709.2450000000099,1
1946,1945.9999999999516,476.942708,476.3333333333333,609.3746666666675,1
1947,1946.9999999999513,477.315104,476.56666666666666,748.4373333333565,1
1948,1947.9999999999511,477.49869800000005,476.8333333333333,665.3646666667328,1
1949,1948.9999999999513,477.682292,477.1,582.2919999999954,1
1950,1949.9999999999516,478.06380199999995,477.3,763.8019999999415,1
1951,1950.9999999999511,478.330729,477.5,830.7290000000194,1
1952,1951.9999999999513,478.549479,477.76666666666665,782.8123333333679,1
1953,1952.9999999999518,478.68294299999997,477.96666666666664,716.276333333326,1
1954,1953.9999999999513,478.872396,478.23333333333335,639.0626666666321,1
1955,1954.9999999999518,479.07161500000007,478.3666666666667,704.948333333391,1
1956,1955.9999999999511,479.270833,478.6666666666667,604.1663333332963,1
1957,1956.9999999999511,479.484375,478.93333333333334,551.0416666666629,1
1958,1957.9999999999513,479.65299400000004,479.1666666666667,486.32733333334954,1
1959,1958.9999999999507,479.94400999999993,479.4,544.0099999999575,1
1960,1959.9999999999507,480.161458,479.6,561.4579999999592,1
1961,1960.9999999999513,480.34505199999995,479.8333333333333,511.71866666663846,1
1962,1961.9999999999507,480.530599,479.9,630.5990000000179,1
1963,1962.9999999999513,480.73567699999995,480.1333333333333,602.3436666666271,1
1964,1963.9999999999502,480.969528,480.4,569.528000000048,1
1965,1964.9999999999502,481.325805,480.6,725.8049999999798,1
1966,1965.9999999999507,481.539062,480.8,739.0619999999899,1
1967,1966.99999999995,481.753338,481.03333333333336,720.0046666666253,1
1968,1967.9999999999502,481.93024800000006,481.26666666666665,663.5813333334113,1
1969,1968.9999999999507,482.19315599999993,481.5,693.1559999999308,1
1970,1969.9999999999498,482.44623600000006,481.73333333333335,712.9026666667073,1
1971,1970.9999999999498,482.669271,481.93333333333334,735.9376666666435,1
1972,1971.999999999949,482.872396,482.2,672.395999999992,1
1973,1972.9999999999495,483.083333,482.43333333333334,649.9996666666448,1
1974,1973.9999999999495,483.43880199999995,482.6666666666667,772.1353333332672,1
1975,1974.9999999999493,483.683594,482.9,783.5940000000505,1
1976,1975.9999999999495,483.880859,483.1666666666667,714.1923333333011,1
1977,1976.9999999999498,484.078125,483.26666666666665,811.4583333333485,1
1978,1977.9999999999493,484.285157,483.6,685.1570000000038,1
1979,1978.9999999999495,484.481771,483.8333333333333,648.4376666666662,1
1980,1979.9999999999486,484.67838600000005,484.06666666666666,611.719333333383,1
1981,1980.9999999999488,484.907553,484.26666666666665,640.8863333333557,1
1982,1981.9999999999495,485.098958,484.46666666666664,632.2913333333418,1
1983,1982.9999999999486,485.335938,484.6333333333333,702.604666666673,1
1984,1983.9999999999488,485.544271,484.9,644.2710000000034,1
1985,1984.999999999949,485.72786500000007,484.96666666666664,761.1983333334251,1
1986,1985.9999999999486,485.93880199999995,485.3,638.8019999999415,1
1987,1986.9999999999488,486.14713499999993,485.53333333333336,613.8016666665749,1
1988,1987.9999999999493,486.351563,485.73333333333335,618.2296666666502,1
1989,1988.9999999999486,486.766276,486.0,766.2760000000048,1
1990,1989.999999999949,487.003906,486.1666666666667,837.2393333332866,1
1991,1990.9999999999486,487.210938,486.43333333333334,777.6046666666616,1
1992,1991.9999999999486,487.427083,486.53333333333336,893.749666666622,1
1993,1992.9999999999486,487.648438,486.93333333333334,715.1046666666616,1
1994,1993.9999999999484,487.867188,487.2,667.1880000000101,1
1995,1994.9999999999484,488.119141,487.4,719.141000000036,1
1996,1995.9999999999488,488.32682300000005,487.6666666666667,660.1563333333615,1
1997,1996.9999999999484,488.519531,487.6666666666667,852.8643333332866,1
1998,1997.9999999999486,488.72200499999997,488.1,622.0049999999446,1
1999,1998.9999999999482,488.917969,488.26666666666665,651.3023333333763,1
2000,1999.9999999999484,489.13411500000007,488.56666666666666,567.4483333334024,1
2001,2000.9999999999484,489.359375,488.8,559.3749999999886,1
2002,2001.9999999999482,489.567708,489.0,567.7079999999819,1
2003,2002.9999999999484,489.794271,489.26666666666665,527.6043333333291,1
2004,2003.9999999999486,490.020833,489.53333333333336,487.49966666662203,1
2005,2004.9999999999482,490.236328,489.7,536.3280000000259,1
2006,2005.9999999999484,490.507812,489.9,607.812000000024,1
2007,2006.9999999999477,490.70963600000005,490.1,609.6360000000232,1
2008,2007.999999999948,490.93880199999995,490.26666666666665,672.1353333333013,1
2009,2008.9999999999486,491.11067699999995,490.56666666666666,544.01033333329,1
2010,2009.9999999999477,491.30338600000005,490.73333333333335,570.0526666666974,1
2011,2010.999999999948,491.507812,490.93333333333334,574.4786666666641,1
2012,2011.9999999999484,491.693359,491.2,493.3589999999981,1
2013,2012.9999999999477,492.00911500000007,491.3666666666667,642.448333333391,1
2014,2013.9999999999482,492.21224000000007,491.53333333333336,678.9066666667054,1
2015,2014.9999999999475,492.41275999999993,491.76666666666665,646.0933333332832,1
2016,2015.9999999999477,492.64974000000007,491.93333333333334,716.4066666667281,1
2017,2016.9999999999482,492.87174500000003,492.2,671.745000000044,1
2018,2017.9999999999475,493.094401,492.43333333333334,661.0676666666677,1
2019,2018.9999999999475,493.30533899999995,492.6333333333333,672.005666666621,1
2020,2019.9999999999477,493.52474000000007,492.8666666666667,658.073333333391,1
2021,2020.9999999999475,493.692708,493.1333333333333,559.3746666666561,1
2022,2021.9999999999475,493.898438,493.3333333333333,565.1046666666844,1
2023,2022.9999999999477,494.103516,493.56666666666666,536.8493333333504,1
2024,2023.999999999947,494.29557300000005,493.76666666666665,528.9063333333957,1
2025,2024.9999999999475,494.507162,494.06666666666666,440.495333333331,1
2026,2025.9999999999468,494.723958,494.23333333333335,490.6246666666334,1
2027,2026.9999999999468,494.891276,494.5,391.27600000000484,1
2028,2027.9999999999475,495.099609,494.6,499.608999999964,1
2029,2028.999999999946,495.31380199999995,494.7,613.8019999999642,1
2030,2029.9999999999463,495.51692699999995,494.93333333333334,583.5936666666157,1
2031,2030.9999999999457,495.81119800000005,495.1666666666667,644.5313333333615,1
2032,2031.999999999946,496.067708,495.3666666666667,701.0413333333076,1
2033,2032.9999999999463,496.29036500000007,495.46666666666664,823.6983333334251,1
2034,2033.9999999999459,496.50651100000005,495.46666666666664,1039.8443333334058,1
2035,2034.999999999946,496.716146,496.1,616.1459999999579,1
2036,2035.9999999999466,496.955078,496.3,655.0780000000032,1
2037,2036.9999999999459,497.308594,496.46666666666664,841.9273333333877,1
2038,2037.999999999946,497.511719,496.76666666666665,745.0523333333763,1
2039,2038.999999999946,497.742187,496.93333333333334,808.8536666666641,1
2040,2039.9999999999459,498.085287,497.1666666666667,918.6203333333083,1
2041,2040.999999999946,498.375,497.43333333333334,941.6666666666629,1
2042,2041.9999999999459,498.60286500000007,497.7,902.8650000000766,1
2043,2042.9999999999457,498.830729,497.93333333333334,897.3956666666822,1
2044,2043.999999999946,499.03125,498.1666666666667,864.5833333333144,1
2045,2044.9999999999457,499.200521,498.56666666666666,633.8543333333178,1
2046,2045.9999999999457,499.41536500000007,498.73333333333335,682.0316666667168,1
2047,2046.9999999999457,499.627604,498.96666666666664,660.9373333333792,1
2048,2047.9999999999457,499.824219,499.23333333333335,590.8856666666793,1
2049,2048.999999999946,500.054688,499.5,554.6879999999987,1
2050,2049.9999999999454,500.236979,499.73333333333335,503.6456666666709,1
2051,2050.9999999999454,500.473958,499.93333333333334,540.6246666666448,1
2052,2051.999999999946,500.699219,500.2,499.21900000003916,1
2053,2052.999999999945,500.942708,500.26666666666665,676.0413333333304,1
2054,2053.999999999945,501.059896,500.53333333333336,526.5626666666208,1
2055,2054.999999999946,501.36067699999995,500.6666666666667,694.0103333332672,1
2056,2055.999999999945,501.546875,500.93333333333334,613.5416666666629,1
2057,2056.999999999946,501.738281,501.2,538.2809999999836,1
2058,2057.9999999999454,501.95963600000005,501.3333333333333,626.3026666667315,1
2059,2058.999999999945,502.136719,501.53333333333336,603.3856666666679,1
2060,2059.9999999999454,502.343099,501.8333333333333,509.7656666666808,1
2061,2060.9999999999445,502.719401,502.03333333333336,686.067666666645,1
2062,2061.999999999945,502.917969,502.23333333333335,684.6356666666793,1
2063,2062.9999999999454,503.128906,502.56666666666666,562.2393333333093,1
2064,2063.9999999999445,503.37369800000005,502.7,673.6980000000585,1
2065,2064.9999999999454,503.60807300000005,502.93333333333334,674.73966666671,1
2066,2065.9999999999445,503.848958,503.1333333333333,715.6246666666561,1
2067,2066.9999999999445,504.02474000000007,503.3666666666667,658.073333333391,1
2068,2067.9999999999445,504.25130199999995,503.56666666666666,684.63533333329,1
2069,2068.9999999999445,504.424479,503.8,624.479000000008,1
2070,2069.9999999999445,504.62044299999997,504.0,620.4429999999661,1
2071,2070.9999999999445,504.816406,504.23333333333335,583.0726666666237,1
2072,2071.999999999944,504.99544299999997,504.46666666666664,528.776333333326,1
2073,2072.999999999944,505.22200499999997,504.6666666666667,555.3383333332818,1
2074,2073.9999999999445,505.38932300000005,504.8333333333333,555.9896666667328,1
2075,2074.999999999944,505.611979,505.1333333333333,478.6456666666936,1
2076,2075.999999999944,505.828125,505.3,528.1249999999886,1
2077,2076.999999999944,505.99349000000007,505.5,493.49000000006527,1
2078,2077.999999999944,506.182292,505.7,482.2920000000295,1
2079,2078.9999999999445,506.38150999999993,505.9,481.5099999999575,1
2080,2079.999999999944,506.588542,506.03333333333336,555.2086666666582,1
2081,2080.999999999944,506.74088499999993,506.26666666666665,474.2183333332832,1
2082,2081.9999999999445,506.93294199999997,506.53333333333336,399.60866666660877,1
2083,2082.999999999944,507.107421,506.76666666666665,340.7543333333365,1
2084,2083.9999999999445,507.278646,506.96666666666664,311.9793333333405,1
2085,2084.9999999999436,507.52474000000007,507.23333333333335,291.4066666667168,1
2086,2085.9999999999436,507.71744800000005,507.46666666666664,250.78133333340702,1
2087,2086.999999999944,507.88150999999993,507.46666666666664,414.8433333332946,1
2088,2087.9999999999436,508.266276,507.6666666666667,599.6093333333192,1
2089,2088.9999999999436,508.480469,507.8666666666667,613.8023333333535,1
2090,2089.999999999944,508.65494800000005,508.1333333333333,521.6146666667214,1
2091,2090.9999999999436,508.82942699999995,508.3,529.4269999999415,1
2092,2091.999999999944,508.99544199999997,508.53333333333336,462.10866666660877,1
2093,2092.9999999999436,509.161458,508.76666666666665,394.7913333333304,1
2094,2093.9999999999436,509.36393200000003,508.9,463.93200000005663,1
2095,2094.9999999999436,509.57356799999997,509.1,473.56799999994337,1
2096,2095.999999999943,509.736979,509.3333333333333,403.645666666705,1
2097,2096.999999999943,509.934896,509.56666666666666,368.22933333331775,1
2098,2097.9999999999436,510.09505199999995,509.93333333333334,161.71866666661572,1
2099,2098.999999999943,510.266276,510.03333333333336,232.94266666664498,1
2100,2099.9999999999436,510.494792,509.96666666666664,528.125333333378,1
2101,2100.999999999943,510.652344,510.2,452.34400000003916,1
2102,2101.999999999943,510.849609,510.46666666666664,382.9423333333466,1
2103,2102.999999999944,511.05143200000003,510.53333333333336,518.098666666674,1
2104,2103.999999999943,511.22525999999993,510.7,525.2599999999461,1
2105,2104.999999999943,511.403646,510.9,503.64600000000337,1
2106,2105.9999999999436,511.623047,511.06666666666666,556.3803333333226,1
2107,2106.999999999943,511.789062,511.26666666666665,522.3953333333498,1
2108,2107.9999999999436,511.96744800000005,511.43333333333334,534.11466666671,1
2109,2108.9999999999436,512.170573,511.6333333333333,537.2396666666646,1
2110,2109.999999999943,512.3125,511.8333333333333,479.1666666666856,1
2111,2110.999999999944,512.53125,511.96666666666664,564.5833333333599,1
2112,2111.999999999943,512.712891,512.3,412.89100000005874,1
2113,2112.999999999943,512.903646,512.4333333333333,470.31266666670035,1
2114,2113.9999999999436,513.0664059999999,512.5666666666667,499.73933333319565,1
2115,2114.999999999943,513.274089,512.9333333333333,340.7556666667233,1
2116,2115.999999999943,513.4453120000001,513.1666666666666,278.64533333342933,1
2117,2116.9999999999427,513.63737,513.2666666666667,370.7033333333811,1
2118,2117.999999999943,513.8671879999999,513.3333333333334,533.8546666665707,1
2119,2118.9999999999436,514.0559900000001,513.4666666666667,589.3233333333683,1
2120,2119.999999999943,514.2363280000001,513.5666666666667,669.6613333333516,1
2121,2120.999999999943,514.492839,513.9,592.8390000000263,1
2122,2121.999999999943,514.67806,514.1333333333333,544.7266666666337,1
2123,2122.9999999999427,514.8632809999999,514.3,563.2809999999608,1
2124,2123.999999999943,515.0546879999999,514.4666666666667,588.0213333332449,1
2125,2124.999999999943,515.200521,514.7,500.52099999993516,1
2126,2125.9999999999422,515.380208,514.9333333333333,446.87466666675846,1
2127,2126.9999999999422,515.580729,515.1666666666666,414.0623333333906,1
2128,2127.9999999999422,515.780599,515.4,380.59900000007474,1
2129,2128.999999999942,515.9804690000001,515.5666666666667,413.8023333333649,1
2130,2129.9999999999427,516.149089,515.9666666666667,182.4223333333066,1
2131,2130.9999999999413,516.3203120000001,515.9666666666667,353.6453333333611,1
2132,2131.999999999941,516.533854,516.1,433.85399999999663,1
2133,2132.999999999941,516.7122400000001,516.3333333333334,378.90666666669404,1
2134,2133.999999999941,516.895833,516.3333333333334,562.4996666666675,1
2135,2134.999999999941,517.079427,516.3333333333334,746.0936666666385,1
2136,2135.9999999999404,517.255208,516.7333333333333,521.8746666666902,1
2137,2136.99999999994,517.3971349999999,516.9333333333333,463.80166666665446,1
2138,2137.99999999994,517.6002599999999,517.2,400.25999999988926,1
2139,2138.999999999939,517.7903650000001,517.3666666666667,423.698333333391,1
2140,2139.99999999994,517.96875,517.6666666666666,302.08333333337123,1
2141,2140.9999999999395,518.1471349999999,517.9333333333333,213.80166666665446,1
2142,2141.999999999939,518.319661,518.1333333333333,186.32766666667067,1
2143,2142.999999999939,518.485677,518.1666666666666,319.0103333333809,1
2144,2143.999999999939,518.673177,518.2333333333333,439.8436666666612,1
2145,2144.9999999999377,518.848958,518.8666666666667,17.70866666663551,1
2146,2145.9999999999377,519.059896,518.8666666666667,193.22933333330639,1
2147,2146.9999999999372,519.2539059999999,518.8666666666667,387.2393333332411,1
2148,2147.999999999937,519.401042,518.9,501.041999999984,1
2149,2148.9999999999363,519.619792,519.1,519.7919999999385,1
2150,2149.999999999936,519.8007809999999,519.2333333333333,567.4476666665669,1
2151,2150.999999999936,519.950521,519.4666666666667,483.85433333328365,1
2152,2151.999999999935,520.072917,519.7,372.9169999999158,1
2153,2152.999999999935,520.2304690000001,519.9333333333333,297.13566666680435,1
2154,2153.999999999935,520.434245,520.0,434.24500000003263,1
2155,2154.9999999999354,520.629557,520.4,229.5569999999998,1
2156,2155.999999999935,520.824869,520.3666666666667,458.2023333333609,1
2157,2156.9999999999354,521.1328120000001,520.4333333333333,699.4786666667778,1
2158,2157.999999999934,521.3515620000001,520.6333333333333,718.2286666667324,1
2159,2158.999999999934,521.552083,520.8666666666667,685.4163333333645,1
2160,2159.999999999934,521.7122400000001,521.0666666666667,645.5733333333455,1
2161,2160.999999999933,521.8671879999999,521.3,567.1879999999874,1
2162,2161.999999999933,522.049479,521.5333333333333,516.1456666667164,1
2163,2162.9999999999322,522.1783849999999,521.7666666666667,411.7183333332832,1
2164,2163.999999999932,522.313802,522.0333333333333,280.46866666670667,1
2165,2164.999999999932,522.484375,522.3,184.37500000004547,1
2166,2165.9999999999313,522.7011719999999,522.6,101.17199999990589,1
2167,2166.9999999999327,522.882161,522.6666666666666,215.49433333336765,1
2168,2167.999999999931,523.063151,522.6666666666666,396.4843333333192,1
2169,2168.9999999999313,523.233724,522.7,533.7240000000065,1
2170,2169.9999999999313,523.376302,523.0,376.3020000000097,1
2171,2170.9999999999304,523.5546879999999,523.2666666666667,288.0213333332904,1
2172,2171.9999999999304,523.7278650000001,523.4666666666667,261.1983333333683,1
2173,2172.9999999999304,523.911458,523.7666666666667,144.79133333338723,1
2174,2173.99999999993,524.0690099999999,524.0333333333333,35.67666666663172,1
2175,2174.9999999999295,524.248698,524.2666666666667,17.968666666661193,1
2176,2175.9999999999295,524.421875,524.4666666666667,44.79166666669698,1
2177,2176.999999999929,524.6015620000001,524.5333333333333,68.22866666675509,1
2178,2177.999999999929,524.802083,524.3,502.0830000000842,1
2179,2178.999999999929,524.955729,524.5,455.72900000001937,1
2180,2179.999999999928,525.130208,524.6333333333333,496.874666666713,1
2181,2180.999999999928,525.309244,524.8333333333334,475.91066666666393,1
2182,2181.9999999999277,525.5,525.0333333333333,466.666666666697,1
2183,2182.9999999999272,525.643229,525.1333333333333,509.8956666666936,1
2184,2183.9999999999272,525.835287,525.3666666666667,468.62033333331965,1
2185,2184.999999999927,526.014323,525.4333333333333,580.98966666671,1
2186,2185.999999999927,526.154948,525.6666666666666,488.28133333336154,1
2187,2186.9999999999254,526.3398440000001,525.8,539.8440000001301,1
2188,2187.999999999926,526.516927,526.0,516.9270000000097,1
2189,2188.999999999926,526.690104,526.1666666666666,523.4373333333906,1
2190,2189.999999999925,526.891276,526.3333333333334,557.9426666665768,1
2191,2190.999999999925,527.0690099999999,526.5666666666667,502.343333333215,1
2192,2191.999999999925,527.2460940000001,526.7666666666667,479.4273333334331,1
2193,2192.9999999999245,527.548177,527.0333333333333,514.8436666667067,1
2194,2193.999999999925,527.7382809999999,527.1666666666666,571.6143333332866,1
2195,2194.9999999999245,527.9283849999999,527.5,428.38499999993473,1
2196,2195.9999999999145,527.9778650000001,527.5,477.86500000006527,1
2197,2196.999999999915,528.136393,527.7,436.39299999995274,1
2198,2197.9999999999145,528.2949219999999,527.9333333333333,361.58866666664835,1
2199,2198.9999999999145,528.35612,528.1666666666666,189.45333333340386,1
2200,2199.9999999999145,528.535482,528.2333333333333,302.1486666666533,1
2201,2200.9999999999145,528.714843,528.5666666666667,148.17633333325375,1
2202,2201.9999999999145,528.777995,529.0,222.00499999996737,1
2203,2202.9999999999145,528.919271,529.2333333333333,314.06233333336786,1
2204,2203.9999999999145,529.0605469999999,529.6,539.4530000000941,1
2205,2204.9999999999145,529.201823,529.8666666666667,664.8436666666839,1
2206,2205.999999999915,529.385634,530.0666666666667,681.0326666667379,1
2207,2206.9999999999145,529.5694440000001,529.5666666666667,2.7773333333698247,1
2208,2207.9999999999145,529.753255,529.8,46.74499999998716,1
2209,2208.999999999915,529.9339190000001,530.2,266.0809999999856,1
2210,2209.999999999915,530.114583,530.3,185.4169999999158,1
2211,2210.999999999915,530.295247,530.6333333333333,338.0863333333082,1
2212,2211.999999999915,530.475912,530.9,424.08799999998337,1
2213,2212.999999999914,530.701823,536.0333333333333,5331.510333333313,1
2214,2213.999999999914,530.8671879999999,534.1666666666666,3299.478666666687,1
2215,2214.999999999914,531.0221349999999,535.6666666666666,4644.531666666694,1
2216,2215.999999999914,531.1640629999999,535.6666666666666,4502.603666666687,1
2217,2216.999999999913,531.3300780000001,535.6666666666666,4336.588666666557,1
2218,2217.9999999999127,531.502278,535.6666666666666,4164.388666666582,1
2219,2218.999999999913,531.674479,535.6333333333333,3958.8543333333064,1
2220,2219.999999999913,531.7578129999999,535.7,3942.1870000001036,1
2221,2220.9999999999127,531.920573,535.7,3779.427000000055,1
2222,2221.9999999999127,532.083333,535.7,3616.6670000000067,1
2223,2222.999999999913,532.1341150000001,536.0666666666667,3932.5516666666545,1
2224,2223.9999999999127,532.311198,533.2333333333333,922.1353333333582,1
2225,2224.9999999999127,532.4882809999999,533.4666666666667,978.3856666667816,1
2226,2225.9999999999127,532.5377599999999,533.7,1162.2400000001107,1
2227,2226.9999999999127,532.6762150000001,533.9,1223.784999999907,1
2228,2227.9999999999127,532.81467,534.1333333333333,1318.6633333333475,1
2229,2228.9999999999127,532.953125,534.3333333333334,1380.2083333333712,1
2230,2229.999999999913,533.133898,534.5666666666667,1432.768666666675,1
2231,2230.999999999913,533.31467,534.2333333333333,918.6633333333702,1
2232,2231.999999999913,533.495443,534.4333333333333,937.8903333332573,1
2233,2232.999999999913,533.666016,534.5,833.9839999999867,1
2234,2233.999999999914,533.836589,534.2,363.4110000000419,1
2235,2234.999999999913,534.007162,534.3333333333334,326.17133333337733,1
2236,2235.999999999913,534.177734,535.6333333333333,1455.599333333339,1
2237,2236.9999999999127,534.399089,535.8666666666667,1467.5776666666707,1
2238,2237.9999999999127,534.5429690000001,535.5666666666667,1023.6976666666351,1
2239,2238.999999999912,534.6679690000001,535.7666666666667,1098.6976666665669,1
2240,2239.999999999912,534.817057,536.1666666666666,1349.6096666666517,1
2241,2240.999999999912,534.940755,535.9666666666667,1025.9116666667296,1
2242,2241.9999999999063,535.092448,536.1666666666666,1074.2186666666385,1
2243,2242.9999999999063,535.244141,535.6666666666666,422.5256666666155,1
2244,2243.9999999999063,535.3789059999999,536.2,821.0940000001301,1
2245,2244.9999999999063,535.533854,536.1,566.1460000000034,1
2246,2245.9999999999063,535.688802,536.3,611.1979999999448,1
2247,2246.9999999999063,535.802083,536.3666666666667,564.5836666666355,1
2248,2247.9999999999063,535.9482419999999,536.3666666666667,418.4246666667377,1
2249,2248.9999999999063,536.094401,536.3666666666667,272.26566666672625,1
2250,2249.999999999906,536.2096349999999,536.3666666666667,157.0316666667395,1
2251,2250.9999999999063,536.3597,536.3666666666667,6.966666666698984,1
2252,2251.9999999999063,536.509766,536.3666666666667,143.09933333333902,1
2253,2252.999999999906,536.645182,536.3666666666667,278.5153333333028,1
2254,2253.9999999999063,536.7877599999999,541.0333333333333,4245.573333333368,1
2255,2254.9999999999063,536.930338,541.2666666666667,4336.328666666645,1
2256,2255.999999999906,537.061198,541.5333333333333,4472.135333333313,1
2257,2256.9999999999063,537.216146,541.7666666666667,4550.520666666671,1
2258,2257.999999999906,537.3710940000001,542.0,4628.905999999915,1
2259,2258.999999999906,537.522786,537.6666666666666,143.88066666663235,1
2260,2259.999999999906,537.6992190000001,537.9,200.78099999989263,1
2261,2260.999999999906,537.875651,538.1333333333333,257.68233333337776,1
2262,2261.999999999906,538.077474,538.1333333333333,55.85933333327375,1
2263,2262.9999999999063,538.259114,538.3666666666667,107.55266666672014,1
2264,2263.999999999906,538.440755,538.4666666666667,25.911666666729616,1
2265,2264.999999999906,538.799479,538.7,99.4789999999739,1
2266,2265.999999999906,538.982421,538.9333333333333,49.08766666676456,1
2267,2266.999999999905,539.109375,539.1666666666666,57.29166666662877,1
2268,2267.9999999999045,539.2792969999999,538.7333333333333,545.9636666665801,1
2269,2268.9999999999045,539.421875,538.9666666666667,455.208333333303,1
2270,2269.9999999999036,539.59375,539.2,393.7499999999545,1
2271,2270.9999999999036,539.752604,539.4333333333333,319.2706666667391,1
2272,2271.999999999903,539.9101559999999,539.6666666666666,243.4893333332866,1
2273,2272.9999999999022,540.032552,539.9,132.55200000003242,1
2274,2273.9999999999027,540.257161,540.0,257.1609999999964,1
2275,2274.9999999999022,540.417643,540.2,217.64299999995274,1
2276,2275.9999999999022,540.578125,540.4333333333333,144.79166666671972,1
2277,2276.9999999999022,540.8841150000001,540.7666666666667,117.44833333341376,1
2278,2277.9999999999022,541.07487,541.0,74.87000000003263,1
2279,2278.9999999999013,541.211589,540.8,411.58900000004905,1
2280,2279.9999999999004,541.379557,540.8666666666667,512.8903333333028,1
2281,2280.9999999999004,541.5546879999999,540.9333333333333,621.3546666666616,1
2282,2281.9999999999,541.713542,540.9333333333333,780.208666666681,1
2283,2282.999999999899,541.8658849999999,540.9333333333333,932.5516666666545,1
2284,2283.9999999998986,542.0078129999999,541.7666666666667,241.14633333329039,1
2285,2284.999999999898,542.130208,541.9,230.20800000006147,1
2286,2285.999999999898,542.337891,542.0,337.89100000001326,1
2287,2286.9999999998986,542.492513,542.0,492.51300000003084,1
2288,2287.999999999898,542.6471349999999,542.0,647.1349999999347,1
2289,2288.999999999898,542.7929690000001,542.0,792.9690000000846,1
2290,2289.999999999898,542.908854,542.0,908.8540000000194,1
2291,2290.9999999998986,543.028646,542.0,1028.6459999999806,1
2292,2291.999999999898,543.173177,542.0,1173.1770000000097,1
2293,2292.999999999892,543.302083,542.0,1302.0830000000387,1
2294,2293.999999999892,543.427734,542.0,1427.7339999999867,1
2295,2294.9999999998927,543.579427,544.4666666666667,887.2396666666873,1
2296,2295.9999999998918,543.708333,544.7,991.6670000000067,1
2297,2296.999999999892,543.828125,544.9666666666667,1138.541666666697,1
2298,2297.999999999892,543.957682,545.2,1242.3180000000684,1
2299,2298.999999999892,544.08138,545.4333333333333,1351.953333333313,1
2300,2299.9999999998918,544.203125,545.6333333333333,1430.2083333333258,1
2301,2300.9999999998918,544.3398440000001,545.8666666666667,1526.8226666665896,1
2302,2301.9999999998913,544.470052,546.1333333333333,1663.281333333316,1
2303,2302.9999999998913,544.5820309999999,546.3333333333334,1751.3023333334559,1
2304,2303.9999999998913,544.730468,546.4333333333333,1702.8653333333068,1
2305,2304.9999999998913,544.853516,546.4333333333333,1579.817333333267,1
2306,2305.9999999998913,544.971354,545.7,728.6460000000261,1
2307,2306.999999999891,545.109375,545.9,790.6249999999773,1
2308,2307.999999999891,545.2382809999999,546.1333333333333,895.0523333334104,1
2309,2308.999999999891,545.376302,544.9666666666667,409.6353333333127,1
2310,2309.999999999891,545.5221349999999,545.2,322.13499999988926,1
2311,2310.999999999891,545.654948,545.4333333333333,221.61466666671004,1
2312,2311.9999999998913,545.7851559999999,545.7333333333333,51.822666666566874,1
2313,2312.9999999998913,545.9153650000001,546.0666666666667,151.30166666665446,1
2314,2313.9999999998913,546.0555559999999,546.2333333333333,177.77733333343804,1
2315,2314.9999999998913,546.195747,546.1666666666666,29.080333333354247,1
2316,2315.999999999891,546.3359379999999,546.4,64.06200000003537,1
2317,2316.999999999891,546.473525,546.1333333333333,340.19166666666933,1
2318,2317.999999999891,546.611111,546.3333333333334,277.7776666666796,1
2319,2318.999999999891,546.748698,546.4333333333333,315.36466666671004,1
2320,2319.9999999998913,546.888238,546.4333333333333,454.9046666667209,1
2321,2320.9999999998927,547.027778,546.4333333333333,594.4446666667318,1
2322,2321.9999999998913,547.167318,546.8333333333334,333.9846666666517,1
2323,2322.9999999998913,547.329861,546.9666666666667,363.1943333333538,1
2324,2323.9999999998927,547.492405,547.1,392.4049999999397,1
2325,2324.9999999998913,547.654948,547.1,554.9479999999676,1
2326,2325.9999999998918,547.784071,547.3333333333334,450.7376666666687,1
2327,2326.9999999998913,547.913195,547.5666666666667,346.5283333332536,1
2328,2327.9999999998913,548.042318,547.7666666666667,275.65133333337144,1
2329,2328.999999999891,548.171441,547.9666666666667,204.7743333332619,1
2330,2329.9999999998913,548.300565,548.2,100.56499999996049,1
2331,2330.99999999989,548.4296879999999,548.4333333333333,3.6453333333383853,1
2332,2331.999999999891,548.5112849999999,548.7,188.71500000011565,1
2333,2332.9999999998913,548.592882,548.9333333333333,340.45133333324884,1
2334,2333.999999999891,548.674479,549.1666666666666,492.1876666666094,1
2335,2334.999999999891,548.756077,549.2333333333333,477.2563333333437,1
2336,2335.9999999998913,548.837674,549.4333333333333,595.6593333332876,1
2337,2336.999999999891,548.919271,549.5666666666667,647.3956666667391,1
