beat_idx,gt_beat,gt_time_s,pred_time_s,err_ms,ok
0,0.0,0.58125,0.0,581.25,1
1,1.0000000000000002,0.784375,0.6333333333333333,151.04166666666674,1
2,2.0000000000000004,0.9875,0.7,287.5000000000001,1
3,3.000000000000001,1.113542,1.1,13.541999999999943,1
4,4.000000000000001,1.32786475,1.2,127.86475000000009,1
5,5.000000000000001,1.5421875,1.3333333333333333,208.8541666666668,1
6,6.000000000000001,1.692708,1.5666666666666667,126.04133333333345,1
7,7.0,1.9026038333333333,1.8333333333333333,69.27050000000001,1
8,8.000000000000002,2.112499666666667,1.8333333333333333,279.1663333333336,1
9,9.000000000000002,2.3223955000000003,1.8333333333333333,489.062166666667,1
10,10.000000000000002,2.532291333333333,2.033333333333333,498.9579999999996,1
11,11.000000000000004,2.7421871666666666,2.2333333333333334,508.8538333333332,1
12,12.000000000000004,2.952083,2.4,552.0830000000001,1
13,13.000000000000004,3.1961803333333334,2.6333333333333333,562.8470000000001,1
14,14.000000000000002,3.440277666666667,2.6333333333333333,806.9443333333335,1
15,15.000000000000002,3.684375,3.7,15.625,1
16,16.000000000000004,3.8600694166666663,3.9,39.93058333333366,1
17,17.000000000000004,4.035763833333333,4.133333333333334,97.56950000000053,1
18,18.000000000000004,4.21145825,4.166666666666667,44.791583333332774,1
19,19.0,4.387152666666667,4.366666666666666,20.486000000000892,1
20,20.0,4.562847083333334,4.566666666666666,3.8195833333327656,1
21,21.000000000000004,4.7385415,0.5,4238.5415,1
22,22.000000000000004,4.92578125,4.966666666666667,40.885416666666785,1
23,23.000000000000007,5.113021,5.1,13.021000000000171,1
24,24.000000000000018,5.426042,5.266666666666667,159.3753333333332,1
25,25.000000000000007,5.734896,5.6,134.89600000000036,1
26,26.000000000000007,6.04375,5.833333333333333,210.41666666666714,1
27,27.000000000000014,6.1729165,6.133333333333334,39.583166666666614,1
28,28.00000000000001,6.40677075,6.233333333333333,173.43741666666634,1
29,29.000000000000025,6.640625,6.333333333333333,307.29166666666697,1
30,30.000000000000018,6.778125,6.733333333333333,44.791666666666785,1
31,31.000000000000018,7.007638833333332,6.866666666666666,140.97216666666588,1
32,32.00000000000002,7.237152666666668,6.866666666666666,370.4860000000014,1
33,33.00000000000002,7.4666665,7.0,466.66649999999964,1
34,34.00000000000002,7.6961803333333325,7.166666666666667,529.5136666666656,1
35,35.00000000000002,7.925694166666666,7.433333333333334,492.3608333333327,1
36,36.00000000000002,8.155208,7.633333333333334,521.8746666666663,1
37,37.00000000000002,8.402951166666666,8.266666666666667,136.2844999999986,1
38,38.00000000000002,8.650694333333334,8.5,150.69433333333393,1
39,39.000000000000036,8.8984375,8.8,98.43749999999929,1
40,40.00000000000002,9.09296875,9.0,92.96875000000071,1
41,41.00000000000002,9.2875,9.233333333333333,54.16666666666714,1
42,42.00000000000002,9.48203125,9.433333333333334,48.697916666666785,1
43,43.00000000000002,9.6765625,9.633333333333333,43.22916666666643,1
44,44.00000000000003,9.87109375,9.833333333333334,37.760416666666075,1
45,45.00000000000003,10.065625,10.0,65.62500000000071,1
46,46.00000000000002,10.2546875,10.233333333333333,21.354166666666785,1
47,47.000000000000036,10.44375,10.366666666666667,77.0833333333325,1
48,48.000000000000036,10.739583,10.533333333333333,206.24966666666643,1
49,49.000000000000036,10.909027666666667,10.9,9.027666666666434,1
50,50.000000000000036,11.078472333333332,11.1,21.5276666666675,1
51,51.000000000000036,11.247917,11.333333333333334,85.41633333333465,1
52,52.000000000000036,11.404514,11.533333333333333,128.8193333333325,1
53,53.00000000000003,11.561111,11.766666666666667,205.55566666666715,1
54,54.000000000000036,11.717708,11.833333333333334,115.62533333333391,1
55,55.00000000000003,11.905728833333333,11.833333333333334,72.39549999999895,1
56,56.00000000000002,12.093749666666668,12.033333333333333,60.41633333333429,1
57,57.00000000000003,12.2817705,12.266666666666667,15.103833333332872,1
58,58.00000000000003,12.510118785714289,12.4,110.11878571428824,1
59,59.00000000000003,12.738467071428573,12.666666666666666,71.80040476190719,1
60,60.00000000000003,12.966815357142858,12.866666666666667,100.1486904761908,1
61,61.00000000000002,13.195163642857144,13.1,95.16364285714474,1
62,62.00000000000003,13.423511928571427,13.333333333333334,90.17859523809335,1
63,63.00000000000003,13.651860214285716,13.533333333333333,118.52688095238229,1
64,64.00000000000003,13.880208500000002,13.8,80.20850000000124,1
65,65.00000000000003,14.054010600000002,14.033333333333333,20.67726666666836,1
66,66.00000000000003,14.227812699999998,14.266666666666667,38.85396666666985,1
67,67.00000000000003,14.401614800000004,14.5,98.38519999999562,1
68,68.00000000000003,14.575416900000002,14.7,124.58309999999706,1
69,69.00000000000003,14.749219000000002,15.866666666666667,1117.4476666666653,1
70,70.00000000000003,14.9230211,13.533333333333333,1389.6877666666664,1
71,71.00000000000003,15.0968232,13.533333333333333,1563.489866666666,1
72,72.00000000000003,15.270625300000004,13.666666666666666,1603.9586333333382,1
73,73.00000000000003,15.444427400000002,13.7,1744.4274000000028,1
74,74.00000000000003,15.618229500000002,13.866666666666667,1751.5628333333345,1
75,75.00000000000004,15.721875,13.866666666666667,1855.2083333333335,1
76,76.00000000000003,15.9197915,13.866666666666667,2053.1248333333333,1
77,77.00000000000003,16.117708,13.866666666666667,2251.041333333333,1
78,78.00000000000003,16.2385415,13.866666666666667,2371.874833333333,1
79,79.00000000000004,16.441666583333333,13.866666666666667,2574.999916666666,1
80,80.00000000000003,16.644791666666666,13.5,3144.7916666666665,1
81,81.00000000000003,16.847916750000003,13.533333333333333,3314.58341666667,1
82,82.00000000000003,17.051041833333336,13.633333333333333,3417.7085000000034,1
83,83.00000000000004,17.25416691666667,13.6,3654.1669166666697,1
84,84.00000000000003,17.457292000000002,13.6,3857.2920000000026,1
85,85.00000000000004,17.685417,14.0,3685.4170000000013,1
86,86.00000000000004,17.913542000000003,14.233333333333333,3680.2086666666705,1
87,87.00000000000006,18.141667,14.433333333333334,3708.3336666666683,1
88,88.00000000000004,18.3302086,14.666666666666666,3663.541933333333,1
89,89.00000000000004,18.518750200000003,14.866666666666667,3652.0835333333357,1
90,90.00000000000004,18.7072918,15.1,3607.2918000000004,1
91,91.00000000000004,18.895833399999997,15.333333333333334,3562.5000666666633,1
92,92.00000000000006,19.084375,15.533333333333333,3551.0416666666683,1
93,93.00000000000007,19.364583,15.1,4264.583,1
94,94.00000000000006,19.55,15.366666666666667,4183.333333333334,1
95,95.00000000000007,19.735417,15.533333333333333,4202.083666666668,1
96,96.0000000000001,20.057292,15.433333333333334,4623.958666666666,1
97,97.00000000000007,20.33671875,15.833333333333334,4503.385416666665,1
98,98.00000000000009,20.6161455,15.9,4716.145499999998,1
99,99.00000000000009,20.732292,16.233333333333334,4498.958666666666,1
100,100.00000000000009,20.9677085,16.4,4567.708500000002,1
101,101.00000000000013,21.203125,16.566666666666666,4636.458333333334,1
102,102.00000000000009,21.3520835,16.233333333333334,5118.750166666665,1
103,103.0000000000001,21.58454875,16.433333333333334,5151.215416666666,1
104,104.0000000000001,21.817014,16.633333333333333,5183.680666666667,1
105,105.00000000000009,22.04947925,16.666666666666668,5382.812583333333,1
106,106.00000000000009,22.2819445,16.933333333333334,5348.611166666668,1
107,107.00000000000009,22.51440975,16.433333333333334,6081.076416666665,1
108,108.0000000000001,22.746875,16.733333333333334,6013.541666666665,1
109,109.0000000000001,23.02083333333333,16.866666666666667,6154.1666666666615,1
110,110.0000000000001,23.29479166666667,22.7,594.7916666666692,1
111,111.00000000000017,23.56875,23.3,268.7500000000007,1
112,112.0000000000001,23.76371533333333,23.733333333333334,30.381999999995912,1
113,113.00000000000013,23.95868066666667,23.933333333333334,25.347333333336053,1
114,114.00000000000013,24.153646,24.166666666666668,13.020666666669456,1
115,115.0000000000001,24.34861133333333,24.4,51.38866666666786,1
116,116.0000000000001,24.54357666666667,24.566666666666666,23.08999999999628,1
117,117.0000000000001,24.738542,24.7,38.54199999999963,1
118,118.00000000000013,24.9307295,24.9,30.729500000003185,1
119,119.00000000000013,25.122917,25.1,22.916999999999632,1
120,120.00000000000013,25.413542,25.366666666666667,46.87533333333249,1
121,121.00000000000014,25.588194666666666,25.566666666666666,21.52799999999999,1
122,122.00000000000013,25.76284733333333,25.8,37.15266666667105,1
123,123.00000000000014,25.9375,26.033333333333335,95.83333333333499,1
124,124.00000000000014,26.094791666666666,26.1,5.208333333335702,1
125,125.00000000000014,26.25208333333333,26.333333333333332,81.25000000000071,1
126,126.0000000000002,26.409375,26.5,90.62499999999929,1
127,127.00000000000014,26.5859375,26.8,214.0625000000007,1
128,128.00000000000014,26.7625,26.666666666666668,95.83333333333144,1
129,129.00000000000014,26.9390625,26.933333333333334,5.729166666665009,1
130,130.00000000000014,27.14918157142857,27.133333333333333,15.848238095237832,1
131,131.00000000000014,27.359300642857146,27.266666666666666,92.63397619048064,1
132,132.00000000000014,27.56941971428572,27.433333333333334,136.0863809523849,1
133,133.00000000000014,27.779538785714283,27.666666666666668,112.87211904761563,1
134,134.00000000000014,27.989657857142852,27.833333333333332,156.3245238095199,1
135,135.00000000000014,28.199776928571428,28.033333333333335,166.4435952380927,1
136,136.0000000000002,28.409896000000003,28.4,9.89600000000479,1
137,137.00000000000014,28.603320500000002,28.6,3.3205000000009477,1
138,138.00000000000014,28.796745,28.833333333333332,36.58833333333078,1
139,139.00000000000014,28.9901695,29.066666666666666,76.49716666666606,1
140,140.00000000000014,29.183594,29.266666666666666,83.07266666666635,1
141,141.00000000000014,29.3770185,29.5,122.98150000000163,1
142,142.00000000000014,29.570443,29.666666666666668,96.22366666666693,1
143,143.00000000000014,29.7638675,29.766666666666666,2.7991666666657977,1
144,144.00000000000014,29.957292,30.1,142.7080000000025,1
145,145.00000000000014,30.16458350000001,30.133333333333333,31.250166666676904,1
146,146.0000000000002,30.371875,30.366666666666667,5.208333333332149,1
147,147.00000000000014,30.5447915,30.566666666666666,21.875166666667667,1
148,148.00000000000014,30.769792,30.766666666666666,3.1253333333332023,1
149,149.00000000000017,30.883333,30.9,16.66699999999821,1
150,150.0000000000002,31.048958,30.9,148.95800000000037,1
151,151.00000000000028,31.20625,31.366666666666667,160.41666666666643,1
152,152.00000000000026,31.373958,31.766666666666666,392.70866666666745,1
153,153.00000000000028,31.517708,31.933333333333334,415.62533333333465,1
154,154.00000000000028,31.70972200000001,31.833333333333332,123.6113333333222,1
155,155.00000000000028,31.901736,32.1,198.26400000000177,1
156,156.00000000000034,32.09375,32.53333333333333,439.58333333333144,1
157,157.00000000000028,32.235417,32.5,264.5830000000018,1
158,158.00000000000034,32.375,33.266666666666666,891.6666666666657,1
159,159.00000000000034,32.568749999999994,33.46666666666667,897.9166666666742,1
160,160.00000000000034,32.780729,33.7,919.271000000002,1
161,161.00000000000034,32.924479500000004,33.93333333333333,1008.8538333333261,1
162,162.00000000000034,33.088542,34.13333333333333,1044.791333333336,1
163,163.00000000000034,33.217708,34.3,1082.2919999999954,1
164,164.00000000000034,33.364583,33.4,35.41699999999537,1
165,165.00000000000028,33.51875,33.46666666666667,52.083333333328596,1
166,166.0000000000003,33.701042,33.666666666666664,34.375333333336755,1
167,167.00000000000034,33.823958000000005,33.9,76.04199999999395,1
168,168.00000000000028,34.194792,34.1,94.79199999999821,1
169,169.00000000000028,34.41796875,34.3,117.96875000000284,1
170,170.00000000000028,34.6411455,34.63333333333333,7.812166666667508,1
171,171.0000000000003,34.7921875,34.86666666666667,74.47916666666998,1
172,172.00000000000037,35.026042,34.93333333333333,92.70866666666677,1
173,173.00000000000028,35.1375,35.166666666666664,29.166666666661456,1
174,174.00000000000028,35.295833,35.166666666666664,129.1663333333375,1
175,175.00000000000026,35.45729199999999,35.63333333333333,176.0413333333446,1
176,176.00000000000026,35.623958,35.766666666666666,142.70866666666393,1
177,177.00000000000028,35.779167,36.2,420.8330000000018,1
178,178.0000000000002,35.98142383333333,36.36666666666667,385.2428333333364,1
179,179.00000000000017,36.18368066666667,36.36666666666667,182.98599999999965,1
180,180.0000000000002,36.3859375,36.86666666666667,480.72916666667,1
181,181.0000000000002,36.563542,36.56666666666667,3.1246666666717715,1
182,182.00000000000026,36.707292,36.766666666666666,59.374666666663245,1
183,183.00000000000017,36.87083300000001,36.86666666666667,4.166333333344596,1
184,184.00000000000014,37.01145800000001,37.03333333333333,21.875333333319702,1
185,185.00000000000014,37.160417,37.2,39.58300000000037,1
186,186.00000000000017,37.32395800000001,37.46666666666667,142.70866666665682,1
187,187.0000000000002,37.486458,37.5,13.542000000001053,1
188,188.00000000000014,37.644792,37.63333333333333,11.458666666669615,1
189,189.0000000000001,37.827604,37.8,27.604000000003737,1
190,190.0000000000001,38.08125,37.96666666666667,114.5833333333286,1
191,191.0000000000001,38.320833,38.2,120.83299999999753,1
192,192.00000000000017,38.644792,38.46666666666667,178.1253333333339,1
193,193.00000000000017,38.952083,38.766666666666666,185.41633333333607,1
194,194.00000000000017,39.127083,39.06666666666667,60.416333333328964,1
195,195.00000000000017,39.283333,39.266666666666666,16.666333333333228,1
196,196.00000000000017,39.5578125,39.5,57.81249999999716,1
197,197.00000000000017,39.757292,39.733333333333334,23.95866666666535,1
198,198.0000000000002,39.939583,39.93333333333333,6.249666666668929,1
199,199.0000000000002,40.138542,40.166666666666664,28.124666666663245,1
200,200.00000000000017,40.3109375,40.3,10.937500000004263,1
201,201.00000000000017,40.483333,40.5,16.66699999999821,1
202,202.00000000000014,40.697917,40.8,102.08300000000037,1
203,203.00000000000017,40.882292,41.0,117.70800000000037,1
204,204.00000000000017,41.0427085,40.96666666666667,76.04183333333481,1
205,205.00000000000017,41.236458,41.2,36.457999999996105,1
206,206.00000000000017,41.415625,41.4,15.625,1
207,207.00000000000017,41.574479,41.56666666666667,7.812333333326649,1
208,208.00000000000017,41.809896,41.96666666666667,156.7706666666666,1
209,209.00000000000017,41.980729,41.93333333333333,47.395666666666614,1
210,210.00000000000017,42.16875,42.1,68.75000000000142,1
211,211.00000000000017,42.366667,42.3,66.66700000000247,1
212,212.00000000000017,42.520833,42.53333333333333,12.500333333328228,1
213,213.0000000000002,42.703125,42.733333333333334,30.20833333333428,1
214,214.00000000000017,42.882292,42.93333333333333,51.041333333330385,1
215,215.0000000000002,43.04895850000001,43.06666666666667,17.708166666658087,1
216,216.0000000000002,43.3625,43.43333333333333,70.83333333333286,1
217,217.0000000000002,43.632292,43.666666666666664,34.374666666664666,1
218,218.0000000000002,43.81458350000001,43.93333333333333,118.74983333331812,1
219,219.0000000000002,43.959375,43.96666666666667,7.29166666666714,1
220,220.0000000000002,44.182292,44.03333333333333,148.95866666666535,1
221,221.00000000000028,44.3479165,44.4,52.08350000000195,1
222,222.0000000000003,44.66770800000001,44.6,67.70800000001032,1
223,223.0000000000003,44.86875,44.8,68.75000000000142,1
224,224.0000000000003,45.026042,45.03333333333333,7.291333333334649,1
225,225.0000000000003,45.222917,45.166666666666664,56.250333333338176,1
226,226.0000000000003,45.416667,45.4,16.66699999999821,1
227,227.0000000000003,45.565625,45.56666666666667,1.0416666666728247,1
228,228.0000000000003,45.730729,45.766666666666666,35.93766666666909,1
229,229.0000000000003,45.9338545,45.86666666666667,67.18783333333533,1
230,230.0000000000003,46.086458,46.06666666666667,19.791333333330385,1
231,231.0000000000003,46.25156250000001,46.3,48.43749999998437,1
232,232.0000000000003,46.470833,46.43333333333333,37.49966666666893,1
233,233.00000000000034,46.648958,46.6,48.95799999999895,1
234,234.00000000000037,46.845833,46.8,45.83300000000179,1
235,235.00000000000037,47.034375,47.0,34.37499999999716,1
236,236.00000000000037,47.207292,47.2,7.291999999999632,1
237,237.00000000000037,47.3713545,47.43333333333333,61.97883333332754,1
238,238.00000000000037,47.6125,47.63333333333333,20.833333333335702,1
239,239.00000000000037,47.79375,47.93333333333333,139.58333333332718,1
240,240.00000000000037,48.097917,47.96666666666667,131.2503333333339,1
241,241.00000000000037,48.420833,48.266666666666666,154.16633333333607,1
242,242.0000000000003,48.583333,48.53333333333333,49.99966666667177,1
243,243.0000000000003,48.734375,48.7,34.37499999999716,1
244,244.00000000000034,48.96458300000001,48.9,64.58300000001316,1
245,245.0000000000003,49.16770800000001,49.13333333333333,34.37466666667888,1
246,246.00000000000034,49.3765625,49.3,76.56250000000142,1
247,247.00000000000037,49.567708,49.53333333333333,34.37466666667177,1
248,248.00000000000037,49.739583,49.766666666666666,27.08366666666251,1
249,249.00000000000037,49.9375,49.93333333333333,4.1666666666699825,1
250,250.0000000000004,50.13125,50.13333333333333,2.0833333333314386,1
251,251.00000000000037,50.332292,50.36666666666667,34.374666666664666,1
252,252.0000000000004,50.483854,50.63333333333333,149.47933333333197,1
253,253.00000000000037,50.669792,50.8,130.2079999999961,1
254,254.0000000000004,50.8333335,50.96666666666667,133.3331666666666,1
255,255.00000000000037,51.02708300000001,51.166666666666664,139.58366666665256,1
256,256.0000000000004,51.2859375,51.36666666666667,80.7291666666643,1
257,257.00000000000034,51.503125,51.6,96.87500000000426,1
258,258.00000000000045,51.734896,51.63333333333333,101.56266666666625,1
259,259.0000000000004,51.935417,51.9,35.417000000002474,1
260,260.0000000000004,52.138542,52.13333333333333,5.208666666668194,1
261,261.00000000000045,52.285417,52.36666666666667,81.24966666666467,1
262,262.0000000000004,52.47708299999999,52.56666666666667,89.58366666667672,1
263,263.00000000000045,52.6776045,52.7,22.39550000000179,1
264,264.00000000000045,52.96979200000001,52.96666666666667,3.1253333333438604,1
265,265.0000000000004,53.21979200000001,53.13333333333333,86.45866666667956,1
266,266.0000000000004,53.39166700000001,53.36666666666667,25.00033333334528,1
267,267.00000000000045,53.597395999999996,53.56666666666667,30.72933333332628,1
268,268.00000000000045,53.853646,53.8,53.64600000000053,1
269,269.00000000000045,54.04010400000001,54.0,40.10400000000658,1
270,270.00000000000045,54.2609375,54.2,60.937499999994316,1
271,271.0000000000004,54.47708299999999,54.43333333333333,43.749666666663245,1
272,272.0000000000004,54.653125,54.63333333333333,19.791666666669983,1
273,273.00000000000045,54.83125,54.8,31.25,1
274,274.0000000000004,55.042708499999996,55.0,42.70849999999626,1
275,275.0000000000005,55.2078125,55.166666666666664,41.145833333338544,1
276,276.0000000000005,55.4083335,55.36666666666667,41.666833333330544,1
277,277.0000000000005,55.6369795,55.56666666666667,70.31283333333249,1
278,278.0000000000005,55.796354,55.733333333333334,63.020666666666614,1
279,279.0000000000005,56.04322950000001,56.0,43.22950000000958,1
280,280.0000000000005,56.2947915,56.166666666666664,128.12483333333802,1
281,281.0000000000005,56.480208,56.43333333333333,46.87466666666751,1
282,282.0000000000005,56.711458500000006,56.666666666666664,44.79183333334191,1
283,283.0000000000005,56.95,56.86666666666667,83.3333333333357,1
284,284.0000000000005,57.135417,57.1,35.41699999999537,1
285,285.0000000000005,57.35833349999999,57.333333333333336,25.00016666665772,1
286,286.0000000000004,57.590625,57.53333333333333,57.291666666671404,1
287,287.0000000000005,57.8359375,57.766666666666666,69.27083333333428,1
288,288.0000000000004,58.18802049999999,57.96666666666667,221.3538333333247,1
289,289.0000000000005,58.54375,58.333333333333336,210.41666666666714,1
290,290.0000000000005,58.71354150000001,58.7,13.541500000009421,1
291,291.0000000000005,58.902083499999996,58.86666666666667,35.41683333332912,1
292,292.0000000000005,59.222917,59.1,122.91700000000105,1
293,293.00000000000057,59.38229200000001,59.36666666666667,15.625333333339597,1
294,294.0000000000005,59.63125,59.56666666666667,64.58333333333144,1
295,295.00000000000057,59.83541700000001,59.8,35.41700000000958,1
296,296.0000000000005,60.0,59.96666666666667,33.33333333333144,1
297,297.00000000000057,60.2125,60.36666666666667,154.16666666666856,1
298,298.0000000000005,60.410417,60.4,10.417000000003895,1
299,299.00000000000057,60.559375,60.6,40.62499999999858,1
300,300.0000000000005,60.7359375,61.03333333333333,297.39583333333286,1
301,301.00000000000057,60.909375,60.9,9.374999999998579,1
302,302.0000000000005,61.107292,61.1,7.291999999999632,1
303,303.00000000000057,61.292708,61.266666666666666,26.041333333331806,1
304,304.00000000000057,61.457292,61.43333333333333,23.958666666672457,1
305,305.0000000000006,61.65625,61.6,56.24999999999858,1
306,306.00000000000057,61.933854000000004,61.833333333333336,100.52066666666803,1
307,307.0000000000006,62.130208,62.03333333333333,96.87466666667177,1
308,308.0000000000006,62.302083,62.266666666666666,35.41633333333749,1
309,309.0000000000006,62.488541500000004,62.53333333333333,44.7918333333277,1
310,310.0000000000006,62.682292,62.63333333333333,48.95866666666393,1
311,311.0000000000006,62.87916700000001,62.93333333333333,54.16633333332044,1
312,312.0000000000006,63.16822950000001,63.13333333333333,34.89616666667672,1
313,313.0000000000006,63.428125,63.36666666666667,61.45833333333428,1
314,314.0000000000006,63.623958,63.6,23.958000000000368,1
315,315.0000000000006,63.81875,63.766666666666666,52.0833333333357,1
316,316.0000000000006,64.13333349999999,63.96666666666667,166.66683333332344,1
317,317.0000000000006,64.33125,64.26666666666667,64.58333333333144,1
318,318.0000000000007,64.5630205,64.5,63.02049999999326,1
319,319.0000000000007,64.78125,64.73333333333333,47.91666666666572,1
320,320.0000000000007,64.953125,64.93333333333334,19.791666666662877,1
321,321.0000000000007,65.1328125,65.1,32.812500000005684,1
322,322.0000000000007,65.3515625,65.3,51.56250000000284,1
323,323.0000000000007,65.5145835,65.46666666666667,47.916833333331965,1
324,324.0000000000007,65.6989585,65.66666666666667,32.291833333331965,1
325,325.00000000000057,65.898958,65.83333333333333,65.62466666666467,1
326,326.0000000000006,66.0651045,66.03333333333333,31.771166666672457,1
327,327.0000000000007,66.26041649999999,66.23333333333333,27.083166666656666,1
328,328.0000000000007,66.489583,66.43333333333334,56.24966666665898,1
329,329.0000000000007,66.65208299999999,66.63333333333334,18.749666666650455,1
330,330.0000000000007,66.784375,66.86666666666666,82.29166666666288,1
331,331.0000000000006,66.96458299999999,67.06666666666666,102.08366666667246,1
332,332.0000000000007,67.07864599999999,67.3,221.35400000000516,1
333,333.0000000000007,67.3015625,67.23333333333333,68.22916666666856,1
334,334.00000000000074,67.51875,67.43333333333334,85.41666666666003,1
335,335.00000000000074,67.673958,67.66666666666667,7.291333333327543,1
336,336.0000000000008,67.834896,67.8,34.89600000000337,1
337,337.0000000000008,68.009375,68.06666666666666,57.29166666665719,1
338,338.0000000000008,68.205208,68.3,94.79199999999821,1
339,339.0000000000008,68.5296875,68.4,129.68749999998863,1
340,340.00000000000085,68.742708,68.7,42.70799999999042,1
341,341.0000000000008,68.911458,68.86666666666666,44.79133333333607,1
342,342.00000000000085,69.0786455,69.1,21.354500000001053,1
343,343.00000000000085,69.25625,69.33333333333333,77.08333333333428,1
344,344.0000000000009,69.43802099999999,69.46666666666667,28.64566666667656,1
345,345.0000000000009,69.690625,69.63333333333334,57.29166666665719,1
346,346.0000000000009,69.8625,69.9,37.50000000000853,1
347,347.0000000000009,70.061458,70.0,61.45800000000179,1
348,348.00000000000097,70.367708,70.2,167.70799999999042,1
349,349.0000000000009,70.602604,70.46666666666667,135.9373333333309,1
350,350.00000000000097,70.8375,70.73333333333333,104.1666666666714,1
351,351.000000000001,70.95416700000001,70.96666666666667,12.49966666665614,1
352,352.000000000001,71.075,71.16666666666667,91.66666666666856,1
353,353.000000000001,71.279167,71.4,120.83300000000463,1
354,354.0000000000011,71.423958,71.46666666666667,42.708666666669615,1
355,355.0000000000011,71.621354,71.66666666666667,45.31266666667477,1
356,356.0000000000011,71.81875,71.83333333333333,14.58333333333428,1
357,357.0000000000011,71.9645835,71.93333333333334,31.250166666666246,1
358,358.00000000000114,72.147917,72.13333333333334,14.583666666666772,1
359,359.00000000000125,72.289583,72.33333333333333,43.750333333335334,1
360,360.00000000000125,72.46458299999998,72.46666666666667,2.083666666692352,1
361,361.00000000000125,72.66302049999999,72.7,36.979500000015264,1
362,362.00000000000114,72.861458,72.86666666666666,5.208666666661088,1
363,363.0000000000013,72.996354,72.96666666666667,29.68733333332807,1
364,364.0000000000013,73.122917,73.13333333333334,10.416333333338912,1
365,365.0000000000013,73.307292,73.3,7.2920000000067375,1
366,366.0000000000014,73.477083,73.5,22.917000000006738,1
367,367.0000000000014,73.67552049999998,73.73333333333333,57.81283333335807,1
368,368.0000000000015,73.873958,73.9,26.042000000003895,1
369,369.0000000000014,74.01093750000003,73.96666666666667,44.27083333335702,1
370,370.0000000000013,74.177083,74.2,22.917000000006738,1
371,371.00000000000165,74.354167,74.23333333333333,120.83366666666961,1
372,372.00000000000153,74.638542,74.53333333333333,105.20866666666961,1
373,373.00000000000153,74.9,74.76666666666667,133.33333333333997,1
374,374.0000000000016,75.161458,75.0,161.4579999999961,1
375,375.0000000000017,75.26979200000002,75.23333333333333,36.45866666668951,1
376,376.0000000000015,75.395833,75.43333333333334,37.50033333334102,1
377,377.00000000000176,75.583333,75.66666666666667,83.3336666666753,1
378,378.0000000000017,75.735417,75.86666666666666,131.24966666666182,1
379,379.0000000000018,75.94375,76.1,156.25,1
380,380.00000000000176,76.064583,76.33333333333333,268.75033333332965,1
381,381.0000000000019,76.259375,76.53333333333333,273.95833333332575,1
382,382.0000000000019,76.438542,76.76666666666667,328.1246666666675,1
383,383.000000000002,76.596875,76.93333333333334,336.45833333333997,1
384,384.0000000000019,76.79010399999999,76.86666666666666,76.56266666667477,1
385,385.0000000000019,77.06458316666667,77.1,35.41683333332912,1
386,386.0000000000019,77.33906233333333,77.1,239.0623333333366,1
387,387.000000000002,77.6135415,77.93333333333334,319.7918333333405,1
388,388.0000000000019,77.83063431818181,77.93333333333334,102.69901515152924,1
389,389.000000000002,78.04772713636362,77.93333333333334,114.39380303028202,1
390,390.0000000000019,78.26481995454544,77.93333333333334,331.4866212121075,1
391,391.000000000002,78.48191277272727,77.93333333333334,548.579439393933,1
392,392.0000000000019,78.6990055909091,77.93333333333334,765.6722575757584,1
393,393.0000000000019,78.9160984090909,77.93333333333334,982.7650757575697,1
394,394.0000000000019,79.13319122727273,77.93333333333334,1199.8578939393951,1
395,395.0000000000018,79.35028404545454,77.93333333333334,1416.9507121212064,1
396,396.0000000000019,79.56737686363638,77.93333333333334,1634.043530303046,1
397,397.00000000000193,79.7844696818182,77.93333333333334,1851.1363484848573,1
398,398.000000000002,80.0015625,79.3,701.5625000000085,1
399,399.0000000000018,80.10677100000002,79.53333333333333,573.4376666666918,1
400,400.000000000002,80.36484399999998,79.56666666666666,798.1773333333138,1
401,401.0000000000018,80.622917,80.5,122.91700000000105,1
402,402.00000000000205,80.790625,80.73333333333333,57.291666666671404,1
403,403.00000000000205,81.02916666666667,80.9,129.16666666666288,1
404,404.000000000002,81.26770833333333,80.9,367.70833333332575,1
405,405.00000000000205,81.50625,80.9,606.2499999999886,1
406,406.000000000002,81.74479166666667,81.13333333333334,611.4583333333314,1
407,407.0000000000019,81.98333333333333,81.43333333333334,549.9999999999972,1
408,408.0000000000021,82.221875,81.56666666666666,655.2083333333343,1
409,409.00000000000205,82.47569433333334,81.8,675.6943333333396,1
410,410.000000000002,82.72951366666666,82.5,229.51366666666217,1
411,411.00000000000205,82.983333,83.03333333333333,50.00033333332965,1
412,412.000000000002,83.17638858333333,83.16666666666667,9.721916666663333,1
413,413.0000000000019,83.36944416666667,83.33333333333333,36.11083333333909,1
414,414.00000000000216,83.56249975,83.43333333333334,129.1664166666635,1
415,415.00000000000205,83.75555533333333,83.66666666666667,88.88866666666217,1
416,416.000000000002,83.94861091666667,83.86666666666666,81.94425000000649,1
417,417.00000000000205,84.1416665,84.1,41.66650000000516,1
418,418.000000000002,84.32864574999998,84.3,28.645749999981263,1
419,419.00000000000205,84.515625,84.53333333333333,17.70833333333144,1
420,420.00000000000205,84.84375,84.76666666666667,77.08333333333428,1
421,421.0000000000021,85.15104149999998,84.96666666666667,184.37483333330817,1
422,422.00000000000216,85.458333,85.2,258.33299999999326,1
423,423.0000000000021,85.583854,85.53333333333333,50.52066666667088,1
424,424.0000000000021,85.836979,85.7,136.97899999999663,1
425,425.00000000000216,86.090104,85.8,290.1039999999995,1
426,426.00000000000233,86.234375,86.16666666666667,67.7083333333286,1
427,427.00000000000216,86.48385416666667,86.4,83.85416666666856,1
428,428.00000000000233,86.73333333333332,86.46666666666667,266.6666666666515,1
429,429.00000000000216,86.9828125,86.63333333333334,349.47916666665435,1
430,430.0000000000021,87.23229166666668,86.73333333333333,498.9583333333485,1
431,431.00000000000216,87.48177083333334,86.93333333333334,548.4375000000057,1
432,432.00000000000233,87.73125,87.16666666666667,564.5833333333314,1
433,433.00000000000216,87.98350683333334,87.8,183.5068333333396,1
434,434.00000000000233,88.23576366666666,88.0,235.7636666666565,1
435,435.00000000000216,88.48802049999998,88.1,388.0204999999819,1
436,436.00000000000216,88.66640591666666,88.6,66.40591666666751,1
437,437.00000000000216,88.84479133333332,88.76666666666667,78.1246666666533,1
438,438.00000000000205,89.02317674999998,88.96666666666667,56.51008333330765,1
439,439.00000000000216,89.20156216666666,89.16666666666667,34.89549999999042,1
440,440.0000000000022,89.37994758333332,89.36666666666666,13.280916666658982,1
441,441.00000000000233,89.55833299999998,89.53333333333333,24.99966666664477,1
442,442.0000000000022,89.83263866666665,89.8,32.63866666665649,1
443,443.0000000000022,90.10694433333332,90.03333333333333,73.61099999998544,1
444,444.0000000000021,90.38125,90.33333333333333,47.91666666666572,1
445,445.0000000000022,90.540625,90.53333333333333,7.291666666674246,1
446,446.00000000000233,90.7,90.76666666666667,66.66666666666288,1
447,447.00000000000233,90.859375,90.9,40.625000000005684,1
448,448.00000000000233,91.023264,91.03333333333333,10.06933333333393,1
449,449.0000000000022,91.187153,91.26666666666667,79.5136666666707,1
450,450.0000000000021,91.351042,91.53333333333333,182.2913333333247,1
451,451.0000000000022,91.57135433333332,91.8,228.6456666666794,1
452,452.0000000000022,91.79166666666669,92.13333333333334,341.66666666665435,1
453,453.0000000000025,92.011979,92.6,588.0209999999977,1
454,454.00000000000233,92.26205342857142,92.86666666666666,604.61323809524,1
455,455.0000000000022,92.51212785714287,93.03333333333333,521.2054761904596,1
456,456.00000000000233,92.76220228571428,93.26666666666667,504.4643809523848,1
457,457.0000000000022,93.01227671428572,93.53333333333333,521.0566190476129,1
458,458.00000000000233,93.26235114285713,93.56666666666666,304.3155238095352,1
459,459.0000000000022,93.51242557142858,93.43333333333334,79.09223809524235,1
460,460.00000000000233,93.7625,93.73333333333333,29.16666666666856,1
461,461.0000000000022,93.9640625,93.93333333333334,30.729166666660035,1
462,462.00000000000233,94.165625,94.16666666666667,1.0416666666657193,1
463,463.0000000000022,94.3671875,94.36666666666666,0.5208333333399651,1
464,464.00000000000233,94.56875,94.6,31.25,1
465,465.00000000000233,94.7703125,94.83333333333333,63.020833333325754,1
466,466.00000000000233,94.971875,95.03333333333333,61.45833333333428,1
467,467.0000000000022,95.1734375,92.83333333333333,2340.104166666677,1
468,468.00000000000233,95.375,92.83333333333333,2541.6666666666715,1
469,469.0000000000022,95.5765625,92.83333333333333,2743.2291666666656,1
470,470.00000000000233,95.778125,93.73333333333333,2044.7916666666686,1
471,471.0000000000024,95.903646,93.56666666666666,2336.979333333332,1
472,472.0000000000024,96.14947925,94.0,2149.479249999999,1
473,473.00000000000233,96.3953125,94.0,2395.3125000000027,1
474,474.0000000000024,96.5479165,94.0,2547.9164999999994,1
475,475.0000000000024,96.76232625,94.0,2762.326250000001,1
476,476.0000000000024,96.976736,94.0,2976.7360000000026,1
477,477.00000000000244,97.19114575,94.0,3191.145750000004,1
478,478.0000000000024,97.4055555,94.0,3405.5555000000054,1
479,479.0000000000024,97.61996525,94.0,3619.965250000007,1
480,480.0000000000024,97.834375,94.0,3834.3749999999945,1
481,481.00000000000233,98.075,94.0,4075.0000000000027,1
482,482.0000000000024,98.315625,94.06666666666666,4248.958333333334,1
483,483.00000000000244,98.55625,94.2,4356.250000000003,1
484,484.0000000000024,98.7429166,98.7,42.916599999998084,1
485,485.00000000000244,98.92958320000001,98.9,29.583200000004695,1
486,486.00000000000244,99.1162498,99.13333333333334,17.083533333334344,1
487,487.0000000000024,99.30291640000002,99.3,2.9164000000179158,1
488,488.00000000000244,99.489583,99.46666666666667,22.916333333327543,1
489,489.0000000000025,99.778646,99.7,78.645999999992,1
490,490.00000000000244,99.96875025,99.9,68.75024999999368,1
491,491.0000000000025,100.1588545,100.13333333333334,25.52116666666393,1
492,492.0000000000025,100.478125,100.43333333333334,44.79166666666856,1
493,493.00000000000256,100.7791665,100.63333333333334,145.83316666666235,1
494,494.0000000000025,101.080208,100.83333333333333,246.87466666667035,1
495,495.00000000000256,101.2015625,101.13333333333334,68.22916666665435,1
496,496.0000000000027,101.45338525,101.26666666666667,186.7185833333309,1
497,497.00000000000256,101.705208,101.26666666666667,438.5413333333332,1
498,498.00000000000256,101.8859375,101.56666666666666,319.2708333333343,1
499,499.0000000000027,102.15321175,102.03333333333333,119.87841666666554,1
500,500.0000000000026,102.420486,102.16666666666667,253.8193333333254,1
501,501.00000000000256,102.68776025,102.3,387.7602499999995,1
502,502.0000000000027,102.9550345,102.36666666666666,588.3678333333364,1
503,503.0000000000026,103.22230875,102.5,722.3087499999963,1
504,504.00000000000256,103.489583,102.73333333333333,756.2496666666618,1
505,505.0000000000026,103.781597,102.93333333333334,848.2636666666679,1
506,506.0000000000026,104.073611,103.46666666666667,606.9443333333311,1
507,507.00000000000273,104.365625,103.9,465.62499999998863,1
508,508.0000000000027,104.55017366666668,104.06666666666666,483.50700000001723,1
509,509.0000000000027,104.73472233333332,104.73333333333333,1.3889999999889824,1
510,510.0000000000026,104.919271,104.96666666666667,47.39566666667372,1
511,511.0000000000027,105.10381966666668,105.16666666666667,62.84699999999077,1
512,512.0000000000026,105.28836833333332,105.36666666666666,78.29833333333625,1
513,513.0000000000026,105.472917,105.36666666666666,106.25033333333533,1
514,514.0000000000026,105.706771,105.6,106.77100000000905,1
515,515.0000000000026,105.940625,105.86666666666666,73.95833333333712,1
516,516.0000000000026,106.174479,106.06666666666666,107.81233333334228,1
517,517.0000000000026,106.34618033333334,106.33333333333333,12.847000000007824,1
518,518.0000000000026,106.51788166666668,106.56666666666666,48.78499999998098,1
519,519.0000000000026,106.689583,106.76666666666667,77.08366666666677,1
520,520.0000000000026,106.84687466666668,106.9,53.12533333332681,1
521,521.0000000000026,107.00416633333334,107.1,95.83366666664972,1
522,522.0000000000026,107.161458,107.33333333333333,171.8753333333325,1
523,523.0000000000026,107.33923583333336,107.53333333333333,194.0974999999696,1
524,524.0000000000025,107.51701366666668,107.63333333333334,116.31966666665505,1
525,525.0000000000026,107.6947915,107.7,5.208500000009053,1
526,526.0000000000025,107.92378458333334,107.9,23.784583333338105,1
527,527.0000000000026,108.15277766666668,108.0,152.77766666667958,1
528,528.0000000000026,108.38177075,108.23333333333333,148.43741666666688,1
529,529.0000000000026,108.61076383333334,108.46666666666667,144.0971666666684,1
530,530.0000000000026,108.83975691666666,108.63333333333334,206.42358333331856,1
531,531.0000000000025,109.06875,109.03333333333333,35.41666666666288,1
532,532.0000000000025,109.68732633333332,109.26666666666667,420.65966666665133,1
533,533.0000000000026,110.30590266666668,109.46666666666667,839.2360000000139,1
534,534.0000000000026,110.924479,109.56666666666666,1357.8123333333424,1
535,534.9979166666692,111.016927,109.76666666666667,1250.2603333333298,1
536,535.9979166666691,111.109375,110.16666666666667,942.7083333333286,1
537,537.0000000000024,111.201823,110.36666666666666,835.1563333333445,1
538,537.9979166666689,111.294271,110.43333333333334,860.9376666666577,1
539,538.9979166666687,111.386719,110.6,786.719000000005,1
540,540.000000000002,111.479167,110.76666666666667,712.5003333333382,1
541,541.0000000000019,111.684896,110.93333333333334,751.5626666666577,1
542,542.000000000002,111.890625,111.86666666666666,23.958333333339965,1
543,543.0000000000019,112.059896,112.03333333333333,26.562666666663404,1
544,544.000000000002,112.2875,112.23333333333333,54.166666666660035,1
545,545.000000000002,112.385417,112.46666666666667,81.24966666666467,1
546,546.000000000002,112.552083,112.66666666666667,114.5836666666753,1
547,547.000000000002,112.726042,112.86666666666666,140.6246666666533,1
548,548.0000000000022,112.892708,113.13333333333334,240.62533333334102,1
549,549.0000000000022,113.0375,113.1,62.5,1
550,550.0000000000022,113.221875,113.3,78.125,1
551,551.0000000000022,113.40625,113.36666666666666,39.583333333339965,1
552,552.0000000000022,113.590625,113.63333333333334,42.70833333333712,1
553,553.0000000000023,113.771875,113.76666666666667,5.208333333328596,1
554,554.0000000000023,113.920833,113.76666666666667,154.16633333333607,1
555,555.0000000000023,114.0890625,114.06666666666666,22.39583333333428,1
556,556.0000000000023,114.30677050000001,114.23333333333333,73.43716666667888,1
557,557.0000000000023,114.45,114.23333333333333,216.66666666666856,1
558,558.0000000000023,114.616667,114.73333333333333,116.66633333332754,1
559,559.0000000000023,114.747917,114.83333333333333,85.41633333332754,1
560,560.0000000000024,114.882292,114.93333333333334,51.041333333330385,1
561,561.0000000000025,115.026042,115.06666666666666,40.62466666665898,1
562,562.0000000000024,115.209375,115.2,9.374999999991473,1
563,563.0000000000025,115.358333,115.46666666666667,108.33366666666677,1
564,564.0000000000025,115.713542,115.63333333333334,80.20866666666393,1
565,565.0000000000025,115.92291675,115.86666666666666,56.25008333333881,1
566,566.0000000000025,116.1322915,116.1,32.29149999999947,1
567,567.0000000000025,116.296875,116.26666666666667,30.20833333333428,1
568,568.0000000000025,116.521875,116.46666666666667,55.208333333325754,1
569,569.0000000000025,116.641667,116.63333333333334,8.333666666658246,1
570,570.0000000000025,116.795833,116.83333333333333,37.50033333332681,1
571,571.0000000000026,116.967708,117.0,32.29199999999821,1
572,572.0000000000025,117.141667,117.06666666666666,75.00033333333533,1
573,573.0000000000026,117.3,117.4,100.00000000000853,1
574,574.0000000000028,117.4875,117.56666666666666,79.16666666666572,1
575,575.0000000000028,117.675,117.8,125.0,1
576,576.0000000000028,117.8625,118.0,137.50000000000284,1
577,577.0000000000028,118.05,118.2,150.00000000000568,1
578,578.0000000000028,118.202083,118.33333333333333,131.2503333333268,1
579,579.000000000003,118.3723955,118.36666666666666,5.72883333333607,1
580,580.0000000000028,118.527083,118.53333333333333,6.250333333326807,1
581,581.000000000003,118.684375,118.73333333333333,48.95833333333144,1
582,582.000000000003,118.8609375,119.0,139.06249999999432,1
583,583.000000000003,119.029167,119.03333333333333,4.166333333330385,1
584,584.000000000003,119.182292,119.2,17.707999999998947,1
585,585.0000000000031,119.3515625,119.3,51.56250000000284,1
586,586.0000000000031,119.590625,119.5,90.62500000000284,1
587,587.0000000000031,119.803125,119.73333333333333,69.79166666666003,1
588,588.0000000000031,120.201042,119.9,301.04199999999537,1
589,589.0000000000031,120.523958,120.36666666666666,157.29133333333323,1
590,590.0000000000031,120.708333,120.66666666666667,41.6663333333247,1
591,591.0000000000031,120.870833,120.86666666666666,4.166333333344596,1
592,592.0000000000031,121.1484375,121.1,48.437500000005684,1
593,593.0000000000031,121.32786475,121.33333333333333,5.468583333325228,1
594,594.0000000000031,121.507292,121.53333333333333,26.0413333333247,1
595,595.0000000000031,121.715625,121.76666666666667,51.04166666666288,1
596,596.0000000000031,121.8828125,121.93333333333334,50.52083333333712,1
597,597.0000000000031,122.05,122.1,49.99999999999716,1
598,598.0000000000031,122.265625,122.43333333333334,167.70833333333712,1
599,599.0000000000032,122.463542,122.56666666666666,103.12466666665898,1
600,600.0000000000031,122.6302085,122.53333333333333,96.8751666666634,1
601,601.0000000000031,122.835417,122.8,35.41700000000958,1
602,602.0000000000031,123.008333,123.0,8.332999999993262,1
603,603.0000000000031,123.161458,123.33333333333333,171.8753333333325,1
604,604.0000000000032,123.4,123.33333333333333,66.66666666667709,1
605,605.0000000000032,123.574479,123.53333333333333,41.14566666666519,1
606,606.0000000000033,123.7453125,123.73333333333333,11.979166666662877,1
607,607.0000000000032,123.938542,123.9,38.54199999999253,1
608,608.0000000000033,124.086458,124.06666666666666,19.791333333330385,1
609,609.0000000000033,124.2838545,124.2,83.85450000000105,1
610,610.0000000000033,124.469792,124.53333333333333,63.54133333333323,1
611,611.0000000000033,124.753125,124.63333333333334,119.79166666665719,1
612,612.0000000000033,125.234896,124.9,334.8960000000005,1
613,613.0000000000033,125.573958,125.46666666666667,107.29133333333607,1
614,614.0000000000033,125.7385415,125.7,38.54149999999379,1
615,615.0000000000033,125.88125,125.83333333333333,47.91666666666572,1
616,616.0000000000033,126.159375,126.1,59.37500000000284,1
617,617.0000000000033,126.303125,126.3,3.124999999997158,1
618,618.0000000000033,126.61875,126.53333333333333,85.41666666667425,1
619,619.0000000000032,126.803125,126.76666666666667,36.458333333328596,1
620,620.0000000000033,126.98125,126.96666666666667,14.58333333333428,1
621,621.0000000000033,127.163542,127.16666666666667,3.124666666664666,1
622,622.0000000000033,127.336458,127.33333333333333,3.124666666664666,1
623,623.0000000000032,127.525,127.4,125.0,1
624,624.0000000000033,127.648958,127.63333333333334,15.624666666653297,1
625,625.0000000000033,127.8390625,127.8,39.0625,1
626,626.0000000000033,127.9890625,128.0,10.937499999997158,1
627,627.0000000000034,128.1666665,128.16666666666666,0.00016666666624587378,1
628,628.0000000000034,128.4067705,128.36666666666667,40.10383333331902,1
629,629.0000000000033,128.575,128.53333333333333,41.66666666665719,1
630,630.0000000000034,128.778125,128.7,78.125,1
631,631.0000000000034,128.977083,128.93333333333334,43.74966666665614,1
632,632.0000000000034,129.146875,129.16666666666666,19.791666666662877,1
633,633.0000000000034,129.33697949999998,129.36666666666667,29.687166666690246,1
634,634.0000000000034,129.595833,129.6,4.166999999995369,1
635,635.0000000000034,129.8145835,129.8,14.583499999986316,1
636,636.0000000000035,130.1635415,129.96666666666667,196.87483333333944,1
637,637.0000000000035,130.464583,130.26666666666668,197.9163333333247,1
638,638.0000000000034,130.65520800000002,130.56666666666666,88.54133333335312,1
639,639.0000000000035,130.791667,130.76666666666668,25.000333333309754,1
640,640.0000000000034,131.03281249999998,131.0,32.81249999997726,1
641,641.0000000000035,131.284375,131.2,84.37500000002274,1
642,642.0000000000034,131.491667,131.43333333333334,58.333666666669615,1
643,643.0000000000034,131.726042,131.66666666666666,59.375333333349545,1
644,644.0000000000034,131.90520800000002,131.86666666666667,38.541333333341754,1
645,645.0000000000034,132.0921875,132.1,7.8125,1
646,646.0000000000034,132.298958,132.26666666666668,32.29133333331902,1
647,647.0000000000034,132.46875,132.5,31.25,1
648,648.0000000000034,132.6609375,132.73333333333332,72.39583333333144,1
649,649.0000000000034,132.84270800000002,132.8,42.70800000000463,1
650,650.0000000000034,133.0078125,133.13333333333333,125.52083333332575,1
651,651.0000000000034,133.180729,133.36666666666667,185.93766666666056,1
652,652.0000000000034,133.395833,133.56666666666666,170.83366666665256,1
653,653.0000000000035,133.58125,133.56666666666666,14.583333333348492,1
654,654.0000000000034,133.81770849999998,133.73333333333332,84.37516666666056,1
655,655.0000000000034,134.010417,134.0,10.416999999989685,1
656,656.0000000000034,134.195833,134.2,4.166999999995369,1
657,657.0000000000034,134.3489585,134.2,148.95850000002042,1
658,658.0000000000034,134.539583,134.63333333333333,93.75033333333249,1
659,659.0000000000034,134.7515625,134.8,48.437500000005684,1
660,660.0000000000031,135.075521,135.0,75.52100000000905,1
661,661.0000000000032,135.336458,135.23333333333332,103.12466666667319,1
662,662.0000000000033,135.538542,135.46666666666667,71.87533333333818,1
663,663.0000000000033,135.781771,135.7,81.77100000000337,1
664,664.0000000000031,136.1020835,135.96666666666667,135.41683333332344,1
665,665.000000000003,136.2973955,136.23333333333332,64.06216666667319,1
666,666.0000000000028,136.50937499999998,136.46666666666667,42.7083333333087,1
667,667.000000000003,136.741667,136.7,41.667000000018106,1
668,668.000000000003,136.915625,136.9,15.625,1
669,669.0000000000028,137.08333349999998,137.1,16.666500000013684,1
670,670.0000000000028,137.289583,137.26666666666668,22.916333333313332,1
671,671.0000000000025,137.463542,137.43333333333334,30.20866666665256,1
672,672.0000000000023,137.677604,137.63333333333333,44.27066666667656,1
673,673.0000000000023,137.92083300000002,137.83333333333334,87.49966666667319,1
674,674.0000000000023,138.0760415,138.06666666666666,9.374833333339438,1
675,675.0000000000022,138.30989599999998,138.26666666666668,43.2293333333007,1
676,676.0000000000016,138.54427099999998,138.46666666666667,77.60433333331207,1
677,677.0000000000016,138.738542,138.6,138.54200000000105,1
678,678.0000000000016,138.964583,138.9,64.58299999999895,1
679,679.0000000000015,139.246875,139.13333333333333,113.54166666666288,1
680,680.0000000000016,139.455729,139.36666666666667,89.0623333333167,1
681,681.0000000000015,139.664583,139.56666666666666,97.91633333333039,1
682,682.0000000000015,139.951042,139.8,151.04199999998968,1
683,683.0000000000015,140.230208,140.1,130.20800000001032,1
684,684.0000000000014,140.7796875,140.33333333333334,446.3541666666515,1
685,685.0000000000015,141.145833,140.53333333333333,612.4996666666789,1
686,686.0000000000015,141.3515625,140.63333333333333,718.2291666666742,1
687,687.0000000000013,141.6286455,140.96666666666667,661.9788333333361,1
688,688.0000000000013,141.94375,141.23333333333332,710.4166666666742,1
689,689.0000000000013,142.12395800000004,141.5,623.9580000000444,1
690,690.000000000001,142.341667,142.3,41.666999999989685,1
691,691.0000000000011,142.536458,142.5,36.458000000010315,1
692,692.0000000000011,142.713542,142.63333333333333,80.20866666666393,1
693,693.000000000001,142.92291699999996,143.1,177.08300000003874,1
694,694.0000000000011,143.136458,143.1,36.458000000010315,1
695,695.000000000001,143.292708,143.3,7.2920000000067375,1
696,696.000000000001,143.478125,143.63333333333333,155.20833333332007,1
697,697.0000000000013,143.664583,143.7,35.41699999999537,1
698,698.0000000000008,143.848958,143.9,51.04199999999537,1
699,699.0000000000008,144.091667,144.1,8.332999999993262,1
700,700.0000000000008,144.278125,144.3,21.875000000022737,1
701,701.0000000000007,144.457292,144.4,57.291999999989685,1
702,702.0000000000007,144.755729,144.6,155.729000000008,1
703,703.0000000000007,144.93854199999996,144.83333333333334,105.20866666661277,1
704,704.0000000000007,145.102083,145.1,2.082999999998947,1
705,705.0000000000007,145.30572949999996,145.33333333333334,27.60383333338723,1
706,706.0000000000006,145.4875,145.56666666666666,79.16666666665151,1
707,707.0000000000005,145.715625,145.73333333333332,17.70833333333144,1
708,708.0000000000005,146.0375,145.96666666666667,70.83333333332575,1
709,709.0000000000003,146.315625,146.16666666666666,148.95833333335418,1
710,710.0000000000005,146.515625,146.43333333333334,82.29166666666288,1
711,711.0000000000005,146.7640625,146.66666666666666,97.39583333333712,1
712,712.0000000000002,147.0984375,146.9,198.43749999998295,1
713,713.0000000000005,147.3375,147.23333333333332,104.16666666668561,1
714,714.0000000000002,147.49739549999995,147.4,97.39549999994779,1
715,715.0000000000002,147.723958,147.63333333333333,90.62466666668456,1
716,716.0000000000002,147.896875,147.86666666666667,30.20833333332007,1
717,717.0000000000001,148.0854165,148.03333333333333,52.08316666667656,1
718,718.0000000000001,148.293229,148.23333333333332,59.89566666667656,1
719,719.0,148.458333,148.43333333333334,24.999666666673193,1
720,719.9999999999999,148.636979,148.6,36.979000000002316,1
721,721.0000000000001,148.826042,148.83333333333334,7.291333333341754,1
722,721.9999999999998,149.0020835,149.0,2.0834999999976844,1
723,722.9999999999994,149.1989585,149.16666666666666,32.291833333346176,1
724,723.9999999999997,149.40729199999996,149.33333333333334,73.95866666661277,1
725,724.9999999999999,149.56875,149.53333333333333,35.41666666666288,1
726,725.9999999999999,149.732292,149.83333333333334,101.04133333334175,1
727,726.9999999999997,149.904167,149.96666666666667,62.49966666666751,1
728,727.9999999999995,150.022396,150.26666666666668,244.27066666669361,1
729,728.9999999999998,150.296875,150.43333333333334,136.45833333333712,1
730,729.9999999999993,150.522917,150.46666666666667,56.250333333338176,1
731,730.9999999999993,150.67447900000005,150.66666666666666,7.8123333333905975,1
732,731.9999999999992,150.83333299999995,150.8,33.3329999999421,1
733,732.999999999999,151.01458300000004,151.03333333333333,18.750333333287017,1
734,733.9999999999992,151.2046875,151.13333333333333,71.35416666667993,1
735,734.9999999999986,151.52135449999997,151.4,121.35449999996695,1
736,735.9999999999989,151.754167,151.63333333333333,120.83366666666961,1
737,736.9999999999992,151.90729199999996,152.03333333333333,126.04133333337586,1
738,737.999999999999,152.0588545,152.1,41.14549999999895,1
739,738.999999999999,152.254167,152.26666666666668,12.499666666684561,1
740,739.999999999999,152.408333,152.46666666666667,58.333666666669615,1
741,740.9999999999986,152.65625,152.6,56.250000000005684,1
742,741.9999999999987,152.83125,152.96666666666667,135.4166666666572,1
743,742.9999999999986,153.033333,153.0,33.33299999999895,1
744,743.9999999999985,153.3291665,153.2,129.16650000002505,1
745,744.9999999999985,153.53020825,153.46666666666667,63.541583333318385,1
746,745.9999999999983,153.73125,153.73333333333332,2.0833333333314386,1
747,746.9999999999985,153.8614585,153.93333333333334,71.87483333333944,1
748,747.9999999999985,154.003125,154.06666666666666,63.54166666665151,1
749,748.9999999999985,154.189583,154.26666666666668,77.08366666668098,1
750,749.9999999999982,154.352083,154.4,47.91700000001242,1
751,750.9999999999982,154.56145800000004,154.56666666666666,5.208666666618456,1
752,751.9999999999982,154.770833,154.76666666666668,4.166333333330385,1
753,752.9999999999984,154.91250000000005,154.86666666666667,45.83333333337691,1
754,753.9999999999981,155.070833,155.06666666666666,4.166333333330385,1
755,754.999999999998,155.245833,155.2,45.833000000016,1
756,755.999999999998,155.413542,155.4,13.542000000001053,1
757,756.9999999999977,155.6114585,155.63333333333333,21.87483333332807,1
758,757.9999999999976,155.809375,155.83333333333334,23.958333333354176,1
759,758.9999999999978,155.941146,155.96666666666667,25.520666666665193,1
760,759.9999999999977,156.071875,156.1,28.12499999998863,1
761,760.9999999999978,156.26458300000004,156.3,35.41699999996695,1
762,761.9999999999975,156.427083,156.46666666666667,39.583666666658246,1
763,762.9999999999975,156.61562500000005,156.66666666666666,51.041666666606034,1
764,763.9999999999977,156.804167,156.9,95.83299999999895,1
765,764.9999999999977,156.946354,156.93333333333334,13.020666666676561,1
766,765.9999999999974,157.13125,157.06666666666666,64.58333333333144,1
767,766.9999999999972,157.316667,157.3,16.666999999984,1
768,767.999999999997,157.663542,157.5,163.54200000000674,1
769,768.9999999999969,157.900521,157.8,100.52099999998632,1
770,769.999999999997,158.1375,158.03333333333333,104.16666666665719,1
771,770.999999999997,158.272396,158.2,72.39599999999768,1
772,771.9999999999972,158.42291699999996,158.43333333333334,10.416333333381544,1
773,772.9999999999967,158.61041699999996,158.66666666666666,56.249666666701614,1
774,773.9999999999967,158.769792,158.8,30.208000000016,1
775,774.9999999999966,158.939583,159.16666666666666,227.08366666665825,1
776,775.9999999999965,159.11875,159.36666666666667,247.91666666666856,1
777,776.9999999999965,159.298958,159.56666666666666,267.70866666666393,1
778,777.9999999999964,159.478125,159.83333333333334,355.2083333333371,1
779,778.9999999999962,159.64375,159.73333333333332,89.5833333333087,1
780,779.9999999999964,159.81354199999996,159.96666666666667,153.12466666671298,1
781,780.9999999999959,160.09722233333332,160.1,2.7776666666738947,1
782,781.9999999999962,160.38090266666666,160.33333333333334,47.569333333314034,1
783,782.9999999999964,160.664583,160.53333333333333,131.24966666666182,1
784,783.9999999999961,161.09733766666662,160.53333333333333,564.0043333332869,1
785,784.999999999996,161.53009233333333,160.53333333333333,996.7589999999973,1
786,785.9999999999962,161.96284699999995,160.53333333333333,1429.5136666666224,1
787,786.9999999999961,162.39560166666666,160.53333333333333,1862.2683333333327,1
788,787.9999999999964,162.82835633333332,160.53333333333333,2295.0229999999865,1
789,788.9999999999962,163.261111,160.53333333333333,2727.777666666668,1
790,789.9999999999961,163.69386566666662,160.53333333333333,3160.5323333332935,1
791,790.9999999999961,164.12662033333334,160.53333333333333,3593.287000000004,1
792,791.999999999996,164.559375,160.53333333333333,4026.041666666657,1
793,792.9999999999977,164.865625,160.53333333333333,4332.291666666662,1
794,793.9999999999976,165.171875,160.53333333333333,4638.541666666669,1
795,794.9999999999977,165.478125,161.93333333333334,3544.791666666669,1
796,795.9999999999977,165.82552075,162.13333333333333,3692.187416666684,1
797,796.9999999999976,166.1729165,162.4,3772.916500000008,1
798,797.9999999999977,166.52031225,162.6,3920.312249999995,1
799,798.9999999999976,166.867708,165.63333333333333,1234.3746666666675,1
800,799.9999999999976,167.222917,165.8,1422.916999999984,1
801,800.9999999999976,167.5,166.06666666666666,1433.3333333333371,1
802,801.9999999999975,167.76458300000004,166.3,1464.583000000033,1
803,802.9999999999976,167.96770800000004,166.5,1467.7080000000444,1
804,803.9999999999976,168.28020800000004,166.73333333333332,1546.8746666667244,1
805,804.9999999999976,168.60243033333333,167.66666666666666,935.7636666666735,1
806,805.9999999999977,168.92465266666667,167.86666666666667,1057.9859999999996,1
807,806.9999999999976,169.246875,168.1,1146.8749999999943,1
808,807.9999999999976,169.52682299999995,168.4,1126.8229999999448,1
809,808.9999999999977,169.806771,168.63333333333333,1173.437666666672,1
810,809.9999999999976,170.08671900000004,168.83333333333334,1253.385666666702,1
811,810.9999999999976,170.366667,169.33333333333334,1033.333666666664,1
812,811.9999999999975,170.632292,169.5,1132.2920000000067,1
813,812.9999999999972,170.930208,169.63333333333333,1296.8746666666675,1
814,813.9999999999974,171.307292,170.03333333333333,1273.9586666666582,1
815,814.9999999999975,171.7625,170.26666666666668,1495.8333333333087,1
816,815.9999999999972,172.21770800000004,170.73333333333332,1484.3746666667244,1
817,816.9999999999974,172.54583300000004,171.13333333333333,1412.4996666667187,1
818,817.9999999999974,172.87395800000004,171.43333333333334,1440.6246666667073,1
819,818.9999999999972,173.20208300000004,171.63333333333333,1568.7496666667187,1
820,819.9999999999974,173.664583,168.4,5264.582999999988,1
821,820.999999999997,174.127083,168.6,5527.083000000004,1
822,821.9999999999972,174.4953125,168.83333333333334,5661.979166666669,1
823,822.9999999999972,174.93567708333333,169.06666666666666,5869.010416666669,1
824,823.9999999999972,175.37604166666668,173.23333333333332,2142.70833333336,1
825,824.9999999999972,175.81640625,173.46666666666667,2349.739583333331,1
826,825.9999999999972,176.25677083333332,174.03333333333333,2223.4374999999886,1
827,826.9999999999972,176.69713541666667,174.83333333333334,1863.8020833333258,1
828,827.9999999999972,177.1375,175.06666666666666,2070.8333333333258,1
829,828.9999999999972,177.4953125,175.26666666666668,2228.645833333331,1
830,829.999999999997,177.853125,175.5,2353.1250000000055,1
831,830.9999999999974,178.346354,176.03333333333333,2313.0206666666595,1
832,831.9999999999972,178.37395800000004,176.03333333333333,2340.624666666713,1
833,832.9999999999969,178.8859375,176.16666666666666,2719.270833333354,1
834,833.9999999999969,179.178125,176.4,2778.1249999999886,1
835,834.999999999997,179.43229150000005,176.53333333333333,2898.9581666667164,1
836,835.9999999999969,179.68645800000004,176.6,3086.45800000005,1
837,836.9999999999969,180.04375,176.56666666666666,3477.0833333333258,1
838,837.9999999999967,180.365625,177.2,3165.6250000000055,1
839,838.9999999999967,180.6875,179.5,1187.5,1
840,839.9999999999967,181.176042,179.8,1376.041999999984,1
841,840.9999999999965,182.022917,180.06666666666666,1956.2503333333439,1
842,841.9999999999966,182.314583,180.36666666666667,1947.9163333333247,1
843,842.9999999999964,182.5510415,180.6,1951.0415000000023,1
844,843.9999999999966,182.788542,179.3,3488.5419999999954,1
845,844.9999999999966,183.0,179.5,3500.0,1
846,845.9999999999966,183.226042,179.76666666666668,3459.375333333327,1
847,846.9999999999966,183.441667,180.0,3441.6669999999954,1
848,847.9999999999966,183.686458,180.03333333333333,3653.124666666656,1
849,848.9999999999965,184.160417,180.13333333333333,4027.0836666666696,1
850,849.9999999999967,184.753646,180.36666666666667,4386.979333333329,1
851,850.9999999999967,185.346875,182.73333333333332,2613.5416666666915,1
852,851.9999999999967,185.940104,183.8,2140.1039999999794,1
853,852.9999999999966,186.30729166666663,184.0,2307.2916666666288,1
854,853.9999999999967,186.6744793333333,184.0,2674.479333333295,1
855,854.9999999999965,187.041667,184.0,3041.6669999999895,1
856,855.9999999999966,187.36901075,186.3,1069.0107499999897,1
857,856.9999999999966,187.6963545,186.53333333333333,1163.021166666681,1
858,857.9999999999966,188.02369825,186.76666666666668,1257.0315833333154,1
859,858.9999999999966,188.351042,187.16666666666666,1184.3753333333495,1
860,859.9999999999965,188.661458,187.4,1261.4580000000046,1
861,860.9999999999965,188.998958,187.6,1398.9579999999933,1
862,861.9999999999967,189.43125,187.8,1631.2499999999943,1
863,862.9999999999967,190.298958,188.06666666666666,2232.2913333333363,1
864,863.9999999999967,190.542708,188.26666666666668,2276.0413333333245,1
865,864.9999999999968,190.895486,189.16666666666666,1728.8193333333481,1
866,865.9999999999965,191.24826399999998,189.56666666666666,1681.5973333333147,1
867,866.9999999999965,191.601042,189.76666666666668,1834.3753333333268,1
868,867.9999999999966,191.909896,190.73333333333332,1176.5626666666833,1
869,868.9999999999966,192.21875,190.93333333333334,1285.4166666666629,1
870,869.9999999999966,192.527604,191.2,1327.604000000008,1
871,870.9999999999966,192.836458,191.4,1436.4579999999876,1
872,871.9999999999967,193.120833,191.73333333333332,1387.4996666666846,1
873,872.9999999999967,193.419792,191.93333333333334,1486.458666666664,1
874,873.9999999999967,193.744792,192.2,1544.792000000001,1
875,874.9999999999967,194.19661475,192.5,1696.614750000009,1
876,875.9999999999967,194.6484375,193.26666666666668,1381.77083333332,1
877,876.9999999999967,195.058333,193.56666666666666,1491.6663333333418,1
878,877.9999999999967,195.325,193.86666666666667,1458.3333333333144,1
879,878.9999999999967,195.730208,194.1,1630.2080000000103,1
880,879.9999999999967,196.09843716666668,194.5,1598.4371666666846,1
881,880.9999999999967,196.4666663333333,194.7,1766.666333333319,1
882,881.9999999999967,196.8348955,194.9,1934.895499999982,1
883,882.9999999999967,197.42786425000003,195.9,1527.8642500000217,1
884,883.9999999999967,198.020833,196.13333333333333,1887.4996666666846,1
885,884.9999999999967,198.3916665,196.33333333333334,2058.333166666671,1
886,885.9999999999967,198.81539333333333,196.93333333333334,1882.0599999999956,1
887,886.9999999999967,199.23912016666665,197.2,2039.1201666666632,1
888,887.9999999999967,199.662847,197.4,2262.8469999999934,1
889,888.9999999999967,200.0865738333333,197.63333333333333,2453.2404999999644,1
890,889.9999999999967,200.51030066666667,197.83333333333334,2676.967333333323,1
891,890.9999999999967,200.9340275,198.8,2134.027500000002,1
892,891.9999999999967,201.35775433333333,199.16666666666666,2191.0876666666754,1
893,892.9999999999967,201.78148116666665,199.4,2381.4811666666455,1
894,893.9999999999967,202.205208,199.63333333333333,2571.874666666673,1
895,894.9999999999967,202.59404728571425,199.86666666666667,2727.38061904758,1
896,895.9999999999967,202.98288657142857,200.06666666666666,2916.2199047619024,1
897,896.9999999999968,203.37172585714282,200.26666666666668,3105.0591904761404,1
898,897.9999999999968,203.76056514285716,200.36666666666667,3393.8984761904862,1
899,898.9999999999967,204.14940442857144,200.53333333333333,3616.0710952381123,1
900,899.9999999999967,204.53824371428573,199.83333333333334,4704.910380952384,1
901,900.9999999999968,204.927083,198.8,6127.082999999999,1
902,901.9999999999967,205.363542,198.86666666666667,6496.875333333321,1
903,902.9999999999966,205.590625,198.86666666666667,6723.958333333314,1
904,903.9979166666633,205.708333,199.5,6208.3330000000105,1
905,904.9999999999966,206.799479,199.73333333333332,7066.145666666671,1
906,905.9999999999966,207.361979,199.93333333333334,7428.645666666654,1
907,906.9999999999966,207.668229,200.13333333333333,7534.895666666671,1
908,907.9999999999964,207.974479,200.36666666666667,7607.812333333328,1
909,908.9999999999964,208.247917,201.43333333333334,6814.583666666664,1
910,909.9999999999965,208.5145835,201.63333333333333,6881.25016666666,1
911,910.9999999999964,208.78125,201.03333333333333,7747.916666666669,1
912,911.9999999999964,209.121875,198.7,10421.875,1
913,912.9999999999964,209.147917,198.93333333333334,10214.58366666667,1
914,913.9999999999961,209.7838545,208.56666666666666,1217.1878333333268,1
915,914.9999999999961,210.325521,208.93333333333334,1392.187666666672,1
916,915.9999999999961,210.76423633333332,209.2,1564.2363333333265,1
917,916.9999999999961,211.20295166666665,209.36666666666667,1836.2849999999753,1
918,917.9999999999961,211.641667,209.73333333333332,1908.3336666666924,1
919,918.9999999999961,212.0927085,210.2,1892.7084999999977,1
920,919.9999999999961,212.54375,210.4,2143.7499999999827,1
921,920.9999999999959,212.811458,210.73333333333332,2078.1246666666675,1
922,921.9999999999959,213.051042,210.96666666666667,2084.375333333327,1
923,922.9999999999958,213.322917,206.6,6722.916999999996,1
924,923.9999999999956,213.892708,206.7,7192.7080000000105,1
925,924.9999999999956,214.657292,211.73333333333332,2923.9586666666924,1
926,925.9999999999956,215.240625,213.2,2040.6250000000057,1
927,926.9999999999956,215.8453125,213.43333333333334,2411.979166666669,1
928,927.9999999999956,216.4109375,213.66666666666666,2744.270833333331,1
929,928.9999999999953,216.806771,213.9,2906.770999999992,1
930,929.9999999999953,217.153125,214.2,2953.125,1
931,930.9999999999953,217.4723955,214.43333333333334,3039.0621666666675,1
932,931.9999999999953,217.7140625,216.23333333333332,1480.7291666666913,1
933,932.9999999999952,217.965625,216.43333333333334,1532.2916666666515,1
934,933.9999999999952,218.2453125,216.76666666666668,1478.6458333333314,1
935,934.9999999999952,218.444271,217.46666666666667,977.6043333333178,1
936,935.9999999999952,218.6885415,217.3,1388.5415000000023,1
937,936.9999999999952,219.0442705,218.1,944.270500000016,1
938,937.9999999999951,219.3,218.3,1000.0,1
939,938.9999999999951,219.571354,218.56666666666666,1004.6873333333508,1
940,939.9999999999951,219.886979,218.83333333333334,1053.6456666666538,1
941,940.999999999995,220.10364550000003,219.03333333333333,1070.312166666696,1
942,941.999999999995,220.388542,219.26666666666668,1121.8753333333211,1
943,942.999999999995,220.6458335,219.66666666666666,979.1668333333519,1
944,943.999999999995,220.84375,219.9,943.7499999999943,1
945,944.999999999995,221.053125,220.23333333333332,819.7916666666742,1
946,945.9999999999949,221.2661455,220.46666666666667,799.4788333333247,1
947,946.9999999999948,221.438021,220.73333333333332,704.6876666666719,1
948,947.9999999999949,221.725,221.0,724.9999999999943,1
949,948.9999999999948,222.0625,221.2,862.5000000000114,1
950,949.9999999999948,222.305729,221.43333333333334,872.3956666666766,1
951,950.9999999999948,222.560417,221.6,960.4170000000067,1
952,951.9999999999947,222.8765625,221.83333333333334,1043.2291666666629,1
953,952.9999999999947,223.084375,222.1,984.375,1
954,953.9999999999947,223.315625,222.3,1015.625,1
955,954.9999999999947,223.5546875,222.66666666666666,888.0208333333428,1
956,955.9999999999947,223.7572915,222.86666666666667,890.6248333333338,1
957,956.9999999999947,223.9822915,223.23333333333332,748.9581666666822,1
958,957.9999999999945,224.2161455,223.46666666666667,749.4788333333418,1
959,958.9999999999944,224.3875,223.66666666666666,720.8333333333314,1
960,959.9999999999945,224.6041665,223.9,704.1664999999853,1
961,960.9999999999944,224.850521,224.13333333333333,717.1876666666606,1
962,961.9999999999944,225.061458,224.33333333333334,728.1246666666448,1
963,962.9999999999944,225.290625,224.56666666666666,723.9583333333428,1
964,963.9999999999944,225.566146,224.8,766.145999999992,1
965,964.9999999999943,225.7421875,225.0,742.1875,1
966,965.9999999999943,225.958333,225.2,758.3330000000217,1
967,966.9999999999943,226.184896,225.4,784.8960000000034,1
968,967.9999999999942,226.3859375,225.66666666666666,719.2708333333542,1
969,968.9999999999942,226.59375,225.9,693.7499999999943,1
970,969.9999999999942,226.825,226.1,724.9999999999943,1
971,970.9999999999941,226.9833335,226.33333333333334,650.0001666666435,1
972,971.9999999999941,227.2109375,226.56666666666666,644.2708333333371,1
973,972.9999999999941,227.4645835,226.7,764.5835000000147,1
974,973.9999999999941,227.7375,226.96666666666667,770.8333333333428,1
975,974.9999999999941,228.105208,227.16666666666666,938.5413333333474,1
976,975.9999999999941,228.4640625,227.4,1064.0625000000057,1
977,976.9999999999939,228.651042,227.63333333333333,1017.7086666666639,1
978,977.9999999999941,228.902604,227.83333333333334,1069.2706666666538,1
979,978.9999999999939,229.125,228.23333333333332,891.6666666666799,1
980,979.9999999999939,229.328125,228.6,728.1250000000057,1
981,980.9999999999939,229.591667,228.8,791.6669999999897,1
982,981.9999999999939,229.8989585,229.06666666666666,832.2918333333291,1
983,982.9999999999937,230.0666665,229.26666666666668,799.9998333333167,1
984,983.9999999999939,230.313542,229.5,813.5420000000124,1
985,984.9999999999937,230.521875,229.73333333333332,788.5416666666742,1
986,985.9999999999937,230.728125,230.0,728.1250000000057,1
987,986.9999999999937,230.988542,230.26666666666668,721.8753333333154,1
988,987.9999999999935,231.303125,230.46666666666667,836.4583333333258,1
989,988.9999999999935,231.4697915,230.66666666666666,803.1248333333565,1
990,989.9999999999935,231.7322915,230.9,832.2914999999966,1
991,990.9999999999935,231.9885415,231.1,888.5415000000023,1
992,991.9999999999935,232.258333,231.36666666666667,891.666333333319,1
993,992.9999999999934,232.611458,231.66666666666666,944.7913333333418,1
994,993.9999999999934,233.0125,231.86666666666667,1145.8333333333144,1
995,994.9999999999933,233.276042,232.13333333333333,1142.708666666664,1
996,995.9999999999933,233.6572915,232.36666666666667,1290.6248333333394,1
997,996.9999999999934,234.061458,232.73333333333332,1328.1246666666675,1
998,997.9999999999932,234.557292,232.96666666666667,1590.6253333333211,1
999,998.9999999999932,235.06458300000003,233.16666666666666,1897.9163333333702,1
1000,999.9999999999887,235.540625,233.36666666666667,2173.958333333331,1
1001,1000.999999999989,235.819271,234.2,1619.2709999999977,1
1002,1001.999999999989,236.046354,234.43333333333334,1613.0206666666709,1
1003,1002.9999999999891,236.338542,234.56666666666666,1771.8753333333268,1
1004,1003.9999999999891,236.5385415,235.13333333333333,1405.2081666666822,1
1005,1004.9999999999891,236.728125,235.76666666666668,961.4583333333258,1
1006,1005.9999999999892,236.963542,236.23333333333332,730.2086666666696,1
1007,1006.9999999999892,237.1234375,236.43333333333334,690.1041666666572,1
1008,1007.9999999999893,237.318229,236.66666666666666,651.5623333333451,1
1009,1008.9999999999893,237.526042,236.9,626.041999999984,1
1010,1009.9999999999893,237.694792,237.1,594.7920000000124,1
1011,1010.9999999999894,237.8859375,237.3,585.9375,1
1012,1011.9999999999894,238.138542,237.46666666666667,671.8753333333325,1
1013,1012.9999999999895,238.2828125,237.63333333333333,649.4791666666799,1
1014,1013.9999999999895,238.463021,237.86666666666667,596.3543333333234,1
1015,1014.9999999999895,238.686458,238.03333333333333,653.1246666666561,1
1016,1015.9999999999898,238.82239550000003,238.23333333333332,589.0621666667073,1
1017,1016.9999999999898,238.995833,238.46666666666667,529.1663333333361,1
1018,1017.9999999999899,239.208333,238.6,608.333000000016,1
1019,1018.9999999999899,239.3520835,238.76666666666668,585.4168333333121,1
1020,1019.9999999999899,239.5177085,238.93333333333334,584.3751666666606,1
1021,1020.9999999999901,239.696354,239.13333333333333,563.0206666666879,1
1022,1021.9999999999901,239.8630205,239.33333333333334,529.6871666666618,1
1023,1022.9999999999902,240.0854165,239.5,585.416500000008,1
1024,1023.9999999999902,240.327083,239.7,627.082999999999,1
1025,1024.9999999999902,240.497917,239.9,597.9169999999954,1
1026,1025.9999999999902,240.6630205,240.03333333333333,629.6871666666561,1
1027,1026.9999999999902,240.845833,240.23333333333332,612.4996666666789,1
1028,1027.9999999999905,241.0197915,240.46666666666667,553.1248333333281,1
1029,1028.9999999999905,241.16875,240.63333333333333,535.4166666666629,1
1030,1029.9999999999905,241.359375,240.86666666666667,492.70833333332575,1
1031,1030.9999999999907,241.5151045,240.93333333333334,581.7711666666696,1
1032,1031.9999999999907,241.694792,241.16666666666666,528.1253333333495,1
1033,1032.9999999999907,241.865625,241.33333333333334,532.2916666666515,1
1034,1033.9999999999907,242.039583,241.53333333333333,506.2496666666618,1
1035,1034.9999999999907,242.2015625,241.7,501.5625000000057,1
1036,1035.999999999991,242.411979,241.83333333333334,578.6456666666595,1
1037,1036.999999999991,242.5640625,242.03333333333333,530.7291666666742,1
1038,1037.9999999999911,242.725,242.23333333333332,491.66666666667425,1
1039,1038.9999999999911,242.919792,242.4,519.7919999999954,1
1040,1039.9999999999911,243.0625,242.66666666666666,395.8333333333428,1
1041,1040.9999999999911,243.222917,242.76666666666668,456.25033333331544,1
1042,1041.9999999999911,243.414583,242.86666666666667,547.916333333319,1
1043,1042.9999999999914,243.558854,242.86666666666667,692.1873333333224,1
1044,1043.9999999999914,243.7135415,243.16666666666666,546.8748333333338,1
1045,1044.9999999999914,243.871354,243.36666666666667,504.6873333333224,1
1046,1045.9999999999916,244.015625,243.53333333333333,482.29166666666856,1
1047,1046.9999999999916,244.1953125,239.5,4695.3125,1
1048,1047.9999999999916,244.401042,239.7,4701.042000000001,1
1049,1048.9999999999916,244.5328125,239.9,4632.8125,1
1050,1049.9999999999916,244.6989585,240.1,4598.958500000009,1
1051,1050.9999999999918,244.904167,240.3,4604.1669999999895,1
1052,1051.9999999999918,245.046875,240.46666666666667,4580.208333333331,1
1053,1052.9999999999918,245.234375,240.56666666666666,4667.708333333338,1
1054,1053.9999999999918,245.433333,240.9,4533.332999999999,1
1055,1054.9999999999918,245.623958,241.0,4623.957999999988,1
1056,1055.999999999992,245.814583,245.2,614.5830000000103,1
1057,1056.999999999992,245.975,245.43333333333334,541.6666666666572,1
1058,1057.9999999999923,246.164583,245.56666666666666,597.9163333333304,1
1059,1058.9999999999923,246.3255205,245.8,525.520499999999,1
1060,1059.9999999999916,246.5375,246.0,537.4999999999943,1
1061,1060.9999999999916,246.6677085,246.16666666666666,501.0418333333462,1
1062,1061.9999999999916,246.851042,246.36666666666667,484.3753333333325,1
1063,1062.9999999999916,247.059375,246.53333333333333,526.0416666666572,1
1064,1063.9999999999916,247.201042,246.66666666666666,534.3753333333439,1
1065,1064.9999999999916,247.422917,246.83333333333334,589.5836666666696,1
1066,1065.9999999999916,247.644792,247.03333333333333,611.4586666666639,1
1067,1066.9999999999916,247.755208,247.26666666666668,488.5413333333304,1
1068,1067.9999999999916,247.942708,247.46666666666667,476.04133333334175,1
1069,1068.9999999999916,248.111458,247.53333333333333,578.1246666666675,1
1070,1069.9999999999916,248.284375,247.76666666666668,517.7083333333314,1
1071,1070.9999999999916,248.467708,247.86666666666667,601.0413333333133,1
1072,1071.9999999999916,248.773958,248.1,673.957999999999,1
1073,1072.9999999999916,248.920833,248.3,620.8329999999762,1
1074,1073.9999999999916,249.094792,248.53333333333333,561.458666666681,1
1075,1074.9999999999916,249.253125,248.76666666666668,486.45833333333144,1
1076,1075.9999999999916,249.428125,248.93333333333334,494.7916666666572,1
1077,1076.9999999999916,249.576042,249.13333333333333,442.7086666666753,1
1078,1077.9999999999916,249.764583,249.36666666666667,397.91633333331333,1
1079,1078.9999999999916,249.934375,249.8,134.37499999997726,1
1080,1079.9999999999916,250.102083,250.03333333333333,68.74966666666182,1
1081,1080.9999999999916,250.291667,249.83333333333334,458.3336666666469,1
1082,1081.9999999999916,250.435417,250.03333333333333,402.0836666666696,1
1083,1082.9999999999916,250.613542,250.7,86.45799999999326,1
1084,1083.9999999999916,250.767708,250.9,132.29200000000674,1
1085,1084.9999999999916,250.948958,251.13333333333333,184.37533333332112,1
1086,1085.9999999999916,251.104167,251.23333333333332,129.16633333333039,1
1087,1086.9999999999916,251.289583,251.23333333333332,56.24966666667319,1
1088,1087.9999999999916,251.438542,251.73333333333332,294.79133333330765,1
1089,1088.9999999999916,251.625,251.53333333333333,91.66666666666856,1
1090,1089.9999999999916,251.8855903333333,251.73333333333332,152.25699999999165,1
1091,1090.9999999999916,252.14618066666665,251.96666666666667,179.5139999999833,1
1092,1091.9999999999916,252.406771,252.03333333333333,373.43766666666056,1
1093,1092.9999999999918,252.66736133333333,251.96666666666667,700.6946666666636,1
1094,1093.9999999999918,252.92795166666664,252.2,727.9516666666552,1
1095,1094.9999999999918,253.188542,252.4,788.5420000000067,1
1096,1095.9999999999955,253.4937503333333,252.63333333333333,860.416999999984,1
1097,1096.9999999999955,253.79895866666664,252.46666666666667,1332.291999999967,1
1098,1097.9999999999955,254.104167,252.7,1404.167000000001,1
1099,1098.9999999999955,254.422396,253.33333333333334,1089.0626666666492,1
1100,1099.9999999999955,254.740625,253.53333333333333,1207.2916666666629,1
1101,1100.9999999999955,255.058854,253.76666666666668,1292.1873333333167,1
1102,1101.9999999999955,255.377083,254.2,1177.0830000000103,1
1103,1102.9999999999952,255.726042,254.3,1426.0419999999954,1
1104,1103.9999999999952,255.973958,254.46666666666667,1507.2913333333418,1
1105,1104.9999999999952,256.261458,254.83333333333334,1428.1246666666618,1
1106,1105.9999999999952,256.643229,255.06666666666666,1576.5623333333565,1
1107,1106.9999999999952,257.025,255.3,1724.999999999966,1
1108,1107.9999999999952,257.32013900000004,256.1,1220.1390000000174,1
1109,1108.9999999999952,257.615278,256.3666666666667,1248.611333333315,1
1110,1109.9999999999952,257.910417,256.6,1310.4169999999726,1
1111,1110.9999999999952,258.1851565,256.1333333333333,2051.8231666666793,1
1112,1111.9999999999952,258.459896,257.3333333333333,1126.5626666667004,1
1113,1112.9999999999952,258.7346355,257.6,1134.6355000000017,1
1114,1113.9999999999952,259.009375,258.03333333333336,976.0416666666174,1
1115,1114.9999999999952,259.258333,258.26666666666665,991.6663333333418,1
1116,1115.9999999999952,259.544792,258.46666666666664,1078.1253333333325,1
1117,1116.999999999995,259.8875,258.7,1187.5,1
1118,1117.9999999999952,260.301823,259.1,1201.8229999999903,1
1119,1118.999999999995,260.716146,259.3666666666667,1349.4793333333064,1
1120,1119.999999999995,261.139583,259.73333333333335,1406.2496666666675,1
1121,1120.999999999995,261.414583,260.0,1414.5829999999933,1
1122,1121.999999999995,261.845833,260.23333333333335,1612.4996666666789,1
1123,1122.999999999995,262.1527776666667,260.7,1452.777666666691,1
1124,1123.999999999995,262.45972233333333,261.0,1459.7223333333318,1
1125,1124.999999999995,262.766667,261.23333333333335,1533.3336666666355,1
1126,1125.999999999995,263.2651045,262.0,1265.1045000000067,1
1127,1126.999999999995,263.763542,262.23333333333335,1530.2086666666241,1
1128,1127.9999999999948,264.0927085,262.46666666666664,1626.0418333333746,1
1129,1128.9999999999948,264.57725708333334,262.9,1677.2570833333589,1
1130,1129.9999999999948,265.06180566666666,263.1666666666667,1895.138999999972,1
1131,1130.9999999999948,265.54635425,263.4,2146.3542500000017,1
1132,1131.9999999999948,266.0309028333333,264.2,1830.9028333333117,1
1133,1132.9999999999948,266.5154514166667,264.43333333333334,2082.1180833333415,1
1134,1133.9999999999948,267.0,264.6333333333333,2366.6666666666742,1
1135,1134.9999999999948,267.3864585,264.8666666666667,2519.791833333329,1
1136,1135.9999999999948,267.772917,265.1,2672.916999999984,1
1137,1136.999999999995,268.345833,265.3,3045.833000000016,1
1138,1137.9999999999948,268.352083,265.3666666666667,2985.416333333319,1
1139,1138.9999999999943,268.86041650000004,265.6333333333333,3227.0831666667164,1
1140,1139.9999999999948,269.1671875,265.8,3367.1875,1
1141,1140.9999999999948,269.42109375,266.06666666666666,3354.4270833333485,1
1142,1141.999999999995,269.675,266.26666666666665,3408.33333333336,1
1143,1142.999999999995,270.0296875,266.43333333333334,3596.3541666666856,1
1144,1143.999999999995,270.048958,266.6666666666667,3382.2913333333418,1
1145,1144.999999999995,270.72187499999995,266.8,3921.874999999943,1
1146,1145.9999999999952,271.184896,269.9,1284.8960000000034,1
1147,1146.9999999999948,271.960417,270.1,1860.416999999984,1
1148,1147.999999999995,272.238542,270.26666666666665,1971.8753333333439,1
1149,1148.999999999995,272.47864599999997,270.53333333333336,1945.3126666666094,1
1150,1149.9999999999948,272.725,270.7,2025.000000000034,1
1151,1150.9999999999948,272.952083,269.43333333333334,3518.749666666679,1
1152,1151.9999999999948,273.18125,269.6666666666667,3514.5833333332916,1
1153,1152.999999999995,273.4,270.0,3399.9999999999773,1
1154,1153.999999999995,273.667708,270.0,3667.7080000000046,1
1155,1154.999999999995,274.204167,267.8,6404.166999999972,1
1156,1155.9999999999952,274.84409750000003,268.0,6844.097500000033,1
1157,1156.999999999995,275.484028,272.6666666666667,2817.361333333338,1
1158,1157.9999999999948,276.1239585,272.8666666666667,3257.2918333333405,1
1159,1158.999999999995,276.470139,273.03333333333336,3436.8056666666575,1
1160,1159.999999999995,276.81631949999996,273.03333333333336,3782.9861666666034,1
1161,1160.9999999999948,277.1625,273.03333333333336,4129.166666666662,1
1162,1161.999999999995,277.46067700000003,276.56666666666666,894.0103333333695,1
1163,1162.999999999995,277.75885400000004,276.8,958.8540000000307,1
1164,1163.999999999995,278.057031,277.0,1057.030999999995,1
1165,1164.999999999995,278.355208,277.26666666666665,1088.5413333333531,1
1166,1165.999999999995,278.641667,277.46666666666664,1175.0003333333439,1
1167,1166.9999999999952,278.946875,277.7,1246.8749999999886,1
1168,1167.999999999995,279.265625,277.96666666666664,1298.9583333333599,1
1169,1168.999999999995,279.631771,278.1666666666667,1465.1043333333291,1
1170,1169.9999999999952,279.997917,278.73333333333335,1264.5836666666241,1
1171,1170.9999999999952,280.3736113333333,279.1,1273.6113333332924,1
1172,1171.999999999995,280.74930566666666,279.3333333333333,1415.9723333333432,1
1173,1172.999999999995,281.125,279.56666666666666,1558.3333333333371,1
1174,1173.9999999999952,281.45104175,279.8,1651.0417499999903,1
1175,1174.9999999999952,281.7770835,280.06666666666666,1710.4168333333405,1
1176,1175.9999999999952,282.10312525,280.3,1803.1252499999937,1
1177,1176.9999999999952,282.429167,280.46666666666664,1962.5003333333666,1
1178,1177.9999999999952,282.76875,281.3333333333333,1435.416666666697,1
1179,1178.9999999999952,283.127083,281.6666666666667,1460.4163333333418,1
1180,1179.9999999999952,283.488542,281.9,1588.542000000018,1
1181,1180.9999999999952,283.920573,282.1333333333333,1787.2396666666646,1
1182,1181.9999999999955,284.352604,278.73333333333335,5619.270666666636,1
1183,1182.9999999999952,284.6028645,279.1,5502.864499999987,1
1184,1183.9999999999955,284.853125,279.3666666666667,5486.458333333303,1
1185,1184.9999999999952,285.511458,279.6,5911.457999999982,1
1186,1185.9999999999955,285.8796873333333,279.8333333333333,6046.354000000008,1
1187,1186.9999999999952,286.2479166666667,280.03333333333336,6214.583333333338,1
1188,1187.9999999999952,286.616146,280.26666666666665,6349.479333333364,1
1189,1188.9999999999955,287.1778645,280.56666666666666,6611.197833333335,1
1190,1189.9999999999955,287.739583,280.76666666666665,6972.916333333331,1
1191,1190.9999999999955,288.0708335,280.93333333333334,7137.500166666655,1
1192,1191.9999999999955,288.47511588888887,281.1666666666667,7308.44922222218,1
1193,1192.9999999999955,288.87939827777785,286.96666666666664,1912.7316111112123,1
1194,1193.9999999999955,289.28368066666667,287.2,2083.6806666666803,1
1195,1194.9999999999955,289.6879630555556,287.4,2287.963055555622,1
1196,1195.9999999999955,290.09224544444453,288.23333333333335,1858.9121111111808,1
1197,1196.9999999999955,290.49652783333335,288.6,1896.527833333323,1
1198,1197.9999999999955,290.90081022222216,288.76666666666665,2134.143555555511,1
1199,1198.9999999999955,291.3050926111112,288.76666666666665,2538.4259444445547,1
1200,1199.9999999999952,291.709375,288.76666666666665,2942.7083333333712,1
1201,1200.9999999999955,292.07767857142863,288.76666666666665,3311.0119047619833,1
1202,1201.9999999999952,292.4459821428572,288.76666666666665,3679.3154761905384,1
1203,1202.9999999999955,292.81428571428575,288.76666666666665,4047.6190476190936,1
1204,1203.9999999999952,293.1825892857143,288.76666666666665,4415.922619047649,1
1205,1204.9999999999952,293.55089285714286,290.2,3350.892857142867,1
1206,1205.9999999999955,293.9191964285715,290.43333333333334,3485.8630952381873,1
1207,1206.9999999999957,294.2875,290.46666666666664,3820.8333333333826,1
1208,1207.9999999999961,294.725,290.43333333333334,4291.666666666686,1
1209,1208.9999999999961,294.958333,290.43333333333334,4524.999666666645,1
1210,1209.9979166666628,295.06875,290.76666666666665,4302.083333333371,1
1211,1210.9999999999961,296.1375,290.46666666666664,5670.8333333333485,1
1212,1211.9999999999961,296.6359375,289.6333333333333,7002.604166666686,1
1213,1212.999999999996,296.673958,289.9,6773.95800000005,1
1214,1213.9999999999961,297.2109375,290.53333333333336,6677.604166666641,1
1215,1214.9999999999961,297.507292,290.8,6707.291999999996,1
1216,1215.9999999999961,297.76718775,290.56666666666666,7200.521083333342,1
1217,1216.9999999999964,298.0270835,297.1333333333333,893.7501666666776,1
1218,1217.9999999999964,298.3994790000001,297.3666666666667,1032.8123333334247,1
1219,1218.9999999999964,298.429167,297.6,829.166999999984,1
1220,1219.9999999999964,299.102604,297.8666666666667,1235.937333333311,1
1221,1220.9999999999964,299.6364585,298.2,1436.4585000000147,1
1222,1221.9999999999964,300.107639,298.46666666666664,1640.972333333366,1
1223,1222.9999999999964,300.5788195,298.73333333333335,1845.4861666666602,1
1224,1223.9999999999964,301.05,299.03333333333336,2016.6666666666515,1
1225,1224.9999999999964,301.5083335,299.1666666666667,2341.6668333333064,1
1226,1225.9999999999964,301.966667,299.7,2266.666999999984,1
1227,1226.9999999999968,302.239583,300.06666666666666,2172.916333333319,1
1228,1227.9999999999968,302.483333,300.26666666666665,2216.6663333333645,1
1229,1228.999999999997,302.764583,300.5,2264.583000000016,1
1230,1229.9999999999973,303.338542,300.6,2738.5419999999954,1
1231,1230.9999999999975,304.083333,302.1666666666667,1916.6663333332963,1
1232,1231.9999999999973,304.591667,302.6666666666667,1925.000333333287,1
1233,1232.999999999998,305.1677085,302.8666666666667,2301.041833333329,1
1234,1233.9999999999975,305.7015625,303.06666666666666,2634.89583333336,1
1235,1234.9999999999975,306.061979,303.3333333333333,2728.6456666666936,1
1236,1235.999999999998,306.4125,303.6333333333333,2779.166666666697,1
1237,1236.9999999999984,306.80625,303.8666666666667,2939.583333333303,1
1238,1237.999999999998,307.0703125,305.5,1570.3125,1
1239,1238.999999999998,307.296875,305.73333333333335,1563.5416666666515,1
1240,1239.999999999998,307.576042,306.0,1576.0419999999726,1
1241,1240.9999999999986,307.7869795,306.73333333333335,1053.6461666666241,1
1242,1241.9999999999984,308.0348955,307.1666666666667,868.228833333319,1
1243,1242.9999999999986,308.4114585,307.43333333333334,978.1251666666435,1
1244,1243.9999999999986,308.6885415,307.6666666666667,1021.8748333332996,1
1245,1244.9999999999986,308.944271,307.96666666666664,977.6043333333746,1
1246,1245.9999999999986,309.244792,308.1666666666667,1078.1253333333325,1
1247,1246.9999999999989,309.4890625,308.4,1089.0625000000114,1
1248,1247.9999999999989,309.7375,308.6,1137.4999999999886,1
1249,1248.999999999999,309.990625,309.06666666666666,923.9583333333599,1
1250,1249.999999999999,310.20520849999997,309.26666666666665,938.5418333333178,1
1251,1250.999999999999,310.40625,309.6,806.2499999999773,1
1252,1251.999999999999,310.6447915,309.8666666666667,778.1248333333224,1
1253,1252.9999999999993,310.8265625,310.1333333333333,693.229166666697,1
1254,1253.9999999999993,311.079167,310.3333333333333,745.8336666666696,1
1255,1254.9999999999995,311.43177099999997,310.56666666666666,865.1043333333064,1
1256,1255.9999999999998,311.6890625,310.76666666666665,922.3958333333258,1
1257,1256.9999999999993,311.927083,311.0,927.0829999999819,1
1258,1257.9999999999998,312.18958349999997,311.23333333333335,956.2501666666208,1
1259,1258.9999999999998,312.3802085,311.43333333333334,946.8751666666435,1
1260,1260.0,312.608333,311.8,808.3330000000046,1
1261,1261.0,312.8375,312.06666666666666,770.8333333333144,1
1262,1262.0000000000002,313.038021,312.26666666666665,771.3543333333632,1
1263,1263.0000000000002,313.246875,312.53333333333336,713.5416666666288,1
1264,1264.0000000000002,313.468229,312.73333333333335,734.8956666666595,1
1265,1265.0000000000002,313.6463540000001,312.96666666666664,679.6873333334474,1
1266,1266.0000000000005,313.8796875,313.2,679.6875,1
1267,1267.0000000000002,314.133333,313.3666666666667,766.666333333319,1
1268,1268.0000000000005,314.3328125000001,313.6,732.8125000000796,1
1269,1269.0000000000007,314.540625,313.8333333333333,707.2916666666629,1
1270,1270.0000000000005,314.7901045,314.03333333333336,756.7711666666241,1
1271,1271.000000000001,315.0244790000001,314.26666666666665,757.8123333334474,1
1272,1272.000000000001,315.260417,314.46666666666664,793.750333333378,1
1273,1273.000000000001,315.4989585,314.6666666666667,832.2918333333291,1
1274,1274.000000000001,315.7046875,314.96666666666664,738.0208333333371,1
1275,1275.0000000000011,315.9151045,315.1666666666667,748.4378333332984,1
1276,1276.000000000001,316.1390625,315.4,739.0625000000455,1
1277,1277.0000000000014,316.3114585,315.6666666666667,644.7918333333291,1
1278,1278.0000000000014,316.5640625,315.8333333333333,730.7291666666629,1
1279,1279.0000000000014,316.885417,316.06666666666666,818.7503333333552,1
1280,1280.0000000000014,317.1932290000001,316.26666666666665,926.5623333334361,1
1281,1281.000000000002,317.603125,316.5,1103.1249999999773,1
1282,1282.0000000000014,318.0067705,316.7,1306.7705000000274,1
1283,1283.000000000002,318.2156250000001,316.93333333333334,1282.2916666667652,1
1284,1284.000000000002,318.4723955,317.3,1172.3954999999933,1
1285,1285.000000000002,318.696875,317.76666666666665,930.2083333333258,1
1286,1286.000000000002,318.8921875,318.03333333333336,858.8541666666174,1
1287,1287.000000000002,319.128125,318.3666666666667,761.4583333333371,1
1288,1288.0000000000023,319.4041665000001,318.6,804.1665000000648,1
1289,1289.0000000000023,319.5786455,318.8333333333333,745.3121666666789,1
1290,1290.0000000000025,319.8088545,319.06666666666666,742.1878333333325,1
1291,1291.0000000000025,320.0125,319.26666666666665,745.8333333333371,1
1292,1292.0000000000025,320.215625,319.53333333333336,682.2916666666288,1
1293,1293.0000000000027,320.467708,319.76666666666665,701.0413333333645,1
1294,1294.0000000000027,320.7572915,319.93333333333334,823.9581666666709,1
1295,1295.0000000000027,320.9109375,320.1666666666667,744.270833333303,1
1296,1296.000000000003,321.1760415,320.3666666666667,809.3748333333224,1
1297,1297.000000000003,321.4359375,320.6,835.9375,1
1298,1298.000000000003,321.700521,320.8666666666667,833.8543333333064,1
1299,1299.0000000000032,322.05625,321.1,956.2499999999545,1
1300,1300.0000000000032,322.4265625,321.3333333333333,1093.2291666666742,1
1301,1301.0000000000032,322.6953125,321.6,1095.3124999999773,1
1302,1302.0000000000034,323.066146,321.8,1266.145999999992,1
1303,1303.0000000000034,323.483333,322.2,1283.3330000000274,1
1304,1304.0000000000032,323.897917,322.3666666666667,1531.2503333333325,1
1305,1305.0000000000061,324.334375,322.6,1734.375,1
1306,1306.0000000000057,324.757292,322.76666666666665,1990.6253333333552,1
1307,1307.0000000000057,325.01770849999997,322.8666666666667,2151.041833333295,1
1308,1308.0000000000052,325.23645849999997,323.23333333333335,2003.1251666666208,1
1309,1309.000000000005,325.515625,323.6666666666667,1848.9583333333144,1
1310,1310.0000000000048,325.7041665000001,323.8666666666667,1837.4998333334247,1
1311,1311.0000000000045,325.875,324.4,1475.0000000000227,1
1312,1312.0000000000045,326.089583,325.4,689.5830000000274,1
1313,1313.0000000000043,326.252604,325.6333333333333,619.2706666666936,1
1314,1314.0000000000039,326.455208,325.76666666666665,688.5413333333759,1
1315,1315.0000000000036,326.641667,326.03333333333336,608.3336666666241,1
1316,1316.0000000000034,326.811458,326.26666666666665,544.7913333333645,1
1317,1317.0000000000034,326.9973955000001,326.43333333333334,564.0621666667585,1
1318,1318.0000000000032,327.235417,326.6333333333333,602.0836666666582,1
1319,1319.000000000003,327.378646,326.8333333333333,545.312666666689,1
1320,1320.0000000000027,327.5515625000001,326.96666666666664,584.8958333334622,1
1321,1321.0000000000023,327.766667,327.2,566.6669999999954,1
1322,1322.0000000000023,327.898958,327.4,498.958000000016,1
1323,1323.000000000002,328.0619795,327.6,461.979499999984,1
1324,1324.0000000000016,328.263542,327.7,563.541999999984,1
1325,1325.0000000000014,328.4109375,327.7,710.9375,1
1326,1326.0000000000011,328.5885415,328.0,588.5415000000194,1
1327,1327.0000000000011,328.80677099999997,328.2,606.7709999999806,1
1328,1328.000000000001,328.9765625,328.3666666666667,609.8958333333258,1
1329,1329.0000000000005,329.155729,328.53333333333336,622.3956666666481,1
1330,1330.0000000000002,329.397917,328.76666666666665,631.2503333333552,1
1331,1331.0,329.546354,328.96666666666664,579.6873333333679,1
1332,1332.0,329.6989585,329.1666666666667,532.2918333333178,1
1333,1332.9999999999998,329.895833,329.3333333333333,562.4996666666675,1
1334,1333.9999999999995,330.049479,329.53333333333336,516.1456666666595,1
1335,1334.999999999999,330.194271,329.6666666666667,527.6043333333291,1
1336,1335.9999999999989,330.390625,329.8333333333333,557.2916666666856,1
1337,1336.9999999999989,330.5359375000001,330.06666666666666,469.27083333343944,1
1338,1337.9999999999986,330.7130205,330.1666666666667,546.3538333333418,1
1339,1338.9999999999984,330.90625,330.3333333333333,572.9166666666856,1
1340,1339.999999999998,331.064583,330.56666666666666,497.9163333333645,1
1341,1340.9999999999977,331.215104,330.6666666666667,548.437333333311,1
1342,1341.9999999999977,331.457292,330.8666666666667,590.6253333333211,1
1343,1342.9999999999973,331.578125,331.1,478.12499999997726,1
1344,1343.999999999997,331.7328125,331.2,532.8125000000341,1
1345,1344.9999999999968,331.921875,331.4,521.8750000000227,1
1346,1345.9999999999966,332.0640625,331.6333333333333,430.7291666666515,1
1347,1346.9999999999966,332.2125,331.76666666666665,445.83333333332575,1
1348,1347.9999999999964,332.420833,331.93333333333334,487.4996666666789,1
1349,1348.9999999999961,332.5828125,332.06666666666666,516.1458333333258,1
1350,1349.9999999999957,332.800521,332.26666666666665,533.8543333333519,1
1351,1350.9999999999955,333.0140625,332.3666666666667,647.3958333333485,1
1352,1351.9999999999955,333.1786455,332.53333333333336,645.3121666666561,1
1353,1352.9999999999952,333.344792,332.73333333333335,611.4586666666355,1
1354,1353.999999999995,333.542708,332.96666666666664,576.0413333333645,1
1355,1354.9999999999948,333.6796875,333.1666666666667,513.0208333333144,1
1356,1355.9999999999943,333.836979,333.3666666666667,470.312333333311,1
1357,1356.9999999999943,334.042708,333.53333333333336,509.37466666664477,1
1358,1357.9999999999939,334.194792,333.7,494.7920000000181,1
1359,1358.9999999999936,334.370833,333.8333333333333,537.4996666666902,1
1360,1359.9999999999934,334.5625,333.96666666666664,595.8333333333599,1
1361,1360.9999999999932,334.748958,334.23333333333335,515.6246666666675,1
1362,1361.9999999999932,334.940625,334.3666666666667,573.9583333333371,1
1363,1362.999999999993,335.098958,334.53333333333336,565.624666666622,1
1364,1363.9999999999927,335.267708,334.7,567.7080000000387,1
1365,1364.9999999999923,335.4390625,334.9,539.0625,1
1366,1365.9999999999918,335.6671875,335.1333333333333,533.8541666666856,1
1367,1366.9999999999918,335.790625,335.23333333333335,557.2916666666288,1
1368,1367.9999999999918,335.95520849999997,335.43333333333334,521.8751666666321,1
1369,1368.9999999999918,336.1848955000001,335.6666666666667,518.22883333341,1
1370,1369.9999999999918,336.32864600000005,335.8,528.6460000000375,1
1371,1370.9999999999918,336.498958,335.93333333333334,565.6246666666789,1
1372,1371.9999999999918,336.695833,336.1333333333333,562.4996666666675,1
1373,1372.9999999999918,336.869792,336.3,569.7920000000067,1
1374,1373.9999999999918,337.054167,336.46666666666664,587.5003333333666,1
1375,1374.9999999999918,337.214583,336.6666666666667,547.916333333319,1
1376,1375.9999999999918,337.416667,336.8666666666667,550.0003333333439,1
1377,1376.999999999992,337.5625,337.0,562.5,1
1378,1377.9999999999918,337.842708,337.2,642.7080000000274,1
1379,1378.9999999999918,337.998958,337.4,598.9580000000387,1
1380,1379.9999999999918,338.158333,337.6333333333333,524.9996666667016,1
1381,1380.9999999999918,338.316667,337.8333333333333,483.333666666681,1
1382,1381.9999999999918,338.482292,338.03333333333336,448.95866666661277,1
1383,1382.9999999999918,338.64375,338.1,543.7499999999886,1
1384,1383.9999999999918,338.845833,338.3666666666667,479.1663333333531,1
1385,1384.9999999999918,339.032292,338.8666666666667,165.62533333330975,1
1386,1385.9999999999918,339.192708,338.93333333333334,259.37466666664477,1
1387,1386.9999999999918,339.378125,339.23333333333335,144.79166666666288,1
1388,1387.9999999999918,339.547917,339.46666666666664,81.25033333334386,1
1389,1388.9999999999918,339.709375,339.46666666666664,242.7083333333826,1
1390,1389.9999999999918,339.86875,339.7,168.74999999998863,1
1391,1390.9999999999918,340.040625,340.2,159.37500000001137,1
1392,1391.9999999999918,340.194792,340.4,205.20799999997053,1
1393,1392.9999999999918,340.384375,340.43333333333334,48.95833333335986,1
1394,1393.9999999999918,340.538542,340.43333333333334,105.20866666666961,1
1395,1394.999999999992,340.690625,340.43333333333334,257.29166666667425,1
1396,1395.999999999992,340.896875,340.4,496.8750000000455,1
1397,1396.999999999992,341.1031250000001,340.6,503.1250000000682,1
1398,1397.999999999992,341.3093750000001,340.8333333333333,476.04166666678793,1
1399,1398.9999999999918,341.515625,341.06666666666666,448.9583333333371,1
1400,1399.9999999999918,341.721875,341.26666666666665,455.20833333335986,1
1401,1400.9999999999918,341.928125,341.5,428.12500000002274,1
1402,1401.9999999999918,342.198958,341.7,498.958000000016,1
1403,1402.9999999999918,342.333333,341.8666666666667,466.66633333330765,1
1404,1403.9999999999918,342.502083,341.93333333333334,568.7496666666902,1
1405,1404.9999999999918,342.65625,342.1,556.2499999999773,1
1406,1405.9999999999918,342.836458,342.3666666666667,469.791333333319,1
1407,1406.9999999999918,343.06875,342.6,468.75,1
1408,1407.9999999999918,343.195833,342.8,395.8329999999819,1
1409,1408.9999999999918,343.371875,343.1333333333333,238.54166666666288,1
1410,1409.9999999999918,343.525,343.3333333333333,191.66666666666288,1
1411,1410.9999999999918,343.717708,343.6,117.70799999999326,1
1412,1411.9999999999918,343.867708,343.7,167.70800000000463,1
1413,1412.9999999999918,344.04375,344.2,156.25,1
1414,1413.9999999999918,344.204167,344.3666666666667,162.49966666669025,1
1415,1414.9999999999918,344.384375,344.56666666666666,182.29166666668561,1
1416,1415.9999999999918,344.535417,344.3,235.416999999984,1
1417,1416.9999999999918,344.726042,344.3,426.04199999999537,1
1418,1417.9999999999918,344.883333,344.4,483.333000000016,1
1419,1418.999999999992,345.041667,345.0,41.667000000018106,1
1420,1419.999999999992,345.2815106666667,344.43333333333334,848.1773333333535,1
1421,1420.999999999992,345.52135433333336,344.6,921.3543333333405,1
1422,1421.999999999992,345.76119800000015,345.1666666666667,594.5313333334639,1
1423,1422.9999999999918,346.00104166666665,345.3666666666667,634.3749999999773,1
1424,1423.9999999999918,346.24088533333327,345.56666666666666,674.2186666666043,1
1425,1424.9999999999918,346.480729,345.8333333333333,647.3956666666822,1
1426,1425.9999999999918,346.752083,346.03333333333336,718.7496666666675,1
1427,1426.9999999999918,346.889583,346.26666666666665,622.9163333333645,1
1428,1427.9999999999918,347.06875,346.46666666666664,602.0833333333826,1
1429,1428.9999999999918,347.329167,346.6666666666667,662.5003333332984,1
1430,1429.9999999999918,347.48125,346.8333333333333,647.9166666666742,1
1431,1430.9999999999918,347.638542,347.1,538.5419999999499,1
1432,1431.9999999999918,347.86875,347.2,668.7499999999886,1
1433,1432.9999999999918,348.026042,347.46666666666664,559.375333333378,1
1434,1433.9999999999918,348.172917,347.6666666666667,506.2503333332984,1
1435,1434.9999999999918,348.365625,347.9,465.6250000000455,1
1436,1435.9999999999918,348.557292,348.1333333333333,423.95866666669235,1
1437,1436.9999999999918,348.740625,348.3,440.62500000001137,1
1438,1437.9999999999918,348.929167,348.4,529.1670000000295,1
1439,1438.9999999999918,349.103125,348.53333333333336,569.7916666666174,1
1440,1439.9999999999918,349.296875,348.76666666666665,530.2083333333485,1
1441,1440.9999999999918,349.53125,348.93333333333334,597.9166666666629,1
1442,1441.9999999999918,349.684375,349.1,584.3749999999659,1
1443,1442.9999999999918,349.840625,349.6,240.6249999999659,1
1444,1443.9999999999918,350.085417,349.8333333333333,252.08366666669235,1
1445,1444.9999999999918,350.244792,349.93333333333334,311.458666666681,1
1446,1445.9999999999918,350.413542,350.03333333333336,380.2086666666469,1
1447,1446.9999999999918,350.580208,350.1,480.20800000000463,1
1448,1447.9999999999918,350.745833,350.3,445.83299999999326,1
1449,1448.9999999999918,350.908333,350.5,408.33300000002737,1
1450,1449.9999999999918,351.098958,350.7,398.95799999999326,1
1451,1450.9999999999918,351.276042,350.8333333333333,442.7086666667037,1
1452,1451.9999999999918,351.439583,350.93333333333334,506.24966666669025,1
1453,1452.9999999999918,351.694792,351.06666666666666,628.1253333333439,1
1454,1453.9999999999918,351.873958,351.3,573.9580000000046,1
1455,1454.9999999999918,352.016667,351.3,716.6669999999726,1
1456,1455.9999999999918,352.251042,351.6,651.0419999999613,1
1457,1456.9999999999918,352.397917,351.8333333333333,564.5836666666924,1
1458,1457.9999999999918,352.536458,352.03333333333336,503.12466666662203,1
1459,1458.9999999999918,352.734375,352.23333333333335,501.0416666666515,1
1460,1459.9999999999918,352.922917,352.46666666666664,456.25033333334386,1
1461,1460.9999999999918,353.1,352.56666666666666,533.3333333333599,1
1462,1461.9999999999918,353.301042,352.73333333333335,567.7086666666469,1
1463,1462.9999999999918,353.522917,352.73333333333335,789.5836666666582,1
1464,1463.9999999999918,353.70625,353.1333333333333,572.9166666666856,1
1465,1464.9999999999918,353.960417,353.3333333333333,627.0836666666924,1
1466,1465.9999999999918,354.120833,353.53333333333336,587.4996666666448,1
1467,1466.9999999999918,354.266667,353.7,566.6669999999954,1
1468,1467.9999999999918,354.495833,353.9,595.8330000000274,1
1469,1468.9999999999918,354.673958,354.1,573.9580000000046,1
1470,1469.9999999999918,354.876042,354.3333333333333,542.7086666666696,1
1471,1470.9999999999918,355.098958,354.53333333333336,565.624666666622,1
1472,1471.9999999999918,355.332292,354.76666666666665,565.6253333333439,1
1473,1472.9999999999918,355.691667,354.9,791.6670000000181,1
1474,1473.9999999999918,356.04999999999984,355.03333333333336,1016.666666666481,1
1475,1474.9999999999925,356.223958,355.26666666666665,957.2913333333304,1
1476,1475.9999999999925,356.459896,355.5,959.8960000000147,1
1477,1476.9999999999925,356.730208,355.7,1030.208000000016,1
1478,1477.9999999999923,356.896875,355.96666666666664,930.2083333333826,1
1479,1478.9999999999923,357.097917,356.3666666666667,731.2503333333211,1
1480,1479.999999999992,357.28333349999997,356.6,683.3334999999465,1
1481,1480.999999999992,357.455208,356.8666666666667,588.5413333333531,1
1482,1481.999999999992,357.6765625,357.06666666666666,609.8958333333258,1
1483,1482.999999999992,357.919792,357.23333333333335,686.4586666666241,1
1484,1483.9999999999923,358.073958,357.46666666666664,607.2913333333645,1
1485,1484.9999999999918,358.253125,357.6666666666667,586.4583333333258,1
1486,1485.9999999999918,358.4515625,357.8666666666667,584.8958333333485,1
1487,1486.9999999999916,358.60625,358.03333333333336,572.9166666666288,1
1488,1487.9999999999918,358.8453125,358.2,645.3124999999886,1
1489,1488.9999999999916,359.077083,358.3666666666667,710.4163333333418,1
1490,1489.9999999999916,359.233333,358.56666666666666,666.6663333333531,1
1491,1490.9999999999918,359.4125,358.8,612.5000000000114,1
1492,1491.9999999999914,359.6140625,359.03333333333336,580.7291666666288,1
1493,1492.9999999999916,359.768229,359.2,568.2290000000307,1
1494,1493.9999999999914,359.9833335,359.4,583.3335000000375,1
1495,1494.9999999999916,360.188542,359.56666666666666,621.8753333333211,1
1496,1495.9999999999911,360.340625,359.76666666666665,573.9583333333371,1
1497,1496.9999999999914,360.515625,360.0,515.625,1
1498,1497.9999999999905,360.69218750000016,360.1333333333333,558.8541666668334,1
1499,1498.9999999999905,360.834896,360.3333333333333,501.56266666670035,1
1500,1499.9999999999905,361.0625,360.43333333333334,629.1666666666629,1
1501,1500.9999999999905,361.3125,360.6333333333333,679.1666666666742,1
1502,1501.9999999999902,361.469792,360.8333333333333,636.4586666666696,1
1503,1502.9999999999902,361.654167,361.03333333333336,620.8336666666128,1
1504,1503.99999999999,361.84375,361.26666666666665,577.0833333333485,1
1505,1504.99999999999,362.004167,361.5,504.16699999999537,1
1506,1505.99999999999,362.2140625,361.56666666666666,647.3958333333485,1
1507,1506.9999999999898,362.442708,361.8,642.7079999999705,1
1508,1507.9999999999898,362.60625,362.0,606.2499999999886,1
1509,1508.9999999999898,362.785417,362.2,585.4170000000067,1
1510,1509.9999999999895,363.0088545,362.4,608.8545000000067,1
1511,1510.9999999999895,363.125,362.6,524.9999999999773,1
1512,1511.9999999999895,363.3604165,362.73333333333335,627.0831666666368,1
1513,1512.9999999999895,363.561458,362.93333333333334,628.1246666666789,1
1514,1513.9999999999895,363.74010400000003,363.1666666666667,573.4373333333451,1
1515,1514.9999999999893,363.944792,363.3333333333333,611.4586666666924,1
1516,1515.9999999999893,364.18125,363.56666666666666,614.5833333333144,1
1517,1516.999999999989,364.363542,363.8,563.541999999984,1
1518,1517.9999999999893,364.6296875,363.93333333333334,696.3541666666515,1
1519,1518.999999999989,364.948958,364.03333333333336,915.6246666666448,1
1520,1519.999999999989,365.176042,364.3,876.041999999984,1
1521,1520.9999999999889,365.471875,364.53333333333336,938.5416666666515,1
1522,1521.9999999999889,365.729167,364.73333333333335,995.8336666666696,1
1523,1522.9999999999884,365.898958,365.1,798.9579999999705,1
1524,1523.9999999999889,366.1286455,365.3,828.6454999999933,1
1525,1524.9999999999889,366.385417,365.6,785.4169999999954,1
1526,1525.9999999999884,366.54375,365.8666666666667,677.0833333333144,1
1527,1526.9999999999884,366.75625,366.03333333333336,722.9166666666629,1
1528,1527.9999999999882,366.953646,366.26666666666665,686.9793333333405,1
1529,1528.9999999999882,367.097917,366.46666666666664,631.2503333333552,1
1530,1529.9999999999882,367.308854,366.7,608.854000000008,1
1531,1530.9999999999882,367.511458,366.93333333333334,578.1246666666675,1
1532,1531.999999999988,367.68125,367.1,581.2499999999545,1
1533,1532.999999999988,367.876042,367.26666666666665,609.3753333333325,1
1534,1533.9999999999882,368.0859375,367.46666666666664,619.2708333333599,1
1535,1534.9999999999877,368.2359375,367.6666666666667,569.2708333332916,1
1536,1535.9999999999882,368.45,367.8333333333333,616.6666666666742,1
1537,1536.9999999999877,368.672917,368.03333333333336,639.5836666666241,1
1538,1537.9999999999877,368.796875,368.2,596.8750000000114,1
1539,1538.9999999999875,368.989583,368.4,589.5830000000046,1
1540,1539.9999999999875,369.20520849999997,368.56666666666666,638.5418333333064,1
1541,1540.9999999999875,369.3385415,368.8333333333333,505.208166666705,1
1542,1541.9999999999875,369.547396,368.96666666666664,580.7293333333519,1
1543,1542.999999999987,369.795833,369.1333333333333,662.4996666666902,1
1544,1543.999999999987,370.014583,369.3,714.5830000000046,1
1545,1544.9999999999868,370.360417,369.5,860.416999999984,1
1546,1545.9999999999868,370.5627605,369.7,862.7605000000358,1
1547,1546.9999999999866,370.765104,369.96666666666664,798.4373333333679,1
1548,1547.9999999999868,371.096875,370.1666666666667,930.2083333333258,1
1549,1548.9999999999868,371.378125,370.46666666666664,911.4583333333712,1
1550,1549.9999999999868,371.514583,370.73333333333335,781.2496666666675,1
1551,1550.9999999999864,371.677083,370.9,777.0830000000046,1
1552,1551.9999999999864,371.844792,371.2,644.7919999999954,1
1553,1552.9999999999861,372.020833,371.4,620.8330000000046,1
1554,1553.9999999999861,372.179167,371.4,779.1670000000295,1
1555,1554.9999999999861,372.39027799999997,371.8333333333333,556.9446666666522,1
1556,1555.9999999999861,372.60138900000004,371.96666666666664,634.7223333334,1
1557,1556.9999999999861,372.8125,372.26666666666665,545.8333333333485,1
1558,1557.999999999986,372.95625,372.3333333333333,622.916666666697,1
1559,1558.999999999986,373.094792,372.3333333333333,761.4586666666696,1
1560,1559.9999999999857,373.283333,372.3333333333333,949.999666666713,1
1561,1560.9999999999857,373.452083,372.3333333333333,1118.7496666667016,1
1562,1561.9999999999857,373.61145849999997,372.6,1011.4584999999465,1
1563,1562.9999999999857,373.735417,372.8,935.4169999999726,1
1564,1563.9999999999854,373.883333,373.43333333333334,449.99966666665614,1
1565,1564.9999999999854,374.033333,373.56666666666666,466.6663333333645,1
1566,1565.9999999999854,374.201042,373.8333333333333,367.70866666665825,1
1567,1566.9999999999852,374.3682295,374.0,368.229499999984,1
1568,1567.9999999999854,374.551042,374.06666666666666,484.3753333333325,1
1569,1568.9999999999852,374.853125,374.1666666666667,686.4583333332916,1
1570,1569.9999999999852,375.165625,374.3666666666667,798.958333333303,1
1571,1570.9999999999852,375.342708,374.56666666666666,776.0413333333531,1
1572,1571.9999999999852,375.5036455,374.7,803.645500000016,1
1573,1572.9999999999852,375.748958,374.96666666666664,782.2913333333759,1
1574,1573.9999999999852,375.940625,375.26666666666665,673.9583333333599,1
1575,1574.999999999985,376.089583,375.46666666666664,622.9163333333645,1
1576,1575.999999999985,376.234375,375.6666666666667,567.7083333333144,1
1577,1576.9999999999848,376.409375,375.8666666666667,542.7083333333371,1
1578,1577.9999999999848,376.592708,376.06666666666666,526.0413333333531,1
1579,1578.9999999999848,376.81180533333327,376.26666666666665,545.1386666666167,1
1580,1579.9999999999845,377.0309026666667,376.46666666666664,564.2360000000508,1
1581,1580.9999999999848,377.25,376.6,649.9999999999773,1
1582,1581.9999999999843,377.432292,376.9,532.2920000000408,1
1583,1582.9999999999843,377.58125,377.1333333333333,447.9166666666856,1
1584,1583.999999999984,377.741667,377.3333333333333,408.33366666669235,1
1585,1584.9999999999843,377.903125,377.4,503.12500000001137,1
1586,1585.999999999984,378.04375,377.56666666666666,477.08333333332575,1
1587,1586.999999999984,378.209896,377.76666666666665,443.22933333336323,1
1588,1587.9999999999839,378.351042,377.96666666666664,384.3753333333666,1
1589,1588.9999999999839,378.505208,378.2,305.20799999999326,1
1590,1589.9999999999834,378.666667,378.43333333333334,233.33366666668098,1
1591,1590.9999999999834,378.816667,378.6333333333333,183.33366666666961,1
1592,1591.9999999999834,378.959896,378.73333333333335,226.56266666666625,1
1593,1592.9999999999834,379.111458,378.6333333333333,478.1246666667016,1
1594,1593.9999999999832,379.261458,378.8666666666667,394.7913333333304,1
1595,1594.9999999999832,379.420833,379.06666666666666,354.1663333333531,1
1596,1595.9999999999832,379.565625,379.2,365.62500000002274,1
1597,1596.999999999983,379.714583,379.3666666666667,347.9163333333304,1
1598,1597.999999999983,379.845833,379.6666666666667,179.16633333334175,1
1599,1598.999999999983,379.9807295,379.76666666666665,214.06283333334386,1
1600,1599.999999999983,380.159375,380.0,159.37500000001137,1
1601,1600.9999999999827,380.3125,380.06666666666666,245.83333333333712,1
1602,1601.9999999999827,380.45,380.43333333333334,16.66666666665151,1
1603,1602.9999999999825,380.609375,380.56666666666666,42.70833333333712,1
1604,1603.9999999999825,380.77031250000016,380.6666666666667,103.64583333347355,1
1605,1604.9999999999823,381.029167,380.8333333333333,195.83366666665825,1
1606,1605.9999999999825,381.288542,380.7,588.5420000000181,1
1607,1606.999999999982,381.453125,380.8666666666667,586.4583333333258,1
1608,1607.999999999982,381.626042,381.06666666666666,559.3753333333211,1
1609,1608.999999999982,381.772917,381.2,572.9170000000181,1
1610,1609.9999999999818,381.9515625,381.43333333333334,518.2291666666856,1
1611,1610.9999999999818,382.120833,381.6333333333333,487.4996666666789,1
1612,1611.9999999999816,382.310417,381.76666666666665,543.7503333333211,1
1613,1612.9999999999816,382.460417,382.0,460.41700000000674,1
1614,1613.9999999999814,382.641667,382.2,441.66699999999537,1
1615,1614.9999999999814,382.876042,382.3,576.0419999999726,1
1616,1615.9999999999811,383.092708,382.46666666666664,626.0413333333759,1
1617,1616.9999999999811,383.477083,382.6333333333333,843.7496666666675,1
1618,1617.999999999981,383.848958,382.8,1048.9579999999705,1
1619,1618.999999999981,384.058333,383.06666666666666,991.6663333333418,1
1620,1619.999999999981,384.2161455,383.26666666666665,949.4788333333304,1
1621,1620.9999999999807,384.351042,383.53333333333336,817.7086666666469,1
1622,1621.999999999981,384.5421875,383.7,842.1875000000227,1
1623,1622.9999999999807,384.697917,384.0,697.9170000000181,1
1624,1623.9999999999807,384.87552100000005,384.3666666666667,508.8543333333746,1
1625,1624.9999999999804,385.047917,384.5,547.916999999984,1
1626,1625.9999999999807,385.227604,384.7,527.6039999999966,1
1627,1626.9999999999802,385.415625,384.8333333333333,582.2916666666629,1
1628,1627.9999999999804,385.713542,385.03333333333336,680.2086666666582,1
1629,1628.9999999999802,386.4380205,385.23333333333335,1204.6871666666448,1
1630,1629.9999999999802,386.825,385.43333333333334,1391.6666666666515,1
1631,1630.9999999999798,387.039583,385.6666666666667,1372.9163333333076,1
1632,1631.9999999999802,387.305208,385.8666666666667,1438.541333333319,1
1633,1632.9999999999798,387.620833,386.1,1520.832999999982,1
1634,1633.9999999999798,387.836458,386.96666666666664,869.7913333333531,1
1635,1634.9999999999798,388.07239599999997,387.23333333333335,839.0626666666208,1
1636,1635.9999999999795,388.326042,387.43333333333334,892.7086666666355,1
1637,1636.9999999999795,388.488542,387.6666666666667,821.8753333333098,1
1638,1637.9999999999795,388.689583,387.96666666666664,722.9163333333872,1
1639,1638.9999999999795,388.93125,388.2,731.2499999999886,1
1640,1639.9999999999793,389.1145835,388.46666666666664,647.9168333333405,1
1641,1640.9999999999793,389.327604,388.7,627.6040000000194,1
1642,1641.999999999979,389.575,388.8666666666667,708.3333333333144,1
1643,1642.999999999979,389.7125,389.1,612.4999999999545,1
1644,1643.999999999979,389.922917,389.26666666666665,656.2503333333325,1
1645,1644.999999999979,390.144792,389.5,644.7919999999954,1
1646,1645.9999999999789,390.322917,389.7,622.9170000000295,1
1647,1646.9999999999789,390.546875,389.93333333333334,613.5416666666629,1
1648,1647.9999999999789,390.780208,390.1,680.2079999999933,1
1649,1648.9999999999786,390.936458,390.26666666666665,669.7913333333645,1
1650,1649.9999999999789,391.139583,390.4,739.5830000000387,1
1651,1650.9999999999786,391.38333350000005,390.7,683.3335000000602,1
1652,1651.9999999999786,391.611458,390.9,711.4580000000501,1
1653,1652.9999999999784,391.936979,391.1333333333333,803.6456666666822,1
1654,1653.9999999999784,392.253125,391.3,953.125,1
1655,1654.999999999978,392.352604,391.53333333333336,819.2706666666254,1
1656,1655.9999999999784,392.632292,391.76666666666665,865.6253333333552,1
1657,1656.999999999978,392.889583,392.0,889.583000000016,1
1658,1657.999999999978,393.105729,392.26666666666665,839.0623333333451,1
1659,1658.9999999999777,393.30260400000003,392.53333333333336,769.2706666666709,1
1660,1659.9999999999777,393.6515625,392.8,851.5625,1
1661,1660.9999999999777,393.75625,393.03333333333336,722.9166666666629,1
1662,1661.9999999999777,393.996875,393.23333333333335,763.5416666666401,1
1663,1662.9999999999777,394.2552085,393.5,755.2084999999806,1
1664,1663.9999999999775,394.46562500000016,393.73333333333335,732.2916666668107,1
1665,1664.9999999999775,394.659375,393.96666666666664,692.7083333333712,1
1666,1665.9999999999773,395.0234375,394.2,823.4375000000114,1
1667,1666.9999999999773,395.128125,394.43333333333334,694.7916666666742,1
1668,1667.9999999999773,395.371354,394.6333333333333,738.0206666666709,1
1669,1668.9999999999773,395.6015625,394.8333333333333,768.2291666666856,1
1670,1669.999999999977,395.796354,395.1333333333333,663.0206666666822,1
1671,1670.999999999977,395.99427099999997,395.3333333333333,660.9376666666549,1
1672,1671.9999999999768,396.3421875,395.53333333333336,808.8541666666629,1
1673,1672.9999999999768,396.4640625,395.7,764.0625000000227,1
1674,1673.999999999977,396.714583,395.93333333333334,781.2496666666675,1
1675,1674.9999999999768,396.95625,396.2,756.2500000000227,1
1676,1675.9999999999768,397.14270849999997,396.43333333333334,709.3751666666321,1
1677,1676.9999999999766,397.33125,396.6666666666667,664.5833333333258,1
1678,1677.9999999999766,397.70000000000016,396.8666666666667,833.3333333334849,1
1679,1678.999999999976,397.8177085,397.1,717.7084999999579,1
1680,1679.9999999999766,398.02135400000003,397.3333333333333,688.0206666667164,1
1681,1680.999999999976,398.232292,397.5,732.2919999999726,1
1682,1681.999999999976,398.423958,397.8333333333333,590.624666666713,1
1683,1682.9999999999757,398.6208335,398.0,620.8335000000034,1
1684,1683.9999999999757,399.013021,398.1666666666667,846.354333333295,1
1685,1684.9999999999754,399.124479,398.4,724.4790000000307,1
1686,1685.9999999999757,399.352083,398.56666666666666,785.4163333333304,1
1687,1686.9999999999757,399.5869795,398.8,786.9794999999726,1
1688,1687.9999999999754,399.7328125,399.1,632.8125,1
1689,1688.9999999999752,400.0213545,399.3,721.3544999999613,1
1690,1689.9999999999752,400.32083350000005,399.53333333333336,787.500166666689,1
1691,1690.9999999999752,400.43541650000003,399.7,735.4165000000421,1
1692,1691.9999999999752,400.6463545,399.93333333333334,713.0211666666355,1
1693,1692.9999999999752,400.858333,400.1666666666667,691.6663333333304,1
1694,1693.999999999975,401.060417,400.3666666666667,693.7503333332984,1
1695,1694.999999999975,401.2270835,400.6,627.0834999999693,1
1696,1695.9999999999748,401.6015625,400.8,801.5624999999886,1
1697,1696.9999999999748,401.7302085,401.0,730.2085000000034,1
1698,1697.9999999999748,401.955208,401.23333333333335,721.8746666666789,1
1699,1698.9999999999748,402.1520835,401.4,752.0835000000261,1
1700,1699.9999999999748,402.341667,401.6666666666667,675.000333333287,1
1701,1700.9999999999745,402.64114600000005,401.93333333333334,707.8126666667117,1
1702,1701.9999999999745,402.9322915,402.1333333333333,798.9581666666936,1
1703,1702.9999999999743,403.0796875,402.3333333333333,746.3541666666629,1
1704,1703.9999999999745,403.328125,402.53333333333336,794.7916666666401,1
1705,1704.9999999999743,403.5229165,402.76666666666665,756.2498333333565,1
1706,1705.9999999999743,403.71302099999997,403.03333333333336,679.6876666666094,1
1707,1706.9999999999739,404.01875,403.26666666666665,752.0833333333599,1
1708,1707.9999999999739,404.331771,403.5,831.7710000000034,1
1709,1708.9999999999736,404.4536455,403.7,753.6455000000046,1
1710,1709.9999999999739,404.713542,403.9,813.5420000000408,1
1711,1710.9999999999736,404.9296875,404.1333333333333,796.3541666666742,1
1712,1711.9999999999736,405.1276045,404.46666666666664,660.937833333378,1
1713,1712.9999999999736,405.47083349999997,404.7,770.8334999999806,1
1714,1713.9999999999734,405.803125,404.9,903.1250000000455,1
1715,1714.9999999999748,405.9546875,405.06666666666666,888.0208333333144,1
1716,1715.9999999999748,406.1859375,405.3,885.9375000000114,1
1717,1716.9999999999748,406.4244795,405.6,824.4794999999954,1
1718,1717.999999999975,406.6453125,405.93333333333334,711.9791666666515,1
1719,1718.999999999975,406.930208,406.1666666666667,763.5413333333076,1
1720,1719.999999999975,407.24427099999997,406.4,844.270999999992,1
1721,1720.999999999975,407.396875,406.53333333333336,863.5416666666629,1
1722,1721.999999999975,407.5479165,406.76666666666665,781.2498333333338,1
1723,1722.999999999975,407.8645835,406.96666666666664,897.9168333333405,1
1724,1723.999999999975,408.13854150000003,407.3333333333333,805.2081666667164,1
1725,1724.999999999975,408.5463545,407.6,946.354499999984,1
1726,1725.9999999999752,408.86272349999996,407.76666666666665,1096.0568333333072,1
1727,1726.9999999999752,409.17909249999997,408.0,1179.0924999999675,1
1728,1727.9999999999752,409.4954615,408.23333333333335,1262.1281666666277,1
1729,1728.9999999999752,409.81183050000004,408.53333333333336,1278.497166666682,1
1730,1729.9999999999752,410.1281995,408.8,1328.1994999999824,1
1731,1730.999999999975,410.4445685,409.0,1444.5685000000026,1
1732,1731.999999999975,410.7609375,409.26666666666665,1494.2708333333599,1
1733,1732.9999999999804,410.94218750000016,409.3,1642.1875000001478,1
1734,1733.9999999999802,411.183854,409.96666666666664,1217.1873333333565,1
1735,1734.9999999999802,411.4619795,410.23333333333335,1228.6461666666355,1
1736,1735.9999999999798,411.7385415,410.5,1238.5414999999966,1
1737,1736.9999999999798,412.1322915,410.6666666666667,1465.6248333333224,1
1738,1737.9999999999802,412.553124875,411.3333333333333,1219.791541666666,1
1739,1738.9999999999802,412.97395825,411.53333333333336,1440.6249166666498,1
1740,1739.9999999999802,413.394791625,411.8,1594.7916249999707,1
1741,1740.9999999999798,413.815625,412.2,1615.6250000000227,1
1742,1741.9999999999918,414.311979,412.4,1911.9790000000307,1
1743,1742.9999999999918,415.240625,412.6666666666667,2573.958333333337,1
1744,1743.9999999999918,415.7643229375,412.9,2864.3229375000487,1
1745,1744.9999999999916,416.288020875,413.1333333333333,3154.6875416666467,1
1746,1745.9999999999916,416.8117188125,413.8666666666667,2945.0521458333014,1
1747,1746.9999999999916,417.33541675,414.6666666666667,2668.7500833332933,1
1748,1747.9999999999916,417.8591146875,414.9,2959.114687500005,1
1749,1748.9999999999918,418.382812625,415.8333333333333,2549.479291666671,1
1750,1749.999999999972,418.9065105625,416.03333333333336,2873.177229166629,1
1751,1750.9999999999718,419.4302085,416.26666666666665,3163.5418333333405,1
1752,1751.9999999999714,419.5354165,416.46666666666664,3068.7498333333565,1
1753,1752.9999999999714,419.7765625,416.6666666666667,3109.8958333333258,1
1754,1753.9999999999714,420.01770849999997,417.2,2817.7084999999806,1
1755,1754.9999999999704,420.18958349999997,417.3666666666667,2822.916833333295,1
1756,1755.9999999999707,420.43020841666674,417.1333333333333,3296.8750833334184,1
1757,1756.9999999999707,420.67083333333335,417.26666666666665,3404.166666666697,1
1758,1757.9999999999704,420.91145825,417.5,3411.4582500000097,1
1759,1758.9999999999704,421.1520831666666,417.2,3952.0831666666254,1
1760,1759.9999999999704,421.3927080833333,417.2,4192.708083333287,1
1761,1760.99999999997,421.633333,417.2,4433.333000000004,1
1762,1761.9999999999704,421.89062466666667,417.2,4690.624666666679,1
1763,1762.9999999999702,422.1479163333333,417.2,4947.916333333296,1
1764,1763.9999999999702,422.405208,417.2,5205.208000000028,1
1765,1764.9999999999702,422.58680533333336,417.2,5386.80533333337,1
1766,1765.9999999999704,422.76840266666665,417.2,5568.402666666657,1
1767,1766.9999999999702,422.95,417.2,5750.0,1
1768,1767.9999999999702,423.1315973333333,417.2,5931.597333333286,1
1769,1768.9999999999702,423.3131946666666,417.2,6113.19466666663,1
1770,1769.99999999997,423.494792,417.2,6294.7920000000295,1
1771,1770.9999999999702,423.681771,417.2,6481.771000000037,1
1772,1771.9999999999698,423.86875,417.26666666666665,6602.083333333326,1
1773,1772.9999999999698,424.185417,417.3,6885.416999999961,1
1774,1773.9999999999698,424.48151075,417.5,6981.510749999984,1
1775,1774.9999999999698,424.7776045,417.73333333333335,7044.271166666647,1
1776,1775.9999999999684,424.909896,417.93333333333334,6976.562666666667,1
1777,1776.9999999999688,425.15026050000006,417.96666666666664,7183.593833333418,1
1778,1777.9999999999686,425.390625,418.3666666666667,7023.958333333326,1
1779,1778.999999999968,425.579167,418.6,6979.166999999961,1
1780,1779.9999999999677,425.8338545,417.1666666666667,8667.187833333286,1
1781,1780.999999999968,426.088542,417.2,8888.54200000003,1
1782,1781.999999999968,426.3432295,417.2,9143.229500000018,1
1783,1782.999999999968,426.597917,417.2,9397.917000000007,1
1784,1783.9999999999677,426.8526045,417.23333333333335,9619.271166666636,1
1785,1784.9999999999675,427.107292,417.1666666666667,9940.625333333286,1
1786,1785.9999999999677,427.3565975,417.2,10156.597500000033,1
1787,1786.9999999999677,427.605903,417.23333333333335,10372.569666666663,1
1788,1787.9999999999675,427.8552085,417.26666666666665,10588.541833333351,1
1789,1788.9999999999675,428.05173625,417.53333333333336,10518.402916666617,1
1790,1789.9999999999675,428.24826399999995,417.6666666666667,10581.597333333264,1
1791,1790.9999999999677,428.44479175,417.9,10544.791750000002,1
1792,1791.9999999999675,428.6413195,417.9,10741.31950000003,1
1793,1792.9999999999675,428.83784725,417.9,10937.847250000004,1
1794,1793.9999999999673,429.034375,417.9,11134.375000000035,1
1795,1794.9999999999673,429.226823,417.9,11326.823000000048,1
1796,1795.9999999999668,429.419271,417.9,11519.271000000004,1
1797,1796.9999999999668,429.7255205,423.46666666666664,6258.853833333376,1
1798,1797.999999999967,429.8913193333333,423.6666666666667,6224.6526666665995,1
1799,1798.9999999999668,430.05711816666667,423.8666666666667,6190.451499999995,1
1800,1799.9999999999668,430.222917,424.03333333333336,6189.5836666666355,1
1801,1800.999999999967,430.37847233333326,424.3333333333333,6045.138999999949,1
1802,1801.9999999999668,430.5340276666667,424.56666666666666,5967.361000000039,1
1803,1802.9999999999668,430.689583,424.73333333333335,5956.249666666679,1
1804,1803.9999999999668,430.86111100000005,425.0,5861.111000000051,1
1805,1804.9999999999666,431.03263899999996,425.1666666666667,5865.972333333275,1
1806,1805.9999999999663,431.204167,421.43333333333334,9770.833666666647,1
1807,1806.9999999999668,431.4264883571428,421.43333333333334,9993.155023809435,1
1808,1807.9999999999668,431.6488097142857,421.43333333333334,10215.47638095234,1
1809,1808.9999999999666,431.8711310714286,421.43333333333334,10437.797738095242,1
1810,1809.9999999999666,432.09345242857137,421.43333333333334,10660.119095238031,1
1811,1810.9999999999668,432.3157737857143,421.43333333333334,10882.44045238099,1
1812,1811.9999999999668,432.53809514285723,421.43333333333334,11104.761809523894,1
1813,1812.9999999999666,432.7604165,421.43333333333334,11327.083166666682,1
1814,1813.9999999999666,432.94604155,421.43333333333334,11512.70821666668,1
1815,1814.9999999999666,433.1316666,421.43333333333334,11698.33326666668,1
1816,1815.9999999999668,433.31729165,422.46666666666664,10850.624983333375,1
1817,1816.9999999999666,433.50291669999996,422.73333333333335,10769.58336666661,1
1818,1817.9999999999666,433.68854175,423.4,10288.541750000037,1
1819,1818.9999999999666,433.87416680000007,423.3,10574.166800000057,1
1820,1819.9999999999666,434.05979185,424.53333333333336,9526.458516666651,1
1821,1820.9999999999668,434.24541689999995,424.53333333333336,9712.083566666592,1
1822,1821.9999999999668,434.43104195,424.53333333333336,9897.708616666649,1
1823,1822.9999999999668,434.616667,424.53333333333336,10083.333666666647,1
1824,1823.999999999966,434.74375,424.53333333333336,10210.416666666617,1
1825,1824.999999999966,434.96640625,424.53333333333336,10433.072916666617,1
1826,1825.9999999999652,435.1890625,427.1,8089.0624999999545,1
1827,1826.9999999999648,435.361979,425.53333333333336,9828.64566666666,1
1828,1827.9999999999645,435.59331583333335,425.76666666666665,9826.649166666699,1
1829,1828.9999999999645,435.82465266666674,425.96666666666664,9857.986000000095,1
1830,1829.9999999999648,436.05598949999995,427.2,8855.989499999963,1
1831,1830.9999999999648,436.2873263333333,426.43333333333334,9853.992999999946,1
1832,1831.9999999999645,436.5186631666666,426.6333333333333,9885.329833333288,1
1833,1832.9999999999645,436.75,426.8666666666667,9883.333333333325,1
1834,1833.9999999999643,436.99861116666665,426.46666666666664,10531.944500000009,1
1835,1834.9999999999645,437.24722233333335,426.76666666666665,10480.555666666703,1
1836,1835.999999999964,437.4958335,426.93333333333334,10562.500166666667,1
1837,1836.9999999999643,437.68541680000004,427.0,10685.41680000004,1
1838,1837.9999999999643,437.8750001,427.0,10875.000100000023,1
1839,1838.9999999999643,438.0645834,427.0,11064.583400000003,1
1840,1839.9999999999645,438.25416669999987,427.2,11054.166699999882,1
1841,1840.9999999999638,438.44375,427.43333333333334,11010.416666666686,1
1842,1841.9999999999638,438.729167,427.43333333333334,11295.83366666668,1
1843,1842.9999999999638,438.92187525,427.43333333333334,11488.54191666669,1
1844,1843.9999999999636,439.1145835,427.43333333333334,11681.250166666643,1
1845,1844.9999999999636,439.458333,427.43333333333334,12024.999666666645,1
1846,1845.9999999999636,439.75468725,427.43333333333334,12321.353916666681,1
1847,1846.9999999999636,440.0510415,427.43333333333334,12617.70816666666,1
1848,1847.9999999999627,440.145833,429.56666666666666,10579.16633333332,1
1849,1848.9999999999627,440.393229,429.8666666666667,10526.562333333346,1
1850,1849.9999999999627,440.640625,430.1,10540.624999999978,1
1851,1850.9999999999616,440.8010415,430.3,10501.041499999985,1
1852,1851.999999999962,441.05069425,430.3666666666667,10684.027583333318,1
1853,1852.9999999999616,441.300347,430.4,10900.34700000001,1
1854,1853.9999999999616,441.54999975,430.96666666666664,10583.333083333344,1
1855,1854.999999999962,441.7996525,431.2,10599.652499999991,1
1856,1855.999999999962,442.04930525,431.2,10849.305249999987,1
1857,1856.9999999999616,442.298958,431.2,11098.958000000039,1
1858,1857.9999999999616,442.578472,431.2,11378.471999999987,1
1859,1858.9999999999613,442.85798600000004,431.2,11657.986000000052,1
1860,1859.9999999999616,443.1375,431.2,11937.5,1
1861,1860.9999999999616,443.33350700000005,431.2,12133.507000000065,1
1862,1861.9999999999613,443.52951399999995,431.2,12329.513999999961,1
1863,1862.9999999999613,443.725521,432.73333333333335,10992.187666666667,1
1864,1863.9999999999613,443.921528,432.46666666666664,11454.861333333383,1
1865,1864.9999999999613,444.117535,432.46666666666664,11650.868333333336,1
1866,1865.999999999961,444.313542,432.46666666666664,11846.875333333344,1
1867,1866.9999999999613,444.5007815,432.46666666666664,12034.114833333377,1
1868,1867.999999999961,444.688021,432.46666666666664,12221.354333333351,1
1869,1868.9999999999607,444.988542,432.46666666666664,12521.875333333355,1
1870,1869.999999999961,445.15902800000003,432.46666666666664,12692.361333333394,1
1871,1870.999999999961,445.32951399999996,432.46666666666664,12862.84733333332,1
1872,1871.9999999999607,445.5,432.46666666666664,13033.33333333336,1
1873,1872.9999999999607,445.6649306666667,432.46666666666664,13198.264000000052,1
1874,1873.9999999999607,445.82986133333327,432.46666666666664,13363.19466666663,1
1875,1874.9999999999607,445.994792,432.46666666666664,13528.125333333377,1
1876,1875.9999999999607,446.1645835,432.46666666666664,13697.916833333351,1
1877,1876.9999999999607,446.334375,432.46666666666664,13867.708333333383,1
1878,1877.9999999999604,446.5041665,432.46666666666664,14037.499833333357,1
1879,1878.9999999999604,446.749045,432.46666666666664,14282.378333333383,1
1880,1879.9999999999607,446.99392350000005,432.46666666666664,14527.256833333411,1
1881,1880.9999999999607,447.238802,432.46666666666664,14772.135333333381,1
1882,1881.9999999999607,447.4836805,432.46666666666664,15017.01383333335,1
1883,1882.9999999999604,447.72855899999996,432.46666666666664,15261.892333333322,1
1884,1883.9999999999604,447.9734375,432.46666666666664,15506.770833333348,1
1885,1884.9999999999607,448.57291666666674,432.46666666666664,16106.250000000102,1
1886,1885.9999999999607,449.17239583333327,432.46666666666664,16705.729166666628,1
1887,1886.9999999999604,449.771875,434.4,15371.875000000045,1
1888,1887.9979166666267,449.8786458333333,434.8333333333333,15045.312499999965,1
1889,1888.9979166666265,449.9854166666667,435.6333333333333,14352.083333333383,1
1890,1889.9999999999598,450.0921875,435.7,14392.187500000035,1
1891,1890.997916666626,450.1989583333333,435.93333333333334,14265.624999999944,1
1892,1891.9979166666258,450.3057291666667,436.1666666666667,14139.062500000022,1
1893,1892.9999999999588,450.4125,436.4,14012.500000000045,1
1894,1893.9999999999588,450.61875,436.56666666666666,14052.083333333314,1
1895,1894.999999999959,450.825,436.8,14024.999999999978,1
1896,1895.9999999999588,451.00208349999997,436.8,14202.083499999957,1
1897,1896.9999999999588,451.236458,436.8,14436.458000000017,1
1898,1897.9999999999586,451.332292,436.9,14432.292000000018,1
1899,1898.9999999999584,451.490625,437.0,14490.625000000022,1
1900,1899.9999999999584,451.664583,437.3666666666667,14297.91633333332,1
1901,1900.9999999999575,451.832292,435.7,16132.292000000007,1
1902,1901.9999999999575,451.982292,435.8666666666667,16115.625333333299,1
1903,1902.9999999999575,452.1722223333333,435.56666666666666,16605.555666666645,1
1904,1903.9999999999575,452.36215266666665,435.7,16662.152666666658,1
1905,1904.9999999999575,452.552083,436.0,16552.08299999998,1
1906,1905.999999999957,452.729167,436.1,16629.166999999994,1
1907,1906.999999999957,452.871875,436.1,16771.874999999967,1
1908,1907.9999999999568,453.0421875,442.4,10642.187500000035,1
1909,1908.9999999999568,453.254167,442.6,10654.166999999972,1
1910,1909.9999999999568,453.405208,443.26666666666665,10138.541333333364,1
1911,1910.9999999999566,453.529167,442.93333333333334,10595.833666666636,1
1912,1911.9999999999566,453.666667,443.06666666666666,10600.000333333355,1
1913,1912.9999999999563,453.819792,443.23333333333335,10586.458666666658,1
1914,1913.999999999956,453.944271,443.3333333333333,10610.937666666701,1
1915,1914.9999999999561,454.134375,443.3333333333333,10801.041666666662,1
1916,1915.999999999956,454.282292,443.8333333333333,10448.95866666667,1
1917,1916.999999999956,454.634375,444.53333333333336,10101.041666666617,1
1918,1917.999999999956,454.8403645,444.3666666666667,10473.697833333346,1
1919,1918.999999999956,455.046354,444.6666666666667,10379.687333333322,1
1920,1919.9999999999561,455.20885400000003,444.8333333333333,10375.520666666716,1
1921,1920.9999999999557,455.432292,444.3,11132.292000000007,1
1922,1921.9999999999557,455.552083,445.3,10252.08299999997,1
1923,1922.9999999999554,455.711458,445.6,10111.45799999997,1
1924,1923.9999999999552,455.883333,445.8,10083.332999999982,1
1925,1924.9999999999552,456.05625,446.06666666666666,9989.583333333314,1
1926,1925.9999999999543,456.208333,446.3,9908.33299999997,1
1927,1926.9999999999548,456.40937466666674,446.5,9909.374666666736,1
1928,1927.9999999999548,456.61041633333326,446.2,10410.416333333273,1
1929,1928.9999999999543,456.811458,446.93333333333334,9878.12466666668,1
1930,1929.9999999999543,457.021875,447.1333333333333,9888.541666666697,1
1931,1930.9999999999538,457.18125,447.3666666666667,9814.583333333303,1
1932,1931.9999999999538,457.34583349999997,447.6,9745.833499999946,1
1933,1932.9999999999538,457.501042,446.3333333333333,11167.70866666667,1
1934,1933.9999999999536,457.683333,446.3333333333333,11349.99966666669,1
1935,1934.9999999999538,457.8390625,446.3333333333333,11505.729166666697,1
1936,1935.9999999999534,458.001042,446.46666666666664,11534.375333333344,1
1937,1936.9999999999534,458.159375,446.7,11459.375000000022,1
1938,1937.9999999999532,458.34375,446.7,11643.750000000011,1
1939,1938.9999999999532,458.605208,446.7,11905.208000000017,1
1940,1939.9999999999534,458.808333,446.7,12108.333000000017,1
1941,1940.9999999999532,459.135417,446.76666666666665,12368.750333333366,1
1942,1941.999999999952,459.427083,449.5,9927.082999999982,1
1943,1942.9999999999516,459.59375,447.93333333333334,11660.416666666662,1
1944,1943.9999999999516,459.75625,448.23333333333335,11522.916666666675,1
1945,1944.9999999999516,460.011979,448.46666666666664,11545.312333333357,1
1946,1945.9999999999516,460.215625,446.3333333333333,13882.291666666675,1
1947,1946.9999999999513,460.383333,446.1,14283.33299999997,1
1948,1947.9999999999511,460.592708,446.3666666666667,14226.041333333342,1
1949,1948.9999999999513,460.75468750000016,446.4,14354.687500000182,1
1950,1949.9999999999516,460.916667,446.76666666666665,14150.000333333366,1
1951,1950.9999999999511,461.129167,446.9,14229.167000000018,1
1952,1951.9999999999513,461.314583,447.1333333333333,14181.249666666701,1
1953,1952.9999999999518,461.44583350000005,447.1666666666667,14279.166833333364,1
1954,1953.9999999999513,461.644792,447.1666666666667,14478.12533333331,1
1955,1954.9999999999518,461.786458,447.1666666666667,14619.791333333296,1
1956,1955.9999999999511,461.9604165,447.1666666666667,14793.749833333322,1
1957,1956.9999999999511,462.1958335,447.1666666666667,15029.166833333307,1
1958,1957.9999999999513,462.354167,452.8333333333333,9520.833666666704,1
1959,1958.9999999999507,462.532292,451.43333333333334,11098.958666666647,1
1960,1959.9999999999507,462.7125,451.7,11012.499999999989,1
1961,1960.9999999999513,462.880208,451.93333333333334,10946.874666666645,1
1962,1961.9999999999507,463.042708,452.06666666666666,10976.041333333342,1
1963,1962.9999999999513,463.215625,452.3333333333333,10882.291666666675,1
1964,1963.9999999999502,463.374479,452.53333333333336,10841.145666666649,1
1965,1964.9999999999502,463.653125,452.8,10853.124999999978,1
1966,1965.9999999999507,463.903125,453.0,10903.124999999989,1
1967,1966.99999999995,464.05625,452.8333333333333,11222.916666666662,1
1968,1967.9999999999502,464.20625,452.76666666666665,11439.58333333336,1
1969,1968.9999999999507,464.433333,453.0,11433.333000000004,1
1970,1969.9999999999498,464.55,452.76666666666665,11783.33333333336,1
1971,1970.9999999999498,464.851042,452.96666666666664,11884.375333333366,1
1972,1971.999999999949,465.040625,453.1,11940.624999999955,1
1973,1972.9999999999495,465.203125,453.1,12103.124999999978,1
1974,1973.9999999999495,465.366667,452.8333333333333,12533.333666666693,1
1975,1974.9999999999493,465.557292,452.96666666666664,12590.625333333377,1
1976,1975.9999999999495,465.71328125,452.96666666666664,12746.614583333383,1
1977,1976.9999999999498,465.8692705,452.73333333333335,13135.93716666668,1
1978,1977.9999999999493,466.0609375,452.93333333333334,13127.604166666686,1
1979,1978.9999999999495,466.218229,452.96666666666664,13251.562333333368,1
1980,1979.9999999999486,466.36770850000005,453.1666666666667,13201.041833333364,1
1981,1980.9999999999488,466.561458,453.1666666666667,13394.79133333333,1
1982,1981.9999999999495,466.732292,453.1666666666667,13565.625333333286,1
1983,1982.9999999999486,466.905208,453.1666666666667,13738.54133333333,1
1984,1983.9999999999488,467.080208,453.1666666666667,13913.541333333342,1
1985,1984.999999999949,467.226042,455.6666666666667,11559.37533333332,1
1986,1985.9999999999486,467.391667,455.8,11591.666999999972,1
1987,1986.9999999999488,467.609375,458.7,8909.375000000011,1
1988,1987.9999999999493,467.7567705,458.7,9056.770500000028,1
1989,1988.9999999999486,468.0151045,458.7,9315.104500000018,1
1990,1989.999999999949,468.273958,457.8,10473.957999999982,1
1991,1990.9999999999486,468.4375,457.53333333333336,10904.16666666664,1
1992,1991.9999999999486,468.576042,457.8,10776.041999999961,1
1993,1992.9999999999486,468.772396,458.0,10772.396000000015,1
1994,1993.9999999999484,468.942708,457.53333333333336,11409.374666666623,1
1995,1994.9999999999484,469.13854150000003,457.76666666666665,11371.874833333379,1
1996,1995.9999999999488,469.317708,457.96666666666664,11351.041333333342,1
1997,1996.9999999999484,469.4875,459.06666666666666,10420.833333333348,1
1998,1997.9999999999486,469.672917,457.8,11872.916999999972,1
1999,1998.9999999999482,469.861458,457.96666666666664,11894.791333333387,1
2000,1999.9999999999484,470.005208,458.2,11805.207999999993,1
2001,2000.9999999999484,470.20885400000003,456.6,13608.854000000008,1
2002,2001.9999999999482,470.404167,456.73333333333335,13670.833666666624,1
2003,2002.9999999999484,470.540104,456.7,13840.103999999996,1
2004,2003.9999999999486,470.728125,457.06666666666666,13661.458333333314,1
2005,2004.9999999999482,470.9479165,457.3,13647.916500000008,1
2006,2005.9999999999484,471.147917,457.46666666666664,13681.250333333366,1
2007,2006.9999999999477,471.368229,457.46666666666664,13901.562333333346,1
2008,2007.999999999948,471.564583,457.46666666666664,14097.916333333387,1
2009,2008.9999999999486,471.719792,457.46666666666664,14253.125333333344,1
2010,2009.9999999999477,471.8984375,457.46666666666664,14431.77083333336,1
2011,2010.999999999948,472.082292,457.46666666666664,14615.625333333355,1
2012,2011.9999999999484,472.284375,457.46666666666664,14817.708333333372,1
2013,2012.9999999999477,472.59375,457.46666666666664,15127.08333333336,1
2014,2013.9999999999482,472.853125,457.46666666666664,15386.458333333338,1
2015,2014.9999999999475,473.029167,457.46666666666664,15562.500333333333,1
2016,2015.9999999999477,473.2239585,457.46666666666664,15757.29183333334,1
2017,2016.9999999999482,473.4927085,457.46666666666664,16026.041833333351,1
2018,2017.9999999999475,473.667708,457.46666666666664,16201.041333333364,1
2019,2018.9999999999475,473.8734375,459.1,14773.4375,1
2020,2019.9999999999477,474.092708,459.26666666666665,14826.041333333364,1
2021,2020.9999999999475,474.26171875,461.2,13061.718750000011,1
2022,2021.9999999999475,474.4307295,461.3,13130.729499999972,1
2023,2022.9999999999477,474.632292,461.3,13332.291999999996,1
2024,2023.999999999947,474.793229,459.93333333333334,14859.89566666666,1
2025,2024.9999999999475,474.9963545,461.93333333333334,13063.021166666658,1
2026,2025.9999999999468,475.246875,461.93333333333334,13313.541666666652,1
2027,2026.9999999999468,475.408854,462.46666666666664,12942.187333333379,1
2028,2027.9999999999475,475.641667,462.5,13141.666999999983,1
2029,2028.999999999946,475.88125,462.3666666666667,13514.583333333348,1
2030,2029.9999999999463,476.075,462.3666666666667,13708.333333333314,1
2031,2030.9999999999457,476.3265625,462.3666666666667,13959.895833333348,1
2032,2031.999999999946,476.563542,462.3666666666667,14196.87533333331,1
2033,2032.9999999999463,476.778125,462.3666666666667,14411.458333333314,1
2034,2033.9999999999459,476.9890625,462.3666666666667,14622.395833333314,1
2035,2034.999999999946,477.24375,462.3666666666667,14877.083333333303,1
2036,2035.9999999999466,477.5041665,462.3666666666667,15137.499833333322,1
2037,2036.9999999999459,477.8078125,462.3666666666667,15441.145833333338,1
2038,2037.999999999946,478.178125,462.3666666666667,15811.458333333348,1
2039,2038.999999999946,478.3359375,462.3666666666667,15969.270833333325,1
2040,2039.9999999999459,478.525,462.3666666666667,16158.333333333303,1
2041,2040.999999999946,478.796875,462.3666666666667,16430.208333333325,1
2042,2041.9999999999459,478.975,465.56666666666666,13408.33333333336,1
2043,2042.9999999999457,479.184375,465.8333333333333,13351.041666666675,1
2044,2043.999999999946,479.340625,466.03333333333336,13307.291666666628,1
2045,2044.9999999999457,479.511458,465.9,13611.458000000028,1
2046,2045.9999999999457,479.722917,466.46666666666664,13256.250333333355,1
2047,2046.9999999999457,479.894792,466.6666666666667,13228.12533333331,1
2048,2047.9999999999457,480.036458,466.93333333333334,13103.124666666645,1
2049,2048.999999999946,480.246875,467.03333333333336,13213.541666666628,1
2050,2049.9999999999454,480.423958,469.8333333333333,10590.624666666714,1
2051,2050.9999999999454,480.596354,470.26666666666665,10329.687333333368,1
2052,2051.999999999946,480.841667,470.3333333333333,10508.333666666658,1
2053,2052.999999999945,481.015625,470.56666666666666,10448.958333333338,1
2054,2053.999999999945,481.205208,470.8,10405.208000000017,1
2055,2054.999999999946,481.477604,470.8333333333333,10644.27066666667,1
2056,2055.999999999945,481.660417,471.1,10560.416999999972,1
2057,2056.999999999946,481.83125,471.1,10731.249999999989,1
2058,2057.9999999999454,482.027083,471.3333333333333,10693.74966666669,1
2059,2058.999999999945,482.189583,471.53333333333336,10656.249666666667,1
2060,2059.9999999999454,482.4,471.76666666666665,10633.333333333325,1
2061,2060.9999999999445,482.70625,471.8333333333333,10872.916666666697,1
2062,2061.999999999945,482.928125,472.2,10728.125000000035,1
2063,2062.9999999999454,483.109375,472.26666666666665,10842.708333333348,1
2064,2063.9999999999445,483.321875,472.56666666666666,10755.208333333314,1
2065,2064.9999999999454,483.607292,472.73333333333335,10873.958666666624,1
2066,2065.9999999999445,483.8125,472.96666666666664,10845.83333333336,1
2067,2066.9999999999445,484.003646,473.2,10803.646000000015,1
2068,2067.9999999999445,484.240625,473.4,10840.625000000045,1
2069,2068.9999999999445,484.395833,473.6333333333333,10762.499666666656,1
2070,2069.9999999999445,484.60625000000016,473.8333333333333,10772.916666666844,1
2071,2070.9999999999445,484.821875,474.03333333333336,10788.541666666617,1
2072,2071.999999999944,484.971354,474.26666666666665,10704.687333333368,1
2073,2072.999999999944,485.1609375,474.43333333333334,10727.604166666652,1
2074,2073.9999999999445,485.332292,474.6,10732.291999999972,1
2075,2074.999999999944,485.499479,474.8,10699.478999999996,1
2076,2075.999999999944,485.6760415,475.06666666666666,10609.374833333333,1
2077,2076.999999999944,485.871875,475.26666666666665,10605.208333333338,1
2078,2077.999999999944,486.01875,475.5,10518.750000000011,1
2079,2078.9999999999445,486.180208,475.6333333333333,10546.874666666667,1
2080,2079.999999999944,486.363542,475.6333333333333,10730.20866666667,1
2081,2080.999999999944,486.485417,475.6333333333333,10852.083666666658,1
2082,2081.9999999999445,486.75625,476.3,10456.250000000011,1
2083,2082.999999999944,486.9760415,476.3,10676.041499999996,1
2084,2083.9999999999445,487.1171875,476.3,10817.187499999989,1
2085,2084.9999999999436,487.2796875,476.3,10979.687500000011,1
2086,2085.9999999999436,487.455208,476.3,11155.208000000017,1
2087,2086.999999999944,487.642708,476.3,11342.708000000017,1
2088,2087.9999999999436,487.9911455,476.3,11691.145500000004,1
2089,2088.9999999999436,488.295833,476.3,11995.833000000004,1
2090,2089.999999999944,488.459375,476.3,12159.375000000011,1
2091,2090.9999999999436,488.651042,476.3,12351.042000000007,1
2092,2091.999999999944,488.838542,476.3,12538.542000000007,1
2093,2092.9999999999436,488.95520849999997,476.3,12655.208499999957,1
2094,2093.9999999999436,489.2515625,476.3,12951.562499999965,1
2095,2094.9999999999436,489.48645849999997,476.3,13186.458499999957,1
2096,2095.999999999943,489.658333,476.3,13358.333000000017,1
2097,2096.999999999943,489.81822900000003,476.3,13518.22900000002,1
2098,2097.9999999999436,490.001042,476.3,13701.041999999972,1
2099,2098.999999999943,490.17239600000005,476.3,13872.396000000037,1
2100,2099.9999999999436,490.328125,476.3,14028.124999999989,1
2101,2100.999999999943,490.492708,477.5,12992.707999999993,1
2102,2101.999999999943,490.66979150000003,477.6,13069.791500000008,1
2103,2102.999999999944,490.8072915,477.8,13007.291500000008,1
2104,2103.999999999943,491.011458,478.0,13011.458000000004,1
2105,2104.999999999943,491.1359375,478.26666666666665,12869.27083333336,1
2106,2105.9999999999436,491.315625,478.26666666666665,13048.95833333336,1
2107,2106.999999999943,491.5,478.8,12699.999999999989,1
2108,2107.9999999999436,491.638021,479.53333333333336,12104.687666666621,1
2109,2108.9999999999436,491.767708,479.7,12067.708000000039,1
2110,2109.999999999943,491.991667,479.46666666666664,12525.000333333366,1
2111,2110.999999999944,492.078646,479.7,12378.646000000004,1
2112,2111.999999999943,492.346875,479.6666666666667,12680.208333333325,1
2113,2112.999999999943,492.553125,479.93333333333334,12619.791666666686,1
2114,2113.9999999999436,492.6661455,480.06666666666666,12599.478833333364,1
2115,2114.999999999943,492.83385400000003,480.06666666666666,12767.187333333368,1
2116,2115.999999999943,493.08125,480.6,12481.249999999989,1
2117,2116.9999999999427,493.19375,480.8333333333333,12360.416666666708,1
2118,2117.999999999943,493.454167,483.7,9754.166999999996,1
2119,2118.9999999999436,493.657292,481.4,12257.292000000007,1
2120,2119.999999999943,493.8666665,481.26666666666665,12599.999833333357,1
2121,2120.999999999943,494.20625,481.46666666666664,12739.583333333372,1
2122,2121.999999999943,494.4104165,481.7,12710.416500000008,1
2123,2122.9999999999427,494.614583,481.93333333333334,12681.249666666645,1
2124,2123.999999999943,494.7526045,482.1333333333333,12619.271166666693,1
2125,2124.999999999943,494.888542,482.3666666666667,12521.875333333299,1
2126,2125.9999999999422,495.072917,482.56666666666666,12506.250333333355,1
2127,2126.9999999999422,495.242708,482.8333333333333,12409.37466666668,1
2128,2127.9999999999422,495.43541650000003,482.6333333333333,12802.083166666705,1
2129,2128.999999999942,495.628125,482.8333333333333,12794.791666666697,1
2130,2129.9999999999427,495.766146,483.06666666666666,12699.47933333333,1
2131,2130.9999999999413,495.925,482.8,13125.0,1
2132,2131.999999999941,496.08125,481.4,14681.250000000035,1
2133,2132.999999999941,496.24375,481.43333333333334,14810.41666666664,1
2134,2133.999999999941,496.4234375,481.43333333333334,14990.10416666664,1
2135,2134.999999999941,496.603125,481.43333333333334,15169.79166666664,1
2136,2135.9999999999404,496.7296875,481.43333333333334,15296.354166666675,1
2137,2136.99999999994,496.86875,483.7,13168.749999999989,1
2138,2137.99999999994,497.057292,484.03333333333336,13023.958666666658,1
2139,2138.999999999939,497.217708,482.3666666666667,14851.041333333342,1
2140,2139.99999999994,497.3973955,482.5,14897.395500000017,1
2141,2140.9999999999395,497.577083,482.8333333333333,14743.749666666701,1
2142,2141.999999999939,497.7302085,482.8333333333333,14896.875166666689,1
2143,2142.999999999939,497.929167,485.0,12929.167000000007,1
2144,2143.999999999939,498.147917,485.1333333333333,13014.58366666668,1
2145,2144.9999999999377,498.559375,485.53333333333336,13026.041666666628,1
2146,2145.9999999999377,498.896875,486.6333333333333,12263.541666666697,1
2147,2146.9999999999372,499.038542,486.8,12238.541999999996,1
2148,2147.999999999937,499.177083,486.2,12977.082999999993,1
2149,2148.9999999999363,499.344792,486.43333333333334,12911.458666666647,1
2150,2149.999999999936,499.534375,490.46666666666664,9067.708333333372,1
2151,2150.999999999936,499.672917,490.7,8972.916999999996,1
2152,2151.999999999935,499.796875,490.73333333333335,9063.541666666652,1
2153,2152.999999999935,499.933854,490.73333333333335,9200.520666666649,1
2154,2153.999999999935,500.06718750000016,490.73333333333335,9333.85416666681,1
2155,2154.9999999999354,500.25911475,490.73333333333335,9525.781416666632,1
2156,2155.999999999935,500.451042,490.73333333333335,9717.708666666624,1
2157,2156.9999999999354,500.780208,490.73333333333335,10046.874666666667,1
2158,2157.999999999934,501.091667,490.73333333333335,10358.333666666624,1
2159,2158.999999999934,501.225,490.73333333333335,10491.666666666675,1
2160,2159.999999999934,501.365625,492.1,9265.625,1
2161,2160.999999999933,501.535417,492.3333333333333,9202.08366666668,1
2162,2161.999999999933,501.716667,492.6666666666667,9050.000333333286,1
2163,2162.9999999999322,501.855208,492.8,9055.207999999993,1
2164,2163.999999999932,501.992708,492.46666666666664,9526.041333333353,1
2165,2164.999999999932,502.125,492.8,9324.999999999989,1
2166,2165.9999999999313,502.2822915,492.8,9482.291499999974,1
2167,2166.9999999999327,502.47291675,492.8,9672.916750000013,1
2168,2167.999999999931,502.663542,492.8,9863.541999999996,1
2169,2168.9999999999313,502.8109375,495.3666666666667,7444.2708333333485,1
2170,2169.9999999999313,503.057292,497.1,5957.291999999996,1
2171,2170.9999999999304,503.173958,497.1,6073.958000000004,1
2172,2171.9999999999304,503.36875,497.3,6068.749999999965,1
2173,2172.9999999999304,503.603125,496.8333333333333,6769.791666666662,1
2174,2173.99999999993,503.746875,497.1,6646.874999999965,1
2175,2174.9999999999295,503.9260415,497.3,6626.041499999985,1
2176,2175.9999999999295,504.134375,497.4,6734.375,1
2177,2176.999999999929,504.270833,497.4,6870.833000000004,1
2178,2177.999999999929,504.448958,497.3,7148.957999999993,1
2179,2178.999999999929,504.655208,496.8333333333333,7821.874666666701,1
2180,2179.999999999928,504.790625,497.06666666666666,7723.958333333314,1
2181,2180.999999999928,504.9526045,497.23333333333335,7719.271166666658,1
2182,2181.9999999999277,505.184375,497.1,8084.374999999965,1
2183,2182.9999999999272,505.311458,497.1333333333333,8178.12466666669,1
2184,2183.9999999999272,505.4828125,497.3333333333333,8149.479166666708,1
2185,2184.999999999927,505.725,497.56666666666666,8158.333333333359,1
2186,2185.999999999927,505.846875,497.8,8046.875,1
2187,2186.9999999999254,506.015625,497.7,8315.625000000011,1
2188,2187.999999999926,506.261458,497.93333333333334,8328.124666666667,1
2189,2188.999999999926,506.378125,498.1333333333333,8244.791666666686,1
2190,2189.999999999925,506.565104,498.3666666666667,8198.437333333346,1
2191,2190.999999999925,506.810417,498.43333333333334,8377.083666666636,1
2192,2191.999999999925,507.004167,505.4,1604.167000000018,1
2193,2192.9999999999245,507.390625,506.6666666666667,723.9583333333144,1
2194,2193.999999999925,507.6046875,506.8666666666667,738.0208333333371,1
2195,2194.9999999999245,507.81875,506.96666666666664,852.0833333333826,1
2196,2195.9999999999145,507.86770850000005,507.1666666666667,701.0418333333632,1
2197,2196.999999999915,508.01979175,507.53333333333336,486.45841666666456,1
2198,2197.9999999999145,508.171875,507.73333333333335,438.5416666666515,1
2199,2198.9999999999145,508.2802085,507.96666666666664,313.5418333333746,1
2200,2199.9999999999145,508.42916675,508.1333333333333,295.8334166666532,1
2201,2200.9999999999145,508.578125,508.23333333333335,344.7916666666515,1
2202,2201.9999999999145,508.634375,508.46666666666664,167.70833333333712,1
2203,2202.9999999999145,508.809375,508.6666666666667,142.70833333330302,1
2204,2203.9999999999145,508.984375,509.0,15.625,1
2205,2204.9999999999145,509.159375,509.1333333333333,26.041666666685614,1
2206,2205.999999999915,509.41354166666673,509.3,113.54166666671972,1
2207,2206.9999999999145,509.6677083333333,509.53333333333336,134.37499999992042,1
2208,2207.9999999999145,509.921875,509.76666666666665,155.2083333333485,1
2209,2208.999999999915,510.1046875,509.8666666666667,238.02083333333712,1
2210,2209.999999999915,510.2875,509.8666666666667,420.8333333333485,1
2211,2210.999999999915,510.4703125,509.8666666666667,603.645833333303,1
2212,2211.999999999915,510.65312500000016,509.8666666666667,786.4583333334849,1
2213,2212.999999999914,510.829167,509.8666666666667,962.5003333333098,1
2214,2213.999999999914,510.9859375,509.8666666666667,1119.270833333303,1
2215,2214.999999999914,511.13125,509.8666666666667,1264.5833333333485,1
2216,2215.999999999914,511.271875,509.8666666666667,1405.2083333333485,1
2217,2216.999999999913,511.441667,509.8666666666667,1575.0003333333211,1
2218,2217.9999999999127,511.63828125,509.8666666666667,1771.614583333303,1
2219,2218.999999999913,511.8348955,509.8666666666667,1968.2288333333418,1
2220,2219.999999999913,511.882292,509.8666666666667,2015.6253333333325,1
2221,2220.9999999999127,512.050521,509.8666666666667,2183.854333333329,1
2222,2221.9999999999127,512.21875,509.8666666666667,2352.0833333333258,1
2223,2222.999999999913,512.2947919999998,509.8666666666667,2428.125333333128,1
2224,2223.9999999999127,512.4799479999998,509.8666666666667,2613.281333333134,1
2225,2224.9999999999127,512.665104,509.8666666666667,2798.437333333368,1
2226,2225.9999999999127,512.727083,509.8666666666667,2860.416333333319,1
2227,2226.9999999999127,512.9059026666666,509.8666666666667,3039.23599999996,1
2228,2227.9999999999127,513.0847223333334,509.8666666666667,3218.0556666667144,1
2229,2228.9999999999127,513.263542,513.8333333333334,569.7913333333418,1
2230,2229.999999999913,513.510417,513.9666666666667,456.2496666667357,1
2231,2230.999999999913,513.757292,513.8333333333334,76.04133333336449,1
2232,2231.999999999913,514.0041669999998,514.1666666666666,162.49966666680393,1
2233,2232.999999999913,514.196745125,513.9666666666667,230.07845833330975,1
2234,2233.999999999914,514.38932325,514.7333333333333,344.01008333338723,1
2235,2234.999999999913,514.5819013749998,514.7666666666667,184.7652916668494,1
2236,2235.999999999913,514.7744795,514.3333333333334,441.14616666661277,1
2237,2236.9999999999127,514.9447915000002,514.5666666666667,378.1248333334588,1
2238,2237.9999999999127,515.1156249999998,515.8666666666667,751.0416666668789,1
2239,2238.999999999912,515.2625,516.3333333333334,1070.8333333333258,1
2240,2239.999999999912,515.4119794999998,516.4666666666667,1054.6871666668949,1
2241,2240.999999999912,515.561458,516.7333333333333,1171.8753333333325,1
2242,2241.9999999999063,515.730729,516.3333333333334,602.6043333333746,1
2243,2242.9999999999063,515.9,516.1666666666666,266.6666666666515,1
2244,2243.9999999999063,516.0322914999998,516.4,367.70850000016253,1
2245,2244.9999999999063,516.190104,516.2,9.896000000026106,1
2246,2245.9999999999063,516.3479165,516.3,47.916500000042106,1
2247,2246.9999999999063,516.4640625,516.4333333333333,30.729166666674246,1
2248,2247.9999999999063,516.63463525,516.6333333333333,1.3019166666481397,1
2249,2248.9999999999063,516.805208,516.8666666666667,61.45866666668098,1
2250,2249.999999999906,516.939583,516.9,39.58299999999326,1
2251,2250.9999999999063,517.091406,516.9,191.40600000002905,1
2252,2251.9999999999063,517.243229,516.8666666666667,376.56233333336786,1
2253,2252.999999999906,517.38125,516.9,481.2500000000455,1
2254,2253.9999999999063,517.5289062500002,517.1,428.9062500001819,1
2255,2254.9999999999063,517.6765625,517.2666666666667,409.89583333339397,1
2256,2255.999999999906,517.815625,517.3333333333334,482.2916666665833,1
2257,2256.9999999999063,517.97890625,517.5333333333333,445.5729166667197,1
2258,2257.999999999906,518.1421875000002,517.7666666666667,375.5208333335531,1
2259,2258.999999999906,518.2677085,517.7666666666667,501.0418333333746,1
2260,2259.999999999906,518.42708325,517.9666666666667,460.4165833333127,1
2261,2260.999999999906,518.586458,518.2,386.4579999999478,1
2262,2261.999999999906,518.842708,518.2,642.7079999999705,1
2263,2262.9999999999063,519.02526025,518.4333333333333,591.9269166666936,1
2264,2263.999999999906,519.2078125,518.6,607.8125000000227,1
2265,2264.999999999906,519.571875,518.7333333333333,838.5416666666288,1
2266,2265.999999999906,519.8755209999998,519.0,875.5209999998215,1
2267,2266.999999999905,520.0140625,519.1333333333333,880.729166666697,1
2268,2267.9999999999045,520.169792,519.3666666666667,803.1253333333552,1
2269,2268.9999999999045,520.354167,519.7333333333333,620.8336666666128,1
2270,2269.9999999999036,520.49375,520.0,493.74999999997726,1
2271,2270.9999999999036,520.6375,520.3,337.50000000009095,1
2272,2271.999999999903,520.8192710000002,520.4,419.271000000208,1
2273,2272.9999999999022,520.9572919999998,520.5333333333333,423.9586666665218,1
2274,2273.9999999999027,521.10625,520.7666666666667,339.58333333339397,1
2275,2274.9999999999022,521.2906250000002,520.8,490.6250000002501,1
2276,2275.9999999999022,521.475,521.0,475.00000000002274,1
2277,2276.9999999999022,521.795833,521.2,595.8329999999705,1
2278,2277.9999999999022,522.0848960000002,521.3,784.8960000002307,1
2279,2278.9999999999013,522.2229165000001,521.4666666666667,756.2498333334133,1
2280,2279.9999999999004,522.3770835,521.6666666666666,710.4168333333973,1
2281,2280.9999999999004,522.553125,521.9333333333333,619.7916666667425,1
2282,2281.9999999999,522.6989580000002,522.2,498.9580000001297,1
2283,2282.999999999899,522.848958,522.4,448.9580000000615,1
2284,2283.9999999998986,523.0406250000002,522.6,440.6250000001819,1
2285,2284.999999999898,523.1734375,522.7333333333333,440.10416666662877,1
2286,2285.999999999898,523.3286459999998,522.9666666666667,361.9793333331245,1
2287,2286.9999999998986,523.4971355,523.1666666666666,330.4688333333843,1
2288,2287.999999999898,523.665625,523.2333333333333,432.29166666662877,1
2289,2288.999999999898,523.8260415,523.4666666666667,359.3748333332769,1
2290,2289.999999999898,523.973958,523.6666666666666,307.29133333340997,1
2291,2290.9999999998986,524.109375,523.7,409.3749999999545,1
2292,2291.999999999898,524.246875,523.8666666666667,380.20833333337123,1
2293,2292.999999999892,524.39375,524.1,293.7499999999318,1
2294,2293.999999999892,524.5401039999998,524.1666666666666,373.43733333318596,1
2295,2294.9999999998927,524.705208,524.3666666666667,338.5413333332963,1
2296,2295.9999999998918,524.853125,524.4,453.125,1
2297,2296.999999999892,524.9729169999998,524.6,372.9169999998021,1
2298,2297.999999999892,525.108333,524.7666666666667,341.6663333333645,1
2299,2298.999999999892,525.244271,524.9666666666667,277.6043333333291,1
2300,2299.9999999998918,525.3812499999998,525.0666666666667,314.58333333307564,1
2301,2300.9999999998918,525.533333,525.2666666666667,266.666333333319,1
2302,2301.9999999998913,525.697917,525.2666666666667,431.25033333330975,1
2303,2302.9999999998913,525.810417,525.4,410.4170000000522,1
2304,2303.9999999998913,525.9442705,525.6333333333333,310.93716666669025,1
2305,2304.9999999998913,526.1151044999998,525.7333333333333,381.7711666664536,1
2306,2305.9999999998913,526.2479165,525.7333333333333,514.5831666666254,1
2307,2306.999999999891,526.496875,525.7333333333333,763.541666666697,1
2308,2307.999999999891,526.715625,526.1,615.6250000000227,1
2309,2308.999999999891,526.866667,526.2333333333333,633.3336666666582,1
2310,2309.999999999891,527.003125,526.4333333333333,569.7916666666742,1
2311,2310.999999999891,527.138542,526.6666666666666,471.8753333334007,1
2312,2311.9999999998913,527.2697919999998,526.8333333333334,436.4586666664536,1
2313,2312.9999999998913,527.41875,527.0666666666667,352.08333333332575,1
2314,2313.9999999998913,527.5805556666667,527.3,280.5556666667144,1
2315,2314.9999999998913,527.7423613333334,527.5,242.36133333340604,1
2316,2315.999999999891,527.904167,527.7666666666667,137.50033333337797,1
2317,2316.999999999891,528.065278,527.7333333333333,331.9446666666863,1
2318,2317.999999999891,528.2263889999998,527.8333333333334,393.05566666644154,1
2319,2318.999999999891,528.3875,528.0333333333333,354.16666666674246,1
2320,2319.9999999998913,528.5541666666667,528.2,354.16666666662877,1
2321,2320.9999999998927,528.7208333333333,528.3333333333334,387.4999999999318,1
2322,2321.9999999998913,528.8875,528.4666666666667,420.8333333333485,1
2323,2322.9999999998913,529.0704860000002,528.6,470.4860000001645,1
2324,2323.9999999998927,529.253472,528.7666666666667,486.8053333333364,1
2325,2324.9999999998913,529.436458,528.9,536.4580000000387,1
2326,2325.9999999998918,529.6371525000002,529.0333333333333,603.8191666668808,1
2327,2326.9999999998913,529.837847,529.2666666666667,571.1803333333592,1
2328,2327.9999999998913,530.0385415000002,529.4333333333333,605.2081666668983,1
2329,2328.999999999891,530.239236,529.6666666666666,572.5693333333766,1
2330,2329.9999999998913,530.4399305,529.9,539.9304999999686,1
2331,2330.99999999989,530.640625,530.1333333333333,507.29166666667425,1
2332,2331.999999999891,530.83984375,530.3666666666667,473.17708333332575,1
2333,2332.9999999998913,531.0390625,530.5333333333333,505.729166666697,1
2334,2333.999999999891,531.23828125,530.5666666666667,671.6145833332803,1
2335,2334.999999999891,531.4375,530.8,637.5000000000455,1
2336,2335.9999999998913,531.63671875,531.0,636.71875,1
2337,2336.999999999891,531.8359375,531.2333333333333,602.6041666666515,1
