beat_idx,gt_beat,gt_time_s,pred_time_s,err_ms,ok
0,0.0,0.58125,0.0,581.25,1
1,1.0000000000000002,0.784375,0.0,784.38,1
2,2.0000000000000004,0.9875,0.03333333333333333,954.17,1
3,3.000000000000001,1.113542,0.06666666666666667,1046.88,1
4,4.000000000000001,1.32786475,0.1,1227.86,1
5,5.000000000000001,1.5421875,0.1,1442.19,1
6,6.000000000000001,1.692708,0.13333333333333333,1559.37,1
7,7.0,1.9026038333333333,0.13333333333333333,1769.27,1
8,8.000000000000002,2.112499666666667,0.16666666666666666,1945.83,1
9,9.000000000000002,2.3223955000000003,0.2,2122.4,1
10,10.000000000000002,2.532291333333333,0.2,2332.29,1
11,11.000000000000004,2.7421871666666666,0.23333333333333334,2508.85,1
12,12.000000000000004,2.952083,0.26666666666666666,2685.42,1
13,13.000000000000004,3.1961803333333334,0.26666666666666666,2929.51,1
14,14.000000000000002,3.440277666666667,0.5333333333333333,2906.94,1
15,15.000000000000002,3.684375,0.5333333333333333,3151.04,1
16,16.000000000000004,3.8600694166666663,0.5666666666666667,3293.4,1
17,17.000000000000004,4.035763833333333,0.6,3435.76,1
18,18.000000000000004,4.21145825,0.6,3611.46,1
19,19.0,4.387152666666667,0.6333333333333333,3753.82,1
20,20.0,4.562847083333334,0.6666666666666666,3896.18,1
21,21.000000000000004,4.7385415,0.6666666666666666,4071.87,1
22,22.000000000000004,4.92578125,0.7,4225.78,1
23,23.000000000000007,5.113021,0.7,4413.02,1
24,24.000000000000018,5.426042,0.7333333333333333,4692.71,1
25,25.000000000000007,5.734896,0.7666666666666667,4968.23,1
26,26.000000000000007,6.04375,0.7666666666666667,5277.08,1
27,27.000000000000014,6.1729165,0.8,5372.92,1
28,28.00000000000001,6.40677075,0.8333333333333334,5573.44,1
29,29.000000000000025,6.640625,0.8333333333333334,5807.29,1
30,30.000000000000018,6.778125,0.8666666666666667,5911.46,1
31,31.000000000000018,7.007638833333332,0.8666666666666667,6140.97,1
32,32.00000000000002,7.237152666666668,0.9666666666666667,6270.49,1
33,33.00000000000002,7.4666665,1.0,6466.67,1
34,34.00000000000002,7.6961803333333325,1.0,6696.18,1
35,35.00000000000002,7.925694166666666,1.0333333333333334,6892.36,1
36,36.00000000000002,8.155208,1.0333333333333334,7121.87,1
37,37.00000000000002,8.402951166666666,1.0666666666666667,7336.28,1
38,38.00000000000002,8.650694333333334,1.4333333333333333,7217.36,1
39,39.000000000000036,8.8984375,1.4333333333333333,7465.1,1
40,40.00000000000002,9.09296875,1.4666666666666666,7626.3,1
41,41.00000000000002,9.2875,1.5,7787.5,1
42,42.00000000000002,9.48203125,1.5,7982.03,1
43,43.00000000000002,9.6765625,1.5333333333333334,8143.23,1
44,44.00000000000003,9.87109375,1.5333333333333334,8337.76,1
45,45.00000000000003,10.065625,2.1333333333333333,7932.29,1
46,46.00000000000002,10.2546875,2.1666666666666665,8088.02,1
47,47.000000000000036,10.44375,2.1666666666666665,8277.08,1
48,48.000000000000036,10.739583,2.2,8539.58,1
49,49.000000000000036,10.909027666666667,2.2333333333333334,8675.69,1
50,50.000000000000036,11.078472333333332,2.2333333333333334,8845.14,1
51,51.000000000000036,11.247917,2.2666666666666666,8981.25,1
52,52.000000000000036,11.404514,2.2666666666666666,9137.85,1
53,53.00000000000003,11.561111,2.3,9261.11,1
54,54.000000000000036,11.717708,2.3333333333333335,9384.37,1
55,55.00000000000003,11.905728833333333,2.3333333333333335,9572.4,1
56,56.00000000000002,12.093749666666668,2.3666666666666667,9727.08,1
57,57.00000000000003,12.2817705,2.4,9881.77,1
58,58.00000000000003,12.510118785714289,2.4,10110.12,1
59,59.00000000000003,12.738467071428573,2.433333333333333,10305.13,1
60,60.00000000000003,12.966815357142858,2.433333333333333,10533.48,1
61,61.00000000000002,13.195163642857144,2.466666666666667,10728.5,1
62,62.00000000000003,13.423511928571427,2.5,10923.51,1
63,63.00000000000003,13.651860214285716,2.5,11151.86,1
64,64.00000000000003,13.880208500000002,2.6,11280.21,1
65,65.00000000000003,14.054010600000002,2.8,11254.01,1
66,66.00000000000003,14.227812699999998,3.0,11227.81,1
67,67.00000000000003,14.401614800000004,3.2,11201.61,1
68,68.00000000000003,14.575416900000002,3.4,11175.42,1
69,69.00000000000003,14.749219000000002,3.6,11149.22,1
70,70.00000000000003,14.9230211,3.8666666666666667,11056.35,1
71,71.00000000000003,15.0968232,4.3,10796.82,1
72,72.00000000000003,15.270625300000004,4.333333333333333,10937.29,1
73,73.00000000000003,15.444427400000002,4.466666666666667,10977.76,1
74,74.00000000000003,15.618229500000002,4.466666666666667,11151.56,1
75,75.00000000000004,15.721875,4.566666666666666,11155.21,1
76,76.00000000000003,15.9197915,5.066666666666666,10853.12,1
77,77.00000000000003,16.117708,5.066666666666666,11051.04,1
78,78.00000000000003,16.2385415,5.1,11138.54,1
79,79.00000000000004,16.441666583333333,5.1,11341.67,1
80,80.00000000000003,16.644791666666666,5.133333333333334,11511.46,1
81,81.00000000000003,16.847916750000003,5.166666666666667,11681.25,1
82,82.00000000000003,17.051041833333336,5.166666666666667,11884.38,1
83,83.00000000000004,17.25416691666667,5.2,12054.17,1
84,84.00000000000003,17.457292000000002,5.2,12257.29,1
85,85.00000000000004,17.685417,5.233333333333333,12452.08,1
86,86.00000000000004,17.913542000000003,5.266666666666667,12646.88,1
87,87.00000000000006,18.141667,5.266666666666667,12875.0,1
88,88.00000000000004,18.3302086,5.3,13030.21,1
89,89.00000000000004,18.518750200000003,5.333333333333333,13185.42,1
90,90.00000000000004,18.7072918,5.333333333333333,13373.96,1
91,91.00000000000004,18.895833399999997,5.366666666666666,13529.17,1
92,92.00000000000006,19.084375,5.366666666666666,13717.71,1
93,93.00000000000007,19.364583,5.4,13964.58,1
94,94.00000000000006,19.55,5.433333333333334,14116.67,1
95,95.00000000000007,19.735417,5.433333333333334,14302.08,1
96,96.0000000000001,20.057292,5.466666666666667,14590.63,1
97,97.00000000000007,20.33671875,5.5,14836.72,1
98,98.00000000000009,20.6161455,5.5,15116.15,1
99,99.00000000000009,20.732292,5.533333333333333,15198.96,1
100,100.00000000000009,20.9677085,5.533333333333333,15434.38,1
101,101.00000000000013,21.203125,5.566666666666666,15636.46,1
102,102.00000000000009,21.3520835,5.6,15752.08,1
103,103.0000000000001,21.58454875,5.6,15984.55,1
104,104.0000000000001,21.817014,5.666666666666667,16150.35,1
105,105.00000000000009,22.04947925,5.733333333333333,16316.15,1
106,106.00000000000009,22.2819445,5.966666666666667,16315.28,1
107,107.00000000000009,22.51440975,5.966666666666667,16547.74,1
108,108.0000000000001,22.746875,6.066666666666666,16680.21,1
109,109.0000000000001,23.02083333333333,7.666666666666667,15354.17,1
110,110.0000000000001,23.29479166666667,7.766666666666667,15528.13,1
111,111.00000000000017,23.56875,8.066666666666666,15502.08,1
112,112.0000000000001,23.76371533333333,8.266666666666667,15497.05,1
113,113.00000000000013,23.95868066666667,8.366666666666667,15592.01,1
114,114.00000000000013,24.153646,8.7,15453.65,1
115,115.0000000000001,24.34861133333333,8.733333333333333,15615.28,1
116,116.0000000000001,24.54357666666667,8.9,15643.58,1
117,117.0000000000001,24.738542,9.4,15338.54,1
118,118.00000000000013,24.9307295,9.633333333333333,15297.4,1
119,119.00000000000013,25.122917,9.733333333333333,15389.58,1
120,120.00000000000013,25.413542,9.766666666666667,15646.88,1
121,121.00000000000014,25.588194666666666,9.933333333333334,15654.86,1
122,122.00000000000013,25.76284733333333,10.066666666666666,15696.18,1
123,123.00000000000014,25.9375,10.233333333333333,15704.17,1
124,124.00000000000014,26.094791666666666,10.5,15594.79,1
125,125.00000000000014,26.25208333333333,10.533333333333333,15718.75,1
126,126.0000000000002,26.409375,10.7,15709.38,1
127,127.00000000000014,26.5859375,10.966666666666667,15619.27,1
128,128.00000000000014,26.7625,11.966666666666667,14795.83,1
129,129.00000000000014,26.9390625,12.266666666666667,14672.4,1
130,130.00000000000014,27.14918157142857,12.4,14749.18,1
131,131.00000000000014,27.359300642857146,12.7,14659.3,1
132,132.00000000000014,27.56941971428572,12.866666666666667,14702.75,1
133,133.00000000000014,27.779538785714283,13.0,14779.54,1
134,134.00000000000014,27.989657857142852,13.366666666666667,14622.99,1
135,135.00000000000014,28.199776928571428,13.566666666666666,14633.11,1
136,136.0000000000002,28.409896000000003,13.766666666666667,14643.23,1
137,137.00000000000014,28.603320500000002,13.9,14703.32,1
138,138.00000000000014,28.796745,14.166666666666666,14630.08,1
139,139.00000000000014,28.9901695,14.366666666666667,14623.5,1
140,140.00000000000014,29.183594,14.566666666666666,14616.93,1
141,141.00000000000014,29.3770185,14.766666666666667,14610.35,1
142,142.00000000000014,29.570443,14.833333333333334,14737.11,1
143,143.00000000000014,29.7638675,15.0,14763.87,1
144,144.00000000000014,29.957292,15.0,14957.29,1
145,145.00000000000014,30.16458350000001,15.1,15064.58,1
146,146.0000000000002,30.371875,15.366666666666667,15005.21,1
147,147.00000000000014,30.5447915,15.5,15044.79,1
148,148.00000000000014,30.769792,15.7,15069.79,1
149,149.00000000000017,30.883333,16.1,14783.33,1
150,150.0000000000002,31.048958,16.3,14748.96,1
151,151.00000000000028,31.20625,16.5,14706.25,1
152,152.00000000000026,31.373958,16.833333333333332,14540.62,1
153,153.00000000000028,31.517708,17.066666666666666,14451.04,1
154,154.00000000000028,31.70972200000001,17.066666666666666,14643.06,1
155,155.00000000000028,31.901736,17.1,14801.74,1
156,156.00000000000034,32.09375,18.233333333333334,13860.42,1
157,157.00000000000028,32.235417,18.233333333333334,14002.08,1
158,158.00000000000034,32.375,18.733333333333334,13641.67,1
159,159.00000000000034,32.568749999999994,18.733333333333334,13835.42,1
160,160.00000000000034,32.780729,18.766666666666666,14014.06,1
161,161.00000000000034,32.924479500000004,18.8,14124.48,1
162,162.00000000000034,33.088542,18.8,14288.54,1
163,163.00000000000034,33.217708,18.833333333333332,14384.37,1
164,164.00000000000034,33.364583,18.866666666666667,14497.92,1
165,165.00000000000028,33.51875,18.866666666666667,14652.08,1
166,166.0000000000003,33.701042,18.9,14801.04,1
167,167.00000000000034,33.823958000000005,18.9,14923.96,1
168,168.00000000000028,34.194792,19.0,15194.79,1
169,169.00000000000028,34.41796875,20.366666666666667,14051.3,1
170,170.00000000000028,34.6411455,20.733333333333334,13907.81,1
171,171.0000000000003,34.7921875,20.733333333333334,14058.85,1
172,172.00000000000037,35.026042,20.766666666666666,14259.38,1
173,173.00000000000028,35.1375,20.766666666666666,14370.83,1
174,174.00000000000028,35.295833,20.8,14495.83,1
175,175.00000000000026,35.45729199999999,20.966666666666665,14490.63,1
176,176.00000000000026,35.623958,20.966666666666665,14657.29,1
177,177.00000000000028,35.779167,21.366666666666667,14412.5,1
178,178.0000000000002,35.98142383333333,21.4,14581.42,1
179,179.00000000000017,36.18368066666667,21.4,14783.68,1
180,180.0000000000002,36.3859375,21.433333333333334,14952.6,1
181,181.0000000000002,36.563542,21.433333333333334,15130.21,1
182,182.00000000000026,36.707292,21.466666666666665,15240.63,1
183,183.00000000000017,36.87083300000001,22.533333333333335,14337.5,1
184,184.00000000000014,37.01145800000001,26.2,10811.46,1
185,185.00000000000014,37.160417,26.433333333333334,10727.08,1
186,186.00000000000017,37.32395800000001,27.033333333333335,10290.62,1
187,187.0000000000002,37.486458,27.133333333333333,10353.12,1
188,188.00000000000014,37.644792,27.666666666666668,9978.13,1
189,189.0000000000001,37.827604,27.666666666666668,10160.94,1
190,190.0000000000001,38.08125,27.7,10381.25,1
191,191.0000000000001,38.320833,27.7,10620.83,1
192,192.00000000000017,38.644792,27.733333333333334,10911.46,1
193,193.00000000000017,38.952083,27.766666666666666,11185.42,1
194,194.00000000000017,39.127083,27.766666666666666,11360.42,1
195,195.00000000000017,39.283333,27.8,11483.33,1
196,196.00000000000017,39.5578125,28.433333333333334,11124.48,1
197,197.00000000000017,39.757292,28.666666666666668,11090.63,1
198,198.0000000000002,39.939583,28.866666666666667,11072.92,1
199,199.0000000000002,40.138542,29.133333333333333,11005.21,1
200,200.00000000000017,40.3109375,29.266666666666666,11044.27,1
201,201.00000000000017,40.483333,29.5,10983.33,1
202,202.00000000000014,40.697917,29.666666666666668,11031.25,1
203,203.00000000000017,40.882292,29.833333333333332,11048.96,1
204,204.00000000000017,41.0427085,29.9,11142.71,1
205,205.00000000000017,41.236458,30.1,11136.46,1
206,206.00000000000017,41.415625,30.566666666666666,10848.96,1
207,207.00000000000017,41.574479,30.766666666666666,10807.81,1
208,208.00000000000017,41.809896,30.933333333333334,10876.56,1
209,209.00000000000017,41.980729,31.233333333333334,10747.4,1
210,210.00000000000017,42.16875,31.633333333333333,10535.42,1
211,211.00000000000017,42.366667,31.866666666666667,10500.0,1
212,212.00000000000017,42.520833,31.866666666666667,10654.17,1
213,213.0000000000002,42.703125,31.9,10803.13,1
214,214.00000000000017,42.882292,31.933333333333334,10948.96,1
215,215.0000000000002,43.04895850000001,32.06666666666667,10982.29,1
216,216.0000000000002,43.3625,32.2,11162.5,1
217,217.0000000000002,43.632292,32.2,11432.29,1
218,218.0000000000002,43.81458350000001,32.46666666666667,11347.92,1
219,219.0000000000002,43.959375,32.63333333333333,11326.04,1
220,220.0000000000002,44.182292,32.8,11382.29,1
221,221.00000000000028,44.3479165,32.8,11547.92,1
222,222.0000000000003,44.66770800000001,32.833333333333336,11834.37,1
223,223.0000000000003,44.86875,32.86666666666667,12002.08,1
224,224.0000000000003,45.026042,32.86666666666667,12159.38,1
225,225.0000000000003,45.222917,32.9,12322.92,1
226,226.0000000000003,45.416667,32.93333333333333,12483.33,1
227,227.0000000000003,45.565625,32.93333333333333,12632.29,1
228,228.0000000000003,45.730729,32.96666666666667,12764.06,1
229,229.0000000000003,45.9338545,32.96666666666667,12967.19,1
230,230.0000000000003,46.086458,33.0,13086.46,1
231,231.0000000000003,46.25156250000001,33.03333333333333,13218.23,1
232,232.0000000000003,46.470833,33.03333333333333,13437.5,1
233,233.00000000000034,46.648958,33.1,13548.96,1
234,234.00000000000037,46.845833,33.63333333333333,13212.5,1
235,235.00000000000037,47.034375,33.86666666666667,13167.71,1
236,236.00000000000037,47.207292,34.06666666666667,13140.63,1
237,237.00000000000037,47.3713545,34.06666666666667,13304.69,1
238,238.00000000000037,47.6125,34.233333333333334,13379.17,1
239,239.00000000000037,47.79375,34.43333333333333,13360.42,1
240,240.00000000000037,48.097917,34.7,13397.92,1
241,241.00000000000037,48.420833,34.7,13720.83,1
242,242.0000000000003,48.583333,34.733333333333334,13850.0,1
243,243.0000000000003,48.734375,34.733333333333334,14001.04,1
244,244.00000000000034,48.96458300000001,34.766666666666666,14197.92,1
245,245.0000000000003,49.16770800000001,34.8,14367.71,1
246,246.00000000000034,49.3765625,34.8,14576.56,1
247,247.00000000000037,49.567708,34.833333333333336,14734.37,1
248,248.00000000000037,49.739583,34.86666666666667,14872.92,1
249,249.00000000000037,49.9375,34.93333333333333,15004.17,1
250,250.0000000000004,50.13125,35.06666666666667,15064.58,1
251,251.00000000000037,50.332292,35.2,15132.29,1
252,252.0000000000004,50.483854,36.1,14383.85,1
253,253.00000000000037,50.669792,36.3,14369.79,1
254,254.0000000000004,50.8333335,36.36666666666667,14466.67,1
255,255.00000000000037,51.02708300000001,36.4,14627.08,1
256,256.0000000000004,51.2859375,36.43333333333333,14852.6,1
257,257.00000000000034,51.503125,36.8,14703.12,1
258,258.00000000000045,51.734896,36.96666666666667,14768.23,1
259,259.0000000000004,51.935417,37.36666666666667,14568.75,1
260,260.0000000000004,52.138542,37.6,14538.54,1
261,261.00000000000045,52.285417,37.8,14485.42,1
262,262.0000000000004,52.47708299999999,37.86666666666667,14610.42,1
263,263.00000000000045,52.6776045,37.86666666666667,14810.94,1
264,264.00000000000045,52.96979200000001,37.9,15069.79,1
265,265.0000000000004,53.21979200000001,39.2,14019.79,1
266,266.0000000000004,53.39166700000001,39.36666666666667,14025.0,1
267,267.00000000000045,53.597395999999996,39.36666666666667,14230.73,1
268,268.00000000000045,53.853646,39.4,14453.65,1
269,269.00000000000045,54.04010400000001,39.43333333333333,14606.77,1
270,270.00000000000045,54.2609375,39.43333333333333,14827.6,1
271,271.0000000000004,54.47708299999999,39.46666666666667,15010.42,1
272,272.0000000000004,54.653125,39.5,15153.13,1
273,273.00000000000045,54.83125,39.5,15331.25,1
274,274.0000000000004,55.042708499999996,39.53333333333333,15509.38,1
275,275.0000000000005,55.2078125,39.53333333333333,15674.48,1
276,276.0000000000005,55.4083335,40.733333333333334,14675.0,1
277,277.0000000000005,55.6369795,43.6,12036.98,1
278,278.0000000000005,55.796354,43.6,12196.35,1
279,279.0000000000005,56.04322950000001,44.266666666666666,11776.56,1
280,280.0000000000005,56.2947915,44.3,11994.79,1
281,281.0000000000005,56.480208,44.5,11980.21,1
282,282.0000000000005,56.711458500000006,44.63333333333333,12078.13,1
283,283.0000000000005,56.95,44.63333333333333,12316.67,1
284,284.0000000000005,57.135417,44.666666666666664,12468.75,1
285,285.0000000000005,57.35833349999999,45.1,12258.33,1
286,286.0000000000004,57.590625,45.1,12490.63,1
287,287.0000000000005,57.8359375,45.233333333333334,12602.6,1
288,288.0000000000004,58.18802049999999,45.266666666666666,12921.35,1
289,289.0000000000005,58.54375,45.266666666666666,13277.08,1
290,290.0000000000005,58.71354150000001,45.3,13413.54,1
291,291.0000000000005,58.902083499999996,45.36666666666667,13535.42,1
292,292.0000000000005,59.222917,45.43333333333333,13789.58,1
293,293.00000000000057,59.38229200000001,45.43333333333333,13948.96,1
294,294.0000000000005,59.63125,45.9,13731.25,1
295,295.00000000000057,59.83541700000001,45.9,13935.42,1
296,296.0000000000005,60.0,45.93333333333333,14066.67,1
297,297.00000000000057,60.2125,45.96666666666667,14245.83,1
298,298.0000000000005,60.410417,45.96666666666667,14443.75,1
299,299.00000000000057,60.559375,46.0,14559.38,1
300,300.0000000000005,60.7359375,46.03333333333333,14702.6,1
301,301.00000000000057,60.909375,46.03333333333333,14876.04,1
302,302.0000000000005,61.107292,46.166666666666664,14940.63,1
303,303.00000000000057,61.292708,46.4,14892.71,1
304,304.00000000000057,61.457292,46.4,15057.29,1
305,305.0000000000006,61.65625,46.833333333333336,14822.92,1
306,306.00000000000057,61.933854000000004,47.766666666666666,14167.19,1
307,307.0000000000006,62.130208,48.833333333333336,13296.87,1
308,308.0000000000006,62.302083,48.96666666666667,13335.42,1
309,309.0000000000006,62.488541500000004,49.2,13288.54,1
310,310.0000000000006,62.682292,49.333333333333336,13348.96,1
311,311.0000000000006,62.87916700000001,49.766666666666666,13112.5,1
312,312.0000000000006,63.16822950000001,49.93333333333333,13234.9,1
313,313.0000000000006,63.428125,50.13333333333333,13294.79,1
314,314.0000000000006,63.623958,50.333333333333336,13290.62,1
315,315.0000000000006,63.81875,52.53333333333333,11285.42,1
316,316.0000000000006,64.13333349999999,53.6,10533.33,1
317,317.0000000000006,64.33125,53.6,10731.25,1
318,318.0000000000007,64.5630205,54.0,10563.02,1
319,319.0000000000007,64.78125,54.0,10781.25,1
320,320.0000000000007,64.953125,54.266666666666666,10686.46,1
321,321.0000000000007,65.1328125,54.666666666666664,10466.15,1
322,322.0000000000007,65.3515625,55.0,10351.56,1
323,323.0000000000007,65.5145835,55.2,10314.58,1
324,324.0000000000007,65.6989585,55.6,10098.96,1
325,325.00000000000057,65.898958,55.8,10098.96,1
326,326.0000000000006,66.0651045,55.93333333333333,10131.77,1
327,327.0000000000007,66.26041649999999,56.233333333333334,10027.08,1
328,328.0000000000007,66.489583,56.46666666666667,10022.92,1
329,329.0000000000007,66.65208299999999,56.56666666666667,10085.42,1
330,330.0000000000007,66.784375,56.56666666666667,10217.71,1
331,331.0000000000006,66.96458299999999,56.63333333333333,10331.25,1
332,332.0000000000007,67.07864599999999,56.63333333333333,10445.31,1
333,333.0000000000007,67.3015625,57.1,10201.56,1
334,334.00000000000074,67.51875,57.3,10218.75,1
335,335.00000000000074,67.673958,57.5,10173.96,1
336,336.0000000000008,67.834896,57.5,10334.9,1
337,337.0000000000008,68.009375,58.46666666666667,9542.71,1
338,338.0000000000008,68.205208,58.5,9705.21,1
339,339.0000000000008,68.5296875,58.5,10029.69,1
340,340.00000000000085,68.742708,58.6,10142.71,1
341,341.0000000000008,68.911458,58.6,10311.46,1
342,342.00000000000085,69.0786455,58.833333333333336,10245.31,1
343,343.00000000000085,69.25625,58.86666666666667,10389.58,1
344,344.0000000000009,69.43802099999999,58.86666666666667,10571.35,1
345,345.0000000000009,69.690625,58.9,10790.62,1
346,346.0000000000009,69.8625,58.9,10962.5,1
347,347.0000000000009,70.061458,59.166666666666664,10894.79,1
348,348.00000000000097,70.367708,59.833333333333336,10534.37,1
349,349.0000000000009,70.602604,60.03333333333333,10569.27,1
350,350.00000000000097,70.8375,60.166666666666664,10670.83,1
351,351.000000000001,70.95416700000001,60.166666666666664,10787.5,1
352,352.000000000001,71.075,60.5,10575.0,1
353,353.000000000001,71.279167,60.7,10579.17,1
354,354.0000000000011,71.423958,60.733333333333334,10690.62,1
355,355.0000000000011,71.621354,61.53333333333333,10088.02,1
356,356.0000000000011,71.81875,61.666666666666664,10152.08,1
357,357.0000000000011,71.9645835,61.666666666666664,10297.92,1
358,358.00000000000114,72.147917,62.46666666666667,9681.25,1
359,359.00000000000125,72.289583,62.5,9789.58,1
360,360.00000000000125,72.46458299999998,62.5,9964.58,1
361,361.00000000000125,72.66302049999999,62.53333333333333,10129.69,1
362,362.00000000000114,72.861458,62.56666666666667,10294.79,1
363,363.0000000000013,72.996354,62.56666666666667,10429.69,1
364,364.0000000000013,73.122917,62.63333333333333,10489.58,1
365,365.0000000000013,73.307292,62.666666666666664,10640.63,1
366,366.0000000000014,73.477083,62.666666666666664,10810.42,1
367,367.0000000000014,73.67552049999998,63.13333333333333,10542.19,1
368,368.0000000000015,73.873958,63.166666666666664,10707.29,1
369,369.0000000000014,74.01093750000003,63.166666666666664,10844.27,1
370,370.0000000000013,74.177083,63.2,10977.08,1
371,371.00000000000165,74.354167,63.2,11154.17,1
372,372.00000000000153,74.638542,63.233333333333334,11405.21,1
373,373.00000000000153,74.9,63.266666666666666,11633.33,1
374,374.0000000000016,75.161458,63.266666666666666,11894.79,1
375,375.0000000000017,75.26979200000002,63.3,11969.79,1
376,376.0000000000015,75.395833,63.333333333333336,12062.5,1
377,377.00000000000176,75.583333,63.333333333333336,12250.0,1
378,378.0000000000017,75.735417,63.36666666666667,12368.75,1
379,379.0000000000018,75.94375,63.36666666666667,12577.08,1
380,380.00000000000176,76.064583,63.4,12664.58,1
381,381.0000000000019,76.259375,63.6,12659.38,1
382,382.0000000000019,76.438542,63.666666666666664,12771.88,1
383,383.000000000002,76.596875,63.93333333333333,12663.54,1
384,384.0000000000019,76.79010399999999,64.1,12690.1,1
385,385.0000000000019,77.06458316666667,64.1,12964.58,1
386,386.0000000000019,77.33906233333333,64.13333333333334,13205.73,1
387,387.000000000002,77.6135415,64.16666666666667,13446.87,1
388,388.0000000000019,77.83063431818181,64.16666666666667,13663.97,1
389,389.000000000002,78.04772713636362,64.2,13847.73,1
390,390.0000000000019,78.26481995454544,64.23333333333333,14031.49,1
391,391.000000000002,78.48191277272727,64.23333333333333,14248.58,1
392,392.0000000000019,78.6990055909091,64.26666666666667,14432.34,1
393,393.0000000000019,78.9160984090909,64.26666666666667,14649.43,1
394,394.0000000000019,79.13319122727273,64.3,14833.19,1
395,395.0000000000018,79.35028404545454,64.33333333333333,15016.95,1
396,396.0000000000019,79.56737686363638,64.33333333333333,15234.04,1
397,397.00000000000193,79.7844696818182,64.36666666666666,15417.8,1
398,398.000000000002,80.0015625,64.5,15501.56,1
399,399.0000000000018,80.10677100000002,64.63333333333334,15473.44,1
400,400.000000000002,80.36484399999998,64.83333333333333,15531.51,1
401,401.0000000000018,80.622917,64.96666666666667,15656.25,1
402,402.00000000000205,80.790625,65.23333333333333,15557.29,1
403,403.00000000000205,81.02916666666667,65.43333333333334,15595.83,1
404,404.000000000002,81.26770833333333,65.66666666666667,15601.04,1
405,405.00000000000205,81.50625,65.9,15606.25,1
406,406.000000000002,81.74479166666667,66.83333333333333,14911.46,1
407,407.0000000000019,81.98333333333333,66.83333333333333,15150.0,1
408,408.0000000000021,82.221875,67.5,14721.87,1
409,409.00000000000205,82.47569433333334,67.53333333333333,14942.36,1
410,410.000000000002,82.72951366666666,67.53333333333333,15196.18,1
411,411.00000000000205,82.983333,67.56666666666666,15416.67,1
412,412.000000000002,83.17638858333333,67.6,15576.39,1
413,413.0000000000019,83.36944416666667,67.6,15769.44,1
414,414.00000000000216,83.56249975,67.63333333333334,15929.17,1
415,415.00000000000205,83.75555533333333,67.63333333333334,16122.22,1
416,416.000000000002,83.94861091666667,67.66666666666667,16281.94,1
417,417.00000000000205,84.1416665,67.7,16441.67,1
418,418.000000000002,84.32864574999998,67.93333333333334,16395.31,1
419,419.00000000000205,84.515625,68.1,16415.63,1
420,420.00000000000205,84.84375,69.36666666666666,15477.08,1
421,421.0000000000021,85.15104149999998,69.56666666666666,15584.37,1
422,422.00000000000216,85.458333,69.66666666666667,15791.67,1
423,423.0000000000021,85.583854,69.66666666666667,15917.19,1
424,424.0000000000021,85.836979,70.16666666666667,15670.31,1
425,425.00000000000216,86.090104,70.33333333333333,15756.77,1
426,426.00000000000233,86.234375,70.46666666666667,15767.71,1
427,427.00000000000216,86.48385416666667,70.66666666666667,15817.19,1
428,428.00000000000233,86.73333333333332,70.76666666666667,15966.67,1
429,429.00000000000216,86.9828125,71.06666666666666,15916.15,1
430,430.0000000000021,87.23229166666668,71.3,15932.29,1
431,431.00000000000216,87.48177083333334,71.53333333333333,15948.44,1
432,432.00000000000233,87.73125,71.63333333333334,16097.92,1
433,433.00000000000216,87.98350683333334,71.7,16283.51,1
434,434.00000000000233,88.23576366666666,71.83333333333333,16402.43,1
435,435.00000000000216,88.48802049999998,72.0,16488.02,1
436,436.00000000000216,88.66640591666666,72.2,16466.41,1
437,437.00000000000216,88.84479133333332,72.46666666666667,16378.12,1
438,438.00000000000205,89.02317674999998,72.56666666666666,16456.51,1
439,439.00000000000216,89.20156216666666,72.76666666666667,16434.9,1
440,440.0000000000022,89.37994758333332,72.76666666666667,16613.28,1
441,441.00000000000233,89.55833299999998,72.83333333333333,16725.0,1
442,442.0000000000022,89.83263866666665,73.26666666666667,16565.97,1
443,443.0000000000022,90.10694433333332,73.3,16806.94,1
444,444.0000000000021,90.38125,73.3,17081.25,1
445,445.0000000000022,90.540625,73.33333333333333,17207.29,1
446,446.00000000000233,90.7,73.36666666666666,17333.33,1
447,447.00000000000233,90.859375,73.7,17159.37,1
448,448.00000000000233,91.023264,73.73333333333333,17289.93,1
449,449.0000000000022,91.187153,74.73333333333333,16453.82,1
450,450.0000000000021,91.351042,74.73333333333333,16617.71,1
451,451.0000000000022,91.57135433333332,74.93333333333334,16638.02,1
452,452.0000000000022,91.79166666666669,76.03333333333333,15758.33,1
453,453.0000000000025,92.011979,76.1,15911.98,1
454,454.00000000000233,92.26205342857142,78.03333333333333,14228.72,1
455,455.0000000000022,92.51212785714287,79.9,12612.13,1
456,456.00000000000233,92.76220228571428,80.1,12662.2,1
457,457.0000000000022,93.01227671428572,80.33333333333333,12678.94,1
458,458.00000000000233,93.26235114285713,80.53333333333333,12729.02,1
459,459.0000000000022,93.51242557142858,82.0,11512.43,1
460,460.00000000000233,93.7625,82.0,11762.5,1
461,461.0000000000022,93.9640625,82.4,11564.06,1
462,462.00000000000233,94.165625,84.16666666666667,9998.96,1
463,463.0000000000022,94.3671875,84.16666666666667,10200.52,1
464,464.00000000000233,94.56875,84.23333333333333,10335.42,1
465,465.00000000000233,94.7703125,84.23333333333333,10536.98,1
466,466.00000000000233,94.971875,84.26666666666667,10705.21,1
467,467.0000000000022,95.1734375,84.3,10873.44,1
468,468.00000000000233,95.375,84.3,11075.0,1
469,469.0000000000022,95.5765625,84.33333333333333,11243.23,1
470,470.00000000000233,95.778125,84.36666666666666,11411.46,1
471,471.0000000000024,95.903646,84.36666666666666,11536.98,1
472,472.0000000000024,96.14947925,84.4,11749.48,1
473,473.00000000000233,96.3953125,84.4,11995.31,1
474,474.0000000000024,96.5479165,84.43333333333334,12114.58,1
475,475.0000000000024,96.76232625,84.46666666666667,12295.66,1
476,476.0000000000024,96.976736,84.46666666666667,12510.07,1
477,477.00000000000244,97.19114575,84.5,12691.15,1
478,478.0000000000024,97.4055555,84.53333333333333,12872.22,1
479,479.0000000000024,97.61996525,84.53333333333333,13086.63,1
480,480.0000000000024,97.834375,84.56666666666666,13267.71,1
481,481.00000000000233,98.075,84.56666666666666,13508.33,1
482,482.0000000000024,98.315625,84.6,13715.63,1
483,483.00000000000244,98.55625,84.63333333333334,13922.92,1
484,484.0000000000024,98.7429166,84.63333333333334,14109.58,1
485,485.00000000000244,98.92958320000001,84.66666666666667,14262.92,1
486,486.00000000000244,99.1162498,84.7,14416.25,1
487,487.0000000000024,99.30291640000002,84.7,14602.92,1
488,488.00000000000244,99.489583,84.73333333333333,14756.25,1
489,489.0000000000025,99.778646,84.73333333333333,15045.31,1
490,490.00000000000244,99.96875025,84.76666666666667,15202.08,1
491,491.0000000000025,100.1588545,84.8,15358.85,1
492,492.0000000000025,100.478125,84.8,15678.13,1
493,493.00000000000256,100.7791665,84.83333333333333,15945.83,1
494,494.0000000000025,101.080208,85.1,15980.21,1
495,495.00000000000256,101.2015625,85.56666666666666,15634.9,1
496,496.0000000000027,101.45338525,85.6,15853.39,1
497,497.00000000000256,101.705208,85.63333333333334,16071.87,1
498,498.00000000000256,101.8859375,85.63333333333334,16252.6,1
499,499.0000000000027,102.15321175,85.7,16453.21,1
500,500.0000000000026,102.420486,85.73333333333333,16687.15,1
501,501.00000000000256,102.68776025,85.9,16787.76,1
502,502.0000000000027,102.9550345,85.9,17055.03,1
503,503.0000000000026,103.22230875,86.2,17022.31,1
504,504.00000000000256,103.489583,86.2,17289.58,1
505,505.0000000000026,103.781597,87.06666666666666,16714.93,1
506,506.0000000000026,104.073611,87.06666666666666,17006.94,1
507,507.00000000000273,104.365625,87.73333333333333,16632.29,1
508,508.0000000000027,104.55017366666668,87.93333333333334,16616.84,1
509,509.0000000000027,104.73472233333332,88.13333333333334,16601.39,1
510,510.0000000000026,104.919271,88.36666666666666,16552.6,1
511,511.0000000000027,105.10381966666668,88.56666666666666,16537.15,1
512,512.0000000000026,105.28836833333332,88.6,16688.37,1
513,513.0000000000026,105.472917,88.83333333333333,16639.58,1
514,514.0000000000026,105.706771,89.16666666666667,16540.1,1
515,515.0000000000026,105.940625,89.4,16540.62,1
516,516.0000000000026,106.174479,89.46666666666667,16707.81,1
517,517.0000000000026,106.34618033333334,89.66666666666667,16679.51,1
518,518.0000000000026,106.51788166666668,89.8,16717.88,1
519,519.0000000000026,106.689583,89.8,16889.58,1
520,520.0000000000026,106.84687466666668,89.93333333333334,16913.54,1
521,521.0000000000026,107.00416633333334,89.96666666666667,17037.5,1
522,522.0000000000026,107.161458,89.96666666666667,17194.79,1
523,523.0000000000026,107.33923583333336,90.03333333333333,17305.9,1
524,524.0000000000025,107.51701366666668,92.23333333333333,15283.68,1
525,525.0000000000026,107.6947915,92.4,15294.79,1
526,526.0000000000025,107.92378458333334,92.83333333333333,15090.45,1
527,527.0000000000026,108.15277766666668,93.0,15152.78,1
528,528.0000000000026,108.38177075,93.2,15181.77,1
529,529.0000000000026,108.61076383333334,93.4,15210.76,1
530,530.0000000000026,108.83975691666666,93.63333333333334,15206.42,1
531,531.0000000000025,109.06875,93.7,15368.75,1
532,532.0000000000025,109.68732633333332,94.03333333333333,15653.99,1
533,533.0000000000026,110.30590266666668,94.43333333333334,15872.57,1
534,534.0000000000026,110.924479,94.6,16324.48,1
535,534.9979166666692,111.016927,94.86666666666666,16150.26,1
536,535.9979166666691,111.109375,94.96666666666667,16142.71,1
537,537.0000000000024,111.201823,95.1,16101.82,1
538,537.9979166666689,111.294271,95.1,16194.27,1
539,538.9979166666687,111.386719,95.13333333333334,16253.39,1
540,540.000000000002,111.479167,95.16666666666667,16312.5,1
541,541.0000000000019,111.684896,95.16666666666667,16518.23,1
542,542.000000000002,111.890625,95.26666666666667,16623.96,1
543,543.0000000000019,112.059896,95.86666666666666,16193.23,1
544,544.000000000002,112.2875,96.0,16287.5,1
545,545.000000000002,112.385417,96.4,15985.42,1
546,546.000000000002,112.552083,96.53333333333333,16018.75,1
547,547.000000000002,112.726042,96.9,15826.04,1
548,548.0000000000022,112.892708,99.26666666666667,13626.04,1
549,549.0000000000022,113.0375,100.13333333333334,12904.17,1
550,550.0000000000022,113.221875,100.33333333333333,12888.54,1
551,551.0000000000022,113.40625,100.43333333333334,12972.92,1
552,552.0000000000022,113.590625,100.43333333333334,13157.29,1
553,553.0000000000023,113.771875,100.46666666666667,13305.21,1
554,554.0000000000023,113.920833,101.16666666666667,12754.17,1
555,555.0000000000023,114.0890625,101.46666666666667,12622.4,1
556,556.0000000000023,114.30677050000001,101.66666666666667,12640.1,1
557,557.0000000000023,114.45,101.66666666666667,12783.33,1
558,558.0000000000023,114.616667,101.7,12916.67,1
559,559.0000000000023,114.747917,101.86666666666666,12881.25,1
560,560.0000000000024,114.882292,101.86666666666666,13015.63,1
561,561.0000000000025,115.026042,102.2,12826.04,1
562,562.0000000000024,115.209375,102.4,12809.37,1
563,563.0000000000025,115.358333,102.53333333333333,12825.0,1
564,564.0000000000025,115.713542,102.53333333333333,13180.21,1
565,565.0000000000025,115.92291675,102.7,13222.92,1
566,566.0000000000025,116.1322915,102.96666666666667,13165.62,1
567,567.0000000000025,116.296875,103.66666666666667,12630.21,1
568,568.0000000000025,116.521875,104.73333333333333,11788.54,1
569,569.0000000000025,116.641667,104.83333333333333,11808.33,1
570,570.0000000000025,116.795833,105.1,11695.83,1
571,571.0000000000026,116.967708,105.1,11867.71,1
572,572.0000000000025,117.141667,105.46666666666667,11675.0,1
573,573.0000000000026,117.3,105.76666666666667,11533.33,1
574,574.0000000000028,117.4875,105.96666666666667,11520.83,1
575,575.0000000000028,117.675,106.3,11375.0,1
576,576.0000000000028,117.8625,106.5,11362.5,1
577,577.0000000000028,118.05,106.76666666666667,11283.33,1
578,578.0000000000028,118.202083,107.0,11202.08,1
579,579.000000000003,118.3723955,107.8,10572.4,1
580,580.0000000000028,118.527083,108.0,10527.08,1
581,581.000000000003,118.684375,108.26666666666667,10417.71,1
582,582.000000000003,118.8609375,111.36666666666666,7494.27,1
583,583.000000000003,119.029167,111.9,7129.17,1
584,584.000000000003,119.182292,114.9,4282.29,1
585,585.0000000000031,119.3515625,115.0,4351.56,1
586,586.0000000000031,119.590625,115.33333333333333,4257.29,1
587,587.0000000000031,119.803125,115.53333333333333,4269.79,1
588,588.0000000000031,120.201042,115.86666666666666,4334.38,1
589,589.0000000000031,120.523958,116.03333333333333,4490.62,1
590,590.0000000000031,120.708333,116.03333333333333,4675.0,1
591,591.0000000000031,120.870833,116.3,4570.83,1
592,592.0000000000031,121.1484375,116.63333333333334,4515.1,1
593,593.0000000000031,121.32786475,116.93333333333334,4394.53,1
594,594.0000000000031,121.507292,117.16666666666667,4340.63,1
595,595.0000000000031,121.715625,117.16666666666667,4548.96,1
596,596.0000000000031,121.8828125,117.23333333333333,4649.48,1
597,597.0000000000031,122.05,117.86666666666666,4183.33,1
598,598.0000000000031,122.265625,117.9,4365.62,1
599,599.0000000000032,122.463542,118.3,4163.54,1
600,600.0000000000031,122.6302085,118.43333333333334,4196.88,1
601,601.0000000000031,122.835417,118.53333333333333,4302.08,1
602,602.0000000000031,123.008333,118.66666666666667,4341.67,1
603,603.0000000000031,123.161458,118.7,4461.46,1
604,604.0000000000032,123.4,119.0,4400.0,1
605,605.0000000000032,123.574479,119.0,4574.48,1
606,606.0000000000033,123.7453125,119.73333333333333,4011.98,1
607,607.0000000000032,123.938542,119.9,4038.54,1
608,608.0000000000033,124.086458,120.16666666666667,3919.79,1
609,609.0000000000033,124.2838545,120.26666666666667,4017.19,1
610,610.0000000000033,124.469792,120.53333333333333,3936.46,1
611,611.0000000000033,124.753125,120.76666666666667,3986.46,1
612,612.0000000000033,125.234896,122.83333333333333,2401.56,1
613,613.0000000000033,125.573958,123.76666666666667,1807.29,1
614,614.0000000000033,125.7385415,125.13333333333334,605.21,1
615,615.0000000000033,125.88125,125.9,18.75,1
616,616.0000000000033,126.159375,126.13333333333334,26.04,1
617,617.0000000000033,126.303125,126.33333333333333,30.21,1
618,618.0000000000033,126.61875,126.4,218.75,1
619,619.0000000000032,126.803125,126.4,403.12,1
620,620.0000000000033,126.98125,126.53333333333333,447.92,1
621,621.0000000000033,127.163542,126.73333333333333,430.21,1
622,622.0000000000033,127.336458,126.73333333333333,603.12,1
623,623.0000000000032,127.525,127.23333333333333,291.67,1
624,624.0000000000033,127.648958,127.6,48.96,1
625,625.0000000000033,127.8390625,127.63333333333334,205.73,1
626,626.0000000000033,127.9890625,127.93333333333334,55.73,1
627,627.0000000000034,128.1666665,128.16666666666666,0.0,1
628,628.0000000000034,128.4067705,128.36666666666667,40.1,1
629,629.0000000000033,128.575,128.56666666666666,8.33,1
630,630.0000000000034,128.778125,128.66666666666666,111.46,1
631,631.0000000000034,128.977083,128.66666666666666,310.42,1
632,632.0000000000034,129.146875,128.76666666666668,380.21,1
633,633.0000000000034,129.33697949999998,128.8,536.98,1
634,634.0000000000034,129.595833,128.8,795.83,1
635,635.0000000000034,129.8145835,128.83333333333334,981.25,1
636,636.0000000000035,130.1635415,128.83333333333334,1330.21,1
637,637.0000000000035,130.464583,128.86666666666667,1597.92,1
638,638.0000000000034,130.65520800000002,129.03333333333333,1621.87,1
639,639.0000000000035,130.791667,129.26666666666668,1525.0,1
640,640.0000000000034,131.03281249999998,130.6,432.81,1
641,641.0000000000035,131.284375,131.26666666666668,17.71,1
642,642.0000000000034,131.491667,131.36666666666667,125.0,1
643,643.0000000000034,131.726042,131.4,326.04,1
644,644.0000000000034,131.90520800000002,131.9,5.21,1
645,645.0000000000034,132.0921875,132.06666666666666,25.52,1
646,646.0000000000034,132.298958,132.36666666666667,67.71,1
647,647.0000000000034,132.46875,132.4,68.75,1
648,648.0000000000034,132.6609375,132.63333333333333,27.6,1
649,649.0000000000034,132.84270800000002,132.86666666666667,23.96,1
650,650.0000000000034,133.0078125,132.93333333333334,74.48,1
651,651.0000000000034,133.180729,132.96666666666667,214.06,1
652,652.0000000000034,133.395833,133.0,395.83,1
653,653.0000000000035,133.58125,133.6,18.75,1
654,654.0000000000034,133.81770849999998,133.7,117.71,1
655,655.0000000000034,134.010417,134.3,289.58,1
656,656.0000000000034,134.195833,134.56666666666666,370.83,1
657,657.0000000000034,134.3489585,134.56666666666666,217.71,1
658,658.0000000000034,134.539583,134.63333333333333,93.75,1
659,659.0000000000034,134.7515625,134.63333333333333,118.23,1
660,660.0000000000031,135.075521,134.66666666666666,408.85,1
661,661.0000000000032,135.336458,135.53333333333333,196.88,1
662,662.0000000000033,135.538542,135.63333333333333,94.79,1
663,663.0000000000033,135.781771,135.73333333333332,48.44,1
664,664.0000000000031,136.1020835,136.06666666666666,35.42,1
665,665.000000000003,136.2973955,136.23333333333332,64.06,1
666,666.0000000000028,136.50937499999998,136.26666666666668,242.71,1
667,667.000000000003,136.741667,136.46666666666667,275.0,1
668,668.000000000003,136.915625,136.9,15.62,1
669,669.0000000000028,137.08333349999998,136.93333333333334,150.0,1
670,670.0000000000028,137.289583,137.26666666666668,22.92,1
671,671.0000000000025,137.463542,137.43333333333334,30.21,1
672,672.0000000000023,137.677604,137.46666666666667,210.94,1
673,673.0000000000023,137.92083300000002,137.66666666666666,254.17,1
674,674.0000000000023,138.0760415,137.93333333333334,142.71,1
675,675.0000000000022,138.30989599999998,138.06666666666666,243.23,1
676,676.0000000000016,138.54427099999998,138.26666666666668,277.6,1
677,677.0000000000016,138.738542,138.33333333333334,405.21,1
678,678.0000000000016,138.964583,138.83333333333334,131.25,1
679,679.0000000000015,139.246875,138.93333333333334,313.54,1
680,680.0000000000016,139.455729,139.63333333333333,177.6,1
681,681.0000000000015,139.664583,139.63333333333333,31.25,1
682,682.0000000000015,139.951042,139.7,251.04,1
683,683.0000000000015,140.230208,139.76666666666668,463.54,1
684,684.0000000000014,140.7796875,139.96666666666667,813.02,1
685,685.0000000000015,141.145833,140.13333333333333,1012.5,1
686,686.0000000000015,141.3515625,140.8,551.56,1
687,687.0000000000013,141.6286455,141.23333333333332,395.31,1
688,688.0000000000013,141.94375,141.6,343.75,1
689,689.0000000000013,142.12395800000004,141.96666666666667,157.29,1
690,690.000000000001,142.341667,142.2,141.67,1
691,691.0000000000011,142.536458,142.23333333333332,303.12,1
692,692.0000000000011,142.713542,142.9,186.46,1
693,693.000000000001,142.92291699999996,142.9,22.92,1
694,694.0000000000011,143.136458,142.93333333333334,203.12,1
695,695.000000000001,143.292708,142.93333333333334,359.37,1
696,696.000000000001,143.478125,143.0,478.13,1
697,697.0000000000013,143.664583,143.03333333333333,631.25,1
698,698.0000000000008,143.848958,143.06666666666666,782.29,1
699,699.0000000000008,144.091667,143.76666666666668,325.0,1
700,700.0000000000008,144.278125,143.76666666666668,511.46,1
701,701.0000000000007,144.457292,144.43333333333334,23.96,1
702,702.0000000000007,144.755729,144.7,55.73,1
703,703.0000000000007,144.93854199999996,144.76666666666668,171.88,1
704,704.0000000000007,145.102083,144.76666666666668,335.42,1
705,705.0000000000007,145.30572949999996,144.83333333333334,472.4,1
706,706.0000000000006,145.4875,144.83333333333334,654.17,1
707,707.0000000000005,145.715625,144.86666666666667,848.96,1
708,708.0000000000005,146.0375,144.9,1137.5,1
709,709.0000000000003,146.315625,145.2,1115.63,1
710,710.0000000000005,146.515625,146.56666666666666,51.04,1
711,711.0000000000005,146.7640625,146.7,64.06,1
712,712.0000000000002,147.0984375,147.03333333333333,65.1,1
713,713.0000000000005,147.3375,147.06666666666666,270.83,1
714,714.0000000000002,147.49739549999995,147.4,97.4,1
715,715.0000000000002,147.723958,147.4,323.96,1
716,716.0000000000002,147.896875,147.46666666666667,430.21,1
717,717.0000000000001,148.0854165,148.03333333333333,52.08,1
718,718.0000000000001,148.293229,148.3,6.77,1
719,719.0,148.458333,148.36666666666667,91.67,1
720,719.9999999999999,148.636979,148.46666666666667,170.31,1
721,721.0000000000001,148.826042,148.83333333333334,7.29,1
722,721.9999999999998,149.0020835,148.96666666666667,35.42,1
723,722.9999999999994,149.1989585,149.13333333333333,65.63,1
724,723.9999999999997,149.40729199999996,149.5,92.71,1
725,724.9999999999999,149.56875,149.7,131.25,1
726,725.9999999999999,149.732292,149.93333333333334,201.04,1
727,726.9999999999997,149.904167,150.0,95.83,1
728,727.9999999999995,150.022396,150.06666666666666,44.27,1
729,728.9999999999998,150.296875,150.26666666666668,30.21,1
730,729.9999999999993,150.522917,150.3,222.92,1
731,730.9999999999993,150.67447900000005,150.3,374.48,1
732,731.9999999999992,150.83333299999995,150.43333333333334,400.0,1
733,732.999999999999,151.01458300000004,150.46666666666667,547.92,1
734,733.9999999999992,151.2046875,151.16666666666666,38.02,1
735,734.9999999999986,151.52135449999997,151.16666666666666,354.69,1
736,735.9999999999989,151.754167,151.2,554.17,1
737,736.9999999999992,151.90729199999996,151.86666666666667,40.63,1
738,737.999999999999,152.0588545,152.16666666666666,107.81,1
739,738.999999999999,152.254167,152.33333333333334,79.17,1
740,739.999999999999,152.408333,152.33333333333334,75.0,1
741,740.9999999999986,152.65625,152.36666666666667,289.58,1
742,741.9999999999987,152.83125,152.36666666666667,464.58,1
743,742.9999999999986,153.033333,153.0,33.33,1
744,743.9999999999985,153.3291665,153.03333333333333,295.83,1
745,744.9999999999985,153.53020825,153.03333333333333,496.87,1
746,745.9999999999983,153.73125,153.33333333333334,397.92,1
747,746.9999999999985,153.8614585,153.33333333333334,528.13,1
748,747.9999999999985,154.003125,154.03333333333333,30.21,1
749,748.9999999999985,154.189583,154.03333333333333,156.25,1
750,749.9999999999982,154.352083,154.16666666666666,185.42,1
751,750.9999999999982,154.56145800000004,154.33333333333334,228.12,1
752,751.9999999999982,154.770833,154.83333333333334,62.5,1
753,752.9999999999984,154.91250000000005,154.9,12.5,1
754,753.9999999999981,155.070833,155.06666666666666,4.17,1
755,754.999999999998,155.245833,155.16666666666666,79.17,1
756,755.999999999998,155.413542,155.33333333333334,80.21,1
757,756.9999999999977,155.6114585,155.66666666666666,55.21,1
758,757.9999999999976,155.809375,155.7,109.38,1
759,758.9999999999978,155.941146,155.9,41.15,1
760,759.9999999999977,156.071875,156.0,71.88,1
761,760.9999999999978,156.26458300000004,156.0,264.58,1
762,761.9999999999975,156.427083,156.36666666666667,60.42,1
763,762.9999999999975,156.61562500000005,156.56666666666666,48.96,1
764,763.9999999999977,156.804167,156.83333333333334,29.17,1
765,764.9999999999977,156.946354,156.96666666666667,20.31,1
766,765.9999999999974,157.13125,157.03333333333333,97.92,1
767,766.9999999999972,157.316667,157.26666666666668,50.0,1
768,767.999999999997,157.663542,157.46666666666667,196.88,1
769,768.9999999999969,157.900521,158.03333333333333,132.81,1
770,769.999999999997,158.1375,158.16666666666666,29.17,1
771,770.999999999997,158.272396,158.26666666666668,5.73,1
772,771.9999999999972,158.42291699999996,158.4,22.92,1
773,772.9999999999967,158.61041699999996,158.56666666666666,43.75,1
774,773.9999999999967,158.769792,158.73333333333332,36.46,1
775,774.9999999999966,158.939583,158.9,39.58,1
776,775.9999999999965,159.11875,159.1,18.75,1
777,776.9999999999965,159.298958,159.26666666666668,32.29,1
778,777.9999999999964,159.478125,159.3,178.12,1
779,778.9999999999962,159.64375,159.93333333333334,289.58,1
780,779.9999999999964,159.81354199999996,160.0,186.46,1
781,780.9999999999959,160.09722233333332,160.0,97.22,1
782,781.9999999999962,160.38090266666666,160.63333333333333,252.43,1
783,782.9999999999964,160.664583,160.63333333333333,31.25,1
784,783.9999999999961,161.09733766666662,160.66666666666666,430.67,1
785,784.999999999996,161.53009233333333,160.7,830.09,1
786,785.9999999999962,161.96284699999995,160.7,1262.85,1
787,786.9999999999961,162.39560166666666,160.73333333333332,1662.27,1
788,787.9999999999964,162.82835633333332,160.76666666666668,2061.69,1
789,788.9999999999962,163.261111,160.76666666666668,2494.44,1
790,789.9999999999961,163.69386566666662,160.8,2893.87,1
791,790.9999999999961,164.12662033333334,160.8,3326.62,1
792,791.999999999996,164.559375,160.83333333333334,3726.04,1
793,792.9999999999977,164.865625,160.86666666666667,3998.96,1
794,793.9999999999976,165.171875,162.06666666666666,3105.21,1
795,794.9999999999977,165.478125,162.5,2978.13,1
796,795.9999999999977,165.82552075,162.73333333333332,3092.19,1
797,796.9999999999976,166.1729165,162.93333333333334,3239.58,1
798,797.9999999999977,166.52031225,163.13333333333333,3386.98,1
799,798.9999999999976,166.867708,163.3,3567.71,1
800,799.9999999999976,167.222917,165.9,1322.92,1
801,800.9999999999976,167.5,166.1,1400.0,1
802,801.9999999999975,167.76458300000004,166.2,1564.58,1
803,802.9999999999976,167.96770800000004,166.2,1767.71,1
804,803.9999999999976,168.28020800000004,167.5,780.21,1
805,804.9999999999976,168.60243033333333,167.53333333333333,1069.1,1
806,805.9999999999977,168.92465266666667,167.93333333333334,991.32,1
807,806.9999999999976,169.246875,168.03333333333333,1213.54,1
808,807.9999999999976,169.52682299999995,168.03333333333333,1493.49,1
809,808.9999999999977,169.806771,168.23333333333332,1573.44,1
810,809.9999999999976,170.08671900000004,169.23333333333332,853.39,1
811,810.9999999999976,170.366667,169.43333333333334,933.33,1
812,811.9999999999975,170.632292,169.46666666666667,1165.63,1
813,812.9999999999972,170.930208,169.46666666666667,1463.54,1
814,813.9999999999974,171.307292,170.03333333333333,1273.96,1
815,814.9999999999975,171.7625,170.6,1162.5,1
816,815.9999999999972,172.21770800000004,170.8,1417.71,1
817,816.9999999999974,172.54583300000004,171.26666666666668,1279.17,1
818,817.9999999999974,172.87395800000004,171.26666666666668,1607.29,1
819,818.9999999999972,173.20208300000004,172.16666666666666,1035.42,1
820,819.9999999999974,173.664583,172.4,1264.58,1
821,820.999999999997,174.127083,172.56666666666666,1560.42,1
822,821.9999999999972,174.4953125,172.83333333333334,1661.98,1
823,822.9999999999972,174.93567708333333,173.13333333333333,1802.34,1
824,823.9999999999972,175.37604166666668,173.6,1776.04,1
825,824.9999999999972,175.81640625,174.03333333333333,1783.07,1
826,825.9999999999972,176.25677083333332,174.1,2156.77,1
827,826.9999999999972,176.69713541666667,174.5,2197.14,1
828,827.9999999999972,177.1375,174.86666666666667,2270.83,1
829,828.9999999999972,177.4953125,175.26666666666668,2228.65,1
830,829.999999999997,177.853125,175.33333333333334,2519.79,1
831,830.9999999999974,178.346354,176.43333333333334,1913.02,1
832,831.9999999999972,178.37395800000004,176.43333333333334,1940.62,1
833,832.9999999999969,178.8859375,176.66666666666666,2219.27,1
834,833.9999999999969,179.178125,177.03333333333333,2144.79,1
835,834.999999999997,179.43229150000005,178.73333333333332,698.96,1
836,835.9999999999969,179.68645800000004,178.86666666666667,819.79,1
837,836.9999999999969,180.04375,179.16666666666666,877.08,1
838,837.9999999999967,180.365625,179.43333333333334,932.29,1
839,838.9999999999967,180.6875,179.66666666666666,1020.83,1
840,839.9999999999967,181.176042,179.66666666666666,1509.38,1
841,840.9999999999965,182.022917,180.1,1922.92,1
842,841.9999999999966,182.314583,180.63333333333333,1681.25,1
843,842.9999999999964,182.5510415,180.66666666666666,1884.37,1
844,843.9999999999966,182.788542,181.36666666666667,1421.88,1
845,844.9999999999966,183.0,181.4,1600.0,1
846,845.9999999999966,183.226042,181.66666666666666,1559.38,1
847,846.9999999999966,183.441667,182.3,1141.67,1
848,847.9999999999966,183.686458,182.33333333333334,1353.12,1
849,848.9999999999965,184.160417,182.36666666666667,1793.75,1
850,849.9999999999967,184.753646,182.5,2253.65,1
851,850.9999999999967,185.346875,182.53333333333333,2813.54,1
852,851.9999999999967,185.940104,182.56666666666666,3373.44,1
853,852.9999999999966,186.30729166666663,182.7,3607.29,1
854,853.9999999999967,186.6744793333333,186.83333333333334,158.85,1
855,854.9999999999965,187.041667,187.1,58.33,1
856,855.9999999999966,187.36901075,187.13333333333333,235.68,1
857,856.9999999999966,187.6963545,187.16666666666666,529.69,1
858,857.9999999999966,188.02369825,187.2,823.7,1
859,858.9999999999966,188.351042,187.2,1151.04,1
860,859.9999999999965,188.661458,187.3,1361.46,1
861,860.9999999999965,188.998958,187.46666666666667,1532.29,1
862,861.9999999999967,189.43125,188.36666666666667,1064.58,1
863,862.9999999999967,190.298958,188.53333333333333,1765.62,1
864,863.9999999999967,190.542708,189.0,1542.71,1
865,864.9999999999968,190.895486,189.03333333333333,1862.15,1
866,865.9999999999965,191.24826399999998,190.23333333333332,1014.93,1
867,866.9999999999965,191.601042,190.5,1101.04,1
868,867.9999999999966,191.909896,190.76666666666668,1143.23,1
869,868.9999999999966,192.21875,190.96666666666667,1252.08,1
870,869.9999999999966,192.527604,191.16666666666666,1360.94,1
871,870.9999999999966,192.836458,191.63333333333333,1203.12,1
872,871.9999999999967,193.120833,191.66666666666666,1454.17,1
873,872.9999999999967,193.419792,191.7,1719.79,1
874,873.9999999999967,193.744792,192.96666666666667,778.13,1
875,874.9999999999967,194.19661475,193.06666666666666,1129.95,1
876,875.9999999999967,194.6484375,193.4,1248.44,1
877,876.9999999999967,195.058333,193.7,1358.33,1
878,877.9999999999967,195.325,193.7,1625.0,1
879,878.9999999999967,195.730208,193.73333333333332,1996.87,1
880,879.9999999999967,196.09843716666668,194.36666666666667,1731.77,1
881,880.9999999999967,196.4666663333333,195.3,1166.67,1
882,881.9999999999967,196.8348955,195.7,1134.9,1
883,882.9999999999967,197.42786425000003,195.93333333333334,1494.53,1
884,883.9999999999967,198.020833,196.13333333333333,1887.5,1
885,884.9999999999967,198.3916665,196.33333333333334,2058.33,1
886,885.9999999999967,198.81539333333333,196.8,2015.39,1
887,886.9999999999967,199.23912016666665,197.83333333333334,1405.79,1
888,887.9999999999967,199.662847,198.36666666666667,1296.18,1
889,888.9999999999967,200.0865738333333,198.36666666666667,1719.91,1
890,889.9999999999967,200.51030066666667,198.46666666666667,2043.63,1
891,890.9999999999967,200.9340275,198.76666666666668,2167.36,1
892,891.9999999999967,201.35775433333333,199.16666666666666,2191.09,1
893,892.9999999999967,201.78148116666665,199.76666666666668,2014.81,1
894,893.9999999999967,202.205208,199.8,2405.21,1
895,894.9999999999967,202.59404728571425,199.8,2794.05,1
896,895.9999999999967,202.98288657142857,199.83333333333334,3149.55,1
897,896.9999999999968,203.37172585714282,199.86666666666667,3505.06,1
898,897.9999999999968,203.76056514285716,199.9,3860.57,1
899,898.9999999999967,204.14940442857144,199.9,4249.4,1
900,899.9999999999967,204.53824371428573,199.93333333333334,4604.91,1
901,900.9999999999968,204.927083,199.96666666666667,4960.42,1
902,901.9999999999967,205.363542,200.0,5363.54,1
903,902.9999999999966,205.590625,200.03333333333333,5557.29,1
904,903.9979166666633,205.708333,204.53333333333333,1175.0,1
905,904.9999999999966,206.799479,205.33333333333334,1466.15,1
906,905.9999999999966,207.361979,205.56666666666666,1795.31,1
907,906.9999999999966,207.668229,205.6,2068.23,1
908,907.9999999999964,207.974479,206.66666666666666,1307.81,1
909,908.9999999999964,208.247917,206.8,1447.92,1
910,909.9999999999965,208.5145835,206.8,1714.58,1
911,910.9999999999964,208.78125,207.93333333333334,847.92,1
912,911.9999999999964,209.121875,208.2,921.88,1
913,912.9999999999964,209.147917,208.2,947.92,1
914,913.9999999999961,209.7838545,208.63333333333333,1150.52,1
915,914.9999999999961,210.325521,209.0,1325.52,1
916,915.9999999999961,210.76423633333332,209.16666666666666,1597.57,1
917,916.9999999999961,211.20295166666665,209.16666666666666,2036.28,1
918,917.9999999999961,211.641667,209.2,2441.67,1
919,918.9999999999961,212.0927085,209.23333333333332,2859.38,1
920,919.9999999999961,212.54375,209.23333333333332,3310.42,1
921,920.9999999999959,212.811458,209.26666666666668,3544.79,1
922,921.9999999999959,213.051042,209.3,3751.04,1
923,922.9999999999958,213.322917,209.3,4022.92,1
924,923.9999999999956,213.892708,210.36666666666667,3526.04,1
925,924.9999999999956,214.657292,210.36666666666667,4290.63,1
926,925.9999999999956,215.240625,210.6,4640.62,1
927,926.9999999999956,215.8453125,210.63333333333333,5211.98,1
928,927.9999999999956,216.4109375,210.63333333333333,5777.6,1
929,928.9999999999953,216.806771,210.66666666666666,6140.1,1
930,929.9999999999953,217.153125,210.66666666666666,6486.46,1
931,930.9999999999953,217.4723955,210.7,6772.4,1
932,931.9999999999953,217.7140625,211.76666666666668,5947.4,1
933,932.9999999999952,217.965625,217.1,865.62,1
934,933.9999999999952,218.2453125,217.3,945.31,1
935,934.9999999999952,218.444271,217.7,744.27,1
936,935.9999999999952,218.6885415,217.86666666666667,821.87,1
937,936.9999999999952,219.0442705,218.33333333333334,710.94,1
938,937.9999999999951,219.3,218.46666666666667,833.33,1
939,938.9999999999951,219.571354,218.6,971.35,1
940,939.9999999999951,219.886979,218.6,1286.98,1
941,940.999999999995,220.10364550000003,219.3,803.65,1
942,941.999999999995,220.388542,219.53333333333333,855.21,1
943,942.999999999995,220.6458335,219.73333333333332,912.5,1
944,943.999999999995,220.84375,220.06666666666666,777.08,1
945,944.999999999995,221.053125,220.4,653.12,1
946,945.9999999999949,221.2661455,220.63333333333333,632.81,1
947,946.9999999999948,221.438021,220.76666666666668,671.35,1
948,947.9999999999949,221.725,220.93333333333334,791.67,1
949,948.9999999999948,222.0625,220.93333333333334,1129.17,1
950,949.9999999999948,222.305729,221.46666666666667,839.06,1
951,950.9999999999948,222.560417,221.53333333333333,1027.08,1
952,951.9999999999947,222.8765625,221.56666666666666,1309.9,1
953,952.9999999999947,223.084375,222.26666666666668,817.71,1
954,953.9999999999947,223.315625,222.43333333333334,882.29,1
955,954.9999999999947,223.5546875,222.53333333333333,1021.35,1
956,955.9999999999947,223.7572915,223.06666666666666,690.62,1
957,956.9999999999947,223.9822915,223.3,682.29,1
958,957.9999999999945,224.2161455,223.46666666666667,749.48,1
959,958.9999999999944,224.3875,223.73333333333332,654.17,1
960,959.9999999999945,224.6041665,223.93333333333334,670.83,1
961,960.9999999999944,224.850521,224.13333333333333,717.19,1
962,961.9999999999944,225.061458,224.26666666666668,794.79,1
963,962.9999999999944,225.290625,224.26666666666668,1023.96,1
964,963.9999999999944,225.566146,224.3,1266.15,1
965,964.9999999999943,225.7421875,225.06666666666666,675.52,1
966,965.9999999999943,225.958333,225.3,658.33,1
967,966.9999999999943,226.184896,225.33333333333334,851.56,1
968,967.9999999999942,226.3859375,225.36666666666667,1019.27,1
969,968.9999999999942,226.59375,225.93333333333334,660.42,1
970,969.9999999999942,226.825,226.2,625.0,1
971,970.9999999999941,226.9833335,226.4,583.33,1
972,971.9999999999941,227.2109375,226.5,710.94,1
973,972.9999999999941,227.4645835,226.8,664.58,1
974,973.9999999999941,227.7375,226.9,837.5,1
975,974.9999999999941,228.105208,226.9,1205.21,1
976,975.9999999999941,228.4640625,226.96666666666667,1497.4,1
977,976.9999999999939,228.651042,227.7,951.04,1
978,977.9999999999941,228.902604,227.86666666666667,1035.94,1
979,978.9999999999939,229.125,228.36666666666667,758.33,1
980,979.9999999999939,229.328125,228.63333333333333,694.79,1
981,980.9999999999939,229.591667,228.83333333333334,758.33,1
982,981.9999999999939,229.8989585,229.1,798.96,1
983,982.9999999999937,230.0666665,229.3,766.67,1
984,983.9999999999939,230.313542,229.56666666666666,746.88,1
985,984.9999999999937,230.521875,229.9,621.87,1
986,985.9999999999937,230.728125,230.06666666666666,661.46,1
987,986.9999999999937,230.988542,230.3,688.54,1
988,987.9999999999935,231.303125,230.5,803.12,1
989,988.9999999999935,231.4697915,230.63333333333333,836.46,1
990,989.9999999999935,231.7322915,230.73333333333332,998.96,1
991,990.9999999999935,231.9885415,230.96666666666667,1021.87,1
992,991.9999999999935,232.258333,231.46666666666667,791.67,1
993,992.9999999999934,232.611458,231.7,911.46,1
994,993.9999999999934,233.0125,231.96666666666667,1045.83,1
995,994.9999999999933,233.276042,232.2,1076.04,1
996,995.9999999999933,233.6572915,232.56666666666666,1090.62,1
997,996.9999999999934,234.061458,232.86666666666667,1194.79,1
998,997.9999999999932,234.557292,233.26666666666668,1290.63,1
999,998.9999999999932,235.06458300000003,233.3,1764.58,1
1000,999.9999999999887,235.540625,233.4,2140.62,1
1001,1000.999999999989,235.819271,234.03333333333333,1785.94,1
1002,1001.999999999989,236.046354,234.56666666666666,1479.69,1
1003,1002.9999999999891,236.338542,234.96666666666667,1371.88,1
1004,1003.9999999999891,236.5385415,235.1,1438.54,1
1005,1004.9999999999891,236.728125,235.3,1428.12,1
1006,1005.9999999999892,236.963542,235.3,1663.54,1
1007,1006.9999999999892,237.1234375,235.76666666666668,1356.77,1
1008,1007.9999999999893,237.318229,236.7,618.23,1
1009,1008.9999999999893,237.526042,236.96666666666667,559.38,1
1010,1009.9999999999893,237.694792,237.2,494.79,1
1011,1010.9999999999894,237.8859375,237.3,585.94,1
1012,1011.9999999999894,238.138542,237.5,638.54,1
1013,1012.9999999999895,238.2828125,237.66666666666666,616.15,1
1014,1013.9999999999895,238.463021,237.8,663.02,1
1015,1014.9999999999895,238.686458,238.1,586.46,1
1016,1015.9999999999898,238.82239550000003,238.23333333333332,589.06,1
1017,1016.9999999999898,238.995833,238.43333333333334,562.5,1
1018,1017.9999999999899,239.208333,238.66666666666666,541.67,1
1019,1018.9999999999899,239.3520835,238.76666666666668,585.42,1
1020,1019.9999999999899,239.5177085,238.96666666666667,551.04,1
1021,1020.9999999999901,239.696354,239.06666666666666,629.69,1
1022,1021.9999999999901,239.8630205,239.33333333333334,529.69,1
1023,1022.9999999999902,240.0854165,239.53333333333333,552.08,1
1024,1023.9999999999902,240.327083,239.7,627.08,1
1025,1024.9999999999902,240.497917,239.96666666666667,531.25,1
1026,1025.9999999999902,240.6630205,240.06666666666666,596.35,1
1027,1026.9999999999902,240.845833,240.23333333333332,612.5,1
1028,1027.9999999999905,241.0197915,240.5,519.79,1
1029,1028.9999999999905,241.16875,240.6,568.75,1
1030,1029.9999999999905,241.359375,240.86666666666667,492.71,1
1031,1030.9999999999907,241.5151045,240.96666666666667,548.44,1
1032,1031.9999999999907,241.694792,241.13333333333333,561.46,1
1033,1032.9999999999907,241.865625,241.4,465.62,1
1034,1033.9999999999907,242.039583,241.56666666666666,472.92,1
1035,1034.9999999999907,242.2015625,241.66666666666666,534.9,1
1036,1035.999999999991,242.411979,242.2,211.98,1
1037,1036.999999999991,242.5640625,242.2,364.06,1
1038,1037.9999999999911,242.725,242.26666666666668,458.33,1
1039,1038.9999999999911,242.919792,242.46666666666667,453.13,1
1040,1039.9999999999911,243.0625,242.53333333333333,529.17,1
1041,1040.9999999999911,243.222917,242.7,522.92,1
1042,1041.9999999999911,243.414583,242.93333333333334,481.25,1
1043,1042.9999999999914,243.558854,243.0,558.85,1
1044,1043.9999999999914,243.7135415,243.16666666666666,546.87,1
1045,1044.9999999999914,243.871354,243.26666666666668,604.69,1
1046,1045.9999999999916,244.015625,243.56666666666666,448.96,1
1047,1046.9999999999916,244.1953125,243.73333333333332,461.98,1
1048,1047.9999999999916,244.401042,243.9,501.04,1
1049,1048.9999999999916,244.5328125,244.03333333333333,499.48,1
1050,1049.9999999999916,244.6989585,244.23333333333332,465.63,1
1051,1050.9999999999918,244.904167,244.3,604.17,1
1052,1051.9999999999918,245.046875,244.56666666666666,480.21,1
1053,1052.9999999999918,245.234375,244.66666666666666,567.71,1
1054,1053.9999999999918,245.433333,244.93333333333334,500.0,1
1055,1054.9999999999918,245.623958,245.0,623.96,1
1056,1055.999999999992,245.814583,245.1,714.58,1
1057,1056.999999999992,245.975,245.43333333333334,541.67,1
1058,1057.9999999999923,246.164583,245.56666666666666,597.92,1
1059,1058.9999999999923,246.3255205,245.6,725.52,1
1060,1059.9999999999916,246.5375,246.03333333333333,504.17,1
1061,1060.9999999999916,246.6677085,246.23333333333332,434.38,1
1062,1061.9999999999916,246.851042,246.33333333333334,517.71,1
1063,1062.9999999999916,247.059375,246.63333333333333,426.04,1
1064,1063.9999999999916,247.201042,246.86666666666667,334.38,1
1065,1064.9999999999916,247.422917,246.86666666666667,556.25,1
1066,1065.9999999999916,247.644792,247.13333333333333,511.46,1
1067,1066.9999999999916,247.755208,247.26666666666668,488.54,1
1068,1067.9999999999916,247.942708,247.4,542.71,1
1069,1068.9999999999916,248.111458,247.56666666666666,544.79,1
1070,1069.9999999999916,248.284375,247.76666666666668,517.71,1
1071,1070.9999999999916,248.467708,247.93333333333334,534.37,1
1072,1071.9999999999916,248.773958,248.1,673.96,1
1073,1072.9999999999916,248.920833,248.1,820.83,1
1074,1073.9999999999916,249.094792,248.76666666666668,328.13,1
1075,1074.9999999999916,249.253125,248.8,453.12,1
1076,1075.9999999999916,249.428125,248.96666666666667,461.46,1
1077,1076.9999999999916,249.576042,249.13333333333333,442.71,1
1078,1077.9999999999916,249.764583,249.53333333333333,231.25,1
1079,1078.9999999999916,249.934375,249.8,134.37,1
1080,1079.9999999999916,250.102083,249.9,202.08,1
1081,1080.9999999999916,250.291667,250.0,291.67,1
1082,1081.9999999999916,250.435417,250.16666666666666,268.75,1
1083,1082.9999999999916,250.613542,250.36666666666667,246.88,1
1084,1083.9999999999916,250.767708,250.43333333333334,334.37,1
1085,1084.9999999999916,250.948958,250.83333333333334,115.62,1
1086,1085.9999999999916,251.104167,250.9,204.17,1
1087,1086.9999999999916,251.289583,251.13333333333333,156.25,1
1088,1087.9999999999916,251.438542,251.26666666666668,171.88,1
1089,1088.9999999999916,251.625,251.6,25.0,1
1090,1089.9999999999916,251.8855903333333,251.6,285.59,1
1091,1090.9999999999916,252.14618066666665,251.66666666666666,479.51,1
1092,1091.9999999999916,252.406771,251.76666666666668,640.1,1
1093,1092.9999999999918,252.66736133333333,252.1,567.36,1
1094,1093.9999999999918,252.92795166666664,252.2,727.95,1
1095,1094.9999999999918,253.188542,252.43333333333334,755.21,1
1096,1095.9999999999955,253.4937503333333,252.63333333333333,860.42,1
1097,1096.9999999999955,253.79895866666664,252.76666666666668,1032.29,1
1098,1097.9999999999955,254.104167,253.03333333333333,1070.83,1
1099,1098.9999999999955,254.422396,253.2,1222.4,1
1100,1099.9999999999955,254.740625,253.43333333333334,1307.29,1
1101,1100.9999999999955,255.058854,254.06666666666666,992.19,1
1102,1101.9999999999955,255.377083,254.2,1177.08,1
1103,1102.9999999999952,255.726042,254.23333333333332,1492.71,1
1104,1103.9999999999952,255.973958,254.23333333333332,1740.62,1
1105,1104.9999999999952,256.261458,254.8,1461.46,1
1106,1105.9999999999952,256.643229,254.8,1843.23,1
1107,1106.9999999999952,257.025,255.96666666666667,1058.33,1
1108,1107.9999999999952,257.32013900000004,256.1666666666667,1153.47,1
1109,1108.9999999999952,257.615278,256.1666666666667,1448.61,1
1110,1109.9999999999952,257.910417,257.03333333333336,877.08,1
1111,1110.9999999999952,258.1851565,257.23333333333335,951.82,1
1112,1111.9999999999952,258.459896,257.3333333333333,1126.56,1
1113,1112.9999999999952,258.7346355,257.9,834.64,1
1114,1113.9999999999952,259.009375,258.1,909.37,1
1115,1114.9999999999952,259.258333,258.3333333333333,925.0,1
1116,1115.9999999999952,259.544792,258.3666666666667,1178.13,1
1117,1116.999999999995,259.8875,259.03333333333336,854.17,1
1118,1117.9999999999952,260.301823,259.03333333333336,1268.49,1
1119,1118.999999999995,260.716146,259.56666666666666,1149.48,1
1120,1119.999999999995,261.139583,259.76666666666665,1372.92,1
1121,1120.999999999995,261.414583,259.76666666666665,1647.92,1
1122,1121.999999999995,261.845833,260.46666666666664,1379.17,1
1123,1122.999999999995,262.1527776666667,260.6,1552.78,1
1124,1123.999999999995,262.45972233333333,260.9,1559.72,1
1125,1124.999999999995,262.766667,261.8666666666667,900.0,1
1126,1125.999999999995,263.2651045,262.06666666666666,1198.44,1
1127,1126.999999999995,263.763542,262.26666666666665,1496.88,1
1128,1127.9999999999948,264.0927085,262.43333333333334,1659.38,1
1129,1128.9999999999948,264.57725708333334,262.43333333333334,2143.92,1
1130,1129.9999999999948,265.06180566666666,262.8,2261.81,1
1131,1130.9999999999948,265.54635425,264.06666666666666,1479.69,1
1132,1131.9999999999948,266.0309028333333,264.26666666666665,1764.24,1
1133,1132.9999999999948,266.5154514166667,264.46666666666664,2048.78,1
1134,1133.9999999999948,267.0,265.6666666666667,1333.33,1
1135,1134.9999999999948,267.3864585,265.96666666666664,1419.79,1
1136,1135.9999999999948,267.772917,266.8666666666667,906.25,1
1137,1136.999999999995,268.345833,266.93333333333334,1412.5,1
1138,1137.9999999999948,268.352083,266.93333333333334,1418.75,1
1139,1138.9999999999943,268.86041650000004,267.76666666666665,1093.75,1
1140,1139.9999999999948,269.1671875,267.96666666666664,1200.52,1
1141,1140.9999999999948,269.42109375,268.76666666666665,654.43,1
1142,1141.999999999995,269.675,268.8333333333333,841.67,1
1143,1142.999999999995,270.0296875,268.8666666666667,1163.02,1
1144,1143.999999999995,270.048958,269.4,648.96,1
1145,1144.999999999995,270.72187499999995,269.7,1021.87,1
1146,1145.9999999999952,271.184896,269.73333333333335,1451.56,1
1147,1146.9999999999948,271.960417,270.06666666666666,1893.75,1
1148,1147.999999999995,272.238542,270.73333333333335,1505.21,1
1149,1148.999999999995,272.47864599999997,271.1,1378.65,1
1150,1149.9999999999948,272.725,271.23333333333335,1491.67,1
1151,1150.9999999999948,272.952083,271.26666666666665,1685.42,1
1152,1151.9999999999948,273.18125,271.7,1481.25,1
1153,1152.999999999995,273.4,271.93333333333334,1466.67,1
1154,1153.999999999995,273.667708,271.96666666666664,1701.04,1
1155,1154.999999999995,274.204167,272.3666666666667,1837.5,1
1156,1155.9999999999952,274.84409750000003,272.4,2444.1,1
1157,1156.999999999995,275.484028,272.43333333333334,3050.69,1
1158,1157.9999999999948,276.1239585,272.5,3623.96,1
1159,1158.999999999995,276.470139,273.26666666666665,3203.47,1
1160,1159.999999999995,276.81631949999996,277.3666666666667,550.35,1
1161,1160.9999999999948,277.1625,277.4,237.5,1
1162,1161.999999999995,277.46067700000003,277.5,39.32,1
1163,1162.999999999995,277.75885400000004,277.53333333333336,225.52,1
1164,1163.999999999995,278.057031,277.56666666666666,490.36,1
1165,1164.999999999995,278.355208,277.56666666666666,788.54,1
1166,1165.999999999995,278.641667,277.6,1041.67,1
1167,1166.9999999999952,278.946875,277.6666666666667,1280.21,1
1168,1167.999999999995,279.265625,278.06666666666666,1198.96,1
1169,1168.999999999995,279.631771,278.6,1031.77,1
1170,1169.9999999999952,279.997917,278.6333333333333,1364.58,1
1171,1170.9999999999952,280.3736113333333,278.93333333333334,1440.28,1
1172,1171.999999999995,280.74930566666666,278.93333333333334,1815.97,1
1173,1172.999999999995,281.125,279.96666666666664,1158.33,1
1174,1173.9999999999952,281.45104175,281.4,51.04,1
1175,1174.9999999999952,281.7770835,281.43333333333334,343.75,1
1176,1175.9999999999952,282.10312525,281.46666666666664,636.46,1
1177,1176.9999999999952,282.429167,281.5,929.17,1
1178,1177.9999999999952,282.76875,281.53333333333336,1235.42,1
1179,1178.9999999999952,283.127083,281.53333333333336,1593.75,1
1180,1179.9999999999952,283.488542,282.43333333333334,1055.21,1
1181,1180.9999999999952,283.920573,282.56666666666666,1353.91,1
1182,1181.9999999999955,284.352604,283.1333333333333,1219.27,1
1183,1182.9999999999952,284.6028645,283.1666666666667,1436.2,1
1184,1183.9999999999955,284.853125,283.46666666666664,1386.46,1
1185,1184.9999999999952,285.511458,283.73333333333335,1778.12,1
1186,1185.9999999999955,285.8796873333333,284.3333333333333,1546.35,1
1187,1186.9999999999952,286.2479166666667,284.6,1647.92,1
1188,1187.9999999999952,286.616146,285.5,1116.15,1
1189,1188.9999999999955,287.1778645,285.7,1477.86,1
1190,1189.9999999999955,287.739583,285.9,1839.58,1
1191,1190.9999999999955,288.0708335,286.4,1670.83,1
1192,1191.9999999999955,288.47511588888887,286.73333333333335,1741.78,1
1193,1192.9999999999955,288.87939827777785,287.7,1179.4,1
1194,1193.9999999999955,289.28368066666667,288.03333333333336,1250.35,1
1195,1194.9999999999955,289.6879630555556,288.06666666666666,1621.3,1
1196,1195.9999999999955,290.09224544444453,288.43333333333334,1658.91,1
1197,1196.9999999999955,290.49652783333335,288.6666666666667,1829.86,1
1198,1197.9999999999955,290.90081022222216,288.7,2200.81,1
1199,1198.9999999999955,291.3050926111112,289.7,1605.09,1
1200,1199.9999999999952,291.709375,289.73333333333335,1976.04,1
1201,1200.9999999999955,292.07767857142863,289.73333333333335,2344.35,1
1202,1201.9999999999952,292.4459821428572,289.76666666666665,2679.32,1
1203,1202.9999999999955,292.81428571428575,289.8,3014.29,1
1204,1203.9999999999952,293.1825892857143,289.8333333333333,3349.26,1
1205,1204.9999999999952,293.55089285714286,289.8666666666667,3684.23,1
1206,1205.9999999999955,293.9191964285715,289.8666666666667,4052.53,1
1207,1206.9999999999957,294.2875,289.9,4387.5,1
1208,1207.9999999999961,294.725,289.93333333333334,4791.67,1
1209,1208.9999999999961,294.958333,290.4,4558.33,1
1210,1209.9979166666628,295.06875,293.8666666666667,1202.08,1
1211,1210.9999999999961,296.1375,294.53333333333336,1604.17,1
1212,1211.9999999999961,296.6359375,294.96666666666664,1669.27,1
1213,1212.999999999996,296.673958,295.0,1673.96,1
1214,1213.9999999999961,297.2109375,296.06666666666666,1144.27,1
1215,1214.9999999999961,297.507292,296.1666666666667,1340.63,1
1216,1215.9999999999961,297.76718775,296.1666666666667,1600.52,1
1217,1216.9999999999964,298.0270835,297.2,827.08,1
1218,1217.9999999999964,298.3994790000001,297.5,899.48,1
1219,1218.9999999999964,298.429167,297.53333333333336,895.83,1
1220,1219.9999999999964,299.102604,297.8666666666667,1235.94,1
1221,1220.9999999999964,299.6364585,298.26666666666665,1369.79,1
1222,1221.9999999999964,300.107639,298.3,1807.64,1
1223,1222.9999999999964,300.5788195,299.1,1478.82,1
1224,1223.9999999999964,301.05,299.56666666666666,1483.33,1
1225,1224.9999999999964,301.5083335,299.6,1908.33,1
1226,1225.9999999999964,301.966667,299.6666666666667,2300.0,1
1227,1226.9999999999968,302.239583,301.06666666666666,1172.92,1
1228,1227.9999999999968,302.483333,301.26666666666665,1216.67,1
1229,1228.999999999997,302.764583,301.3,1464.58,1
1230,1229.9999999999973,303.338542,301.53333333333336,1805.21,1
1231,1230.9999999999975,304.083333,301.9,2183.33,1
1232,1231.9999999999973,304.591667,301.96666666666664,2625.0,1
1233,1232.999999999998,305.1677085,301.96666666666664,3201.04,1
1234,1233.9999999999975,305.7015625,302.0,3701.56,1
1235,1234.9999999999975,306.061979,302.4,3661.98,1
1236,1235.999999999998,306.4125,304.56666666666666,1845.83,1
1237,1236.9999999999984,306.80625,305.3333333333333,1472.92,1
1238,1237.999999999998,307.0703125,306.03333333333336,1036.98,1
1239,1238.999999999998,307.296875,306.3666666666667,930.21,1
1240,1239.999999999998,307.576042,306.73333333333335,842.71,1
1241,1240.9999999999986,307.7869795,307.0,786.98,1
1242,1241.9999999999984,308.0348955,307.26666666666665,768.23,1
1243,1242.9999999999986,308.4114585,307.3,1111.46,1
1244,1243.9999999999986,308.6885415,307.76666666666665,921.87,1
1245,1244.9999999999986,308.944271,308.03333333333336,910.94,1
1246,1245.9999999999986,309.244792,308.03333333333336,1211.46,1
1247,1246.9999999999989,309.4890625,308.3666666666667,1122.4,1
1248,1247.9999999999989,309.7375,308.9,837.5,1
1249,1248.999999999999,309.990625,309.23333333333335,757.29,1
1250,1249.999999999999,310.20520849999997,309.46666666666664,738.54,1
1251,1250.999999999999,310.40625,309.8,606.25,1
1252,1251.999999999999,310.6447915,309.8666666666667,778.12,1
1253,1252.9999999999993,310.8265625,310.1666666666667,659.9,1
1254,1253.9999999999993,311.079167,310.3,779.17,1
1255,1254.9999999999995,311.43177099999997,310.3,1131.77,1
1256,1255.9999999999998,311.6890625,310.8333333333333,855.73,1
1257,1256.9999999999993,311.927083,310.96666666666664,960.42,1
1258,1257.9999999999998,312.18958349999997,311.0,1189.58,1
1259,1258.9999999999998,312.3802085,311.56666666666666,813.54,1
1260,1260.0,312.608333,311.9,708.33,1
1261,1261.0,312.8375,312.03333333333336,804.17,1
1262,1262.0000000000002,313.038021,312.3666666666667,671.35,1
1263,1263.0000000000002,313.246875,312.5,746.87,1
1264,1264.0000000000002,313.468229,312.73333333333335,734.9,1
1265,1265.0000000000002,313.6463540000001,312.73333333333335,913.02,1
1266,1266.0000000000005,313.8796875,313.1666666666667,713.02,1
1267,1267.0000000000002,314.133333,313.43333333333334,700.0,1
1268,1268.0000000000005,314.3328125000001,313.46666666666664,866.15,1
1269,1269.0000000000007,314.540625,313.53333333333336,1007.29,1
1270,1270.0000000000005,314.7901045,313.56666666666666,1223.44,1
1271,1271.000000000001,315.0244790000001,314.26666666666665,757.81,1
1272,1272.000000000001,315.260417,314.53333333333336,727.08,1
1273,1273.000000000001,315.4989585,314.7,798.96,1
1274,1274.000000000001,315.7046875,315.03333333333336,671.35,1
1275,1275.0000000000011,315.9151045,315.2,715.1,1
1276,1276.000000000001,316.1390625,315.53333333333336,605.73,1
1277,1277.0000000000014,316.3114585,315.6666666666667,644.79,1
1278,1278.0000000000014,316.5640625,315.7,864.06,1
1279,1279.0000000000014,316.885417,316.1333333333333,752.08,1
1280,1280.0000000000014,317.1932290000001,316.23333333333335,959.9,1
1281,1281.000000000002,317.603125,316.23333333333335,1369.79,1
1282,1282.0000000000014,318.0067705,316.26666666666665,1740.1,1
1283,1283.000000000002,318.2156250000001,316.46666666666664,1748.96,1
1284,1284.000000000002,318.4723955,317.3,1172.4,1
1285,1285.000000000002,318.696875,317.8666666666667,830.21,1
1286,1286.000000000002,318.8921875,318.2,692.19,1
1287,1287.000000000002,319.128125,318.43333333333334,694.79,1
1288,1288.0000000000023,319.4041665000001,318.6666666666667,737.5,1
1289,1289.0000000000023,319.5786455,318.8333333333333,745.31,1
1290,1290.0000000000025,319.8088545,319.03333333333336,775.52,1
1291,1291.0000000000025,320.0125,319.3333333333333,679.17,1
1292,1292.0000000000025,320.215625,319.56666666666666,648.96,1
1293,1293.0000000000027,320.467708,319.8666666666667,601.04,1
1294,1294.0000000000027,320.7572915,319.96666666666664,790.62,1
1295,1295.0000000000027,320.9109375,320.1333333333333,777.6,1
1296,1296.000000000003,321.1760415,320.43333333333334,742.71,1
1297,1297.000000000003,321.4359375,320.46666666666664,969.27,1
1298,1298.000000000003,321.700521,320.93333333333334,767.19,1
1299,1299.0000000000032,322.05625,321.1,956.25,1
1300,1300.0000000000032,322.4265625,321.1666666666667,1259.9,1
1301,1301.0000000000032,322.6953125,321.6666666666667,1028.65,1
1302,1302.0000000000034,323.066146,321.8666666666667,1199.48,1
1303,1303.0000000000034,323.483333,322.23333333333335,1250.0,1
1304,1304.0000000000032,323.897917,322.73333333333335,1164.58,1
1305,1305.0000000000061,324.334375,322.73333333333335,1601.04,1
1306,1306.0000000000057,324.757292,323.3333333333333,1423.96,1
1307,1307.0000000000057,325.01770849999997,323.8666666666667,1151.04,1
1308,1308.0000000000052,325.23645849999997,323.9,1336.46,1
1309,1309.000000000005,325.515625,324.73333333333335,782.29,1
1310,1310.0000000000048,325.7041665000001,324.8666666666667,837.5,1
1311,1311.0000000000045,325.875,325.2,675.0,1
1312,1312.0000000000045,326.089583,325.43333333333334,656.25,1
1313,1313.0000000000043,326.252604,325.7,552.6,1
1314,1314.0000000000039,326.455208,325.8333333333333,621.87,1
1315,1315.0000000000036,326.641667,326.1,541.67,1
1316,1316.0000000000034,326.811458,326.3,511.46,1
1317,1317.0000000000034,326.9973955000001,326.43333333333334,564.06,1
1318,1318.0000000000032,327.235417,327.0,235.42,1
1319,1319.000000000003,327.378646,327.0,378.65,1
1320,1320.0000000000027,327.5515625000001,327.03333333333336,518.23,1
1321,1321.0000000000023,327.766667,327.2,566.67,1
1322,1322.0000000000023,327.898958,327.3333333333333,565.62,1
1323,1323.000000000002,328.0619795,327.5,561.98,1
1324,1324.0000000000016,328.263542,327.76666666666665,496.88,1
1325,1325.0000000000014,328.4109375,327.8,610.94,1
1326,1326.0000000000011,328.5885415,328.0,588.54,1
1327,1327.0000000000011,328.80677099999997,328.1,706.77,1
1328,1328.000000000001,328.9765625,328.3666666666667,609.9,1
1329,1329.0000000000005,329.155729,328.6333333333333,522.4,1
1330,1330.0000000000002,329.397917,328.73333333333335,664.58,1
1331,1331.0,329.546354,329.1333333333333,413.02,1
1332,1332.0,329.6989585,329.1666666666667,532.29,1
1333,1332.9999999999998,329.895833,329.23333333333335,662.5,1
1334,1333.9999999999995,330.049479,329.46666666666664,582.81,1
1335,1334.999999999999,330.194271,329.6333333333333,560.94,1
1336,1335.9999999999989,330.390625,329.9,490.63,1
1337,1336.9999999999989,330.5359375000001,330.03333333333336,502.6,1
1338,1337.9999999999986,330.7130205,330.1666666666667,546.35,1
1339,1338.9999999999984,330.90625,330.4,506.25,1
1340,1339.999999999998,331.064583,330.56666666666666,497.92,1
1341,1340.9999999999977,331.215104,330.6666666666667,548.44,1
1342,1341.9999999999977,331.457292,331.06666666666666,390.63,1
1343,1342.9999999999973,331.578125,331.06666666666666,511.46,1
1344,1343.999999999997,331.7328125,331.23333333333335,499.48,1
1345,1344.9999999999968,331.921875,331.26666666666665,655.21,1
1346,1345.9999999999966,332.0640625,331.56666666666666,497.4,1
1347,1346.9999999999966,332.2125,331.7,512.5,1
1348,1347.9999999999964,332.420833,331.93333333333334,487.5,1
1349,1348.9999999999961,332.5828125,332.0,582.81,1
1350,1349.9999999999957,332.800521,332.1666666666667,633.85,1
1351,1350.9999999999955,333.0140625,332.26666666666665,747.4,1
1352,1351.9999999999955,333.1786455,332.5,678.65,1
1353,1352.9999999999952,333.344792,332.8333333333333,511.46,1
1354,1353.999999999995,333.542708,333.0,542.71,1
1355,1354.9999999999948,333.6796875,333.3333333333333,346.35,1
1356,1355.9999999999943,333.836979,333.3666666666667,470.31,1
1357,1356.9999999999943,334.042708,333.5,542.71,1
1358,1357.9999999999939,334.194792,333.73333333333335,461.46,1
1359,1358.9999999999936,334.370833,333.8333333333333,537.5,1
1360,1359.9999999999934,334.5625,334.1666666666667,395.83,1
1361,1360.9999999999932,334.748958,334.1666666666667,582.29,1
1362,1361.9999999999932,334.940625,334.3666666666667,573.96,1
1363,1362.999999999993,335.098958,334.53333333333336,565.62,1
1364,1363.9999999999927,335.267708,334.6666666666667,601.04,1
1365,1364.9999999999923,335.4390625,334.93333333333334,505.73,1
1366,1365.9999999999918,335.6671875,335.2,467.19,1
1367,1366.9999999999918,335.790625,335.23333333333335,557.29,1
1368,1367.9999999999918,335.95520849999997,335.46666666666664,488.54,1
1369,1368.9999999999918,336.1848955000001,336.1666666666667,18.23,1
1370,1369.9999999999918,336.32864600000005,336.26666666666665,61.98,1
1371,1370.9999999999918,336.498958,336.4,98.96,1
1372,1371.9999999999918,336.695833,336.4,295.83,1
1373,1372.9999999999918,336.869792,336.46666666666664,403.13,1
1374,1373.9999999999918,337.054167,336.5,554.17,1
1375,1374.9999999999918,337.214583,336.7,514.58,1
1376,1375.9999999999918,337.416667,336.8666666666667,550.0,1
1377,1376.999999999992,337.5625,337.03333333333336,529.17,1
1378,1377.9999999999918,337.842708,337.06666666666666,776.04,1
1379,1378.9999999999918,337.998958,337.7,298.96,1
1380,1379.9999999999918,338.158333,337.76666666666665,391.67,1
1381,1380.9999999999918,338.316667,337.8666666666667,450.0,1
1382,1381.9999999999918,338.482292,338.0,482.29,1
1383,1382.9999999999918,338.64375,338.23333333333335,410.42,1
1384,1383.9999999999918,338.845833,338.3666666666667,479.17,1
1385,1384.9999999999918,339.032292,338.76666666666665,265.63,1
1386,1385.9999999999918,339.192708,338.96666666666664,226.04,1
1387,1386.9999999999918,339.378125,339.1666666666667,211.46,1
1388,1387.9999999999918,339.547917,339.3666666666667,181.25,1
1389,1388.9999999999918,339.709375,339.56666666666666,142.71,1
1390,1389.9999999999918,339.86875,339.76666666666665,102.08,1
1391,1390.9999999999918,340.040625,339.8666666666667,173.96,1
1392,1391.9999999999918,340.194792,340.1,94.79,1
1393,1392.9999999999918,340.384375,340.2,184.37,1
1394,1393.9999999999918,340.538542,340.43333333333334,105.21,1
1395,1394.999999999992,340.690625,340.6333333333333,57.29,1
1396,1395.999999999992,340.896875,340.6666666666667,230.21,1
1397,1396.999999999992,341.1031250000001,341.6666666666667,563.54,1
1398,1397.999999999992,341.3093750000001,341.8666666666667,557.29,1
1399,1398.9999999999918,341.515625,342.06666666666666,551.04,1
1400,1399.9999999999918,341.721875,342.06666666666666,344.79,1
1401,1400.9999999999918,341.928125,342.1666666666667,238.54,1
1402,1401.9999999999918,342.198958,342.2,1.04,1
1403,1402.9999999999918,342.333333,342.2,133.33,1
1404,1403.9999999999918,342.502083,342.3333333333333,168.75,1
1405,1404.9999999999918,342.65625,342.3333333333333,322.92,1
1406,1405.9999999999918,342.836458,342.43333333333334,403.12,1
1407,1406.9999999999918,343.06875,342.5,568.75,1
1408,1407.9999999999918,343.195833,342.8666666666667,329.17,1
1409,1408.9999999999918,343.371875,342.8666666666667,505.21,1
1410,1409.9999999999918,343.525,343.3,225.0,1
1411,1410.9999999999918,343.717708,343.3,417.71,1
1412,1411.9999999999918,343.867708,343.7,167.71,1
1413,1412.9999999999918,344.04375,343.9,143.75,1
1414,1413.9999999999918,344.204167,344.06666666666666,137.5,1
1415,1414.9999999999918,344.384375,344.26666666666665,117.71,1
1416,1415.9999999999918,344.535417,344.46666666666664,68.75,1
1417,1416.9999999999918,344.726042,344.46666666666664,259.38,1
1418,1417.9999999999918,344.883333,345.03333333333336,150.0,1
1419,1418.999999999992,345.041667,345.03333333333336,8.33,1
1420,1419.999999999992,345.2815106666667,345.06666666666666,214.84,1
1421,1420.999999999992,345.52135433333336,345.1,421.35,1
1422,1421.999999999992,345.76119800000015,345.23333333333335,527.86,1
1423,1422.9999999999918,346.00104166666665,345.3333333333333,667.71,1
1424,1423.9999999999918,346.24088533333327,345.6666666666667,574.22,1
1425,1424.9999999999918,346.480729,345.8333333333333,647.4,1
1426,1425.9999999999918,346.752083,346.1333333333333,618.75,1
1427,1426.9999999999918,346.889583,346.1333333333333,756.25,1
1428,1427.9999999999918,347.06875,346.6,468.75,1
1429,1428.9999999999918,347.329167,346.6333333333333,695.83,1
1430,1429.9999999999918,347.48125,346.93333333333334,547.92,1
1431,1430.9999999999918,347.638542,347.03333333333336,605.21,1
1432,1431.9999999999918,347.86875,347.3333333333333,535.42,1
1433,1432.9999999999918,348.026042,347.46666666666664,559.38,1
1434,1433.9999999999918,348.172917,347.6333333333333,539.58,1
1435,1434.9999999999918,348.365625,347.8333333333333,532.29,1
1436,1435.9999999999918,348.557292,347.93333333333334,623.96,1
1437,1436.9999999999918,348.740625,348.2,540.63,1
1438,1437.9999999999918,348.929167,348.5,429.17,1
1439,1438.9999999999918,349.103125,348.5,603.12,1
1440,1439.9999999999918,349.296875,348.8666666666667,430.21,1
1441,1440.9999999999918,349.53125,349.1,431.25,1
1442,1441.9999999999918,349.684375,349.5,184.37,1
1443,1442.9999999999918,349.840625,349.73333333333335,107.29,1
1444,1443.9999999999918,350.085417,349.8333333333333,252.08,1
1445,1444.9999999999918,350.244792,349.93333333333334,311.46,1
1446,1445.9999999999918,350.413542,349.96666666666664,446.88,1
1447,1446.9999999999918,350.580208,350.06666666666666,513.54,1
1448,1447.9999999999918,350.745833,350.2,545.83,1
1449,1448.9999999999918,350.908333,350.43333333333334,475.0,1
1450,1449.9999999999918,351.098958,350.46666666666664,632.29,1
1451,1450.9999999999918,351.276042,350.9,376.04,1
1452,1451.9999999999918,351.439583,350.9,539.58,1
1453,1452.9999999999918,351.694792,351.1333333333333,561.46,1
1454,1453.9999999999918,351.873958,351.1666666666667,707.29,1
1455,1454.9999999999918,352.016667,351.43333333333334,583.33,1
1456,1455.9999999999918,352.251042,351.6666666666667,584.38,1
1457,1456.9999999999918,352.397917,351.8333333333333,564.58,1
1458,1457.9999999999918,352.536458,352.0,536.46,1
1459,1458.9999999999918,352.734375,352.26666666666665,467.71,1
1460,1459.9999999999918,352.922917,352.3666666666667,556.25,1
1461,1460.9999999999918,353.1,352.56666666666666,533.33,1
1462,1461.9999999999918,353.301042,352.6666666666667,634.38,1
1463,1462.9999999999918,353.522917,352.9,622.92,1
1464,1463.9999999999918,353.70625,352.9,806.25,1
1465,1464.9999999999918,353.960417,353.7,260.42,1
1466,1465.9999999999918,354.120833,353.96666666666664,154.17,1
1467,1466.9999999999918,354.266667,354.1666666666667,100.0,1
1468,1467.9999999999918,354.495833,354.1666666666667,329.17,1
1469,1468.9999999999918,354.673958,354.2,473.96,1
1470,1469.9999999999918,354.876042,354.23333333333335,642.71,1
1471,1470.9999999999918,355.098958,354.46666666666664,632.29,1
1472,1471.9999999999918,355.332292,354.6333333333333,698.96,1
1473,1472.9999999999918,355.691667,354.9,791.67,1
1474,1473.9999999999918,356.04999999999984,355.03333333333336,1016.67,1
1475,1474.9999999999925,356.223958,355.3,923.96,1
1476,1475.9999999999925,356.459896,355.5,959.9,1
1477,1476.9999999999925,356.730208,355.7,1030.21,1
1478,1477.9999999999923,356.896875,355.7,1196.88,1
1479,1478.9999999999923,357.097917,355.9,1197.92,1
1480,1479.999999999992,357.28333349999997,355.93333333333334,1350.0,1
1481,1480.999999999992,357.455208,356.9,555.21,1
1482,1481.999999999992,357.6765625,356.93333333333334,743.23,1
1483,1482.999999999992,357.919792,357.1,819.79,1
1484,1483.9999999999923,358.073958,357.26666666666665,807.29,1
1485,1484.9999999999918,358.253125,357.26666666666665,986.46,1
1486,1485.9999999999918,358.4515625,357.8666666666667,584.9,1
1487,1486.9999999999916,358.60625,357.9,706.25,1
1488,1487.9999999999918,358.8453125,358.23333333333335,611.98,1
1489,1488.9999999999916,359.077083,358.26666666666665,810.42,1
1490,1489.9999999999916,359.233333,358.7,533.33,1
1491,1490.9999999999918,359.4125,358.73333333333335,679.17,1
1492,1491.9999999999914,359.6140625,358.76666666666665,847.4,1
1493,1492.9999999999916,359.768229,359.23333333333335,534.9,1
1494,1493.9999999999914,359.9833335,359.4,583.33,1
1495,1494.9999999999916,360.188542,359.6,588.54,1
1496,1495.9999999999911,360.340625,359.73333333333335,607.29,1
1497,1496.9999999999914,360.515625,359.73333333333335,782.29,1
1498,1497.9999999999905,360.69218750000016,360.1666666666667,525.52,1
1499,1498.9999999999905,360.834896,360.4,434.9,1
1500,1499.9999999999905,361.0625,360.5,562.5,1
1501,1500.9999999999905,361.3125,360.7,612.5,1
1502,1501.9999999999902,361.469792,360.8666666666667,603.13,1
1503,1502.9999999999902,361.654167,360.96666666666664,687.5,1
1504,1503.99999999999,361.84375,361.1333333333333,710.42,1
1505,1504.99999999999,362.004167,361.5,504.17,1
1506,1505.99999999999,362.2140625,361.53333333333336,680.73,1
1507,1506.9999999999898,362.442708,361.8333333333333,609.37,1
1508,1507.9999999999898,362.60625,361.96666666666664,639.58,1
1509,1508.9999999999898,362.785417,362.2,585.42,1
1510,1509.9999999999895,363.0088545,362.4,608.85,1
1511,1510.9999999999895,363.125,362.56666666666666,558.33,1
1512,1511.9999999999895,363.3604165,362.6333333333333,727.08,1
1513,1512.9999999999895,363.561458,363.03333333333336,528.12,1
1514,1513.9999999999895,363.74010400000003,363.2,540.1,1
1515,1514.9999999999893,363.944792,363.2,744.79,1
1516,1515.9999999999893,364.18125,363.56666666666666,614.58,1
1517,1516.999999999989,364.363542,363.76666666666665,596.88,1
1518,1517.9999999999893,364.6296875,363.8333333333333,796.35,1
1519,1518.999999999989,364.948958,363.93333333333334,1015.62,1
1520,1519.999999999989,365.176042,364.3666666666667,809.38,1
1521,1520.9999999999889,365.471875,364.53333333333336,938.54,1
1522,1521.9999999999889,365.729167,364.6333333333333,1095.83,1
1523,1522.9999999999884,365.898958,365.06666666666666,832.29,1
1524,1523.9999999999889,366.1286455,365.23333333333335,895.31,1
1525,1524.9999999999889,366.385417,365.56666666666666,818.75,1
1526,1525.9999999999884,366.54375,365.9,643.75,1
1527,1526.9999999999884,366.75625,366.03333333333336,722.92,1
1528,1527.9999999999882,366.953646,366.1,853.65,1
1529,1528.9999999999882,367.097917,366.56666666666666,531.25,1
1530,1529.9999999999882,367.308854,366.6,708.85,1
1531,1530.9999999999882,367.511458,366.93333333333334,578.12,1
1532,1531.999999999988,367.68125,367.1666666666667,514.58,1
1533,1532.999999999988,367.876042,367.23333333333335,642.71,1
1534,1533.9999999999882,368.0859375,367.3333333333333,752.6,1
1535,1534.9999999999877,368.2359375,367.6666666666667,569.27,1
1536,1535.9999999999882,368.45,367.8333333333333,616.67,1
1537,1536.9999999999877,368.672917,368.06666666666666,606.25,1
1538,1537.9999999999877,368.796875,368.23333333333335,563.54,1
1539,1538.9999999999875,368.989583,368.3333333333333,656.25,1
1540,1539.9999999999875,369.20520849999997,368.3666666666667,838.54,1
1541,1540.9999999999875,369.3385415,368.96666666666664,371.87,1
1542,1541.9999999999875,369.547396,368.96666666666664,580.73,1
1543,1542.999999999987,369.795833,369.2,595.83,1
1544,1543.999999999987,370.014583,369.23333333333335,781.25,1
1545,1544.9999999999868,370.360417,369.46666666666664,893.75,1
1546,1545.9999999999868,370.5627605,369.73333333333335,829.43,1
1547,1546.9999999999866,370.765104,370.0,765.1,1
1548,1547.9999999999868,371.096875,370.3333333333333,763.54,1
1549,1548.9999999999868,371.378125,370.53333333333336,844.79,1
1550,1549.9999999999868,371.514583,370.76666666666665,747.92,1
1551,1550.9999999999864,371.677083,371.0,677.08,1
1552,1551.9999999999864,371.844792,371.1,744.79,1
1553,1552.9999999999861,372.020833,371.53333333333336,487.5,1
1554,1553.9999999999861,372.179167,371.6333333333333,545.83,1
1555,1554.9999999999861,372.39027799999997,371.96666666666664,423.61,1
1556,1555.9999999999861,372.60138900000004,372.1,501.39,1
1557,1556.9999999999861,372.8125,372.73333333333335,79.17,1
1558,1557.999999999986,372.95625,372.8,156.25,1
1559,1558.999999999986,373.094792,373.1333333333333,38.54,1
1560,1559.9999999999857,373.283333,373.1333333333333,150.0,1
1561,1560.9999999999857,373.452083,373.1666666666667,285.42,1
1562,1561.9999999999857,373.61145849999997,373.1666666666667,444.79,1
1563,1562.9999999999857,373.735417,373.23333333333335,502.08,1
1564,1563.9999999999854,373.883333,373.46666666666664,416.67,1
1565,1564.9999999999854,374.033333,373.6666666666667,366.67,1
1566,1565.9999999999854,374.201042,373.8,401.04,1
1567,1566.9999999999852,374.3682295,373.8333333333333,534.9,1
1568,1567.9999999999854,374.551042,373.96666666666664,584.38,1
1569,1568.9999999999852,374.853125,374.1,753.12,1
1570,1569.9999999999852,375.165625,374.3666666666667,798.96,1
1571,1570.9999999999852,375.342708,374.53333333333336,809.37,1
1572,1571.9999999999852,375.5036455,374.6666666666667,836.98,1
1573,1572.9999999999852,375.748958,375.06666666666666,682.29,1
1574,1573.9999999999852,375.940625,375.06666666666666,873.96,1
1575,1574.999999999985,376.089583,375.5,589.58,1
1576,1575.999999999985,376.234375,375.53333333333336,701.04,1
1577,1576.9999999999848,376.409375,375.9,509.38,1
1578,1577.9999999999848,376.592708,376.06666666666666,526.04,1
1579,1578.9999999999848,376.81180533333327,376.7,111.81,1
1580,1579.9999999999845,377.0309026666667,376.8666666666667,164.24,1
1581,1580.9999999999848,377.25,377.06666666666666,183.33,1
1582,1581.9999999999843,377.432292,377.3,132.29,1
1583,1582.9999999999843,377.58125,377.3333333333333,247.92,1
1584,1583.999999999984,377.741667,377.46666666666664,275.0,1
1585,1584.9999999999843,377.903125,377.46666666666664,436.46,1
1586,1585.999999999984,378.04375,377.53333333333336,510.42,1
1587,1586.999999999984,378.209896,377.76666666666665,443.23,1
1588,1587.9999999999839,378.351042,378.06666666666666,284.38,1
1589,1588.9999999999839,378.505208,378.1666666666667,338.54,1
1590,1589.9999999999834,378.666667,378.3,366.67,1
1591,1590.9999999999834,378.816667,378.43333333333334,383.33,1
1592,1591.9999999999834,378.959896,378.46666666666664,493.23,1
1593,1592.9999999999834,379.111458,378.56666666666666,544.79,1
1594,1593.9999999999832,379.261458,378.8333333333333,428.12,1
1595,1594.9999999999832,379.420833,379.1,320.83,1
1596,1595.9999999999832,379.565625,379.1,465.62,1
1597,1596.999999999983,379.714583,379.2,514.58,1
1598,1597.999999999983,379.845833,379.43333333333334,412.5,1
1599,1598.999999999983,379.9807295,379.73333333333335,247.4,1
1600,1599.999999999983,380.159375,379.93333333333334,226.04,1
1601,1600.9999999999827,380.3125,380.1333333333333,179.17,1
1602,1601.9999999999827,380.45,380.3,150.0,1
1603,1602.9999999999825,380.609375,380.3,309.37,1
1604,1603.9999999999825,380.77031250000016,380.3333333333333,436.98,1
1605,1604.9999999999823,381.029167,380.46666666666664,562.5,1
1606,1605.9999999999825,381.288542,380.6666666666667,621.88,1
1607,1606.999999999982,381.453125,380.93333333333334,519.79,1
1608,1607.999999999982,381.626042,381.1,526.04,1
1609,1608.999999999982,381.772917,381.2,572.92,1
1610,1609.9999999999818,381.9515625,381.53333333333336,418.23,1
1611,1610.9999999999818,382.120833,381.6,520.83,1
1612,1611.9999999999816,382.310417,381.73333333333335,577.08,1
1613,1612.9999999999816,382.460417,381.96666666666664,493.75,1
1614,1613.9999999999814,382.641667,382.1,541.67,1
1615,1614.9999999999814,382.876042,382.26666666666665,609.38,1
1616,1615.9999999999811,383.092708,382.46666666666664,626.04,1
1617,1616.9999999999811,383.477083,382.56666666666666,910.42,1
1618,1617.999999999981,383.848958,382.56666666666666,1282.29,1
1619,1618.999999999981,384.058333,383.1,958.33,1
1620,1619.999999999981,384.2161455,383.46666666666664,749.48,1
1621,1620.9999999999807,384.351042,383.8666666666667,484.38,1
1622,1621.999999999981,384.5421875,384.03333333333336,508.85,1
1623,1622.9999999999807,384.697917,384.1666666666667,531.25,1
1624,1623.9999999999807,384.87552100000005,384.46666666666664,408.85,1
1625,1624.9999999999804,385.047917,384.53333333333336,514.58,1
1626,1625.9999999999807,385.227604,384.7,527.6,1
1627,1626.9999999999802,385.415625,384.9,515.62,1
1628,1627.9999999999804,385.713542,385.06666666666666,646.88,1
1629,1628.9999999999802,386.4380205,385.23333333333335,1204.69,1
1630,1629.9999999999802,386.825,386.43333333333334,391.67,1
1631,1630.9999999999798,387.039583,386.43333333333334,606.25,1
1632,1631.9999999999802,387.305208,386.5,805.21,1
1633,1632.9999999999798,387.620833,386.76666666666665,854.17,1
1634,1633.9999999999798,387.836458,387.06666666666666,769.79,1
1635,1634.9999999999798,388.07239599999997,387.23333333333335,839.06,1
1636,1635.9999999999795,388.326042,387.5,826.04,1
1637,1636.9999999999795,388.488542,387.8,688.54,1
1638,1637.9999999999795,388.689583,387.9,789.58,1
1639,1638.9999999999795,388.93125,388.06666666666666,864.58,1
1640,1639.9999999999793,389.1145835,388.4,714.58,1
1641,1640.9999999999793,389.327604,388.4,927.6,1
1642,1641.999999999979,389.575,388.9,675.0,1
1643,1642.999999999979,389.7125,389.03333333333336,679.17,1
1644,1643.999999999979,389.922917,389.26666666666665,656.25,1
1645,1644.999999999979,390.144792,389.53333333333336,611.46,1
1646,1645.9999999999789,390.322917,389.7,622.92,1
1647,1646.9999999999789,390.546875,390.0,546.88,1
1648,1647.9999999999789,390.780208,390.1,680.21,1
1649,1648.9999999999786,390.936458,390.1333333333333,803.12,1
1650,1649.9999999999789,391.139583,390.3,839.58,1
1651,1650.9999999999786,391.38333350000005,390.8,583.33,1
1652,1651.9999999999786,391.611458,390.9,711.46,1
1653,1652.9999999999784,391.936979,390.9,1036.98,1
1654,1653.9999999999784,392.253125,391.4,853.13,1
1655,1654.999999999978,392.352604,391.5,852.6,1
1656,1655.9999999999784,392.632292,391.9,732.29,1
1657,1656.999999999978,392.889583,392.2,689.58,1
1658,1657.999999999978,393.105729,392.3333333333333,772.4,1
1659,1658.9999999999777,393.30260400000003,392.56666666666666,735.94,1
1660,1659.9999999999777,393.6515625,392.8,851.56,1
1661,1660.9999999999777,393.75625,393.06666666666666,689.58,1
1662,1661.9999999999777,393.996875,393.3,696.87,1
1663,1662.9999999999777,394.2552085,393.56666666666666,688.54,1
1664,1663.9999999999775,394.46562500000016,393.76666666666665,698.96,1
1665,1664.9999999999775,394.659375,393.96666666666664,692.71,1
1666,1665.9999999999773,395.0234375,393.96666666666664,1056.77,1
1667,1666.9999999999773,395.128125,394.43333333333334,694.79,1
1668,1667.9999999999773,395.371354,394.6333333333333,738.02,1
1669,1668.9999999999773,395.6015625,395.0,601.56,1
1670,1669.999999999977,395.796354,395.1333333333333,663.02,1
1671,1670.999999999977,395.99427099999997,395.3333333333333,660.94,1
1672,1671.9999999999768,396.3421875,395.56666666666666,775.52,1
1673,1672.9999999999768,396.4640625,395.6,864.06,1
1674,1673.999999999977,396.714583,395.76666666666665,947.92,1
1675,1674.9999999999768,396.95625,396.26666666666665,689.58,1
1676,1675.9999999999768,397.14270849999997,396.46666666666664,676.04,1
1677,1676.9999999999766,397.33125,396.6666666666667,664.58,1
1678,1677.9999999999766,397.70000000000016,396.8666666666667,833.33,1
1679,1678.999999999976,397.8177085,396.93333333333334,884.38,1
1680,1679.9999999999766,398.02135400000003,397.26666666666665,754.69,1
1681,1680.999999999976,398.232292,397.6666666666667,565.63,1
1682,1681.999999999976,398.423958,397.8,623.96,1
1683,1682.9999999999757,398.6208335,397.9,720.83,1
1684,1683.9999999999757,399.013021,398.2,813.02,1
1685,1684.9999999999754,399.124479,398.4,724.48,1
1686,1685.9999999999757,399.352083,398.56666666666666,785.42,1
1687,1686.9999999999757,399.5869795,398.93333333333334,653.65,1
1688,1687.9999999999754,399.7328125,399.1333333333333,599.48,1
1689,1688.9999999999752,400.0213545,399.3,721.35,1
1690,1689.9999999999752,400.32083350000005,399.7,620.83,1
1691,1690.9999999999752,400.43541650000003,399.7,735.42,1
1692,1691.9999999999752,400.6463545,400.0,646.35,1
1693,1692.9999999999752,400.858333,400.3,558.33,1
1694,1693.999999999975,401.060417,400.46666666666664,593.75,1
1695,1694.999999999975,401.2270835,400.73333333333335,493.75,1
1696,1695.9999999999748,401.6015625,400.8,801.56,1
1697,1696.9999999999748,401.7302085,400.8333333333333,896.88,1
1698,1697.9999999999748,401.955208,401.2,755.21,1
1699,1698.9999999999748,402.1520835,401.6,552.08,1
1700,1699.9999999999748,402.341667,401.73333333333335,608.33,1
1701,1700.9999999999745,402.64114600000005,401.93333333333334,707.81,1
1702,1701.9999999999745,402.9322915,402.3333333333333,598.96,1
1703,1702.9999999999743,403.0796875,402.4,679.69,1
1704,1703.9999999999745,403.328125,402.6,728.12,1
1705,1704.9999999999743,403.5229165,402.96666666666664,556.25,1
1706,1705.9999999999743,403.71302099999997,403.1,613.02,1
1707,1706.9999999999739,404.01875,403.3,718.75,1
1708,1707.9999999999739,404.331771,403.43333333333334,898.44,1
1709,1708.9999999999736,404.4536455,403.6666666666667,786.98,1
1710,1709.9999999999739,404.713542,403.93333333333334,780.21,1
1711,1710.9999999999736,404.9296875,404.2,729.69,1
1712,1711.9999999999736,405.1276045,404.43333333333334,694.27,1
1713,1712.9999999999736,405.47083349999997,404.6666666666667,804.17,1
1714,1713.9999999999734,405.803125,405.0,803.13,1
1715,1714.9999999999748,405.9546875,405.1,854.69,1
1716,1715.9999999999748,406.1859375,405.3,885.94,1
1717,1716.9999999999748,406.4244795,405.5,924.48,1
1718,1717.999999999975,406.6453125,406.03333333333336,611.98,1
1719,1718.999999999975,406.930208,406.3,630.21,1
1720,1719.999999999975,407.24427099999997,406.43333333333334,810.94,1
1721,1720.999999999975,407.396875,406.6,796.88,1
1722,1721.999999999975,407.5479165,406.6333333333333,914.58,1
1723,1722.999999999975,407.8645835,407.23333333333335,631.25,1
1724,1723.999999999975,408.13854150000003,407.43333333333334,705.21,1
1725,1724.999999999975,408.5463545,407.6333333333333,913.02,1
1726,1725.9999999999752,408.86272349999996,407.8333333333333,1029.39,1
1727,1726.9999999999752,409.17909249999997,408.03333333333336,1145.76,1
1728,1727.9999999999752,409.4954615,408.5,995.46,1
1729,1728.9999999999752,409.81183050000004,408.5,1311.83,1
1730,1729.9999999999752,410.1281995,408.53333333333336,1594.87,1
1731,1730.999999999975,410.4445685,408.93333333333334,1511.24,1
1732,1731.999999999975,410.7609375,409.8333333333333,927.6,1
1733,1732.9999999999804,410.94218750000016,410.0,942.19,1
1734,1733.9999999999802,411.183854,410.0,1183.85,1
1735,1734.9999999999802,411.4619795,410.03333333333336,1428.65,1
1736,1735.9999999999798,411.7385415,410.96666666666664,771.87,1
1737,1736.9999999999798,412.1322915,411.1666666666667,965.62,1
1738,1737.9999999999802,412.553124875,411.43333333333334,1119.79,1
1739,1738.9999999999802,412.97395825,411.6333333333333,1340.62,1
1740,1739.9999999999802,413.394791625,412.1,1294.79,1
1741,1740.9999999999798,413.815625,412.1,1715.62,1
1742,1741.9999999999918,414.311979,412.1333333333333,2178.65,1
1743,1742.9999999999918,415.240625,412.56666666666666,2673.96,1
1744,1743.9999999999918,415.7643229375,413.3666666666667,2397.66,1
1745,1744.9999999999916,416.288020875,413.76666666666665,2521.35,1
1746,1745.9999999999916,416.8117188125,413.96666666666664,2845.05,1
1747,1746.9999999999916,417.33541675,413.96666666666664,3368.75,1
1748,1747.9999999999916,417.8591146875,414.3666666666667,3492.45,1
1749,1748.9999999999918,418.382812625,414.3666666666667,4016.15,1
1750,1749.999999999972,418.9065105625,414.96666666666664,3939.84,1
1751,1750.9999999999718,419.4302085,414.96666666666664,4463.54,1
1752,1751.9999999999714,419.5354165,415.0,4535.42,1
1753,1752.9999999999714,419.7765625,415.03333333333336,4743.23,1
1754,1753.9999999999714,420.01770849999997,415.06666666666666,4951.04,1
1755,1754.9999999999704,420.18958349999997,416.8,3389.58,1
1756,1755.9999999999707,420.43020841666674,418.8666666666667,1563.54,1
1757,1756.9999999999707,420.67083333333335,419.53333333333336,1137.5,1
1758,1757.9999999999704,420.91145825,419.53333333333336,1378.12,1
1759,1758.9999999999704,421.1520831666666,419.56666666666666,1585.42,1
1760,1759.9999999999704,421.3927080833333,419.56666666666666,1826.04,1
1761,1760.99999999997,421.633333,419.6,2033.33,1
1762,1761.9999999999704,421.89062466666667,419.6333333333333,2257.29,1
1763,1762.9999999999702,422.1479163333333,419.6333333333333,2514.58,1
1764,1763.9999999999702,422.405208,419.73333333333335,2671.87,1
1765,1764.9999999999702,422.58680533333336,419.93333333333334,2653.47,1
1766,1765.9999999999704,422.76840266666665,420.1333333333333,2635.07,1
1767,1766.9999999999702,422.95,422.23333333333335,716.67,1
1768,1767.9999999999702,423.1315973333333,422.56666666666666,564.93,1
1769,1768.9999999999702,423.3131946666666,423.0,313.19,1
1770,1769.99999999997,423.494792,423.46666666666664,28.13,1
1771,1770.9999999999702,423.681771,423.53333333333336,148.44,1
1772,1771.9999999999698,423.86875,423.53333333333336,335.42,1
1773,1772.9999999999698,424.185417,423.56666666666666,618.75,1
1774,1773.9999999999698,424.48151075,423.6,881.51,1
1775,1774.9999999999698,424.7776045,423.76666666666665,1010.94,1
1776,1775.9999999999684,424.909896,424.1333333333333,776.56,1
1777,1776.9999999999688,425.15026050000006,424.1333333333333,1016.93,1
1778,1777.9999999999686,425.390625,424.6666666666667,723.96,1
1779,1778.999999999968,425.579167,424.9,679.17,1
1780,1779.9999999999677,425.8338545,424.9,933.85,1
1781,1780.999999999968,426.088542,424.93333333333334,1155.21,1
1782,1781.999999999968,426.3432295,424.96666666666664,1376.56,1
1783,1782.999999999968,426.597917,424.96666666666664,1631.25,1
1784,1783.9999999999677,426.8526045,425.0,1852.6,1
1785,1784.9999999999675,427.107292,425.0,2107.29,1
1786,1785.9999999999677,427.3565975,425.03333333333336,2323.26,1
1787,1786.9999999999677,427.605903,425.06666666666666,2539.24,1
1788,1787.9999999999675,427.8552085,425.06666666666666,2788.54,1
1789,1788.9999999999675,428.05173625,425.26666666666665,2785.07,1
1790,1789.9999999999675,428.24826399999995,427.43333333333334,814.93,1
1791,1790.9999999999677,428.44479175,427.43333333333334,1011.46,1
1792,1791.9999999999675,428.6413195,427.96666666666664,674.65,1
1793,1792.9999999999675,428.83784725,428.26666666666665,571.18,1
1794,1793.9999999999673,429.034375,428.26666666666665,767.71,1
1795,1794.9999999999673,429.226823,428.3,926.82,1
1796,1795.9999999999668,429.419271,428.3,1119.27,1
1797,1796.9999999999668,429.7255205,429.0,725.52,1
1798,1797.999999999967,429.8913193333333,429.06666666666666,824.65,1
1799,1798.9999999999668,430.05711816666667,429.3666666666667,690.45,1
1800,1799.9999999999668,430.222917,429.4,822.92,1
1801,1800.999999999967,430.37847233333326,429.4,978.47,1
1802,1801.9999999999668,430.5340276666667,429.73333333333335,800.69,1
1803,1802.9999999999668,430.689583,429.96666666666664,722.92,1
1804,1803.9999999999668,430.86111100000005,429.96666666666664,894.44,1
1805,1804.9999999999666,431.03263899999996,430.23333333333335,799.31,1
1806,1805.9999999999663,431.204167,430.26666666666665,937.5,1
1807,1806.9999999999668,431.4264883571428,430.5,926.49,1
1808,1807.9999999999668,431.6488097142857,430.93333333333334,715.48,1
1809,1808.9999999999666,431.8711310714286,431.2,671.13,1
1810,1809.9999999999666,432.09345242857137,431.3666666666667,726.79,1
1811,1810.9999999999668,432.3157737857143,431.76666666666665,549.11,1
1812,1811.9999999999668,432.53809514285723,431.96666666666664,571.43,1
1813,1812.9999999999666,432.7604165,432.1333333333333,627.08,1
1814,1813.9999999999666,432.94604155,432.1666666666667,779.37,1
1815,1814.9999999999666,433.1316666,432.3,831.67,1
1816,1815.9999999999668,433.31729165,432.3,1017.29,1
1817,1816.9999999999666,433.50291669999996,432.3333333333333,1169.58,1
1818,1817.9999999999666,433.68854175,432.8666666666667,821.88,1
1819,1818.9999999999666,433.87416680000007,433.0,874.17,1
1820,1819.9999999999666,434.05979185,433.3,759.79,1
1821,1820.9999999999668,434.24541689999995,433.5,745.42,1
1822,1821.9999999999668,434.43104195,433.93333333333334,497.71,1
1823,1822.9999999999668,434.616667,434.0,616.67,1
1824,1823.999999999966,434.74375,434.8333333333333,89.58,1
1825,1824.999999999966,434.96640625,434.8333333333333,133.07,1
1826,1825.9999999999652,435.1890625,434.8666666666667,322.4,1
1827,1826.9999999999648,435.361979,434.8666666666667,495.31,1
1828,1827.9999999999645,435.59331583333335,434.9,693.32,1
1829,1828.9999999999645,435.82465266666674,434.93333333333334,891.32,1
1830,1829.9999999999648,436.05598949999995,434.93333333333334,1122.66,1
1831,1830.9999999999648,436.2873263333333,434.96666666666664,1320.66,1
1832,1831.9999999999645,436.5186631666666,435.0,1518.66,1
1833,1832.9999999999645,436.75,435.0,1750.0,1
1834,1833.9999999999643,436.99861116666665,435.03333333333336,1965.28,1
1835,1834.9999999999645,437.24722233333335,435.03333333333336,2213.89,1
1836,1835.999999999964,437.4958335,435.06666666666666,2429.17,1
1837,1836.9999999999643,437.68541680000004,435.1,2585.42,1
1838,1837.9999999999643,437.8750001,435.3333333333333,2541.67,1
1839,1838.9999999999643,438.0645834,436.73333333333335,1331.25,1
1840,1839.9999999999645,438.25416669999987,437.3666666666667,887.5,1
1841,1840.9999999999638,438.44375,437.3666666666667,1077.08,1
1842,1841.9999999999638,438.729167,437.4,1329.17,1
1843,1842.9999999999638,438.92187525,437.4,1521.88,1
1844,1843.9999999999636,439.1145835,437.6333333333333,1481.25,1
1845,1844.9999999999636,439.458333,438.3666666666667,1091.67,1
1846,1845.9999999999636,439.75468725,438.3666666666667,1388.02,1
1847,1846.9999999999636,440.0510415,439.06666666666666,984.37,1
1848,1847.9999999999627,440.145833,439.4,745.83,1
1849,1848.9999999999627,440.393229,439.6,793.23,1
1850,1849.9999999999627,440.640625,440.03333333333336,607.29,1
1851,1850.9999999999616,440.8010415,440.1666666666667,634.37,1
1852,1851.999999999962,441.05069425,440.1666666666667,884.03,1
1853,1852.9999999999616,441.300347,440.2,1100.35,1
1854,1853.9999999999616,441.54999975,440.2,1350.0,1
1855,1854.999999999962,441.7996525,440.23333333333335,1566.32,1
1856,1855.999999999962,442.04930525,440.26666666666665,1782.64,1
1857,1856.9999999999616,442.298958,440.26666666666665,2032.29,1
1858,1857.9999999999616,442.578472,440.3,2278.47,1
1859,1858.9999999999613,442.85798600000004,440.3333333333333,2524.65,1
1860,1859.9999999999616,443.1375,440.3333333333333,2804.17,1
1861,1860.9999999999616,443.33350700000005,440.5,2833.51,1
1862,1861.9999999999613,443.52951399999995,440.7,2829.51,1
1863,1862.9999999999613,443.725521,442.8333333333333,892.19,1
1864,1863.9999999999613,443.921528,443.6,321.53,1
1865,1864.9999999999613,444.117535,443.93333333333334,184.2,1
1866,1865.999999999961,444.313542,443.96666666666664,346.88,1
1867,1866.9999999999613,444.5007815,444.1666666666667,334.11,1
1868,1867.999999999961,444.688021,444.3666666666667,321.35,1
1869,1868.9999999999607,444.988542,444.5,488.54,1
1870,1869.999999999961,445.15902800000003,444.8,359.03,1
1871,1870.999999999961,445.32951399999996,444.8,529.51,1
1872,1871.9999999999607,445.5,445.26666666666665,233.33,1
1873,1872.9999999999607,445.6649306666667,445.3,364.93,1
1874,1873.9999999999607,445.82986133333327,445.3,529.86,1
1875,1874.9999999999607,445.994792,445.3333333333333,661.46,1
1876,1875.9999999999607,446.1645835,445.3666666666667,797.92,1
1877,1876.9999999999607,446.334375,445.3666666666667,967.71,1
1878,1877.9999999999604,446.5041665,445.4,1104.17,1
1879,1878.9999999999604,446.749045,445.46666666666664,1282.38,1
1880,1879.9999999999607,446.99392350000005,445.6333333333333,1360.59,1
1881,1880.9999999999607,447.238802,446.46666666666664,772.14,1
1882,1881.9999999999607,447.4836805,446.6666666666667,817.01,1
1883,1882.9999999999604,447.72855899999996,446.8666666666667,861.89,1
1884,1883.9999999999604,447.9734375,446.8666666666667,1106.77,1
1885,1884.9999999999607,448.57291666666674,446.9,1672.92,1
1886,1885.9999999999607,449.17239583333327,447.0,2172.4,1
1887,1886.9999999999604,449.771875,447.2,2571.88,1
1888,1887.9979166666267,449.8786458333333,450.03333333333336,154.69,1
1889,1888.9979166666265,449.9854166666667,450.03333333333336,47.92,1
1890,1889.9999999999598,450.0921875,450.6666666666667,574.48,1
1891,1890.997916666626,450.1989583333333,450.6666666666667,467.71,1
1892,1891.9979166666258,450.3057291666667,450.7,394.27,1
1893,1892.9999999999588,450.4125,450.73333333333335,320.83,1
1894,1893.9999999999588,450.61875,450.73333333333335,114.58,1
1895,1894.999999999959,450.825,450.76666666666665,58.33,1
1896,1895.9999999999588,451.00208349999997,450.76666666666665,235.42,1
1897,1896.9999999999588,451.236458,450.8,436.46,1
1898,1897.9999999999586,451.332292,450.8333333333333,498.96,1
1899,1898.9999999999584,451.490625,451.0,490.63,1
1900,1899.9999999999584,451.664583,451.1666666666667,497.92,1
1901,1900.9999999999575,451.832292,451.3333333333333,498.96,1
1902,1901.9999999999575,451.982292,451.53333333333336,448.96,1
1903,1902.9999999999575,452.1722223333333,451.73333333333335,438.89,1
1904,1903.9999999999575,452.36215266666665,451.8666666666667,495.49,1
1905,1904.9999999999575,452.552083,452.2,352.08,1
1906,1905.999999999957,452.729167,452.3,429.17,1
1907,1906.999999999957,452.871875,452.56666666666666,305.21,1
1908,1907.9999999999568,453.0421875,452.6,442.19,1
1909,1908.9999999999568,453.254167,452.93333333333334,320.83,1
1910,1909.9999999999568,453.405208,452.93333333333334,471.87,1
1911,1910.9999999999566,453.529167,453.0,529.17,1
1912,1911.9999999999566,453.666667,453.26666666666665,400.0,1
1913,1912.9999999999563,453.819792,453.5,319.79,1
1914,1913.999999999956,453.944271,453.5,444.27,1
1915,1914.9999999999561,454.134375,453.7,434.37,1
1916,1915.999999999956,454.282292,453.8666666666667,415.63,1
1917,1916.999999999956,454.634375,454.0,634.37,1
1918,1917.999999999956,454.8403645,454.26666666666665,573.7,1
1919,1918.999999999956,455.046354,454.3,746.35,1
1920,1919.9999999999561,455.20885400000003,454.6,608.85,1
1921,1920.9999999999557,455.432292,454.76666666666665,665.63,1
1922,1921.9999999999557,455.552083,455.23333333333335,318.75,1
1923,1922.9999999999554,455.711458,455.23333333333335,478.12,1
1924,1923.9999999999552,455.883333,455.43333333333334,450.0,1
1925,1924.9999999999552,456.05625,455.56666666666666,489.58,1
1926,1925.9999999999543,456.208333,455.7,508.33,1
1927,1926.9999999999548,456.40937466666674,455.9,509.37,1
1928,1927.9999999999548,456.61041633333326,456.06666666666666,543.75,1
1929,1928.9999999999543,456.811458,456.23333333333335,578.12,1
1930,1929.9999999999543,457.021875,456.23333333333335,788.54,1
1931,1930.9999999999538,457.18125,456.8,381.25,1
1932,1931.9999999999538,457.34583349999997,456.93333333333334,412.5,1
1933,1932.9999999999538,457.501042,457.2,301.04,1
1934,1933.9999999999536,457.683333,457.23333333333335,450.0,1
1935,1934.9999999999538,457.8390625,457.56666666666666,272.4,1
1936,1935.9999999999534,458.001042,457.6,401.04,1
1937,1936.9999999999534,458.159375,457.76666666666665,392.71,1
1938,1937.9999999999532,458.34375,457.8,543.75,1
1939,1938.9999999999532,458.605208,458.03333333333336,571.87,1
1940,1939.9999999999534,458.808333,458.1666666666667,641.67,1
1941,1940.9999999999532,459.135417,458.23333333333335,902.08,1
1942,1941.999999999952,459.427083,458.5,927.08,1
1943,1942.9999999999516,459.59375,458.73333333333335,860.42,1
1944,1943.9999999999516,459.75625,459.1,656.25,1
1945,1944.9999999999516,460.011979,459.4,611.98,1
1946,1945.9999999999516,460.215625,459.6666666666667,548.96,1
1947,1946.9999999999513,460.383333,459.8,583.33,1
1948,1947.9999999999511,460.592708,459.9,692.71,1
1949,1948.9999999999513,460.75468750000016,460.2,554.69,1
1950,1949.9999999999516,460.916667,460.2,716.67,1
1951,1950.9999999999511,461.129167,460.23333333333335,895.83,1
1952,1951.9999999999513,461.314583,460.26666666666665,1047.92,1
1953,1952.9999999999518,461.44583350000005,460.93333333333334,512.5,1
1954,1953.9999999999513,461.644792,461.1333333333333,511.46,1
1955,1954.9999999999518,461.786458,461.3,486.46,1
1956,1955.9999999999511,461.9604165,461.4,560.42,1
1957,1956.9999999999511,462.1958335,461.43333333333334,762.5,1
1958,1957.9999999999513,462.354167,461.8,554.17,1
1959,1958.9999999999507,462.532292,461.93333333333334,598.96,1
1960,1959.9999999999507,462.7125,462.06666666666666,645.83,1
1961,1960.9999999999513,462.880208,462.3,580.21,1
1962,1961.9999999999507,463.042708,462.5,542.71,1
1963,1962.9999999999513,463.215625,462.53333333333336,682.29,1
1964,1963.9999999999502,463.374479,462.56666666666666,807.81,1
1965,1964.9999999999502,463.653125,463.0,653.12,1
1966,1965.9999999999507,463.903125,463.23333333333335,669.79,1
1967,1966.99999999995,464.05625,463.3333333333333,722.92,1
1968,1967.9999999999502,464.20625,463.53333333333336,672.92,1
1969,1968.9999999999507,464.433333,463.53333333333336,900.0,1
1970,1969.9999999999498,464.55,463.56666666666666,983.33,1
1971,1970.9999999999498,464.851042,464.23333333333335,617.71,1
1972,1971.999999999949,465.040625,464.3,740.62,1
1973,1972.9999999999495,465.203125,464.53333333333336,669.79,1
1974,1973.9999999999495,465.366667,464.8,566.67,1
1975,1974.9999999999493,465.557292,464.8333333333333,723.96,1
1976,1975.9999999999495,465.71328125,465.1666666666667,546.61,1
1977,1976.9999999999498,465.8692705,465.3,569.27,1
1978,1977.9999999999493,466.0609375,465.46666666666664,594.27,1
1979,1978.9999999999495,466.218229,465.6,618.23,1
1980,1979.9999999999486,466.36770850000005,465.8,567.71,1
1981,1980.9999999999488,466.561458,466.03333333333336,528.12,1
1982,1981.9999999999495,466.732292,466.1666666666667,565.63,1
1983,1982.9999999999486,466.905208,466.3,605.21,1
1984,1983.9999999999488,467.080208,466.53333333333336,546.87,1
1985,1984.999999999949,467.226042,466.76666666666665,459.38,1
1986,1985.9999999999486,467.391667,466.8,591.67,1
1987,1986.9999999999488,467.609375,466.9,709.38,1
1988,1987.9999999999493,467.7567705,467.23333333333335,523.44,1
1989,1988.9999999999486,468.0151045,467.3,715.1,1
1990,1989.999999999949,468.273958,467.3666666666667,907.29,1
1991,1990.9999999999486,468.4375,467.7,737.5,1
1992,1991.9999999999486,468.576042,467.9,676.04,1
1993,1992.9999999999486,468.772396,468.3,472.4,1
1994,1993.9999999999484,468.942708,468.46666666666664,476.04,1
1995,1994.9999999999484,469.13854150000003,468.46666666666664,671.87,1
1996,1995.9999999999488,469.317708,468.73333333333335,584.37,1
1997,1996.9999999999484,469.4875,468.96666666666664,520.83,1
1998,1997.9999999999486,469.672917,469.03333333333336,639.58,1
1999,1998.9999999999482,469.861458,469.5,361.46,1
2000,1999.9999999999484,470.005208,469.8333333333333,171.87,1
2001,2000.9999999999484,470.20885400000003,470.5,291.15,1
2002,2001.9999999999482,470.404167,470.53333333333336,129.17,1
2003,2002.9999999999484,470.540104,470.56666666666666,26.56,1
2004,2003.9999999999486,470.728125,470.6333333333333,94.79,1
2005,2004.9999999999482,470.9479165,470.6333333333333,314.58,1
2006,2005.9999999999484,471.147917,470.6666666666667,481.25,1
2007,2006.9999999999477,471.368229,470.6666666666667,701.56,1
2008,2007.999999999948,471.564583,470.93333333333334,631.25,1
2009,2008.9999999999486,471.719792,471.2,519.79,1
2010,2009.9999999999477,471.8984375,471.26666666666665,631.77,1
2011,2010.999999999948,472.082292,471.8666666666667,215.63,1
2012,2011.9999999999484,472.284375,472.93333333333334,648.96,1
2013,2012.9999999999477,472.59375,472.93333333333334,339.58,1
2014,2013.9999999999482,472.853125,473.06666666666666,213.54,1
2015,2014.9999999999475,473.029167,473.06666666666666,37.5,1
2016,2015.9999999999477,473.2239585,473.1,123.96,1
2017,2016.9999999999482,473.4927085,473.1333333333333,359.38,1
2018,2017.9999999999475,473.667708,473.5,167.71,1
2019,2018.9999999999475,473.8734375,473.6333333333333,240.1,1
2020,2019.9999999999477,474.092708,473.6333333333333,459.37,1
2021,2020.9999999999475,474.26171875,473.6666666666667,595.05,1
2022,2021.9999999999475,474.4307295,473.8333333333333,597.4,1
2023,2022.9999999999477,474.632292,473.8666666666667,765.63,1
2024,2023.999999999947,474.793229,474.3,493.23,1
2025,2024.9999999999475,474.9963545,474.43333333333334,563.02,1
2026,2025.9999999999468,475.246875,474.6,646.87,1
2027,2026.9999999999468,475.408854,474.6333333333333,775.52,1
2028,2027.9999999999475,475.641667,474.9,741.67,1
2029,2028.999999999946,475.88125,475.23333333333335,647.92,1
2030,2029.9999999999463,476.075,475.3,775.0,1
2031,2030.9999999999457,476.3265625,475.43333333333334,893.23,1
2032,2031.999999999946,476.563542,475.8666666666667,696.88,1
2033,2032.9999999999463,476.778125,476.06666666666666,711.46,1
2034,2033.9999999999459,476.9890625,476.2,789.06,1
2035,2034.999999999946,477.24375,476.76666666666665,477.08,1
2036,2035.9999999999466,477.5041665,477.06666666666666,437.5,1
2037,2036.9999999999459,477.8078125,477.26666666666665,541.15,1
2038,2037.999999999946,478.178125,477.5,678.13,1
2039,2038.999999999946,478.3359375,477.53333333333336,802.6,1
2040,2039.9999999999459,478.525,477.7,825.0,1
2041,2040.999999999946,478.796875,477.7,1096.88,1
2042,2041.9999999999459,478.975,478.26666666666665,708.33,1
2043,2042.9999999999457,479.184375,478.26666666666665,917.71,1
2044,2043.999999999946,479.340625,478.76666666666665,573.96,1
2045,2044.9999999999457,479.511458,479.0,511.46,1
2046,2045.9999999999457,479.722917,479.03333333333336,689.58,1
2047,2046.9999999999457,479.894792,479.3333333333333,561.46,1
2048,2047.9999999999457,480.036458,479.53333333333336,503.12,1
2049,2048.999999999946,480.246875,479.56666666666666,680.21,1
2050,2049.9999999999454,480.423958,479.7,723.96,1
2051,2050.9999999999454,480.596354,479.73333333333335,863.02,1
2052,2051.999999999946,480.841667,480.03333333333336,808.33,1
2053,2052.999999999945,481.015625,480.26666666666665,748.96,1
2054,2053.999999999945,481.205208,480.3,905.21,1
2055,2054.999999999946,481.477604,480.56666666666666,910.94,1
2056,2055.999999999945,481.660417,480.6,1060.42,1
2057,2056.999999999946,481.83125,481.1666666666667,664.58,1
2058,2057.9999999999454,482.027083,481.43333333333334,593.75,1
2059,2058.999999999945,482.189583,481.46666666666664,722.92,1
2060,2059.9999999999454,482.4,481.46666666666664,933.33,1
2061,2060.9999999999445,482.70625,481.8333333333333,872.92,1
2062,2061.999999999945,482.928125,481.8666666666667,1061.46,1
2063,2062.9999999999454,483.109375,481.8666666666667,1242.71,1
2064,2063.9999999999445,483.321875,481.9,1421.88,1
2065,2064.9999999999454,483.607292,482.8,807.29,1
2066,2065.9999999999445,483.8125,483.1,712.5,1
2067,2066.9999999999445,484.003646,483.1666666666667,836.98,1
2068,2067.9999999999445,484.240625,483.56666666666666,673.96,1
2069,2068.9999999999445,484.395833,483.8,595.83,1
2070,2069.9999999999445,484.60625000000016,483.9,706.25,1
2071,2070.9999999999445,484.821875,484.0,821.87,1
2072,2071.999999999944,484.971354,484.43333333333334,538.02,1
2073,2072.999999999944,485.1609375,484.56666666666666,594.27,1
2074,2073.9999999999445,485.332292,484.8,532.29,1
2075,2074.999999999944,485.499479,484.93333333333334,566.15,1
2076,2075.999999999944,485.6760415,485.1333333333333,542.71,1
2077,2076.999999999944,485.871875,485.3333333333333,538.54,1
2078,2077.999999999944,486.01875,485.53333333333336,485.42,1
2079,2078.9999999999445,486.180208,485.6666666666667,513.54,1
2080,2079.999999999944,486.363542,485.9,463.54,1
2081,2080.999999999944,486.485417,486.46666666666664,18.75,1
2082,2081.9999999999445,486.75625,486.6666666666667,89.58,1
2083,2082.999999999944,486.9760415,486.7,276.04,1
2084,2083.9999999999445,487.1171875,486.73333333333335,383.85,1
2085,2084.9999999999436,487.2796875,486.73333333333335,546.35,1
2086,2085.9999999999436,487.455208,486.96666666666664,488.54,1
2087,2086.999999999944,487.642708,487.1,542.71,1
2088,2087.9999999999436,487.9911455,487.1,891.15,1
2089,2088.9999999999436,488.295833,487.26666666666665,1029.17,1
2090,2089.999999999944,488.459375,487.6,859.38,1
2091,2090.9999999999436,488.651042,487.93333333333334,717.71,1
2092,2091.999999999944,488.838542,487.93333333333334,905.21,1
2093,2092.9999999999436,488.95520849999997,487.96666666666664,988.54,1
2094,2093.9999999999436,489.2515625,488.6333333333333,618.23,1
2095,2094.9999999999436,489.48645849999997,488.8,686.46,1
2096,2095.999999999943,489.658333,488.93333333333334,725.0,1
2097,2096.999999999943,489.81822900000003,489.03333333333336,784.9,1
2098,2097.9999999999436,490.001042,489.23333333333335,767.71,1
2099,2098.999999999943,490.17239600000005,489.23333333333335,939.06,1
2100,2099.9999999999436,490.328125,489.26666666666665,1061.46,1
2101,2100.999999999943,490.492708,489.3666666666667,1126.04,1
2102,2101.999999999943,490.66979150000003,489.8666666666667,803.12,1
2103,2102.999999999944,490.8072915,490.1333333333333,673.96,1
2104,2103.999999999943,491.011458,490.3666666666667,644.79,1
2105,2104.999999999943,491.1359375,490.3666666666667,769.27,1
2106,2105.9999999999436,491.315625,490.46666666666664,848.96,1
2107,2106.999999999943,491.5,491.0,500.0,1
2108,2107.9999999999436,491.638021,491.06666666666666,571.35,1
2109,2108.9999999999436,491.767708,491.26666666666665,501.04,1
2110,2109.999999999943,491.991667,491.3666666666667,625.0,1
2111,2110.999999999944,492.078646,491.3666666666667,711.98,1
2112,2111.999999999943,492.346875,491.56666666666666,780.21,1
2113,2112.999999999943,492.553125,492.1333333333333,419.79,1
2114,2113.9999999999436,492.6661455,492.1333333333333,532.81,1
2115,2114.999999999943,492.83385400000003,492.3333333333333,500.52,1
2116,2115.999999999943,493.08125,492.46666666666664,614.58,1
2117,2116.9999999999427,493.19375,492.46666666666664,727.08,1
2118,2117.999999999943,493.454167,492.8333333333333,620.83,1
2119,2118.9999999999436,493.657292,493.06666666666666,590.63,1
2120,2119.999999999943,493.8666665,493.1666666666667,700.0,1
2121,2120.999999999943,494.20625,493.4,806.25,1
2122,2121.999999999943,494.4104165,493.6333333333333,777.08,1
2123,2122.9999999999427,494.614583,493.8,814.58,1
2124,2123.999999999943,494.7526045,494.1333333333333,619.27,1
2125,2124.999999999943,494.888542,494.1333333333333,755.21,1
2126,2125.9999999999422,495.072917,494.3,772.92,1
2127,2126.9999999999422,495.242708,494.3,942.71,1
2128,2127.9999999999422,495.43541650000003,495.2,235.42,1
2129,2128.999999999942,495.628125,495.26666666666665,361.46,1
2130,2129.9999999999427,495.766146,495.3,466.15,1
2131,2130.9999999999413,495.925,495.4,525.0,1
2132,2131.999999999941,496.08125,495.7,381.25,1
2133,2132.999999999941,496.24375,495.76666666666665,477.08,1
2134,2133.999999999941,496.4234375,495.93333333333334,490.1,1
2135,2134.999999999941,496.603125,496.1333333333333,469.79,1
2136,2135.9999999999404,496.7296875,496.2,529.69,1
2137,2136.99999999994,496.86875,496.46666666666664,402.08,1
2138,2137.99999999994,497.057292,496.6666666666667,390.63,1
2139,2138.999999999939,497.217708,496.76666666666665,451.04,1
2140,2139.99999999994,497.3973955,496.93333333333334,464.06,1
2141,2140.9999999999395,497.577083,497.03333333333336,543.75,1
2142,2141.999999999939,497.7302085,497.1666666666667,563.54,1
2143,2142.999999999939,497.929167,497.43333333333334,495.83,1
2144,2143.999999999939,498.147917,497.6333333333333,514.58,1
2145,2144.9999999999377,498.559375,497.6333333333333,926.04,1
2146,2145.9999999999377,498.896875,497.93333333333334,963.54,1
2147,2146.9999999999372,499.038542,498.1,938.54,1
2148,2147.999999999937,499.177083,498.43333333333334,743.75,1
2149,2148.9999999999363,499.344792,498.9,444.79,1
2150,2149.999999999936,499.534375,499.03333333333336,501.04,1
2151,2150.999999999936,499.672917,499.1666666666667,506.25,1
2152,2151.999999999935,499.796875,499.3333333333333,463.54,1
2153,2152.999999999935,499.933854,499.56666666666666,367.19,1
2154,2153.999999999935,500.06718750000016,499.8,267.19,1
2155,2154.9999999999354,500.25911475,499.8333333333333,425.78,1
2156,2155.999999999935,500.451042,500.0,451.04,1
2157,2156.9999999999354,500.780208,500.1,680.21,1
2158,2157.999999999934,501.091667,500.1,991.67,1
2159,2158.999999999934,501.225,500.23333333333335,991.67,1
2160,2159.999999999934,501.365625,500.3,1065.63,1
2161,2160.999999999933,501.535417,500.73333333333335,802.08,1
2162,2161.999999999933,501.716667,500.93333333333334,783.33,1
2163,2162.9999999999322,501.855208,501.3666666666667,488.54,1
2164,2163.999999999932,501.992708,501.46666666666664,526.04,1
2165,2164.999999999932,502.125,501.7,425.0,1
2166,2165.9999999999313,502.2822915,501.9,382.29,1
2167,2166.9999999999327,502.47291675,502.26666666666665,206.25,1
2168,2167.999999999931,502.663542,502.3,363.54,1
2169,2168.9999999999313,502.8109375,502.3,510.94,1
2170,2169.9999999999313,503.057292,502.3333333333333,723.96,1
2171,2170.9999999999304,503.173958,502.6333333333333,540.62,1
2172,2171.9999999999304,503.36875,502.6333333333333,735.42,1
2173,2172.9999999999304,503.603125,502.8333333333333,769.79,1
2174,2173.99999999993,503.746875,503.2,546.88,1
2175,2174.9999999999295,503.9260415,503.26666666666665,659.37,1
2176,2175.9999999999295,504.134375,503.5,634.37,1
2177,2176.999999999929,504.270833,503.8,470.83,1
2178,2177.999999999929,504.448958,503.8666666666667,582.29,1
2179,2178.999999999929,504.655208,503.8666666666667,788.54,1
2180,2179.999999999928,504.790625,503.93333333333334,857.29,1
2181,2180.999999999928,504.9526045,504.43333333333334,519.27,1
2182,2181.9999999999277,505.184375,504.46666666666664,717.71,1
2183,2182.9999999999272,505.311458,504.8333333333333,478.12,1
2184,2183.9999999999272,505.4828125,504.93333333333334,549.48,1
2185,2184.999999999927,505.725,505.1333333333333,591.67,1
2186,2185.999999999927,505.846875,505.53333333333336,313.54,1
2187,2186.9999999999254,506.015625,505.6,415.62,1
2188,2187.999999999926,506.261458,506.7,438.54,1
2189,2188.999999999926,506.378125,506.8333333333333,455.21,1
2190,2189.999999999925,506.565104,506.8333333333333,268.23,1
2191,2190.999999999925,506.810417,506.8666666666667,56.25,1
2192,2191.999999999925,507.004167,506.9,104.17,1
2193,2192.9999999999245,507.390625,506.93333333333334,457.29,1
2194,2193.999999999925,507.6046875,506.93333333333334,671.35,1
2195,2194.9999999999245,507.81875,507.03333333333336,785.42,1
2196,2195.9999999999145,507.86770850000005,507.2,667.71,1
2197,2196.999999999915,508.01979175,507.46666666666664,553.13,1
2198,2197.9999999999145,508.171875,507.8333333333333,338.54,1
2199,2198.9999999999145,508.2802085,507.8333333333333,446.88,1
2200,2199.9999999999145,508.42916675,507.8666666666667,562.5,1
2201,2200.9999999999145,508.578125,508.23333333333335,344.79,1
2202,2201.9999999999145,508.634375,508.3333333333333,301.04,1
2203,2202.9999999999145,508.809375,508.43333333333334,376.04,1
2204,2203.9999999999145,508.984375,508.46666666666664,517.71,1
2205,2204.9999999999145,509.159375,508.46666666666664,692.71,1
2206,2205.999999999915,509.41354166666673,508.5,913.54,1
2207,2206.9999999999145,509.6677083333333,508.53333333333336,1134.37,1
2208,2207.9999999999145,509.921875,508.53333333333336,1388.54,1
2209,2208.999999999915,510.1046875,508.56666666666666,1538.02,1
2210,2209.999999999915,510.2875,508.6,1687.5,1
2211,2210.999999999915,510.4703125,508.6,1870.31,1
2212,2211.999999999915,510.65312500000016,509.73333333333335,919.79,1
2213,2212.999999999914,510.829167,509.73333333333335,1095.83,1
2214,2213.999999999914,510.9859375,510.03333333333336,952.6,1
2215,2214.999999999914,511.13125,510.3333333333333,797.92,1
2216,2215.999999999914,511.271875,510.53333333333336,738.54,1
2217,2216.999999999913,511.441667,511.3,141.67,1
2218,2217.9999999999127,511.63828125,511.43333333333334,204.95,1
2219,2218.999999999913,511.8348955,511.56666666666666,268.23,1
2220,2219.999999999913,511.882292,511.56666666666666,315.63,1
2221,2220.9999999999127,512.050521,511.6,450.52,1
2222,2221.9999999999127,512.21875,512.2666666666667,47.92,1
2223,2222.999999999913,512.2947919999998,512.4,105.21,1
2224,2223.9999999999127,512.4799479999998,512.5333333333333,53.39,1
2225,2224.9999999999127,512.665104,512.5666666666667,98.44,1
2226,2225.9999999999127,512.727083,512.5666666666667,160.42,1
2227,2226.9999999999127,512.9059026666666,513.0666666666667,160.76,1
2228,2227.9999999999127,513.0847223333334,514.0333333333333,948.61,1
2229,2228.9999999999127,513.263542,514.0333333333333,769.79,1
2230,2229.999999999913,513.510417,514.1333333333333,622.92,1
2231,2230.999999999913,513.757292,514.1333333333333,376.04,1
2232,2231.999999999913,514.0041669999998,514.1666666666666,162.5,1
2233,2232.999999999913,514.196745125,514.2666666666667,69.92,1
2234,2233.999999999914,514.38932325,514.4333333333333,44.01,1
2235,2234.999999999913,514.5819013749998,515.2666666666667,684.77,1
2236,2235.999999999913,514.7744795,515.4333333333333,658.85,1
2237,2236.9999999999127,514.9447915000002,515.4333333333333,488.54,1
2238,2237.9999999999127,515.1156249999998,515.4666666666667,351.04,1
2239,2238.999999999912,515.2625,515.5,237.5,1
2240,2239.999999999912,515.4119794999998,515.5,88.02,1
2241,2240.999999999912,515.561458,515.5333333333333,28.12,1
2242,2241.9999999999063,515.730729,515.5666666666667,164.06,1
2243,2242.9999999999063,515.9,515.5666666666667,333.33,1
2244,2243.9999999999063,516.0322914999998,516.5,467.71,1
2245,2244.9999999999063,516.190104,516.5,309.9,1
2246,2245.9999999999063,516.3479165,516.5333333333333,185.42,1
2247,2246.9999999999063,516.4640625,516.5666666666667,102.6,1
2248,2247.9999999999063,516.63463525,516.5666666666667,67.97,1
2249,2248.9999999999063,516.805208,516.6,205.21,1
2250,2249.999999999906,516.939583,516.6333333333333,306.25,1
2251,2250.9999999999063,517.091406,516.7666666666667,324.74,1
2252,2251.9999999999063,517.243229,516.7666666666667,476.56,1
2253,2252.999999999906,517.38125,516.9333333333333,447.92,1
2254,2253.9999999999063,517.5289062500002,517.0666666666667,462.24,1
2255,2254.9999999999063,517.6765625,517.1,576.56,1
2256,2255.999999999906,517.815625,517.3666666666667,448.96,1
2257,2256.9999999999063,517.97890625,517.5,478.91,1
2258,2257.999999999906,518.1421875000002,517.6333333333333,508.85,1
2259,2258.999999999906,518.2677085,517.8,467.71,1
2260,2259.999999999906,518.42708325,518.0333333333333,393.75,1
2261,2260.999999999906,518.586458,518.0666666666667,519.79,1
2262,2261.999999999906,518.842708,518.2666666666667,576.04,1
2263,2262.9999999999063,519.02526025,518.4666666666667,558.59,1
2264,2263.999999999906,519.2078125,518.4666666666667,741.15,1
2265,2264.999999999906,519.571875,518.8333333333334,738.54,1
2266,2265.999999999906,519.8755209999998,519.0,875.52,1
2267,2266.999999999905,520.0140625,519.0666666666667,947.4,1
2268,2267.9999999999045,520.169792,519.5333333333333,636.46,1
2269,2268.9999999999045,520.354167,519.7333333333333,620.83,1
2270,2269.9999999999036,520.49375,519.9666666666667,527.08,1
2271,2270.9999999999036,520.6375,520.1333333333333,504.17,1
2272,2271.999999999903,520.8192710000002,520.1666666666666,652.6,1
2273,2272.9999999999022,520.9572919999998,520.5,457.29,1
2274,2273.9999999999027,521.10625,520.6666666666666,439.58,1
2275,2274.9999999999022,521.2906250000002,520.8,490.63,1
2276,2275.9999999999022,521.475,521.0333333333333,441.67,1
2277,2276.9999999999022,521.795833,521.0333333333333,762.5,1
2278,2277.9999999999022,522.0848960000002,521.1333333333333,951.56,1
2279,2278.9999999999013,522.2229165000001,521.5333333333333,689.58,1
2280,2279.9999999999004,522.3770835,521.6,777.08,1
2281,2280.9999999999004,522.553125,521.9,653.13,1
2282,2281.9999999999,522.6989580000002,522.1333333333333,565.62,1
2283,2282.999999999899,522.848958,522.3333333333334,515.62,1
2284,2283.9999999998986,523.0406250000002,522.4,640.63,1
2285,2284.999999999898,523.1734375,522.7333333333333,440.1,1
2286,2285.999999999898,523.3286459999998,522.8333333333334,495.31,1
2287,2286.9999999998986,523.4971355,523.0666666666667,430.47,1
2288,2287.999999999898,523.665625,523.2666666666667,398.96,1
2289,2288.999999999898,523.8260415,523.3,526.04,1
2290,2289.999999999898,523.973958,523.3666666666667,607.29,1
2291,2290.9999999998986,524.109375,523.7,409.37,1
2292,2291.999999999898,524.246875,524.0,246.88,1
2293,2292.999999999892,524.39375,524.0333333333333,360.42,1
2294,2293.999999999892,524.5401039999998,524.1333333333333,406.77,1
2295,2294.9999999998927,524.705208,524.2333333333333,471.87,1
2296,2295.9999999998918,524.853125,524.3333333333334,519.79,1
2297,2296.999999999892,524.9729169999998,524.5666666666667,406.25,1
2298,2297.999999999892,525.108333,525.0333333333333,75.0,1
2299,2298.999999999892,525.244271,525.2333333333333,10.94,1
2300,2299.9999999998918,525.3812499999998,525.2333333333333,147.92,1
2301,2300.9999999998918,525.533333,525.2666666666667,266.67,1
2302,2301.9999999998913,525.697917,525.3,397.92,1
2303,2302.9999999998913,525.810417,525.3666666666667,443.75,1
2304,2303.9999999998913,525.9442705,525.5333333333333,410.94,1
2305,2304.9999999998913,526.1151044999998,525.6,515.1,1
2306,2305.9999999998913,526.2479165,525.9333333333333,314.58,1
2307,2306.999999999891,526.496875,525.9333333333333,563.54,1
2308,2307.999999999891,526.715625,526.0,715.63,1
2309,2308.999999999891,526.866667,526.3,566.67,1
2310,2309.999999999891,527.003125,526.5,503.12,1
2311,2310.999999999891,527.138542,526.6,538.54,1
2312,2311.9999999998913,527.2697919999998,526.8666666666667,403.13,1
2313,2312.9999999998913,527.41875,526.9333333333333,485.42,1
2314,2313.9999999998913,527.5805556666667,527.1333333333333,447.22,1
2315,2314.9999999998913,527.7423613333334,527.1333333333333,609.03,1
2316,2315.999999999891,527.904167,527.4,504.17,1
2317,2316.999999999891,528.065278,527.5333333333333,531.94,1
2318,2317.999999999891,528.2263889999998,527.5333333333333,693.06,1
2319,2318.999999999891,528.3875,528.0333333333333,354.17,1
2320,2319.9999999998913,528.5541666666667,528.1333333333333,420.83,1
2321,2320.9999999998927,528.7208333333333,528.4333333333333,287.5,1
2322,2321.9999999998913,528.8875,528.4333333333333,454.17,1
2323,2322.9999999998913,529.0704860000002,528.4666666666667,603.82,1
2324,2323.9999999998927,529.253472,528.5,753.47,1
2325,2324.9999999998913,529.436458,528.5333333333333,903.12,1
2326,2325.9999999998918,529.6371525000002,528.9666666666667,670.49,1
2327,2326.9999999998913,529.837847,528.9666666666667,871.18,1
2328,2327.9999999998913,530.0385415000002,529.4666666666667,571.87,1
2329,2328.999999999891,530.239236,529.6333333333333,605.9,1
2330,2329.9999999998913,530.4399305,529.6666666666666,773.26,1
2331,2330.99999999989,530.640625,530.6,40.62,1
2332,2331.999999999891,530.83984375,530.6,239.84,1
2333,2332.9999999998913,531.0390625,530.6666666666666,372.4,1
2334,2333.999999999891,531.23828125,530.6666666666666,571.61,1
2335,2334.999999999891,531.4375,530.7,737.5,1
2336,2335.9999999998913,531.63671875,530.7333333333333,903.39,1
2337,2336.999999999891,531.8359375,530.7333333333333,1102.6,1
