beat_idx,gt_beat,gt_time_s,pred_time_s,err_ms,ok
0,0.0,1.029688,0.0,1029.69,1
1,1.0000000000000002,1.294271,0.0,1294.27,1
2,2.0000000000000004,1.5588540000000002,0.03333333333333333,1525.52,1
3,3.000000000000001,1.7625,0.06666666666666667,1695.83,1
4,4.000000000000001,1.9697919999999998,0.1,1869.79,1
5,5.000000000000001,2.177084,0.1,2077.08,1
6,6.000000000000001,2.3875,0.13333333333333333,2254.17,1
7,7.0,2.597222,0.13333333333333333,2463.89,1
8,8.000000000000002,2.8069439999999997,0.16666666666666666,2640.28,1
9,9.000000000000002,3.016667,0.2,2816.67,1
10,10.000000000000002,3.2263889999999997,0.2,3026.39,1
11,11.000000000000004,3.436111,0.23333333333333334,3202.78,1
12,12.000000000000004,3.645833,0.26666666666666666,3379.17,1
13,13.000000000000004,3.875,0.26666666666666666,3608.33,1
14,14.000000000000002,4.1041669999999995,0.3,3804.17,1
15,15.000000000000002,4.333334,0.3333333333333333,4000.0,1
16,16.000000000000004,4.532465,0.3333333333333333,4199.13,1
17,17.000000000000004,4.731597,1.0,3731.6,1
18,18.000000000000004,4.930729,1.0333333333333334,3897.4,1
19,19.0,5.129861,1.0333333333333334,4096.53,1
20,20.0,5.328993,1.0666666666666667,4262.33,1
21,21.000000000000004,5.528125,1.0666666666666667,4461.46,1
22,22.000000000000004,5.699479,1.1,4599.48,1
23,23.000000000000007,5.870833,1.1333333333333333,4737.5,1
24,24.000000000000018,6.105208,1.1333333333333333,4971.87,1
25,25.000000000000007,6.335938,1.1666666666666667,5169.27,1
26,26.000000000000007,6.566667,1.2,5366.67,1
27,27.000000000000014,6.7395830000000005,1.2,5539.58,1
28,28.00000000000001,6.938281,1.2333333333333334,5704.95,1
29,29.000000000000025,7.136978999999999,1.2333333333333334,5903.65,1
30,30.000000000000018,7.344271000000001,1.2666666666666666,6077.6,1
31,31.000000000000018,7.524566,1.3,6224.57,1
32,32.00000000000002,7.704861,1.3,6404.86,1
33,33.00000000000002,7.885155999999999,1.3333333333333333,6551.82,1
34,34.00000000000002,8.065452,1.3666666666666667,6698.79,1
35,35.00000000000002,8.245747,1.3666666666666667,6879.08,1
36,36.00000000000002,8.426042,1.5333333333333334,6892.71,1
37,37.00000000000002,8.646875,1.5333333333333334,7113.54,1
38,38.00000000000002,8.867709,1.5666666666666667,7301.04,1
39,39.000000000000036,9.088542,1.6,7488.54,1
40,40.00000000000002,9.303993,1.6,7703.99,1
41,41.00000000000002,9.519445,1.6333333333333333,7886.11,1
42,42.00000000000002,9.734896,1.6333333333333333,8101.56,1
43,43.00000000000002,9.950347,1.6666666666666667,8283.68,1
44,44.00000000000003,10.165799,1.7666666666666666,8399.13,1
45,45.00000000000003,10.38125,1.7666666666666666,8614.58,1
46,46.00000000000002,10.559896,1.8,8759.9,1
47,47.000000000000036,10.738542,1.8333333333333333,8905.21,1
48,48.000000000000036,10.989583999999999,1.8333333333333333,9156.25,1
49,49.000000000000036,11.192014,1.8666666666666667,9325.35,1
50,50.000000000000036,11.394445,1.8666666666666667,9527.78,1
51,51.000000000000036,11.596875,1.9,9696.88,1
52,52.000000000000036,11.807292,1.9333333333333333,9873.96,1
53,53.00000000000003,12.017708,1.9333333333333333,10084.37,1
54,54.000000000000036,12.228125,1.9666666666666666,10261.46,1
55,55.00000000000003,12.469444000000001,1.9666666666666666,10502.78,1
56,56.00000000000002,12.710764,2.0,10710.76,1
57,57.00000000000003,12.952083,3.066666666666667,9885.42,1
58,58.00000000000003,13.183928,3.2666666666666666,9917.26,1
59,59.00000000000003,13.415773999999999,3.466666666666667,9949.11,1
60,60.00000000000003,13.647619,3.6666666666666665,9980.95,1
61,61.00000000000002,13.879464000000002,3.8,10079.46,1
62,62.00000000000003,14.111309,3.8,10311.31,1
63,63.00000000000003,14.343155,3.8333333333333335,10509.82,1
64,64.00000000000003,14.575,3.8666666666666667,10708.33,1
65,65.00000000000003,14.767344,3.8666666666666667,10900.68,1
66,66.00000000000003,14.959686999999999,4.1,10859.69,1
67,67.00000000000003,15.152031,4.3,10852.03,1
68,68.00000000000003,15.344375,4.5,10844.38,1
69,69.00000000000003,15.536719,4.7,10836.72,1
70,70.00000000000003,15.729061999999999,4.7,11029.06,1
71,71.00000000000003,15.921406,5.033333333333333,10888.07,1
72,72.00000000000003,16.11375,5.033333333333333,11080.42,1
73,73.00000000000003,16.306094,5.066666666666666,11239.43,1
74,74.00000000000003,16.498438,5.1,11398.44,1
75,75.00000000000004,16.65625,5.1,11556.25,1
76,76.00000000000003,16.876042,5.133333333333334,11742.71,1
77,77.00000000000003,17.095833,5.166666666666667,11929.17,1
78,78.00000000000003,17.304688,5.166666666666667,12138.02,1
79,79.00000000000004,17.523351,5.2,12323.35,1
80,80.00000000000003,17.742014,5.2,12542.01,1
81,81.00000000000003,17.960677,5.233333333333333,12727.34,1
82,82.00000000000003,18.17934,5.266666666666667,12912.67,1
83,83.00000000000004,18.398004,5.266666666666667,13131.34,1
84,84.00000000000003,18.616667,5.3,13316.67,1
85,85.00000000000004,18.854514,5.333333333333333,13521.18,1
86,86.00000000000004,19.092361,5.333333333333333,13759.03,1
87,87.00000000000006,19.330208,5.366666666666666,13963.54,1
88,88.00000000000004,19.55125,5.366666666666666,14184.58,1
89,89.00000000000004,19.772292,5.4,14372.29,1
90,90.00000000000004,19.993333,5.433333333333334,14560.0,1
91,91.00000000000004,20.214375,5.433333333333334,14781.04,1
92,92.00000000000006,20.435417,5.466666666666667,14968.75,1
93,93.00000000000007,20.717708,5.466666666666667,15251.04,1
94,94.00000000000006,20.890104,5.5,15390.1,1
95,95.00000000000007,21.0625,5.633333333333334,15429.17,1
96,96.0000000000001,21.317708,5.766666666666667,15551.04,1
97,97.00000000000007,21.540364999999998,5.766666666666667,15773.7,1
98,98.00000000000009,21.763021,5.8,15963.02,1
99,99.00000000000009,21.933854999999998,5.8,16133.85,1
100,100.00000000000009,22.142709,5.833333333333333,16309.38,1
101,101.00000000000013,22.351563,6.066666666666666,16284.9,1
102,102.00000000000009,22.553125,6.066666666666666,16486.46,1
103,103.0000000000001,22.752951,6.1,16652.95,1
104,104.0000000000001,22.952778,6.233333333333333,16719.44,1
105,105.00000000000009,23.152604,7.033333333333333,16119.27,1
106,106.00000000000009,23.35243,7.1,16252.43,1
107,107.00000000000009,23.552257,7.2,16352.26,1
108,108.0000000000001,23.752083,8.266666666666667,15485.42,1
109,109.0000000000001,23.990278,8.266666666666667,15723.61,1
110,110.0000000000001,24.228472,8.7,15528.47,1
111,111.00000000000017,24.466667,8.7,15766.67,1
112,112.0000000000001,24.669964999999998,8.733333333333333,15936.63,1
113,113.00000000000013,24.873264000000002,8.833333333333334,16039.93,1
114,114.00000000000013,25.076563,9.066666666666666,16009.9,1
115,115.0000000000001,25.279861,9.266666666666667,16013.19,1
116,116.0000000000001,25.483159,9.466666666666667,16016.49,1
117,117.0000000000001,25.686458,9.7,15986.46,1
118,118.00000000000013,25.860937,9.9,15960.94,1
119,119.00000000000013,26.035417000000002,10.133333333333333,15902.08,1
120,120.00000000000013,26.298958000000002,10.333333333333334,15965.62,1
121,121.00000000000014,26.489929999999998,10.533333333333333,15956.6,1
122,122.00000000000013,26.680903000000004,10.733333333333333,15947.57,1
123,123.00000000000014,26.871875,10.866666666666667,16005.21,1
124,124.00000000000014,27.064931,10.966666666666667,16098.26,1
125,125.00000000000014,27.257986,11.1,16157.99,1
126,126.0000000000002,27.451041999999998,11.133333333333333,16317.71,1
127,127.00000000000014,27.682465999999998,11.233333333333333,16449.13,1
128,128.00000000000014,27.913889,12.6,15313.89,1
129,129.00000000000014,28.145312,12.966666666666667,15178.65,1
130,130.00000000000014,28.370759000000003,13.133333333333333,15237.43,1
131,131.00000000000014,28.596204999999998,13.3,15296.2,1
132,132.00000000000014,28.821652,13.366666666666667,15454.99,1
133,133.00000000000014,29.047098,13.666666666666666,15380.43,1
134,134.00000000000014,29.272545,13.8,15472.55,1
135,135.00000000000014,29.497991,14.0,15497.99,1
136,136.0000000000002,29.723438,14.2,15523.44,1
137,137.00000000000014,29.930794,14.333333333333334,15597.46,1
138,138.00000000000014,30.138151,14.366666666666667,15771.48,1
139,139.00000000000014,30.345508000000002,14.533333333333333,15812.17,1
140,140.00000000000014,30.552865,15.8,14752.86,1
141,141.00000000000014,30.760222,15.8,14960.22,1
142,142.00000000000014,30.967578000000003,15.833333333333334,15134.24,1
143,143.00000000000014,31.174934999999998,15.866666666666667,15308.27,1
144,144.00000000000014,31.382292,15.866666666666667,15515.63,1
145,145.00000000000014,31.572916999999997,15.9,15672.92,1
146,146.0000000000002,31.763541999999998,15.966666666666667,15796.88,1
147,147.00000000000014,31.928646,16.566666666666666,15361.98,1
148,148.00000000000014,32.142708,16.6,15542.71,1
149,149.00000000000017,32.240625,16.666666666666668,15573.96,1
150,150.0000000000002,32.447917,16.666666666666668,15781.25,1
151,151.00000000000028,32.620833000000005,16.9,15720.83,1
152,152.00000000000026,32.796875,17.033333333333335,15763.54,1
153,153.00000000000028,32.957291999999995,18.0,14957.29,1
154,154.00000000000028,33.158159999999995,18.033333333333335,15124.83,1
155,155.00000000000028,33.359028,18.066666666666666,15292.36,1
156,156.00000000000034,33.559896,18.066666666666666,15493.23,1
157,157.00000000000028,33.735417,18.1,15635.42,1
158,158.00000000000034,33.901042,18.133333333333333,15767.71,1
159,159.00000000000034,34.092187,18.133333333333333,15958.85,1
160,160.00000000000034,34.292708000000005,18.166666666666668,16126.04,1
161,161.00000000000034,34.454167,18.166666666666668,16287.5,1
162,162.00000000000034,34.636458000000005,18.2,16436.46,1
163,163.00000000000034,34.789583,18.233333333333334,16556.25,1
164,164.00000000000034,34.952083,18.233333333333334,16718.75,1
165,165.00000000000028,35.122916,18.266666666666666,16856.25,1
166,166.0000000000003,35.351042,18.266666666666666,17084.38,1
167,167.00000000000034,35.520833,18.3,17220.83,1
168,168.00000000000028,35.76875,18.333333333333332,17435.42,1
169,169.00000000000028,35.959114,18.333333333333332,17625.78,1
170,170.00000000000028,36.149479,18.466666666666665,17682.81,1
171,171.0000000000003,36.325521,18.833333333333332,17492.19,1
172,172.00000000000037,36.5125,19.066666666666666,17445.83,1
173,173.00000000000028,36.658333,19.266666666666666,17391.67,1
174,174.00000000000028,36.85625,19.466666666666665,17389.58,1
175,175.00000000000026,37.00625,19.766666666666666,17239.58,1
176,176.00000000000026,37.172917,20.0,17172.92,1
177,177.00000000000028,37.335417,20.233333333333334,17102.08,1
178,178.0000000000002,37.518229,20.333333333333332,17184.9,1
179,179.00000000000017,37.701042,20.333333333333332,17367.71,1
180,180.0000000000002,37.883854,20.7,17183.85,1
181,181.0000000000002,38.132292,20.733333333333334,17398.96,1
182,182.00000000000026,38.322917,21.0,17322.92,1
183,183.00000000000017,38.479687,21.3,17179.69,1
184,184.00000000000014,38.651042,21.3,17351.04,1
185,185.00000000000014,38.826042,21.366666666666667,17459.38,1
186,186.00000000000017,39.00625,21.433333333333334,17572.92,1
187,187.0000000000002,39.179167,21.966666666666665,17212.5,1
188,188.00000000000014,39.333333,21.966666666666665,17366.67,1
189,189.0000000000001,39.545313,22.0,17545.31,1
190,190.0000000000001,39.78125,22.0,17781.25,1
191,191.0000000000001,40.009375,22.033333333333335,17976.04,1
192,192.00000000000017,40.401042,22.066666666666666,18334.38,1
193,193.00000000000017,40.723958,22.066666666666666,18657.29,1
194,194.00000000000017,40.913542,22.1,18813.54,1
195,195.00000000000017,41.091667,22.233333333333334,18858.33,1
196,196.00000000000017,41.345833,22.4,18945.83,1
197,197.00000000000017,41.513542,22.4,19113.54,1
198,198.0000000000002,41.864583,22.466666666666665,19397.92,1
199,199.0000000000002,42.034375,22.5,19534.37,1
200,200.00000000000017,42.245833000000005,22.633333333333333,19612.5,1
201,201.00000000000017,42.613541999999995,22.8,19813.54,1
202,202.00000000000014,42.878125,22.8,20078.12,1
203,203.00000000000017,43.021875,23.566666666666666,19455.21,1
204,204.00000000000017,43.24375,23.633333333333333,19610.42,1
205,205.00000000000017,43.414583,23.933333333333334,19481.25,1
206,206.00000000000017,43.619792,24.166666666666668,19453.13,1
207,207.00000000000017,43.874479,24.366666666666667,19507.81,1
208,208.00000000000017,44.092709,24.566666666666666,19526.04,1
209,209.00000000000017,44.271353999999995,24.766666666666666,19504.69,1
210,210.00000000000017,44.564062,24.966666666666665,19597.4,1
211,211.00000000000017,44.720833,25.1,19620.83,1
212,212.00000000000017,44.903125,25.1,19803.12,1
213,213.0000000000002,45.228125,25.266666666666666,19961.46,1
214,214.00000000000017,45.4125,26.033333333333335,19379.17,1
215,215.0000000000002,45.661458,26.033333333333335,19628.12,1
216,216.0000000000002,46.131482,26.066666666666666,20064.82,1
217,217.0000000000002,46.369792,26.366666666666667,20003.13,1
218,218.0000000000002,46.581520000000005,26.6,19981.52,1
219,219.0000000000002,46.754166999999995,27.633333333333333,19120.83,1
220,220.0000000000002,46.979828999999995,27.733333333333334,19246.5,1
221,221.00000000000028,47.171225,27.733333333333334,19437.89,1
222,222.0000000000003,47.463542,27.766666666666666,19696.88,1
223,223.0000000000003,47.6625,27.8,19862.5,1
224,224.0000000000003,47.830208,27.8,20030.21,1
225,225.0000000000003,48.054167,27.833333333333332,20220.83,1
226,226.0000000000003,48.244792,27.833333333333332,20411.46,1
227,227.0000000000003,48.407292,27.866666666666667,20540.63,1
228,228.0000000000003,48.629166,27.9,20729.17,1
229,229.0000000000003,48.846354,27.9,20946.35,1
230,230.0000000000003,49.067188,27.933333333333334,21133.85,1
231,231.0000000000003,49.291667,27.966666666666665,21325.0,1
232,232.0000000000003,49.554688,27.966666666666665,21588.02,1
233,233.00000000000034,49.739583,28.0,21739.58,1
234,234.00000000000037,50.054167,28.0,22054.17,1
235,235.00000000000037,50.251042,28.033333333333335,22217.71,1
236,236.00000000000037,50.463542,28.066666666666666,22396.88,1
237,237.00000000000037,50.677603999999995,28.066666666666666,22610.94,1
238,238.00000000000037,50.901042,28.1,22801.04,1
239,239.00000000000037,51.1375,28.1,23037.5,1
240,240.00000000000037,51.488541999999995,28.133333333333333,23355.21,1
241,241.00000000000037,51.745833000000005,28.166666666666668,23579.17,1
242,242.0000000000003,51.963542,28.166666666666668,23796.88,1
243,243.0000000000003,52.117708,28.233333333333334,23884.37,1
244,244.00000000000034,52.332813,28.433333333333334,23899.48,1
245,245.0000000000003,52.590625,28.966666666666665,23623.96,1
246,246.00000000000034,52.848438,29.033333333333335,23815.1,1
247,247.00000000000037,53.0125,29.7,23312.5,1
248,248.00000000000037,53.240625,29.7,23540.63,1
249,249.00000000000037,53.46875,30.133333333333333,23335.42,1
250,250.0000000000004,53.673958,30.366666666666667,23307.29,1
251,251.00000000000037,53.86666700000001,30.8,23066.67,1
252,252.0000000000004,54.114063,31.3,22814.06,1
253,253.00000000000037,54.297917000000005,31.366666666666667,22931.25,1
254,254.0000000000004,54.497917,31.566666666666666,22931.25,1
255,255.00000000000037,54.718229,31.566666666666666,23151.56,1
256,256.0000000000004,54.926563,32.9,22026.56,1
257,257.00000000000034,55.19583299999999,33.96666666666667,21229.17,1
258,258.00000000000045,55.482292,34.06666666666667,21415.63,1
259,259.0000000000004,55.74166700000001,34.1,21641.67,1
260,260.0000000000004,55.927082999999996,34.233333333333334,21693.75,1
261,261.00000000000045,56.1125,34.233333333333334,21879.17,1
262,262.0000000000004,56.30416700000001,34.6,21704.17,1
263,263.00000000000045,56.526042000000004,34.8,21726.04,1
264,264.00000000000045,56.810938,34.86666666666667,21944.27,1
265,265.0000000000004,56.998957999999995,34.96666666666667,22032.29,1
266,266.0000000000004,57.19479200000001,35.333333333333336,21861.46,1
267,267.00000000000045,57.447396,35.4,22047.4,1
268,268.00000000000045,57.705208,35.733333333333334,21971.87,1
269,269.00000000000045,57.896354,35.93333333333333,21963.02,1
270,270.00000000000045,58.169792,36.03333333333333,22136.46,1
271,271.0000000000004,58.451042,36.1,22351.04,1
272,272.0000000000004,58.640625,36.166666666666664,22473.96,1
273,273.00000000000045,58.830208,36.166666666666664,22663.54,1
274,274.0000000000004,59.082291000000005,36.2,22882.29,1
275,275.0000000000005,59.305209,36.2,23105.21,1
276,276.0000000000005,59.561457999999995,36.233333333333334,23328.12,1
277,277.0000000000005,59.838542000000004,36.266666666666666,23571.88,1
278,278.0000000000005,60.045313,36.266666666666666,23778.65,1
279,279.0000000000005,60.35104200000001,36.3,24051.04,1
280,280.0000000000005,60.6125,37.3,23312.5,1
281,281.0000000000005,60.875,37.3,23575.0,1
282,282.0000000000005,61.152604000000004,37.333333333333336,23819.27,1
283,283.0000000000005,61.53854200000001,37.333333333333336,24205.21,1
284,284.0000000000005,61.689583,37.36666666666667,24322.92,1
285,285.0000000000005,61.889582999999995,37.4,24489.58,1
286,286.0000000000004,62.157292000000005,37.4,24757.29,1
287,287.0000000000005,62.622917,37.43333333333333,25189.58,1
288,288.0000000000004,63.115625,37.46666666666667,25648.96,1
289,289.0000000000005,63.44479200000001,37.46666666666667,25978.13,1
290,290.0000000000005,63.669792,37.5,26169.79,1
291,291.0000000000005,63.91354200000001,37.5,26413.54,1
292,292.0000000000005,64.201042,37.53333333333333,26667.71,1
293,293.00000000000057,64.389583,37.56666666666667,26822.92,1
294,294.0000000000005,64.669792,37.56666666666667,27103.13,1
295,295.00000000000057,64.867708,37.6,27267.71,1
296,296.0000000000005,65.104167,37.6,27504.17,1
297,297.00000000000057,65.378125,37.63333333333333,27744.79,1
298,298.0000000000005,65.601042,37.666666666666664,27934.38,1
299,299.00000000000057,65.805208,38.766666666666666,27038.54,1
300,300.0000000000005,66.05573000000001,38.766666666666666,27289.06,1
301,301.00000000000057,66.232292,39.766666666666666,26465.63,1
302,302.0000000000005,66.491667,39.766666666666666,26725.0,1
303,303.00000000000057,66.76875,39.8,26968.75,1
304,304.00000000000057,66.969792,39.833333333333336,27136.46,1
305,305.0000000000006,67.161458,39.833333333333336,27328.12,1
306,306.00000000000057,67.51926999999999,39.86666666666667,27652.6,1
307,307.0000000000006,67.74583299999999,39.9,27845.83,1
308,308.0000000000006,67.92604200000001,39.9,28026.04,1
309,309.0000000000006,68.181771,39.93333333333333,28248.44,1
310,310.0000000000006,68.391667,39.93333333333333,28458.33,1
311,311.0000000000006,68.592708,39.96666666666667,28626.04,1
312,312.0000000000006,68.85260500000001,40.0,28852.61,1
313,313.0000000000006,69.008333,40.0,29008.33,1
314,314.0000000000006,69.2125,40.03333333333333,29179.17,1
315,315.0000000000006,69.495834,40.03333333333333,29462.5,1
316,316.0000000000006,69.806771,40.36666666666667,29440.1,1
317,317.0000000000006,70.00416700000001,40.6,29404.17,1
318,318.0000000000007,70.289063,44.3,25989.06,1
319,319.0000000000007,70.567708,44.9,25667.71,1
320,320.0000000000007,70.789583,45.13333333333333,25656.25,1
321,321.0000000000007,71.002083,45.13333333333333,25868.75,1
322,322.0000000000007,71.253125,45.46666666666667,25786.46,1
323,323.0000000000007,71.439063,45.63333333333333,25805.73,1
324,324.0000000000007,71.692188,45.86666666666667,25825.52,1
325,325.00000000000057,71.925,46.06666666666667,25858.33,1
326,326.0000000000006,72.10989599999999,46.1,26009.9,1
327,327.0000000000007,72.361979,46.36666666666667,25995.31,1
328,328.0000000000007,72.580208,46.56666666666667,26013.54,1
329,329.0000000000007,72.752083,46.733333333333334,26018.75,1
330,330.0000000000007,72.93333299999999,47.0,25933.33,1
331,331.0000000000006,73.154167,47.2,25954.17,1
332,332.0000000000007,73.353646,47.46666666666667,25886.98,1
333,333.0000000000007,73.598958,48.6,24998.96,1
334,334.00000000000074,73.81875,49.3,24518.75,1
335,335.00000000000074,73.998959,49.53333333333333,24465.63,1
336,336.0000000000008,74.198438,49.8,24398.44,1
337,337.0000000000008,74.372917,49.93333333333333,24439.58,1
338,338.0000000000008,74.608334,49.96666666666667,24641.67,1
339,339.0000000000008,74.915625,49.96666666666667,24948.96,1
340,340.00000000000085,75.135417,50.0,25135.42,1
341,341.0000000000008,75.336458,50.03333333333333,25303.12,1
342,342.00000000000085,75.48854200000001,50.03333333333333,25455.21,1
343,343.00000000000085,75.675,50.06666666666667,25608.33,1
344,344.0000000000009,75.834375,50.06666666666667,25767.71,1
345,345.0000000000009,76.08125,50.1,25981.25,1
346,346.0000000000009,76.2875,50.13333333333333,26154.17,1
347,347.0000000000009,76.47448,50.166666666666664,26307.81,1
348,348.00000000000097,76.748959,51.2,25548.96,1
349,349.0000000000009,76.945833,51.333333333333336,25612.5,1
350,350.00000000000097,77.142708,52.63333333333333,24509.37,1
351,351.000000000001,77.34375,52.833333333333336,24510.42,1
352,352.000000000001,77.523958,52.833333333333336,24690.62,1
353,353.000000000001,77.72291700000001,52.86666666666667,24856.25,1
354,354.0000000000011,77.883333,52.86666666666667,25016.67,1
355,355.0000000000011,78.071875,52.9,25171.88,1
356,356.0000000000011,78.260417,52.93333333333333,25327.08,1
357,357.0000000000011,78.465625,52.93333333333333,25532.29,1
358,358.00000000000114,78.65,52.96666666666667,25683.33,1
359,359.00000000000125,78.836458,52.96666666666667,25869.79,1
360,360.00000000000125,79.01979200000001,53.03333333333333,25986.46,1
361,361.00000000000125,79.208334,53.43333333333333,25775.0,1
362,362.00000000000114,79.396875,54.03333333333333,25363.54,1
363,363.0000000000013,79.591146,54.03333333333333,25557.81,1
364,364.0000000000013,79.76875,54.2,25568.75,1
365,365.0000000000013,79.95625,54.266666666666666,25689.58,1
366,366.0000000000014,80.135417,54.36666666666667,25768.75,1
367,367.0000000000014,80.333334,54.4,25933.33,1
368,368.0000000000015,80.53125,54.96666666666667,25564.58,1
369,369.0000000000014,80.74947900000001,55.166666666666664,25582.81,1
370,370.0000000000013,80.920833,55.3,25620.83,1
371,371.00000000000165,81.102083,55.53333333333333,25568.75,1
372,372.00000000000153,81.305208,55.63333333333333,25671.87,1
373,373.00000000000153,81.49583299999999,55.8,25695.83,1
374,374.0000000000016,81.686458,55.8,25886.46,1
375,375.0000000000017,81.902084,56.0,25902.08,1
376,376.0000000000015,82.077083,56.333333333333336,25743.75,1
377,377.00000000000176,82.257292,57.166666666666664,25090.63,1
378,378.0000000000017,82.430208,57.266666666666666,25163.54,1
379,379.0000000000018,82.610417,57.266666666666666,25343.75,1
380,380.00000000000176,82.76875,57.3,25468.75,1
381,381.0000000000019,82.930208,58.0,24930.21,1
382,382.0000000000019,83.119792,58.2,24919.79,1
383,383.000000000002,83.3,58.333333333333336,24966.67,1
384,384.0000000000019,83.53125,58.8,24731.25,1
385,385.0000000000019,83.771181,58.8,24971.18,1
386,386.0000000000019,84.011111,58.93333333333333,25077.78,1
387,387.000000000002,84.251042,58.96666666666667,25284.38,1
388,388.0000000000019,84.444176,58.96666666666667,25477.51,1
389,389.000000000002,84.637311,59.0,25637.31,1
390,390.0000000000019,84.830445,59.0,25830.44,1
391,391.000000000002,85.02358000000001,59.03333333333333,25990.25,1
392,392.0000000000019,85.216714,59.06666666666667,26150.05,1
393,393.0000000000019,85.409849,59.06666666666667,26343.18,1
394,394.0000000000019,85.602983,59.1,26502.98,1
395,395.0000000000018,85.796118,59.13333333333333,26662.78,1
396,396.0000000000019,85.98925200000001,59.13333333333333,26855.92,1
397,397.00000000000193,86.182387,59.166666666666664,27015.72,1
398,398.000000000002,86.37552099999999,59.166666666666664,27208.85,1
399,399.0000000000018,86.541666,59.2,27341.67,1
400,400.000000000002,86.772396,59.233333333333334,27539.06,1
401,401.0000000000018,87.003125,59.233333333333334,27769.79,1
402,402.00000000000205,87.216146,59.266666666666666,27949.48,1
403,403.00000000000205,87.44765600000001,59.266666666666666,28180.99,1
404,404.000000000002,87.679167,59.3,28379.17,1
405,405.00000000000205,87.910677,59.333333333333336,28577.34,1
406,406.000000000002,88.14218699999999,60.4,27742.19,1
407,407.0000000000019,88.373698,60.93333333333333,27440.36,1
408,408.0000000000021,88.60520799999999,60.93333333333333,27671.87,1
409,409.00000000000205,88.838194,60.96666666666667,27871.53,1
410,410.000000000002,89.07118100000001,60.96666666666667,28104.51,1
411,411.00000000000205,89.304167,61.0,28304.17,1
412,412.000000000002,89.515799,61.03333333333333,28482.47,1
413,413.0000000000019,89.72743100000001,61.03333333333333,28694.1,1
414,414.00000000000216,89.939063,61.06666666666667,28872.4,1
415,415.00000000000205,90.150695,61.1,29050.69,1
416,416.000000000002,90.36232700000001,61.1,29262.33,1
417,417.00000000000205,90.573959,61.13333333333333,29440.63,1
418,418.000000000002,90.744271,61.13333333333333,29610.94,1
419,419.00000000000205,90.914583,61.166666666666664,29747.92,1
420,420.00000000000205,91.194792,61.2,29994.79,1
421,421.0000000000021,91.423438,61.2,30223.44,1
422,422.00000000000216,91.65208299999999,61.233333333333334,30418.75,1
423,423.0000000000021,91.823959,61.266666666666666,30557.29,1
424,424.0000000000021,92.030469,61.43333333333333,30597.14,1
425,425.00000000000216,92.236979,61.6,30636.98,1
426,426.00000000000233,92.430208,61.6,30830.21,1
427,427.00000000000216,92.634895,61.766666666666666,30868.23,1
428,428.00000000000233,92.83958299999999,61.766666666666666,31072.92,1
429,429.00000000000216,93.04427,62.36666666666667,30677.6,1
430,430.0000000000021,93.248958,62.56666666666667,30682.29,1
431,431.00000000000216,93.453645,62.56666666666667,30886.98,1
432,432.00000000000233,93.658333,62.86666666666667,30791.67,1
433,433.00000000000216,93.87118000000001,62.86666666666667,31004.51,1
434,434.00000000000233,94.084028,62.9,31184.03,1
435,435.00000000000216,94.296875,62.93333333333333,31363.54,1
436,436.00000000000216,94.53316,62.93333333333333,31599.83,1
437,437.00000000000216,94.769444,62.96666666666667,31802.78,1
438,438.00000000000205,95.005729,63.0,32005.73,1
439,439.00000000000216,95.242014,63.0,32242.01,1
440,440.0000000000022,95.478298,63.03333333333333,32444.96,1
441,441.00000000000233,95.71458299999999,63.53333333333333,32181.25,1
442,442.0000000000022,96.08541600000001,63.733333333333334,32352.08,1
443,443.0000000000022,96.45625,64.0,32456.25,1
444,444.0000000000021,96.827083,64.36666666666666,32460.42,1
445,445.0000000000022,97.00868,64.56666666666666,32442.01,1
446,446.00000000000233,97.190278,64.76666666666667,32423.61,1
447,447.00000000000233,97.371875,64.9,32471.87,1
448,448.00000000000233,97.583333,64.9,32683.33,1
449,449.0000000000022,97.794792,65.03333333333333,32761.46,1
450,450.0000000000021,98.00625,65.06666666666666,32939.58,1
451,451.0000000000022,98.22378499999999,65.1,33123.78,1
452,452.0000000000022,98.44131999999999,65.7,32741.32,1
453,453.0000000000025,98.658855,65.86666666666666,32792.19,1
454,454.00000000000233,98.89144399999999,70.06666666666666,28824.78,1
455,455.0000000000022,99.124033,74.0,25124.03,1
456,456.00000000000233,99.356622,76.16666666666667,23189.96,1
457,457.0000000000022,99.589212,76.16666666666667,23422.55,1
458,458.00000000000233,99.82180100000001,76.76666666666667,23055.13,1
459,459.0000000000022,100.05439,76.8,23254.39,1
460,460.00000000000233,100.28698,76.8,23486.98,1
461,461.0000000000022,100.480104,76.83333333333333,23646.77,1
462,462.00000000000233,100.673229,76.83333333333333,23839.9,1
463,463.0000000000022,100.866354,76.86666666666666,23999.69,1
464,464.00000000000233,101.05947900000001,76.9,24159.48,1
465,465.00000000000233,101.252604,76.9,24352.6,1
466,466.00000000000233,101.445729,76.93333333333334,24512.4,1
467,467.0000000000022,101.63885400000001,76.96666666666667,24672.19,1
468,468.00000000000233,101.831979,76.96666666666667,24865.31,1
469,469.0000000000022,102.025104,77.0,25025.1,1
470,470.00000000000233,102.21822900000001,77.0,25218.23,1
471,471.0000000000024,102.389584,77.03333333333333,25356.25,1
472,472.0000000000024,102.60989599999999,77.06666666666666,25543.23,1
473,473.00000000000233,102.830208,77.06666666666666,25763.54,1
474,474.0000000000024,103.04635400000001,77.1,25946.35,1
475,475.0000000000024,103.27578100000001,77.1,26175.78,1
476,476.0000000000024,103.505208,77.6,25905.21,1
477,477.00000000000244,103.734635,77.9,25834.63,1
478,478.0000000000024,103.964063,78.13333333333334,25830.73,1
479,479.0000000000024,104.19349,78.13333333333334,26060.16,1
480,480.0000000000024,104.422917,78.43333333333334,25989.58,1
481,481.00000000000233,104.657986,78.63333333333334,26024.65,1
482,482.0000000000024,104.893056,78.63333333333334,26259.72,1
483,483.00000000000244,105.128125,78.66666666666667,26461.46,1
484,484.0000000000024,105.35166699999999,78.7,26651.67,1
485,485.00000000000244,105.575208,78.7,26875.21,1
486,486.00000000000244,105.79875,78.73333333333333,27065.42,1
487,487.0000000000024,106.022291,78.73333333333333,27288.96,1
488,488.00000000000244,106.245833,78.76666666666667,27479.17,1
489,489.0000000000025,106.49270800000001,78.8,27692.71,1
490,490.00000000000244,106.66406299999998,78.8,27864.06,1
491,491.0000000000025,106.83541699999999,78.83333333333333,28002.08,1
492,492.0000000000025,107.08333300000001,78.93333333333334,28150.0,1
493,493.00000000000256,107.28645800000001,78.96666666666667,28319.79,1
494,494.0000000000025,107.48958300000001,79.3,28189.58,1
495,495.00000000000256,107.65468700000001,79.46666666666667,28188.02,1
496,496.0000000000027,107.868229,79.93333333333334,27934.9,1
497,497.00000000000256,108.081771,80.13333333333334,27948.44,1
498,498.00000000000256,108.30208300000001,80.16666666666667,28135.42,1
499,499.0000000000027,108.48628500000001,80.36666666666666,28119.62,1
500,500.0000000000026,108.67048600000001,80.53333333333333,28137.15,1
501,501.00000000000256,108.854688,80.73333333333333,28121.35,1
502,502.0000000000027,109.03888899999998,80.86666666666666,28172.22,1
503,503.0000000000026,109.223091,80.9,28323.09,1
504,504.00000000000256,109.407292,81.03333333333333,28373.96,1
505,505.0000000000026,109.640625,81.03333333333333,28607.29,1
506,506.0000000000026,109.87395900000001,81.9,27973.96,1
507,507.00000000000273,110.10729199999999,82.03333333333333,28073.96,1
508,508.0000000000027,110.321702,82.03333333333333,28288.37,1
509,509.0000000000027,110.536111,82.06666666666666,28469.44,1
510,510.0000000000026,110.75052099999999,82.1,28650.52,1
511,511.0000000000027,110.964931,82.1,28864.93,1
512,512.0000000000026,111.17934,82.13333333333334,29046.01,1
513,513.0000000000026,111.39375,82.13333333333334,29260.42,1
514,514.0000000000026,111.731597,82.16666666666667,29564.93,1
515,515.0000000000026,112.069445,82.2,29869.44,1
516,516.0000000000026,112.407292,82.2,30207.29,1
517,517.0000000000026,112.587153,82.23333333333333,30353.82,1
518,518.0000000000026,112.76701399999999,82.23333333333333,30533.68,1
519,519.0000000000026,112.946875,82.26666666666667,30680.21,1
520,520.0000000000026,113.137847,82.3,30837.85,1
521,521.0000000000026,113.32882,82.3,31028.82,1
522,522.0000000000026,113.519792,82.33333333333333,31186.46,1
523,523.0000000000026,113.747049,82.36666666666666,31380.38,1
524,524.0000000000025,113.974306,83.3,30674.31,1
525,525.0000000000026,114.20156200000001,83.56666666666666,30634.9,1
526,526.0000000000025,114.404253,83.8,30604.25,1
527,527.0000000000026,114.606944,84.2,30406.94,1
528,528.0000000000026,114.80963500000001,84.2,30609.64,1
529,529.0000000000026,115.012327,84.36666666666666,30645.66,1
530,530.0000000000026,115.21501799999999,84.53333333333333,30681.68,1
531,531.0000000000025,115.417709,84.76666666666667,30651.04,1
532,532.0000000000025,115.92882,86.1,29828.82,1
533,533.0000000000026,116.439931,87.03333333333333,29406.6,1
534,534.0000000000026,116.95104199999999,87.23333333333333,29717.71,1
535,534.9979166666692,117.038959,87.23333333333333,29805.63,1
536,535.9979166666691,117.126875,87.26666666666667,29860.21,1
537,537.0000000000024,117.21479199999999,87.26666666666667,29948.13,1
538,537.9979166666689,117.30270800000001,87.3,30002.71,1
539,538.9979166666687,117.390625,87.33333333333333,30057.29,1
540,540.000000000002,117.49270800000001,87.33333333333333,30159.37,1
541,541.0000000000019,117.676302,87.36666666666666,30309.64,1
542,542.000000000002,117.85989599999999,87.4,30459.9,1
543,543.0000000000019,118.04843799999999,87.4,30648.44,1
544,544.000000000002,118.25729199999999,87.43333333333334,30823.96,1
545,545.000000000002,118.36666699999999,87.43333333333334,30933.33,1
546,546.000000000002,118.582292,87.46666666666667,31115.63,1
547,547.000000000002,118.753125,87.5,31253.12,1
548,548.0000000000022,118.936458,87.53333333333333,31403.12,1
549,549.0000000000022,119.097917,87.9,31197.92,1
550,550.0000000000022,119.30069499999999,87.96666666666667,31334.03,1
551,551.0000000000022,119.503472,88.0,31503.47,1
552,552.0000000000022,119.70625,88.1,31606.25,1
553,553.0000000000023,119.86875,88.1,31768.75,1
554,554.0000000000023,120.034375,88.13333333333334,31901.04,1
555,555.0000000000023,120.23333400000001,88.16666666666667,32066.67,1
556,556.0000000000023,120.44791699999999,89.23333333333333,31214.58,1
557,557.0000000000023,120.608333,89.63333333333334,30975.0,1
558,558.0000000000023,120.77604199999999,89.63333333333334,31142.71,1
559,559.0000000000023,120.92916699999999,89.66666666666667,31262.5,1
560,560.0000000000024,121.096875,89.66666666666667,31430.21,1
561,561.0000000000025,121.271354,89.7,31571.35,1
562,562.0000000000024,121.49375,89.73333333333333,31760.42,1
563,563.0000000000025,121.67395800000001,89.76666666666667,31907.29,1
564,564.0000000000025,121.92708300000001,90.23333333333333,31693.75,1
565,565.0000000000025,122.111979,91.26666666666667,30845.31,1
566,566.0000000000025,122.296875,91.76666666666667,30530.21,1
567,567.0000000000025,122.47395800000001,91.76666666666667,30707.29,1
568,568.0000000000025,122.66458300000001,91.8,30864.58,1
569,569.0000000000025,122.796875,91.83333333333333,30963.54,1
570,570.0000000000025,122.99166699999999,91.83333333333333,31158.33,1
571,571.0000000000026,123.15,91.86666666666666,31283.33,1
572,572.0000000000025,123.31770800000001,91.96666666666667,31351.04,1
573,573.0000000000026,123.475,92.46666666666667,31008.33,1
574,574.0000000000028,123.668403,92.46666666666667,31201.74,1
575,575.0000000000028,123.861805,92.9,30961.8,1
576,576.0000000000028,124.05520800000001,92.9,31155.21,1
577,577.0000000000028,124.33020800000001,93.0,31330.21,1
578,578.0000000000028,124.521875,93.0,31521.87,1
579,579.000000000003,124.66875,93.3,31368.75,1
580,580.0000000000028,124.82604199999999,94.36666666666666,30459.38,1
581,581.000000000003,124.99791699999999,96.43333333333334,28564.58,1
582,582.000000000003,125.183854,96.66666666666667,28517.19,1
583,583.000000000003,125.36145800000001,96.66666666666667,28694.79,1
584,584.000000000003,125.52916699999999,96.76666666666667,28762.5,1
585,585.0000000000031,125.746875,96.9,28846.87,1
586,586.0000000000031,125.97395800000001,97.36666666666666,28607.29,1
587,587.0000000000031,126.20833300000001,97.36666666666666,28841.67,1
588,588.0000000000031,126.691667,97.53333333333333,29158.33,1
589,589.0000000000031,126.996875,97.7,29296.88,1
590,590.0000000000031,127.230208,98.2,29030.21,1
591,591.0000000000031,127.37291699999999,98.26666666666667,29106.25,1
592,592.0000000000031,127.62291699999999,99.3,28322.92,1
593,593.0000000000031,127.80520800000001,99.7,28105.21,1
594,594.0000000000031,128.102083,102.3,25802.08,1
595,595.0000000000031,128.26875,102.3,25968.75,1
596,596.0000000000031,128.460417,102.96666666666667,25493.75,1
597,597.0000000000031,128.75,103.0,25750.0,1
598,598.0000000000031,128.972917,103.0,25972.92,1
599,599.0000000000032,129.153125,103.03333333333333,26119.79,1
600,600.0000000000031,129.373438,103.03333333333333,26340.1,1
601,601.0000000000031,129.585417,103.06666666666666,26518.75,1
602,602.0000000000031,129.804688,103.1,26704.69,1
603,603.0000000000031,130.035417,103.1,26935.42,1
604,604.0000000000032,130.272396,103.13333333333334,27139.06,1
605,605.0000000000032,130.444792,103.13333333333334,27311.46,1
606,606.0000000000033,130.738021,103.16666666666667,27571.35,1
607,607.0000000000032,130.917708,103.2,27717.71,1
608,608.0000000000033,131.096875,103.2,27896.88,1
609,609.0000000000033,131.425,105.33333333333333,26091.67,1
610,610.0000000000033,131.645833,106.56666666666666,25079.17,1
611,611.0000000000033,131.84843700000002,109.8,22048.44,1
612,612.0000000000033,132.249099,110.46666666666667,21782.43,1
613,613.0000000000033,132.520833,110.56666666666666,21954.17,1
614,614.0000000000033,132.683619,110.56666666666666,22116.95,1
615,615.0000000000033,132.879167,110.6,22279.17,1
616,616.0000000000033,133.112965,110.63333333333334,22479.63,1
617,617.0000000000033,133.309534,110.63333333333334,22676.2,1
618,618.0000000000033,133.604167,110.66666666666667,22937.5,1
619,619.0000000000032,133.785417,110.7,23085.42,1
620,620.0000000000033,133.958333,110.7,23258.33,1
621,621.0000000000033,134.194792,110.73333333333333,23461.46,1
622,622.0000000000033,134.425,110.73333333333333,23691.67,1
623,623.0000000000032,134.613542,110.76666666666667,23846.88,1
624,624.0000000000033,134.834896,110.8,24034.9,1
625,625.0000000000033,135.07343799999998,110.8,24273.44,1
626,626.0000000000033,135.26875,110.9,24368.75,1
627,627.0000000000034,135.510417,110.93333333333334,24577.08,1
628,628.0000000000034,135.76666699999998,110.93333333333334,24833.33,1
629,629.0000000000033,135.95208300000002,110.96666666666667,24985.42,1
630,630.0000000000034,136.236458,110.96666666666667,25269.79,1
631,631.0000000000034,136.445833,111.0,25445.83,1
632,632.0000000000034,136.66536499999998,111.03333333333333,25632.03,1
633,633.0000000000034,136.884896,111.03333333333333,25851.56,1
634,634.0000000000034,137.1125,111.06666666666666,26045.83,1
635,635.0000000000034,137.325,111.06666666666666,26258.33,1
636,636.0000000000035,137.673958,111.1,26573.96,1
637,637.0000000000035,137.98125,111.13333333333334,26847.92,1
638,638.0000000000034,138.213542,111.16666666666667,27046.88,1
639,639.0000000000035,138.386458,111.2,27186.46,1
640,640.0000000000034,138.624479,112.4,26224.48,1
641,641.0000000000035,138.816667,112.4,26416.67,1
642,642.0000000000034,139.111458,113.0,26111.46,1
643,643.0000000000034,139.279167,113.0,26279.17,1
644,644.0000000000034,139.517448,113.46666666666667,26050.78,1
645,645.0000000000034,139.755729,113.53333333333333,26222.4,1
646,646.0000000000034,139.932292,113.73333333333333,26198.96,1
647,647.0000000000034,140.167708,113.73333333333333,26434.37,1
648,648.0000000000034,140.394792,114.8,25594.79,1
649,649.0000000000034,140.576042,115.43333333333334,25142.71,1
650,650.0000000000034,140.79583300000002,115.93333333333334,24862.5,1
651,651.0000000000034,141.01875,115.93333333333334,25085.42,1
652,652.0000000000034,141.230729,116.26666666666667,24964.06,1
653,653.0000000000035,141.421875,116.26666666666667,25155.21,1
654,654.0000000000034,141.75156299999998,116.83333333333333,24918.23,1
655,655.0000000000034,141.980208,116.86666666666666,25113.54,1
656,656.0000000000034,142.178125,116.86666666666666,25311.46,1
657,657.0000000000034,142.373438,116.9,25473.44,1
658,658.0000000000034,142.571875,116.93333333333334,25638.54,1
659,659.0000000000034,142.770833,116.93333333333334,25837.5,1
660,660.0000000000031,143.029688,116.96666666666667,26063.02,1
661,661.0000000000032,143.220833,116.96666666666667,26254.17,1
662,662.0000000000033,143.429167,117.0,26429.17,1
663,663.0000000000033,143.718229,117.03333333333333,26684.9,1
664,664.0000000000031,144.040625,117.03333333333333,27007.29,1
665,665.000000000003,144.255729,117.06666666666666,27189.06,1
666,666.0000000000028,144.551042,117.1,27451.04,1
667,667.000000000003,144.823958,117.1,27723.96,1
668,668.000000000003,145.0125,117.16666666666667,27845.83,1
669,669.0000000000028,145.231771,117.36666666666666,27865.1,1
670,670.0000000000028,145.465625,117.56666666666666,27898.96,1
671,671.0000000000025,145.66875,118.16666666666667,27502.08,1
672,672.0000000000023,145.91093700000002,118.7,27210.94,1
673,673.0000000000023,146.161458,118.9,27261.46,1
674,674.0000000000023,146.348958,118.9,27448.96,1
675,675.0000000000022,146.621875,119.06666666666666,27555.21,1
676,676.0000000000016,146.8875,119.06666666666666,27820.83,1
677,677.0000000000016,147.114583,119.1,28014.58,1
678,678.0000000000016,147.413021,119.1,28313.02,1
679,679.0000000000015,147.746875,119.13333333333334,28613.54,1
680,680.0000000000016,147.929167,119.16666666666667,28762.5,1
681,681.0000000000015,148.124479,119.16666666666667,28957.81,1
682,682.0000000000015,148.35,119.2,29150.0,1
683,683.0000000000015,148.573958,119.23333333333333,29340.62,1
684,684.0000000000014,149.26093799999998,119.23333333333333,30027.6,1
685,685.0000000000015,149.55625,119.3,30256.25,1
686,686.0000000000015,149.799479,119.56666666666666,30232.81,1
687,687.0000000000013,150.028125,119.56666666666666,30461.46,1
688,688.0000000000013,150.34375,119.83333333333333,30510.42,1
689,689.0000000000013,150.53229199999998,120.06666666666666,30465.63,1
690,690.000000000001,150.820833,120.06666666666666,30754.17,1
691,691.0000000000011,151.010417,120.1,30910.42,1
692,692.0000000000011,151.208333,120.33333333333333,30875.0,1
693,693.000000000001,151.528125,120.8,30728.12,1
694,694.0000000000011,151.727083,120.8,30927.08,1
695,695.000000000001,151.940625,120.96666666666667,30973.96,1
696,696.000000000001,152.179167,121.53333333333333,30645.83,1
697,697.0000000000013,152.363542,121.53333333333333,30830.21,1
698,698.0000000000008,152.607292,121.56666666666666,31040.63,1
699,699.0000000000008,152.882292,121.7,31182.29,1
700,700.0000000000008,153.038542,121.73333333333333,31305.21,1
701,701.0000000000007,153.28125,121.9,31381.25,1
702,702.0000000000007,153.611979,121.9,31711.98,1
703,703.0000000000007,153.840625,121.93333333333334,31907.29,1
704,704.0000000000007,153.995833,121.93333333333334,32062.5,1
705,705.0000000000007,154.25468700000002,121.96666666666667,32288.02,1
706,706.0000000000006,154.461458,122.0,32461.46,1
707,707.0000000000005,154.676041,122.0,32676.04,1
708,708.0000000000005,154.93645800000002,122.03333333333333,32903.12,1
709,709.0000000000003,155.1,122.06666666666666,33033.33,1
710,710.0000000000005,155.278125,122.13333333333334,33144.79,1
711,711.0000000000005,155.54218799999998,122.26666666666667,33275.52,1
712,712.0000000000002,155.841667,122.46666666666667,33375.0,1
713,713.0000000000005,156.01458300000002,122.46666666666667,33547.92,1
714,714.0000000000002,156.316666,122.83333333333333,33483.33,1
715,715.0000000000002,156.578125,123.86666666666666,32711.46,1
716,716.0000000000002,156.794792,124.33333333333333,32461.46,1
717,717.0000000000001,157.011458,124.53333333333333,32478.12,1
718,718.0000000000001,157.247917,124.7,32547.92,1
719,719.0,157.44218700000002,124.7,32742.19,1
720,719.9999999999999,157.70781200000002,124.9,32807.81,1
721,721.0000000000001,157.991667,125.06666666666666,32925.0,1
722,721.9999999999998,158.1,125.2,32900.0,1
723,722.9999999999994,158.353125,125.2,33153.12,1
724,723.9999999999997,158.6,125.86666666666666,32733.33,1
725,724.9999999999999,158.77656299999998,125.9,32876.56,1
726,725.9999999999999,158.953125,126.13333333333334,32819.79,1
727,726.9999999999997,159.15729199999998,126.2,32957.29,1
728,727.9999999999995,159.3375,126.46666666666667,32870.83,1
729,728.9999999999998,159.575,126.76666666666667,32808.33,1
730,729.9999999999993,159.76875,126.96666666666667,32802.08,1
731,730.9999999999993,159.94843799999998,127.06666666666666,32881.77,1
732,731.9999999999992,160.13958300000002,127.2,32939.58,1
733,732.999999999999,160.308333,127.5,32808.33,1
734,733.9999999999992,160.555729,127.9,32655.73,1
735,734.9999999999986,160.855729,127.9,32955.73,1
736,735.9999999999989,161.07916699999998,127.93333333333334,33145.83,1
737,736.9999999999992,161.278125,127.93333333333334,33344.79,1
738,737.999999999999,161.402083,127.96666666666667,33435.42,1
739,738.999999999999,161.575,128.0,33575.0,1
740,739.999999999999,161.739583,128.0,33739.58,1
741,740.9999999999986,161.981771,128.03333333333333,33948.44,1
742,741.9999999999987,162.15625,128.06666666666666,34089.58,1
743,742.9999999999986,162.363542,128.06666666666666,34296.88,1
744,743.9999999999985,162.630209,128.1,34530.21,1
745,744.9999999999985,162.817188,128.1,34717.19,1
746,745.9999999999983,163.004167,128.16666666666666,34837.5,1
747,746.9999999999985,163.18645800000002,128.16666666666666,35019.79,1
748,747.9999999999985,163.348958,128.76666666666668,34582.29,1
749,748.9999999999985,163.536458,128.93333333333334,34603.12,1
750,749.9999999999982,163.714583,129.4,34314.58,1
751,750.9999999999982,163.909375,129.46666666666667,34442.71,1
752,751.9999999999982,164.104167,130.6,33504.17,1
753,752.9999999999984,164.305729,131.66666666666666,32639.06,1
754,753.9999999999981,164.46875,131.86666666666667,32602.08,1
755,754.999999999998,164.65520800000002,132.1,32555.21,1
756,755.999999999998,164.85,132.1,32750.0,1
757,756.9999999999977,165.040625,132.2,32840.63,1
758,757.9999999999976,165.23125,132.3,32931.25,1
759,758.9999999999978,165.42656200000002,132.3,33126.56,1
760,759.9999999999977,165.597917,132.8,32797.92,1
761,760.9999999999978,165.78020800000002,132.83333333333334,32946.87,1
762,761.9999999999975,165.95,133.03333333333333,32916.67,1
763,762.9999999999975,166.128646,133.23333333333332,32895.31,1
764,763.9999999999977,166.307292,133.36666666666667,32940.63,1
765,764.9999999999977,166.509896,133.5,33009.9,1
766,765.9999999999974,166.675,133.5,33175.0,1
767,766.9999999999972,166.86041699999998,134.2,32660.42,1
768,767.999999999997,167.065625,134.23333333333332,32832.29,1
769,768.9999999999969,167.255729,134.23333333333332,33022.4,1
770,769.999999999997,167.445833,134.26666666666668,33179.17,1
771,770.999999999997,167.65156299999998,134.26666666666668,33384.9,1
772,771.9999999999972,167.823958,134.3,33523.96,1
773,772.9999999999967,168.01458300000002,134.33333333333334,33681.25,1
774,773.9999999999967,168.184375,134.33333333333334,33851.04,1
775,774.9999999999966,168.361458,134.86666666666667,33494.79,1
776,775.9999999999965,168.503125,134.9,33603.13,1
777,776.9999999999965,168.694792,134.9,33794.79,1
778,777.9999999999964,168.883333,134.93333333333334,33950.0,1
779,778.9999999999962,169.059375,134.93333333333334,34126.04,1
780,779.9999999999964,169.273438,134.96666666666667,34306.77,1
781,780.9999999999959,169.518229,135.0,34518.23,1
782,781.9999999999962,169.763021,135.0,34763.02,1
783,782.9999999999964,170.007813,135.03333333333333,34974.48,1
784,783.9999999999961,170.311574,135.03333333333333,35278.24,1
785,784.999999999996,170.615336,135.06666666666666,35548.67,1
786,785.9999999999962,170.919097,137.16666666666666,33752.43,1
787,786.9999999999961,171.222859,139.23333333333332,31989.53,1
788,787.9999999999964,171.526621,139.33333333333334,32193.29,1
789,788.9999999999962,171.83038200000001,139.33333333333334,32497.05,1
790,789.9999999999961,172.134144,139.36666666666667,32767.48,1
791,790.9999999999961,172.437905,139.36666666666667,33071.24,1
792,791.999999999996,172.741667,139.4,33341.67,1
793,792.9999999999977,173.06875,139.43333333333334,33635.42,1
794,793.9999999999976,173.395834,140.63333333333333,32762.5,1
795,794.9999999999977,173.722917,140.63333333333333,33089.58,1
796,795.9999999999977,174.211979,140.9,33311.98,1
797,796.9999999999976,174.701042,140.93333333333334,33767.71,1
798,797.9999999999977,175.19010500000002,140.93333333333334,34256.77,1
799,798.9999999999976,175.679167,140.96666666666667,34712.5,1
800,799.9999999999976,176.15625,140.96666666666667,35189.58,1
801,800.9999999999976,176.455208,141.0,35455.21,1
802,801.9999999999975,176.73125,141.03333333333333,35697.92,1
803,802.9999999999976,177.301042,141.03333333333333,36267.71,1
804,803.9999999999976,177.565625,141.2,36365.63,1
805,804.9999999999976,177.918055,141.43333333333334,36484.72,1
806,805.9999999999977,178.270486,141.63333333333333,36637.15,1
807,806.9999999999976,178.622917,141.7,36922.92,1
808,807.9999999999976,179.042187,142.06666666666666,36975.52,1
809,808.9999999999977,179.461458,142.2,37261.46,1
810,809.9999999999976,179.880729,142.4,37480.73,1
811,810.9999999999976,180.3,142.63333333333333,37666.67,1
812,811.9999999999975,180.713542,142.76666666666668,37946.88,1
813,812.9999999999972,181.0,142.76666666666668,38233.33,1
814,813.9999999999974,181.352083,143.33333333333334,38018.75,1
815,814.9999999999975,181.810677,143.4,38410.68,1
816,815.9999999999972,182.269271,144.16666666666666,38102.6,1
817,816.9999999999974,182.653472,144.36666666666667,38286.81,1
818,817.9999999999974,183.037674,144.56666666666666,38471.01,1
819,818.9999999999972,183.421875,144.8,38621.87,1
820,819.9999999999974,184.16093700000002,144.96666666666667,39194.27,1
821,820.999999999997,184.9,145.2,39700.0,1
822,821.9999999999972,185.284896,145.2,40084.9,1
823,822.9999999999972,185.670052,145.4,40270.05,1
824,823.9999999999972,186.055208,145.6,40455.21,1
825,824.9999999999972,186.440364,145.6,40840.36,1
826,825.9999999999972,186.825521,145.63333333333333,41192.19,1
827,826.9999999999972,187.210677,145.7,41510.68,1
828,827.9999999999972,187.595833,145.86666666666667,41729.17,1
829,828.9999999999972,187.95468799999998,146.1,41854.69,1
830,829.999999999997,188.31354199999998,146.23333333333332,42080.21,1
831,830.9999999999974,188.725521,146.4,42325.52,1
832,831.9999999999972,189.026042,146.6,42426.04,1
833,832.9999999999969,189.32656200000002,146.76666666666668,42559.9,1
834,833.9999999999969,189.675,147.1,42575.0,1
835,834.999999999997,189.982031,147.2,42782.03,1
836,835.9999999999969,190.289063,147.33333333333334,42955.73,1
837,836.9999999999969,190.689583,147.33333333333334,43356.25,1
838,837.9999999999967,190.69375,148.06666666666666,42627.08,1
839,838.9999999999967,191.386979,148.3,43086.98,1
840,839.9999999999967,191.853125,148.33333333333334,43519.79,1
841,840.9999999999965,193.09270800000002,148.63333333333333,44459.37,1
842,841.9999999999966,193.448958,148.63333333333333,44815.62,1
843,842.9999999999964,193.720833,148.66666666666666,45054.17,1
844,843.9999999999966,193.986458,148.7,45286.46,1
845,844.9999999999966,194.2,148.7,45500.0,1
846,845.9999999999966,194.466667,148.73333333333332,45733.33,1
847,846.9999999999966,194.701042,148.83333333333334,45867.71,1
848,847.9999999999966,195.007292,148.86666666666667,46140.63,1
849,848.9999999999965,195.520833,148.9,46620.83,1
850,849.9999999999967,196.253472,148.9,47353.47,1
851,850.9999999999967,196.98611100000002,148.93333333333334,48052.78,1
852,851.9999999999967,197.71875,149.66666666666666,48052.08,1
853,852.9999999999966,198.05,149.66666666666666,48383.33,1
854,853.9999999999967,198.38125,149.76666666666668,48614.58,1
855,854.9999999999965,198.7125,150.03333333333333,48679.17,1
856,855.9999999999966,199.11406200000002,150.16666666666666,48947.4,1
857,856.9999999999966,199.515625,150.3,49215.62,1
858,857.9999999999966,199.91718799999998,150.63333333333333,49283.85,1
859,858.9999999999966,200.31875,150.73333333333332,49585.42,1
860,859.9999999999965,200.744792,150.86666666666667,49878.13,1
861,860.9999999999965,201.046875,153.66666666666666,47380.21,1
862,861.9999999999967,201.332292,153.93333333333334,47398.96,1
863,862.9999999999967,201.64166699999998,154.43333333333334,47208.33,1
864,863.9999999999967,202.070833,154.5,47570.83,1
865,864.9999999999968,202.455208,154.56666666666666,47888.54,1
866,865.9999999999965,202.839583,155.03333333333333,47806.25,1
867,866.9999999999965,203.223958,155.2,48023.96,1
868,867.9999999999966,203.62473899999998,155.26666666666668,48358.07,1
869,868.9999999999966,204.025521,155.33333333333334,48692.19,1
870,869.9999999999966,204.426302,155.36666666666667,49059.64,1
871,870.9999999999966,204.82708300000002,155.4,49427.08,1
872,871.9999999999967,205.292708,155.43333333333334,49859.37,1
873,872.9999999999967,205.571875,155.46666666666667,50105.21,1
874,873.9999999999967,205.855208,156.16666666666666,49688.54,1
875,874.9999999999967,206.307031,156.36666666666667,49940.36,1
876,875.9999999999967,206.758854,156.56666666666666,50192.19,1
877,876.9999999999967,207.132292,156.76666666666668,50365.63,1
878,877.9999999999967,207.442708,157.0,50442.71,1
879,878.9999999999967,208.03229199999998,157.2,50832.29,1
880,879.9999999999967,208.450174,157.4,51050.17,1
881,880.9999999999967,208.868056,157.63333333333333,51234.72,1
882,881.9999999999967,209.28593700000002,157.8,51485.94,1
883,882.9999999999967,209.960677,157.83333333333334,52127.34,1
884,883.9999999999967,210.635417,157.86666666666667,52768.75,1
885,884.9999999999967,211.01666699999998,158.06666666666666,52950.0,1
886,885.9999999999967,211.362616,158.16666666666666,53195.95,1
887,886.9999999999967,211.708565,158.7,53008.57,1
888,887.9999999999967,212.054514,158.9,53154.51,1
889,888.9999999999967,212.400463,159.1,53300.46,1
890,889.9999999999967,212.74641200000002,159.23333333333332,53513.08,1
891,890.9999999999967,213.09236099999998,159.5,53592.36,1
892,891.9999999999967,213.43831,159.63333333333333,53804.98,1
893,892.9999999999967,213.784259,160.03333333333333,53750.93,1
894,893.9999999999967,214.130208,160.63333333333333,53496.87,1
895,894.9999999999967,214.451785,160.9,53551.78,1
896,895.9999999999967,214.773363,160.93333333333334,53840.03,1
897,896.9999999999968,215.09493999999998,160.96666666666667,54128.27,1
898,897.9999999999968,215.41651800000002,161.06666666666666,54349.85,1
899,898.9999999999967,215.73809500000002,162.16666666666666,53571.43,1
900,899.9999999999967,216.059673,162.36666666666667,53693.01,1
901,900.9999999999968,216.38125,162.46666666666667,53914.58,1
902,901.9999999999967,216.758333,162.86666666666667,53891.67,1
903,902.9999999999966,217.002083,163.16666666666666,53835.42,1
904,903.9979166666633,217.121875,163.33333333333334,53788.54,1
905,904.9999999999966,218.18593700000002,163.33333333333334,54852.6,1
906,905.9999999999966,218.60625,163.36666666666667,55239.58,1
907,906.9999999999966,218.935417,163.4,55535.42,1
908,907.9999999999964,219.26458300000002,163.46666666666667,55797.92,1
909,908.9999999999964,219.62604199999998,163.53333333333333,56092.71,1
910,909.9999999999965,219.93125,163.6,56331.25,1
911,910.9999999999964,220.236458,164.76666666666668,55469.79,1
912,911.9999999999964,220.64010499999998,164.86666666666667,55773.44,1
913,912.9999999999964,220.99505200000002,165.23333333333332,55761.72,1
914,913.9999999999961,221.35,165.26666666666668,56083.33,1
915,914.9999999999961,221.866667,165.26666666666668,56600.0,1
916,915.9999999999961,222.275694,165.3,56975.69,1
917,916.9999999999961,222.68472200000002,165.53333333333333,57151.39,1
918,917.9999999999961,223.09375,165.53333333333333,57560.42,1
919,918.9999999999961,223.60781200000002,166.03333333333333,57574.48,1
920,919.9999999999961,224.121875,166.16666666666666,57955.21,1
921,920.9999999999959,224.552083,166.43333333333334,58118.75,1
922,921.9999999999959,224.835417,166.6,58235.42,1
923,922.9999999999958,225.11875,166.6,58518.75,1
924,923.9999999999956,225.571875,166.66666666666666,58905.21,1
925,924.9999999999956,226.590625,166.7,59890.62,1
926,925.9999999999956,227.223958,166.73333333333332,60490.62,1
927,926.9999999999956,227.71718700000002,166.76666666666668,60950.52,1
928,927.9999999999956,228.372396,166.76666666666668,61605.73,1
929,928.9999999999953,228.788021,166.8,61988.02,1
930,929.9999999999953,229.152083,166.9,62252.08,1
931,930.9999999999953,229.503646,167.16666666666666,62336.98,1
932,931.9999999999953,229.825521,167.33333333333334,62492.19,1
933,932.9999999999952,230.189583,167.6,62589.58,1
934,933.9999999999952,230.621875,167.7,62921.88,1
935,934.9999999999952,230.928125,167.8,63128.12,1
936,935.9999999999952,231.244271,167.83333333333334,63410.94,1
937,936.9999999999952,231.604167,167.86666666666667,63737.5,1
938,937.9999999999951,231.908854,167.86666666666667,64042.19,1
939,938.9999999999951,232.278125,167.9,64378.12,1
940,939.9999999999951,232.72343700000002,167.93333333333334,64790.1,1
941,940.999999999995,233.04218799999998,168.53333333333333,64508.85,1
942,941.999999999995,233.386458,168.7,64686.46,1
943,942.999999999995,233.706771,168.9,64806.77,1
944,943.999999999995,233.992188,169.13333333333333,64858.85,1
945,944.999999999995,234.315104,169.26666666666668,65048.44,1
946,945.9999999999949,234.690104,169.6,65090.1,1
947,946.9999999999948,234.94166600000003,169.7,65241.67,1
948,947.9999999999949,235.272917,169.7,65572.92,1
949,948.9999999999948,235.65729199999998,170.0,65657.29,1
950,949.9999999999948,235.99843700000002,170.03333333333333,65965.1,1
951,950.9999999999948,236.363542,170.06666666666666,66296.88,1
952,951.9999999999947,236.963021,170.1,66863.02,1
953,952.9999999999947,237.32760499999998,170.73333333333332,66594.27,1
954,953.9999999999947,237.654167,170.73333333333332,66920.83,1
955,954.9999999999947,237.989583,171.43333333333334,66556.25,1
956,955.9999999999947,238.275521,171.63333333333333,66642.19,1
957,956.9999999999947,238.595833,171.9,66695.83,1
958,957.9999999999945,238.96770800000002,172.0,66967.71,1
959,958.9999999999944,239.207292,172.23333333333332,66973.96,1
960,959.9999999999945,239.48333300000002,172.6,66883.33,1
961,960.9999999999944,239.810417,172.83333333333334,66977.08,1
962,961.9999999999944,240.081771,172.86666666666667,67215.1,1
963,962.9999999999944,240.390625,173.83333333333334,66557.29,1
964,963.9999999999944,240.897917,174.03333333333333,66864.58,1
965,964.9999999999943,241.19322999999997,174.26666666666668,66926.56,1
966,965.9999999999943,241.541667,174.46666666666667,67075.0,1
967,966.9999999999943,241.857292,174.66666666666666,67190.63,1
968,967.9999999999942,242.13593799999998,174.86666666666667,67269.27,1
969,968.9999999999942,242.44791600000002,175.26666666666668,67181.25,1
970,969.9999999999942,242.783854,175.43333333333334,67350.52,1
971,970.9999999999941,243.002083,175.53333333333333,67468.75,1
972,971.9999999999941,243.297396,175.53333333333333,67764.06,1
973,972.9999999999941,243.65781299999998,175.56666666666666,68091.15,1
974,973.9999999999941,243.88072999999997,175.6,68280.73,1
975,974.9999999999941,244.25625,176.13333333333333,68122.92,1
976,975.9999999999941,244.789583,176.13333333333333,68656.25,1
977,976.9999999999939,245.09479199999998,176.5,68594.79,1
978,977.9999999999941,245.465625,177.73333333333332,67732.29,1
979,978.9999999999939,245.68906299999998,178.6,67089.06,1
980,979.9999999999939,245.9625,178.7,67262.5,1
981,980.9999999999939,246.26666699999998,178.73333333333332,67533.33,1
982,981.9999999999939,246.75520899999998,178.73333333333332,68021.88,1
983,982.9999999999937,247.005729,179.83333333333334,67172.4,1
984,983.9999999999939,247.306771,180.86666666666667,66440.1,1
985,984.9999999999937,247.58958399999997,183.8,63789.58,1
986,985.9999999999937,247.87343700000002,185.86666666666667,62006.77,1
987,986.9999999999937,248.205208,186.8,61405.21,1
988,987.9999999999935,248.578646,186.93333333333334,61645.31,1
989,988.9999999999935,248.86875,187.06666666666666,61802.08,1
990,989.9999999999935,249.18229100000002,187.3,61882.29,1
991,990.9999999999935,249.519792,187.33333333333334,62186.46,1
992,991.9999999999935,249.84531299999998,188.56666666666666,61278.65,1
993,992.9999999999934,250.231771,188.56666666666666,61665.1,1
994,993.9999999999934,250.783854,188.73333333333332,62050.52,1
995,994.9999999999933,251.158854,188.83333333333334,62325.52,1
996,995.9999999999933,251.542708,189.03333333333333,62509.37,1
997,996.9999999999934,252.004167,189.23333333333332,62770.83,1
998,997.9999999999932,252.69375,189.5,63193.75,1
999,998.9999999999932,253.21354100000002,190.23333333333332,62980.21,1
1000,999.9999999999887,253.529167,190.3,63229.17,1
1001,1000.999999999989,253.721875,190.36666666666667,63355.21,1
1002,1001.999999999989,253.90468700000002,190.56666666666666,63338.02,1
1003,1002.9999999999891,254.132292,192.16666666666666,61965.63,1
1004,1003.9999999999891,254.30156200000002,192.36666666666667,61934.9,1
1005,1004.9999999999891,254.50156299999998,192.6,61901.56,1
1006,1005.9999999999892,254.715625,192.76666666666668,61948.96,1
1007,1006.9999999999892,254.913542,192.76666666666668,62146.88,1
1008,1007.9999999999893,255.134896,192.8,62334.9,1
1009,1008.9999999999893,255.359375,192.83333333333334,62526.04,1
1010,1009.9999999999893,255.535417,192.83333333333334,62702.08,1
1011,1010.9999999999894,255.715104,192.86666666666667,62848.44,1
1012,1011.9999999999894,255.940625,192.86666666666667,63073.96,1
1013,1012.9999999999895,256.134375,192.9,63234.37,1
1014,1013.9999999999895,256.324479,192.93333333333334,63391.15,1
1015,1014.9999999999895,256.542708,192.93333333333334,63609.37,1
1016,1015.9999999999898,256.720833,192.96666666666667,63754.17,1
1017,1016.9999999999898,256.921354,193.0,63921.35,1
1018,1017.9999999999899,257.153125,193.0,64153.12,1
1019,1018.9999999999899,257.341667,193.03333333333333,64308.33,1
1020,1019.9999999999899,257.5375,193.03333333333333,64504.17,1
1021,1020.9999999999901,257.74375,193.06666666666666,64677.08,1
1022,1021.9999999999901,257.93125,193.1,64831.25,1
1023,1022.9999999999902,258.144791,193.1,65044.79,1
1024,1023.9999999999902,258.371875,193.13333333333333,65238.54,1
1025,1024.9999999999902,258.56458399999997,193.3,65264.58,1
1026,1025.9999999999902,258.758333,193.4,65358.33,1
1027,1026.9999999999902,258.9625,193.96666666666667,64995.83,1
1028,1027.9999999999905,259.156771,194.16666666666666,64990.1,1
1029,1028.9999999999905,259.34583399999997,194.16666666666666,65179.17,1
1030,1029.9999999999905,259.525,194.56666666666666,64958.33,1
1031,1030.9999999999907,259.72864599999997,194.66666666666666,65061.98,1
1032,1031.9999999999907,259.95520899999997,194.7,65255.21,1
1033,1032.9999999999907,260.165625,196.36666666666667,63798.96,1
1034,1033.9999999999907,260.345833,196.73333333333332,63612.5,1
1035,1034.9999999999907,260.526562,197.03333333333333,63493.23,1
1036,1035.999999999991,260.74375,197.2,63543.75,1
1037,1036.999999999991,260.930729,197.26666666666668,63664.06,1
1038,1037.9999999999911,261.125521,197.3,63825.52,1
1039,1038.9999999999911,261.321875,197.33333333333334,63988.54,1
1040,1039.9999999999911,261.51822999999996,197.8,63718.23,1
1041,1040.9999999999911,261.71302099999997,198.1,63613.02,1
1042,1041.9999999999911,261.914583,200.36666666666667,61547.92,1
1043,1042.9999999999914,262.108854,200.36666666666667,61742.19,1
1044,1043.9999999999914,262.316146,200.63333333333333,61682.81,1
1045,1044.9999999999914,262.514583,201.7,60814.58,1
1046,1045.9999999999916,262.695834,202.06666666666666,60629.17,1
1047,1046.9999999999916,262.89635400000003,202.06666666666666,60829.69,1
1048,1047.9999999999916,263.119792,203.03333333333333,60086.46,1
1049,1048.9999999999916,263.285938,203.06666666666666,60219.27,1
1050,1049.9999999999916,263.473958,203.06666666666666,60407.29,1
1051,1050.9999999999918,263.666667,203.1,60566.67,1
1052,1051.9999999999918,263.852604,203.13333333333333,60719.27,1
1053,1052.9999999999918,264.051042,205.2,58851.04,1
1054,1053.9999999999918,264.261458,206.23333333333332,58028.12,1
1055,1054.9999999999918,264.479167,209.73333333333332,54745.83,1
1056,1055.999999999992,264.697917,210.76666666666668,53931.25,1
1057,1056.999999999992,264.882292,210.96666666666667,53915.63,1
1058,1057.9999999999923,265.083333,211.16666666666666,53916.67,1
1059,1058.9999999999923,265.26875,211.16666666666666,54102.08,1
1060,1059.9999999999916,265.476563,211.3,54176.56,1
1061,1060.9999999999916,265.652084,211.33333333333334,54318.75,1
1062,1061.9999999999916,265.86093700000004,211.33333333333334,54527.6,1
1063,1062.9999999999916,266.052083,211.46666666666667,54585.42,1
1064,1063.9999999999916,266.223437,211.5,54723.44,1
1065,1064.9999999999916,266.407292,212.1,54307.29,1
1066,1065.9999999999916,266.635417,212.13333333333333,54502.08,1
1067,1066.9999999999916,266.839583,212.4,54439.58,1
1068,1067.9999999999916,267.053125,212.4,54653.13,1
1069,1068.9999999999916,267.252083,212.73333333333332,54518.75,1
1070,1069.9999999999916,267.45,212.9,54550.0,1
1071,1070.9999999999916,267.607292,212.93333333333334,54673.96,1
1072,1071.9999999999916,267.9125,212.93333333333334,54979.17,1
1073,1072.9999999999916,268.103125,212.96666666666667,55136.46,1
1074,1073.9999999999916,268.291667,213.03333333333333,55258.33,1
1075,1074.9999999999916,268.471875,213.23333333333332,55238.54,1
1076,1075.9999999999916,268.667708,214.23333333333332,54434.37,1
1077,1076.9999999999916,268.94375,214.43333333333334,54510.42,1
1078,1077.9999999999916,269.054167,214.63333333333333,54420.83,1
1079,1078.9999999999916,269.235417,214.83333333333334,54402.08,1
1080,1079.9999999999916,269.433333,215.0,54433.33,1
1081,1080.9999999999916,269.623958,215.0,54623.96,1
1082,1081.9999999999916,269.80625,215.46666666666667,54339.58,1
1083,1082.9999999999916,269.992708,215.66666666666666,54326.04,1
1084,1083.9999999999916,270.173958,215.86666666666667,54307.29,1
1085,1084.9999999999916,270.357292,216.06666666666666,54290.63,1
1086,1085.9999999999916,270.53125,216.3,54231.25,1
1087,1086.9999999999916,270.738542,216.5,54238.54,1
1088,1087.9999999999916,270.909375,216.86666666666667,54042.71,1
1089,1088.9999999999916,271.120833,218.03333333333333,53087.5,1
1090,1089.9999999999916,271.36059,222.63333333333333,48727.26,1
1091,1090.9999999999916,271.600347,225.13333333333333,46467.01,1
1092,1091.9999999999916,271.840104,231.33333333333334,40506.77,1
1093,1092.9999999999918,272.079861,235.46666666666667,36613.19,1
1094,1093.9999999999918,272.319618,235.46666666666667,36852.95,1
1095,1094.9999999999918,272.559375,235.6,36959.37,1
1096,1095.9999999999955,272.894271,235.63333333333333,37260.94,1
1097,1096.9999999999955,273.229167,235.66666666666666,37562.5,1
1098,1097.9999999999955,273.56406200000004,235.66666666666666,37897.4,1
1099,1098.9999999999955,273.97382799999997,235.7,38273.83,1
1100,1099.9999999999955,274.383594,235.73333333333332,38650.26,1
1101,1100.9999999999955,274.793359,235.73333333333332,39060.03,1
1102,1101.9999999999955,275.203125,235.76666666666668,39436.46,1
1103,1102.9999999999952,275.664583,235.8,39864.58,1
1104,1103.9999999999952,275.94375,235.8,40143.75,1
1105,1104.9999999999952,276.213542,235.83333333333334,40380.21,1
1106,1105.9999999999952,276.618229,235.86666666666667,40751.56,1
1107,1106.9999999999952,277.022917,235.86666666666667,41156.25,1
1108,1107.9999999999952,277.360243,235.9,41460.24,1
1109,1108.9999999999952,277.69757000000004,235.93333333333334,41764.24,1
1110,1109.9999999999952,278.034896,235.96666666666667,42068.23,1
1111,1110.9999999999952,278.41862000000003,236.0,42418.62,1
1112,1111.9999999999952,278.802344,236.2,42602.34,1
1113,1112.9999999999952,279.18606800000003,236.33333333333334,42852.73,1
1114,1113.9999999999952,279.569792,236.33333333333334,43236.46,1
1115,1114.9999999999952,279.975,236.36666666666667,43608.33,1
1116,1115.9999999999952,280.254167,236.4,43854.17,1
1117,1116.999999999995,280.56875,236.43333333333334,44135.42,1
1118,1117.9999999999952,280.971875,236.66666666666666,44305.21,1
1119,1118.999999999995,281.375,236.9,44475.0,1
1120,1119.999999999995,281.758333,237.4,44358.33,1
1121,1120.999999999995,282.039583,237.6,44439.58,1
1122,1121.999999999995,282.602083,237.66666666666666,44935.42,1
1123,1122.999999999995,282.985416,238.16666666666666,44818.75,1
1124,1123.999999999995,283.36875,238.43333333333334,44935.42,1
1125,1124.999999999995,283.75208399999997,238.6,45152.08,1
1126,1125.999999999995,284.417188,238.6,45817.19,1
1127,1126.999999999995,285.082292,239.16666666666666,45915.63,1
1128,1127.9999999999948,285.46875,239.23333333333332,46235.42,1
1129,1128.9999999999948,285.88993,239.73333333333332,46156.6,1
1130,1129.9999999999948,286.311111,239.73333333333332,46577.78,1
1131,1130.9999999999948,286.732292,239.96666666666667,46765.63,1
1132,1131.9999999999948,287.153472,240.0,47153.47,1
1133,1132.9999999999948,287.57465299999996,240.9,46674.65,1
1134,1133.9999999999948,287.995833,240.9,47095.83,1
1135,1134.9999999999948,288.348437,240.93333333333334,47415.1,1
1136,1135.9999999999948,288.701042,240.96666666666667,47734.38,1
1137,1136.999999999995,289.141666,240.96666666666667,48175.0,1
1138,1137.9999999999948,289.452604,241.0,48452.6,1
1139,1138.9999999999943,289.763542,241.03333333333333,48730.21,1
1140,1139.9999999999948,290.15052099999997,241.03333333333333,49117.19,1
1141,1140.9999999999948,290.451042,241.06666666666666,49384.38,1
1142,1141.999999999995,290.75156200000004,241.1,49651.56,1
1143,1142.999999999995,291.149479,241.1,50049.48,1
1144,1143.999999999995,291.508854,241.16666666666666,50342.19,1
1145,1144.999999999995,291.868229,241.43333333333334,50434.9,1
1146,1145.9999999999952,292.307813,241.5,50807.81,1
1147,1146.9999999999948,293.871875,241.93333333333334,51938.54,1
1148,1147.999999999995,294.286458,242.1,52186.46,1
1149,1148.999999999995,294.596875,242.1,52496.88,1
1150,1149.9999999999948,294.888542,242.13333333333333,52755.21,1
1151,1150.9999999999948,295.122917,242.16666666666666,52956.25,1
1152,1151.9999999999948,295.3875,242.2,53187.5,1
1153,1152.999999999995,295.655208,242.23333333333332,53421.87,1
1154,1153.999999999995,295.95625,242.26666666666668,53689.58,1
1155,1154.999999999995,296.528125,242.26666666666668,54261.46,1
1156,1155.9999999999952,297.32170099999996,242.3,55021.7,1
1157,1156.999999999995,298.115278,242.33333333333334,55781.94,1
1158,1157.9999999999948,298.908854,242.4,56508.85,1
1159,1158.999999999995,299.22638900000004,242.6,56626.39,1
1160,1159.999999999995,299.543923,242.63333333333333,56910.59,1
1161,1160.9999999999948,299.861458,243.0,56861.46,1
1162,1161.999999999995,300.304167,243.03333333333333,57270.83,1
1163,1162.999999999995,300.746875,243.06666666666666,57680.21,1
1164,1163.999999999995,301.18958399999997,243.1,58089.58,1
1165,1164.999999999995,301.632292,243.23333333333332,58398.96,1
1166,1165.999999999995,302.076042,243.26666666666668,58809.38,1
1167,1166.9999999999952,302.355208,243.26666666666668,59088.54,1
1168,1167.999999999995,302.621875,243.3,59321.87,1
1169,1168.999999999995,303.022396,243.33333333333334,59689.06,1
1170,1169.9999999999952,303.422917,243.36666666666667,60056.25,1
1171,1170.9999999999952,303.790625,243.4,60390.62,1
1172,1171.999999999995,304.15833399999997,243.43333333333334,60725.0,1
1173,1172.999999999995,304.526042,245.53333333333333,58992.71,1
1174,1173.9999999999952,304.910677,246.56666666666666,58344.01,1
1175,1174.9999999999952,305.29531299999996,246.8,58495.31,1
1176,1175.9999999999952,305.679948,246.83333333333334,58846.61,1
1177,1176.9999999999952,306.064583,246.86666666666667,59197.92,1
1178,1177.9999999999952,306.557292,246.9,59657.29,1
1179,1178.9999999999952,306.878125,246.93333333333334,59944.79,1
1180,1179.9999999999952,307.190625,246.96666666666667,60223.96,1
1181,1180.9999999999952,307.567969,247.43333333333334,60134.64,1
1182,1181.9999999999955,307.945313,247.53333333333333,60411.98,1
1183,1182.9999999999952,308.635417,247.56666666666666,61068.75,1
1184,1183.9999999999955,309.021875,247.76666666666668,61255.21,1
1185,1184.9999999999952,309.732292,247.83333333333334,61898.96,1
1186,1185.9999999999955,310.155035,248.2,61955.04,1
1187,1186.9999999999952,310.57777799999997,248.53333333333333,62044.44,1
1188,1187.9999999999952,311.000521,248.7,62300.52,1
1189,1188.9999999999955,311.649219,248.93333333333334,62715.89,1
1190,1189.9999999999955,312.297917,249.13333333333333,63164.58,1
1191,1190.9999999999955,312.678125,249.4,63278.13,1
1192,1191.9999999999955,312.999769,249.43333333333334,63566.44,1
1193,1192.9999999999955,313.321412,250.03333333333333,63288.08,1
1194,1193.9999999999955,313.643056,250.06666666666666,63576.39,1
1195,1194.9999999999955,313.964699,250.1,63864.7,1
1196,1195.9999999999955,314.28634300000004,250.43333333333334,63853.01,1
1197,1196.9999999999955,314.607986,250.46666666666667,64141.32,1
1198,1197.9999999999955,314.92963,250.5,64429.63,1
1199,1198.9999999999955,315.251273,250.53333333333333,64717.94,1
1200,1199.9999999999952,315.572917,250.53333333333333,65039.58,1
1201,1200.9999999999955,315.876191,250.56666666666666,65309.52,1
1202,1201.9999999999952,316.179464,250.6,65579.46,1
1203,1202.9999999999955,316.482738,250.63333333333333,65849.4,1
1204,1203.9999999999952,316.786012,250.66666666666666,66119.35,1
1205,1204.9999999999952,317.08928599999996,250.7,66389.29,1
1206,1205.9999999999955,317.392559,250.73333333333332,66659.23,1
1207,1206.9999999999957,317.695833,250.76666666666668,66929.17,1
1208,1207.9999999999961,318.03125,250.8,67231.25,1
1209,1208.9999999999961,318.25625,250.8,67456.25,1
1210,1209.9979166666628,318.379167,250.83333333333334,67545.83,1
1211,1210.9999999999961,319.460417,251.3,68160.42,1
1212,1211.9999999999961,319.897396,251.53333333333333,68364.06,1
1213,1212.999999999996,320.209375,251.73333333333332,68476.04,1
1214,1213.9999999999961,320.52135400000003,251.9,68621.35,1
1215,1214.9999999999961,320.859375,251.96666666666667,68892.71,1
1216,1215.9999999999961,321.18177099999997,252.0,69181.77,1
1217,1216.9999999999964,321.504166,252.7,68804.17,1
1218,1217.9999999999964,321.897917,253.3,68597.92,1
1219,1218.9999999999964,322.24010400000003,253.3,68940.1,1
1220,1219.9999999999964,322.582291,253.66666666666666,68915.62,1
1221,1220.9999999999964,323.135417,253.7,69435.42,1
1222,1221.9999999999964,323.634375,253.7,69934.37,1
1223,1222.9999999999964,324.133333,253.73333333333332,70400.0,1
1224,1223.9999999999964,324.632292,253.76666666666668,70865.63,1
1225,1224.9999999999964,325.054167,253.8,71254.17,1
1226,1225.9999999999964,325.476042,253.8,71676.04,1
1227,1226.9999999999968,325.88125,253.83333333333334,72047.92,1
1228,1227.9999999999968,326.170833,253.86666666666667,72304.17,1
1229,1228.999999999997,326.464583,253.9,72564.58,1
1230,1229.9999999999973,326.985417,253.9,73085.42,1
1231,1230.9999999999975,327.990625,253.93333333333334,74057.29,1
1232,1231.9999999999973,328.594792,253.96666666666667,74628.13,1
1233,1232.999999999998,329.05625,254.0,75056.25,1
1234,1233.9999999999975,329.799479,254.03333333333333,75766.15,1
1235,1234.9999999999975,330.221354,254.03333333333333,76188.02,1
1236,1235.999999999998,330.5875,254.06666666666666,76520.83,1
1237,1236.9999999999984,330.927083,254.1,76827.08,1
1238,1237.999999999998,331.219792,254.13333333333333,77086.46,1
1239,1238.999999999998,331.602083,254.13333333333333,77468.75,1
1240,1239.999999999998,332.023438,254.16666666666666,77856.77,1
1241,1240.9999999999986,332.327604,254.3,78027.6,1
1242,1241.9999999999984,332.638021,255.4,77238.02,1
1243,1242.9999999999986,332.996354,255.8,77196.35,1
1244,1243.9999999999986,333.290625,256.1,77190.62,1
1245,1244.9999999999986,333.64635499999997,256.1666666666667,77479.69,1
1246,1245.9999999999986,334.04895899999997,256.1666666666667,77882.29,1
1247,1246.9999999999989,334.34583399999997,256.2,78145.83,1
1248,1247.9999999999989,334.701042,256.23333333333335,78467.71,1
1249,1248.999999999999,335.0,256.26666666666665,78733.33,1
1250,1249.999999999999,335.288542,256.26666666666665,79021.88,1
1251,1250.999999999999,335.609896,256.3,79309.9,1
1252,1251.999999999999,335.967709,256.3333333333333,79634.38,1
1253,1252.9999999999993,336.21875,256.3666666666667,79852.08,1
1254,1253.9999999999993,336.534375,256.3666666666667,80167.71,1
1255,1254.9999999999995,336.882292,256.4,80482.29,1
1256,1255.9999999999998,337.18177099999997,256.43333333333334,80748.44,1
1257,1256.9999999999993,337.532292,256.46666666666664,81065.63,1
1258,1257.9999999999998,337.995833,256.5,81495.83,1
1259,1258.9999999999998,338.277084,256.5,81777.08,1
1260,1260.0,338.584375,256.53333333333336,82051.04,1
1261,1261.0,338.86510499999997,256.56666666666666,82298.44,1
1262,1262.0000000000002,339.133333,256.6,82533.33,1
1263,1263.0000000000002,339.434375,256.6,82834.37,1
1264,1264.0000000000002,339.753125,256.6666666666667,83086.46,1
1265,1265.0000000000002,339.980208,256.73333333333335,83246.87,1
1266,1266.0000000000005,340.247917,256.76666666666665,83481.25,1
1267,1267.0000000000002,340.55260400000003,256.9,83652.6,1
1268,1268.0000000000005,340.820313,257.1333333333333,83686.98,1
1269,1269.0000000000007,341.126042,257.3666666666667,83759.38,1
1270,1270.0000000000005,341.58385400000003,260.46666666666664,81117.19,1
1271,1271.000000000001,341.902083,260.8333333333333,81068.75,1
1272,1272.000000000001,342.211458,261.3333333333333,80878.12,1
1273,1273.000000000001,342.492188,261.3333333333333,81158.85,1
1274,1274.000000000001,342.76718700000004,261.43333333333334,81333.85,1
1275,1275.0000000000011,343.055729,261.6666666666667,81389.06,1
1276,1276.000000000001,343.364063,261.8,81564.06,1
1277,1277.0000000000014,343.59427,261.8333333333333,81760.94,1
1278,1278.0000000000014,343.886459,261.8333333333333,82053.13,1
1279,1279.0000000000014,344.216667,261.8666666666667,82350.0,1
1280,1280.0000000000014,344.53125,262.0,82531.25,1
1281,1281.000000000002,344.982292,262.06666666666666,82915.63,1
1282,1282.0000000000014,345.51406299999996,262.73333333333335,82780.73,1
1283,1283.000000000002,345.81875,262.73333333333335,83085.42,1
1284,1284.000000000002,346.109375,262.76666666666665,83342.71,1
1285,1285.000000000002,346.403125,262.8333333333333,83569.79,1
1286,1286.000000000002,346.672917,262.93333333333334,83739.58,1
1287,1287.000000000002,346.990625,262.93333333333334,84057.29,1
1288,1288.0000000000023,347.414583,262.96666666666664,84447.92,1
1289,1289.0000000000023,347.647917,263.0,84647.92,1
1290,1290.0000000000025,347.906771,263.03333333333336,84873.44,1
1291,1291.0000000000025,348.1875,263.03333333333336,85154.17,1
1292,1292.0000000000025,348.454167,263.06666666666666,85387.5,1
1293,1293.0000000000027,348.765625,263.1,85665.62,1
1294,1294.0000000000027,349.09947999999997,264.5,84599.48,1
1295,1295.0000000000027,349.390104,264.7,84690.1,1
1296,1296.000000000003,349.714584,264.7,85014.58,1
1297,1297.000000000003,350.044792,264.73333333333335,85311.46,1
1298,1298.000000000003,350.344791,264.76666666666665,85578.12,1
1299,1299.0000000000032,350.701042,264.8,85901.04,1
1300,1300.0000000000032,351.171875,264.8,86371.87,1
1301,1301.0000000000032,351.558334,264.8333333333333,86725.0,1
1302,1302.0000000000034,351.938541,264.8666666666667,87071.87,1
1303,1303.0000000000034,352.432292,264.9,87532.29,1
1304,1304.0000000000032,353.033333,264.93333333333334,88100.0,1
1305,1305.0000000000061,353.593229,264.93333333333334,88659.9,1
1306,1306.0000000000057,353.942708,264.96666666666664,88976.04,1
1307,1307.0000000000057,354.11510400000003,265.0,89115.1,1
1308,1308.0000000000052,354.321875,265.0,89321.87,1
1309,1309.000000000005,354.54375,265.03333333333336,89510.42,1
1310,1310.0000000000048,354.725521,265.06666666666666,89658.85,1
1311,1311.0000000000045,354.91197900000003,265.06666666666666,89845.31,1
1312,1312.0000000000045,355.113542,265.1,90013.54,1
1313,1313.0000000000043,355.297396,265.1,90197.4,1
1314,1314.0000000000039,355.506771,265.1333333333333,90373.44,1
1315,1315.0000000000036,355.708333,265.1666666666667,90541.67,1
1316,1316.0000000000034,355.888542,265.3,90588.54,1
1317,1317.0000000000034,356.071354,265.53333333333336,90538.02,1
1318,1318.0000000000032,356.303125,266.56666666666666,89736.46,1
1319,1319.000000000003,356.48593700000004,266.6,89885.94,1
1320,1320.0000000000027,356.675521,266.8333333333333,89842.19,1
1321,1321.0000000000023,356.903125,266.96666666666664,89936.46,1
1322,1322.0000000000023,357.069792,267.06666666666666,90003.13,1
1323,1323.000000000002,357.26770899999997,267.2,90067.71,1
1324,1324.0000000000016,357.514583,267.5,90014.58,1
1325,1325.0000000000014,357.683333,268.6333333333333,89050.0,1
1326,1326.0000000000011,357.875521,268.6333333333333,89242.19,1
1327,1327.0000000000011,358.079166,269.1,88979.17,1
1328,1328.000000000001,358.273438,269.1333333333333,89140.1,1
1329,1329.0000000000005,358.466146,269.1333333333333,89332.81,1
1330,1330.0000000000002,358.691667,269.1666666666667,89525.0,1
1331,1331.0,358.87343799999996,269.1666666666667,89706.77,1
1332,1332.0,359.044792,269.2,89844.79,1
1333,1332.9999999999998,359.266667,269.23333333333335,90033.33,1
1334,1333.9999999999995,359.440625,269.23333333333335,90207.29,1
1335,1334.999999999999,359.62239500000004,269.26666666666665,90355.73,1
1336,1335.9999999999989,359.825,269.3,90525.0,1
1337,1336.9999999999989,360.007292,269.3,90707.29,1
1338,1337.9999999999986,360.230729,269.4,90830.73,1
1339,1338.9999999999984,360.430208,269.6666666666667,90763.54,1
1340,1339.999999999998,360.632292,269.93333333333334,90698.96,1
1341,1340.9999999999977,360.807813,269.93333333333334,90874.48,1
1342,1341.9999999999977,361.02968799999996,270.43333333333334,90596.35,1
1343,1342.9999999999973,361.20468700000004,270.46666666666664,90738.02,1
1344,1343.999999999997,361.410938,270.46666666666664,90944.27,1
1345,1344.9999999999968,361.598958,272.8666666666667,88732.29,1
1346,1345.9999999999966,361.780209,273.03333333333336,88746.88,1
1347,1346.9999999999966,361.977083,273.3,88677.08,1
1348,1347.9999999999964,362.190625,273.8666666666667,88323.96,1
1349,1348.9999999999961,362.376042,274.0,88376.04,1
1350,1349.9999999999957,362.567708,274.53333333333336,88034.37,1
1351,1350.9999999999955,362.76406299999996,275.6666666666667,87097.4,1
1352,1351.9999999999955,362.93593799999996,276.8333333333333,86102.6,1
1353,1352.9999999999952,363.132292,276.8333333333333,86298.96,1
1354,1353.999999999995,363.335417,277.06666666666666,86268.75,1
1355,1354.9999999999948,363.50989599999997,277.8333333333333,85676.56,1
1356,1355.9999999999943,363.690104,277.8333333333333,85856.77,1
1357,1356.9999999999943,363.883333,277.8666666666667,86016.67,1
1358,1357.9999999999939,364.058854,278.0,86058.85,1
1359,1358.9999999999936,364.25,279.3666666666667,84883.33,1
1360,1359.9999999999934,364.478125,279.6666666666667,84811.46,1
1361,1360.9999999999932,364.672917,279.9,84772.92,1
1362,1361.9999999999932,364.895833,279.9,84995.83,1
1363,1362.999999999993,365.084375,280.4,84684.38,1
1364,1363.9999999999927,365.290625,280.4,84890.62,1
1365,1364.9999999999923,365.502083,280.43333333333334,85068.75,1
1366,1365.9999999999918,365.7125,280.6,85112.5,1
1367,1366.9999999999918,365.885417,282.73333333333335,83152.08,1
1368,1367.9999999999918,366.075521,283.03333333333336,83042.19,1
1369,1368.9999999999918,366.263021,283.1,83163.02,1
1370,1369.9999999999918,366.436458,283.53333333333336,82903.12,1
1371,1370.9999999999918,366.623958,283.7,82923.96,1
1372,1371.9999999999918,366.848958,284.0,82848.96,1
1373,1372.9999999999918,367.036458,284.03333333333336,83003.12,1
1374,1373.9999999999918,367.25,284.26666666666665,82983.33,1
1375,1374.9999999999918,367.435417,285.3333333333333,82102.08,1
1376,1375.9999999999918,367.638542,285.43333333333334,82205.21,1
1377,1376.999999999992,367.835417,285.8666666666667,81968.75,1
1378,1377.9999999999918,368.120833,285.9,82220.83,1
1379,1378.9999999999918,368.303125,286.6,81703.12,1
1380,1379.9999999999918,368.484375,286.93333333333334,81551.04,1
1381,1380.9999999999918,368.664583,286.93333333333334,81731.25,1
1382,1381.9999999999918,368.859375,287.23333333333335,81626.04,1
1383,1382.9999999999918,369.180208,288.26666666666665,80913.54,1
1384,1383.9999999999918,369.238542,288.46666666666664,80771.88,1
1385,1384.9999999999918,369.428125,288.7,80728.13,1
1386,1385.9999999999918,369.625,288.8333333333333,80791.67,1
1387,1386.9999999999918,369.8125,289.06666666666666,80745.83,1
1388,1387.9999999999918,369.991667,289.26666666666665,80725.0,1
1389,1388.9999999999918,370.184375,289.46666666666664,80717.71,1
1390,1389.9999999999918,370.36875,289.6,80768.75,1
1391,1390.9999999999918,370.566667,289.8666666666667,80700.0,1
1392,1391.9999999999918,370.741667,290.06666666666666,80675.0,1
1393,1392.9999999999918,370.95625,290.26666666666665,80689.58,1
1394,1393.9999999999918,371.134375,290.46666666666664,80667.71,1
1395,1394.999999999992,371.328125,290.7,80628.13,1
1396,1395.999999999992,371.582899,291.06666666666666,80516.23,1
1397,1396.999999999992,371.83767400000005,291.06666666666666,80771.01,1
1398,1397.999999999992,372.092448,293.06666666666666,79025.78,1
1399,1398.9999999999918,372.34722200000004,298.23333333333335,74113.89,1
1400,1399.9999999999918,372.60199700000004,298.7,73902.0,1
1401,1400.9999999999918,372.856771,298.9,73956.77,1
1402,1401.9999999999918,373.210417,298.9,74310.42,1
1403,1402.9999999999918,373.413542,298.93333333333334,74480.21,1
1404,1403.9999999999918,373.59375,298.93333333333334,74660.42,1
1405,1404.9999999999918,373.773958,298.96666666666664,74807.29,1
1406,1405.9999999999918,373.966667,299.0,74966.67,1
1407,1406.9999999999918,374.204167,299.1666666666667,75037.5,1
1408,1407.9999999999918,374.295833,299.3666666666667,74929.17,1
1409,1408.9999999999918,374.479167,299.6666666666667,74812.5,1
1410,1409.9999999999918,374.661458,300.1333333333333,74528.12,1
1411,1410.9999999999918,374.85625,300.26666666666665,74589.58,1
1412,1411.9999999999918,375.032292,300.26666666666665,74765.63,1
1413,1412.9999999999918,375.229167,300.3333333333333,74895.83,1
1414,1413.9999999999918,375.397917,300.53333333333336,74864.58,1
1415,1414.9999999999918,375.590625,300.53333333333336,75057.29,1
1416,1415.9999999999918,375.76875,301.3,74468.75,1
1417,1416.9999999999918,375.954167,301.3,74654.17,1
1418,1417.9999999999918,376.119792,302.03333333333336,74086.46,1
1419,1418.999999999992,376.290625,302.26666666666665,74023.96,1
1420,1419.999999999992,376.50651,303.9,72606.51,1
1421,1420.999999999992,376.722396,304.5,72222.4,1
1422,1421.999999999992,376.938281,304.5,72438.28,1
1423,1422.9999999999918,377.154167,305.1333333333333,72020.83,1
1424,1423.9999999999918,377.370052,305.1666666666667,72203.39,1
1425,1424.9999999999918,377.585938,305.1666666666667,72419.27,1
1426,1425.9999999999918,377.864583,305.2,72664.58,1
1427,1426.9999999999918,378.052083,305.2,72852.08,1
1428,1427.9999999999918,378.267708,305.23333333333335,73034.37,1
1429,1428.9999999999918,378.476042,305.26666666666665,73209.38,1
1430,1429.9999999999918,378.653125,305.26666666666665,73386.46,1
1431,1430.9999999999918,378.855208,305.3,73555.21,1
1432,1431.9999999999918,379.048958,305.3333333333333,73715.62,1
1433,1432.9999999999918,379.233333,305.3333333333333,73900.0,1
1434,1433.9999999999918,379.440625,305.3666666666667,74073.96,1
1435,1434.9999999999918,379.6125,305.3666666666667,74245.83,1
1436,1435.9999999999918,379.797917,305.4,74397.92,1
1437,1436.9999999999918,380.013542,305.43333333333334,74580.21,1
1438,1437.9999999999918,380.208333,305.43333333333334,74775.0,1
1439,1438.9999999999918,380.39375,305.46666666666664,74927.08,1
1440,1439.9999999999918,380.598958,305.5,75098.96,1
1441,1440.9999999999918,380.822917,305.5,75322.92,1
1442,1441.9999999999918,381.002083,305.53333333333336,75468.75,1
1443,1442.9999999999918,381.179167,305.56666666666666,75612.5,1
1444,1443.9999999999918,381.38125,305.73333333333335,75647.92,1
1445,1444.9999999999918,381.577083,305.8333333333333,75743.75,1
1446,1445.9999999999918,381.742708,306.1333333333333,75609.37,1
1447,1446.9999999999918,381.951042,306.1333333333333,75817.71,1
1448,1447.9999999999918,382.132292,306.53333333333336,75598.96,1
1449,1448.9999999999918,382.34375,307.3,75043.75,1
1450,1449.9999999999918,382.552083,307.46666666666664,75085.42,1
1451,1450.9999999999918,382.74375,308.1666666666667,74577.08,1
1452,1451.9999999999918,382.917708,308.53333333333336,74384.37,1
1453,1452.9999999999918,383.157292,308.53333333333336,74623.96,1
1454,1453.9999999999918,383.354167,308.93333333333334,74420.83,1
1455,1454.9999999999918,383.5625,309.23333333333335,74329.17,1
1456,1455.9999999999918,383.796875,309.23333333333335,74563.54,1
1457,1456.9999999999918,383.979167,309.93333333333334,74045.83,1
1458,1457.9999999999918,384.158333,310.3666666666667,73791.67,1
1459,1458.9999999999918,384.371875,310.56666666666666,73805.21,1
1460,1459.9999999999918,384.567708,310.8666666666667,73701.04,1
1461,1460.9999999999918,384.776042,311.0,73776.04,1
1462,1461.9999999999918,384.998958,311.2,73798.96,1
1463,1462.9999999999918,385.192708,312.3,72892.71,1
1464,1463.9999999999918,385.375,312.3333333333333,73041.67,1
1465,1464.9999999999918,385.614583,312.3666666666667,73247.92,1
1466,1465.9999999999918,385.79375,314.46666666666664,71327.08,1
1467,1466.9999999999918,385.991667,314.7,71291.67,1
1468,1467.9999999999918,386.230208,314.76666666666665,71463.54,1
1469,1468.9999999999918,386.440625,314.96666666666664,71473.96,1
1470,1469.9999999999918,386.644792,315.0,71644.79,1
1471,1470.9999999999918,386.84375,316.0,70843.75,1
1472,1471.9999999999918,387.040625,316.0,71040.62,1
1473,1472.9999999999918,387.398958,316.03333333333336,71365.62,1
1474,1473.9999999999918,387.797916,316.06666666666666,71731.25,1
1475,1474.9999999999925,388.019792,316.06666666666666,71953.13,1
1476,1475.9999999999925,388.248958,316.1,72148.96,1
1477,1476.9999999999925,388.488542,316.1,72388.54,1
1478,1477.9999999999923,388.68125,317.43333333333334,71247.92,1
1479,1478.9999999999923,388.929167,317.46666666666664,71462.5,1
1480,1479.999999999992,389.20885400000003,317.6666666666667,71542.19,1
1481,1480.999999999992,389.373958,317.8666666666667,71507.29,1
1482,1481.999999999992,389.613021,318.26666666666665,71346.35,1
1483,1482.999999999992,389.84375,318.5,71343.75,1
1484,1483.9999999999923,390.05,318.8,71250.0,1
1485,1484.9999999999918,390.290625,318.96666666666664,71323.96,1
1486,1485.9999999999918,390.54427000000004,319.1333333333333,71410.94,1
1487,1486.9999999999916,390.71875,319.4,71318.75,1
1488,1487.9999999999918,390.963542,319.53333333333336,71430.21,1
1489,1488.9999999999916,391.178125,319.53333333333336,71644.79,1
1490,1489.9999999999916,391.379167,319.6,71779.17,1
1491,1490.9999999999918,391.585417,319.8333333333333,71752.08,1
1492,1491.9999999999914,391.834896,319.93333333333334,71901.56,1
1493,1492.9999999999916,391.983855,320.26666666666665,71717.19,1
1494,1493.9999999999914,392.225,320.96666666666664,71258.33,1
1495,1494.9999999999916,392.476042,321.1666666666667,71309.38,1
1496,1495.9999999999911,392.66875,321.26666666666665,71402.08,1
1497,1496.9999999999914,392.919792,321.56666666666666,71353.13,1
1498,1497.9999999999905,393.172395,322.3666666666667,70805.73,1
1499,1498.9999999999905,393.340625,322.3666666666667,70973.96,1
1500,1499.9999999999905,393.578645,322.6,70978.64,1
1501,1500.9999999999905,393.814583,322.6333333333333,71181.25,1
1502,1501.9999999999902,394.027083,322.93333333333334,71093.75,1
1503,1502.9999999999902,394.247917,323.3666666666667,70881.25,1
1504,1503.99999999999,394.515104,323.76666666666665,70748.44,1
1505,1504.99999999999,394.717708,323.96666666666664,70751.04,1
1506,1505.99999999999,394.959896,323.96666666666664,70993.23,1
1507,1506.9999999999898,395.204167,324.6,70604.17,1
1508,1507.9999999999898,395.434896,324.6,70834.9,1
1509,1508.9999999999898,395.726042,324.6333333333333,71092.71,1
1510,1509.9999999999895,395.995834,324.6666666666667,71329.17,1
1511,1510.9999999999895,396.197917,324.6666666666667,71531.25,1
1512,1511.9999999999895,396.4375,324.7,71737.5,1
1513,1512.9999999999895,396.683333,324.73333333333335,71950.0,1
1514,1513.9999999999895,396.907291,324.73333333333335,72173.96,1
1515,1514.9999999999893,397.191667,324.76666666666665,72425.0,1
1516,1515.9999999999893,397.447917,324.8666666666667,72581.25,1
1517,1516.999999999989,397.642708,324.93333333333334,72709.37,1
1518,1517.9999999999893,397.883854,325.73333333333335,72150.52,1
1519,1518.999999999989,398.146875,325.76666666666665,72380.21,1
1520,1519.999999999989,398.361458,325.76666666666665,72594.79,1
1521,1520.9999999999889,398.59375,326.26666666666665,72327.08,1
1522,1521.9999999999889,398.85,326.3,72550.0,1
1523,1522.9999999999884,399.075,326.3,72775.0,1
1524,1523.9999999999889,399.30677099999997,326.3333333333333,72973.44,1
1525,1524.9999999999889,399.55,326.3666666666667,73183.33,1
1526,1525.9999999999884,399.775,326.3666666666667,73408.33,1
1527,1526.9999999999884,400.009375,326.43333333333334,73576.04,1
1528,1527.9999999999882,400.25989599999997,326.43333333333334,73826.56,1
1529,1528.9999999999882,400.467709,326.6666666666667,73801.04,1
1530,1529.9999999999882,400.67760400000003,326.7,73977.6,1
1531,1530.9999999999882,400.917708,326.8333333333333,74084.37,1
1532,1531.999999999988,401.140625,326.8333333333333,74307.29,1
1533,1532.999999999988,401.445833,326.8666666666667,74579.17,1
1534,1533.9999999999882,401.730209,327.0,74730.21,1
1535,1534.9999999999877,401.915625,327.1333333333333,74782.29,1
1536,1535.9999999999882,402.165625,327.1333333333333,75032.29,1
1537,1536.9999999999877,402.401042,328.3333333333333,74067.71,1
1538,1537.9999999999877,402.625,328.73333333333335,73891.67,1
1539,1538.9999999999875,402.85,329.1333333333333,73716.67,1
1540,1539.9999999999875,403.11093700000004,330.2,72910.94,1
1541,1540.9999999999875,403.30677099999997,330.43333333333334,72873.44,1
1542,1541.9999999999875,403.527084,330.43333333333334,73093.75,1
1543,1542.999999999987,403.785417,330.5,73285.42,1
1544,1543.999999999987,404.054167,330.5,73554.17,1
1545,1544.9999999999868,404.465625,330.53333333333336,73932.29,1
1546,1545.9999999999868,404.67031299999996,330.56666666666666,74103.65,1
1547,1546.9999999999866,404.875,330.56666666666666,74308.33,1
1548,1547.9999999999868,405.142708,330.6,74542.71,1
1549,1548.9999999999868,405.376042,330.6,74776.04,1
1550,1549.9999999999868,405.571875,330.6333333333333,74938.54,1
1551,1550.9999999999864,405.78125,330.6666666666667,75114.58,1
1552,1551.9999999999864,405.979167,330.6666666666667,75312.5,1
1553,1552.9999999999861,406.18125,330.7,75481.25,1
1554,1553.9999999999861,406.404167,330.73333333333335,75670.83,1
1555,1554.9999999999861,406.63125,330.73333333333335,75897.92,1
1556,1555.9999999999861,406.858334,330.8,76058.33,1
1557,1556.9999999999861,407.085417,331.23333333333335,75852.08,1
1558,1557.999999999986,407.34375,331.43333333333334,75910.42,1
1559,1558.999999999986,407.53125,336.6666666666667,70864.58,1
1560,1559.9999999999857,407.736979,337.0,70736.98,1
1561,1560.9999999999857,407.925,337.03333333333336,70891.67,1
1562,1561.9999999999857,408.155729,337.06666666666666,71089.06,1
1563,1562.9999999999857,408.390625,337.3,71090.62,1
1564,1563.9999999999854,408.559375,337.6,70959.37,1
1565,1564.9999999999854,408.755208,337.6,71155.21,1
1566,1565.9999999999854,408.9875,337.6333333333333,71354.17,1
1567,1566.9999999999852,409.219791,337.6333333333333,71586.46,1
1568,1567.9999999999854,409.419271,337.6666666666667,71752.6,1
1569,1568.9999999999852,409.666667,337.7,71966.67,1
1570,1569.9999999999852,409.911458,337.7,72211.46,1
1571,1570.9999999999852,410.120833,337.73333333333335,72387.5,1
1572,1571.9999999999852,410.32656299999996,337.73333333333335,72593.23,1
1573,1572.9999999999852,410.533333,337.76666666666665,72766.67,1
1574,1573.9999999999852,410.839583,337.8,73039.58,1
1575,1574.999999999985,410.965625,337.8,73165.62,1
1576,1575.999999999985,411.095833,337.8333333333333,73262.5,1
1577,1576.9999999999848,411.305208,337.8666666666667,73438.54,1
1578,1577.9999999999848,411.544792,337.8666666666667,73678.13,1
1579,1578.9999999999848,411.752431,337.9,73852.43,1
1580,1579.9999999999845,411.960069,337.9,74060.07,1
1581,1580.9999999999848,412.167708,337.93333333333334,74234.37,1
1582,1581.9999999999843,412.407292,337.96666666666664,74440.63,1
1583,1582.9999999999843,412.583333,337.96666666666664,74616.67,1
1584,1583.999999999984,412.778125,338.0,74778.12,1
1585,1584.9999999999843,412.991667,338.03333333333336,74958.33,1
1586,1585.999999999984,413.191667,338.03333333333336,75158.33,1
1587,1586.999999999984,413.395833,338.26666666666665,75129.17,1
1588,1587.9999999999839,413.596875,338.26666666666665,75330.21,1
1589,1588.9999999999839,413.755208,338.8666666666667,74888.54,1
1590,1589.9999999999834,413.988542,338.8666666666667,75121.88,1
1591,1590.9999999999834,414.20468700000004,338.9,75304.69,1
1592,1591.9999999999834,414.395312,338.93333333333334,75461.98,1
1593,1592.9999999999834,414.636458,339.4,75236.46,1
1594,1593.9999999999832,414.81875,340.26666666666665,74552.08,1
1595,1594.9999999999832,415.009375,340.26666666666665,74742.71,1
1596,1595.9999999999832,415.24791600000003,340.56666666666666,74681.25,1
1597,1596.999999999983,415.459375,340.56666666666666,74892.71,1
1598,1597.999999999983,415.65625,340.6,75056.25,1
1599,1598.999999999983,415.864063,340.73333333333335,75130.73,1
1600,1599.999999999983,416.059375,340.8,75259.37,1
1601,1600.9999999999827,416.227083,342.0,74227.08,1
1602,1601.9999999999827,416.436458,343.06666666666666,73369.79,1
1603,1602.9999999999825,416.648958,343.06666666666666,73582.29,1
1604,1603.9999999999825,416.83125,343.96666666666664,72864.58,1
1605,1604.9999999999823,417.036458,344.43333333333334,72603.12,1
1606,1605.9999999999825,417.242708,346.6,70642.71,1
1607,1606.999999999982,417.43125,347.2,70231.25,1
1608,1607.999999999982,417.652083,347.23333333333335,70418.75,1
1609,1608.999999999982,417.851042,347.26666666666665,70584.38,1
1610,1609.9999999999818,418.03125,347.26666666666665,70764.58,1
1611,1610.9999999999818,418.241667,347.3,70941.67,1
1612,1611.9999999999816,418.452083,347.3333333333333,71118.75,1
1613,1612.9999999999816,418.695833,347.6,71095.83,1
1614,1613.9999999999814,418.94375,347.6,71343.75,1
1615,1614.9999999999814,419.146875,347.6333333333333,71513.54,1
1616,1615.9999999999811,419.1625,347.6333333333333,71529.17,1
1617,1616.9999999999811,419.398958,347.6666666666667,71732.29,1
1618,1617.999999999981,419.79114599999997,347.73333333333335,72057.81,1
1619,1618.999999999981,420.183333,347.93333333333334,72250.0,1
1620,1619.999999999981,420.393229,348.1333333333333,72259.9,1
1621,1620.9999999999807,420.580208,348.1333333333333,72446.87,1
1622,1621.999999999981,420.780729,348.2,72580.73,1
1623,1622.9999999999807,420.9875,348.6,72387.5,1
1624,1623.9999999999807,421.171354,348.6333333333333,72538.02,1
1625,1624.9999999999804,421.335417,349.06666666666666,72268.75,1
1626,1625.9999999999807,421.5625,349.23333333333335,72329.17,1
1627,1626.9999999999802,421.842708,349.5,72342.71,1
1628,1627.9999999999804,422.09375,349.73333333333335,72360.42,1
1629,1628.9999999999802,422.603125,350.0,72603.12,1
1630,1629.9999999999802,423.15,351.4,71750.0,1
1631,1630.9999999999798,423.402083,355.53333333333336,67868.75,1
1632,1631.9999999999802,423.654167,355.53333333333336,68120.83,1
1633,1632.9999999999798,423.939583,356.2,67739.58,1
1634,1633.9999999999798,424.214583,356.4,67814.58,1
1635,1634.9999999999798,424.600521,356.6333333333333,67967.19,1
1636,1635.9999999999795,424.95,356.76666666666665,68183.33,1
1637,1636.9999999999795,425.145833,356.76666666666665,68379.17,1
1638,1637.9999999999795,425.402083,356.8,68602.08,1
1639,1638.9999999999795,425.673958,356.8333333333333,68840.62,1
1640,1639.9999999999793,425.914063,356.8333333333333,69080.73,1
1641,1640.9999999999793,426.182292,356.8666666666667,69315.63,1
1642,1641.999999999979,426.455208,356.9,69555.21,1
1643,1642.999999999979,426.659375,356.9,69759.38,1
1644,1643.999999999979,426.8875,356.93333333333334,69954.17,1
1645,1644.999999999979,427.13072900000003,356.93333333333334,70197.4,1
1646,1645.9999999999789,427.363542,356.96666666666664,70396.88,1
1647,1646.9999999999789,427.62343799999996,357.1,70523.44,1
1648,1647.9999999999789,427.914583,357.1,70814.58,1
1649,1648.9999999999786,428.116667,357.46666666666664,70650.0,1
1650,1649.9999999999789,428.3375,357.46666666666664,70870.83,1
1651,1650.9999999999786,428.580208,357.6666666666667,70913.54,1
1652,1651.9999999999786,428.81093799999996,357.73333333333335,71077.6,1
1653,1652.9999999999784,429.04427000000004,357.73333333333335,71310.94,1
1654,1653.9999999999784,429.364063,357.8666666666667,71497.4,1
1655,1654.999999999978,429.580729,357.8666666666667,71714.06,1
1656,1655.9999999999784,429.883854,358.1666666666667,71717.19,1
1657,1656.999999999978,430.210417,358.1666666666667,72043.75,1
1658,1657.999999999978,430.441667,358.73333333333335,71708.33,1
1659,1658.9999999999777,430.633333,359.03333333333336,71600.0,1
1660,1659.9999999999777,430.973437,359.1333333333333,71840.1,1
1661,1660.9999999999777,431.148438,359.3666666666667,71781.77,1
1662,1661.9999999999777,431.480729,359.3666666666667,72114.06,1
1663,1662.9999999999777,431.767708,359.46666666666664,72301.04,1
1664,1663.9999999999775,431.991667,359.5,72491.67,1
1665,1664.9999999999775,432.15625,360.6,71556.25,1
1666,1665.9999999999773,432.507292,361.06666666666666,71440.63,1
1667,1666.9999999999773,432.660416,361.3666666666667,71293.75,1
1668,1667.9999999999773,432.95885400000003,361.3666666666667,71592.19,1
1669,1668.9999999999773,433.269792,361.4,71869.79,1
1670,1669.999999999977,433.492708,361.43333333333334,72059.37,1
1671,1670.999999999977,433.70104100000003,361.43333333333334,72267.71,1
1672,1671.9999999999768,434.011979,361.46666666666664,72545.31,1
1673,1672.9999999999768,434.153125,361.46666666666664,72686.46,1
1674,1673.999999999977,434.45052000000004,362.93333333333334,71517.19,1
1675,1674.9999999999768,434.753646,363.1,71653.65,1
1676,1675.9999999999768,434.975521,363.4,71575.52,1
1677,1676.9999999999766,435.165625,363.7,71465.62,1
1678,1677.9999999999766,435.552083,363.9,71652.08,1
1679,1678.999999999976,435.727083,364.1,71627.08,1
1680,1679.9999999999766,435.953645,364.26666666666665,71686.98,1
1681,1680.999999999976,436.2125,364.3666666666667,71845.83,1
1682,1681.999999999976,436.441667,364.76666666666665,71675.0,1
1683,1682.9999999999757,436.645312,365.03333333333336,71611.98,1
1684,1683.9999999999757,437.000521,365.6333333333333,71367.19,1
1685,1684.9999999999754,437.15416600000003,365.6333333333333,71520.83,1
1686,1685.9999999999757,437.39375,365.6666666666667,71727.08,1
1687,1686.9999999999757,437.63802000000004,365.7,71938.02,1
1688,1687.9999999999754,437.828646,365.7,72128.65,1
1689,1688.9999999999752,438.10625,365.73333333333335,72372.92,1
1690,1689.9999999999752,438.420834,365.8333333333333,72587.5,1
1691,1690.9999999999752,438.595833,365.9,72695.83,1
1692,1691.9999999999752,438.82604100000003,366.3,72526.04,1
1693,1692.9999999999752,439.092708,366.3,72792.71,1
1694,1693.999999999975,439.31875,366.3333333333333,72985.42,1
1695,1694.999999999975,439.52135400000003,366.6333333333333,72888.02,1
1696,1695.9999999999748,439.882813,366.76666666666665,73116.15,1
1697,1696.9999999999748,440.031771,366.76666666666665,73265.1,1
1698,1697.9999999999748,440.291667,366.8333333333333,73458.33,1
1699,1698.9999999999748,440.553646,366.8666666666667,73686.98,1
1700,1699.9999999999748,440.75572900000003,367.1333333333333,73622.4,1
1701,1700.9999999999745,441.063021,367.1666666666667,73896.35,1
1702,1701.9999999999745,441.363021,367.5,73863.02,1
1703,1702.9999999999743,441.520833,368.06666666666666,73454.17,1
1704,1703.9999999999745,441.783333,368.1666666666667,73616.67,1
1705,1704.9999999999743,442.040625,368.3333333333333,73707.29,1
1706,1705.9999999999743,442.243229,368.3333333333333,73909.9,1
1707,1706.9999999999739,442.534896,368.8,73734.9,1
1708,1707.9999999999739,442.865625,368.8,74065.63,1
1709,1708.9999999999736,443.01406299999996,368.8333333333333,74180.73,1
1710,1709.9999999999739,443.283333,368.93333333333334,74350.0,1
1711,1710.9999999999736,443.539583,369.43333333333334,74106.25,1
1712,1711.9999999999736,443.761979,369.6333333333333,74128.65,1
1713,1712.9999999999736,444.10781299999996,369.8,74307.81,1
1714,1713.9999999999734,444.586979,369.8,74786.98,1
1715,1714.9999999999748,444.870313,369.8333333333333,75036.98,1
1716,1715.9999999999748,445.128125,370.0,75128.13,1
1717,1716.9999999999748,445.408854,370.2,75208.85,1
1718,1717.999999999975,445.7,370.8666666666667,74833.33,1
1719,1718.999999999975,446.041667,370.96666666666664,75075.0,1
1720,1719.999999999975,446.766146,371.3333333333333,75432.81,1
1721,1720.999999999975,447.104167,371.53333333333336,75570.83,1
1722,1721.999999999975,447.390625,372.46666666666664,74923.96,1
1723,1722.999999999975,447.702605,372.6333333333333,75069.27,1
1724,1723.999999999975,448.052083,372.8666666666667,75185.42,1
1725,1724.999999999975,448.508333,372.8666666666667,75641.67,1
1726,1725.9999999999752,448.729166,373.1666666666667,75562.5,1
1727,1726.9999999999752,448.95,373.26666666666665,75683.33,1
1728,1727.9999999999752,449.170833,373.26666666666665,75904.17,1
1729,1728.9999999999752,449.391666,373.3,76091.67,1
1730,1729.9999999999752,449.6125,373.3333333333333,76279.17,1
1731,1730.999999999975,449.833333,373.3666666666667,76466.67,1
1732,1731.999999999975,450.054167,376.1333333333333,73920.83,1
1733,1732.9999999999804,450.523958,376.3333333333333,74190.62,1
1734,1733.9999999999802,450.838542,376.5,74338.54,1
1735,1734.9999999999802,451.20468700000004,376.5,74704.69,1
1736,1735.9999999999798,451.602083,376.56666666666666,75035.42,1
1737,1736.9999999999798,452.113021,376.56666666666666,75546.35,1
1738,1737.9999999999802,452.532291,376.76666666666665,75765.62,1
1739,1738.9999999999802,452.95156299999996,377.3666666666667,75584.9,1
1740,1739.9999999999802,453.370834,377.3666666666667,76004.17,1
1741,1740.9999999999798,453.790104,377.4,76390.1,1
1742,1741.9999999999918,454.41197900000003,377.5,76911.98,1
1743,1742.9999999999918,455.432292,378.1,77332.29,1
1744,1743.9999999999918,455.85722699999997,378.1,77757.23,1
1745,1744.9999999999916,456.282162,378.1333333333333,78148.83,1
1746,1745.9999999999916,456.707097,379.2,77507.1,1
1747,1746.9999999999916,457.13203200000004,382.6,74532.03,1
1748,1747.9999999999916,457.556966,382.76666666666665,74790.3,1
1749,1748.9999999999918,457.981901,382.76666666666665,75215.23,1
1750,1749.999999999972,458.40683600000006,382.8,75606.84,1
1751,1750.9999999999718,458.831771,382.8333333333333,75998.44,1
1752,1751.9999999999714,459.04895899999997,382.8333333333333,76215.63,1
1753,1752.9999999999714,459.279167,382.8666666666667,76412.5,1
1754,1753.9999999999714,459.509375,382.8666666666667,76642.71,1
1755,1754.9999999999704,459.730729,382.9,76830.73,1
1756,1755.9999999999707,459.99400999999995,382.93333333333334,77060.68,1
1757,1756.9999999999707,460.257292,382.93333333333334,77323.96,1
1758,1757.9999999999704,460.52057300000007,382.96666666666664,77553.91,1
1759,1758.9999999999704,460.783854,383.0,77783.85,1
1760,1759.9999999999704,461.047136,383.0,78047.14,1
1761,1760.99999999997,461.310417,383.03333333333336,78277.08,1
1762,1761.9999999999704,461.54930599999994,383.03333333333336,78515.97,1
1763,1762.9999999999702,461.78819500000003,383.06666666666666,78721.53,1
1764,1763.9999999999702,462.027084,383.1,78927.08,1
1765,1764.9999999999702,462.23993099999996,383.1,79139.93,1
1766,1765.9999999999704,462.452778,383.1333333333333,79319.44,1
1767,1766.9999999999702,462.665625,383.1666666666667,79498.96,1
1768,1767.9999999999702,462.878472,383.1666666666667,79711.81,1
1769,1768.9999999999702,463.09131900000006,383.2,79891.32,1
1770,1769.99999999997,463.304167,383.2,80104.17,1
1771,1770.9999999999702,463.483333,383.23333333333335,80250.0,1
1772,1771.9999999999698,463.6625,383.26666666666665,80395.83,1
1773,1772.9999999999698,463.911458,383.26666666666665,80644.79,1
1774,1773.9999999999698,464.160416,383.3666666666667,80793.75,1
1775,1774.9999999999698,464.409375,383.56666666666666,80842.71,1
1776,1775.9999999999684,464.608334,383.7,80908.33,1
1777,1776.9999999999688,464.820573,383.7,81120.57,1
1778,1777.9999999999686,465.03281200000004,383.96666666666664,81066.15,1
1779,1778.999999999968,465.245833,383.96666666666664,81279.17,1
1780,1779.9999999999677,465.50625,384.0,81506.25,1
1781,1780.999999999968,465.766666,384.03333333333336,81733.33,1
1782,1781.999999999968,466.027083,384.03333333333336,81993.75,1
1783,1782.999999999968,466.2875,384.06666666666666,82220.83,1
1784,1783.9999999999677,466.547916,384.1,82447.92,1
1785,1784.9999999999675,466.808333,384.1,82708.33,1
1786,1785.9999999999677,467.03194400000007,384.1333333333333,82898.61,1
1787,1786.9999999999677,467.25555599999996,384.1333333333333,83122.22,1
1788,1787.9999999999675,467.479167,384.1666666666667,83312.5,1
1789,1788.9999999999675,467.715104,384.3333333333333,83381.77,1
1790,1789.9999999999675,467.951042,384.56666666666666,83384.38,1
1791,1790.9999999999677,468.18698,384.8333333333333,83353.65,1
1792,1791.9999999999675,468.422917,385.3333333333333,83089.58,1
1793,1792.9999999999675,468.65885499999996,385.46666666666664,83192.19,1
1794,1793.9999999999673,468.894792,385.46666666666664,83428.13,1
1795,1794.9999999999673,469.078125,385.6,83478.12,1
1796,1795.9999999999668,469.261458,385.8333333333333,83428.12,1
1797,1796.9999999999668,469.5,385.96666666666664,83533.33,1
1798,1797.999999999967,469.685417,386.2,83485.42,1
1799,1798.9999999999668,469.870833,386.23333333333335,83637.5,1
1800,1799.9999999999668,470.05625,386.53333333333336,83522.92,1
1801,1800.999999999967,470.255208,387.53333333333336,82721.87,1
1802,1801.9999999999668,470.454167,387.56666666666666,82887.5,1
1803,1802.9999999999668,470.653125,387.6,83053.12,1
1804,1803.9999999999668,470.889583,387.6,83289.58,1
1805,1804.9999999999666,471.126042,387.6333333333333,83492.71,1
1806,1805.9999999999663,471.3625,387.7,83662.5,1
1807,1806.9999999999668,471.612351,388.0,83612.35,1
1808,1807.9999999999668,471.86220199999997,391.03333333333336,80828.87,1
1809,1808.9999999999666,472.112054,392.23333333333335,79878.72,1
1810,1809.9999999999666,472.361905,397.4,74961.9,1
1811,1810.9999999999668,472.61175599999996,398.1333333333333,74478.42,1
1812,1811.9999999999668,472.86160700000005,398.3333333333333,74528.27,1
1813,1812.9999999999666,473.11145899999997,398.46666666666664,74644.79,1
1814,1813.9999999999666,473.28161500000004,398.46666666666664,74814.95,1
1815,1814.9999999999666,473.451771,399.1666666666667,74285.1,1
1816,1815.9999999999668,473.62192699999997,399.2,74421.93,1
1817,1816.9999999999666,473.792083,399.2,74592.08,1
1818,1817.9999999999666,473.96224000000007,399.23333333333335,74728.91,1
1819,1818.9999999999666,474.13239599999997,399.23333333333335,74899.06,1
1820,1819.9999999999666,474.30255199999993,399.26666666666665,75035.89,1
1821,1820.9999999999668,474.472708,399.3,75172.71,1
1822,1821.9999999999668,474.642864,399.3,75342.86,1
1823,1822.9999999999668,474.81302,399.3333333333333,75479.69,1
1824,1823.999999999966,474.991146,399.3666666666667,75624.48,1
1825,1824.999999999966,475.23515599999996,399.3666666666667,75868.49,1
1826,1825.9999999999652,475.479167,399.4,76079.17,1
1827,1826.9999999999648,475.704167,399.4,76304.17,1
1828,1827.9999999999645,475.96302099999997,399.43333333333334,76529.69,1
1829,1828.9999999999645,476.221875,399.46666666666664,76755.21,1
1830,1829.9999999999648,476.480729,399.46666666666664,77014.06,1
1831,1830.9999999999648,476.739584,399.5,77239.58,1
1832,1831.9999999999645,476.99843799999996,399.53333333333336,77465.1,1
1833,1832.9999999999645,477.257292,399.53333333333336,77723.96,1
1834,1833.9999999999643,477.47882000000004,399.56666666666666,77912.15,1
1835,1834.9999999999645,477.70034699999997,399.6666666666667,78033.68,1
1836,1835.999999999964,477.921875,399.73333333333335,78188.54,1
1837,1836.9999999999643,478.16125,399.8333333333333,78327.92,1
1838,1837.9999999999643,478.400625,400.23333333333335,78167.29,1
1839,1838.9999999999643,478.64,400.3666666666667,78273.33,1
1840,1839.9999999999645,478.879375,400.8666666666667,78012.71,1
1841,1840.9999999999638,479.11875,401.1,78018.75,1
1842,1841.9999999999638,479.384375,401.1,78284.37,1
1843,1842.9999999999638,479.55677099999997,401.1333333333333,78423.44,1
1844,1843.9999999999636,479.729167,401.26666666666665,78462.5,1
1845,1844.9999999999636,479.970833,401.76666666666665,78204.17,1
1846,1845.9999999999636,480.20442699999995,401.96666666666664,78237.76,1
1847,1846.9999999999636,480.438021,402.73333333333335,77704.69,1
1848,1847.9999999999627,480.590104,402.73333333333335,77856.77,1
1849,1848.9999999999627,480.79531299999996,402.8333333333333,77961.98,1
1850,1849.9999999999627,481.000521,403.0,78000.52,1
1851,1850.9999999999616,481.244792,403.1,78144.79,1
1852,1851.999999999962,481.496875,403.3666666666667,78130.21,1
1853,1852.9999999999616,481.748958,403.8,77948.96,1
1854,1853.9999999999616,482.001042,403.8666666666667,78134.38,1
1855,1854.999999999962,482.253125,403.8666666666667,78386.46,1
1856,1855.999999999962,482.505209,404.03333333333336,78471.88,1
1857,1856.9999999999616,482.757292,405.06666666666666,77690.63,1
1858,1857.9999999999616,482.995486,405.23333333333335,77762.15,1
1859,1858.9999999999613,483.23368099999993,405.5,77733.68,1
1860,1859.9999999999616,483.471875,405.7,77771.88,1
1861,1860.9999999999616,483.683507,406.8666666666667,76816.84,1
1862,1861.9999999999613,483.895139,407.06666666666666,76828.47,1
1863,1862.9999999999613,484.106771,407.2,76906.77,1
1864,1863.9999999999613,484.31840300000005,407.5,76818.4,1
1865,1864.9999999999613,484.53003499999994,407.6666666666667,76863.37,1
1866,1865.999999999961,484.741667,407.6666666666667,77075.0,1
1867,1866.9999999999613,484.917188,407.7,77217.19,1
1868,1867.999999999961,485.092708,407.7,77392.71,1
1869,1868.9999999999607,485.360417,408.8,76560.42,1
1870,1869.999999999961,485.54930599999994,408.9,76649.31,1
1871,1870.999999999961,485.738194,408.96666666666664,76771.53,1
1872,1871.9999999999607,485.927083,409.1,76827.08,1
1873,1872.9999999999607,486.121528,409.1,77021.53,1
1874,1873.9999999999607,486.315972,409.1333333333333,77182.64,1
1875,1874.9999999999607,486.510417,409.26666666666665,77243.75,1
1876,1875.9999999999607,486.75590300000005,410.3,76455.9,1
1877,1876.9999999999607,487.00138899999996,410.46666666666664,76534.72,1
1878,1877.9999999999604,487.246875,410.73333333333335,76513.54,1
1879,1878.9999999999604,487.45286500000003,410.93333333333334,76519.53,1
1880,1879.9999999999607,487.658854,411.23333333333335,76425.52,1
1881,1880.9999999999607,487.86484400000006,411.8666666666667,75998.18,1
1882,1881.9999999999607,488.070833,412.2,75870.83,1
1883,1882.9999999999604,488.27682300000004,414.4,73876.82,1
1884,1883.9999999999604,488.48281299999996,415.43333333333334,73049.48,1
1885,1884.9999999999607,489.00173600000005,416.3,72701.74,1
1886,1885.9999999999607,489.52065999999996,416.3,73220.66,1
1887,1886.9999999999604,490.039583,416.3333333333333,73706.25,1
1888,1887.9979166666267,490.123958,416.3666666666667,73757.29,1
1889,1888.9979166666265,490.208333,416.3666666666667,73841.67,1
1890,1889.9999999999598,490.292708,416.4,73892.71,1
1891,1890.997916666626,490.377083,416.4,73977.08,1
1892,1891.9979166666258,490.461458,416.43333333333334,74028.12,1
1893,1892.9999999999588,490.545833,416.46666666666664,74079.17,1
1894,1893.9999999999588,490.73776,416.46666666666664,74271.09,1
1895,1894.999999999959,490.929688,416.5,74429.69,1
1896,1895.9999999999588,491.083333,416.5,74583.33,1
1897,1896.9999999999588,491.29375,416.53333333333336,74760.42,1
1898,1897.9999999999586,491.404167,416.56666666666666,74837.5,1
1899,1898.9999999999584,491.586458,416.56666666666666,75019.79,1
1900,1899.9999999999584,491.784375,416.6,75184.37,1
1901,1900.9999999999575,491.958333,416.6333333333333,75325.0,1
1902,1901.9999999999575,492.120833,416.6333333333333,75487.5,1
1903,1902.9999999999575,492.311805,416.6666666666667,75645.14,1
1904,1903.9999999999575,492.50277800000003,416.6666666666667,75836.11,1
1905,1904.9999999999575,492.69375,416.7,75993.75,1
1906,1905.999999999957,492.929167,416.73333333333335,76195.83,1
1907,1906.999999999957,493.090625,416.73333333333335,76357.29,1
1908,1907.9999999999568,493.25156200000004,416.9,76351.56,1
1909,1908.9999999999568,493.45,417.03333333333336,76416.67,1
1910,1909.9999999999568,493.664583,417.1333333333333,76531.25,1
1911,1910.9999999999566,493.84375,417.1666666666667,76677.08,1
1912,1911.9999999999566,494.009375,417.3666666666667,76642.71,1
1913,1912.9999999999563,494.194792,417.53333333333336,76661.46,1
1914,1913.999999999956,494.382813,417.73333333333335,76649.48,1
1915,1914.9999999999561,494.613542,417.76666666666665,76846.88,1
1916,1915.999999999956,494.796875,417.9,76896.88,1
1917,1916.999999999956,495.059375,418.03333333333336,77026.04,1
1918,1917.999999999956,495.24036399999994,418.26666666666665,76973.7,1
1919,1918.999999999956,495.421354,419.06666666666666,76354.69,1
1920,1919.9999999999561,495.608855,419.26666666666665,76342.19,1
1921,1920.9999999999557,495.807292,420.3666666666667,75440.63,1
1922,1921.9999999999557,495.919792,421.03333333333336,74886.46,1
1923,1922.9999999999554,496.127083,421.03333333333336,75093.75,1
1924,1923.9999999999552,496.29375,421.06666666666666,75227.08,1
1925,1924.9999999999552,496.473958,421.06666666666666,75407.29,1
1926,1925.9999999999543,496.629167,421.1,75529.17,1
1927,1926.9999999999548,496.79930599999994,421.1333333333333,75665.97,1
1928,1927.9999999999548,496.969445,421.1333333333333,75836.11,1
1929,1928.9999999999543,497.139584,421.6333333333333,75506.25,1
1930,1929.9999999999543,497.410417,421.6333333333333,75777.08,1
1931,1930.9999999999538,497.603125,421.7,75903.12,1
1932,1931.9999999999538,497.742708,421.7,76042.71,1
1933,1932.9999999999538,497.901042,421.73333333333335,76167.71,1
1934,1933.9999999999536,498.077083,421.76666666666665,76310.42,1
1935,1934.9999999999538,498.26770899999997,421.93333333333334,76334.38,1
1936,1935.9999999999534,498.415625,422.03333333333336,76382.29,1
1937,1936.9999999999534,498.592708,423.1333333333333,75459.37,1
1938,1937.9999999999532,498.83802099999997,423.26666666666665,75571.35,1
1939,1938.9999999999532,499.102083,423.26666666666665,75835.42,1
1940,1939.9999999999534,499.333333,423.96666666666664,75366.67,1
1941,1940.9999999999532,499.809375,424.2,75609.38,1
1942,1941.999999999952,500.109375,424.23333333333335,75876.04,1
1943,1942.9999999999516,500.31875,424.6333333333333,75685.42,1
1944,1943.9999999999516,500.484375,424.76666666666665,75717.71,1
1945,1944.9999999999516,500.741667,424.76666666666665,75975.0,1
1946,1945.9999999999516,500.911458,425.43333333333334,75478.12,1
1947,1946.9999999999513,501.270833,425.46666666666664,75804.17,1
1948,1947.9999999999511,501.427083,425.46666666666664,75960.42,1
1949,1948.9999999999513,501.6125,425.5,76112.5,1
1950,1949.9999999999516,501.917708,425.5,76417.71,1
1951,1950.9999999999511,502.14375,425.53333333333336,76610.42,1
1952,1951.9999999999513,502.31406200000004,425.56666666666666,76747.4,1
1953,1952.9999999999518,502.484375,425.73333333333335,76751.04,1
1954,1953.9999999999513,502.665625,425.73333333333335,76932.29,1
1955,1954.9999999999518,502.855208,426.73333333333335,76121.87,1
1956,1955.9999999999511,503.105729,427.1333333333333,75972.4,1
1957,1956.9999999999511,503.334896,427.3333333333333,76001.56,1
1958,1957.9999999999513,503.514583,427.53333333333336,75981.25,1
1959,1958.9999999999507,503.819792,427.6333333333333,76186.46,1
1960,1959.9999999999507,503.985417,427.6666666666667,76318.75,1
1961,1960.9999999999513,504.190625,428.0,76190.63,1
1962,1961.9999999999507,504.50572900000003,428.1333333333333,76372.4,1
1963,1962.9999999999513,504.728125,428.3,76428.12,1
1964,1963.9999999999502,504.914583,428.56666666666666,76347.92,1
1965,1964.9999999999502,505.35647,429.3666666666667,75989.8,1
1966,1965.9999999999507,505.641667,429.46666666666664,76175.0,1
1967,1966.99999999995,505.85306399999996,431.7,74153.06,1
1968,1967.9999999999502,506.0,435.1666666666667,70833.33,1
1969,1968.9999999999507,506.23585499999996,435.4,70835.85,1
1970,1969.9999999999498,506.42207699999994,435.6,70822.08,1
1971,1970.9999999999498,506.722917,435.76666666666665,70956.25,1
1972,1971.999999999949,506.954167,435.8,71154.17,1
1973,1972.9999999999495,507.13125,435.8333333333333,71297.92,1
1974,1973.9999999999495,507.357292,436.26666666666665,71090.63,1
1975,1974.9999999999493,507.567708,436.4,71167.71,1
1976,1975.9999999999495,507.732292,436.4,71332.29,1
1977,1976.9999999999498,507.979688,436.46666666666664,71513.02,1
1978,1977.9999999999493,508.194271,436.46666666666664,71727.6,1
1979,1978.9999999999495,508.3875,436.5,71887.5,1
1980,1979.9999999999486,508.624479,436.53333333333336,72091.15,1
1981,1980.9999999999488,508.901042,436.53333333333336,72367.71,1
1982,1981.9999999999495,509.09375,436.56666666666666,72527.08,1
1983,1982.9999999999486,509.417708,436.56666666666666,72851.04,1
1984,1983.9999999999488,509.651042,436.6,73051.04,1
1985,1984.999999999949,509.883073,436.6333333333333,73249.74,1
1986,1985.9999999999486,510.11510400000003,436.6333333333333,73481.77,1
1987,1986.9999999999488,510.365625,436.6666666666667,73698.96,1
1988,1987.9999999999493,510.577604,436.7,73877.6,1
1989,1988.9999999999486,510.93906200000004,436.7,74239.06,1
1990,1989.999999999949,511.197917,436.73333333333335,74464.58,1
1991,1990.9999999999486,511.422917,436.73333333333335,74689.58,1
1992,1991.9999999999486,511.59375,436.76666666666665,74827.08,1
1993,1992.9999999999486,511.81406200000004,436.8,75014.06,1
1994,1993.9999999999484,512.072917,436.9,75172.92,1
1995,1994.9999999999484,512.3166669999999,437.0,75316.67,1
1996,1995.9999999999488,512.498958,437.1666666666667,75332.29,1
1997,1996.9999999999484,512.719792,438.03333333333336,74686.46,1
1998,1997.9999999999486,512.933854,438.23333333333335,74700.52,1
1999,1998.9999999999482,513.11875,438.3333333333333,74785.42,1
2000,1999.9999999999484,513.31875,439.0,74318.75,1
2001,2000.9999999999484,513.571354,439.3333333333333,74238.02,1
2002,2001.9999999999482,513.771875,439.3333333333333,74438.54,1
2003,2002.9999999999484,513.973958,439.3666666666667,74607.29,1
2004,2003.9999999999486,514.202604,439.4,74802.6,1
2005,2004.9999999999482,514.4125,439.4,75012.5,1
2006,2005.9999999999484,514.6291669999999,439.43333333333334,75195.83,1
2007,2006.9999999999477,514.975,439.46666666666664,75508.33,1
2008,2007.999999999948,515.219792,439.6,75619.79,1
2009,2008.9999999999486,515.425,439.8666666666667,75558.33,1
2010,2009.9999999999477,515.5895830000001,440.1333333333333,75456.25,1
2011,2010.999999999948,515.80625,441.3,74506.25,1
2012,2011.9999999999484,515.992708,441.43333333333334,74559.37,1
2013,2012.9999999999477,516.247396,441.7,74547.4,1
2014,2013.9999999999482,516.421875,441.8,74621.87,1
2015,2014.9999999999475,516.645833,442.6,74045.83,1
2016,2015.9999999999477,516.846875,442.8,74046.87,1
2017,2016.9999999999482,517.126042,442.96666666666664,74159.38,1
2018,2017.9999999999475,517.327605,443.1666666666667,74160.94,1
2019,2018.9999999999475,517.629688,443.3666666666667,74263.02,1
2020,2019.9999999999477,517.934375,443.56666666666666,74367.71,1
2021,2020.9999999999475,518.14375,443.6666666666667,74477.08,1
2022,2021.9999999999475,518.391146,443.8,74591.15,1
2023,2022.9999999999477,518.647396,444.3,74347.4,1
2024,2023.999999999947,518.849479,444.3,74549.48,1
2025,2024.9999999999475,519.096875,444.6,74496.87,1
2026,2025.9999999999468,519.344791,444.73333333333335,74611.46,1
2027,2026.9999999999468,519.526042,445.1666666666667,74359.38,1
2028,2027.9999999999475,519.800521,445.4,74400.52,1
2029,2028.999999999946,520.073437,445.73333333333335,74340.1,1
2030,2029.9999999999463,520.288542,445.96666666666664,74321.88,1
2031,2030.9999999999457,520.559896,446.1666666666667,74393.23,1
2032,2031.999999999946,520.888542,446.1666666666667,74721.88,1
2033,2032.9999999999463,521.083333,446.56666666666666,74516.67,1
2034,2033.9999999999459,521.279167,446.93333333333334,74345.83,1
2035,2034.999999999946,521.49375,447.1333333333333,74360.42,1
2036,2035.9999999999466,521.738541,447.46666666666664,74271.87,1
2037,2036.9999999999459,522.394791,448.56666666666666,73828.12,1
2038,2037.999999999946,522.713542,448.7,74013.54,1
2039,2038.999999999946,522.938541,449.56666666666666,73371.87,1
2040,2039.9999999999459,523.196354,449.76666666666665,73429.69,1
2041,2040.999999999946,523.51875,450.1333333333333,73385.42,1
2042,2041.9999999999459,523.6625,450.2,73462.5,1
2043,2042.9999999999457,524.005208,450.3,73705.21,1
2044,2043.999999999946,524.185417,450.5,73685.42,1
2045,2044.9999999999457,524.390625,450.6666666666667,73723.96,1
2046,2045.9999999999457,524.663542,450.8666666666667,73796.88,1
2047,2046.9999999999457,524.864583,451.1,73764.58,1
2048,2047.9999999999457,525.040625,451.6,73440.62,1
2049,2048.999999999946,525.279167,451.8,73479.17,1
2050,2049.9999999999454,525.4625,451.8666666666667,73595.83,1
2051,2050.9999999999454,525.7385419999999,452.06666666666666,73671.88,1
2052,2051.999999999946,526.002083,452.1333333333333,73868.75,1
2053,2052.999999999945,526.192708,452.3333333333333,73859.37,1
2054,2053.999999999945,526.397917,452.3333333333333,74064.58,1
2055,2054.999999999946,526.745834,452.3666666666667,74379.17,1
2056,2055.999999999945,527.0114580000001,452.3666666666667,74644.79,1
2057,2056.999999999946,527.189583,452.4,74789.58,1
2058,2057.9999999999454,527.395833,452.43333333333334,74962.5,1
2059,2058.999999999945,527.590625,452.43333333333334,75157.29,1
2060,2059.9999999999454,527.8010419999999,452.46666666666664,75334.38,1
2061,2060.9999999999445,528.059375,452.5,75559.38,1
2062,2061.999999999945,528.203125,452.5,75703.12,1
2063,2062.9999999999454,528.4,452.53333333333336,75866.67,1
2064,2063.9999999999445,528.694271,452.53333333333336,76160.94,1
2065,2064.9999999999454,529.017708,452.6666666666667,76351.04,1
2066,2065.9999999999445,529.1916669999999,453.06666666666666,76125.0,1
2067,2066.9999999999445,529.455208,453.4,76055.21,1
2068,2067.9999999999445,529.717708,454.03333333333336,75684.37,1
2069,2068.9999999999445,529.927083,454.23333333333335,75693.75,1
2070,2069.9999999999445,530.202083,455.3333333333333,74868.75,1
2071,2070.9999999999445,530.439584,455.6666666666667,74772.92,1
2072,2071.999999999944,530.61875,455.6666666666667,74952.08,1
2073,2072.999999999944,530.86875,455.7,75168.75,1
2074,2073.9999999999445,531.0875,455.7,75387.5,1
2075,2074.999999999944,531.313541,455.73333333333335,75580.21,1
2076,2075.999999999944,531.566146,455.76666666666665,75799.48,1
2077,2076.999999999944,531.744792,455.76666666666665,75978.13,1
2078,2077.999999999944,531.927604,455.8,76127.6,1
2079,2078.9999999999445,532.110417,455.8333333333333,76277.08,1
2080,2079.999999999944,532.338542,455.8333333333333,76505.21,1
2081,2080.999999999944,532.509375,455.8666666666667,76642.71,1
2082,2081.9999999999445,532.756771,455.9,76856.77,1
2083,2082.999999999944,532.955729,456.1666666666667,76789.06,1
2084,2083.9999999999445,533.142708,457.1666666666667,75976.04,1
2085,2084.9999999999436,533.334375,457.4,75934.38,1
2086,2085.9999999999436,533.5197919999999,457.6,75919.79,1
2087,2086.999999999944,533.70625,457.9,75806.25,1
2088,2087.9999999999436,534.03125,460.23333333333335,73797.92,1
2089,2088.9999999999436,534.359375,460.43333333333334,73926.04,1
2090,2089.999999999944,534.5125,460.6333333333333,73879.17,1
2091,2090.9999999999436,534.665625,462.8666666666667,71798.96,1
2092,2091.999999999944,534.89375,464.06666666666666,70827.08,1
2093,2092.9999999999436,535.0114580000001,464.26666666666665,70744.79,1
2094,2093.9999999999436,535.248959,464.43333333333334,70815.63,1
2095,2094.9999999999436,535.449479,464.43333333333334,71016.15,1
2096,2095.999999999943,535.614583,464.6,71014.58,1
2097,2096.999999999943,535.819792,464.6333333333333,71186.46,1
2098,2097.9999999999436,536.030208,464.6333333333333,71396.87,1
2099,2098.999999999943,536.172395,464.6666666666667,71505.73,1
2100,2099.9999999999436,536.413542,464.6666666666667,71746.88,1
2101,2100.999999999943,536.602083,464.7,71902.08,1
2102,2101.999999999943,536.802083,464.76666666666665,72035.42,1
2103,2102.999999999944,537.0354169999999,464.96666666666664,72068.75,1
2104,2103.999999999943,537.189583,465.2,71989.58,1
2105,2104.999999999943,537.411458,466.23333333333335,71178.12,1
2106,2105.9999999999436,537.636979,466.43333333333334,71203.65,1
2107,2106.999999999943,537.838542,466.43333333333334,71405.21,1
2108,2107.9999999999436,538.015625,466.46666666666664,71548.96,1
2109,2108.9999999999436,538.233333,466.5,71733.33,1
2110,2109.999999999943,538.432292,466.5,71932.29,1
2111,2110.999999999944,538.61875,466.53333333333336,72085.42,1
2112,2111.999999999943,538.85625,466.53333333333336,72322.92,1
2113,2112.999999999943,539.054167,466.8666666666667,72187.5,1
2114,2113.9999999999436,539.273958,468.93333333333334,70340.62,1
2115,2114.999999999943,539.538542,469.06666666666666,70471.88,1
2116,2115.999999999943,539.844792,469.3666666666667,70478.13,1
2117,2116.9999999999427,540.069271,471.56666666666666,68502.6,1
2118,2117.999999999943,540.364583,471.56666666666666,68797.92,1
2119,2118.9999999999436,540.6447919999999,472.0,68644.79,1
2120,2119.999999999943,540.913542,472.53333333333336,68380.21,1
2121,2120.999999999943,541.233333,472.7,68533.33,1
2122,2121.999999999943,541.430729,472.7,68730.73,1
2123,2122.9999999999427,541.628125,472.73333333333335,68894.79,1
2124,2123.999999999943,541.828646,472.8,69028.65,1
2125,2124.999999999943,542.003125,472.8,69203.12,1
2126,2125.9999999999422,542.205208,472.8333333333333,69371.87,1
2127,2126.9999999999422,542.391667,472.8333333333333,69558.33,1
2128,2127.9999999999422,542.574479,472.8666666666667,69707.81,1
2129,2128.999999999942,542.757292,472.9,69857.29,1
2130,2129.9999999999427,542.974479,472.9,70074.48,1
2131,2130.9999999999413,543.142708,472.93333333333334,70209.37,1
2132,2131.999999999941,543.320833,472.96666666666664,70354.17,1
2133,2132.999999999941,543.5270830000001,473.03333333333336,70493.75,1
2134,2133.999999999941,543.720313,473.1333333333333,70586.98,1
2135,2134.999999999941,543.913542,473.53333333333336,70380.21,1
2136,2135.9999999999404,544.117708,473.53333333333336,70584.37,1
2137,2136.99999999994,544.30625,473.76666666666665,70539.58,1
2138,2137.99999999994,544.497917,473.8,70697.92,1
2139,2138.999999999939,544.6604169999999,474.9,69760.42,1
2140,2139.99999999994,544.834375,474.93333333333334,69901.04,1
2141,2140.9999999999395,545.008333,475.1333333333333,69875.0,1
2142,2141.999999999939,545.227083,475.53333333333336,69693.75,1
2143,2142.999999999939,545.403125,475.53333333333336,69869.79,1
2144,2143.999999999939,545.596875,477.6333333333333,67963.54,1
2145,2144.9999999999377,545.938542,478.6666666666667,67271.88,1
2146,2145.9999999999377,546.219792,478.73333333333335,67486.46,1
2147,2146.9999999999372,546.413542,479.06666666666666,67346.88,1
2148,2147.999999999937,546.595833,479.2,67395.83,1
2149,2148.9999999999363,546.797917,484.73333333333335,62064.58,1
2150,2149.999999999936,547.0,487.7,59300.0,1
2151,2150.999999999936,547.175,487.8333333333333,59341.67,1
2152,2151.999999999935,547.346875,488.03333333333336,59313.54,1
2153,2152.999999999935,547.525,488.03333333333336,59491.67,1
2154,2153.999999999935,547.732292,488.4,59332.29,1
2155,2154.9999999999354,547.903646,488.6333333333333,59270.31,1
2156,2155.999999999935,548.075,488.8333333333333,59241.67,1
2157,2156.9999999999354,548.354167,489.96666666666664,58387.5,1
2158,2157.999999999934,548.6,489.96666666666664,58633.33,1
2159,2158.999999999934,548.786458,490.5,58286.46,1
2160,2159.999999999934,548.967708,490.53333333333336,58434.37,1
2161,2160.999999999933,549.155208,490.53333333333336,58621.87,1
2162,2161.999999999933,549.338542,490.56666666666666,58771.88,1
2163,2162.9999999999322,549.5041669999999,490.6,58904.17,1
2164,2163.999999999932,549.701563,490.6,59101.56,1
2165,2164.999999999932,549.859375,490.6333333333333,59226.04,1
2166,2165.9999999999313,550.033333,490.6333333333333,59400.0,1
2167,2166.9999999999327,550.21875,490.6666666666667,59552.08,1
2168,2167.999999999931,550.404167,490.7,59704.17,1
2169,2168.9999999999313,550.621875,490.7,59921.88,1
2170,2169.9999999999313,550.851042,490.73333333333335,60117.71,1
2171,2170.9999999999304,551.026042,490.73333333333335,60292.71,1
2172,2171.9999999999304,551.199479,490.76666666666665,60432.81,1
2173,2172.9999999999304,551.4177080000001,490.8,60617.71,1
2174,2173.99999999993,551.619792,490.8,60819.79,1
2175,2174.9999999999295,551.780208,490.9,60880.21,1
2176,2175.9999999999295,551.9958330000001,491.26666666666665,60729.17,1
2177,2176.999999999929,552.188542,491.4,60788.54,1
2178,2177.999999999929,552.35,491.6,60750.0,1
2179,2178.999999999929,552.577083,491.6333333333333,60943.75,1
2180,2179.999999999928,552.741667,491.8666666666667,60875.0,1
2181,2180.999999999928,552.900521,492.0,60900.52,1
2182,2181.9999999999277,553.127083,492.03333333333336,61093.75,1
2183,2182.9999999999272,553.296875,492.23333333333335,61063.54,1
2184,2183.9999999999272,553.468229,492.46666666666664,61001.56,1
2185,2184.999999999927,553.7125,492.6666666666667,61045.83,1
2186,2185.999999999927,553.866667,492.8333333333333,61033.33,1
2187,2186.9999999999254,554.039583,493.1,60939.58,1
2188,2187.999999999926,554.272917,493.73333333333335,60539.58,1
2189,2188.999999999926,554.479167,493.73333333333335,60745.83,1
2190,2189.999999999925,554.652604,493.76666666666665,60885.94,1
2191,2190.999999999925,554.928125,493.76666666666665,61161.46,1
2192,2191.999999999925,555.107292,493.8,61307.29,1
2193,2192.9999999999245,555.470833,493.8333333333333,61637.5,1
2194,2193.999999999925,555.722916,493.8333333333333,61889.58,1
2195,2194.9999999999245,555.975,493.8666666666667,62108.33,1
2196,2195.9999999999145,556.098438,493.9,62198.44,1
2197,2196.999999999915,556.242969,493.9,62342.97,1
2198,2197.9999999999145,556.3875,493.93333333333334,62454.17,1
2199,2198.9999999999145,556.510937,493.93333333333334,62577.6,1
2200,2199.9999999999145,556.655469,493.96666666666664,62688.8,1
2201,2200.9999999999145,556.8,494.0,62800.0,1
2202,2201.9999999999145,556.90625,494.0,62906.25,1
2203,2202.9999999999145,557.029514,494.03333333333336,62996.18,1
2204,2203.9999999999145,557.152778,494.06666666666666,63086.11,1
2205,2204.9999999999145,557.276042,494.06666666666666,63209.38,1
2206,2205.999999999915,557.484375,495.1333333333333,62351.04,1
2207,2206.9999999999145,557.692709,495.1333333333333,62559.38,1
2208,2207.9999999999145,557.901042,495.5,62401.04,1
2209,2208.999999999915,558.126432,495.53333333333336,62593.1,1
2210,2209.999999999915,558.3518230000001,495.53333333333336,62818.49,1
2211,2210.999999999915,558.577213,495.6,62977.21,1
2212,2211.999999999915,558.802604,495.8333333333333,62969.27,1
2213,2212.999999999914,559.126563,496.26666666666665,62859.9,1
2214,2213.999999999914,559.332813,497.23333333333335,62099.48,1
2215,2214.999999999914,559.509375,497.4,62109.38,1
2216,2215.999999999914,559.658333,497.6333333333333,62025.0,1
2217,2216.999999999913,559.802083,497.8666666666667,61935.42,1
2218,2217.9999999999127,559.995312,498.0,61995.31,1
2219,2218.999999999913,560.188541,498.1333333333333,62055.21,1
2220,2219.999999999913,560.330208,498.1333333333333,62196.87,1
2221,2220.9999999999127,560.469531,498.3333333333333,62136.2,1
2222,2221.9999999999127,560.608855,498.3666666666667,62242.19,1
2223,2222.999999999913,560.746875,498.3666666666667,62380.21,1
2224,2223.9999999999127,560.892708,498.4,62492.71,1
2225,2224.9999999999127,561.038542,498.4,62638.54,1
2226,2225.9999999999127,561.159375,498.43333333333334,62726.04,1
2227,2226.9999999999127,561.282292,498.46666666666664,62815.63,1
2228,2227.9999999999127,561.405208,498.46666666666664,62938.54,1
2229,2228.9999999999127,561.528125,498.5,63028.13,1
2230,2229.999999999913,561.717882,498.5,63217.88,1
2231,2230.999999999913,561.907639,498.53333333333336,63374.31,1
2232,2231.999999999913,562.097396,498.56666666666666,63530.73,1
2233,2232.999999999913,562.337761,498.8666666666667,63471.09,1
2234,2233.999999999914,562.578125,498.93333333333334,63644.79,1
2235,2234.999999999913,562.818489,498.93333333333334,63885.16,1
2236,2235.999999999913,563.058854,499.3333333333333,63725.52,1
2237,2236.9999999999127,563.359896,499.53333333333336,63826.56,1
2238,2237.9999999999127,563.556771,499.53333333333336,64023.44,1
2239,2238.999999999912,563.6989580000001,499.56666666666666,64132.29,1
2240,2239.999999999912,563.842708,499.56666666666666,64276.04,1
2241,2240.999999999912,564.028646,499.6,64428.65,1
2242,2241.9999999999063,564.2072919999999,499.6333333333333,64573.96,1
2243,2242.9999999999063,564.385937,499.6333333333333,64752.6,1
2244,2243.9999999999063,564.530209,499.6666666666667,64863.54,1
2245,2244.9999999999063,564.691146,499.6666666666667,65024.48,1
2246,2245.9999999999063,564.852083,499.7,65152.08,1
2247,2246.9999999999063,564.9958330000001,499.73333333333335,65262.5,1
2248,2247.9999999999063,565.140104,499.73333333333335,65406.77,1
2249,2248.9999999999063,565.284375,499.76666666666665,65517.71,1
2250,2249.999999999906,565.4125,499.8,65612.5,1
2251,2250.9999999999063,565.555208,500.93333333333334,64621.87,1
2252,2251.9999999999063,565.697917,500.93333333333334,64764.58,1
2253,2252.999999999906,565.81875,501.1666666666667,64652.08,1
2254,2253.9999999999063,565.95625,501.1666666666667,64789.58,1
2255,2254.9999999999063,566.09375,501.2,64893.75,1
2256,2255.999999999906,566.223438,501.23333333333335,64990.1,1
2257,2256.9999999999063,566.3552080000001,501.23333333333335,65121.87,1
2258,2257.999999999906,566.486979,501.9,64586.98,1
2259,2258.999999999906,566.6135419999999,502.1,64513.54,1
2260,2259.999999999906,566.745052,502.6333333333333,64111.72,1
2261,2260.999999999906,566.876563,502.6333333333333,64243.23,1
2262,2261.999999999906,567.015625,503.53333333333336,63482.29,1
2263,2262.9999999999063,567.1559900000001,503.6333333333333,63522.66,1
2264,2263.999999999906,567.296355,503.73333333333335,63563.02,1
2265,2264.999999999906,567.6052080000001,503.96666666666664,63638.54,1
2266,2265.999999999906,567.797916,504.1,63697.92,1
2267,2266.999999999905,567.942708,504.1,63842.71,1
2268,2267.9999999999045,568.092709,504.1333333333333,63959.38,1
2269,2268.9999999999045,568.248958,504.2,64048.96,1
2270,2269.9999999999036,568.3947919999999,504.53333333333336,63861.46,1
2271,2270.9999999999036,568.54375,504.7,63843.75,1
2272,2271.999999999903,568.692188,504.9,63792.19,1
2273,2272.9999999999022,568.827604,505.1,63727.6,1
2274,2273.9999999999027,568.990625,505.1333333333333,63857.29,1
2275,2274.9999999999022,569.146875,505.46666666666664,63680.21,1
2276,2275.9999999999022,569.303125,505.46666666666664,63836.46,1
2277,2276.9999999999022,569.56875,507.56666666666666,62002.08,1
2278,2277.9999999999022,569.764583,510.53333333333336,59231.25,1
2279,2278.9999999999013,569.9,510.56666666666666,59333.33,1
2280,2279.9999999999004,570.048958,510.56666666666666,59482.29,1
2281,2280.9999999999004,570.21875,510.6,59618.75,1
2282,2281.9999999999,570.3552080000001,510.6,59755.21,1
2283,2282.999999999899,570.498958,510.6333333333333,59865.62,1
2284,2283.9999999998986,570.640104,510.93333333333334,59706.77,1
2285,2284.999999999898,570.766666,510.96666666666664,59800.0,1
2286,2285.999999999898,570.959375,511.06666666666666,59892.71,1
2287,2286.9999999998986,571.115104,511.3,59815.1,1
2288,2287.999999999898,571.270833,511.5,59770.83,1
2289,2288.999999999898,571.435417,511.7,59735.42,1
2290,2289.999999999898,571.5739580000001,511.96666666666664,59607.29,1
2291,2290.9999999998986,571.704167,511.96666666666664,59737.5,1
2292,2291.999999999898,571.848438,512.1666666666666,59681.77,1
2293,2292.999999999892,571.958854,512.5666666666667,59392.19,1
2294,2293.999999999892,572.117708,512.6,59517.71,1
2295,2294.9999999998927,572.248958,513.0,59248.96,1
2296,2295.9999999998918,572.382292,513.0333333333333,59348.96,1
2297,2296.999999999892,572.501042,513.0333333333333,59467.71,1
2298,2297.999999999892,572.633854,513.1,59533.85,1
2299,2298.999999999892,572.766146,513.7333333333333,59032.81,1
2300,2299.9999999998918,572.90625,513.8666666666667,59039.58,1
2301,2300.9999999998918,573.03125,513.8666666666667,59164.58,1
2302,2301.9999999998913,573.155208,514.7,58455.21,1
2303,2302.9999999998913,573.2770830000001,514.7333333333333,58543.75,1
2304,2303.9999999998913,573.4375,514.7333333333333,58704.17,1
2305,2304.9999999998913,573.572396,515.1666666666666,58405.73,1
2306,2305.9999999998913,573.708333,515.3666666666667,58341.67,1
2307,2306.999999999891,573.844792,515.3666666666667,58478.13,1
2308,2307.999999999891,573.978125,516.4,57578.12,1
2309,2308.999999999891,574.111458,516.7666666666667,57344.79,1
2310,2309.999999999891,574.228646,516.7666666666667,57461.98,1
2311,2310.999999999891,574.364583,516.8,57564.58,1
2312,2311.9999999998913,574.488541,516.8,57688.54,1
2313,2312.9999999998913,574.607292,516.8333333333334,57773.96,1
2314,2313.9999999998913,574.7541669999999,516.8666666666667,57887.5,1
2315,2314.9999999998913,574.901042,516.8666666666667,58034.38,1
2316,2315.999999999891,575.047917,516.9,58147.92,1
2317,2316.999999999891,575.206597,517.1,58106.6,1
2318,2317.999999999891,575.365278,517.1333333333333,58231.94,1
2319,2318.999999999891,575.523958,517.7,57823.96,1
2320,2319.9999999998913,575.691319,517.7,57991.32,1
2321,2320.9999999998927,575.8586809999999,517.7333333333333,58125.35,1
2322,2321.9999999998913,576.026042,517.7333333333333,58292.71,1
2323,2322.9999999998913,576.212847,517.7666666666667,58446.18,1
2324,2323.9999999998927,576.3996530000001,517.8,58599.65,1
2325,2324.9999999998913,576.586458,517.9,58686.46,1
2326,2325.9999999998918,576.7539929999999,518.1,58653.99,1
2327,2326.9999999998913,576.9215280000001,518.1666666666666,58754.86,1
2328,2327.9999999998913,577.089062,518.2333333333333,58855.73,1
2329,2328.999999999891,577.2565969999999,518.2333333333333,59023.26,1
2330,2329.9999999998913,577.424132,518.4,59024.13,1
2331,2330.99999999989,577.591667,518.4,59191.67,1
2332,2331.999999999891,577.7265629999999,518.4666666666667,59259.9,1
2333,2332.9999999998913,577.861459,518.5,59361.46,1
2334,2333.999999999891,577.996354,518.5,59496.35,1
2335,2334.999999999891,578.13125,518.5333333333333,59597.92,1
2336,2335.9999999998913,578.266146,518.6,59666.15,1
2337,2336.999999999891,578.401042,519.0666666666667,59334.38,1
