beat_idx,gt_beat,gt_time_s,pred_time_s,err_ms,ok
0,0.0,0.970313,0.0,970.31,1
1,1.0000000000000002,1.251302,0.0,1251.3,1
2,2.0000000000000004,1.532292,0.03333333333333333,1498.96,1
3,3.000000000000001,1.740104,0.06666666666666667,1673.44,1
4,4.000000000000001,1.934635,0.1,1834.63,1
5,5.000000000000001,2.129167,0.1,2029.17,1
6,6.000000000000001,2.340625,0.13333333333333333,2207.29,1
7,7.0,2.541667,0.13333333333333333,2408.33,1
8,8.000000000000002,2.7427080000000004,0.16666666666666666,2576.04,1
9,9.000000000000002,2.94375,0.2,2743.75,1
10,10.000000000000002,3.144792,0.2,2944.79,1
11,11.000000000000004,3.3458330000000003,0.23333333333333334,3112.5,1
12,12.000000000000004,3.546875,0.26666666666666666,3280.21,1
13,13.000000000000004,3.775,0.26666666666666666,3508.33,1
14,14.000000000000002,4.003125,0.3,3703.12,1
15,15.000000000000002,4.23125,0.6,3631.25,1
16,16.000000000000004,4.422569,0.6,3822.57,1
17,17.000000000000004,4.613889,0.9333333333333333,3680.56,1
18,18.000000000000004,4.805208,0.9666666666666667,3838.54,1
19,19.0,4.996528,0.9666666666666667,4029.86,1
20,20.0,5.187848000000002,1.0,4187.85,1
21,21.000000000000004,5.379167,1.0,4379.17,1
22,22.000000000000004,5.564063,1.0333333333333334,4530.73,1
23,23.000000000000007,5.748958,1.0666666666666667,4682.29,1
24,24.000000000000018,6.016667,1.0666666666666667,4950.0,1
25,25.000000000000007,6.253386,1.1,5153.39,1
26,26.000000000000007,6.490104,1.1333333333333333,5356.77,1
27,27.000000000000014,6.673958,1.1333333333333333,5540.62,1
28,28.00000000000001,6.876302000000001,1.1666666666666667,5709.64,1
29,29.000000000000025,7.078646000000001,1.1666666666666667,5911.98,1
30,30.000000000000018,7.297916000000002,1.2,6097.92,1
31,31.000000000000018,7.51875,1.2333333333333334,6285.42,1
32,32.00000000000002,7.739583,1.2333333333333334,6506.25,1
33,33.00000000000002,7.960417,1.2666666666666666,6693.75,1
34,34.00000000000002,8.18125,1.3,6881.25,1
35,35.00000000000002,8.402084,1.3,7102.08,1
36,36.00000000000002,8.622917,1.3333333333333333,7289.58,1
37,37.00000000000002,8.858334,1.3333333333333333,7525.0,1
38,38.00000000000002,9.09375,1.5,7593.75,1
39,39.000000000000036,9.329167,2.566666666666667,6762.5,1
40,40.00000000000002,9.515625,2.566666666666667,6948.96,1
41,41.00000000000002,9.702084,2.933333333333333,6768.75,1
42,42.00000000000002,9.888542,2.966666666666667,6921.88,1
43,43.00000000000002,10.075,2.966666666666667,7108.33,1
44,44.00000000000003,10.261459,3.0,7261.46,1
45,45.00000000000003,10.447917,3.0,7447.92,1
46,46.00000000000002,10.63125,3.033333333333333,7597.92,1
47,47.000000000000036,10.814583,3.066666666666667,7747.92,1
48,48.000000000000036,11.084375,3.066666666666667,8017.71,1
49,49.000000000000036,11.251736,3.1,8151.74,1
50,50.000000000000036,11.419097,3.1,8319.1,1
51,51.000000000000036,11.586458,3.1333333333333333,8453.12,1
52,52.000000000000036,11.735069,3.1666666666666665,8568.4,1
53,53.00000000000003,11.883681,3.1666666666666665,8717.01,1
54,54.000000000000036,12.032292,3.2,8832.29,1
55,55.00000000000003,12.253646,3.2333333333333334,9020.31,1
56,56.00000000000002,12.475,3.2333333333333334,9241.67,1
57,57.00000000000003,12.696354,3.2666666666666666,9429.69,1
58,58.00000000000003,12.917783,3.3,9617.78,1
59,59.00000000000003,13.139210999999998,3.5,9639.21,1
60,60.00000000000003,13.36064,3.7,9660.64,1
61,61.00000000000002,13.582069,3.933333333333333,9648.74,1
62,62.00000000000003,13.803497,9.1,4703.5,1
63,63.00000000000003,14.024926,9.3,4724.93,1
64,64.00000000000003,14.246354,9.433333333333334,4813.02,1
65,65.00000000000003,14.521354,9.633333333333333,4888.02,1
66,66.00000000000003,14.796354,9.866666666666667,4929.69,1
67,67.00000000000003,15.071354,10.066666666666666,5004.69,1
68,68.00000000000003,15.346354000000002,10.266666666666667,5079.69,1
69,69.00000000000003,15.621354,10.466666666666667,5154.69,1
70,70.00000000000003,15.896354,10.466666666666667,5429.69,1
71,71.00000000000003,16.171354,10.5,5671.35,1
72,72.00000000000003,16.446354,10.5,5946.35,1
73,73.00000000000003,16.721354,10.533333333333333,6188.02,1
74,74.00000000000003,16.996354,10.566666666666666,6429.69,1
75,75.00000000000004,17.217709,10.566666666666666,6651.04,1
76,76.00000000000003,17.414063,10.6,6814.06,1
77,77.00000000000003,17.610417,10.633333333333333,6977.08,1
78,78.00000000000003,17.81875,10.633333333333333,7185.42,1
79,79.00000000000004,18.019097,10.666666666666666,7352.43,1
80,80.00000000000003,18.219444,10.666666666666666,7552.78,1
81,81.00000000000003,18.419791,10.7,7719.79,1
82,82.00000000000003,18.620139,10.866666666666667,7753.47,1
83,83.00000000000004,18.820486,11.066666666666666,7753.82,1
84,84.00000000000003,19.020833,12.733333333333333,6287.5,1
85,85.00000000000004,19.260069,12.733333333333333,6526.74,1
86,86.00000000000004,19.499306,12.866666666666667,6632.64,1
87,87.00000000000006,19.738542,13.933333333333334,5805.21,1
88,88.00000000000004,19.907084,14.133333333333333,5773.75,1
89,89.00000000000004,20.075625,14.333333333333334,5742.29,1
90,90.00000000000004,20.244167,14.566666666666666,5677.5,1
91,91.00000000000004,20.412708,14.766666666666667,5646.04,1
92,92.00000000000006,20.58125,14.966666666666667,5614.58,1
93,93.00000000000007,20.833333,15.166666666666666,5666.67,1
94,94.00000000000006,20.998958,15.166666666666666,5832.29,1
95,95.00000000000007,21.164583,15.633333333333333,5531.25,1
96,96.0000000000001,21.435417,15.633333333333333,5802.08,1
97,97.00000000000007,21.6625,16.7,4962.5,1
98,98.00000000000009,21.889583,17.333333333333332,4556.25,1
99,99.00000000000009,22.086979,17.333333333333332,4753.65,1
100,100.00000000000009,22.298177,17.366666666666667,4931.51,1
101,101.00000000000013,22.509375,17.366666666666667,5142.71,1
102,102.00000000000009,22.732813,17.4,5332.81,1
103,103.0000000000001,22.955122,17.433333333333334,5521.79,1
104,104.0000000000001,23.177431,17.533333333333335,5644.1,1
105,105.00000000000009,23.39974,18.466666666666665,4933.07,1
106,106.00000000000009,23.622049,18.666666666666668,4955.38,1
107,107.00000000000009,23.844358,19.033333333333335,4811.02,1
108,108.0000000000001,24.066667,20.166666666666668,3900.0,1
109,109.0000000000001,24.321181,21.1,3221.18,1
110,110.0000000000001,24.575694,21.1,3475.69,1
111,111.00000000000017,24.830208,21.533333333333335,3296.87,1
112,112.0000000000001,25.028993,21.566666666666666,3462.33,1
113,113.00000000000013,25.227778,21.566666666666666,3661.11,1
114,114.00000000000013,25.426562,21.766666666666666,3659.9,1
115,115.0000000000001,25.625347,21.8,3825.35,1
116,116.0000000000001,25.824132,21.966666666666665,3857.47,1
117,117.0000000000001,26.022917,22.1,3922.92,1
118,118.00000000000013,26.220834000000004,23.7,2520.83,1
119,119.00000000000013,26.41875,26.366666666666667,52.08,1
120,120.00000000000013,26.6875,26.666666666666668,20.83,1
121,121.00000000000014,26.843403,26.7,143.4,1
122,122.00000000000013,26.999305,26.733333333333334,265.97,1
123,123.00000000000014,27.155208,26.766666666666666,388.54,1
124,124.00000000000014,27.301041,26.8,501.04,1
125,125.00000000000014,27.446875,26.8,646.87,1
126,126.0000000000002,27.592708,26.833333333333332,759.37,1
127,127.00000000000014,27.810937,26.866666666666667,944.27,1
128,128.00000000000014,28.029166,27.1,929.17,1
129,129.00000000000014,28.247396,28.433333333333334,185.94,1
130,130.00000000000014,28.455134,28.8,344.87,1
131,131.00000000000014,28.662872,28.866666666666667,203.79,1
132,132.00000000000014,28.87061,28.9,29.39,1
133,133.00000000000014,29.078348,28.9,178.35,1
134,134.00000000000014,29.286086,28.933333333333334,352.75,1
135,135.00000000000014,29.493824,28.966666666666665,527.16,1
136,136.0000000000002,29.701563,29.166666666666668,534.9,1
137,137.00000000000014,29.952669,29.9,52.67,1
138,138.00000000000014,30.203776,30.0,203.78,1
139,139.00000000000014,30.454883,30.333333333333332,121.55,1
140,140.00000000000014,30.705990000000003,30.533333333333335,172.66,1
141,141.00000000000014,30.957097,30.733333333333334,223.76,1
142,142.00000000000014,31.208203,30.866666666666667,341.54,1
143,143.00000000000014,31.45931,30.866666666666667,592.64,1
144,144.00000000000014,31.710417,30.933333333333334,777.08,1
145,145.00000000000014,31.903907,31.266666666666666,637.24,1
146,146.0000000000002,32.097396,31.666666666666668,430.73,1
147,147.00000000000014,32.30625,31.866666666666667,439.58,1
148,148.00000000000014,32.502083,32.1,402.08,1
149,149.00000000000017,32.6375,32.3,337.5,1
150,150.0000000000002,32.839583000000005,32.766666666666666,72.92,1
151,151.00000000000028,32.980208000000005,32.833333333333336,146.87,1
152,152.00000000000026,33.152083000000005,33.1,52.08,1
153,153.00000000000028,33.319792,33.333333333333336,13.54,1
154,154.00000000000028,33.489584,33.333333333333336,156.25,1
155,155.00000000000028,33.659375,33.766666666666666,107.29,1
156,156.00000000000034,33.829167,33.8,29.17,1
157,157.00000000000028,33.975,33.9,75.0,1
158,158.00000000000034,34.130208,34.1,30.21,1
159,159.00000000000034,34.305729,34.46666666666667,160.94,1
160,160.00000000000034,34.480208000000005,34.5,19.79,1
161,161.00000000000034,34.634895,34.53333333333333,101.56,1
162,162.00000000000034,34.814583,34.766666666666666,47.92,1
163,163.00000000000034,34.969792,34.86666666666667,103.13,1
164,164.00000000000034,35.089583000000005,35.03333333333333,56.25,1
165,165.00000000000028,35.266666,35.266666666666666,0.0,1
166,166.0000000000003,35.458333,35.56666666666667,108.33,1
167,167.00000000000034,35.633333,35.766666666666666,133.33,1
168,168.00000000000028,35.992708,36.03333333333333,40.63,1
169,169.00000000000028,36.182031,36.233333333333334,51.3,1
170,170.00000000000028,36.371355,36.36666666666667,4.69,1
171,171.0000000000003,36.577604,36.56666666666667,10.94,1
172,172.00000000000037,36.767708,36.8,32.29,1
173,173.00000000000028,36.89375,36.9,6.25,1
174,174.00000000000028,37.12083300000001,37.13333333333333,12.5,1
175,175.00000000000026,37.24375,37.2,43.75,1
176,176.00000000000026,37.41875,37.36666666666667,52.08,1
177,177.00000000000028,37.596875,37.666666666666664,69.79,1
178,178.0000000000002,37.795486,37.666666666666664,128.82,1
179,179.00000000000017,37.994097,37.86666666666667,127.43,1
180,180.0000000000002,38.192708,38.0,192.71,1
181,181.0000000000002,38.364583,38.2,164.58,1
182,182.00000000000026,38.522917,38.5,22.92,1
183,183.00000000000017,38.683855,38.7,16.15,1
184,184.00000000000014,38.85520800000001,38.833333333333336,21.87,1
185,185.00000000000014,39.044792,39.06666666666667,21.87,1
186,186.00000000000017,39.266146,39.233333333333334,32.81,1
187,187.0000000000002,39.485417,39.46666666666667,18.75,1
188,188.00000000000014,39.6625,39.63333333333333,29.17,1
189,189.0000000000001,39.890625,39.766666666666666,123.96,1
190,190.0000000000001,40.2125,40.233333333333334,20.83,1
191,191.0000000000001,40.540625,40.5,40.62,1
192,192.00000000000017,41.229167,40.9,329.17,1
193,193.00000000000017,41.661458,41.06666666666667,594.79,1
194,194.00000000000017,41.852083,41.63333333333333,218.75,1
195,195.00000000000017,42.054167,42.13333333333333,79.17,1
196,196.00000000000017,42.273958,42.233333333333334,40.62,1
197,197.00000000000017,42.4625,42.5,37.5,1
198,198.0000000000002,42.735417,42.53333333333333,202.08,1
199,199.0000000000002,42.955208,42.56666666666667,388.54,1
200,200.00000000000017,43.139583,42.56666666666667,572.92,1
201,201.00000000000017,43.39375,43.36666666666667,27.08,1
202,202.00000000000014,43.597917,43.4,197.92,1
203,203.00000000000017,43.776042,43.43333333333333,342.71,1
204,204.00000000000017,43.993229,44.0,6.77,1
205,205.00000000000017,44.233333,44.2,33.33,1
206,206.00000000000017,44.389584,44.233333333333334,156.25,1
207,207.00000000000017,44.646875,44.333333333333336,313.54,1
208,208.00000000000017,44.863542,44.36666666666667,496.88,1
209,209.00000000000017,45.05625,45.1,43.75,1
210,210.00000000000017,45.284375,45.233333333333334,51.04,1
211,211.00000000000017,45.49375,45.46666666666667,27.08,1
212,212.00000000000017,45.65,45.63333333333333,16.67,1
213,213.0000000000002,45.877604,45.8,77.6,1
214,214.00000000000017,46.077083,46.0,77.08,1
215,215.0000000000002,46.29375,46.13333333333333,160.42,1
216,216.0000000000002,46.671354,46.4,271.35,1
217,217.0000000000002,46.919792,46.7,219.79,1
218,218.0000000000002,47.126041,47.03333333333333,92.71,1
219,219.0000000000002,47.330208,47.1,230.21,1
220,220.0000000000002,47.439063,47.6,160.94,1
221,221.00000000000028,47.639584,47.63333333333333,6.25,1
222,222.0000000000003,47.967708,47.833333333333336,134.37,1
223,223.0000000000003,48.177083,47.833333333333336,343.75,1
224,224.0000000000003,48.346875,47.86666666666667,480.21,1
225,225.0000000000003,48.588542,48.6,11.46,1
226,226.0000000000003,48.84375,48.766666666666666,77.08,1
227,227.0000000000003,49.020833,48.8,220.83,1
228,228.0000000000003,49.211979,49.166666666666664,45.31,1
229,229.0000000000003,49.421354,49.4,21.35,1
230,230.0000000000003,49.59375,49.6,6.25,1
231,231.0000000000003,49.821354,49.8,21.35,1
232,232.0000000000003,50.005729,49.96666666666667,39.06,1
233,233.00000000000034,50.165625,50.0,165.62,1
234,234.00000000000037,50.388542,50.4,11.46,1
235,235.00000000000037,50.591667,50.4,191.67,1
236,236.00000000000037,50.757292,50.733333333333334,23.96,1
237,237.00000000000037,51.002604,51.03333333333333,30.73,1
238,238.00000000000037,51.247917,51.3,52.08,1
239,239.00000000000037,51.471354,51.43333333333333,38.02,1
240,240.00000000000037,51.853125,51.666666666666664,186.46,1
241,241.00000000000037,52.13125,51.733333333333334,397.92,1
242,242.0000000000003,52.310417,52.03333333333333,277.08,1
243,243.0000000000003,52.488542,52.03333333333333,455.21,1
244,244.00000000000034,52.67864599999999,52.2,478.65,1
245,245.0000000000003,52.865625,52.9,34.37,1
246,246.00000000000034,53.10625,52.96666666666667,139.58,1
247,247.00000000000037,53.338542,53.333333333333336,5.21,1
248,248.00000000000037,53.509375,53.5,9.37,1
249,249.00000000000037,53.685417,53.63333333333333,52.08,1
250,250.0000000000004,53.890625,53.86666666666667,23.96,1
251,251.00000000000037,54.04375,54.03333333333333,10.42,1
252,252.0000000000004,54.24322900000001,54.233333333333334,9.9,1
253,253.00000000000037,54.410417,54.36666666666667,43.75,1
254,254.0000000000004,54.589583,54.56666666666667,22.92,1
255,255.00000000000037,54.815625,54.6,215.62,1
256,256.0000000000004,55.00104200000001,54.63333333333333,367.71,1
257,257.00000000000034,55.19375,55.2,6.25,1
258,258.00000000000045,55.422395,55.3,122.4,1
259,259.0000000000004,55.604167,55.96666666666667,362.5,1
260,260.0000000000004,55.785417,56.266666666666666,481.25,1
261,261.00000000000045,56.004167,56.266666666666666,262.5,1
262,262.0000000000004,56.209375,56.333333333333336,123.96,1
263,263.00000000000045,56.452604,56.333333333333336,119.27,1
264,264.00000000000045,56.85052099999999,56.6,250.52,1
265,265.0000000000004,57.171875,56.8,371.88,1
266,266.0000000000004,57.392708,57.36666666666667,26.04,1
267,267.00000000000045,57.656771,57.56666666666667,90.1,1
268,268.00000000000045,57.96041700000001,57.93333333333333,27.08,1
269,269.00000000000045,58.150521,58.1,50.52,1
270,270.00000000000045,58.404688,58.36666666666667,38.02,1
271,271.0000000000004,58.64375,58.6,43.75,1
272,272.0000000000004,58.807292,58.833333333333336,26.04,1
273,273.00000000000045,59.020313,58.93333333333333,86.98,1
274,274.0000000000004,59.223958,59.1,123.96,1
275,275.0000000000005,59.396354,59.36666666666667,29.69,1
276,276.0000000000005,59.605729,59.4,205.73,1
277,277.0000000000005,59.804688,59.733333333333334,71.35,1
278,278.0000000000005,59.986458,59.8,186.46,1
279,279.0000000000005,60.247396,59.96666666666667,280.73,1
280,280.0000000000005,60.478646,60.233333333333334,245.31,1
281,281.0000000000005,60.703125,60.63333333333333,69.79,1
282,282.0000000000005,60.994792,60.63333333333333,361.46,1
283,283.0000000000005,61.296875,61.3,3.12,1
284,284.0000000000005,61.467708,61.53333333333333,65.63,1
285,285.0000000000005,61.689062,61.6,89.06,1
286,286.0000000000004,61.99270799999999,61.96666666666667,26.04,1
287,287.0000000000005,62.278125,62.2,78.12,1
288,288.0000000000004,62.901042,62.53333333333333,367.71,1
289,289.0000000000005,63.233333,63.166666666666664,66.67,1
290,290.0000000000005,63.446875,63.266666666666666,180.21,1
291,291.0000000000005,63.669271,63.3,369.27,1
292,292.0000000000005,63.905208,63.86666666666667,38.54,1
293,293.00000000000057,64.1,64.1,0.0,1
294,294.0000000000005,64.319792,64.13333333333334,186.46,1
295,295.00000000000057,64.576042,64.2,376.04,1
296,296.0000000000005,64.726042,64.7,26.04,1
297,297.00000000000057,64.934375,64.73333333333333,201.04,1
298,298.0000000000005,65.13645799999999,64.93333333333334,203.12,1
299,299.00000000000057,65.302083,65.26666666666667,35.42,1
300,300.0000000000005,65.522396,65.26666666666667,255.73,1
301,301.00000000000057,65.713542,65.36666666666666,346.88,1
302,302.0000000000005,65.88125,65.9,18.75,1
303,303.00000000000057,66.114583,66.13333333333334,18.75,1
304,304.00000000000057,66.319792,66.13333333333334,186.46,1
305,305.0000000000006,66.54375,66.5,43.75,1
306,306.00000000000057,66.786459,66.56666666666666,219.79,1
307,307.0000000000006,66.99583299999999,66.8,195.83,1
308,308.0000000000006,67.15625,67.3,143.75,1
309,309.0000000000006,67.367708,67.3,67.71,1
310,310.0000000000006,67.54270799999999,67.36666666666666,176.04,1
311,311.0000000000006,67.780208,67.36666666666666,413.54,1
312,312.0000000000006,68.1875,67.4,787.5,1
313,313.0000000000006,68.4625,67.56666666666666,895.83,1
314,314.0000000000006,68.665625,68.66666666666667,1.04,1
315,315.0000000000006,68.911458,68.66666666666667,244.79,1
316,316.0000000000006,69.182813,69.16666666666667,16.15,1
317,317.0000000000006,69.388542,69.4,11.46,1
318,318.0000000000007,69.653125,69.63333333333334,19.79,1
319,319.0000000000007,69.913542,69.63333333333334,280.21,1
320,320.0000000000007,70.0875,70.1,12.5,1
321,321.0000000000007,70.29427,70.23333333333333,60.94,1
322,322.0000000000007,70.535416,70.53333333333333,2.08,1
323,323.0000000000007,70.705208,70.73333333333333,28.13,1
324,324.0000000000007,70.904167,70.9,4.17,1
325,325.00000000000057,71.107292,71.03333333333333,73.96,1
326,326.0000000000006,71.27552,71.23333333333333,42.19,1
327,327.0000000000007,71.473959,71.26666666666667,207.29,1
328,328.0000000000007,71.663542,71.5,163.54,1
329,329.0000000000007,71.834375,71.93333333333334,98.96,1
330,330.0000000000007,72.009375,72.1,90.62,1
331,331.0000000000006,72.202083,72.33333333333333,131.25,1
332,332.0000000000007,72.276041,72.33333333333333,57.29,1
333,333.0000000000007,72.526563,72.43333333333334,93.23,1
334,334.00000000000074,72.73020799999998,72.7,30.21,1
335,335.00000000000074,72.87083299999998,72.73333333333333,137.5,1
336,336.0000000000008,73.0875,72.73333333333333,354.17,1
337,337.0000000000008,73.276042,72.93333333333334,342.71,1
338,338.0000000000008,73.408333,73.36666666666666,41.67,1
339,339.0000000000008,73.74375,73.4,343.75,1
340,340.00000000000085,73.95,73.4,550.0,1
341,341.0000000000008,74.147917,73.43333333333334,714.58,1
342,342.00000000000085,74.329167,74.8,470.83,1
343,343.00000000000085,74.456975,74.8,343.02,1
344,344.0000000000009,74.561458,75.03333333333333,471.88,1
345,345.0000000000009,74.804688,75.06666666666666,261.98,1
346,346.0000000000009,75.071875,75.06666666666666,5.21,1
347,347.0000000000009,75.216667,75.13333333333334,83.33,1
348,348.00000000000097,75.50052099999998,75.46666666666667,33.85,1
349,349.0000000000009,75.68046899999999,75.46666666666667,213.8,1
350,350.00000000000097,75.860417,75.93333333333334,72.92,1
351,351.000000000001,76.08958299999998,76.1,10.42,1
352,352.000000000001,76.273958,76.26666666666667,7.29,1
353,353.000000000001,76.451042,76.6,148.96,1
354,354.0000000000011,76.645833,76.63333333333334,12.5,1
355,355.0000000000011,76.833333,76.76666666666667,66.67,1
356,356.0000000000011,77.020833,77.1,79.17,1
357,357.0000000000011,77.214062,77.2,14.06,1
358,358.00000000000114,77.373958,77.36666666666666,7.29,1
359,359.00000000000125,77.55,77.63333333333334,83.33,1
360,360.00000000000125,77.729167,77.7,29.17,1
361,361.00000000000125,77.923958,77.93333333333334,9.38,1
362,362.00000000000114,78.11875,78.13333333333334,14.58,1
363,363.0000000000013,78.326562,78.3,26.56,1
364,364.0000000000013,78.496875,78.36666666666666,130.21,1
365,365.0000000000013,78.671875,78.7,28.13,1
366,366.0000000000014,78.861458,78.86666666666666,5.21,1
367,367.0000000000014,79.04270799999998,79.06666666666666,23.96,1
368,368.0000000000015,79.223958,79.26666666666667,42.71,1
369,369.0000000000014,79.43177,79.43333333333334,1.56,1
370,370.0000000000013,79.607292,79.53333333333333,73.96,1
371,371.00000000000165,79.804167,79.86666666666666,62.5,1
372,372.00000000000153,80.044792,80.0,44.79,1
373,373.00000000000153,80.244792,80.33333333333333,88.54,1
374,374.0000000000016,80.444792,80.5,55.21,1
375,375.0000000000017,80.677084,80.5,177.08,1
376,376.0000000000015,80.86875,80.83333333333333,35.42,1
377,377.00000000000176,81.046875,81.06666666666666,19.79,1
378,378.0000000000017,81.228125,81.2,28.13,1
379,379.0000000000018,81.415625,81.3,115.63,1
380,380.00000000000176,81.58229200000002,81.6,17.71,1
381,381.0000000000019,81.75625,81.73333333333333,22.92,1
382,382.0000000000019,81.946875,81.83333333333333,113.54,1
383,383.000000000002,82.12916700000002,82.3,170.83,1
384,384.0000000000019,82.33802,82.3,38.02,1
385,385.0000000000019,82.586805,82.53333333333333,53.47,1
386,386.0000000000019,82.83559,82.73333333333333,102.26,1
387,387.000000000002,83.084375,82.86666666666666,217.71,1
388,388.0000000000019,83.315956,82.86666666666666,449.29,1
389,389.000000000002,83.547538,83.06666666666666,480.87,1
390,390.0000000000019,83.779119,83.1,679.12,1
391,391.000000000002,84.010701,83.1,910.7,1
392,392.0000000000019,84.24228199999997,83.13333333333334,1108.95,1
393,393.0000000000019,84.473864,83.13333333333334,1340.53,1
394,394.0000000000019,84.705445,83.16666666666667,1538.78,1
395,395.0000000000018,84.937027,83.2,1737.03,1
396,396.0000000000019,85.16860799999998,83.2,1968.61,1
397,397.00000000000193,85.40019000000002,83.23333333333333,2166.86,1
398,398.000000000002,85.631771,84.6,1031.77,1
399,399.0000000000018,85.865625,84.86666666666666,998.96,1
400,400.000000000002,86.064063,84.86666666666666,1197.4,1
401,401.0000000000018,86.2625,86.03333333333333,229.17,1
402,402.00000000000205,86.476042,86.03333333333333,442.71,1
403,403.00000000000205,86.680555,86.13333333333334,547.22,1
404,404.000000000002,86.885069,86.16666666666667,718.4,1
405,405.00000000000205,87.08958299999998,86.2,889.58,1
406,406.000000000002,87.294097,87.26666666666667,27.43,1
407,407.0000000000019,87.498611,87.46666666666667,31.94,1
408,408.0000000000021,87.703125,87.66666666666667,36.46,1
409,409.00000000000205,87.94444399999998,87.9,44.44,1
410,410.000000000002,88.185764,88.1,85.76,1
411,411.00000000000205,88.427083,88.3,127.08,1
412,412.000000000002,88.61875,88.43333333333334,185.42,1
413,413.0000000000019,88.810416,88.43333333333334,377.08,1
414,414.00000000000216,89.002083,88.46666666666667,535.42,1
415,415.00000000000205,89.19375,88.5,693.75,1
416,416.000000000002,89.385416,88.5,885.42,1
417,417.00000000000205,89.577083,89.56666666666666,10.42,1
418,418.000000000002,89.76510400000002,89.76666666666667,1.56,1
419,419.00000000000205,89.953125,89.9,53.12,1
420,420.00000000000205,90.228125,90.2,28.13,1
421,421.0000000000021,90.461458,90.26666666666667,194.79,1
422,422.00000000000216,90.694792,90.8,105.21,1
423,423.0000000000021,90.88802,90.9,11.98,1
424,424.0000000000021,91.088281,90.9,188.28,1
425,425.00000000000216,91.288542,91.06666666666666,221.88,1
426,426.00000000000233,91.513542,91.43333333333334,80.21,1
427,427.00000000000216,91.732292,91.43333333333334,298.96,1
428,428.00000000000233,91.951042,91.5,451.04,1
429,429.00000000000216,92.169792,92.1,69.79,1
430,430.0000000000021,92.388542,92.1,288.54,1
431,431.00000000000216,92.607292,93.13333333333334,526.04,1
432,432.00000000000233,92.826042,93.16666666666667,340.62,1
433,433.00000000000216,93.077431,93.16666666666667,89.24,1
434,434.00000000000233,93.328819,93.2,128.82,1
435,435.00000000000216,93.580208,93.36666666666666,213.54,1
436,436.00000000000216,93.742534,93.63333333333334,109.2,1
437,437.00000000000216,93.904861,93.83333333333333,71.53,1
438,438.00000000000205,94.067188,93.96666666666667,100.52,1
439,439.00000000000216,94.229514,94.0,229.51,1
440,440.0000000000022,94.391841,94.2,191.84,1
441,441.00000000000233,94.554167,94.53333333333333,20.83,1
442,442.0000000000022,94.925,94.93333333333334,8.33,1
443,443.0000000000022,95.295833,95.36666666666666,70.83,1
444,444.0000000000021,95.666667,95.66666666666667,0.0,1
445,445.0000000000022,95.824653,95.76666666666667,57.99,1
446,446.00000000000233,95.982639,96.1,117.36,1
447,447.00000000000233,96.140625,96.13333333333334,7.29,1
448,448.00000000000233,96.293403,96.13333333333334,160.07,1
449,449.0000000000022,96.44618,96.2,246.18,1
450,450.0000000000021,96.598958,96.23333333333333,365.62,1
451,451.0000000000022,96.822916,96.56666666666666,256.25,1
452,452.0000000000022,97.046875,97.66666666666667,619.79,1
453,453.0000000000025,97.270833,97.8,529.17,1
454,454.00000000000233,97.480059,98.03333333333333,553.27,1
455,455.0000000000022,97.689286,98.46666666666667,777.38,1
456,456.00000000000233,97.898512,98.46666666666667,568.15,1
457,457.0000000000022,98.107738,98.7,592.26,1
458,458.00000000000233,98.316964,98.76666666666667,449.7,1
459,459.0000000000022,98.526191,98.76666666666667,240.48,1
460,460.00000000000233,98.735417,99.0,264.58,1
461,461.0000000000022,98.984167,99.03333333333333,49.17,1
462,462.00000000000233,99.232917,99.83333333333333,600.42,1
463,463.0000000000022,99.481667,101.4,1918.33,1
464,464.00000000000233,99.730417,101.66666666666667,1936.25,1
465,465.00000000000233,99.979167,101.93333333333334,1954.17,1
466,466.00000000000233,100.227917,102.03333333333333,1805.42,1
467,467.0000000000022,100.476667,102.06666666666666,1590.0,1
468,468.00000000000233,100.725417,102.06666666666666,1341.25,1
469,469.0000000000022,100.974167,102.1,1125.83,1
470,470.00000000000233,101.222917,102.1,877.08,1
471,471.0000000000024,101.44375,102.13333333333334,689.58,1
472,472.0000000000024,101.64375,102.16666666666667,522.92,1
473,473.00000000000233,101.84375,102.16666666666667,322.92,1
474,474.0000000000024,102.064583,102.2,135.42,1
475,475.0000000000024,102.263368,102.2,63.37,1
476,476.0000000000024,102.462153,102.6,137.85,1
477,477.00000000000244,102.660938,103.83333333333333,1172.4,1
478,478.0000000000024,102.859722,104.4,1540.28,1
479,479.0000000000024,103.058507,104.43333333333334,1374.83,1
480,480.0000000000024,103.257292,104.46666666666667,1209.37,1
481,481.00000000000233,103.50625,104.46666666666667,960.42,1
482,482.0000000000024,103.755209,104.5,744.79,1
483,483.00000000000244,104.004167,104.53333333333333,529.17,1
484,484.0000000000024,104.171459,104.53333333333333,361.87,1
485,485.00000000000244,104.33875,104.56666666666666,227.92,1
486,486.00000000000244,104.506042,104.56666666666666,60.62,1
487,487.0000000000024,104.673333,104.6,73.33,1
488,488.00000000000244,104.840625,104.86666666666666,26.04,1
489,489.0000000000025,105.066667,104.9,166.67,1
490,490.00000000000244,105.229167,105.23333333333333,4.17,1
491,491.0000000000025,105.391667,105.33333333333333,58.33,1
492,492.0000000000025,105.64375,105.6,43.75,1
493,493.00000000000256,105.855469,105.66666666666667,188.8,1
494,494.0000000000025,106.067188,105.73333333333333,333.85,1
495,495.00000000000256,106.25781299999998,106.23333333333333,24.48,1
496,496.0000000000027,106.4625,106.23333333333333,229.17,1
497,497.00000000000256,106.667187,106.46666666666667,200.52,1
498,498.00000000000256,106.882291,106.53333333333333,348.96,1
499,499.0000000000027,107.109028,106.6,509.03,1
500,500.0000000000026,107.33576399999998,107.1,235.76,1
501,501.00000000000256,107.5625,107.6,37.5,1
502,502.0000000000027,107.78923600000002,107.8,10.76,1
503,503.0000000000026,108.015972,108.73333333333333,717.36,1
504,504.00000000000256,108.242708,108.73333333333333,490.63,1
505,505.0000000000026,108.503472,109.03333333333333,529.86,1
506,506.0000000000026,108.764236,109.03333333333333,269.1,1
507,507.00000000000273,109.025,109.23333333333333,208.33,1
508,508.0000000000027,109.205903,109.26666666666667,60.76,1
509,509.0000000000027,109.386806,109.46666666666667,79.86,1
510,510.0000000000026,109.567708,109.63333333333334,65.63,1
511,511.0000000000027,109.748611,109.63333333333334,115.28,1
512,512.0000000000026,109.92951399999998,109.66666666666667,262.85,1
513,513.0000000000026,110.110417,110.0,110.42,1
514,514.0000000000026,110.490972,110.03333333333333,457.64,1
515,515.0000000000026,110.871528,110.3,571.53,1
516,516.0000000000026,111.252083,110.56666666666666,685.42,1
517,517.0000000000026,111.40868,111.33333333333333,75.35,1
518,518.0000000000026,111.565278,111.33333333333333,231.94,1
519,519.0000000000026,111.721875,111.6,121.88,1
520,520.0000000000026,111.871875,111.76666666666667,105.21,1
521,521.0000000000026,112.021875,111.76666666666667,255.21,1
522,522.0000000000026,112.171875,112.2,28.13,1
523,523.0000000000026,112.396007,112.3,96.01,1
524,524.0000000000025,112.620139,112.36666666666666,253.47,1
525,525.0000000000026,112.844271,112.83333333333333,10.94,1
526,526.0000000000025,113.072743,113.16666666666667,93.92,1
527,527.0000000000026,113.30121499999998,113.3,1.21,1
528,528.0000000000026,113.529687,113.3,229.69,1
529,529.0000000000026,113.75816,113.46666666666667,291.49,1
530,530.0000000000026,113.986632,113.7,286.63,1
531,531.0000000000025,114.215104,113.96666666666667,248.44,1
532,532.0000000000025,114.898958,114.06666666666666,832.29,1
533,533.0000000000026,115.582813,114.26666666666667,1316.15,1
534,534.0000000000026,116.266667,114.6,1666.67,1
535,534.9979166666692,116.424132,114.7,1724.13,1
536,535.9979166666691,116.581597,114.9,1681.6,1
537,537.0000000000024,116.739063,115.23333333333333,1505.73,1
538,537.9979166666689,116.896528,115.36666666666666,1529.86,1
539,538.9979166666687,117.053993,115.56666666666666,1487.33,1
540,540.000000000002,117.211458,115.73333333333333,1478.12,1
541,541.0000000000019,117.415625,116.2,1215.63,1
542,542.000000000002,117.619792,116.3,1319.79,1
543,543.0000000000019,117.833854,116.63333333333334,1200.52,1
544,544.000000000002,118.036458,117.33333333333333,703.12,1
545,545.000000000002,118.160417,117.46666666666667,693.75,1
546,546.000000000002,118.370833,117.66666666666667,704.17,1
547,547.000000000002,118.515625,118.0,515.62,1
548,548.0000000000022,118.695833,118.66666666666667,29.17,1
549,549.0000000000022,118.867708,118.86666666666666,1.04,1
550,550.0000000000022,119.039583,118.86666666666666,172.92,1
551,551.0000000000022,119.211458,119.36666666666666,155.21,1
552,552.0000000000022,119.383334,119.4,16.67,1
553,553.0000000000023,119.552083,119.5,52.08,1
554,554.0000000000023,119.703125,119.66666666666667,36.46,1
555,555.0000000000023,119.863541,119.96666666666667,103.13,1
556,556.0000000000023,120.05625,120.13333333333334,77.08,1
557,557.0000000000023,120.211458,120.26666666666667,55.21,1
558,558.0000000000023,120.376042,120.33333333333333,42.71,1
559,559.0000000000023,120.539583,120.43333333333334,106.25,1
560,560.0000000000024,120.664583,120.63333333333334,31.25,1
561,561.0000000000025,120.834896,120.83333333333333,1.56,1
562,562.0000000000024,121.028125,121.2,171.88,1
563,563.0000000000025,121.203125,121.83333333333333,630.21,1
564,564.0000000000025,121.540625,122.0,459.37,1
565,565.0000000000025,121.726042,122.0,273.96,1
566,566.0000000000025,121.911458,122.03333333333333,121.88,1
567,567.0000000000025,122.10625,122.1,6.25,1
568,568.0000000000025,122.307292,122.33333333333333,26.04,1
569,569.0000000000025,122.425,122.4,25.0,1
570,570.0000000000025,122.654167,122.63333333333334,20.83,1
571,571.0000000000026,122.790625,122.76666666666667,23.96,1
572,572.0000000000025,122.975,122.93333333333334,41.67,1
573,573.0000000000026,123.14375,123.13333333333334,10.42,1
574,574.0000000000028,123.335243,123.13333333333334,201.91,1
575,575.0000000000028,123.526736,123.53333333333333,6.6,1
576,576.0000000000028,123.718229,123.7,18.23,1
577,577.0000000000028,123.884375,123.8,84.38,1
578,578.0000000000028,124.039583,124.0,39.58,1
579,579.000000000003,124.207813,124.23333333333333,25.52,1
580,580.0000000000028,124.388542,124.36666666666666,21.88,1
581,581.000000000003,124.553125,124.6,46.88,1
582,582.000000000003,124.80625,124.76666666666667,39.58,1
583,583.000000000003,125.016667,125.03333333333333,16.67,1
584,584.000000000003,125.197917,125.16666666666667,31.25,1
585,585.0000000000031,125.436459,125.3,136.46,1
586,586.0000000000031,125.759375,125.83333333333333,73.96,1
587,587.0000000000031,126.083333,126.0,83.33,1
588,588.0000000000031,126.820833,126.8,20.83,1
589,589.0000000000031,127.21875,127.0,218.75,1
590,590.0000000000031,127.413542,127.2,213.54,1
591,591.0000000000031,127.598958,127.23333333333333,365.62,1
592,592.0000000000031,127.817708,127.66666666666667,151.04,1
593,593.0000000000031,128.003125,128.0,3.13,1
594,594.0000000000031,128.25625,128.1,156.25,1
595,595.0000000000031,128.4625,128.13333333333333,329.17,1
596,596.0000000000031,128.667708,128.16666666666666,501.04,1
597,597.0000000000031,128.879167,128.9,20.83,1
598,598.0000000000031,129.089583,128.96666666666667,122.92,1
599,599.0000000000032,129.247917,129.03333333333333,214.58,1
600,600.0000000000031,129.46823,129.53333333333333,65.1,1
601,601.0000000000031,129.690625,129.63333333333333,57.29,1
602,602.0000000000031,129.841667,129.66666666666666,175.0,1
603,603.0000000000031,130.101042,129.8,301.04,1
604,604.0000000000032,130.339584,129.9,439.58,1
605,605.0000000000032,130.488541,130.53333333333333,44.79,1
606,606.0000000000033,130.715625,130.7,15.62,1
607,607.0000000000032,130.932292,130.96666666666667,34.37,1
608,608.0000000000033,131.084375,131.03333333333333,51.04,1
609,609.0000000000033,131.296875,131.43333333333334,136.46,1
610,610.0000000000033,131.504167,131.63333333333333,129.17,1
611,611.0000000000033,131.7,131.63333333333333,66.67,1
612,612.0000000000033,132.05,131.83333333333334,216.67,1
613,613.0000000000033,132.285417,131.93333333333334,352.08,1
614,614.0000000000033,132.473958,132.4,73.96,1
615,615.0000000000033,132.677083,132.9,222.92,1
616,616.0000000000033,132.79375,133.0,206.25,1
617,617.0000000000033,132.990625,133.13333333333333,142.71,1
618,618.0000000000033,133.307292,133.16666666666666,140.63,1
619,619.0000000000032,133.511458,133.16666666666666,344.79,1
620,620.0000000000033,133.67083300000002,133.63333333333333,37.5,1
621,621.0000000000033,133.888542,133.86666666666667,21.88,1
622,622.0000000000033,134.081945,134.1,18.06,1
623,623.0000000000032,134.275347,134.36666666666667,91.32,1
624,624.0000000000033,134.46875,134.36666666666667,102.08,1
625,625.0000000000033,134.679688,134.66666666666666,13.02,1
626,626.0000000000033,134.843229,134.86666666666667,23.44,1
627,627.0000000000034,135.049479,135.03333333333333,16.15,1
628,628.0000000000034,135.24948,135.23333333333332,16.15,1
629,629.0000000000033,135.394792,135.36666666666667,28.13,1
630,630.0000000000034,135.634375,135.56666666666666,67.71,1
631,631.0000000000034,135.832292,135.56666666666666,265.63,1
632,632.0000000000034,135.99375,135.63333333333333,360.42,1
633,633.0000000000034,136.233854,136.26666666666668,32.81,1
634,634.0000000000034,136.46979199999998,136.5,30.21,1
635,635.0000000000034,136.678646,136.66666666666666,11.98,1
636,636.0000000000035,137.08073000000002,136.9,180.73,1
637,637.0000000000035,137.3875,136.93333333333334,454.17,1
638,638.0000000000034,137.572917,137.6,27.08,1
639,639.0000000000035,137.710417,137.6,110.42,1
640,640.0000000000034,137.922396,137.9,22.4,1
641,641.0000000000035,138.088542,138.13333333333333,44.79,1
642,642.0000000000034,138.331771,138.2,131.77,1
643,643.0000000000034,138.558333,138.3,258.33,1
644,644.0000000000034,138.705208,138.7,5.21,1
645,645.0000000000034,138.895833,139.03333333333333,137.5,1
646,646.0000000000034,139.08125,139.03333333333333,47.92,1
647,647.0000000000034,139.259375,139.23333333333332,26.04,1
648,648.0000000000034,139.459896,139.46666666666667,6.77,1
649,649.0000000000034,139.630208,139.63333333333333,3.13,1
650,650.0000000000034,139.8125,139.8,12.5,1
651,651.0000000000034,140.044792,140.03333333333333,11.46,1
652,652.0000000000034,140.22343700000002,140.16666666666666,56.77,1
653,653.0000000000035,140.415625,140.43333333333334,17.71,1
654,654.0000000000034,140.619792,140.5,119.79,1
655,655.0000000000034,140.8125,141.16666666666666,354.17,1
656,656.0000000000034,140.990625,141.43333333333334,442.71,1
657,657.0000000000034,141.2,141.43333333333334,233.33,1
658,658.0000000000034,141.397917,142.33333333333334,935.42,1
659,659.0000000000034,141.632813,142.33333333333334,700.52,1
660,660.0000000000031,141.99843700000002,142.36666666666667,368.23,1
661,661.0000000000032,142.271875,142.4,128.13,1
662,662.0000000000033,142.465625,142.5,34.38,1
663,663.0000000000033,142.73333300000004,142.56666666666666,166.67,1
664,664.0000000000031,143.015625,143.0,15.62,1
665,665.000000000003,143.2,143.13333333333333,66.67,1
666,666.0000000000028,143.457292,143.36666666666667,90.63,1
667,667.000000000003,143.720833,143.8,79.17,1
668,668.000000000003,143.88958300000004,143.93333333333334,43.75,1
669,669.0000000000028,144.07968799999998,144.03333333333333,46.35,1
670,670.0000000000028,144.29375,144.2,93.75,1
671,671.0000000000025,144.464583,144.43333333333334,31.25,1
672,672.0000000000023,144.675,144.46666666666667,208.33,1
673,673.0000000000023,144.86406200000005,144.66666666666666,197.4,1
674,674.0000000000023,145.022396,144.83333333333334,189.06,1
675,675.0000000000022,145.25104199999996,145.0,251.04,1
676,676.0000000000016,145.46718700000002,145.2,267.19,1
677,677.0000000000016,145.73541699999996,145.7,35.42,1
678,678.0000000000016,145.95781200000005,145.73333333333332,224.48,1
679,679.0000000000015,146.207031,145.76666666666668,440.36,1
680,680.0000000000016,146.45625,146.86666666666667,410.42,1
681,681.0000000000015,146.671875,146.96666666666667,294.79,1
682,682.0000000000015,146.93854199999996,146.96666666666667,28.12,1
683,683.0000000000015,147.186979,147.13333333333333,53.65,1
684,684.0000000000014,147.701042,147.43333333333334,267.71,1
685,685.0000000000015,147.959375,147.96666666666667,7.29,1
686,686.0000000000015,148.15573,148.16666666666666,10.94,1
687,687.0000000000013,148.378125,148.16666666666666,211.46,1
688,688.0000000000013,148.573958,148.53333333333333,40.62,1
689,689.0000000000013,148.742708,148.8,57.29,1
690,690.000000000001,148.960417,148.8,160.42,1
691,691.0000000000011,149.1875,149.16666666666666,20.83,1
692,692.0000000000011,149.323958,149.33333333333334,9.38,1
693,693.000000000001,149.535417,149.4,135.42,1
694,694.0000000000011,149.728125,149.53333333333333,194.79,1
695,695.000000000001,149.897917,149.53333333333333,364.58,1
696,696.000000000001,150.059896,149.86666666666667,193.23,1
697,697.0000000000013,150.279167,150.26666666666668,12.5,1
698,698.0000000000008,150.446354,150.4,46.35,1
699,699.0000000000008,150.678125,150.4,278.12,1
700,700.0000000000008,150.85625,150.63333333333333,222.92,1
701,701.0000000000007,151.023958,151.0,23.96,1
702,702.0000000000007,151.334375,151.03333333333333,301.04,1
703,703.0000000000007,151.513542,151.36666666666667,146.88,1
704,704.0000000000007,151.692708,151.73333333333332,40.63,1
705,705.0000000000007,151.896354,151.73333333333332,163.02,1
706,706.0000000000006,152.113542,151.9,213.54,1
707,707.0000000000005,152.290104,151.93333333333334,356.77,1
708,708.0000000000005,152.664583,151.93333333333334,731.25,1
709,709.0000000000003,152.95416699999996,152.13333333333333,820.83,1
710,710.0000000000005,153.182292,153.36666666666667,184.37,1
711,711.0000000000005,153.38958300000004,153.36666666666667,22.92,1
712,712.0000000000002,153.653125,153.63333333333333,19.79,1
713,713.0000000000005,153.86041699999996,153.83333333333334,27.08,1
714,714.0000000000002,154.097917,154.06666666666666,31.25,1
715,715.0000000000002,154.314583,154.06666666666666,247.92,1
716,716.0000000000002,154.490625,154.56666666666666,76.04,1
717,717.0000000000001,154.68802,154.56666666666666,121.35,1
718,718.0000000000001,154.930208,154.93333333333334,3.13,1
719,719.0,155.10468799999995,155.13333333333333,28.65,1
720,719.9999999999999,155.29791699999996,155.23333333333332,64.58,1
721,721.0000000000001,155.4875,155.5,12.5,1
722,721.9999999999998,155.66093700000005,155.6,60.94,1
723,722.9999999999994,155.83281200000005,155.66666666666666,166.15,1
724,723.9999999999997,156.010417,156.03333333333333,22.92,1
725,724.9999999999999,156.18125,156.06666666666666,114.58,1
726,725.9999999999999,156.345833,156.43333333333334,87.5,1
727,726.9999999999997,156.54375,156.76666666666668,222.92,1
728,727.9999999999995,156.62395800000004,156.76666666666668,142.71,1
729,728.9999999999998,156.863541,156.83333333333334,30.21,1
730,729.9999999999993,157.060417,156.96666666666667,93.75,1
731,730.9999999999993,157.20416699999996,157.16666666666666,37.5,1
732,731.9999999999992,157.410416,157.16666666666666,243.75,1
733,732.999999999999,157.60833300000004,157.33333333333334,275.0,1
734,733.9999999999992,157.736458,157.76666666666668,30.21,1
735,734.9999999999986,158.054688,157.83333333333334,221.35,1
736,735.9999999999989,158.244792,157.83333333333334,411.46,1
737,736.9999999999992,158.446875,158.5,53.12,1
738,737.999999999999,158.617708,158.6,17.71,1
739,738.999999999999,158.76875,158.6,168.75,1
740,739.999999999999,158.869791,159.03333333333333,163.54,1
741,740.9999999999986,159.101563,159.16666666666666,65.1,1
742,741.9999999999987,159.307292,159.33333333333334,26.04,1
743,742.9999999999986,159.5125,159.4,112.5,1
744,743.9999999999985,159.806771,159.73333333333332,73.44,1
745,744.9999999999985,159.98932299999996,159.73333333333332,255.99,1
746,745.9999999999983,160.171875,160.23333333333332,61.46,1
747,746.9999999999985,160.388542,160.5,111.46,1
748,747.9999999999985,160.56354199999996,160.53333333333333,30.21,1
749,748.9999999999985,160.7375,160.9,162.5,1
750,749.9999999999982,160.925,160.93333333333334,8.33,1
751,750.9999999999982,161.1125,161.13333333333333,20.83,1
752,751.9999999999982,161.3,161.36666666666667,66.67,1
753,752.9999999999984,161.519271,161.53333333333333,14.06,1
754,753.9999999999981,161.679167,161.66666666666666,12.5,1
755,754.999999999998,161.867708,161.93333333333334,65.63,1
756,755.999999999998,162.04583300000004,162.03333333333333,12.5,1
757,756.9999999999977,162.238541,162.26666666666668,28.13,1
758,757.9999999999976,162.43125,162.53333333333333,102.08,1
759,758.9999999999978,162.620834,162.63333333333333,12.5,1
760,759.9999999999977,162.788542,162.73333333333332,55.21,1
761,760.9999999999978,162.959375,163.1,140.62,1
762,761.9999999999975,163.15,163.2,50.0,1
763,762.9999999999975,163.328646,163.36666666666667,38.02,1
764,763.9999999999977,163.507292,163.6,92.71,1
765,764.9999999999977,163.703125,163.7,3.13,1
766,765.9999999999974,163.871875,163.86666666666667,5.21,1
767,766.9999999999972,164.066667,164.13333333333333,66.67,1
768,767.999999999997,164.294792,164.3,5.21,1
769,768.9999999999969,164.496354,164.56666666666666,70.31,1
770,769.999999999997,164.697917,164.8,102.08,1
771,770.999999999997,164.93854199999996,165.03333333333333,94.79,1
772,771.9999999999972,165.122917,165.16666666666666,43.75,1
773,772.9999999999967,165.308333,165.3,8.33,1
774,773.9999999999967,165.48125,165.5,18.75,1
775,774.9999999999966,165.675,165.56666666666666,108.33,1
776,775.9999999999965,165.84375,165.9,56.25,1
777,776.9999999999965,166.03020800000004,166.0,30.21,1
778,777.9999999999964,166.221875,166.56666666666666,344.79,1
779,778.9999999999962,166.41875,166.66666666666666,247.92,1
780,779.9999999999964,166.62968700000005,166.7,70.31,1
781,780.9999999999959,166.884722,166.83333333333334,51.39,1
782,781.9999999999962,167.139757,166.96666666666667,173.09,1
783,782.9999999999964,167.394792,167.1,294.79,1
784,783.9999999999961,167.732292,167.1,632.29,1
785,784.999999999996,168.069792,167.36666666666667,703.13,1
786,785.9999999999962,168.40729199999996,167.4,1007.29,1
787,786.9999999999961,168.744792,167.4,1344.79,1
788,787.9999999999964,169.082292,167.43333333333334,1648.96,1
789,788.9999999999962,169.419792,167.43333333333334,1986.46,1
790,789.9999999999961,169.757292,167.46666666666667,2290.63,1
791,790.9999999999961,170.09479199999996,167.5,2594.79,1
792,791.999999999996,170.432292,167.5,2932.29,1
793,792.9999999999977,170.815972,167.53333333333333,3282.64,1
794,793.9999999999976,171.199653,169.13333333333333,2066.32,1
795,794.9999999999977,171.583333,169.3,2283.33,1
796,795.9999999999977,172.04609399999995,169.53333333333333,2512.76,1
797,796.9999999999976,172.508854,169.73333333333332,2775.52,1
798,797.9999999999977,172.971615,171.53333333333333,1438.28,1
799,798.9999999999976,173.434375,171.66666666666666,1767.71,1
800,799.9999999999976,173.930208,171.76666666666668,2163.54,1
801,800.9999999999976,174.298958,171.8,2498.96,1
802,801.9999999999975,174.613542,173.46666666666667,1146.88,1
803,802.9999999999976,174.925,173.5,1425.0,1
804,803.9999999999976,175.398958,173.9,1498.96,1
805,804.9999999999976,175.750347,174.3,1450.35,1
806,805.9999999999977,176.10173600000005,174.6,1501.74,1
807,806.9999999999976,176.453125,175.33333333333334,1119.79,1
808,807.9999999999976,176.90520800000004,175.33333333333334,1571.87,1
809,808.9999999999977,177.357292,175.36666666666667,1990.63,1
810,809.9999999999976,177.809375,175.4,2409.37,1
811,810.9999999999976,178.261458,175.4,2861.46,1
812,811.9999999999975,178.709375,176.43333333333334,2276.04,1
813,812.9999999999972,179.054167,176.56666666666666,2487.5,1
814,813.9999999999974,179.354167,177.5,1854.17,1
815,814.9999999999975,179.784896,178.66666666666666,1118.23,1
816,815.9999999999972,180.215625,179.03333333333333,1182.29,1
817,816.9999999999974,180.6,179.33333333333334,1266.67,1
818,817.9999999999974,180.984375,179.43333333333334,1551.04,1
819,818.9999999999972,181.36875,180.13333333333333,1235.42,1
820,819.9999999999974,181.753125,180.3,1453.12,1
821,820.999999999997,182.1375,180.53333333333333,1604.17,1
822,821.9999999999972,182.641667,181.33333333333334,1308.33,1
823,822.9999999999972,183.022049,181.53333333333333,1488.72,1
824,823.9999999999972,183.402431,181.7,1702.43,1
825,824.9999999999972,183.782813,181.9,1882.81,1
826,825.9999999999972,184.163194,182.63333333333333,1529.86,1
827,826.9999999999972,184.543576,183.03333333333333,1510.24,1
828,827.9999999999972,184.923958,184.4,523.96,1
829,828.9999999999972,185.283854,184.4,883.85,1
830,829.999999999997,185.64375,184.63333333333333,1010.42,1
831,830.9999999999974,186.032292,184.63333333333333,1398.96,1
832,831.9999999999972,186.271614,184.66666666666666,1604.95,1
833,832.9999999999969,186.510938,185.6,910.94,1
834,833.9999999999969,186.829167,186.0,829.17,1
835,834.999999999997,187.047656,186.16666666666666,880.99,1
836,835.9999999999969,187.266145,186.53333333333333,732.81,1
837,836.9999999999969,187.617188,186.8,817.19,1
838,837.9999999999967,187.916362,187.13333333333333,783.03,1
839,838.9999999999967,188.214583,187.3,914.58,1
840,839.9999999999967,188.473958,187.6,873.96,1
841,840.9999999999965,189.484375,187.8,1684.37,1
842,841.9999999999966,189.757292,188.26666666666668,1490.63,1
843,842.9999999999964,189.982292,188.4,1582.29,1
844,843.9999999999966,190.201042,188.7,1501.04,1
845,844.9999999999966,190.409375,188.86666666666667,1542.71,1
846,845.9999999999966,190.621875,189.06666666666666,1555.21,1
847,846.9999999999966,190.836458,189.86666666666667,969.79,1
848,847.9999999999966,191.147917,189.9,1247.92,1
849,848.9999999999965,191.707292,190.1,1607.29,1
850,849.9999999999967,192.263542,190.13333333333333,2130.21,1
851,850.9999999999967,192.819792,190.13333333333333,2686.46,1
852,851.9999999999967,193.376042,190.16666666666666,3209.38,1
853,852.9999999999966,193.768056,190.46666666666667,3301.39,1
854,853.9999999999967,194.160069,192.7,1460.07,1
855,854.9999999999965,194.552083,193.06666666666666,1485.42,1
856,855.9999999999966,195.013802,193.06666666666666,1947.14,1
857,856.9999999999966,195.47552,193.33333333333334,2142.19,1
858,857.9999999999966,195.937239,194.53333333333333,1403.91,1
859,858.9999999999966,196.398958,194.73333333333332,1665.62,1
860,859.9999999999965,196.858333,194.93333333333334,1925.0,1
861,860.9999999999965,197.205208,195.13333333333333,2071.87,1
862,861.9999999999967,197.485417,195.43333333333334,2052.08,1
863,862.9999999999967,197.754167,196.43333333333334,1320.83,1
864,863.9999999999967,198.136458,197.2,936.46,1
865,864.9999999999968,198.46493,197.23333333333332,1231.6,1
866,865.9999999999965,198.793403,197.6,1193.4,1
867,866.9999999999965,199.121875,198.1,1021.87,1
868,867.9999999999966,199.563021,199.2,363.02,1
869,868.9999999999966,200.004166,199.76666666666668,237.5,1
870,869.9999999999966,200.445312,199.8,645.31,1
871,870.9999999999966,200.886458,199.8,1086.46,1
872,871.9999999999967,201.30625,199.86666666666667,1439.58,1
873,872.9999999999967,201.610417,199.9,1710.42,1
874,873.9999999999967,201.896875,199.93333333333334,1963.54,1
875,874.9999999999967,202.279427,200.6,1679.43,1
876,875.9999999999967,202.661979,200.63333333333333,2028.65,1
877,876.9999999999967,203.265625,200.63333333333333,2632.29,1
878,877.9999999999967,203.534375,200.66666666666666,2867.71,1
879,878.9999999999967,203.939583,200.7,3239.58,1
880,879.9999999999967,204.311805,200.73333333333332,3578.47,1
881,880.9999999999967,204.684028,201.8,2884.03,1
882,881.9999999999967,205.05625,203.9,1156.25,1
883,882.9999999999967,205.472396,204.13333333333333,1339.06,1
884,883.9999999999967,205.888542,204.33333333333334,1555.21,1
885,884.9999999999967,206.394271,204.53333333333333,1860.94,1
886,885.9999999999967,206.774421,204.76666666666668,2007.75,1
887,886.9999999999967,207.154572,204.76666666666668,2387.91,1
888,887.9999999999967,207.534722,205.0,2534.72,1
889,888.9999999999967,207.914873,206.6,1314.87,1
890,889.9999999999967,208.295023,206.8,1495.02,1
891,890.9999999999967,208.675174,207.03333333333333,1641.84,1
892,891.9999999999967,209.055324,207.86666666666667,1188.66,1
893,892.9999999999967,209.435475,208.3,1135.47,1
894,893.9999999999967,209.815625,208.3,1515.62,1
895,894.9999999999967,210.137351,208.33333333333334,1804.02,1
896,895.9999999999967,210.459077,208.36666666666667,2092.41,1
897,896.9999999999968,210.780803,208.4,2380.8,1
898,897.9999999999968,211.10253,208.43333333333334,2669.2,1
899,898.9999999999967,211.424256,208.43333333333334,2990.92,1
900,899.9999999999967,211.745982,208.46666666666667,3279.32,1
901,900.9999999999968,212.067708,209.53333333333333,2534.37,1
902,901.9999999999967,212.432292,211.6,832.29,1
903,902.9999999999966,212.670833,211.73333333333332,937.5,1
904,903.9979166666633,212.778125,212.03333333333333,744.79,1
905,904.9999999999966,213.332812,212.26666666666668,1066.15,1
906,905.9999999999966,213.689063,212.7,989.06,1
907,906.9999999999966,213.694792,212.73333333333332,961.46,1
908,907.9999999999964,214.185417,213.33333333333334,852.08,1
909,908.9999999999964,214.515625,213.5,1015.62,1
910,909.9999999999965,214.734635,213.5,1234.63,1
911,910.9999999999964,214.953646,214.16666666666666,786.98,1
912,911.9999999999964,215.305208,214.23333333333332,1071.87,1
913,912.9999999999964,215.586701,214.6,986.7,1
914,913.9999999999961,215.880729,214.93333333333334,947.4,1
915,914.9999999999961,216.391146,214.93333333333334,1457.81,1
916,915.9999999999961,216.737847,215.63333333333333,1104.51,1
917,916.9999999999961,217.084549,215.9,1184.55,1
918,917.9999999999961,217.43125,216.2,1231.25,1
919,918.9999999999961,217.927604,216.43333333333334,1494.27,1
920,919.9999999999961,218.423958,216.43333333333334,1990.62,1
921,920.9999999999959,218.758333,217.53333333333333,1225.0,1
922,921.9999999999959,219.023958,217.53333333333333,1490.62,1
923,922.9999999999958,219.3,217.86666666666667,1433.33,1
924,923.9999999999956,219.766667,218.56666666666666,1200.0,1
925,924.9999999999956,220.617708,218.6,2017.71,1
926,925.9999999999956,221.136458,218.63333333333333,2503.12,1
927,926.9999999999956,221.715625,219.13333333333333,2582.29,1
928,927.9999999999956,222.163021,219.13333333333333,3029.69,1
929,928.9999999999953,222.433334,219.36666666666667,3066.67,1
930,929.9999999999953,222.714583,221.13333333333333,1581.25,1
931,930.9999999999953,223.014062,222.16666666666666,847.4,1
932,931.9999999999953,223.239062,222.46666666666667,772.4,1
933,932.9999999999952,223.49375,222.46666666666667,1027.08,1
934,933.9999999999952,223.764583,222.96666666666667,797.92,1
935,934.9999999999952,223.966146,223.1,866.15,1
936,935.9999999999952,224.235938,223.5,735.94,1
937,936.9999999999952,224.4875,223.73333333333332,754.17,1
938,937.9999999999951,224.70625,223.9,806.25,1
939,938.9999999999951,224.971354,223.9,1071.35,1
940,939.9999999999951,225.236979,224.0,1236.98,1
941,940.999999999995,225.41875,224.7,718.75,1
942,941.999999999995,225.66875,224.93333333333334,735.42,1
943,942.999999999995,225.904167,225.23333333333332,670.83,1
944,943.999999999995,226.125,225.5,625.0,1
945,944.999999999995,226.366146,225.53333333333333,832.81,1
946,945.9999999999949,226.615625,225.86666666666667,748.96,1
947,946.9999999999948,226.784896,226.03333333333333,751.56,1
948,947.9999999999949,227.039063,226.33333333333334,705.73,1
949,948.9999999999948,227.2875,226.33333333333334,954.17,1
950,949.9999999999948,227.498437,226.56666666666666,931.77,1
951,950.9999999999948,227.765625,227.0,765.62,1
952,951.9999999999947,228.021875,227.03333333333333,988.54,1
953,952.9999999999947,228.206771,227.3,906.77,1
954,953.9999999999947,228.452083,227.73333333333332,718.75,1
955,954.9999999999947,228.699479,227.76666666666668,932.81,1
956,955.9999999999947,228.916666,228.2,716.67,1
957,956.9999999999947,229.154687,228.43333333333334,721.35,1
958,957.9999999999945,229.406771,228.66666666666666,740.1,1
959,958.9999999999944,229.592708,228.9,692.71,1
960,959.9999999999945,229.841667,229.03333333333333,808.33,1
961,960.9999999999944,230.092187,229.4,692.19,1
962,961.9999999999944,230.304688,229.56666666666666,738.02,1
963,962.9999999999944,230.560417,229.76666666666668,793.75,1
964,963.9999999999944,230.792709,229.8,992.71,1
965,964.9999999999943,230.971875,230.3,671.88,1
966,965.9999999999943,231.202083,230.53333333333333,668.75,1
967,966.9999999999943,231.454688,230.7,754.69,1
968,967.9999999999942,231.676562,230.93333333333334,743.23,1
969,968.9999999999942,231.94427,231.2,744.27,1
970,969.9999999999942,232.228646,231.33333333333334,895.31,1
971,970.9999999999941,232.44166600000003,231.53333333333333,908.33,1
972,971.9999999999941,232.797917,231.9,897.92,1
973,972.9999999999941,233.189063,232.0,1189.06,1
974,973.9999999999941,233.583855,232.43333333333334,1150.52,1
975,974.9999999999941,234.09375,232.76666666666668,1327.08,1
976,975.9999999999941,234.552604,232.96666666666667,1585.94,1
977,976.9999999999939,234.788021,233.56666666666666,1221.35,1
978,977.9999999999941,235.074479,233.76666666666668,1307.81,1
979,978.9999999999939,235.339584,234.53333333333333,806.25,1
980,979.9999999999939,235.552084,234.73333333333332,818.75,1
981,980.9999999999939,235.817708,234.96666666666667,851.04,1
982,981.9999999999939,236.061458,235.3,761.46,1
983,982.9999999999937,236.246875,235.5,746.87,1
984,983.9999999999939,236.478125,235.76666666666668,711.46,1
985,984.9999999999937,236.714063,236.06666666666666,647.4,1
986,985.9999999999937,236.925,236.2,725.0,1
987,986.9999999999937,237.173958,236.43333333333334,740.62,1
988,987.9999999999935,237.416667,236.46666666666667,950.0,1
989,988.9999999999935,237.60625,236.83333333333334,772.92,1
990,989.9999999999935,237.832292,237.13333333333333,698.96,1
991,990.9999999999935,238.08125,237.2,881.25,1
992,991.9999999999935,238.317187,237.66666666666666,650.52,1
993,992.9999999999934,238.603646,237.73333333333332,870.31,1
994,993.9999999999934,238.905208,238.06666666666666,838.54,1
995,994.9999999999933,239.18698,238.26666666666668,920.31,1
996,995.9999999999933,239.547917,238.6,947.92,1
997,996.9999999999934,240.029167,238.8,1229.17,1
998,997.9999999999932,240.640625,239.16666666666666,1473.96,1
999,998.9999999999932,241.6625,239.56666666666666,2095.83,1
1000,999.9999999999887,242.088542,239.76666666666668,2321.88,1
1001,1000.999999999989,242.308333,239.83333333333334,2475.0,1
1002,1001.999999999989,242.514062,240.0,2514.06,1
1003,1002.9999999999891,242.729167,240.16666666666666,2562.5,1
1004,1003.9999999999891,242.927605,242.3,627.6,1
1005,1004.9999999999891,243.117708,242.4,717.71,1
1006,1005.9999999999892,243.326042,242.73333333333332,592.71,1
1007,1006.9999999999892,243.503646,242.9,603.65,1
1008,1007.9999999999893,243.721354,243.06666666666666,654.69,1
1009,1008.9999999999893,243.938542,243.36666666666667,571.88,1
1010,1009.9999999999893,244.110417,243.7,410.42,1
1011,1010.9999999999894,244.300521,243.73333333333332,567.19,1
1012,1011.9999999999894,244.501042,244.03333333333333,467.71,1
1013,1012.9999999999895,244.676562,244.1,576.56,1
1014,1013.9999999999895,244.869792,244.33333333333334,536.46,1
1015,1014.9999999999895,245.083333,244.36666666666667,716.67,1
1016,1015.9999999999898,245.23854100000003,244.66666666666666,571.87,1
1017,1016.9999999999898,245.428646,244.83333333333334,595.31,1
1018,1017.9999999999899,245.633333,245.1,533.33,1
1019,1018.9999999999899,245.817708,245.23333333333332,584.37,1
1020,1019.9999999999899,246.027083,245.43333333333334,593.75,1
1021,1020.9999999999901,246.241667,245.6,641.67,1
1022,1021.9999999999901,246.44375,245.8,643.75,1
1023,1022.9999999999902,246.66875,246.06666666666666,602.08,1
1024,1023.9999999999902,246.902083,246.1,802.08,1
1025,1024.9999999999902,247.07239500000003,246.4,672.4,1
1026,1025.9999999999902,247.2625,246.63333333333333,629.17,1
1027,1026.9999999999902,247.465625,246.7,765.62,1
1028,1027.9999999999905,247.646354,247.06666666666666,579.69,1
1029,1028.9999999999905,247.834375,247.23333333333332,601.04,1
1030,1029.9999999999905,248.04375,247.5,543.75,1
1031,1030.9999999999907,248.199479,247.6,599.48,1
1032,1031.9999999999907,248.4125,247.83333333333334,579.17,1
1033,1032.9999999999907,248.584375,248.03333333333333,551.04,1
1034,1033.9999999999907,248.761458,248.1,661.46,1
1035,1034.9999999999907,248.96927,248.36666666666667,602.6,1
1036,1035.999999999991,249.183333,248.56666666666666,616.67,1
1037,1036.999999999991,249.334895,248.8,534.89,1
1038,1037.9999999999911,249.507813,248.96666666666667,541.15,1
1039,1038.9999999999911,249.726042,249.13333333333333,592.71,1
1040,1039.9999999999911,249.871875,249.3,571.87,1
1041,1040.9999999999911,250.053646,249.46666666666667,586.98,1
1042,1041.9999999999911,250.247917,249.76666666666668,481.25,1
1043,1042.9999999999914,250.422395,249.93333333333334,489.06,1
1044,1043.9999999999914,250.614583,250.1,514.58,1
1045,1044.9999999999914,250.803646,250.23333333333332,570.31,1
1046,1045.9999999999916,250.992708,250.43333333333334,559.37,1
1047,1046.9999999999916,251.217187,250.63333333333333,583.85,1
1048,1047.9999999999916,251.426042,250.66666666666666,759.38,1
1049,1048.9999999999916,251.597917,251.0,597.92,1
1050,1049.9999999999916,251.791666,251.2,591.67,1
1051,1050.9999999999918,251.986458,251.23333333333332,753.12,1
1052,1051.9999999999918,252.148958,251.6,548.96,1
1053,1052.9999999999918,252.35,251.66666666666666,683.33,1
1054,1053.9999999999918,252.56875,252.0,568.75,1
1055,1054.9999999999918,252.736458,252.16666666666666,569.79,1
1056,1055.999999999992,252.928125,252.33333333333334,594.79,1
1057,1056.999999999992,253.092708,252.56666666666666,526.04,1
1058,1057.9999999999923,253.278125,252.76666666666668,511.46,1
1059,1058.9999999999923,253.466667,253.0,466.67,1
1060,1059.9999999999916,253.678646,253.06666666666666,611.98,1
1061,1060.9999999999916,253.83229100000003,253.33333333333334,498.96,1
1062,1061.9999999999916,254.024479,253.46666666666667,557.81,1
1063,1062.9999999999916,254.229688,253.53333333333333,696.35,1
1064,1063.9999999999916,254.388542,253.86666666666667,521.88,1
1065,1064.9999999999916,254.588542,254.06666666666666,521.88,1
1066,1065.9999999999916,254.822917,254.2,622.92,1
1067,1066.9999999999916,254.989583,254.4,589.58,1
1068,1067.9999999999916,255.179167,254.6,579.17,1
1069,1068.9999999999916,255.35,254.76666666666668,583.33,1
1070,1069.9999999999916,255.535417,255.06666666666666,468.75,1
1071,1070.9999999999916,255.751042,255.2,551.04,1
1072,1071.9999999999916,256.016667,256.26666666666665,250.0,1
1073,1072.9999999999916,256.2,256.76666666666665,566.67,1
1074,1073.9999999999916,256.390625,256.76666666666665,376.04,1
1075,1074.9999999999916,256.570833,257.1333333333333,562.5,1
1076,1075.9999999999916,256.754167,257.1333333333333,379.17,1
1077,1076.9999999999916,256.954167,257.1666666666667,212.5,1
1078,1077.9999999999916,257.145833,257.2,54.17,1
1079,1078.9999999999916,257.339583,257.2,139.58,1
1080,1079.9999999999916,257.513542,257.3666666666667,146.88,1
1081,1080.9999999999916,257.696875,257.5,196.87,1
1082,1081.9999999999916,257.888542,257.56666666666666,321.88,1
1083,1082.9999999999916,258.05625,257.7,356.25,1
1084,1083.9999999999916,258.232292,257.7,532.29,1
1085,1084.9999999999916,258.419792,257.8666666666667,553.13,1
1086,1085.9999999999916,258.595833,257.9,695.83,1
1087,1086.9999999999916,258.78125,258.23333333333335,547.92,1
1088,1087.9999999999916,259.003125,258.3,703.12,1
1089,1088.9999999999916,259.008333,258.8666666666667,141.67,1
1090,1089.9999999999916,259.31701400000003,258.9,417.01,1
1091,1090.9999999999916,259.625694,259.1,525.69,1
1092,1091.9999999999916,259.934375,259.26666666666665,667.71,1
1093,1092.9999999999918,260.243056,259.46666666666664,776.39,1
1094,1093.9999999999918,260.551736,259.6333333333333,918.4,1
1095,1094.9999999999918,260.860417,259.9,960.42,1
1096,1095.9999999999955,261.254861,260.1,1154.86,1
1097,1096.9999999999955,261.649306,260.3,1349.31,1
1098,1097.9999999999955,262.04375,260.8666666666667,1177.08,1
1099,1098.9999999999955,262.476563,260.8666666666667,1609.9,1
1100,1099.9999999999955,262.909375,260.93333333333334,1976.04,1
1101,1100.9999999999955,263.342188,262.03333333333336,1308.85,1
1102,1101.9999999999955,263.775,262.23333333333335,1541.67,1
1103,1102.9999999999952,264.215625,262.43333333333334,1782.29,1
1104,1103.9999999999952,264.5625,262.6,1962.5,1
1105,1104.9999999999952,264.854167,264.1666666666667,687.5,1
1106,1105.9999999999952,265.207813,264.1666666666667,1041.15,1
1107,1106.9999999999952,265.561458,264.56666666666666,994.79,1
1108,1107.9999999999952,265.88125,264.8333333333333,1047.92,1
1109,1108.9999999999952,266.20104100000003,264.96666666666664,1234.37,1
1110,1109.9999999999952,266.520833,265.3,1220.83,1
1111,1110.9999999999952,266.883854,265.3,1583.85,1
1112,1111.9999999999952,267.246875,265.53333333333336,1713.54,1
1113,1112.9999999999952,267.609896,266.1666666666667,1443.23,1
1114,1113.9999999999952,267.972917,266.6666666666667,1306.25,1
1115,1114.9999999999952,268.346875,266.9,1446.88,1
1116,1115.9999999999952,268.678125,266.9,1778.13,1
1117,1116.999999999995,268.990625,268.06666666666666,923.96,1
1118,1117.9999999999952,269.31901,268.3,1019.01,1
1119,1118.999999999995,269.647396,268.6666666666667,980.73,1
1120,1119.999999999995,270.166667,269.0,1166.67,1
1121,1120.999999999995,270.415625,269.03333333333336,1382.29,1
1122,1121.999999999995,270.758333,269.5,1258.33,1
1123,1122.999999999995,271.094444,270.1,994.44,1
1124,1123.999999999995,271.430555,270.3666666666667,1063.89,1
1125,1124.999999999995,271.766667,270.73333333333335,1033.33,1
1126,1125.999999999995,272.160417,270.96666666666664,1193.75,1
1127,1126.999999999995,272.554167,271.1666666666667,1387.5,1
1128,1127.9999999999948,273.028646,271.43333333333334,1595.31,1
1129,1128.9999999999948,273.34974,271.8666666666667,1483.07,1
1130,1129.9999999999948,273.670833,272.2,1470.83,1
1131,1130.9999999999948,273.991927,272.53333333333336,1458.59,1
1132,1131.9999999999948,274.313021,272.73333333333335,1579.69,1
1133,1132.9999999999948,274.634114,273.3333333333333,1300.78,1
1134,1133.9999999999948,274.955208,274.23333333333335,721.87,1
1135,1134.9999999999948,275.279167,274.8666666666667,412.5,1
1136,1135.9999999999948,275.603125,274.8666666666667,736.46,1
1137,1136.999999999995,275.989583,274.9,1089.58,1
1138,1137.9999999999948,276.008333,274.9,1108.33,1
1139,1138.9999999999943,276.49375,275.6,893.75,1
1140,1139.9999999999948,276.814583,275.96666666666664,847.92,1
1141,1140.9999999999948,277.042969,276.1333333333333,909.64,1
1142,1141.999999999995,277.27135400000003,276.46666666666664,804.69,1
1143,1142.999999999995,277.621354,276.6666666666667,954.69,1
1144,1143.999999999995,277.905469,277.1,805.47,1
1145,1144.999999999995,278.189583,277.3333333333333,856.25,1
1146,1145.9999999999952,278.458333,277.5,958.33,1
1147,1146.9999999999948,278.847917,277.76666666666665,1081.25,1
1148,1147.999999999995,279.757292,278.2,1557.29,1
1149,1148.999999999995,279.983854,278.4,1583.85,1
1150,1149.9999999999948,280.208333,278.6333333333333,1575.0,1
1151,1150.9999999999948,280.411458,278.8333333333333,1578.12,1
1152,1151.9999999999948,280.64375,279.03333333333336,1610.42,1
1153,1152.999999999995,280.869792,280.1333333333333,736.46,1
1154,1153.999999999995,281.196875,280.2,996.87,1
1155,1154.999999999995,281.795833,280.3333333333333,1462.5,1
1156,1155.9999999999952,282.340972,280.5,1840.97,1
1157,1156.999999999995,282.886111,281.03333333333336,1852.78,1
1158,1157.9999999999948,283.43125,281.46666666666664,1964.58,1
1159,1158.999999999995,283.789583,281.73333333333335,2056.25,1
1160,1159.999999999995,284.147917,282.8666666666667,1281.25,1
1161,1160.9999999999948,284.50625,283.3666666666667,1139.58,1
1162,1161.999999999995,284.935677,283.3666666666667,1569.01,1
1163,1162.999999999995,285.3651040000001,283.4,1965.1,1
1164,1163.999999999995,285.794531,284.46666666666664,1327.86,1
1165,1164.999999999995,286.223958,284.7,1523.96,1
1166,1165.999999999995,286.675,284.8666666666667,1808.33,1
1167,1166.9999999999952,287.013542,285.06666666666666,1946.88,1
1168,1167.999999999995,287.311458,286.46666666666664,844.79,1
1169,1168.999999999995,287.653646,286.6333333333333,1020.31,1
1170,1169.9999999999952,287.995833,287.0,995.83,1
1171,1170.9999999999952,288.316666,287.3,1016.67,1
1172,1171.999999999995,288.6375,287.43333333333334,1204.17,1
1173,1172.999999999995,288.958333,288.0,958.33,1
1174,1173.9999999999952,289.361198,288.2,1161.2,1
1175,1174.9999999999952,289.764063,288.3,1464.06,1
1176,1175.9999999999952,290.166927,288.9,1266.93,1
1177,1176.9999999999952,290.569792,289.1666666666667,1403.13,1
1178,1177.9999999999952,290.95625,289.3333333333333,1622.92,1
1179,1178.9999999999952,291.270833,289.4,1870.83,1
1180,1179.9999999999952,291.572917,290.56666666666666,1006.25,1
1181,1180.9999999999952,291.838542,290.7,1138.54,1
1182,1181.9999999999955,292.104167,291.26666666666665,837.5,1
1183,1182.9999999999952,292.915625,291.53333333333336,1382.29,1
1184,1183.9999999999955,293.248958,291.53333333333336,1715.62,1
1185,1184.9999999999952,293.691667,291.8333333333333,1858.33,1
1186,1185.9999999999955,294.042361,292.3666666666667,1675.69,1
1187,1186.9999999999952,294.393056,292.6,1793.06,1
1188,1187.9999999999952,294.74375,293.6666666666667,1077.08,1
1189,1188.9999999999955,295.132813,293.8666666666667,1266.15,1
1190,1189.9999999999955,295.521875,294.06666666666666,1455.21,1
1191,1190.9999999999955,296.060417,294.23333333333335,1827.08,1
1192,1191.9999999999955,296.3966430000001,294.96666666666664,1429.98,1
1193,1192.9999999999955,296.73287,295.1,1632.87,1
1194,1193.9999999999955,297.069097,296.03333333333336,1035.76,1
1195,1194.9999999999955,297.405324,296.23333333333335,1171.99,1
1196,1195.9999999999955,297.741551,296.43333333333334,1308.22,1
1197,1196.9999999999955,298.077778,296.6666666666667,1411.11,1
1198,1197.9999999999955,298.414004,297.8333333333333,580.67,1
1199,1198.9999999999955,298.750231,298.03333333333336,716.9,1
1200,1199.9999999999952,299.086458,298.23333333333335,853.12,1
1201,1200.9999999999955,299.381101,298.43333333333334,947.77,1
1202,1201.9999999999952,299.675744,298.6666666666667,1009.08,1
1203,1202.9999999999955,299.970387,298.93333333333334,1037.05,1
1204,1203.9999999999952,300.265029,299.06666666666666,1198.36,1
1205,1204.9999999999952,300.5596720000001,299.06666666666666,1493.01,1
1206,1205.9999999999955,300.854315,299.1,1754.31,1
1207,1206.9999999999957,301.148958,299.1666666666667,1982.29,1
1208,1207.9999999999961,301.490625,300.5,990.63,1
1209,1208.9999999999961,301.695833,300.8333333333333,862.5,1
1210,1209.9979166666628,301.911273,300.8666666666667,1044.61,1
1211,1210.9999999999961,302.35,301.53333333333336,816.67,1
1212,1211.9999999999961,302.710416,301.6333333333333,1077.08,1
1213,1212.999999999996,302.953632,301.6333333333333,1320.3,1
1214,1213.9999999999961,303.197396,302.3666666666667,830.73,1
1215,1214.9999999999961,303.540625,302.5,1040.62,1
1216,1215.9999999999961,303.766146,302.5,1266.15,1
1217,1216.9999999999964,303.991667,303.2,791.67,1
1218,1217.9999999999964,304.34375,303.2,1143.75,1
1219,1218.9999999999964,304.622364,303.6,1022.36,1
1220,1219.9999999999964,304.916667,303.96666666666664,950.0,1
1221,1220.9999999999964,305.388021,303.96666666666664,1421.35,1
1222,1221.9999999999964,305.729861,304.3,1429.86,1
1223,1222.9999999999964,306.071702,304.93333333333334,1138.37,1
1224,1223.9999999999964,306.413542,304.93333333333334,1480.21,1
1225,1224.9999999999964,306.864063,305.46666666666664,1397.4,1
1226,1225.9999999999964,307.314583,305.46666666666664,1847.92,1
1227,1226.9999999999968,307.675,306.56666666666666,1108.33,1
1228,1227.9999999999968,307.936458,306.56666666666666,1369.79,1
1229,1228.999999999997,308.220833,306.7,1520.83,1
1230,1229.9999999999973,308.697917,307.46666666666664,1231.25,1
1231,1230.9999999999975,309.359375,307.46666666666664,1892.71,1
1232,1231.9999999999973,309.828125,307.5,2328.12,1
1233,1232.999999999998,310.376041,307.6666666666667,2709.37,1
1234,1233.9999999999975,310.821875,307.6666666666667,3155.21,1
1235,1234.9999999999975,311.098438,308.76666666666665,2331.77,1
1236,1235.999999999998,311.379167,309.8,1579.17,1
1237,1236.9999999999984,311.676042,310.3333333333333,1342.71,1
1238,1237.999999999998,311.903646,311.03333333333336,870.31,1
1239,1238.999999999998,312.151562,311.3666666666667,784.9,1
1240,1239.999999999998,312.444792,311.6666666666667,778.13,1
1241,1240.9999999999986,312.647916,311.9,747.92,1
1242,1241.9999999999984,312.927605,312.1333333333333,794.27,1
1243,1242.9999999999986,313.185417,312.3666666666667,818.75,1
1244,1243.9999999999986,313.406771,312.53333333333336,873.44,1
1245,1244.9999999999986,313.659375,312.53333333333336,1126.04,1
1246,1245.9999999999986,313.911458,312.8,1111.46,1
1247,1246.9999999999989,314.128646,312.96666666666664,1161.98,1
1248,1247.9999999999989,314.386458,313.53333333333336,853.12,1
1249,1248.999999999999,314.622917,313.9,722.92,1
1250,1249.999999999999,314.846354,314.03333333333336,813.02,1
1251,1250.999999999999,315.082813,314.03333333333336,1049.48,1
1252,1251.999999999999,315.334375,314.6,734.38,1
1253,1252.9999999999993,315.517708,314.73333333333335,784.37,1
1254,1253.9999999999993,315.774479,315.0,774.48,1
1255,1254.9999999999995,316.030729,315.1,930.73,1
1256,1255.9999999999998,316.244792,315.3,944.79,1
1257,1256.9999999999993,316.498958,315.76666666666665,732.29,1
1258,1257.9999999999998,316.74375,315.8,943.75,1
1259,1258.9999999999998,316.932812,316.2,732.81,1
1260,1260.0,317.177083,316.46666666666664,710.42,1
1261,1261.0,317.427605,316.8333333333333,594.27,1
1262,1262.0000000000002,317.643229,316.9,743.23,1
1263,1263.0000000000002,317.8963540000001,317.1666666666667,729.69,1
1264,1264.0000000000002,318.135937,317.3333333333333,802.6,1
1265,1265.0000000000002,318.3182290000001,317.6666666666667,651.56,1
1266,1266.0000000000005,318.591667,317.76666666666665,825.0,1
1267,1267.0000000000002,318.838542,318.1,738.54,1
1268,1268.0000000000005,319.052605,318.23333333333335,819.27,1
1269,1269.0000000000007,319.326042,318.46666666666664,859.38,1
1270,1270.0000000000005,319.601042,318.6,1001.04,1
1271,1271.000000000001,319.779688,318.96666666666664,813.02,1
1272,1272.000000000001,320.005208,319.3,705.21,1
1273,1273.000000000001,320.261979,319.5,761.98,1
1274,1274.000000000001,320.49375,319.73333333333335,760.42,1
1275,1275.0000000000011,320.753125,320.0,753.13,1
1276,1276.000000000001,321.022917,320.2,822.92,1
1277,1277.0000000000014,321.239062,320.4,839.06,1
1278,1278.0000000000014,321.571875,320.56666666666666,1005.21,1
1279,1279.0000000000014,321.932813,320.96666666666664,966.15,1
1280,1280.0000000000014,322.285417,321.2,1085.42,1
1281,1281.000000000002,322.745833,321.4,1345.83,1
1282,1282.0000000000014,323.160937,321.4,1760.94,1
1283,1283.000000000002,323.404688,321.8,1604.69,1
1284,1284.000000000002,323.66875,322.4,1268.75,1
1285,1285.000000000002,323.945833,323.1666666666667,779.17,1
1286,1286.000000000002,324.165625,323.3333333333333,832.29,1
1287,1287.000000000002,324.423958,323.3333333333333,1090.62,1
1288,1288.0000000000023,324.665625,323.73333333333335,932.29,1
1289,1289.0000000000023,324.850521,324.06666666666666,783.85,1
1290,1290.0000000000025,325.108333,324.4,708.33,1
1291,1291.0000000000025,325.341146,324.7,641.15,1
1292,1292.0000000000025,325.5682290000001,324.8333333333333,734.9,1
1293,1293.0000000000027,325.829167,325.0,829.17,1
1294,1294.0000000000027,326.084896,325.3,784.9,1
1295,1295.0000000000027,326.2671870000001,325.56666666666666,700.52,1
1296,1296.000000000003,326.509896,325.8333333333333,676.56,1
1297,1297.000000000003,326.786458,325.9,886.46,1
1298,1298.000000000003,327.013542,326.23333333333335,780.21,1
1299,1299.0000000000032,327.297395,326.23333333333335,1064.06,1
1300,1300.0000000000032,327.593229,326.76666666666665,826.56,1
1301,1301.0000000000032,327.866667,326.96666666666664,900.0,1
1302,1302.0000000000034,328.252604,327.26666666666665,985.94,1
1303,1303.0000000000034,328.730208,327.56666666666666,1163.54,1
1304,1304.0000000000032,329.29375,327.8333333333333,1460.42,1
1305,1305.0000000000061,329.986458,328.2,1786.46,1
1306,1306.0000000000057,330.394792,328.4,1994.79,1
1307,1307.0000000000057,330.611458,328.53333333333336,2078.12,1
1308,1308.0000000000052,330.817188,328.56666666666666,2250.52,1
1309,1309.000000000005,331.021875,328.73333333333335,2288.54,1
1310,1310.0000000000048,331.235417,330.6333333333333,602.08,1
1311,1311.0000000000045,331.423958,330.8,623.96,1
1312,1312.0000000000045,331.622917,331.03333333333336,589.58,1
1313,1313.0000000000043,331.807813,331.23333333333335,574.48,1
1314,1314.0000000000039,332.023438,331.3666666666667,656.77,1
1315,1315.0000000000036,332.225,331.6333333333333,591.67,1
1316,1316.0000000000034,332.397917,332.0,397.92,1
1317,1317.0000000000034,332.605729,332.03333333333336,572.4,1
1318,1318.0000000000032,332.846875,332.3,546.88,1
1319,1319.000000000003,332.976042,332.3666666666667,609.38,1
1320,1320.0000000000027,333.156771,332.6,556.77,1
1321,1321.0000000000023,333.378125,332.8,578.12,1
1322,1322.0000000000023,333.534896,333.03333333333336,501.56,1
1323,1323.000000000002,333.726563,333.1333333333333,593.23,1
1324,1324.0000000000016,333.928125,333.43333333333334,494.79,1
1325,1325.0000000000014,334.107813,333.46666666666664,641.15,1
1326,1326.0000000000011,334.304688,333.7,604.69,1
1327,1327.0000000000011,334.502083,333.9,602.08,1
1328,1328.000000000001,334.677605,334.1333333333333,544.27,1
1329,1329.0000000000005,334.908855,334.3,608.86,1
1330,1330.0000000000002,335.135417,334.3333333333333,802.08,1
1331,1331.0,335.304688,334.6666666666667,638.02,1
1332,1332.0,335.48698,334.6666666666667,820.31,1
1333,1332.9999999999998,335.677083,334.96666666666664,710.42,1
1334,1333.9999999999995,335.866667,335.3,566.67,1
1335,1334.999999999999,336.058333,335.46666666666664,591.67,1
1336,1335.9999999999989,336.253125,335.7,553.13,1
1337,1336.9999999999989,336.433854,335.8666666666667,567.19,1
1338,1337.9999999999986,336.640105,336.0,640.11,1
1339,1338.9999999999984,336.834375,336.26666666666665,567.71,1
1340,1339.999999999998,337.015625,336.56666666666666,448.96,1
1341,1340.9999999999977,337.21875,336.6333333333333,585.42,1
1342,1341.9999999999977,337.419792,336.8,619.79,1
1343,1342.9999999999973,337.586458,337.03333333333336,553.12,1
1344,1343.999999999997,337.769791,337.06666666666666,703.12,1
1345,1344.9999999999968,337.980208,337.3666666666667,613.54,1
1346,1345.9999999999966,338.13125,337.56666666666666,564.58,1
1347,1346.9999999999966,338.322396,337.73333333333335,589.06,1
1348,1347.9999999999964,338.509375,338.0,509.37,1
1349,1348.9999999999961,338.686979,338.1333333333333,553.65,1
1350,1349.9999999999957,338.891666,338.3333333333333,558.33,1
1351,1350.9999999999955,339.080208,338.43333333333334,646.87,1
1352,1351.9999999999955,339.253646,338.7,553.65,1
1353,1352.9999999999952,339.461458,338.9,561.46,1
1354,1353.999999999995,339.6625,338.93333333333334,729.17,1
1355,1354.9999999999948,339.830208,339.3333333333333,496.87,1
1356,1355.9999999999943,340.020312,339.3666666666667,653.65,1
1357,1356.9999999999943,340.215625,339.73333333333335,482.29,1
1358,1357.9999999999939,340.375,339.76666666666665,608.33,1
1359,1358.9999999999936,340.580208,340.0,580.21,1
1360,1359.9999999999934,340.8125,340.2,612.5,1
1361,1360.9999999999932,340.977083,340.3666666666667,610.42,1
1362,1361.9999999999932,341.166667,340.6,566.67,1
1363,1362.999999999993,341.339583,340.8,539.58,1
1364,1363.9999999999927,341.526042,341.1666666666667,359.38,1
1365,1364.9999999999923,341.7,341.1666666666667,533.33,1
1366,1365.9999999999918,341.916667,341.4,516.67,1
1367,1366.9999999999918,342.065105,341.6,465.1,1
1368,1367.9999999999918,342.253646,341.73333333333335,520.31,1
1369,1368.9999999999918,342.455208,341.8666666666667,588.54,1
1370,1369.9999999999918,342.607292,342.1,507.29,1
1371,1370.9999999999918,342.801042,342.3,501.04,1
1372,1371.9999999999918,343.03125,342.46666666666664,564.58,1
1373,1372.9999999999918,343.201042,342.6333333333333,567.71,1
1374,1373.9999999999918,343.395833,342.73333333333335,662.5,1
1375,1374.9999999999918,343.56875,343.0,568.75,1
1376,1375.9999999999918,343.775,343.23333333333335,541.67,1
1377,1376.999999999992,343.973958,343.4,573.96,1
1378,1377.9999999999918,344.198958,343.6666666666667,532.29,1
1379,1378.9999999999918,344.36875,343.76666666666665,602.08,1
1380,1379.9999999999918,344.559375,344.1333333333333,426.04,1
1381,1380.9999999999918,344.735417,344.23333333333335,502.08,1
1382,1381.9999999999918,344.916667,344.46666666666664,450.0,1
1383,1382.9999999999918,345.034896,344.6333333333333,401.56,1
1384,1383.9999999999918,345.3125,345.1,212.5,1
1385,1384.9999999999918,345.50625,345.3333333333333,172.92,1
1386,1385.9999999999918,345.671875,345.43333333333334,238.54,1
1387,1386.9999999999918,345.864583,345.6666666666667,197.92,1
1388,1387.9999999999918,346.033333,345.8,233.33,1
1389,1388.9999999999918,346.210417,346.0,210.42,1
1390,1389.9999999999918,346.382292,346.03333333333336,348.96,1
1391,1390.9999999999918,346.570833,346.43333333333334,137.5,1
1392,1391.9999999999918,346.755208,346.76666666666665,11.46,1
1393,1392.9999999999918,346.935417,346.76666666666665,168.75,1
1394,1393.9999999999918,347.155208,346.9,255.21,1
1395,1394.999999999992,347.220833,346.93333333333334,287.5,1
1396,1395.999999999992,347.4322049999999,347.06666666666666,365.54,1
1397,1396.999999999992,347.643576,347.06666666666666,576.91,1
1398,1397.999999999992,347.854948,347.43333333333334,421.61,1
1399,1398.9999999999918,348.066319,347.6333333333333,432.99,1
1400,1399.9999999999918,348.277691,347.8333333333333,444.36,1
1401,1400.9999999999918,348.489062,348.03333333333336,455.73,1
1402,1401.9999999999918,348.746875,348.1333333333333,613.54,1
1403,1402.9999999999918,348.922917,348.1333333333333,789.58,1
1404,1403.9999999999918,349.103125,348.1666666666667,936.46,1
1405,1404.9999999999918,349.285417,348.3,985.42,1
1406,1405.9999999999918,349.4625,348.4,1062.5,1
1407,1406.9999999999918,349.522917,349.8333333333333,310.42,1
1408,1407.9999999999918,349.838542,350.0,161.46,1
1409,1408.9999999999918,350.021875,350.2,178.12,1
1410,1409.9999999999918,350.176042,350.73333333333335,557.29,1
1411,1410.9999999999918,350.360417,351.1333333333333,772.92,1
1412,1411.9999999999918,350.526042,351.1333333333333,607.29,1
1413,1412.9999999999918,350.702083,351.1666666666667,464.58,1
1414,1413.9999999999918,350.871875,351.4,528.12,1
1415,1414.9999999999918,351.053125,351.4,346.87,1
1416,1415.9999999999918,351.213542,351.43333333333334,219.79,1
1417,1416.9999999999918,351.410417,351.43333333333334,22.92,1
1418,1417.9999999999918,351.575,351.46666666666664,108.33,1
1419,1418.999999999992,351.680208,351.5,180.21,1
1420,1419.999999999992,351.900781,351.56666666666666,334.11,1
1421,1420.999999999992,352.121354,351.6666666666667,454.69,1
1422,1421.999999999992,352.341927,351.8666666666667,475.26,1
1423,1422.9999999999918,352.5625,351.96666666666664,595.83,1
1424,1423.9999999999918,352.783073,352.3,483.07,1
1425,1424.9999999999918,353.003646,352.56666666666666,436.98,1
1426,1425.9999999999918,353.245833,353.03333333333336,212.5,1
1427,1426.9999999999918,353.438542,353.03333333333336,405.21,1
1428,1427.9999999999918,353.558333,353.6666666666667,108.33,1
1429,1428.9999999999918,353.775,353.7,75.0,1
1430,1429.9999999999918,353.959375,353.7,259.38,1
1431,1430.9999999999918,354.133333,353.73333333333335,400.0,1
1432,1431.9999999999918,354.317708,353.76666666666665,551.04,1
1433,1432.9999999999918,354.470833,353.9,570.83,1
1434,1433.9999999999918,354.641667,354.1333333333333,508.33,1
1435,1434.9999999999918,354.816667,354.3333333333333,483.33,1
1436,1435.9999999999918,354.996875,354.5,496.87,1
1437,1436.9999999999918,355.166667,354.53333333333336,633.33,1
1438,1437.9999999999918,355.35,354.76666666666665,583.33,1
1439,1438.9999999999918,355.514583,355.03333333333336,481.25,1
1440,1439.9999999999918,355.688542,355.2,488.54,1
1441,1440.9999999999918,355.904167,355.6,304.17,1
1442,1441.9999999999918,356.078125,355.8333333333333,244.79,1
1443,1442.9999999999918,356.241667,356.06666666666666,175.0,1
1444,1443.9999999999918,356.43125,356.2,231.25,1
1445,1444.9999999999918,356.594792,356.2,394.79,1
1446,1445.9999999999918,356.748958,356.23333333333335,515.62,1
1447,1446.9999999999918,356.944792,356.46666666666664,478.13,1
1448,1447.9999999999918,357.1,356.5,600.0,1
1449,1448.9999999999918,357.288542,356.73333333333335,555.21,1
1450,1449.9999999999918,357.4625,356.93333333333334,529.17,1
1451,1450.9999999999918,357.647917,357.1333333333333,514.58,1
1452,1451.9999999999918,357.814583,357.6666666666667,147.92,1
1453,1452.9999999999918,358.01875,357.8666666666667,152.08,1
1454,1453.9999999999918,358.198958,357.9,298.96,1
1455,1454.9999999999918,358.396875,357.9,496.88,1
1456,1455.9999999999918,358.591667,358.03333333333336,558.33,1
1457,1456.9999999999918,358.736458,358.1666666666667,569.79,1
1458,1457.9999999999918,358.878125,358.4,478.13,1
1459,1458.9999999999918,359.094792,358.6,494.79,1
1460,1459.9999999999918,359.269792,358.8,469.79,1
1461,1460.9999999999918,359.427083,358.8666666666667,560.42,1
1462,1461.9999999999918,359.622917,359.46666666666664,156.25,1
1463,1462.9999999999918,359.7875,359.53333333333336,254.17,1
1464,1463.9999999999918,359.922917,359.6333333333333,289.58,1
1465,1464.9999999999918,360.1625,359.7,462.5,1
1466,1465.9999999999918,360.347917,359.8333333333333,514.58,1
1467,1466.9999999999918,360.5125,359.96666666666664,545.83,1
1468,1467.9999999999918,360.7,360.2,500.0,1
1469,1468.9999999999918,360.890625,360.4,490.63,1
1470,1469.9999999999918,361.104167,360.53333333333336,570.83,1
1471,1470.9999999999918,361.344792,360.7,644.79,1
1472,1471.9999999999918,361.595833,360.9,695.83,1
1473,1472.9999999999918,361.910417,361.06666666666666,843.75,1
1474,1473.9999999999918,362.232813,361.06666666666666,1166.15,1
1475,1474.9999999999925,362.408333,361.6333333333333,775.0,1
1476,1475.9999999999925,362.608334,361.76666666666665,841.67,1
1477,1476.9999999999925,362.865625,361.93333333333334,932.29,1
1478,1477.9999999999923,363.0625,362.03333333333336,1029.17,1
1479,1478.9999999999923,363.282292,362.03333333333336,1248.96,1
1480,1479.999999999992,363.517187,362.9,617.19,1
1481,1480.999999999992,363.683334,363.03333333333336,650.0,1
1482,1481.999999999992,363.889583,363.06666666666666,822.92,1
1483,1482.999999999992,364.120833,363.53333333333336,587.5,1
1484,1483.9999999999923,364.316667,363.6666666666667,650.0,1
1485,1484.9999999999918,364.526042,363.8,726.04,1
1486,1485.9999999999918,364.753646,363.8333333333333,920.31,1
1487,1486.9999999999916,364.926042,364.1,826.04,1
1488,1487.9999999999918,365.129167,364.5,629.17,1
1489,1488.9999999999916,365.353125,364.8666666666667,486.46,1
1490,1489.9999999999916,365.546875,364.9,646.88,1
1491,1490.9999999999918,365.739583,365.03333333333336,706.25,1
1492,1491.9999999999914,365.979167,365.06666666666666,912.5,1
1493,1492.9999999999916,366.134896,365.56666666666666,568.23,1
1494,1493.9999999999914,366.34375,365.7,643.75,1
1495,1494.9999999999916,366.570833,365.96666666666664,604.17,1
1496,1495.9999999999911,366.7375,366.26666666666665,470.83,1
1497,1496.9999999999914,366.945833,366.3,645.83,1
1498,1497.9999999999905,367.170313,366.73333333333335,436.98,1
1499,1498.9999999999905,367.305209,366.73333333333335,571.88,1
1500,1499.9999999999905,367.508854,366.96666666666664,542.19,1
1501,1500.9999999999905,367.735417,367.1666666666667,568.75,1
1502,1501.9999999999902,367.915625,367.3,615.62,1
1503,1502.9999999999902,368.108333,367.46666666666664,641.67,1
1504,1503.99999999999,368.33125,367.9,431.25,1
1505,1504.99999999999,368.475,367.96666666666664,508.33,1
1506,1505.99999999999,368.669792,368.23333333333335,436.46,1
1507,1506.9999999999898,368.884375,368.3666666666667,517.71,1
1508,1507.9999999999898,369.079167,368.53333333333336,545.83,1
1509,1508.9999999999898,369.292708,368.53333333333336,759.37,1
1510,1509.9999999999895,369.525,368.8333333333333,691.67,1
1511,1510.9999999999895,369.660417,368.9,760.42,1
1512,1511.9999999999895,369.870833,369.3333333333333,537.5,1
1513,1512.9999999999895,370.11875,369.5,618.75,1
1514,1513.9999999999895,370.293229,369.6333333333333,659.9,1
1515,1514.9999999999893,370.504167,369.6333333333333,870.83,1
1516,1515.9999999999893,370.747395,370.0,747.39,1
1517,1516.999999999989,370.901042,370.0,901.04,1
1518,1517.9999999999893,371.102083,370.73333333333335,368.75,1
1519,1518.999999999989,371.315104,370.76666666666665,548.44,1
1520,1519.999999999989,371.504167,370.93333333333334,570.83,1
1521,1520.9999999999889,371.714583,371.06666666666666,647.92,1
1522,1521.9999999999889,371.928646,371.26666666666665,661.98,1
1523,1522.9999999999884,372.078125,371.53333333333336,544.79,1
1524,1523.9999999999889,372.256771,371.73333333333335,523.44,1
1525,1524.9999999999889,372.478646,371.8333333333333,645.31,1
1526,1525.9999999999884,372.653125,372.1,553.12,1
1527,1526.9999999999884,372.847917,372.1666666666667,681.25,1
1528,1527.9999999999882,373.063541,372.23333333333335,830.21,1
1529,1528.9999999999882,373.209896,372.8333333333333,376.56,1
1530,1529.9999999999882,373.413542,372.8666666666667,546.88,1
1531,1530.9999999999882,373.630208,372.96666666666664,663.54,1
1532,1531.999999999988,373.819792,373.23333333333335,586.46,1
1533,1532.999999999988,374.029167,373.23333333333335,795.83,1
1534,1533.9999999999882,374.241667,373.6,641.67,1
1535,1534.9999999999877,374.390625,373.8333333333333,557.29,1
1536,1535.9999999999882,374.579166,373.9,679.17,1
1537,1536.9999999999877,374.795834,374.23333333333335,562.5,1
1538,1537.9999999999877,374.961458,374.3,661.46,1
1539,1538.9999999999875,375.161458,374.3,861.46,1
1540,1539.9999999999875,375.392187,374.6,792.19,1
1541,1540.9999999999875,375.559895,374.96666666666664,593.23,1
1542,1541.9999999999875,375.758333,375.03333333333336,725.0,1
1543,1542.999999999987,376.045833,375.3666666666667,679.17,1
1544,1543.999999999987,376.340625,375.56666666666666,773.96,1
1545,1544.9999999999868,376.764583,375.6,1164.58,1
1546,1545.9999999999868,376.953906,375.6666666666667,1287.24,1
1547,1546.9999999999866,377.14323,376.1333333333333,1009.9,1
1548,1547.9999999999868,377.441667,376.73333333333335,708.33,1
1549,1548.9999999999868,377.69375,376.8666666666667,827.08,1
1550,1549.9999999999868,377.786458,377.1,686.46,1
1551,1550.9999999999864,378.016667,377.3666666666667,650.0,1
1552,1551.9999999999864,378.197917,377.5,697.92,1
1553,1552.9999999999861,378.375,377.8666666666667,508.33,1
1554,1553.9999999999861,378.540625,378.1,440.62,1
1555,1554.9999999999861,378.732639,378.1,632.64,1
1556,1555.9999999999861,378.924653,378.1333333333333,791.32,1
1557,1556.9999999999861,379.116667,378.3,816.67,1
1558,1557.999999999986,379.267708,379.53333333333336,265.63,1
1559,1558.999999999986,379.428125,379.53333333333336,105.21,1
1560,1559.9999999999857,379.601042,379.7,98.96,1
1561,1560.9999999999857,379.798437,379.7,98.44,1
1562,1561.9999999999857,379.969792,379.73333333333335,236.46,1
1563,1562.9999999999857,380.139583,379.73333333333335,406.25,1
1564,1563.9999999999854,380.311458,379.8,511.46,1
1565,1564.9999999999854,380.455208,380.0,455.21,1
1566,1565.9999999999854,380.639583,380.03333333333336,606.25,1
1567,1566.9999999999852,380.824479,380.46666666666664,357.81,1
1568,1567.9999999999854,380.996875,380.46666666666664,530.21,1
1569,1568.9999999999852,381.251042,380.6333333333333,617.71,1
1570,1569.9999999999852,381.566667,380.8,766.67,1
1571,1570.9999999999852,381.690625,380.96666666666664,723.96,1
1572,1571.9999999999852,381.844271,381.06666666666666,777.6,1
1573,1572.9999999999852,381.99375,381.5,493.75,1
1574,1573.9999999999852,382.164583,381.8333333333333,331.25,1
1575,1574.999999999985,382.39375,382.1333333333333,260.42,1
1576,1575.999999999985,382.532292,382.23333333333335,298.96,1
1577,1576.9999999999848,382.721875,382.26666666666665,455.21,1
1578,1577.9999999999848,382.910417,382.3666666666667,543.75,1
1579,1578.9999999999848,383.10382,382.9,203.82,1
1580,1579.9999999999845,383.297222,382.9,397.22,1
1581,1580.9999999999848,383.490625,383.43333333333334,57.29,1
1582,1581.9999999999843,383.646875,383.8,153.12,1
1583,1582.9999999999843,383.804167,383.8,4.17,1
1584,1583.999999999984,383.965104,383.93333333333334,31.77,1
1585,1584.9999999999843,384.1625,383.93333333333334,229.17,1
1586,1585.999999999984,384.3,383.96666666666664,333.33,1
1587,1586.999999999984,384.514063,384.03333333333336,480.73,1
1588,1587.9999999999839,384.682292,384.2,482.29,1
1589,1588.9999999999839,384.85625,384.3333333333333,522.92,1
1590,1589.9999999999834,384.983333,384.53333333333336,450.0,1
1591,1590.9999999999834,385.15573,384.6666666666667,489.06,1
1592,1591.9999999999834,385.311459,384.76666666666665,544.79,1
1593,1592.9999999999834,385.515625,385.0,515.62,1
1594,1593.9999999999832,385.670833,385.1666666666667,504.17,1
1595,1594.9999999999832,385.825,385.3333333333333,491.67,1
1596,1595.9999999999832,385.979167,385.46666666666664,512.5,1
1597,1596.999999999983,386.146875,385.6333333333333,513.54,1
1598,1597.999999999983,386.305208,385.8,505.21,1
1599,1598.999999999983,386.504688,386.0,504.69,1
1600,1599.999999999983,386.661458,386.23333333333335,428.12,1
1601,1600.9999999999827,386.81875,386.4,418.75,1
1602,1601.9999999999827,386.952083,386.5,452.08,1
1603,1602.9999999999825,387.13125,386.6,531.25,1
1604,1603.9999999999825,387.296875,386.76666666666665,530.21,1
1605,1604.9999999999823,387.501042,386.96666666666664,534.38,1
1606,1605.9999999999825,387.696875,387.1,596.87,1
1607,1606.999999999982,387.85625,387.3,556.25,1
1608,1607.999999999982,388.082292,387.5,582.29,1
1609,1608.999999999982,388.240625,387.9,340.63,1
1610,1609.9999999999818,388.414583,388.1333333333333,281.25,1
1611,1610.9999999999818,388.613542,388.1333333333333,480.21,1
1612,1611.9999999999816,388.775,388.26666666666665,508.33,1
1613,1612.9999999999816,388.944792,388.43333333333334,511.46,1
1614,1613.9999999999814,389.172917,388.56666666666666,606.25,1
1615,1614.9999999999814,389.45,388.76666666666665,683.33,1
1616,1615.9999999999811,389.717708,388.9,817.71,1
1617,1616.9999999999811,390.104167,388.93333333333334,1170.83,1
1618,1617.999999999981,390.701042,388.96666666666664,1734.38,1
1619,1618.999999999981,390.977083,389.03333333333336,1943.75,1
1620,1619.999999999981,391.163542,390.2,963.54,1
1621,1620.9999999999807,391.332292,390.53333333333336,798.96,1
1622,1621.999999999981,391.490625,390.93333333333334,557.29,1
1623,1622.9999999999807,391.682292,391.1666666666667,515.63,1
1624,1623.9999999999807,391.844271,391.6666666666667,177.6,1
1625,1624.9999999999804,391.989583,391.8666666666667,122.92,1
1626,1625.9999999999807,392.19375,392.06666666666666,127.08,1
1627,1626.9999999999802,392.442708,392.2,242.71,1
1628,1627.9999999999804,392.691667,392.26666666666665,425.0,1
1629,1628.9999999999802,393.373958,392.26666666666665,1107.29,1
1630,1629.9999999999802,393.740104,392.5,1240.1,1
1631,1630.9999999999798,393.905208,392.53333333333336,1371.87,1
1632,1631.9999999999802,394.090625,392.76666666666665,1323.96,1
1633,1632.9999999999798,394.319792,392.76666666666665,1553.13,1
1634,1633.9999999999798,394.498959,393.4,1098.96,1
1635,1634.9999999999798,394.71875,393.56666666666666,1152.08,1
1636,1635.9999999999795,394.959375,393.7,1259.38,1
1637,1636.9999999999795,395.078125,394.0,1078.12,1
1638,1637.9999999999795,395.247917,394.6666666666667,581.25,1
1639,1638.9999999999795,395.433854,394.96666666666664,467.19,1
1640,1639.9999999999793,395.578125,395.06666666666666,511.46,1
1641,1640.9999999999793,395.772396,395.23333333333335,539.06,1
1642,1641.999999999979,395.992188,395.46666666666664,525.52,1
1643,1642.999999999979,396.101042,395.56666666666666,534.38,1
1644,1643.999999999979,396.277083,395.73333333333335,543.75,1
1645,1644.999999999979,396.463021,396.0,463.02,1
1646,1645.9999999999789,396.603646,396.23333333333335,370.31,1
1647,1646.9999999999789,396.803125,396.26666666666665,536.46,1
1648,1647.9999999999789,397.004167,396.3,704.17,1
1649,1648.9999999999786,397.134375,396.6,534.37,1
1650,1649.9999999999789,397.314583,396.76666666666665,547.92,1
1651,1650.9999999999786,397.54375,397.1,443.75,1
1652,1651.9999999999786,397.765625,397.2,565.63,1
1653,1652.9999999999784,398.064583,397.3333333333333,731.25,1
1654,1653.9999999999784,398.319271,397.3333333333333,985.94,1
1655,1654.999999999978,398.452083,397.6,852.08,1
1656,1655.9999999999784,398.695833,397.8666666666667,829.17,1
1657,1656.999999999978,398.911979,397.8666666666667,1045.31,1
1658,1657.999999999978,399.083333,398.43333333333334,650.0,1
1659,1658.9999999999777,399.246875,398.6,646.87,1
1660,1659.9999999999777,399.460938,398.9,560.94,1
1661,1660.9999999999777,399.569792,399.06666666666666,503.13,1
1662,1661.9999999999777,399.797916,399.26666666666665,531.25,1
1663,1662.9999999999777,400.010938,399.46666666666664,544.27,1
1664,1663.9999999999775,400.175,399.7,475.0,1
1665,1664.9999999999775,400.340625,399.73333333333335,607.29,1
1666,1665.9999999999773,400.540625,399.9,640.62,1
1667,1666.9999999999773,400.667708,400.0,667.71,1
1668,1667.9999999999773,400.889583,400.3666666666667,522.92,1
1669,1668.9999999999773,401.118229,400.56666666666666,551.56,1
1670,1669.999999999977,401.283854,400.7,583.85,1
1671,1670.999999999977,401.452083,400.9,552.08,1
1672,1671.9999999999768,401.666667,401.03333333333336,633.33,1
1673,1672.9999999999768,401.776563,401.26666666666665,509.9,1
1674,1673.999999999977,401.994792,401.43333333333334,561.46,1
1675,1674.9999999999768,402.228125,401.6666666666667,561.46,1
1676,1675.9999999999768,402.416146,401.8,616.15,1
1677,1676.9999999999766,402.625521,401.96666666666664,658.85,1
1678,1677.9999999999766,402.857813,402.23333333333335,624.48,1
1679,1678.999999999976,402.975521,402.4,575.52,1
1680,1679.9999999999766,403.060417,402.6,460.42,1
1681,1680.999999999976,403.378125,402.8333333333333,544.79,1
1682,1681.999999999976,403.558333,403.03333333333336,525.0,1
1683,1682.9999999999757,403.719791,403.1,619.79,1
1684,1683.9999999999757,404.022396,403.3333333333333,689.06,1
1685,1684.9999999999754,404.139584,403.53333333333336,606.25,1
1686,1685.9999999999757,404.332292,403.76666666666665,565.63,1
1687,1686.9999999999757,404.539063,404.0,539.06,1
1688,1687.9999999999754,404.677083,404.1,577.08,1
1689,1688.9999999999752,404.826563,404.3333333333333,493.23,1
1690,1689.9999999999752,405.092709,404.73333333333335,359.38,1
1691,1690.9999999999752,405.205729,404.76666666666665,439.06,1
1692,1691.9999999999752,405.380729,405.1,280.73,1
1693,1692.9999999999752,405.591667,405.23333333333335,358.33,1
1694,1693.999999999975,405.760417,405.23333333333335,527.08,1
1695,1694.999999999975,405.940625,405.3666666666667,573.96,1
1696,1695.9999999999748,406.232292,405.4,832.29,1
1697,1696.9999999999748,406.350521,405.76666666666665,583.85,1
1698,1697.9999999999748,406.548958,405.9,648.96,1
1699,1698.9999999999748,406.758334,406.1,658.33,1
1700,1699.9999999999748,406.892187,406.3666666666667,525.52,1
1701,1700.9999999999745,407.046875,406.56666666666666,480.21,1
1702,1701.9999999999745,407.3375,406.9,437.5,1
1703,1702.9999999999743,407.454166,407.03333333333336,420.83,1
1704,1703.9999999999745,407.667708,407.3666666666667,301.04,1
1705,1704.9999999999743,407.867188,407.53333333333336,333.85,1
1706,1705.9999999999743,407.998959,407.6,398.96,1
1707,1706.9999999999739,408.160417,408.03333333333336,127.08,1
1708,1707.9999999999739,408.442188,408.1,342.19,1
1709,1708.9999999999736,408.566666,408.1666666666667,400.0,1
1710,1709.9999999999739,408.782292,408.5,282.29,1
1711,1710.9999999999736,409.002083,408.6666666666667,335.42,1
1712,1711.9999999999736,409.159896,408.8333333333333,326.56,1
1713,1712.9999999999736,409.344792,408.8333333333333,511.46,1
1714,1713.9999999999734,409.778125,409.1666666666667,611.46,1
1715,1714.9999999999748,409.971875,409.2,771.88,1
1716,1715.9999999999748,410.165104,409.8,365.1,1
1717,1716.9999999999748,410.422396,409.9,522.4,1
1718,1717.999999999975,410.66875,410.0,668.75,1
1719,1718.999999999975,410.976042,410.23333333333335,742.71,1
1720,1719.999999999975,411.285937,410.4,885.94,1
1721,1720.999999999975,411.505729,410.7,805.73,1
1722,1721.999999999975,411.621875,410.8666666666667,755.21,1
1723,1722.999999999975,412.005208,411.26666666666665,738.54,1
1724,1723.999999999975,412.277604,411.5,777.6,1
1725,1724.999999999975,412.683333,411.6,1083.33,1
1726,1725.9999999999752,412.960342,411.7,1260.34,1
1727,1726.9999999999752,413.237351,412.3333333333333,904.02,1
1728,1727.9999999999752,413.51436,412.6666666666667,847.69,1
1729,1728.9999999999752,413.791369,412.6666666666667,1124.7,1
1730,1729.9999999999752,414.068378,412.7,1368.38,1
1731,1730.999999999975,414.345387,413.46666666666664,878.72,1
1732,1731.999999999975,414.622396,414.26666666666665,355.73,1
1733,1732.9999999999804,414.95052,414.53333333333336,417.19,1
1734,1733.9999999999802,415.230729,414.6333333333333,597.4,1
1735,1734.9999999999802,415.535416,414.6333333333333,902.08,1
1736,1735.9999999999798,415.845833,414.76666666666665,1079.17,1
1737,1736.9999999999798,416.264583,415.2,1064.58,1
1738,1737.9999999999802,416.730989,415.53333333333336,1197.66,1
1739,1738.9999999999802,417.197396,415.8333333333333,1364.06,1
1740,1739.9999999999802,417.663802,416.26666666666665,1397.14,1
1741,1740.9999999999798,418.130208,416.3333333333333,1796.87,1
1742,1741.9999999999918,418.600521,416.3666666666667,2233.85,1
1743,1742.9999999999918,419.441146,416.8,2641.15,1
1744,1743.9999999999918,419.85455700000006,417.03333333333336,2821.22,1
1745,1744.9999999999916,420.26796900000005,418.3666666666667,1901.3,1
1746,1745.9999999999916,420.68138,418.3666666666667,2314.71,1
1747,1746.9999999999916,421.094792,418.46666666666664,2628.13,1
1748,1747.9999999999916,421.508203,418.46666666666664,3041.54,1
1749,1748.9999999999918,421.921615,418.5,3421.61,1
1750,1749.999999999972,422.335026,418.53333333333336,3801.69,1
1751,1750.9999999999718,422.748438,418.53333333333336,4215.1,1
1752,1751.9999999999714,422.977083,418.56666666666666,4410.42,1
1753,1752.9999999999714,423.178125,418.6,4578.12,1
1754,1753.9999999999714,423.379166,418.6,4779.17,1
1755,1754.9999999999704,423.60625,418.6333333333333,4972.92,1
1756,1755.9999999999707,423.816493,418.6333333333333,5183.16,1
1757,1756.9999999999707,424.026736,418.6666666666667,5360.07,1
1758,1757.9999999999704,424.236979,421.9,2336.98,1
1759,1758.9999999999704,424.447222,422.93333333333334,1513.89,1
1760,1759.9999999999704,424.65746500000006,422.96666666666664,1690.8,1
1761,1760.99999999997,424.867708,422.96666666666664,1901.04,1
1762,1761.9999999999704,425.09618,423.0,2096.18,1
1763,1762.9999999999702,425.324653,423.03333333333336,2291.32,1
1764,1763.9999999999702,425.553125,423.3666666666667,2186.46,1
1765,1764.9999999999702,425.742882,423.56666666666666,2176.22,1
1766,1765.9999999999704,425.932639,424.96666666666664,965.97,1
1767,1766.9999999999702,426.122396,425.56666666666666,555.73,1
1768,1767.9999999999702,426.312153,425.8333333333333,478.82,1
1769,1768.9999999999702,426.50191,425.8666666666667,635.24,1
1770,1769.99999999997,426.691667,425.8666666666667,825.0,1
1771,1770.9999999999702,426.885938,426.1,785.94,1
1772,1771.9999999999698,427.080208,426.1333333333333,946.87,1
1773,1772.9999999999698,427.351042,426.7,651.04,1
1774,1773.9999999999698,427.569792,426.9,669.79,1
1775,1774.9999999999698,427.788542,426.96666666666664,821.88,1
1776,1775.9999999999684,427.983333,427.3,683.33,1
1777,1776.9999999999688,428.188802,427.53333333333336,655.47,1
1778,1777.9999999999686,428.394271,427.8333333333333,560.94,1
1779,1778.999999999968,428.620833,427.96666666666664,654.17,1
1780,1779.9999999999677,428.827951,427.96666666666664,861.28,1
1781,1780.999999999968,429.035069,428.0,1035.07,1
1782,1781.999999999968,429.242188,428.03333333333336,1208.85,1
1783,1782.999999999968,429.449306,428.03333333333336,1415.97,1
1784,1783.9999999999677,429.656424,428.06666666666666,1589.76,1
1785,1784.9999999999675,429.863542,428.06666666666666,1796.88,1
1786,1785.9999999999677,430.113195,428.1,2013.19,1
1787,1786.9999999999677,430.362847,428.1333333333333,2229.51,1
1788,1787.9999999999675,430.6125,428.23333333333335,2379.17,1
1789,1788.9999999999675,430.80816,429.43333333333334,1374.83,1
1790,1789.9999999999675,431.003819,430.3666666666667,637.15,1
1791,1790.9999999999677,431.199479,430.7,499.48,1
1792,1791.9999999999675,431.395139,430.76666666666665,628.47,1
1793,1792.9999999999675,431.59079800000006,430.76666666666665,824.13,1
1794,1793.9999999999673,431.786458,430.8333333333333,953.12,1
1795,1794.9999999999673,431.976042,430.8666666666667,1109.38,1
1796,1795.9999999999668,432.165625,430.93333333333334,1232.29,1
1797,1796.9999999999668,432.414583,431.8,614.58,1
1798,1797.999999999967,432.572569,432.0,572.57,1
1799,1798.9999999999668,432.730556,432.1333333333333,597.22,1
1800,1799.9999999999668,432.888542,432.3666666666667,521.88,1
1801,1800.999999999967,433.044097,432.6,444.1,1
1802,1801.9999999999668,433.199653,432.8333333333333,366.32,1
1803,1802.9999999999668,433.355208,432.8666666666667,488.54,1
1804,1803.9999999999668,433.55954800000006,432.9,659.55,1
1805,1804.9999999999666,433.763889,432.9,863.89,1
1806,1805.9999999999663,433.968229,432.93333333333334,1034.9,1
1807,1806.9999999999668,434.153422,433.06666666666666,1086.76,1
1808,1807.9999999999668,434.338616,433.6666666666667,671.95,1
1809,1808.9999999999666,434.523809,434.46666666666664,57.14,1
1810,1809.9999999999666,434.70900300000005,434.5,209.0,1
1811,1810.9999999999668,434.894196,434.53333333333336,360.86,1
1812,1811.9999999999668,435.0793900000001,434.53333333333336,546.06,1
1813,1812.9999999999666,435.264584,434.73333333333335,531.25,1
1814,1813.9999999999666,435.483438,434.93333333333334,550.1,1
1815,1814.9999999999666,435.702292,435.1666666666667,535.63,1
1816,1815.9999999999668,435.921146,435.26666666666665,654.48,1
1817,1816.9999999999666,436.14,435.46666666666664,673.33,1
1818,1817.9999999999666,436.358854,437.2,841.15,1
1819,1818.9999999999666,436.577708,437.8666666666667,1288.96,1
1820,1819.9999999999666,436.796563,437.93333333333334,1136.77,1
1821,1820.9999999999668,437.015417,438.1333333333333,1117.92,1
1822,1821.9999999999668,437.234271,438.1666666666667,932.4,1
1823,1822.9999999999668,437.453125,438.2,746.87,1
1824,1823.999999999966,437.675,438.2,525.0,1
1825,1824.999999999966,437.888542,438.23333333333335,344.79,1
1826,1825.9999999999652,438.102084,438.26666666666665,164.58,1
1827,1826.9999999999648,438.313542,438.26666666666665,46.88,1
1828,1827.9999999999645,438.51632,438.3,216.32,1
1829,1828.9999999999645,438.719097,438.3,419.1,1
1830,1829.9999999999648,438.921875,438.3333333333333,588.54,1
1831,1830.9999999999648,439.124653,438.3666666666667,757.99,1
1832,1831.9999999999645,439.32743,438.3666666666667,960.76,1
1833,1832.9999999999645,439.530208,438.4,1130.21,1
1834,1833.9999999999643,439.766666,438.4,1366.67,1
1835,1834.9999999999645,440.003125,438.43333333333334,1569.79,1
1836,1835.999999999964,440.239583,439.53333333333336,706.25,1
1837,1836.9999999999643,440.400208,440.06666666666666,333.54,1
1838,1837.9999999999643,440.560833,440.53333333333336,27.5,1
1839,1838.9999999999643,440.721458,440.53333333333336,188.12,1
1840,1839.9999999999645,440.882083,440.56666666666666,315.42,1
1841,1840.9999999999638,441.042708,440.7,342.71,1
1842,1841.9999999999638,441.286458,440.7,586.46,1
1843,1842.9999999999638,441.452083,440.8333333333333,618.75,1
1844,1843.9999999999636,441.617708,440.93333333333334,684.37,1
1845,1844.9999999999636,441.885417,441.2,685.42,1
1846,1845.9999999999636,442.115104,441.46666666666664,648.44,1
1847,1846.9999999999636,442.344792,441.56666666666666,778.13,1
1848,1847.9999999999627,442.532812,441.8333333333333,699.48,1
1849,1848.9999999999627,442.735937,442.06666666666666,669.27,1
1850,1849.9999999999627,442.939062,442.3666666666667,572.4,1
1851,1850.9999999999616,443.15625,442.53333333333336,622.92,1
1852,1851.999999999962,443.375347,442.53333333333336,842.01,1
1853,1852.9999999999616,443.59444400000007,442.56666666666666,1027.78,1
1854,1853.9999999999616,443.813541,442.56666666666666,1246.87,1
1855,1854.999999999962,444.032639,442.6,1432.64,1
1856,1855.999999999962,444.25173600000005,442.6333333333333,1618.4,1
1857,1856.9999999999616,444.470833,442.6333333333333,1837.5,1
1858,1857.9999999999616,444.732291,442.6666666666667,2065.62,1
1859,1858.9999999999613,444.99375,442.7,2293.75,1
1860,1859.9999999999616,445.255208,442.96666666666664,2288.54,1
1861,1860.9999999999616,445.446354,444.6666666666667,779.69,1
1862,1861.9999999999613,445.6375,444.8666666666667,770.83,1
1863,1862.9999999999613,445.828645,445.06666666666666,761.98,1
1864,1863.9999999999613,446.019791,445.3,719.79,1
1865,1864.9999999999613,446.210937,445.53333333333336,677.6,1
1866,1865.999999999961,446.402083,445.53333333333336,868.75,1
1867,1866.9999999999613,446.604687,445.6333333333333,971.35,1
1868,1867.999999999961,446.807292,445.7,1107.29,1
1869,1868.9999999999607,447.078125,446.0,1078.12,1
1870,1869.999999999961,447.23611100000005,446.43333333333334,802.78,1
1871,1870.999999999961,447.394097,446.76666666666665,627.43,1
1872,1871.9999999999607,447.552083,446.8,752.08,1
1873,1872.9999999999607,447.7,446.8,900.0,1
1874,1873.9999999999607,447.847916,447.23333333333335,614.58,1
1875,1874.9999999999607,447.995833,447.8666666666667,129.17,1
1876,1875.9999999999607,448.225347,447.8666666666667,358.68,1
1877,1876.9999999999607,448.45486100000005,448.1,354.86,1
1878,1877.9999999999604,448.684375,448.1333333333333,551.04,1
1879,1878.9999999999604,448.907031,448.1666666666667,740.36,1
1880,1879.9999999999607,449.129687,448.4,729.69,1
1881,1880.9999999999607,449.352344,448.56666666666666,785.68,1
1882,1881.9999999999607,449.575,449.2,375.0,1
1883,1882.9999999999604,449.797656,449.5,297.66,1
1884,1883.9999999999604,450.020313,449.5,520.31,1
1885,1884.9999999999607,450.670139,449.56666666666666,1103.47,1
1886,1885.9999999999607,451.319966,449.76666666666665,1553.3,1
1887,1886.9999999999604,451.969792,449.93333333333334,2036.46,1
1888,1887.9979166666267,452.110243,450.2,1910.24,1
1889,1888.9979166666265,452.250695,450.4,1850.7,1
1890,1889.9999999999598,452.391146,450.6333333333333,1757.81,1
1891,1890.997916666626,452.531597,451.6666666666667,864.93,1
1892,1891.9979166666258,452.672049,452.1,572.05,1
1893,1892.9999999999588,452.8125,452.1,712.5,1
1894,1893.9999999999588,453.007292,452.1333333333333,873.96,1
1895,1894.999999999959,453.202084,452.1666666666667,1035.42,1
1896,1895.9999999999588,453.403125,452.1666666666667,1236.46,1
1897,1896.9999999999588,453.6125,452.2,1412.5,1
1898,1897.9999999999586,453.738542,452.2,1538.54,1
1899,1898.9999999999584,453.940625,452.8,1140.62,1
1900,1899.9999999999584,454.089583,452.9,1189.58,1
1901,1900.9999999999575,454.259375,453.76666666666665,492.71,1
1902,1901.9999999999575,454.45,453.93333333333334,516.67,1
1903,1902.9999999999575,454.63125,454.1,531.25,1
1904,1903.9999999999575,454.8125,454.1666666666667,645.83,1
1905,1904.9999999999575,454.99375,454.5,493.75,1
1906,1905.999999999957,455.1625,454.53333333333336,629.17,1
1907,1906.999999999957,455.302083,455.0,302.08,1
1908,1907.9999999999568,455.469791,455.1333333333333,336.46,1
1909,1908.9999999999568,455.646875,455.1333333333333,513.54,1
1910,1909.9999999999568,455.801042,455.26666666666665,534.38,1
1911,1910.9999999999566,455.991667,455.43333333333334,558.33,1
1912,1911.9999999999566,456.152083,455.8333333333333,318.75,1
1913,1912.9999999999563,456.292708,456.0,292.71,1
1914,1913.999999999956,456.445313,456.0,445.31,1
1915,1914.9999999999561,456.620833,456.1,520.83,1
1916,1915.999999999956,456.811458,456.2,611.46,1
1917,1916.999999999956,457.158333,456.5,658.33,1
1918,1917.999999999956,457.33463499999993,456.76666666666665,567.97,1
1919,1918.999999999956,457.510938,457.03333333333336,477.6,1
1920,1919.9999999999561,457.710417,457.2,510.42,1
1921,1920.9999999999557,457.892708,457.5,392.71,1
1922,1921.9999999999557,458.0375,457.7,337.5,1
1923,1922.9999999999554,458.246875,457.8,446.87,1
1924,1923.9999999999552,458.384375,457.93333333333334,451.04,1
1925,1924.9999999999552,458.565625,458.06666666666666,498.96,1
1926,1925.9999999999543,458.740625,458.2,540.63,1
1927,1926.9999999999548,458.940972,458.43333333333334,507.64,1
1928,1927.9999999999548,459.14132,458.53333333333336,607.99,1
1929,1928.9999999999543,459.341667,458.7,641.67,1
1930,1929.9999999999543,459.501042,458.7,801.04,1
1931,1930.9999999999538,459.6625,459.3,362.5,1
1932,1931.9999999999538,459.825,459.3666666666667,458.33,1
1933,1932.9999999999538,460.004167,459.4,604.17,1
1934,1933.9999999999536,460.182292,459.6333333333333,548.96,1
1935,1934.9999999999538,460.425,459.8333333333333,591.67,1
1936,1935.9999999999534,460.635417,460.03333333333336,602.08,1
1937,1936.9999999999534,460.820833,460.2,620.83,1
1938,1937.9999999999532,461.054167,460.4,654.17,1
1939,1938.9999999999532,461.372917,460.6,772.92,1
1940,1939.9999999999534,461.717708,460.8,917.71,1
1941,1940.9999999999532,462.421875,460.93333333333334,1488.54,1
1942,1941.999999999952,462.836458,461.43333333333334,1403.12,1
1943,1942.9999999999516,463.025,461.56666666666666,1458.33,1
1944,1943.9999999999516,463.233333,462.8333333333333,400.0,1
1945,1944.9999999999516,463.446875,462.8333333333333,613.54,1
1946,1945.9999999999516,463.638542,462.8666666666667,771.88,1
1947,1946.9999999999513,463.883333,463.43333333333334,450.0,1
1948,1947.9999999999511,464.092708,463.43333333333334,659.37,1
1949,1948.9999999999513,464.2625,463.7,562.5,1
1950,1949.9999999999516,464.5,463.93333333333334,566.67,1
1951,1950.9999999999511,464.708333,463.96666666666664,741.67,1
1952,1951.9999999999513,464.890625,464.26666666666665,623.96,1
1953,1952.9999999999518,465.069792,464.46666666666664,603.13,1
1954,1953.9999999999513,465.288542,464.7,588.54,1
1955,1954.9999999999518,465.435417,464.9,535.42,1
1956,1955.9999999999511,465.701563,465.1,601.56,1
1957,1956.9999999999511,465.927604,465.1,827.6,1
1958,1957.9999999999513,466.083854,465.56666666666666,517.19,1
1959,1958.9999999999507,466.30625,465.6,706.25,1
1960,1959.9999999999507,466.513542,465.6333333333333,880.21,1
1961,1960.9999999999513,466.667708,466.03333333333336,634.37,1
1962,1961.9999999999507,466.913021,466.26666666666665,646.35,1
1963,1962.9999999999513,467.138542,466.5,638.54,1
1964,1963.9999999999502,467.316667,466.6666666666667,650.0,1
1965,1964.9999999999502,467.666667,466.8333333333333,833.33,1
1966,1965.9999999999507,467.946875,467.1333333333333,813.54,1
1967,1966.99999999995,468.147917,467.26666666666665,881.25,1
1968,1967.9999999999502,468.340625,467.5,840.62,1
1969,1968.9999999999507,468.454166,467.76666666666665,687.5,1
1970,1969.9999999999498,468.65625,468.1,556.25,1
1971,1970.9999999999498,468.992708,468.6,392.71,1
1972,1971.999999999949,469.172917,468.7,472.92,1
1973,1972.9999999999495,469.355208,468.8333333333333,521.87,1
1974,1973.9999999999495,469.608333,468.9,708.33,1
1975,1974.9999999999493,469.857292,469.0,857.29,1
1976,1975.9999999999495,470.054167,469.8333333333333,220.83,1
1977,1976.9999999999498,470.170834,469.93333333333334,237.5,1
1978,1977.9999999999493,470.397917,469.93333333333334,464.58,1
1979,1978.9999999999495,470.554688,470.1333333333333,421.35,1
1980,1979.9999999999486,470.75625,470.1333333333333,622.92,1
1981,1980.9999999999488,470.919792,470.3666666666667,553.13,1
1982,1981.9999999999495,471.086458,470.53333333333336,553.12,1
1983,1982.9999999999486,471.311458,470.73333333333335,578.12,1
1984,1983.9999999999488,471.51875,470.8666666666667,652.08,1
1985,1984.999999999949,471.714583,471.06666666666666,647.92,1
1986,1985.9999999999486,471.931771,471.1333333333333,798.44,1
1987,1986.9999999999488,472.167708,471.1333333333333,1034.37,1
1988,1987.9999999999493,472.382292,471.7,682.29,1
1989,1988.9999999999486,472.763542,471.93333333333334,830.21,1
1990,1989.999999999949,473.048958,472.1666666666667,882.29,1
1991,1990.9999999999486,473.217708,472.4,817.71,1
1992,1991.9999999999486,473.389583,472.6333333333333,756.25,1
1993,1992.9999999999486,473.568229,473.03333333333336,534.9,1
1994,1993.9999999999484,473.776042,473.26666666666665,509.38,1
1995,1994.9999999999484,473.980729,473.46666666666664,514.06,1
1996,1995.9999999999488,474.191667,473.56666666666666,625.0,1
1997,1996.9999999999484,474.3875,473.6333333333333,754.17,1
1998,1997.9999999999486,474.547395,473.9,647.4,1
1999,1998.9999999999482,474.732292,474.1666666666667,565.63,1
2000,1999.9999999999484,474.914583,474.3666666666667,547.92,1
2001,2000.9999999999484,475.104688,474.46666666666664,638.02,1
2002,2001.9999999999482,475.297917,474.7,597.92,1
2003,2002.9999999999484,475.460938,474.93333333333334,527.6,1
2004,2003.9999999999486,475.685417,475.1333333333333,552.08,1
2005,2004.9999999999482,475.85625,475.3333333333333,522.92,1
2006,2005.9999999999484,476.021875,475.5,521.88,1
2007,2006.9999999999477,476.247917,475.6666666666667,581.25,1
2008,2007.999999999948,476.419792,475.8,619.79,1
2009,2008.9999999999486,476.601042,476.06666666666666,534.38,1
2010,2009.9999999999477,476.816146,476.1,716.15,1
2011,2010.999999999948,477.008333,476.76666666666665,241.67,1
2012,2011.9999999999484,477.252604,477.8666666666667,614.06,1
2013,2012.9999999999477,477.638021,477.8666666666667,228.65,1
2014,2013.9999999999482,477.93125,477.9,31.25,1
2015,2014.9999999999475,478.119792,477.9,219.79,1
2016,2015.9999999999477,478.373438,477.93333333333334,440.1,1
2017,2016.9999999999482,478.657291,478.03333333333336,623.96,1
2018,2017.9999999999475,478.852604,478.1,752.6,1
2019,2018.9999999999475,479.089063,478.1,989.06,1
2020,2019.9999999999477,479.336458,478.46666666666664,869.79,1
2021,2020.9999999999475,479.491667,478.76666666666665,725.0,1
2022,2021.9999999999475,479.700521,479.03333333333336,667.19,1
2023,2022.9999999999477,479.909375,479.4,509.38,1
2024,2023.999999999947,480.084896,479.56666666666666,518.23,1
2025,2024.9999999999475,480.291667,479.6333333333333,658.33,1
2026,2025.9999999999468,480.490104,479.8666666666667,623.44,1
2027,2026.9999999999468,480.658854,480.06666666666666,592.19,1
2028,2027.9999999999475,480.902084,480.26666666666665,635.42,1
2029,2028.999999999946,481.126041,480.3,826.04,1
2030,2029.9999999999463,481.372917,480.6333333333333,739.58,1
2031,2030.9999999999457,481.6125,480.6333333333333,979.17,1
2032,2031.999999999946,481.8875,480.8666666666667,1020.83,1
2033,2032.9999999999463,482.070833,481.3333333333333,737.5,1
2034,2033.9999999999459,482.275521,481.3333333333333,942.19,1
2035,2034.999999999946,482.547917,481.9,647.92,1
2036,2035.9999999999466,482.816146,482.03333333333336,782.81,1
2037,2036.9999999999459,483.341667,482.26666666666665,1075.0,1
2038,2037.999999999946,483.658333,482.6,1058.33,1
2039,2038.999999999946,483.842188,482.76666666666665,1075.52,1
2040,2039.9999999999459,484.052083,483.1666666666667,885.42,1
2041,2040.999999999946,484.272917,483.6666666666667,606.25,1
2042,2041.9999999999459,484.432292,483.8333333333333,598.96,1
2043,2042.9999999999457,484.661458,483.96666666666664,694.79,1
2044,2043.999999999946,484.86875,484.23333333333335,635.42,1
2045,2044.9999999999457,485.019792,484.5,519.79,1
2046,2045.9999999999457,485.228125,484.56666666666666,661.46,1
2047,2046.9999999999457,485.403125,484.6666666666667,736.46,1
2048,2047.9999999999457,485.590625,485.03333333333336,557.29,1
2049,2048.999999999946,485.767708,485.2,567.71,1
2050,2049.9999999999454,485.967708,485.2,767.71,1
2051,2050.9999999999454,486.15625,485.56666666666666,589.58,1
2052,2051.999999999946,486.394792,485.8666666666667,528.13,1
2053,2052.999999999945,486.561458,486.0,561.46,1
2054,2053.999999999945,486.754167,486.0,754.17,1
2055,2054.999999999946,487.075,486.6333333333333,441.67,1
2056,2055.999999999945,487.254167,486.6333333333333,620.83,1
2057,2056.999999999946,487.439583,486.73333333333335,706.25,1
2058,2057.9999999999454,487.639583,487.06666666666666,572.92,1
2059,2058.999999999945,487.833333,487.2,633.33,1
2060,2059.9999999999454,488.039584,487.3666666666667,672.92,1
2061,2060.9999999999445,488.429167,487.3666666666667,1062.5,1
2062,2061.999999999945,488.734375,487.8,934.37,1
2063,2062.9999999999454,488.942708,487.8333333333333,1109.37,1
2064,2063.9999999999445,489.15,487.8333333333333,1316.67,1
2065,2064.9999999999454,489.423958,487.9,1523.96,1
2066,2065.9999999999445,489.622917,488.9,722.92,1
2067,2066.9999999999445,489.882292,489.06666666666666,815.63,1
2068,2067.9999999999445,490.133333,489.43333333333334,700.0,1
2069,2068.9999999999445,490.278125,489.6333333333333,644.79,1
2070,2069.9999999999445,490.494271,489.76666666666665,727.6,1
2071,2070.9999999999445,490.720312,489.9,820.31,1
2072,2071.999999999944,490.902083,490.3333333333333,568.75,1
2073,2072.999999999944,491.09323,490.4,693.23,1
2074,2073.9999999999445,491.282292,490.7,582.29,1
2075,2074.999999999944,491.438542,490.8333333333333,605.21,1
2076,2075.999999999944,491.621354,491.06666666666666,554.69,1
2077,2076.999999999944,491.8125,491.3,512.5,1
2078,2077.999999999944,491.978646,491.4,578.65,1
2079,2078.9999999999445,492.144792,491.5,644.79,1
2080,2079.999999999944,492.3125,491.8,512.5,1
2081,2080.999999999944,492.3875,492.23333333333335,154.17,1
2082,2081.9999999999445,492.635938,492.3333333333333,302.6,1
2083,2082.999999999944,492.83125,492.3333333333333,497.92,1
2084,2083.9999999999445,492.979167,492.53333333333336,445.83,1
2085,2084.9999999999436,493.164583,492.56666666666666,597.92,1
2086,2085.9999999999436,493.352083,492.8,552.08,1
2087,2086.999999999944,493.463542,492.93333333333334,530.21,1
2088,2087.9999999999436,493.716667,492.93333333333334,783.33,1
2089,2088.9999999999436,493.907292,493.1,807.29,1
2090,2089.999999999944,494.095833,493.53333333333336,562.5,1
2091,2090.9999999999436,494.215625,493.7,515.62,1
2092,2091.999999999944,494.375,493.7,675.0,1
2093,2092.9999999999436,494.472396,493.8666666666667,605.73,1
2094,2093.9999999999436,494.735417,494.3,435.42,1
2095,2094.9999999999436,494.920313,494.3666666666667,553.65,1
2096,2095.999999999943,495.06875,494.46666666666664,602.08,1
2097,2096.999999999943,495.25,494.7,550.0,1
2098,2097.9999999999436,495.407605,494.76666666666665,640.94,1
2099,2098.999999999943,495.527084,495.06666666666666,460.42,1
2100,2099.9999999999436,495.730354,495.2,530.35,1
2101,2100.999999999943,495.88125,495.23333333333335,647.92,1
2102,2101.999999999943,496.040104,495.56666666666666,473.44,1
2103,2102.999999999944,496.170249,495.7,470.25,1
2104,2103.999999999943,496.36875,495.8666666666667,502.08,1
2105,2104.999999999943,496.490607,496.03333333333336,457.27,1
2106,2105.9999999999436,496.648395,496.1,548.39,1
2107,2106.999999999943,496.838542,496.6333333333333,205.21,1
2108,2107.9999999999436,496.99505199999993,496.6666666666667,328.39,1
2109,2108.9999999999436,497.138496,496.7,438.5,1
2110,2109.999999999943,497.333333,496.8333333333333,500.0,1
2111,2110.999999999944,497.518622,496.8333333333333,685.29,1
2112,2111.999999999943,497.630986,497.1,530.99,1
2113,2112.999999999943,497.807901,497.4,407.9,1
2114,2113.9999999999436,497.955729,497.4,555.73,1
2115,2114.999999999943,498.214583,497.6333333333333,581.25,1
2116,2115.999999999943,498.373958,498.0,373.96,1
2117,2116.9999999999427,498.5562,498.0,556.2,1
2118,2117.999999999943,498.778125,498.3333333333333,444.79,1
2119,2118.9999999999436,498.970833,498.4,570.83,1
2120,2119.999999999943,499.20887,498.6,608.87,1
2121,2120.999999999943,499.5125,498.73333333333335,779.17,1
2122,2121.999999999943,499.689583,498.96666666666664,722.92,1
2123,2122.9999999999427,499.866667,499.1666666666667,700.0,1
2124,2123.999999999943,500.078646,499.4,678.65,1
2125,2124.999999999943,500.266667,499.43333333333334,833.33,1
2126,2125.9999999999422,500.435417,499.76666666666665,668.75,1
2127,2126.9999999999422,500.625,499.93333333333334,691.67,1
2128,2127.9999999999422,500.811979,500.23333333333335,578.65,1
2129,2128.999999999942,500.998958,500.43333333333334,565.62,1
2130,2129.9999999999427,501.198438,500.6333333333333,565.1,1
2131,2130.9999999999413,501.361458,500.8333333333333,528.12,1
2132,2131.999999999941,501.548958,501.03333333333336,515.62,1
2133,2132.999999999941,501.723958,501.1333333333333,590.62,1
2134,2133.999999999941,501.903645,501.3666666666667,536.98,1
2135,2134.999999999941,502.083333,501.56666666666666,516.67,1
2136,2135.9999999999404,502.292188,501.73333333333335,558.85,1
2137,2136.99999999994,502.464583,501.93333333333334,531.25,1
2138,2137.99999999994,502.633333,502.23333333333335,400.0,1
2139,2138.999999999939,502.828125,502.3333333333333,494.79,1
2140,2139.99999999994,503.022917,502.5,522.92,1
2141,2140.9999999999395,503.217708,502.6666666666667,551.04,1
2142,2141.999999999939,503.403646,502.76666666666665,636.98,1
2143,2142.999999999939,503.604167,503.0,604.17,1
2144,2143.999999999939,503.805208,503.3,505.21,1
2145,2144.9999999999377,504.213542,503.4,813.54,1
2146,2145.9999999999377,504.501042,503.43333333333334,1067.71,1
2147,2146.9999999999372,504.676042,503.9,776.04,1
2148,2147.999999999937,504.861458,504.0,861.46,1
2149,2148.9999999999363,505.01875,504.46666666666664,552.08,1
2150,2149.999999999936,505.19375,504.6333333333333,560.42,1
2151,2150.999999999936,505.346875,504.8333333333333,513.54,1
2152,2151.999999999935,505.516666,505.03333333333336,483.33,1
2153,2152.999999999935,505.661458,505.5,161.46,1
2154,2153.999999999935,505.852083,505.6,252.08,1
2155,2154.9999999999354,505.992969,505.6666666666667,326.3,1
2156,2155.999999999935,506.133854,505.76666666666665,367.19,1
2157,2156.9999999999354,506.54375,505.76666666666665,777.08,1
2158,2157.999999999934,506.786458,505.8666666666667,919.79,1
2159,2158.999999999934,506.954167,505.9,1054.17,1
2160,2159.999999999934,507.132292,506.4,732.29,1
2161,2160.999999999933,507.298958,506.8,498.96,1
2162,2161.999999999933,507.4625,506.96666666666664,495.83,1
2163,2162.9999999999322,507.617708,507.1333333333333,484.37,1
2164,2163.999999999932,507.779688,507.3333333333333,446.35,1
2165,2164.999999999932,507.921355,507.76666666666665,154.69,1
2166,2165.9999999999313,508.120833,507.8666666666667,254.17,1
2167,2166.9999999999327,508.270312,508.1333333333333,136.98,1
2168,2167.999999999931,508.419792,508.1333333333333,286.46,1
2169,2168.9999999999313,508.619271,508.1666666666667,452.6,1
2170,2169.9999999999313,508.821875,508.1666666666667,655.21,1
2171,2170.9999999999304,508.972917,508.43333333333334,539.58,1
2172,2171.9999999999304,509.161458,508.53333333333336,628.12,1
2173,2172.9999999999304,509.367708,508.7,667.71,1
2174,2173.99999999993,509.498958,508.96666666666664,532.29,1
2175,2174.9999999999295,509.685938,509.06666666666666,619.27,1
2176,2175.9999999999295,509.889583,509.06666666666666,822.92,1
2177,2176.999999999929,510.003125,509.56666666666666,436.46,1
2178,2177.999999999929,510.195313,509.56666666666666,628.65,1
2179,2178.999999999929,510.396875,510.53333333333336,136.46,1
2180,2179.999999999928,510.491667,510.56666666666666,75.0,1
2181,2180.999999999928,510.698959,510.8,101.04,1
2182,2181.9999999999277,510.909375,510.8,109.38,1
2183,2182.9999999999272,511.0125,510.8666666666667,145.83,1
2184,2183.9999999999272,511.223437,510.9,323.44,1
2185,2184.999999999927,511.4125,510.9,512.5,1
2186,2185.999999999927,511.535417,510.93333333333334,602.08,1
2187,2186.9999999999254,511.736458,511.6,136.46,1
2188,2187.999999999926,511.929167,512.2,270.83,1
2189,2188.999999999926,512.077083,512.6333333333333,556.25,1
2190,2189.999999999925,512.30625,512.6333333333333,327.08,1
2191,2190.999999999925,512.54375,512.6666666666666,122.92,1
2192,2191.999999999925,512.732292,512.7,32.29,1
2193,2192.9999999999245,513.133333,512.7,433.33,1
2194,2193.999999999925,513.414843,512.7333333333333,681.51,1
2195,2194.9999999999245,513.696354,512.7333333333333,963.02,1
2196,2195.9999999999145,513.798959,513.0333333333333,765.63,1
2197,2196.999999999915,513.958854,513.2666666666667,692.19,1
2198,2197.9999999999145,514.11875,514.1666666666666,47.92,1
2199,2198.9999999999145,514.209375,514.4333333333333,223.96,1
2200,2199.9999999999145,514.344271,514.7,355.73,1
2201,2200.9999999999145,514.479167,514.7333333333333,254.17,1
2202,2201.9999999999145,514.5739580000002,514.7333333333333,159.38,1
2203,2202.9999999999145,514.713889,515.4333333333333,719.44,1
2204,2203.9999999999145,514.853819,515.5666666666667,712.85,1
2205,2204.9999999999145,514.99375,515.5666666666667,572.92,1
2206,2205.999999999915,515.1784719999998,515.7666666666667,588.19,1
2207,2206.9999999999145,515.363195,515.8,436.8,1
2208,2207.9999999999145,515.547917,515.8,252.08,1
2209,2208.999999999915,515.7158860000002,515.8333333333334,117.45,1
2210,2209.999999999915,515.883854,515.8333333333334,50.52,1
2211,2210.999999999915,516.051823,515.8666666666667,185.16,1
2212,2211.999999999915,516.219792,517.3333333333334,1113.54,1
2213,2212.999999999914,516.372917,519.5333333333333,3160.42,1
2214,2213.999999999914,516.490104,519.7666666666667,3276.56,1
2215,2214.999999999914,516.603125,519.7666666666667,3163.54,1
2216,2215.999999999914,516.69375,520.4666666666667,3772.92,1
2217,2216.999999999913,516.828646,520.7,3871.35,1
2218,2217.9999999999127,517.0197919999998,520.7,3680.21,1
2219,2218.999999999913,517.2109379999998,521.0666666666667,3855.73,1
2220,2219.999999999913,517.285938,521.2666666666667,3980.73,1
2221,2220.9999999999127,517.428646,521.4666666666667,4038.02,1
2222,2221.9999999999127,517.571354,521.4666666666667,3895.31,1
2223,2222.999999999913,517.661979,522.0333333333333,4371.35,1
2224,2223.9999999999127,517.7867190000002,522.2333333333333,4446.61,1
2225,2224.9999999999127,517.911458,522.3333333333334,4421.88,1
2226,2225.9999999999127,518.016667,522.5,4483.33,1
2227,2226.9999999999127,518.146875,522.7,4553.13,1
2228,2227.9999999999127,518.277084,522.8333333333334,4556.25,1
2229,2228.9999999999127,518.407292,522.8333333333334,4426.04,1
2230,2229.999999999913,518.5822919999998,523.2,4617.71,1
2231,2230.999999999913,518.757292,523.5333333333333,4776.04,1
2232,2231.999999999913,518.932292,523.7333333333333,4801.04,1
2233,2232.999999999913,519.088933,523.9333333333333,4844.4,1
2234,2233.999999999914,519.245573,524.1333333333333,4887.76,1
2235,2234.999999999913,519.402214,524.2,4797.79,1
2236,2235.999999999913,519.558854,524.5,4941.15,1
2237,2236.9999999999127,519.705208,524.7,4994.79,1
2238,2237.9999999999127,519.828125,524.9,5071.87,1
2239,2238.999999999912,519.930208,526.9666666666667,7036.46,1
2240,2239.999999999912,520.032292,527.6333333333333,7601.04,1
2241,2240.999999999912,520.1375,532.4,12262.5,1
2242,2241.9999999999063,520.275261,532.4,12124.74,1
2243,2242.9999999999063,520.413021,533.7666666666667,13353.65,1
2244,2243.9999999999063,520.525,534.3,13775.0,1
2245,2244.9999999999063,520.639583,535.5333333333333,14893.75,1
2246,2245.9999999999063,520.754166,536.5666666666667,15812.5,1
2247,2246.9999999999063,520.8552080000002,536.9,16044.79,1
2248,2247.9999999999063,520.953645,536.9,15946.35,1
2249,2248.9999999999063,521.052083,536.9333333333333,15881.25,1
2250,2249.999999999906,521.15,536.9666666666667,15816.67,1
2251,2250.9999999999063,521.241406,536.9666666666667,15725.26,1
2252,2251.9999999999063,521.332813,537.0,15667.19,1
2253,2252.999999999906,521.430208,537.0,15569.79,1
2254,2253.9999999999063,521.522656,537.0333333333333,15510.68,1
2255,2254.9999999999063,521.615104,537.0333333333333,15418.23,1
2256,2255.999999999906,521.725521,537.0333333333333,15307.81,1
2257,2256.9999999999063,521.829167,537.0333333333333,15204.17,1
2258,2257.999999999906,521.932812,537.0333333333333,15100.52,1
2259,2258.999999999906,522.041146,537.0333333333333,14992.19,1
2260,2259.999999999906,522.15625,537.0333333333333,14877.08,1
2261,2260.999999999906,522.271354,537.0333333333333,14761.98,1
2262,2261.999999999906,522.483333,537.0333333333333,14550.0,1
2263,2262.9999999999063,522.63125,537.0333333333333,14402.08,1
2264,2263.999999999906,522.779167,537.0333333333333,14254.17,1
2265,2264.999999999906,523.217708,537.0333333333333,13815.63,1
2266,2265.999999999906,523.422395,537.0333333333333,13610.94,1
2267,2266.999999999905,523.54375,537.0333333333333,13489.58,1
2268,2267.9999999999045,523.697917,537.0333333333333,13335.42,1
2269,2268.9999999999045,523.827083,537.0333333333333,13206.25,1
2270,2269.9999999999036,523.976042,537.0333333333333,13057.29,1
2271,2270.9999999999036,524.132292,537.0333333333333,12901.04,1
2272,2271.999999999903,524.271875,537.0333333333333,12761.46,1
2273,2272.9999999999022,524.395833,537.0333333333333,12637.5,1
2274,2273.9999999999027,524.539583,537.0333333333333,12493.75,1
2275,2274.9999999999022,524.6640629999998,537.0333333333333,12369.27,1
2276,2275.9999999999022,524.788542,537.0333333333333,12244.79,1
2277,2276.9999999999022,525.1135419999998,537.0333333333333,11919.79,1
2278,2277.9999999999022,525.310938,537.0333333333333,11722.4,1
2279,2278.9999999999013,525.424479,537.0333333333333,11608.85,1
2280,2279.9999999999004,525.569792,537.0333333333333,11463.54,1
2281,2280.9999999999004,525.70625,537.0333333333333,11327.08,1
2282,2281.9999999999,525.8552080000002,537.0333333333333,11178.13,1
2283,2282.999999999899,526.001042,537.0333333333333,11032.29,1
2284,2283.9999999998986,526.134375,537.0333333333333,10898.96,1
2285,2284.999999999898,526.260937,537.0333333333333,10772.4,1
2286,2285.999999999898,526.38125,537.0333333333333,10652.08,1
2287,2286.9999999998986,526.516667,537.0333333333333,10516.67,1
2288,2287.999999999898,526.6520830000002,537.0333333333333,10381.25,1
2289,2288.999999999898,526.785416,537.0333333333333,10247.92,1
2290,2289.999999999898,526.9,537.0333333333333,10133.33,1
2291,2290.9999999998986,527.01875,537.0333333333333,10014.58,1
2292,2291.999999999898,527.129166,537.0333333333333,9904.17,1
2293,2292.999999999892,527.271354,537.0333333333333,9761.98,1
2294,2293.999999999892,527.375521,537.0333333333333,9657.81,1
2295,2294.9999999998927,527.479687,537.0333333333333,9553.65,1
2296,2295.9999999998918,527.60625,537.0333333333333,9427.08,1
2297,2296.999999999892,527.692708,537.0333333333333,9340.63,1
2298,2297.999999999892,527.803125,537.0333333333333,9230.21,1
2299,2298.999999999892,527.929167,537.0333333333333,9104.17,1
2300,2299.9999999998918,528.036458,537.0333333333333,8996.88,1
2301,2300.9999999998918,528.158334,537.0333333333333,8875.0,1
2302,2301.9999999998913,528.263542,537.0333333333333,8769.79,1
2303,2302.9999999998913,528.35,537.0333333333333,8683.33,1
2304,2303.9999999998913,528.4572919999998,537.0333333333333,8576.04,1
2305,2304.9999999998913,528.583855,537.0333333333333,8449.48,1
2306,2305.9999999998913,528.683334,537.0333333333333,8350.0,1
2307,2306.999999999891,528.840625,537.0333333333333,8192.71,1
2308,2307.999999999891,528.969271,537.0333333333333,8064.06,1
2309,2308.999999999891,529.095313,537.0333333333333,7938.02,1
2310,2309.999999999891,529.207813,537.0333333333333,7825.52,1
2311,2310.999999999891,529.327084,537.0333333333333,7706.25,1
2312,2311.9999999998913,529.432292,537.0333333333333,7601.04,1
2313,2312.9999999998913,529.559375,537.0333333333333,7473.96,1
2314,2313.9999999998913,529.684722,537.0333333333333,7348.61,1
2315,2314.9999999998913,529.81007,537.0333333333333,7223.26,1
2316,2315.999999999891,529.935417,537.0333333333333,7097.92,1
2317,2316.999999999891,530.06632,537.0333333333333,6967.01,1
2318,2317.999999999891,530.197222,537.0333333333333,6836.11,1
2319,2318.999999999891,530.328125,537.0333333333333,6705.21,1
2320,2319.9999999998913,530.454514,537.0333333333333,6578.82,1
2321,2320.9999999998927,530.580903,537.0333333333333,6452.43,1
2322,2321.9999999998913,530.7072919999998,537.0333333333333,6326.04,1
2323,2322.9999999998913,530.861459,537.0333333333333,6171.87,1
2324,2323.9999999998927,531.015625,537.0333333333333,6017.71,1
2325,2324.9999999998913,531.169792,537.0333333333333,5863.54,1
2326,2325.9999999998918,531.351042,537.0333333333333,5682.29,1
2327,2326.9999999998913,531.532292,537.0333333333333,5501.04,1
2328,2327.9999999998913,531.713542,537.0333333333333,5319.79,1
2329,2328.999999999891,531.8947919999998,537.0333333333333,5138.54,1
2330,2329.9999999998913,532.076042,537.0333333333333,4957.29,1
2331,2330.99999999989,532.257292,537.0333333333333,4776.04,1
2332,2331.999999999891,532.393316,537.0333333333333,4640.02,1
2333,2332.9999999998913,532.52934,537.0333333333333,4503.99,1
2334,2333.999999999891,532.6653650000002,537.0333333333333,4367.97,1
2335,2334.999999999891,532.801389,537.0333333333333,4231.94,1
2336,2335.9999999998913,532.937413,537.0333333333333,4095.92,1
2337,2336.999999999891,533.073437,537.0333333333333,3959.9,1
