beat_idx,gt_beat,gt_time_s,pred_time_s,err_ms,ok
0,0.0,0.978516,0.0,978.52,1
1,1.0000000000000002,1.156901,0.03333333333333333,1123.57,1
2,2.0000000000000004,1.335287,0.06666666666666667,1268.62,1
3,3.000000000000001,1.552083,0.1,1452.08,1
4,4.000000000000001,1.748372,0.16666666666666666,1581.71,1
5,5.000000000000001,1.944662,0.2,1744.66,1
6,6.000000000000001,2.1295580000000003,0.23333333333333334,1896.22,1
7,7.0,2.308485,0.26666666666666666,2041.82,1
8,8.000000000000002,2.487413,0.3333333333333333,2154.08,1
9,9.000000000000002,2.666341,0.5,2166.34,1
10,10.000000000000002,2.845269,0.5333333333333333,2311.94,1
11,11.000000000000004,3.024197,0.5666666666666667,2457.53,1
12,12.000000000000004,3.203125,0.7333333333333333,2469.79,1
13,13.000000000000004,3.452257,0.8,2652.26,1
14,14.000000000000002,3.701389,0.8333333333333334,2868.06,1
15,15.000000000000002,3.950521,0.9,3050.52,1
16,16.000000000000004,4.09592,0.9333333333333333,3162.59,1
17,17.000000000000004,4.241319,1.0,3241.32,1
18,18.000000000000004,4.386719,1.0333333333333334,3353.39,1
19,19.0,4.532118,1.0666666666666667,3465.45,1
20,20.0,4.677518,1.1,3577.52,1
21,21.000000000000004,4.822917,1.1333333333333333,3689.58,1
22,22.000000000000004,4.9528,1.2,3752.8,1
23,23.000000000000007,5.082683,1.2333333333333334,3849.35,1
24,24.000000000000018,5.30599,1.2666666666666666,4039.32,1
25,25.000000000000007,5.516602,1.3,4216.6,1
26,26.000000000000007,5.727214,1.3666666666666667,4360.55,1
27,27.000000000000014,5.880209,1.4,4480.21,1
28,28.00000000000001,6.0875650000000014,1.4333333333333333,4654.23,1
29,29.000000000000025,6.294922,1.4666666666666666,4828.26,1
30,30.000000000000018,6.461589,1.5333333333333334,4928.26,1
31,31.000000000000018,6.64898,1.5666666666666667,5082.31,1
32,32.00000000000002,6.836372,1.6,5236.37,1
33,33.00000000000002,7.0237630000000015,1.9666666666666666,5057.1,1
34,34.00000000000002,7.2111550000000015,2.0,5211.16,1
35,35.00000000000002,7.398546,2.033333333333333,5365.21,1
36,36.00000000000002,7.585938,2.1,5485.94,1
37,37.00000000000002,7.851563,2.9,4951.56,1
38,38.00000000000002,8.117187,2.933333333333333,5183.85,1
39,39.000000000000036,8.382812,2.966666666666667,5416.15,1
40,40.00000000000002,8.54427,3.033333333333333,5510.94,1
41,41.00000000000002,8.705729,3.066666666666667,5639.06,1
42,42.00000000000002,8.867187,3.1,5767.19,1
43,43.00000000000002,9.028645,3.1333333333333333,5895.31,1
44,44.00000000000003,9.190104,3.2,5990.1,1
45,45.00000000000003,9.351562,5.266666666666667,4084.9,1
46,46.00000000000002,9.497395,5.666666666666667,3830.73,1
47,47.000000000000036,9.643229,5.7,3943.23,1
48,48.000000000000036,9.847656,5.733333333333333,4114.32,1
49,49.000000000000036,10.051649,5.766666666666667,4284.98,1
50,50.000000000000036,10.255642,5.833333333333333,4422.31,1
51,51.000000000000036,10.459635,5.866666666666666,4592.97,1
52,52.000000000000036,10.644097,5.9,4744.1,1
53,53.00000000000003,10.828559,5.933333333333334,4895.23,1
54,54.000000000000036,11.013021,6.0,5013.02,1
55,55.00000000000003,11.221571,6.066666666666666,5154.9,1
56,56.00000000000002,11.430122,6.4,5030.12,1
57,57.00000000000003,11.638672,6.5,5138.67,1
58,58.00000000000003,11.868304,7.233333333333333,4634.97,1
59,59.00000000000003,12.097935,7.433333333333334,4664.6,1
60,60.00000000000003,12.327567,7.633333333333334,4694.23,1
61,61.00000000000002,12.557199,7.866666666666666,4690.53,1
62,62.00000000000003,12.786831,8.066666666666666,4720.16,1
63,63.00000000000003,13.016462,8.266666666666667,4749.8,1
64,64.00000000000003,13.246094,8.4,4846.09,1
65,65.00000000000003,13.448503,8.6,4848.5,1
66,66.00000000000003,13.650912,8.833333333333334,4817.58,1
67,67.00000000000003,13.853320000000002,9.033333333333333,4819.99,1
68,68.00000000000003,14.055729,9.233333333333333,4822.4,1
69,69.00000000000003,14.258138,9.433333333333334,4824.8,1
70,70.00000000000003,14.460547,15.633333333333333,1172.79,1
71,71.00000000000003,14.662956,15.766666666666667,1103.71,1
72,72.00000000000003,14.865364,15.8,934.64,1
73,73.00000000000003,15.067773,15.833333333333334,765.56,1
74,74.00000000000003,15.270182,15.9,629.82,1
75,75.00000000000004,15.429688,15.933333333333334,503.65,1
76,76.00000000000003,15.657877,15.966666666666667,308.79,1
77,77.00000000000003,15.886067,16.0,113.93,1
78,78.00000000000003,16.059896,16.066666666666666,6.77,1
79,79.00000000000004,16.249132,16.2,49.13,1
80,80.00000000000003,16.438368,16.5,61.63,1
81,81.00000000000003,16.627604,16.6,27.6,1
82,82.00000000000003,16.81684,16.8,16.84,1
83,83.00000000000004,17.006076,16.866666666666667,139.41,1
84,84.00000000000003,17.195312,16.9,295.31,1
85,85.00000000000004,17.458767,16.933333333333334,525.43,1
86,86.00000000000004,17.722222,16.966666666666665,755.56,1
87,87.00000000000006,17.985677,17.133333333333333,852.34,1
88,88.00000000000004,18.143229,17.333333333333332,809.9,1
89,89.00000000000004,18.300781,17.6,700.78,1
90,90.00000000000004,18.458334,17.766666666666666,691.67,1
91,91.00000000000004,18.615886,17.9,715.89,1
92,92.00000000000006,18.773438,18.266666666666666,506.77,1
93,93.00000000000007,18.990886,18.466666666666665,524.22,1
94,94.00000000000006,19.13737,18.633333333333333,504.04,1
95,95.00000000000007,19.283854,19.233333333333334,50.52,1
96,96.0000000000001,19.498698,19.433333333333334,65.36,1
97,97.00000000000007,19.704752,19.466666666666665,238.09,1
98,98.00000000000009,19.910807,19.5,410.81,1
99,99.00000000000009,20.090495,20.1,9.51,1
100,100.00000000000009,20.307292,20.166666666666668,140.63,1
101,101.00000000000013,20.524089,20.2,324.09,1
102,102.00000000000009,20.692708,20.366666666666667,326.04,1
103,103.0000000000001,20.874783,20.433333333333334,441.45,1
104,104.0000000000001,21.056858,20.733333333333334,323.52,1
105,105.00000000000009,21.238932,21.266666666666666,27.73,1
106,106.00000000000009,21.421007,21.433333333333334,12.33,1
107,107.00000000000009,21.603081,21.9,296.92,1
108,108.0000000000001,21.785156,21.933333333333334,148.18,1
109,109.0000000000001,22.085069,21.966666666666665,118.4,1
110,110.0000000000001,22.384983,22.0,384.98,1
111,111.00000000000017,22.684896,22.066666666666666,618.23,1
112,112.0000000000001,22.874783,22.233333333333334,641.45,1
113,113.00000000000013,23.06467,22.7,364.67,1
114,114.00000000000013,23.254558,22.766666666666666,487.89,1
115,115.0000000000001,23.444445,22.8,644.45,1
116,116.0000000000001,23.634332,22.833333333333332,801.0,1
117,117.0000000000001,23.824219,23.266666666666666,557.55,1
118,118.00000000000013,23.964193,23.566666666666666,397.53,1
119,119.00000000000013,24.104167,23.733333333333334,370.83,1
120,120.00000000000013,24.360026,24.3,60.03,1
121,121.00000000000014,24.554253,24.366666666666667,187.59,1
122,122.00000000000013,24.748481,24.533333333333335,215.15,1
123,123.00000000000014,24.942708,24.666666666666668,276.04,1
124,124.00000000000014,25.137587,24.833333333333332,304.25,1
125,125.00000000000014,25.332465,24.866666666666667,465.8,1
126,126.0000000000002,25.527344,24.9,627.34,1
127,127.00000000000014,25.738932,24.966666666666665,772.27,1
128,128.00000000000014,25.950521,25.666666666666668,283.85,1
129,129.00000000000014,26.162109,26.2,37.89,1
130,130.00000000000014,26.383091,26.333333333333332,49.76,1
131,131.00000000000014,26.604073,26.533333333333335,70.74,1
132,132.00000000000014,26.825056,26.766666666666666,58.39,1
133,133.00000000000014,27.046038,26.966666666666665,79.37,1
134,134.00000000000014,27.26702,27.2,67.02,1
135,135.00000000000014,27.488002,27.333333333333332,154.67,1
136,136.0000000000002,27.708984,27.533333333333335,175.65,1
137,137.00000000000014,27.887614000000006,27.9,12.39,1
138,138.00000000000014,28.066244,28.366666666666667,300.42,1
139,139.00000000000014,28.244873,28.566666666666666,321.79,1
140,140.00000000000014,28.423503000000004,29.133333333333333,709.83,1
141,141.00000000000014,28.602132,29.333333333333332,731.2,1
142,142.00000000000014,28.780762,29.4,619.24,1
143,143.00000000000014,28.959391,29.433333333333334,473.94,1
144,144.00000000000014,29.138021,29.466666666666665,328.65,1
145,145.00000000000014,29.377279,29.533333333333335,156.05,1
146,146.0000000000002,29.616536,29.633333333333333,16.8,1
147,147.00000000000014,29.744141,29.733333333333334,10.81,1
148,148.00000000000014,29.911458000000003,29.933333333333334,21.88,1
149,149.00000000000017,30.052083000000003,30.033333333333335,18.75,1
150,150.0000000000002,30.223958000000003,30.1,123.96,1
151,151.00000000000028,30.39974,30.4,0.26,1
152,152.00000000000026,30.576823,30.6,23.18,1
153,153.00000000000028,30.790365,30.8,9.63,1
154,154.00000000000028,30.995009000000003,30.833333333333332,161.68,1
155,155.00000000000028,31.199653,31.333333333333332,133.68,1
156,156.00000000000034,31.404297,31.466666666666665,62.37,1
157,157.00000000000028,31.559896,31.5,59.9,1
158,158.00000000000034,31.721354,31.766666666666666,45.31,1
159,159.00000000000034,31.875,31.866666666666667,8.33,1
160,160.00000000000034,32.065104,32.1,34.9,1
161,161.00000000000034,32.238281,32.166666666666664,71.61,1
162,162.00000000000034,32.407552,32.36666666666667,40.89,1
163,163.00000000000034,32.539062,32.56666666666667,27.6,1
164,164.00000000000034,32.669271,32.666666666666664,2.6,1
165,165.00000000000028,32.829427,32.833333333333336,3.91,1
166,166.0000000000003,33.082031,32.93333333333333,148.7,1
167,167.00000000000034,33.272136,33.1,172.14,1
168,168.00000000000028,33.574219,33.13333333333333,440.89,1
169,169.00000000000028,33.787109,33.166666666666664,620.44,1
170,170.00000000000028,34.0,33.56666666666667,433.33,1
171,171.0000000000003,34.136068,33.6,536.07,1
172,172.00000000000037,34.334635,33.63333333333333,701.3,1
173,173.00000000000028,34.483073,33.666666666666664,816.41,1
174,174.00000000000028,34.669271,34.0,669.27,1
175,175.00000000000026,34.828125,34.46666666666667,361.46,1
176,176.00000000000026,35.014323,34.666666666666664,347.66,1
177,177.00000000000028,35.230469,34.86666666666667,363.8,1
178,178.0000000000002,35.397136,34.93333333333333,463.8,1
179,179.00000000000017,35.563802,35.4,163.8,1
180,180.0000000000002,35.730469,35.53333333333333,197.14,1
181,181.0000000000002,35.914062,35.7,214.06,1
182,182.00000000000026,36.0625,35.96666666666667,95.83,1
183,183.00000000000017,36.177734,36.166666666666664,11.07,1
184,184.00000000000014,36.373698,36.333333333333336,40.36,1
185,185.00000000000014,36.529948,36.5,29.95,1
186,186.00000000000017,36.645183,36.56666666666667,78.52,1
187,187.0000000000002,36.761719,36.8,38.28,1
188,188.00000000000014,36.923177,36.9,23.18,1
189,189.0000000000001,37.069662,37.03333333333333,36.33,1
190,190.0000000000001,37.264323,37.233333333333334,30.99,1
191,191.0000000000001,37.484375,37.5,15.62,1
192,192.00000000000017,37.882812,37.8,82.81,1
193,193.00000000000017,38.121094,37.86666666666667,254.43,1
194,194.00000000000017,38.299479,38.266666666666666,32.81,1
195,195.00000000000017,38.401042,38.46666666666667,65.62,1
196,196.00000000000017,38.611328,38.6,11.33,1
197,197.00000000000017,38.797201,38.86666666666667,69.47,1
198,198.0000000000002,38.983073,39.0,16.93,1
199,199.0000000000002,39.182292,39.03333333333333,148.96,1
200,200.00000000000017,39.367188,39.06666666666667,300.52,1
201,201.00000000000017,39.65625,39.6,56.25,1
202,202.00000000000014,40.007812,39.63333333333333,374.48,1
203,203.00000000000017,40.174479,40.0,174.48,1
204,204.00000000000017,40.404297,40.5,95.7,1
205,205.00000000000017,40.635417,40.7,64.58,1
206,206.00000000000017,40.830729,40.733333333333334,97.4,1
207,207.00000000000017,41.078125,40.833333333333336,244.79,1
208,208.00000000000017,41.303385,40.9,403.39,1
209,209.00000000000017,41.436198,41.43333333333333,2.86,1
210,210.00000000000017,41.6875,41.6,87.5,1
211,211.00000000000017,41.910156,41.733333333333334,176.82,1
212,212.00000000000017,42.070312,41.96666666666667,103.65,1
213,213.0000000000002,42.333984,42.5,166.02,1
214,214.00000000000017,42.645833,42.766666666666666,120.83,1
215,215.0000000000002,42.869792,42.833333333333336,36.46,1
216,216.0000000000002,43.127604,42.86666666666667,260.94,1
217,217.0000000000002,43.454427,43.56666666666667,112.24,1
218,218.0000000000002,43.650391,43.63333333333333,17.06,1
219,219.0000000000002,43.915365,43.9,15.37,1
220,220.0000000000002,44.128906,44.53333333333333,404.43,1
221,221.00000000000028,44.395833,44.63333333333333,237.5,1
222,222.0000000000003,44.66276,44.666666666666664,3.91,1
223,223.0000000000003,44.889323,44.833333333333336,55.99,1
224,224.0000000000003,45.072917,45.333333333333336,260.42,1
225,225.0000000000003,45.40625,45.766666666666666,360.42,1
226,226.0000000000003,45.619141,45.93333333333333,314.19,1
227,227.0000000000003,45.832031,46.03333333333333,201.3,1
228,228.0000000000003,45.985677,46.06666666666667,80.99,1
229,229.0000000000003,46.190104,46.166666666666664,23.44,1
230,230.0000000000003,46.384115,46.36666666666667,17.45,1
231,231.0000000000003,46.577474,46.6,22.53,1
232,232.0000000000003,46.832031,46.666666666666664,165.36,1
233,233.00000000000034,47.084635,46.8,284.64,1
234,234.00000000000037,47.239583,47.1,139.58,1
235,235.00000000000037,47.489583,47.2,289.58,1
236,236.00000000000037,47.670573,47.233333333333334,437.24,1
237,237.00000000000037,47.880208,47.56666666666667,313.54,1
238,238.00000000000037,48.217448,47.733333333333334,484.11,1
239,239.00000000000037,48.472656,47.86666666666667,605.99,1
240,240.00000000000037,48.737631,48.43333333333333,304.3,1
241,241.00000000000037,49.011719,48.56666666666667,445.05,1
242,242.0000000000003,49.230469,48.7,530.47,1
243,243.0000000000003,49.373698,48.96666666666667,407.03,1
244,244.00000000000034,49.608724,49.666666666666664,57.94,1
245,245.0000000000003,49.800781,49.733333333333334,67.45,1
246,246.00000000000034,50.070964,49.96666666666667,104.3,1
247,247.00000000000037,50.325521,50.13333333333333,192.19,1
248,248.00000000000037,50.513021,50.5,13.02,1
249,249.00000000000037,50.720703,50.63333333333333,87.37,1
250,250.0000000000004,50.904948,50.766666666666666,138.28,1
251,251.00000000000037,51.092448,51.06666666666667,25.78,1
252,252.0000000000004,51.32487,51.266666666666666,58.2,1
253,253.00000000000037,51.5625,51.56666666666667,4.17,1
254,254.0000000000004,51.746745,51.7,46.74,1
255,255.00000000000037,51.961589,51.733333333333334,228.26,1
256,256.0000000000004,52.166667,51.93333333333333,233.33,1
257,257.00000000000034,52.445312,52.13333333333333,311.98,1
258,258.00000000000045,52.65885400000001,52.6,58.85,1
259,259.0000000000004,53.013021,53.03333333333333,20.31,1
260,260.0000000000004,53.282552,53.2,82.55,1
261,261.00000000000045,53.514974,53.333333333333336,181.64,1
262,262.0000000000004,53.901042,53.833333333333336,67.71,1
263,263.00000000000045,54.235678,54.06666666666667,169.01,1
264,264.00000000000045,54.476563,54.13333333333333,343.23,1
265,265.0000000000004,54.748698,54.766666666666666,17.97,1
266,266.0000000000004,54.947917,54.86666666666667,81.25,1
267,267.00000000000045,55.160807,55.1,60.81,1
268,268.00000000000045,55.443359,55.3,143.36,1
269,269.00000000000045,55.650391000000006,55.53333333333333,117.06,1
270,270.00000000000045,55.938802,55.9,38.8,1
271,271.0000000000004,56.23828100000001,56.233333333333334,4.95,1
272,272.0000000000004,56.39453100000001,56.46666666666667,72.14,1
273,273.00000000000045,56.554037,56.56666666666667,12.63,1
274,274.0000000000004,56.748047,56.63333333333333,114.71,1
275,275.0000000000005,56.921875,56.93333333333333,11.46,1
276,276.0000000000005,57.09635400000001,57.1,3.65,1
277,277.0000000000005,57.338542,57.13333333333333,205.21,1
278,278.0000000000005,57.522787,57.46666666666667,56.12,1
279,279.0000000000005,57.789062,57.5,289.06,1
280,280.0000000000005,58.065755,57.7,365.76,1
281,281.0000000000005,58.326823,58.13333333333333,193.49,1
282,282.0000000000005,58.624349,58.5,124.35,1
283,283.0000000000005,58.97265600000001,58.96666666666667,5.99,1
284,284.0000000000005,59.229167,59.2,29.17,1
285,285.0000000000005,59.461589,59.4,61.59,1
286,286.0000000000004,59.779948,59.53333333333333,246.61,1
287,287.0000000000005,60.015625,60.0,15.62,1
288,288.0000000000004,60.132813,60.06666666666667,66.15,1
289,289.0000000000005,60.434896,60.13333333333333,301.56,1
290,290.0000000000005,60.59765600000001,60.63333333333333,35.68,1
291,291.0000000000005,60.759766000000006,60.7,59.77,1
292,292.0000000000005,60.938802,60.733333333333334,205.47,1
293,293.00000000000057,61.12890600000001,60.93333333333333,195.57,1
294,294.0000000000005,61.30078100000001,61.2,100.78,1
295,295.00000000000057,61.523438,61.266666666666666,256.77,1
296,296.0000000000005,61.6875,61.63333333333333,54.17,1
297,297.00000000000057,61.835938,61.8,35.94,1
298,298.0000000000005,61.990885,61.86666666666667,124.22,1
299,299.00000000000057,62.16015600000001,61.9,260.16,1
300,300.0000000000005,62.348958,61.93333333333333,415.62,1
301,301.00000000000057,62.55859399999999,61.96666666666667,591.93,1
302,302.0000000000005,62.709635,62.2,509.63,1
303,303.00000000000057,62.915365,62.733333333333334,182.03,1
304,304.00000000000057,63.134115,62.766666666666666,367.45,1
305,305.0000000000006,63.260417,63.266666666666666,6.25,1
306,306.00000000000057,63.603516000000006,63.43333333333333,170.18,1
307,307.0000000000006,63.942708,63.63333333333333,309.37,1
308,308.0000000000006,64.152344,64.13333333333334,19.01,1
309,309.0000000000006,64.434895,64.36666666666666,68.23,1
310,310.0000000000006,64.789062,64.4,389.06,1
311,311.0000000000006,65.102214,64.43333333333334,668.88,1
312,312.0000000000006,65.354166,64.5,854.17,1
313,313.0000000000006,65.566406,65.56666666666666,0.26,1
314,314.0000000000006,65.839844,65.8,39.84,1
315,315.0000000000006,66.044271,66.03333333333333,10.94,1
316,316.0000000000006,66.421224,66.1,321.22,1
317,317.0000000000006,66.548177,66.4,148.18,1
318,318.0000000000007,66.811849,66.8,11.85,1
319,319.0000000000007,67.088542,66.83333333333333,255.21,1
320,320.0000000000007,67.302083,66.86666666666666,435.42,1
321,321.0000000000007,67.479167,67.43333333333334,45.83,1
322,322.0000000000007,67.71549399999999,67.7,15.49,1
323,323.0000000000007,67.906901,67.9,6.9,1
324,324.0000000000007,68.095052,68.1,4.95,1
325,325.00000000000057,68.425781,68.2,225.78,1
326,326.0000000000006,68.601563,68.56666666666666,34.9,1
327,327.0000000000007,68.805989,68.8,5.99,1
328,328.0000000000007,68.99349000000001,69.0,6.51,1
329,329.0000000000007,69.171875,69.2,28.13,1
330,330.0000000000007,69.32161500000001,69.36666666666666,45.05,1
331,331.0000000000006,69.515625,69.5,15.62,1
332,332.0000000000007,69.67513000000001,69.7,24.87,1
333,333.0000000000007,69.881511,69.86666666666666,14.84,1
334,334.00000000000074,70.056641,70.06666666666666,10.03,1
335,335.00000000000074,70.214844,70.2,14.84,1
336,336.0000000000008,70.389323,70.33333333333333,55.99,1
337,337.0000000000008,70.60025999999998,70.73333333333333,133.07,1
338,338.0000000000008,70.800781,70.83333333333333,32.55,1
339,339.0000000000008,71.188802,70.86666666666666,322.14,1
340,340.00000000000085,71.408854,70.9,508.85,1
341,341.0000000000008,71.601562,71.66666666666667,65.1,1
342,342.00000000000085,71.768229,71.8,31.77,1
343,343.00000000000085,71.997396,72.03333333333333,35.94,1
344,344.0000000000009,72.136719,72.13333333333334,3.39,1
345,345.0000000000009,72.372396,72.16666666666667,205.73,1
346,346.0000000000009,72.582031,72.23333333333333,348.7,1
347,347.0000000000009,72.789062,72.8,10.94,1
348,348.00000000000097,73.066406,73.0,66.41,1
349,349.0000000000009,73.285156,73.06666666666666,218.49,1
350,350.00000000000097,73.503906,73.13333333333334,370.57,1
351,351.000000000001,73.65299499999998,73.76666666666667,113.67,1
352,352.000000000001,73.876302,74.2,323.7,1
353,353.000000000001,74.011719,74.26666666666667,254.95,1
354,354.0000000000011,74.1875,74.3,112.5,1
355,355.0000000000011,74.432291,74.4,32.29,1
356,356.0000000000011,74.677083,74.73333333333333,56.25,1
357,357.0000000000011,74.80794300000002,74.96666666666667,158.72,1
358,358.00000000000114,74.97786500000002,75.06666666666666,88.8,1
359,359.00000000000125,75.139323,75.13333333333334,5.99,1
360,360.00000000000125,75.339844,75.16666666666667,173.18,1
361,361.00000000000125,75.570964,75.63333333333334,62.37,1
362,362.00000000000114,75.802083,75.86666666666666,64.58,1
363,363.0000000000013,75.9375,76.03333333333333,95.83,1
364,364.0000000000013,76.126302,76.2,73.7,1
365,365.0000000000013,76.31900999999998,76.46666666666667,147.66,1
366,366.0000000000014,76.484375,76.53333333333333,48.96,1
367,367.0000000000014,76.718099,76.6,118.1,1
368,368.0000000000015,76.951823,77.03333333333333,81.51,1
369,369.0000000000014,77.083334,77.2,116.67,1
370,370.0000000000013,77.282552,77.53333333333333,250.78,1
371,371.00000000000165,77.449219,77.66666666666667,217.45,1
372,372.00000000000153,77.664062,77.7,35.94,1
373,373.00000000000153,77.913411,78.0,86.59,1
374,374.0000000000016,78.16275999999998,78.26666666666667,103.91,1
375,375.0000000000017,78.30599000000002,78.4,94.01,1
376,376.0000000000015,78.50650999999998,78.63333333333334,126.82,1
377,377.00000000000176,78.6875,78.83333333333333,145.83,1
378,378.0000000000017,78.833333,79.16666666666667,333.33,1
379,379.0000000000018,79.029948,79.33333333333333,303.39,1
380,380.00000000000176,79.183594,79.46666666666667,283.07,1
381,381.0000000000019,79.351562,79.56666666666666,215.1,1
382,382.0000000000019,79.561198,79.6,38.8,1
383,383.000000000002,79.691406,79.86666666666666,175.26,1
384,384.0000000000019,79.900391,79.96666666666667,66.28,1
385,385.0000000000019,80.172092,80.06666666666666,105.43,1
386,386.0000000000019,80.443793,80.13333333333334,310.46,1
387,387.000000000002,80.71549399999998,80.7,15.49,1
388,388.0000000000019,80.94768,80.73333333333333,214.35,1
389,389.000000000002,81.179865,80.76666666666667,413.2,1
390,390.0000000000019,81.41205,80.8,612.05,1
391,391.000000000002,81.644235,80.86666666666666,777.57,1
392,392.0000000000019,81.87642,80.9,976.42,1
393,393.0000000000019,82.10860600000002,80.93333333333334,1175.27,1
394,394.0000000000019,82.34079100000002,80.96666666666667,1374.12,1
395,395.0000000000018,82.572976,81.03333333333333,1539.64,1
396,396.0000000000019,82.805161,81.06666666666666,1738.49,1
397,397.00000000000193,83.037346,81.1,1937.35,1
398,398.000000000002,83.269531,81.56666666666666,1702.86,1
399,399.0000000000018,83.459636,81.66666666666667,1792.97,1
400,400.000000000002,83.70931,82.53333333333333,1175.98,1
401,401.0000000000018,83.958984,82.56666666666666,1392.32,1
402,402.00000000000205,84.17513000000002,82.63333333333334,1541.8,1
403,403.00000000000205,84.40028199999998,83.03333333333333,1366.95,1
404,404.000000000002,84.625434,83.06666666666666,1558.77,1
405,405.00000000000205,84.85058599999998,83.13333333333334,1717.25,1
406,406.000000000002,85.075738,83.16666666666667,1909.07,1
407,407.0000000000019,85.30089,83.2,2100.89,1
408,408.0000000000021,85.526042,83.23333333333333,2292.71,1
409,409.00000000000205,85.74132,83.46666666666667,2274.65,1
410,410.000000000002,85.956597,83.56666666666666,2389.93,1
411,411.00000000000205,86.171875,83.93333333333334,2238.54,1
412,412.000000000002,86.340278,84.2,2140.28,1
413,413.0000000000019,86.50868100000002,84.4,2108.68,1
414,414.00000000000216,86.677084,84.63333333333334,2043.75,1
415,415.00000000000205,86.845486,86.83333333333333,12.15,1
416,416.000000000002,87.013889,87.36666666666666,352.78,1
417,417.00000000000205,87.182292,87.43333333333334,251.04,1
418,418.000000000002,87.326823,87.46666666666667,139.84,1
419,419.00000000000205,87.471354,87.5,28.65,1
420,420.00000000000205,87.6875,87.6,87.5,1
421,421.0000000000021,87.922526,87.7,222.53,1
422,422.00000000000216,88.157552,88.4,242.45,1
423,423.0000000000021,88.325521,88.6,274.48,1
424,424.0000000000021,88.546549,88.8,253.45,1
425,425.00000000000216,88.767578,88.83333333333333,65.76,1
426,426.00000000000233,88.93294300000002,88.93333333333334,0.39,1
427,427.00000000000216,89.128798,89.03333333333333,95.46,1
428,428.00000000000233,89.324653,89.06666666666666,257.99,1
429,429.00000000000216,89.52050799999998,89.43333333333334,87.17,1
430,430.0000000000021,89.716363,89.5,216.36,1
431,431.00000000000216,89.91221800000002,90.4,487.78,1
432,432.00000000000233,90.108073,90.43333333333334,325.26,1
433,433.00000000000216,90.355035,90.46666666666667,111.63,1
434,434.00000000000233,90.601996,90.5,102.0,1
435,435.00000000000216,90.848958,90.93333333333334,84.38,1
436,436.00000000000216,91.02539,91.13333333333334,107.94,1
437,437.00000000000216,91.201823,91.2,1.82,1
438,438.00000000000205,91.378255,91.26666666666667,111.59,1
439,439.00000000000216,91.554687,91.3,254.69,1
440,440.0000000000022,91.73112,91.33333333333333,397.79,1
441,441.00000000000233,91.907552,91.36666666666666,540.89,1
442,442.0000000000022,92.210937,92.2,10.94,1
443,443.0000000000022,92.514323,92.5,14.32,1
444,444.0000000000021,92.817708,92.8,17.71,1
445,445.0000000000022,93.018663,92.86666666666666,152.0,1
446,446.00000000000233,93.219618,92.93333333333334,286.28,1
447,447.00000000000233,93.420573,92.96666666666667,453.91,1
448,448.00000000000233,93.610677,93.4,210.68,1
449,449.0000000000022,93.800781,93.46666666666667,334.11,1
450,450.0000000000021,93.990885,93.5,490.89,1
451,451.0000000000022,94.191623,93.56666666666666,624.96,1
452,452.0000000000022,94.392361,94.73333333333333,340.97,1
453,453.0000000000025,94.593099,94.76666666666667,173.57,1
454,454.00000000000233,94.840588,94.93333333333334,92.75,1
455,455.0000000000022,95.088077,95.3,211.92,1
456,456.00000000000233,95.335566,95.56666666666666,231.1,1
457,457.0000000000022,95.583054,95.76666666666667,183.61,1
458,458.00000000000233,95.830543,96.0,169.46,1
459,459.0000000000022,96.078032,96.06666666666666,11.37,1
460,460.00000000000233,96.325521,96.33333333333333,7.81,1
461,461.0000000000022,96.533203,96.5,33.2,1
462,462.00000000000233,96.740886,96.93333333333334,192.45,1
463,463.0000000000022,96.948568,97.13333333333334,184.77,1
464,464.00000000000233,97.15625,97.33333333333333,177.08,1
465,465.00000000000233,97.363932,99.03333333333333,1669.4,1
466,466.00000000000233,97.571614,99.23333333333333,1661.72,1
467,467.0000000000022,97.779297,99.5,1720.7,1
468,468.00000000000233,97.986979,99.66666666666667,1679.69,1
469,469.0000000000022,98.194661,99.76666666666667,1572.01,1
470,470.00000000000233,98.402344,99.8,1397.66,1
471,471.0000000000024,98.583333,99.83333333333333,1250.0,1
472,472.0000000000024,98.804688,99.9,1095.31,1
473,473.00000000000233,99.026042,99.93333333333334,907.29,1
474,474.0000000000024,99.21224,100.4,1187.76,1
475,475.0000000000024,99.421441,101.5,2078.56,1
476,476.0000000000024,99.630643,101.76666666666667,2136.02,1
477,477.00000000000244,99.839844,102.0,2160.16,1
478,478.0000000000024,100.049045,102.06666666666666,2017.62,1
479,479.0000000000024,100.258247,102.1,1841.75,1
480,480.0000000000024,100.467448,102.13333333333334,1665.89,1
481,481.00000000000233,100.708116,102.16666666666667,1458.55,1
482,482.0000000000024,100.948785,102.23333333333333,1284.55,1
483,483.00000000000244,101.189453,102.26666666666667,1077.21,1
484,484.0000000000024,101.348177,102.3,951.82,1
485,485.00000000000244,101.506901,102.33333333333333,826.43,1
486,486.00000000000244,101.665625,102.4,734.38,1
487,487.0000000000024,101.824349,102.43333333333334,608.98,1
488,488.00000000000244,101.983073,102.46666666666667,483.59,1
489,489.0000000000025,102.19987,102.5,300.13,1
490,490.00000000000244,102.34668,102.53333333333333,186.65,1
491,491.0000000000025,102.493489,102.6,106.51,1
492,492.0000000000025,102.708333,102.66666666666667,41.67,1
493,493.00000000000256,102.931641,102.7,231.64,1
494,494.0000000000025,103.154948,103.16666666666667,11.72,1
495,495.00000000000256,103.347005,103.43333333333334,86.33,1
496,496.0000000000027,103.570963,103.53333333333333,37.63,1
497,497.00000000000256,103.794922,103.7,94.92,1
498,498.00000000000256,103.975911,104.03333333333333,57.42,1
499,499.0000000000027,104.153537,104.23333333333333,79.8,1
500,500.0000000000026,104.331163,104.3,31.16,1
501,501.00000000000256,104.508789,104.66666666666667,157.88,1
502,502.0000000000027,104.686415,104.83333333333333,146.92,1
503,503.0000000000026,104.864041,105.2,335.96,1
504,504.00000000000256,105.041667,105.33333333333333,291.67,1
505,505.0000000000026,105.325087,105.53333333333333,208.25,1
506,506.0000000000026,105.608507,105.86666666666666,258.16,1
507,507.00000000000273,105.891927,105.9,8.07,1
508,508.0000000000027,106.101346,106.3,198.65,1
509,509.0000000000027,106.310764,107.06666666666666,755.9,1
510,510.0000000000026,106.520183,107.13333333333334,613.15,1
511,511.0000000000027,106.729601,107.16666666666667,437.07,1
512,512.0000000000026,106.93902,107.2,260.98,1
513,513.0000000000026,107.14843799999998,107.23333333333333,84.9,1
514,514.0000000000026,107.451389,107.26666666666667,184.72,1
515,515.0000000000026,107.754341,107.36666666666666,387.67,1
516,516.0000000000026,108.057292,107.4,657.29,1
517,517.0000000000026,108.252604,107.76666666666667,485.94,1
518,518.0000000000026,108.447917,108.1,347.92,1
519,519.0000000000026,108.643229,108.33333333333333,309.9,1
520,520.0000000000026,108.843316,108.4,443.32,1
521,521.0000000000026,109.043403,108.43333333333334,610.07,1
522,522.0000000000026,109.24349,108.5,743.49,1
523,523.0000000000026,109.444879,108.6,844.88,1
524,524.0000000000025,109.646267,110.0,353.73,1
525,525.0000000000026,109.847656,110.13333333333334,285.68,1
526,526.0000000000025,110.069987,110.23333333333333,163.35,1
527,527.0000000000026,110.292318,110.43333333333334,141.02,1
528,528.0000000000026,110.514648,110.63333333333334,118.69,1
529,529.0000000000026,110.736979,110.83333333333333,96.35,1
530,530.0000000000026,110.95931000000002,111.16666666666667,207.36,1
531,531.0000000000025,111.18164099999998,111.23333333333333,51.69,1
532,532.0000000000025,111.863281,111.5,363.28,1
533,533.0000000000026,112.544922,111.66666666666667,878.26,1
534,534.0000000000026,113.22656200000002,111.83333333333333,1393.23,1
535,534.9979166666692,113.350043,112.03333333333333,1316.71,1
536,535.9979166666691,113.473524,112.23333333333333,1240.19,1
537,537.0000000000024,113.597005,112.46666666666667,1130.34,1
538,537.9979166666689,113.720486,112.5,1220.49,1
539,538.9979166666687,113.843967,112.83333333333333,1010.63,1
540,540.000000000002,113.967448,113.1,867.45,1
541,541.0000000000019,114.219401,113.36666666666666,852.73,1
542,542.000000000002,114.471354,113.56666666666666,904.69,1
543,543.0000000000019,114.591797,114.6,8.2,1
544,544.000000000002,114.761719,114.86666666666666,104.95,1
545,545.000000000002,114.89843799999998,115.26666666666667,368.23,1
546,546.000000000002,115.06901,115.5,430.99,1
547,547.000000000002,115.247396,115.6,352.6,1
548,548.0000000000022,115.41276,115.63333333333334,220.57,1
549,549.0000000000022,115.610677,115.7,89.32,1
550,550.0000000000022,115.84375,115.73333333333333,110.42,1
551,551.0000000000022,116.076823,116.13333333333334,56.51,1
552,552.0000000000022,116.309896,116.33333333333333,23.44,1
553,553.0000000000023,116.480469,116.43333333333334,47.14,1
554,554.0000000000023,116.627604,116.63333333333334,5.73,1
555,555.0000000000023,116.772135,117.1,327.86,1
556,556.0000000000023,116.964844,117.23333333333333,268.49,1
557,557.0000000000023,117.140625,117.33333333333333,192.71,1
558,558.0000000000023,117.35026,117.36666666666666,16.41,1
559,559.0000000000023,117.485677,117.43333333333334,52.34,1
560,560.0000000000024,117.63281200000002,117.6,32.81,1
561,561.0000000000025,117.817057,117.8,17.06,1
562,562.0000000000024,118.064453,118.0,64.45,1
563,563.0000000000025,118.30468799999998,118.2,104.69,1
564,564.0000000000025,118.630208,118.36666666666666,263.54,1
565,565.0000000000025,118.847005,118.9,53.0,1
566,566.0000000000025,119.063802,118.93333333333334,130.47,1
567,567.0000000000025,119.20638,119.2,6.38,1
568,568.0000000000025,119.394531,119.43333333333334,38.8,1
569,569.0000000000025,119.515625,119.5,15.62,1
570,570.0000000000025,119.704427,119.73333333333333,28.91,1
571,571.0000000000026,119.886719,119.86666666666666,20.05,1
572,572.0000000000025,120.066406,120.06666666666666,0.26,1
573,573.0000000000026,120.296875,120.3,3.12,1
574,574.0000000000028,120.509549,120.33333333333333,176.22,1
575,575.0000000000028,120.722222,120.53333333333333,188.89,1
576,576.0000000000028,120.934896,121.06666666666666,131.77,1
577,577.0000000000028,121.095052,121.1,4.95,1
578,578.0000000000028,121.25,121.16666666666667,83.33,1
579,579.000000000003,121.369792,121.36666666666666,3.13,1
580,580.0000000000028,121.55468799999998,121.56666666666666,11.98,1
581,581.000000000003,121.69401,121.66666666666667,27.34,1
582,582.000000000003,121.832683,121.8,32.68,1
583,583.000000000003,121.970052,121.93333333333334,36.72,1
584,584.000000000003,122.121094,122.1,21.09,1
585,585.0000000000031,122.29362,122.3,6.38,1
586,586.0000000000031,122.490885,122.43333333333334,57.55,1
587,587.0000000000031,122.707031,122.66666666666667,40.36,1
588,588.0000000000031,123.227865,122.86666666666666,361.2,1
589,589.0000000000031,123.481771,123.16666666666667,315.1,1
590,590.0000000000031,123.63281200000002,123.6,32.81,1
591,591.0000000000031,123.765625,123.83333333333333,67.71,1
592,592.0000000000031,123.94531299999998,123.93333333333334,11.98,1
593,593.0000000000031,124.13151,124.0,131.51,1
594,594.0000000000031,124.329427,124.3,29.43,1
595,595.0000000000031,124.459635,124.33333333333333,126.3,1
596,596.0000000000031,124.628906,124.4,228.91,1
597,597.0000000000031,124.903646,125.2,296.35,1
598,598.0000000000031,125.169271,125.23333333333333,64.06,1
599,599.0000000000032,125.373698,125.36666666666666,7.03,1
600,600.0000000000031,125.557292,125.63333333333334,76.04,1
601,601.0000000000031,125.768229,125.9,131.77,1
602,602.0000000000031,125.959636,125.96666666666667,7.03,1
603,603.0000000000031,126.20052,126.0,200.52,1
604,604.0000000000032,126.421224,126.06666666666666,354.56,1
605,605.0000000000032,126.611979,126.7,88.02,1
606,606.0000000000033,126.895833,126.8,95.83,1
607,607.0000000000032,127.191406,127.13333333333334,58.07,1
608,608.0000000000033,127.391927,127.26666666666667,125.26,1
609,609.0000000000033,127.694661,127.8,105.34,1
610,610.0000000000033,128.03776000000002,128.13333333333333,95.57,1
611,611.0000000000033,128.263672,128.23333333333332,30.34,1
612,612.0000000000033,128.47786499999998,128.33333333333334,144.53,1
613,613.0000000000033,128.70963500000002,128.66666666666666,42.97,1
614,614.0000000000033,128.891927,128.83333333333334,58.59,1
615,615.0000000000033,129.092448,129.0,92.45,1
616,616.0000000000033,129.345703,129.3,45.7,1
617,617.0000000000033,129.582031,129.66666666666666,84.64,1
618,618.0000000000033,129.815104,129.73333333333332,81.77,1
619,619.0000000000032,130.02213500000002,129.86666666666667,155.47,1
620,620.0000000000033,130.21875,130.3,81.25,1
621,621.0000000000033,130.546875,130.46666666666667,80.21,1
622,622.0000000000033,130.90625,130.86666666666667,39.58,1
623,623.0000000000032,131.083333,131.0,83.33,1
624,624.0000000000033,131.28125,131.36666666666667,85.42,1
625,625.0000000000033,131.524089,131.5,24.09,1
626,626.0000000000033,131.751302,131.73333333333332,17.97,1
627,627.0000000000034,131.990235,132.13333333333333,143.1,1
628,628.0000000000034,132.264323,132.2,64.32,1
629,629.0000000000033,132.463542,132.3,163.54,1
630,630.0000000000034,132.654948,132.6,54.95,1
631,631.0000000000034,132.894531,132.66666666666666,227.86,1
632,632.0000000000034,133.066406,132.9,166.41,1
633,633.0000000000034,133.329427,133.3,29.43,1
634,634.0000000000034,133.74088500000002,133.36666666666667,374.22,1
635,635.0000000000034,133.951823,133.86666666666667,85.16,1
636,636.0000000000035,134.24414,133.93333333333334,310.81,1
637,637.0000000000035,134.63411499999998,133.96666666666667,667.45,1
638,638.0000000000034,134.820312,134.16666666666666,653.65,1
639,639.0000000000035,134.998698,134.2,798.7,1
640,640.0000000000034,135.231771,134.26666666666668,965.1,1
641,641.0000000000035,135.434896,135.4,34.9,1
642,642.0000000000034,135.601563,135.46666666666667,134.9,1
643,643.0000000000034,135.829427,135.9,70.57,1
644,644.0000000000034,136.00911499999998,136.0,9.11,1
645,645.0000000000034,136.21223999999998,136.2,12.24,1
646,646.0000000000034,136.389323,136.26666666666668,122.66,1
647,647.0000000000034,136.570312,136.53333333333333,36.98,1
648,648.0000000000034,136.8125,136.76666666666668,45.83,1
649,649.0000000000034,137.092448,137.1,7.55,1
650,650.0000000000034,137.261719,137.26666666666668,4.95,1
651,651.0000000000034,137.563151,137.3,263.15,1
652,652.0000000000034,137.817058,137.43333333333334,383.72,1
653,653.0000000000035,138.089844,137.93333333333334,156.51,1
654,654.0000000000034,138.589844,138.06666666666666,523.18,1
655,655.0000000000034,138.966146,138.53333333333333,432.81,1
656,656.0000000000034,139.173177,139.2,26.82,1
657,657.0000000000034,139.45963500000002,139.46666666666667,7.03,1
658,658.0000000000034,139.829427,139.8,29.43,1
659,659.0000000000034,139.998047,139.9,98.05,1
660,660.0000000000031,140.188802,140.23333333333332,44.53,1
661,661.0000000000032,140.445312,140.43333333333334,11.98,1
662,662.0000000000033,140.613281,140.7,86.72,1
663,663.0000000000033,140.861979,141.03333333333333,171.35,1
664,664.0000000000031,141.104167,141.16666666666666,62.5,1
665,665.000000000003,141.295573,141.23333333333332,62.24,1
666,666.0000000000028,141.531901,141.46666666666667,65.23,1
667,667.000000000003,141.77473999999995,141.76666666666668,8.07,1
668,668.000000000003,141.950521,142.1,149.48,1
669,669.0000000000028,142.154948,142.23333333333332,78.39,1
670,670.0000000000028,142.402344,142.36666666666667,35.68,1
671,671.0000000000025,142.589844,142.63333333333333,43.49,1
672,672.0000000000023,142.795573,142.76666666666668,28.91,1
673,673.0000000000023,143.057943,142.93333333333334,124.61,1
674,674.0000000000023,143.276692,143.23333333333332,43.36,1
675,675.0000000000022,143.567708,143.3,267.71,1
676,676.0000000000016,143.85676999999995,143.83333333333334,23.44,1
677,677.0000000000016,144.136719,144.16666666666666,29.95,1
678,678.0000000000016,144.460286,144.33333333333334,126.95,1
679,679.0000000000015,144.855469,144.4,455.47,1
680,680.0000000000016,145.085938,144.86666666666667,219.27,1
681,681.0000000000015,145.36914,145.36666666666667,2.47,1
682,682.0000000000015,145.638021,145.6,38.02,1
683,683.0000000000015,145.845052,145.76666666666668,78.39,1
684,684.0000000000014,145.972656,145.9,72.66,1
685,685.0000000000015,146.242188,146.23333333333332,8.85,1
686,686.0000000000015,146.40625,146.4,6.25,1
687,687.0000000000013,146.589844,146.46666666666667,123.18,1
688,688.0000000000013,146.783854,146.73333333333332,50.52,1
689,689.0000000000013,146.947917,146.8,147.92,1
690,690.000000000001,147.138021,147.03333333333333,104.69,1
691,691.0000000000011,147.361979,147.1,261.98,1
692,692.0000000000011,147.526042,147.53333333333333,7.29,1
693,693.000000000001,147.714844,147.63333333333333,81.51,1
694,694.0000000000011,147.877604,147.73333333333332,144.27,1
695,695.000000000001,148.04036499999995,147.8,240.36,1
696,696.000000000001,148.248698,148.03333333333333,215.36,1
697,697.0000000000013,148.476562,148.43333333333334,43.23,1
698,698.0000000000008,148.661458,148.6,61.46,1
699,699.0000000000008,148.860677,148.86666666666667,5.99,1
700,700.0000000000008,149.05338500000005,149.06666666666666,13.28,1
701,701.0000000000007,149.251302,149.26666666666668,15.36,1
702,702.0000000000007,149.586589,149.5,86.59,1
703,703.0000000000007,149.919271,149.7,219.27,1
704,704.0000000000007,150.113281,150.1,13.28,1
705,705.0000000000007,150.417318,150.3,117.32,1
706,706.0000000000006,150.846354,150.4,446.35,1
707,707.0000000000005,151.191406,150.46666666666667,724.74,1
708,708.0000000000005,151.488281,150.5,988.28,1
709,709.0000000000003,151.75911499999995,151.76666666666668,7.55,1
710,710.0000000000005,151.972982,151.96666666666667,6.32,1
711,711.0000000000005,152.186849,152.16666666666666,20.18,1
712,712.0000000000002,152.558594,152.23333333333332,325.26,1
713,713.0000000000005,152.66276000000005,152.56666666666666,96.09,1
714,714.0000000000002,152.966146,152.93333333333334,32.81,1
715,715.0000000000002,153.238281,152.96666666666667,271.61,1
716,716.0000000000002,153.417969,153.03333333333333,384.64,1
717,717.0000000000001,153.61848999999995,153.6,18.49,1
718,718.0000000000001,153.85286499999995,153.8,52.86,1
719,719.0,154.029948,154.03333333333333,3.39,1
720,719.9999999999999,154.235677,154.23333333333332,2.34,1
721,721.0000000000001,154.518229,154.3,218.23,1
722,721.9999999999998,154.723958,154.7,23.96,1
723,722.9999999999994,154.957682,154.9,57.68,1
724,723.9999999999997,155.127604,155.2,72.4,1
725,724.9999999999999,155.300781,155.3,0.78,1
726,725.9999999999999,155.44401000000005,155.8,355.99,1
727,726.9999999999997,155.617188,156.0,382.81,1
728,727.9999999999995,155.805339,156.06666666666666,261.33,1
729,728.9999999999998,156.003255,156.1,96.74,1
730,729.9999999999993,156.172526,156.23333333333332,60.81,1
731,730.9999999999993,156.32487,156.33333333333334,8.46,1
732,731.9999999999992,156.485677,156.43333333333334,52.34,1
733,732.999999999999,156.6875,156.76666666666668,79.17,1
734,733.9999999999992,156.886719,156.9,13.28,1
735,734.9999999999986,157.197917,157.03333333333333,164.58,1
736,735.9999999999989,157.388021,157.1,288.02,1
737,736.9999999999992,157.557292,157.13333333333333,423.96,1
738,737.999999999999,157.736979,157.9,163.02,1
739,738.999999999999,157.970052,158.13333333333333,163.28,1
740,739.999999999999,158.13411499999995,158.16666666666666,32.55,1
741,740.9999999999986,158.388021,158.26666666666668,121.35,1
742,741.9999999999987,158.580729,158.3,280.73,1
743,742.9999999999986,158.785156,158.7,85.16,1
744,743.9999999999985,159.054688,159.03333333333333,21.35,1
745,744.9999999999985,159.288411,159.06666666666666,221.74,1
746,745.9999999999983,159.52213500000005,159.13333333333333,388.8,1
747,746.9999999999985,159.670573,159.8,129.43,1
748,747.9999999999985,159.851562,159.96666666666667,115.1,1
749,748.9999999999985,160.02539,160.16666666666666,141.28,1
750,749.9999999999982,160.199219,160.2,0.78,1
751,750.9999999999982,160.447917,160.43333333333334,14.58,1
752,751.9999999999982,160.69661499999995,160.8,103.39,1
753,752.9999999999984,160.824219,160.96666666666667,142.45,1
754,753.9999999999981,161.0,161.1,100.0,1
755,754.999999999998,161.173177,161.16666666666666,6.51,1
756,755.999999999998,161.369792,161.26666666666668,103.13,1
757,756.9999999999977,161.614583,161.83333333333334,218.75,1
758,757.9999999999976,161.859375,161.93333333333334,73.96,1
759,758.9999999999978,161.984375,162.16666666666666,182.29,1
760,759.9999999999977,162.182292,162.53333333333333,351.04,1
761,760.9999999999978,162.36588500000005,162.63333333333333,267.45,1
762,761.9999999999975,162.544271,162.66666666666666,122.4,1
763,762.9999999999975,162.782552,162.76666666666668,15.89,1
764,763.9999999999977,163.020833,163.03333333333333,12.5,1
765,764.9999999999977,163.160156,163.2,39.84,1
766,765.9999999999974,163.354167,163.5,145.83,1
767,766.9999999999972,163.54036499999995,163.6,59.64,1
768,767.999999999997,163.744792,163.73333333333332,11.46,1
769,768.9999999999969,164.007813,164.13333333333333,125.52,1
770,769.999999999997,164.270833,164.3,29.17,1
771,770.999999999997,164.403646,164.5,96.35,1
772,771.9999999999972,164.60286499999995,164.9,297.14,1
773,772.9999999999967,164.79036499999995,165.06666666666666,276.3,1
774,773.9999999999967,164.933594,165.2,266.41,1
775,774.9999999999966,165.13411499999995,165.36666666666667,232.55,1
776,775.9999999999965,165.286458,165.56666666666666,280.21,1
777,776.9999999999965,165.440104,165.83333333333334,393.23,1
778,777.9999999999964,165.645833,165.96666666666667,320.83,1
779,778.9999999999962,165.777344,166.6,822.66,1
780,779.9999999999964,165.985677,166.8,814.32,1
781,780.9999999999959,166.270182,166.86666666666667,596.48,1
782,781.9999999999962,166.554687,166.9,345.31,1
783,782.9999999999964,166.839193,166.96666666666667,127.47,1
784,783.9999999999961,167.13831000000005,167.0,138.31,1
785,784.999999999996,167.437427,167.06666666666666,370.76,1
786,785.9999999999962,167.736545,167.1,636.55,1
787,786.9999999999961,168.035663,167.16666666666666,869.0,1
788,787.9999999999964,168.33478,167.2,1134.78,1
789,788.9999999999962,168.633898,167.26666666666668,1367.23,1
790,789.9999999999961,168.93301499999995,167.3,1633.01,1
791,790.9999999999961,169.232133,167.36666666666667,1865.47,1
792,791.999999999996,169.53125,167.43333333333334,2097.92,1
793,792.9999999999977,169.885851,167.46666666666667,2419.18,1
794,793.9999999999976,170.240451,167.73333333333332,2507.12,1
795,794.9999999999977,170.595052,168.03333333333333,2561.72,1
796,795.9999999999977,171.089193,168.1,2989.19,1
797,796.9999999999976,171.583333,168.4,3183.33,1
798,797.9999999999977,172.077474,168.6,3477.47,1
799,798.9999999999976,172.57161499999995,168.8,3771.61,1
800,799.9999999999976,172.99088500000005,168.83333333333334,4157.55,1
801,800.9999999999976,173.358073,168.9,4458.07,1
802,801.9999999999975,173.708333,172.03333333333333,1675.0,1
803,802.9999999999976,174.014323,172.23333333333332,1780.99,1
804,803.9999999999976,174.614583,172.5,2114.58,1
805,804.9999999999976,174.981771,173.7,1281.77,1
806,805.9999999999977,175.348958,173.73333333333332,1615.62,1
807,806.9999999999976,175.716146,174.5,1216.15,1
808,807.9999999999976,176.22493500000004,174.56666666666666,1658.27,1
809,808.9999999999977,176.733724,174.6,2133.72,1
810,809.9999999999976,177.242513,175.63333333333333,1609.18,1
811,810.9999999999976,177.751302,175.83333333333334,1917.97,1
812,811.9999999999975,178.16276000000005,175.96666666666667,2196.09,1
813,812.9999999999972,178.511719,176.13333333333333,2378.39,1
814,813.9999999999974,178.914062,177.2,1714.06,1
815,814.9999999999975,179.701172,178.13333333333333,1567.84,1
816,815.9999999999972,180.488281,178.2,2288.28,1
817,816.9999999999974,180.878906,178.9,1978.91,1
818,817.9999999999974,181.269531,178.93333333333334,2336.2,1
819,818.9999999999972,181.660156,179.63333333333333,2026.82,1
820,819.9999999999974,182.33138,179.86666666666667,2464.71,1
821,820.999999999997,183.002604,180.8,2202.6,1
822,821.9999999999972,183.507813,181.63333333333333,1874.48,1
823,822.9999999999972,183.928602,181.66666666666666,2261.94,1
824,823.9999999999972,184.349392,182.76666666666668,1582.73,1
825,824.9999999999972,184.770182,183.6,1170.18,1
826,825.9999999999972,185.190972,183.8,1390.97,1
827,826.9999999999972,185.611762,184.0,1611.76,1
828,827.9999999999972,186.032552,184.26666666666668,1765.89,1
829,828.9999999999972,186.389323,184.5,1889.32,1
830,829.999999999997,186.746094,184.66666666666666,2079.43,1
831,830.9999999999974,187.144531,185.86666666666667,1277.86,1
832,831.9999999999972,187.48062,186.26666666666668,1213.95,1
833,832.9999999999969,187.789063,186.73333333333332,1055.73,1
834,833.9999999999969,188.102865,187.0,1102.87,1
835,834.999999999997,188.381185,187.3,1081.18,1
836,835.9999999999969,188.659505,187.76666666666668,892.84,1
837,836.9999999999969,189.073567,188.13333333333333,940.23,1
838,837.9999999999967,189.443685,188.33333333333334,1110.35,1
839,838.9999999999967,189.813802,188.83333333333334,980.47,1
840,839.9999999999967,190.451823,189.1,1351.82,1
841,840.9999999999965,191.518229,189.16666666666666,2351.56,1
842,841.9999999999966,191.752604,189.76666666666668,1985.94,1
843,842.9999999999964,191.957682,190.66666666666666,1291.02,1
844,843.9999999999966,192.190104,190.8,1390.1,1
845,844.9999999999966,192.403646,191.1,1303.65,1
846,845.9999999999966,192.601562,191.73333333333332,868.23,1
847,846.9999999999966,192.858073,191.76666666666668,1091.41,1
848,847.9999999999966,193.126302,191.8,1326.3,1
849,848.9999999999965,193.623698,191.9,1723.7,1
850,849.9999999999967,194.458116,192.06666666666666,2391.45,1
851,850.9999999999967,195.292535,192.33333333333334,2959.2,1
852,851.9999999999967,196.126953,192.36666666666667,3760.29,1
853,852.9999999999966,196.588976,193.03333333333333,3555.64,1
854,853.9999999999967,197.050998,194.06666666666666,2984.33,1
855,854.9999999999965,197.513021,194.26666666666668,3246.35,1
856,855.9999999999966,197.979167,194.5,3479.17,1
857,856.9999999999966,198.445313,194.9,3545.31,1
858,857.9999999999966,198.911458,197.86666666666667,1044.79,1
859,858.9999999999966,199.377604,197.9,1477.6,1
860,859.9999999999965,199.833333,197.93333333333334,1900.0,1
861,860.9999999999965,200.230469,197.96666666666667,2263.8,1
862,861.9999999999967,200.565104,199.33333333333334,1231.77,1
863,862.9999999999967,200.84375,199.8,1043.75,1
864,863.9999999999967,201.294271,200.2,1094.27,1
865,864.9999999999968,201.662761,200.26666666666668,1396.09,1
866,865.9999999999965,202.03125,200.83333333333334,1197.92,1
867,866.9999999999965,202.39974,201.26666666666668,1133.07,1
868,867.9999999999966,202.812826,201.3,1512.83,1
869,868.9999999999966,203.225911,201.33333333333334,1892.58,1
870,869.9999999999966,203.638997,201.9,1739.0,1
871,870.9999999999966,204.052083,202.06666666666666,1985.42,1
872,871.9999999999967,204.434896,202.5,1934.9,1
873,872.9999999999967,204.772135,202.56666666666666,2205.47,1
874,873.9999999999967,205.11849,203.83333333333334,1285.16,1
875,874.9999999999967,205.914063,204.4,1514.06,1
876,875.9999999999967,206.709635,204.5,2209.63,1
877,876.9999999999967,207.371094,205.1,2271.09,1
878,877.9999999999967,207.833333,205.13333333333333,2700.0,1
879,878.9999999999967,208.251302,205.83333333333334,2417.97,1
880,879.9999999999967,208.674262,205.86666666666667,2807.6,1
881,880.9999999999967,209.097222,206.03333333333333,3063.89,1
882,881.9999999999967,209.520183,207.23333333333332,2286.85,1
883,882.9999999999967,210.281576,208.46666666666667,1814.91,1
884,883.9999999999967,211.042969,208.66666666666666,2376.3,1
885,884.9999999999967,211.632162,208.7,2932.16,1
886,885.9999999999967,211.978154,209.46666666666667,2511.49,1
887,886.9999999999967,212.324147,211.0,1324.15,1
888,887.9999999999967,212.670139,211.6,1070.14,1
889,888.9999999999967,213.016132,211.86666666666667,1149.47,1
890,889.9999999999967,213.362124,212.13333333333333,1228.79,1
891,890.9999999999967,213.708117,212.23333333333332,1474.78,1
892,891.9999999999967,214.054109,212.43333333333334,1620.78,1
893,892.9999999999967,214.400102,212.63333333333333,1766.77,1
894,893.9999999999967,214.746094,212.86666666666667,1879.43,1
895,894.9999999999967,215.06622,213.06666666666666,1999.55,1
896,895.9999999999967,215.38634700000003,214.13333333333333,1253.01,1
897,896.9999999999968,215.706473,214.9,806.47,1
898,897.9999999999968,216.0266,214.93333333333334,1093.27,1
899,898.9999999999967,216.346726,214.96666666666667,1380.06,1
900,899.9999999999967,216.666853,215.0,1666.85,1
901,900.9999999999968,216.986979,215.06666666666666,1920.31,1
902,901.9999999999967,217.231771,215.73333333333332,1498.44,1
903,902.9999999999966,217.68052000000003,216.1,1580.52,1
904,903.9979166666633,217.944766,216.86666666666667,1078.1,1
905,904.9999999999966,218.219401,217.23333333333332,986.07,1
906,905.9999999999966,218.568083,217.46666666666667,1101.42,1
907,906.9999999999966,218.843708,217.5,1343.71,1
908,907.9999999999964,219.122396,218.26666666666668,855.73,1
909,908.9999999999964,219.501302,218.4,1101.3,1
910,909.9999999999965,219.788086,218.43333333333334,1354.75,1
911,910.9999999999964,220.074869,219.1,974.87,1
912,911.9999999999964,220.47461,219.5,974.61,1
913,912.9999999999964,220.851563,219.56666666666666,1284.9,1
914,913.9999999999961,221.228515,220.06666666666666,1161.85,1
915,914.9999999999961,221.916015,220.26666666666668,1649.35,1
916,915.9999999999961,222.378906,220.53333333333333,1845.57,1
917,916.9999999999961,222.841797,221.2,1641.8,1
918,917.9999999999961,223.304688,221.86666666666667,1438.02,1
919,918.9999999999961,223.632813,222.06666666666666,1566.15,1
920,919.9999999999961,223.960938,222.26666666666668,1694.27,1
921,920.9999999999959,224.291667,222.43333333333334,1858.33,1
922,921.9999999999959,224.621094,222.73333333333332,1887.76,1
923,922.9999999999958,224.967448,222.96666666666667,2000.78,1
924,923.9999999999956,225.554688,223.3,2254.69,1
925,924.9999999999956,226.938802,223.63333333333333,3305.47,1
926,925.9999999999956,227.705729,223.66666666666666,4039.06,1
927,926.9999999999956,228.654297,223.83333333333334,4820.96,1
928,927.9999999999956,229.360677,223.86666666666667,5494.01,1
929,928.9999999999953,229.635417,224.46666666666667,5168.75,1
930,929.9999999999953,229.951823,225.53333333333333,4418.49,1
931,930.9999999999953,230.282552,226.36666666666667,3915.89,1
932,931.9999999999953,230.572917,226.4,4172.92,1
933,932.9999999999952,230.872396,226.43333333333334,4439.06,1
934,933.9999999999952,231.170573,226.46666666666667,4703.91,1
935,934.9999999999952,231.410808,226.53333333333333,4877.47,1
936,935.9999999999952,231.667969,226.56666666666666,5101.3,1
937,936.9999999999952,231.967448,227.06666666666666,4900.78,1
938,937.9999999999951,232.28776,227.1,5187.76,1
939,938.9999999999951,232.644531,228.16666666666666,4477.86,1
940,939.9999999999951,233.076823,229.06666666666666,4010.16,1
941,940.999999999995,233.380208,229.1,4280.21,1
942,941.999999999995,233.674479,229.2,4474.48,1
943,942.999999999995,233.9375,229.23333333333332,4704.17,1
944,943.999999999995,234.196615,229.56666666666666,4629.95,1
945,944.999999999995,234.476563,229.96666666666667,4509.9,1
946,945.9999999999949,234.794271,230.23333333333332,4560.94,1
947,946.9999999999948,234.992838,230.46666666666667,4526.17,1
948,947.9999999999949,235.265625,230.76666666666668,4498.96,1
949,948.9999999999948,235.541666,231.0,4541.67,1
950,949.9999999999948,235.800781,231.16666666666666,4634.11,1
951,950.9999999999948,236.06901,235.33333333333334,735.68,1
952,951.9999999999947,236.507161,235.46666666666667,1040.49,1
953,952.9999999999947,236.739584,235.76666666666668,972.92,1
954,953.9999999999947,237.003906,236.13333333333333,870.57,1
955,954.9999999999947,237.289063,236.46666666666667,822.4,1
956,955.9999999999947,237.536458,236.76666666666668,769.79,1
957,956.9999999999947,237.781902,237.1,681.9,1
958,957.9999999999945,238.053385,237.23333333333332,820.05,1
959,958.9999999999944,238.238281,237.5,738.28,1
960,959.9999999999945,238.46289,237.63333333333333,829.56,1
961,960.9999999999944,238.732421,237.96666666666667,765.75,1
962,961.9999999999944,238.977865,238.26666666666668,711.2,1
963,962.9999999999944,239.233073,238.33333333333334,899.74,1
964,963.9999999999944,239.629558,238.63333333333333,996.22,1
965,964.9999999999943,239.848958,238.9,948.96,1
966,965.9999999999943,240.092448,239.33333333333334,759.11,1
967,966.9999999999943,240.354818,239.5,854.82,1
968,967.9999999999942,240.570963,239.83333333333334,737.63,1
969,968.9999999999942,240.8125,240.23333333333332,579.17,1
970,969.9999999999942,241.072916,240.5,572.92,1
971,970.9999999999941,241.265625,240.63333333333333,632.29,1
972,971.9999999999941,241.478515,240.76666666666668,711.85,1
973,972.9999999999941,241.734375,240.93333333333334,801.04,1
974,973.9999999999941,241.961588,241.3,661.59,1
975,974.9999999999941,242.229167,241.6,629.17,1
976,975.9999999999941,242.559896,241.66666666666666,893.23,1
977,976.9999999999939,242.748047,242.26666666666668,481.38,1
978,977.9999999999941,242.984375,242.33333333333334,651.04,1
979,978.9999999999939,243.274088,242.56666666666666,707.42,1
980,979.9999999999939,243.501953,242.76666666666668,735.29,1
981,980.9999999999939,243.811198,243.03333333333333,777.86,1
982,981.9999999999939,244.139974,243.23333333333332,906.64,1
983,982.9999999999937,244.373047,243.5,873.05,1
984,983.9999999999939,244.655599,243.76666666666668,888.93,1
985,984.9999999999937,244.884115,244.16666666666666,717.45,1
986,985.9999999999937,245.141927,244.26666666666668,875.26,1
987,986.9999999999937,245.513021,244.5,1013.02,1
988,987.9999999999935,245.91276,244.86666666666667,1046.09,1
989,988.9999999999935,246.157552,245.2,957.55,1
990,989.9999999999935,246.495442,245.43333333333334,1062.11,1
991,990.9999999999935,246.764974,245.5,1264.97,1
992,991.9999999999935,247.052084,245.86666666666667,1185.42,1
993,992.9999999999934,247.455729,246.36666666666667,1089.06,1
994,993.9999999999934,247.869791,246.76666666666668,1103.12,1
995,994.9999999999933,248.195313,247.06666666666666,1128.65,1
996,995.9999999999933,248.595704,247.46666666666667,1129.04,1
997,996.9999999999934,249.080729,247.63333333333333,1447.4,1
998,997.9999999999932,249.726562,247.86666666666667,1859.9,1
999,998.9999999999932,250.425131,248.13333333333333,2291.8,1
1000,999.9999999999887,250.684896,249.73333333333332,951.56,1
1001,1000.999999999989,250.834635,249.86666666666667,967.97,1
1002,1001.999999999989,250.998698,250.06666666666666,932.03,1
1003,1002.9999999999891,251.171875,250.26666666666668,905.21,1
1004,1003.9999999999891,251.317709,250.4,917.71,1
1005,1004.9999999999891,251.468099,250.5,968.1,1
1006,1005.9999999999892,251.669922,250.66666666666666,1003.26,1
1007,1006.9999999999892,251.777344,250.9,877.34,1
1008,1007.9999999999893,252.003906,251.0,1003.91,1
1009,1008.9999999999893,252.153646,251.16666666666666,986.98,1
1010,1009.9999999999893,252.360677,251.43333333333334,927.34,1
1011,1010.9999999999894,252.561198,251.56666666666666,994.53,1
1012,1011.9999999999894,252.808594,251.76666666666668,1041.93,1
1013,1012.9999999999895,252.924479,251.9,1024.48,1
1014,1013.9999999999895,253.090494,252.23333333333332,857.16,1
1015,1014.9999999999895,253.317709,252.83333333333334,484.38,1
1016,1015.9999999999898,253.444662,252.9,544.66,1
1017,1016.9999999999898,253.62174500000003,252.96666666666667,655.08,1
1018,1017.9999999999899,253.841146,253.73333333333332,107.81,1
1019,1018.9999999999899,254.011067,253.83333333333334,177.73,1
1020,1019.9999999999899,254.193359,253.86666666666667,326.69,1
1021,1020.9999999999901,254.352865,253.9,452.87,1
1022,1021.9999999999901,254.520834,254.03333333333333,487.5,1
1023,1022.9999999999902,254.723307,254.23333333333332,489.97,1
1024,1023.9999999999902,254.91276,254.43333333333334,479.43,1
1025,1024.9999999999902,255.069662,254.6,469.66,1
1026,1025.9999999999902,255.216797,254.66666666666666,550.13,1
1027,1026.9999999999902,255.408854,254.9,508.85,1
1028,1027.9999999999905,255.529948,255.16666666666666,363.28,1
1029,1028.9999999999905,255.682943,255.2,482.94,1
1030,1029.9999999999905,255.865885,255.36666666666667,499.22,1
1031,1030.9999999999907,256.008464,255.53333333333333,475.13,1
1032,1031.9999999999907,256.177083,255.66666666666666,510.42,1
1033,1032.9999999999907,256.30599,255.83333333333334,472.66,1
1034,1033.9999999999907,256.480469,255.93333333333334,547.14,1
1035,1034.9999999999907,256.663411,256.1,563.41,1
1036,1035.999999999991,256.880208,256.26666666666665,613.54,1
1037,1036.999999999991,257.008464,256.46666666666664,541.8,1
1038,1037.9999999999911,257.16080800000003,256.6333333333333,527.47,1
1039,1038.9999999999911,257.372396,256.6666666666667,705.73,1
1040,1039.9999999999911,257.45703100000003,257.0,457.03,1
1041,1040.9999999999911,257.628907,257.2,428.91,1
1042,1041.9999999999911,257.809896,257.3666666666667,443.23,1
1043,1042.9999999999914,257.979167,257.53333333333336,445.83,1
1044,1043.9999999999914,258.139974,257.6666666666667,473.31,1
1045,1044.9999999999914,258.309896,257.8,509.9,1
1046,1045.9999999999916,258.445964,258.03333333333336,412.63,1
1047,1046.9999999999916,258.626302,258.3333333333333,292.97,1
1048,1047.9999999999916,258.833333,258.5,333.33,1
1049,1048.9999999999916,258.95703100000003,258.6,357.03,1
1050,1049.9999999999916,259.111328,258.9,211.33,1
1051,1050.9999999999918,259.299479,258.93333333333334,366.15,1
1052,1051.9999999999918,259.432292,259.0,432.29,1
1053,1052.9999999999918,259.580729,259.06666666666666,514.06,1
1054,1053.9999999999918,259.822917,259.26666666666665,556.25,1
1055,1054.9999999999918,260.020833,259.8,220.83,1
1056,1055.999999999992,260.208333,259.8333333333333,375.0,1
1057,1056.999999999992,260.393229,260.06666666666666,326.56,1
1058,1057.9999999999923,260.58203100000003,260.1,482.03,1
1059,1058.9999999999923,260.735678,260.4,335.68,1
1060,1059.9999999999916,260.95117200000004,260.8333333333333,117.84,1
1061,1060.9999999999916,261.057292,260.8666666666667,190.63,1
1062,1061.9999999999916,261.196615,260.9,296.62,1
1063,1062.9999999999916,261.351563,261.3666666666667,15.1,1
1064,1063.9999999999916,261.476563,261.6,123.44,1
1065,1064.9999999999916,261.610677,261.8,189.32,1
1066,1065.9999999999916,261.841146,261.8666666666667,25.52,1
1067,1066.9999999999916,262.033854,262.3,266.15,1
1068,1067.9999999999916,262.230469,262.3333333333333,102.86,1
1069,1068.9999999999916,262.411458,262.3666666666667,44.79,1
1070,1069.9999999999916,262.617188,262.4,217.19,1
1071,1070.9999999999916,263.134115,262.43333333333334,700.78,1
1072,1071.9999999999916,263.617188,262.6,1017.19,1
1073,1072.9999999999916,263.828125,262.8,1028.12,1
1074,1073.9999999999916,264.022135,263.73333333333335,288.8,1
1075,1074.9999999999916,264.199219,264.23333333333335,34.11,1
1076,1075.9999999999916,264.390625,264.26666666666665,123.96,1
1077,1076.9999999999916,264.59830800000003,264.43333333333334,164.97,1
1078,1077.9999999999916,264.807292,264.6,207.29,1
1079,1078.9999999999916,264.970052,265.1333333333333,163.28,1
1080,1079.9999999999916,265.127604,265.1666666666667,39.06,1
1081,1080.9999999999916,265.31640600000003,265.23333333333335,83.07,1
1082,1081.9999999999916,265.467448,265.76666666666665,299.22,1
1083,1082.9999999999916,265.636719,265.8,163.28,1
1084,1083.9999999999916,265.778646,266.46666666666664,688.02,1
1085,1084.9999999999916,265.950521,266.56666666666666,616.15,1
1086,1085.9999999999916,266.105469,266.6333333333333,527.86,1
1087,1086.9999999999916,266.294271,266.6666666666667,372.4,1
1088,1087.9999999999916,266.447917,266.7,252.08,1
1089,1088.9999999999916,266.652344,266.73333333333335,80.99,1
1090,1089.9999999999916,266.908854,266.76666666666665,142.19,1
1091,1090.9999999999916,267.165365,266.8,365.36,1
1092,1091.9999999999916,267.421875,266.93333333333334,488.54,1
1093,1092.9999999999918,267.678385,267.8333333333333,154.95,1
1094,1093.9999999999918,267.934896,268.03333333333336,98.44,1
1095,1094.9999999999918,268.19140600000003,268.2,8.59,1
1096,1095.9999999999955,268.553385,268.23333333333335,320.05,1
1097,1096.9999999999955,268.915365,268.26666666666665,648.7,1
1098,1097.9999999999955,269.277344,268.3,977.34,1
1099,1098.9999999999955,269.752604,268.3333333333333,1419.27,1
1100,1099.9999999999955,270.227865,268.3666666666667,1861.2,1
1101,1100.9999999999955,270.703125,269.2,1503.13,1
1102,1101.9999999999955,271.178385,269.26666666666665,1911.72,1
1103,1102.9999999999952,271.625,269.4,2225.0,1
1104,1103.9999999999952,271.976562,269.6333333333333,2343.23,1
1105,1104.9999999999952,272.282552,270.8333333333333,1449.22,1
1106,1105.9999999999952,272.68099,271.6,1080.99,1
1107,1106.9999999999952,273.079427,271.96666666666664,1112.76,1
1108,1107.9999999999952,273.46658,272.23333333333335,1233.25,1
1109,1108.9999999999952,273.853732,272.26666666666665,1587.07,1
1110,1109.9999999999952,274.240885,273.0,1240.88,1
1111,1110.9999999999952,274.69108,273.03333333333336,1657.75,1
1112,1111.9999999999952,275.141276,273.06666666666666,2074.61,1
1113,1112.9999999999952,275.591472,273.1,2491.47,1
1114,1113.9999999999952,276.041667,274.26666666666665,1775.0,1
1115,1114.9999999999952,276.463542,274.56666666666666,1896.88,1
1116,1115.9999999999952,276.761719,274.6,2161.72,1
1117,1116.999999999995,277.083333,275.96666666666664,1116.67,1
1118,1117.9999999999952,277.860026,276.43333333333334,1426.69,1
1119,1118.999999999995,278.636719,276.73333333333335,1903.39,1
1120,1119.999999999995,279.28776,276.76666666666665,2521.09,1
1121,1120.999999999995,279.682292,277.1,2582.29,1
1122,1121.999999999995,280.074219,278.0,2074.22,1
1123,1122.999999999995,280.519748,278.6666666666667,1853.08,1
1124,1123.999999999995,280.965278,279.6333333333333,1331.94,1
1125,1124.999999999995,281.410807,280.06666666666666,1344.14,1
1126,1125.999999999995,282.129232,280.1,2029.23,1
1127,1126.999999999995,282.8476560000001,280.1333333333333,2714.32,1
1128,1127.9999999999948,283.333333,280.8,2533.33,1
1129,1128.9999999999948,283.809028,281.06666666666666,2742.36,1
1130,1129.9999999999948,284.2847220000001,281.23333333333335,3051.39,1
1131,1130.9999999999948,284.760417,281.3666666666667,3393.75,1
1132,1131.9999999999948,285.236111,283.6,1636.11,1
1133,1132.9999999999948,285.711806,283.76666666666665,1945.14,1
1134,1133.9999999999948,286.1875,283.96666666666664,2220.83,1
1135,1134.9999999999948,286.5592450000001,284.1333333333333,2425.91,1
1136,1135.9999999999948,286.93099,284.9,2030.99,1
1137,1136.999999999995,287.323568,285.5,1823.57,1
1138,1137.9999999999948,287.631107,286.23333333333335,1397.77,1
1139,1138.9999999999943,287.953776,286.93333333333334,1020.44,1
1140,1139.9999999999948,288.300131,287.06666666666666,1233.46,1
1141,1140.9999999999948,288.602214,287.26666666666665,1335.55,1
1142,1141.999999999995,288.9042970000001,287.93333333333334,970.96,1
1143,1142.999999999995,289.317708,288.3333333333333,984.37,1
1144,1143.999999999995,289.709673,288.56666666666666,1143.01,1
1145,1144.999999999995,290.1132810000001,289.06666666666666,1046.61,1
1146,1145.9999999999952,290.677083,289.2,1477.08,1
1147,1146.9999999999948,291.413997,289.3666666666667,2047.33,1
1148,1147.999999999995,292.06901,290.1333333333333,1935.68,1
1149,1148.999999999995,292.2949220000001,290.9,1394.92,1
1150,1149.9999999999948,292.526042,290.96666666666664,1559.38,1
1151,1150.9999999999948,292.69401,291.1333333333333,1560.68,1
1152,1151.9999999999948,292.877604,291.96666666666664,910.94,1
1153,1152.999999999995,293.104167,292.23333333333335,870.83,1
1154,1153.999999999995,293.367188,292.3,1067.19,1
1155,1154.999999999995,293.855469,292.3333333333333,1522.14,1
1156,1155.9999999999952,294.891493,292.3666666666667,2524.83,1
1157,1156.999999999995,295.927518,292.73333333333335,3194.18,1
1158,1157.9999999999948,296.963542,292.8666666666667,4096.88,1
1159,1158.999999999995,297.446181,293.56666666666666,3879.51,1
1160,1159.999999999995,297.928819,294.8,3128.82,1
1161,1160.9999999999948,298.411458,295.03333333333336,3378.12,1
1162,1161.999999999995,298.832682,295.23333333333335,3599.35,1
1163,1162.999999999995,299.2539060000001,296.7,2553.91,1
1164,1163.999999999995,299.67513,296.73333333333335,2941.8,1
1165,1164.999999999995,300.096354,296.76666666666665,3329.69,1
1166,1165.999999999995,300.522135,296.8333333333333,3688.8,1
1167,1166.9999999999952,300.919271,296.8666666666667,4052.6,1
1168,1167.999999999995,301.289062,296.93333333333334,4355.73,1
1169,1168.999999999995,301.744792,300.5,1244.79,1
1170,1169.9999999999952,302.200521,300.6,1600.52,1
1171,1170.9999999999952,302.67795099999995,300.6333333333333,2044.62,1
1172,1171.999999999995,303.155382,300.7,2455.38,1
1173,1172.999999999995,303.632812,300.73333333333335,2899.48,1
1174,1173.9999999999952,304.060546,300.76666666666665,3293.88,1
1175,1174.9999999999952,304.4882810000001,300.8,3688.28,1
1176,1175.9999999999952,304.916015,300.8666666666667,4049.35,1
1177,1176.9999999999952,305.34375,300.9,4443.75,1
1178,1177.9999999999952,305.815104,300.93333333333334,4881.77,1
1179,1178.9999999999952,306.154948,300.96666666666664,5188.28,1
1180,1179.9999999999952,306.50651,301.03333333333336,5473.18,1
1181,1180.9999999999952,307.190755,301.06666666666666,6124.09,1
1182,1181.9999999999955,307.875,301.1,6775.0,1
1183,1182.9999999999952,308.414062,301.1666666666667,7247.4,1
1184,1183.9999999999955,308.729167,301.3,7429.17,1
1185,1184.9999999999952,309.270833,301.6666666666667,7604.17,1
1186,1185.9999999999955,309.707465,303.23333333333335,6474.13,1
1187,1186.9999999999952,310.1440970000001,308.7,1444.1,1
1188,1187.9999999999952,310.580729,308.93333333333334,1647.4,1
1189,1188.9999999999955,311.307292,309.53333333333336,1773.96,1
1190,1189.9999999999955,312.033854,309.56666666666666,2467.19,1
1191,1190.9999999999955,312.64323,310.53333333333336,2109.9,1
1192,1191.9999999999955,313.015336,310.56666666666666,2448.67,1
1193,1192.9999999999955,313.387443,310.96666666666664,2420.78,1
1194,1193.9999999999955,313.75954900000005,311.3333333333333,2426.22,1
1195,1194.9999999999955,314.131656,312.96666666666664,1164.99,1
1196,1195.9999999999955,314.503762,315.1666666666667,662.9,1
1197,1196.9999999999955,314.875869,316.0,1124.13,1
1198,1197.9999999999955,315.247975,316.03333333333336,785.36,1
1199,1198.9999999999955,315.620082,316.06666666666666,446.58,1
1200,1199.9999999999952,315.992188,316.1333333333333,141.15,1
1201,1200.9999999999955,316.339472,316.1666666666667,172.81,1
1202,1201.9999999999952,316.686756,316.2,486.76,1
1203,1202.9999999999955,317.03404,316.23333333333335,800.71,1
1204,1203.9999999999952,317.381325,316.3,1081.32,1
1205,1204.9999999999952,317.728609,316.3333333333333,1395.28,1
1206,1205.9999999999955,318.075893,316.3666666666667,1709.23,1
1207,1206.9999999999957,318.423177,316.4,2023.18,1
1208,1207.9999999999961,318.699219,316.93333333333334,1765.89,1
1209,1208.9999999999961,319.077642,317.3666666666667,1710.98,1
1210,1209.9979166666628,319.376025,318.4,976.03,1
1211,1210.9999999999961,319.718099,318.73333333333335,984.77,1
1212,1211.9999999999961,320.084635,319.03333333333336,1051.3,1
1213,1212.999999999996,320.377378,319.06666666666666,1310.71,1
1214,1213.9999999999961,320.654948,319.73333333333335,921.61,1
1215,1214.9999999999961,321.047526,319.9,1147.53,1
1216,1215.9999999999961,321.323568,319.93333333333334,1390.23,1
1217,1216.9999999999964,321.599609,320.6333333333333,966.28,1
1218,1217.9999999999964,321.932292,321.03333333333336,898.96,1
1219,1218.9999999999964,322.283995,321.1,1183.99,1
1220,1219.9999999999964,322.639974,321.6,1039.97,1
1221,1220.9999999999964,323.257161,321.8333333333333,1423.83,1
1222,1221.9999999999964,323.72829900000005,321.9,1828.3,1
1223,1222.9999999999964,324.199436,322.6333333333333,1566.1,1
1224,1223.9999999999964,324.670573,323.2,1470.57,1
1225,1224.9999999999964,325.0436200000001,323.3666666666667,1676.95,1
1226,1225.9999999999964,325.416667,323.53333333333336,1883.33,1
1227,1226.9999999999968,325.723958,323.6,2123.96,1
1228,1227.9999999999968,326.040365,324.03333333333336,2007.03,1
1229,1228.999999999997,326.421875,324.23333333333335,2188.54,1
1230,1229.9999999999973,327.014323,324.4,2614.32,1
1231,1230.9999999999975,328.501302,324.6333333333333,3867.97,1
1232,1231.9999999999973,328.955729,324.73333333333335,4222.4,1
1233,1232.999999999998,329.4733080000001,325.0,4473.31,1
1234,1233.9999999999975,330.014323,325.1,4914.32,1
1235,1234.9999999999975,330.311198,326.93333333333334,3377.86,1
1236,1235.999999999998,330.600911,327.96666666666664,2634.24,1
1237,1236.9999999999984,330.882162,328.0,2882.16,1
1238,1237.999999999998,331.1386720000001,328.03333333333336,3105.34,1
1239,1238.999999999998,331.43164,328.06666666666666,3364.97,1
1240,1239.999999999998,331.758464,330.2,1558.46,1
1241,1240.9999999999986,332.012369,331.1,912.37,1
1242,1241.9999999999984,332.278646,331.46666666666664,811.98,1
1243,1242.9999999999986,332.567708,331.6,967.71,1
1244,1243.9999999999986,332.822917,332.06666666666666,756.25,1
1245,1244.9999999999986,333.085286,332.1666666666667,918.62,1
1246,1245.9999999999986,333.4342450000001,332.5,934.25,1
1247,1246.9999999999989,333.681641,332.6333333333333,1048.31,1
1248,1247.9999999999989,333.953125,333.06666666666666,886.46,1
1249,1248.999999999999,334.229818,333.3333333333333,896.48,1
1250,1249.999999999999,334.481119,333.7,781.12,1
1251,1250.999999999999,334.735677,333.9,835.68,1
1252,1251.999999999999,335.029948,334.26666666666665,763.28,1
1253,1252.9999999999993,335.257812,334.43333333333334,824.48,1
1254,1253.9999999999993,335.484375,334.7,784.38,1
1255,1254.9999999999995,335.759766,334.8333333333333,926.43,1
1256,1255.9999999999998,336.003255,334.9,1103.26,1
1257,1256.9999999999993,336.25651,335.6,656.51,1
1258,1257.9999999999998,336.589844,335.6333333333333,956.51,1
1259,1258.9999999999998,336.806641,335.96666666666664,839.97,1
1260,1260.0,337.054688,336.26666666666665,788.02,1
1261,1261.0,337.311849,336.43333333333334,878.52,1
1262,1262.0000000000002,337.541016,336.8333333333333,707.68,1
1263,1263.0000000000002,337.7779950000001,337.3,478.0,1
1264,1264.0000000000002,338.03711,337.46666666666664,570.44,1
1265,1265.0000000000002,338.21224,337.5,712.24,1
1266,1266.0000000000005,338.438803,337.6333333333333,805.47,1
1267,1267.0000000000002,338.702474,337.93333333333334,769.14,1
1268,1268.0000000000005,338.942708,338.3,642.71,1
1269,1269.0000000000007,339.2070310000001,338.53333333333336,673.7,1
1270,1270.0000000000005,339.55599,338.6666666666667,889.32,1
1271,1271.000000000001,339.75651,338.93333333333334,823.18,1
1272,1272.000000000001,340.0039060000001,339.26666666666665,737.24,1
1273,1273.000000000001,340.264974,339.6333333333333,631.64,1
1274,1274.000000000001,340.4889330000001,339.8333333333333,655.6,1
1275,1275.0000000000011,340.72526,340.06666666666666,658.59,1
1276,1276.000000000001,340.986328,340.4,586.33,1
1277,1277.0000000000014,341.198443,340.46666666666664,731.78,1
1278,1278.0000000000014,341.384115,340.6,784.11,1
1279,1279.0000000000014,341.626953,340.9,726.95,1
1280,1280.0000000000014,341.847006,341.1666666666667,680.34,1
1281,1281.000000000002,342.10026,341.3,800.26,1
1282,1282.0000000000014,342.4199220000001,341.46666666666664,953.26,1
1283,1283.000000000002,342.580078,341.8333333333333,746.74,1
1284,1284.000000000002,342.798177,342.1666666666667,631.51,1
1285,1285.000000000002,343.0514330000001,342.4,651.43,1
1286,1286.000000000002,343.279947,342.53333333333336,746.61,1
1287,1287.000000000002,343.5820310000001,342.8666666666667,715.36,1
1288,1288.0000000000023,343.860026,342.93333333333334,926.69,1
1289,1289.0000000000023,344.096354,343.3,796.35,1
1290,1290.0000000000025,344.385417,343.46666666666664,918.75,1
1291,1291.0000000000025,344.585286,343.93333333333334,651.95,1
1292,1292.0000000000025,344.827474,344.1,727.47,1
1293,1293.0000000000027,345.182292,344.2,982.29,1
1294,1294.0000000000027,345.561849,344.3333333333333,1228.52,1
1295,1295.0000000000027,345.78125,344.93333333333334,847.92,1
1296,1296.000000000003,346.054036,345.1,954.04,1
1297,1297.000000000003,346.413411,345.2,1213.41,1
1298,1298.000000000003,346.757813,345.56666666666666,1191.15,1
1299,1299.0000000000032,347.292969,345.76666666666665,1526.3,1
1300,1300.0000000000032,347.891276,346.3666666666667,1524.61,1
1301,1301.0000000000032,348.315104,346.6333333333333,1681.77,1
1302,1302.0000000000034,348.768881,347.26666666666665,1502.21,1
1303,1303.0000000000034,349.309896,347.5,1809.9,1
1304,1304.0000000000032,349.9726560000001,347.6666666666667,2305.99,1
1305,1305.0000000000061,350.78776,348.3333333333333,2454.43,1
1306,1306.0000000000057,351.03125,348.9,2131.25,1
1307,1307.0000000000057,351.19401,349.1333333333333,2060.68,1
1308,1308.0000000000052,351.371744,349.3333333333333,2038.41,1
1309,1309.000000000005,351.559896,349.6,1959.9,1
1310,1310.0000000000048,351.695312,349.6666666666667,2028.65,1
1311,1311.0000000000045,351.845052,350.93333333333334,911.72,1
1312,1312.0000000000045,352.046224,350.96666666666664,1079.56,1
1313,1313.0000000000043,352.151042,351.23333333333335,917.71,1
1314,1314.0000000000039,352.3730470000001,351.46666666666664,906.38,1
1315,1315.0000000000036,352.539062,351.96666666666664,572.4,1
1316,1316.0000000000034,352.72526,352.03333333333336,691.93,1
1317,1317.0000000000034,352.9029950000001,352.06666666666666,836.33,1
1318,1318.0000000000032,353.1132810000001,352.1666666666667,946.61,1
1319,1319.000000000003,353.271484,352.3333333333333,938.15,1
1320,1320.0000000000027,353.435546,352.56666666666666,868.88,1
1321,1321.0000000000023,353.6608080000001,353.1666666666667,494.14,1
1322,1322.0000000000023,353.772786,353.4,372.79,1
1323,1323.000000000002,353.955078,353.46666666666664,488.41,1
1324,1324.0000000000016,354.1601560000001,353.6333333333333,526.82,1
1325,1325.0000000000014,354.347006,353.76666666666665,580.34,1
1326,1326.0000000000011,354.514323,353.96666666666664,547.66,1
1327,1327.0000000000011,354.696615,354.2,496.62,1
1328,1328.000000000001,354.853516,354.3666666666667,486.85,1
1329,1329.0000000000005,355.05013,354.46666666666664,583.46,1
1330,1330.0000000000002,355.2695310000001,354.56666666666666,702.86,1
1331,1331.0,355.408854,354.8666666666667,542.19,1
1332,1332.0,355.558594,355.03333333333336,525.26,1
1333,1332.9999999999998,355.724609,355.1666666666667,557.94,1
1334,1333.9999999999995,355.838542,355.2,638.54,1
1335,1334.999999999999,355.983073,355.53333333333336,449.74,1
1336,1335.9999999999989,356.165365,355.6,565.36,1
1337,1336.9999999999989,356.295573,356.0,295.57,1
1338,1337.9999999999986,356.491537,356.03333333333336,458.2,1
1339,1338.9999999999984,356.666667,356.1333333333333,533.33,1
1340,1339.999999999998,356.854167,356.6333333333333,220.83,1
1341,1340.9999999999977,357.034505,356.9,134.51,1
1342,1341.9999999999977,357.335938,357.0,335.94,1
1343,1342.9999999999973,357.438802,357.2,238.8,1
1344,1343.999999999997,357.589844,357.43333333333334,156.51,1
1345,1344.9999999999968,357.8164060000001,357.46666666666664,349.74,1
1346,1345.9999999999966,357.897135,357.6,297.13,1
1347,1346.9999999999966,358.0761720000001,357.9,176.17,1
1348,1347.9999999999964,358.315104,358.3,15.1,1
1349,1348.9999999999961,358.480469,358.3333333333333,147.14,1
1350,1349.9999999999957,358.64974,358.3666666666667,283.07,1
1351,1350.9999999999955,358.8105470000001,358.4,410.55,1
1352,1351.9999999999955,358.958985,358.53333333333336,425.65,1
1353,1352.9999999999952,359.163411,358.6666666666667,496.74,1
1354,1353.999999999995,359.408854,358.8,608.85,1
1355,1354.9999999999948,359.526042,358.96666666666664,559.38,1
1356,1355.9999999999943,359.679688,359.6666666666667,13.02,1
1357,1356.9999999999943,359.854167,359.73333333333335,120.83,1
1358,1357.9999999999939,359.9889330000001,359.76666666666665,222.27,1
1359,1358.9999999999936,360.154948,359.8,354.95,1
1360,1359.9999999999934,360.388021,359.8333333333333,554.69,1
1361,1360.9999999999932,360.561198,360.0,561.2,1
1362,1361.9999999999932,360.75,360.1666666666667,583.33,1
1363,1362.999999999993,360.924479,360.3666666666667,557.81,1
1364,1363.9999999999927,361.092448,360.6333333333333,459.11,1
1365,1364.9999999999923,361.277995,360.76666666666665,511.33,1
1366,1365.9999999999918,361.475911,360.93333333333334,542.58,1
1367,1366.9999999999918,361.597006,361.1666666666667,430.34,1
1368,1367.9999999999918,361.758464,361.26666666666665,491.8,1
1369,1368.9999999999918,361.897135,361.46666666666664,430.47,1
1370,1369.9999999999918,362.023438,361.6333333333333,390.1,1
1371,1370.9999999999918,362.186198,361.96666666666664,219.53,1
1372,1371.9999999999918,362.453125,362.1333333333333,319.79,1
1373,1372.9999999999918,362.615885,362.26666666666665,349.22,1
1374,1373.9999999999918,362.811198,362.43333333333334,377.86,1
1375,1374.9999999999918,362.989583,362.46666666666664,522.92,1
1376,1375.9999999999918,363.183594,362.6,583.59,1
1377,1376.999999999992,363.699219,362.8,899.22,1
1378,1377.9999999999918,364.114583,363.1,1014.58,1
1379,1378.9999999999918,364.296875,363.2,1096.88,1
1380,1379.9999999999918,364.488281,363.8,688.28,1
1381,1380.9999999999918,364.652344,363.96666666666664,685.68,1
1382,1381.9999999999918,364.834635,364.6666666666667,167.97,1
1383,1382.9999999999918,365.041015,364.8,241.02,1
1384,1383.9999999999918,365.247396,365.03333333333336,214.06,1
1385,1384.9999999999918,365.404948,365.06666666666666,338.28,1
1386,1385.9999999999918,365.5625,365.6333333333333,70.83,1
1387,1386.9999999999918,365.744792,365.6666666666667,78.13,1
1388,1387.9999999999918,365.885417,366.3,414.58,1
1389,1388.9999999999918,366.0625,366.53333333333336,470.83,1
1390,1389.9999999999918,366.203125,366.6333333333333,430.21,1
1391,1390.9999999999918,366.38151,366.73333333333335,351.82,1
1392,1391.9999999999918,366.528646,366.76666666666665,238.02,1
1393,1392.9999999999918,366.703125,366.8,96.88,1
1394,1393.9999999999918,366.845052,366.8333333333333,11.72,1
1395,1394.999999999992,367.049479,366.8666666666667,182.81,1
1396,1395.999999999992,367.256727,366.9,356.73,1
1397,1396.999999999992,367.463976,366.96666666666664,497.31,1
1398,1397.999999999992,367.671224,367.26666666666665,404.56,1
1399,1398.9999999999918,367.878472,367.76666666666665,111.81,1
1400,1399.9999999999918,368.08572,368.1666666666667,80.95,1
1401,1400.9999999999918,368.292968,368.46666666666664,173.7,1
1402,1401.9999999999918,368.53776,368.5,37.76,1
1403,1402.9999999999918,368.768229,368.6,168.23,1
1404,1403.9999999999918,368.947917,368.6333333333333,314.58,1
1405,1404.9999999999918,369.144531,368.9,244.53,1
1406,1405.9999999999918,369.352865,369.1333333333333,219.53,1
1407,1406.9999999999918,369.509115,369.3333333333333,175.78,1
1408,1407.9999999999918,369.723958,369.7,23.96,1
1409,1408.9999999999918,369.882812,369.8666666666667,16.15,1
1410,1409.9999999999918,370.018229,369.93333333333334,84.9,1
1411,1410.9999999999918,370.188802,370.1,88.8,1
1412,1411.9999999999918,370.334635,370.23333333333335,101.3,1
1413,1412.9999999999918,370.5,370.3333333333333,166.67,1
1414,1413.9999999999918,370.638021,370.5,138.02,1
1415,1414.9999999999918,370.809896,370.6333333333333,176.56,1
1416,1415.9999999999918,370.960938,371.1666666666667,205.73,1
1417,1416.9999999999918,371.132812,371.3333333333333,200.52,1
1418,1417.9999999999918,371.279948,371.73333333333335,453.39,1
1419,1418.999999999992,371.470052,371.76666666666665,296.61,1
1420,1419.999999999992,371.630317,371.8,169.68,1
1421,1420.999999999992,371.790582,371.8666666666667,76.08,1
1422,1421.999999999992,371.950847,371.96666666666664,15.82,1
1423,1422.9999999999918,372.111111,372.0,111.11,1
1424,1423.9999999999918,372.271376,372.03333333333336,238.04,1
1425,1424.9999999999918,372.431641,372.3333333333333,98.31,1
1426,1425.9999999999918,372.597656,372.56666666666666,30.99,1
1427,1426.9999999999918,372.790365,372.8333333333333,42.97,1
1428,1427.9999999999918,372.979167,372.9,79.17,1
1429,1428.9999999999918,373.170573,373.2,29.43,1
1430,1429.9999999999918,373.348958,373.3666666666667,17.71,1
1431,1430.9999999999918,373.514323,373.43333333333334,80.99,1
1432,1431.9999999999918,373.686198,373.56666666666666,119.53,1
1433,1432.9999999999918,373.842448,373.6666666666667,175.78,1
1434,1433.9999999999918,374.042969,373.8,242.97,1
1435,1434.9999999999918,374.240885,373.96666666666664,274.22,1
1436,1435.9999999999918,374.427083,374.1,327.08,1
1437,1436.9999999999918,374.666667,374.3333333333333,333.33,1
1438,1437.9999999999918,374.919271,374.7,219.27,1
1439,1438.9999999999918,375.140625,375.5,359.38,1
1440,1439.9999999999918,375.316406,375.53333333333336,216.93,1
1441,1440.9999999999918,375.523438,375.7,176.56,1
1442,1441.9999999999918,375.677083,376.1,422.92,1
1443,1442.9999999999918,375.828125,376.1333333333333,305.21,1
1444,1443.9999999999918,376.074219,376.1666666666667,92.45,1
1445,1444.9999999999918,376.255208,376.2,55.21,1
1446,1445.9999999999918,376.410156,376.23333333333335,176.82,1
1447,1446.9999999999918,376.584635,376.26666666666665,317.97,1
1448,1447.9999999999918,376.759115,376.3333333333333,425.78,1
1449,1448.9999999999918,376.970052,376.6,370.05,1
1450,1449.9999999999918,377.272135,377.3333333333333,61.2,1
1451,1450.9999999999918,377.46224,377.4,62.24,1
1452,1451.9999999999918,377.570312,377.43333333333334,136.98,1
1453,1452.9999999999918,377.773438,378.1,326.56,1
1454,1453.9999999999918,377.94401,378.3,355.99,1
1455,1454.9999999999918,378.092448,378.43333333333334,340.89,1
1456,1455.9999999999918,378.292969,378.46666666666664,173.7,1
1457,1456.9999999999918,378.446615,378.7,253.38,1
1458,1457.9999999999918,378.570312,378.73333333333335,163.02,1
1459,1458.9999999999918,378.765625,378.76666666666665,1.04,1
1460,1459.9999999999918,378.942708,378.8333333333333,109.37,1
1461,1460.9999999999918,379.110677,379.06666666666666,44.01,1
1462,1461.9999999999918,379.338542,379.3666666666667,28.12,1
1463,1462.9999999999918,379.528646,379.7,171.35,1
1464,1463.9999999999918,379.664062,379.73333333333335,69.27,1
1465,1464.9999999999918,379.894531,379.76666666666665,127.86,1
1466,1465.9999999999918,380.061198,380.1333333333333,72.14,1
1467,1466.9999999999918,380.236979,380.2,36.98,1
1468,1467.9999999999918,380.454427,380.3,154.43,1
1469,1468.9999999999918,380.613281,380.3333333333333,279.95,1
1470,1469.9999999999918,380.78125,380.3666666666667,414.58,1
1471,1470.9999999999918,380.972656,380.4,572.66,1
1472,1471.9999999999918,381.171875,380.96666666666664,205.21,1
1473,1472.9999999999918,381.528646,381.3666666666667,161.98,1
1474,1473.9999999999918,381.878255,381.53333333333336,344.92,1
1475,1474.9999999999925,382.042969,381.8666666666667,176.3,1
1476,1475.9999999999925,382.27474,381.96666666666664,308.07,1
1477,1476.9999999999925,382.489583,382.0,489.58,1
1478,1477.9999999999923,382.673177,382.03333333333336,639.84,1
1479,1478.9999999999923,382.880208,382.06666666666666,813.54,1
1480,1479.999999999992,383.141927,382.1,1041.93,1
1481,1480.999999999992,383.289714,382.1666666666667,1123.05,1
1482,1481.999999999992,383.470704,382.8666666666667,604.04,1
1483,1482.999999999992,383.686198,383.1333333333333,552.86,1
1484,1483.9999999999923,383.873047,383.23333333333335,639.71,1
1485,1484.9999999999918,384.070312,383.46666666666664,603.65,1
1486,1485.9999999999918,384.294271,383.8333333333333,460.94,1
1487,1486.9999999999916,384.442708,383.9,542.71,1
1488,1487.9999999999918,384.638021,384.1,538.02,1
1489,1488.9999999999916,384.854167,384.26666666666665,587.5,1
1490,1489.9999999999916,385.041667,384.53333333333336,508.33,1
1491,1490.9999999999918,385.273438,384.6,673.44,1
1492,1491.9999999999914,385.542969,384.6333333333333,909.64,1
1493,1492.9999999999916,385.66862,385.06666666666666,601.95,1
1494,1493.9999999999914,385.857422,385.23333333333335,624.09,1
1495,1494.9999999999916,386.072266,385.3,772.27,1
1496,1495.9999999999911,386.25586,385.53333333333336,722.53,1
1497,1496.9999999999914,386.446615,385.8333333333333,613.28,1
1498,1497.9999999999905,386.660156,386.26666666666665,393.49,1
1499,1498.9999999999905,386.802734,386.3666666666667,436.07,1
1500,1499.9999999999905,386.999349,386.43333333333334,566.02,1
1501,1500.9999999999905,387.208333,386.6,608.33,1
1502,1501.9999999999902,387.40625,386.8666666666667,539.58,1
1503,1502.9999999999902,387.602865,387.03333333333336,569.53,1
1504,1503.99999999999,387.815104,387.3,515.1,1
1505,1504.99999999999,387.976562,387.3666666666667,609.9,1
1506,1505.99999999999,388.151693,387.53333333333336,618.36,1
1507,1506.9999999999898,388.371094,387.8333333333333,537.76,1
1508,1507.9999999999898,388.554036,387.96666666666664,587.37,1
1509,1508.9999999999898,388.75,388.1666666666667,583.33,1
1510,1509.9999999999895,389.008464,388.3,708.46,1
1511,1510.9999999999895,389.152995,388.53333333333336,619.66,1
1512,1511.9999999999895,389.372395,388.76666666666665,605.73,1
1513,1512.9999999999895,389.589844,388.96666666666664,623.18,1
1514,1513.9999999999895,389.747395,389.1666666666667,580.73,1
1515,1514.9999999999893,389.941406,389.5,441.41,1
1516,1515.9999999999893,390.16862,389.93333333333334,235.29,1
1517,1516.999999999989,390.345704,390.06666666666666,279.04,1
1518,1517.9999999999893,390.539063,390.2,339.06,1
1519,1518.999999999989,390.759115,390.23333333333335,525.78,1
1520,1519.999999999989,390.960938,390.3666666666667,594.27,1
1521,1520.9999999999889,391.164062,390.53333333333336,630.73,1
1522,1521.9999999999889,391.429687,390.76666666666665,663.02,1
1523,1522.9999999999884,391.529948,391.1,429.95,1
1524,1523.9999999999889,391.785157,391.1666666666667,618.49,1
1525,1524.9999999999889,392.013021,391.3666666666667,646.35,1
1526,1525.9999999999884,392.188802,391.9,288.8,1
1527,1526.9999999999884,392.419271,391.96666666666664,452.6,1
1528,1527.9999999999882,392.642579,392.0,642.58,1
1529,1528.9999999999882,392.807292,392.2,607.29,1
1530,1529.9999999999882,393.007161,392.43333333333334,573.83,1
1531,1530.9999999999882,393.21224,392.6666666666667,545.57,1
1532,1531.999999999988,393.415365,393.1333333333333,282.03,1
1533,1532.999999999988,393.621094,393.26666666666665,354.43,1
1534,1533.9999999999882,393.851563,393.3666666666667,484.9,1
1535,1534.9999999999877,393.998698,393.46666666666664,532.03,1
1536,1535.9999999999882,394.198567,393.6333333333333,565.23,1
1537,1536.9999999999877,394.43099,393.8666666666667,564.32,1
1538,1537.9999999999877,394.609375,394.26666666666665,342.71,1
1539,1538.9999999999875,394.826823,394.4,426.82,1
1540,1539.9999999999875,395.051432,394.43333333333334,618.1,1
1541,1540.9999999999875,395.250651,394.6333333333333,617.32,1
1542,1541.9999999999875,395.471354,394.8333333333333,638.02,1
1543,1542.999999999987,395.802083,395.03333333333336,768.75,1
1544,1543.999999999987,396.259115,395.56666666666666,692.45,1
1545,1544.9999999999868,396.932292,395.73333333333335,1198.96,1
1546,1545.9999999999868,397.240886,395.8,1440.89,1
1547,1546.9999999999866,397.54948,396.2,1349.48,1
1548,1547.9999999999868,397.915365,396.43333333333334,1482.03,1
1549,1548.9999999999868,398.209635,396.73333333333335,1476.3,1
1550,1549.9999999999868,398.451823,396.8666666666667,1585.16,1
1551,1550.9999999999864,398.690104,397.06666666666666,1623.44,1
1552,1551.9999999999864,398.894531,397.23333333333335,1661.2,1
1553,1552.9999999999861,399.095052,397.8,1295.05,1
1554,1553.9999999999861,399.291667,397.93333333333334,1358.33,1
1555,1554.9999999999861,399.501302,398.76666666666665,734.64,1
1556,1555.9999999999861,399.710938,399.4,310.94,1
1557,1556.9999999999861,399.920573,399.6333333333333,287.24,1
1558,1557.999999999986,400.080729,399.8333333333333,247.4,1
1559,1558.999999999986,400.247396,399.93333333333334,314.06,1
1560,1559.9999999999857,400.434896,399.96666666666664,468.23,1
1561,1560.9999999999857,400.611979,400.2,411.98,1
1562,1561.9999999999857,400.753255,400.3333333333333,419.92,1
1563,1562.9999999999857,400.914062,400.4,514.06,1
1564,1563.9999999999854,401.092448,400.6333333333333,459.11,1
1565,1564.9999999999854,401.261719,400.8666666666667,395.05,1
1566,1565.9999999999854,401.432292,401.0,432.29,1
1567,1566.9999999999852,401.617839,401.6333333333333,15.49,1
1568,1567.9999999999854,401.792318,402.1333333333333,341.02,1
1569,1568.9999999999852,401.99349,402.3666666666667,373.18,1
1570,1569.9999999999852,402.283854,402.43333333333334,149.48,1
1571,1570.9999999999852,402.4375,402.6666666666667,229.17,1
1572,1571.9999999999852,402.647787,402.7,52.21,1
1573,1572.9999999999852,402.889323,402.73333333333335,155.99,1
1574,1573.9999999999852,403.033854,402.76666666666665,267.19,1
1575,1574.999999999985,403.259115,402.8,459.11,1
1576,1575.999999999985,403.472656,402.8666666666667,605.99,1
1577,1576.9999999999848,403.653646,403.0,653.65,1
1578,1577.9999999999848,403.830729,403.23333333333335,597.4,1
1579,1578.9999999999848,404.019531,403.43333333333334,586.2,1
1580,1579.9999999999845,404.208333,403.73333333333335,475.0,1
1581,1580.9999999999848,404.397135,404.43333333333334,36.2,1
1582,1581.9999999999843,404.539062,404.46666666666664,72.4,1
1583,1582.9999999999843,404.726562,404.5,226.56,1
1584,1583.999999999984,404.882161,404.53333333333336,348.83,1
1585,1584.9999999999843,405.067708,404.56666666666666,501.04,1
1586,1585.999999999984,405.246094,404.8,446.09,1
1587,1586.999999999984,405.410807,404.8666666666667,544.14,1
1588,1587.9999999999839,405.570312,405.1666666666667,403.65,1
1589,1588.9999999999839,405.733073,405.43333333333334,299.74,1
1590,1589.9999999999834,405.915365,405.56666666666666,348.7,1
1591,1590.9999999999834,406.085286,406.2,114.71,1
1592,1591.9999999999834,406.250651,406.3666666666667,116.02,1
1593,1592.9999999999834,406.432292,406.43333333333334,1.04,1
1594,1593.9999999999832,406.601562,406.46666666666664,134.9,1
1595,1594.9999999999832,406.777344,406.5,277.34,1
1596,1595.9999999999832,406.942708,406.53333333333336,409.37,1
1597,1596.999999999983,407.127604,406.6333333333333,494.27,1
1598,1597.999999999983,407.296875,406.8,496.87,1
1599,1598.999999999983,407.469401,406.96666666666664,502.73,1
1600,1599.999999999983,407.640625,407.1666666666667,473.96,1
1601,1600.9999999999827,407.804688,407.53333333333336,271.35,1
1602,1601.9999999999827,407.971354,407.6333333333333,338.02,1
1603,1602.9999999999825,408.180339,407.8,380.34,1
1604,1603.9999999999825,408.375,408.1666666666667,208.33,1
1605,1604.9999999999823,408.604167,408.2,404.17,1
1606,1605.9999999999825,408.813802,408.23333333333335,580.47,1
1607,1606.999999999982,408.997396,408.3666666666667,630.73,1
1608,1607.999999999982,409.188151,408.6,588.15,1
1609,1608.999999999982,409.355469,408.8333333333333,522.14,1
1610,1609.9999999999818,409.574219,409.06666666666666,507.55,1
1611,1610.9999999999818,409.782552,409.1666666666667,615.89,1
1612,1611.9999999999816,409.946615,409.46666666666664,479.95,1
1613,1612.9999999999816,410.14974,409.8,349.74,1
1614,1613.9999999999814,410.398438,409.8333333333333,565.1,1
1615,1614.9999999999814,410.632812,410.0,632.81,1
1616,1615.9999999999811,410.855469,410.1,755.47,1
1617,1616.9999999999811,411.164062,410.3333333333333,830.73,1
1618,1617.999999999981,411.532552,410.3666666666667,1165.89,1
1619,1618.999999999981,411.705729,410.8333333333333,872.4,1
1620,1619.999999999981,411.837891,411.1666666666667,671.22,1
1621,1620.9999999999807,412.020833,411.43333333333334,587.5,1
1622,1621.999999999981,412.179688,411.7,479.69,1
1623,1622.9999999999807,412.382812,411.8666666666667,516.15,1
1624,1623.9999999999807,412.557942,412.1,457.94,1
1625,1624.9999999999804,412.786458,412.1666666666667,619.79,1
1626,1625.9999999999807,412.947917,412.3666666666667,581.25,1
1627,1626.9999999999802,413.179688,412.53333333333336,646.35,1
1628,1627.9999999999804,413.515625,412.8,715.62,1
1629,1628.9999999999802,414.231771,412.93333333333334,1298.44,1
1630,1629.9999999999802,414.816406,413.3,1516.41,1
1631,1630.9999999999798,415.029948,413.46666666666664,1563.28,1
1632,1631.9999999999802,415.279948,414.1666666666667,1113.28,1
1633,1632.9999999999798,415.543619,414.26666666666665,1276.95,1
1634,1633.9999999999798,415.782552,414.6,1182.55,1
1635,1634.9999999999798,416.104818,414.8666666666667,1238.15,1
1636,1635.9999999999795,416.397135,415.26666666666665,1130.47,1
1637,1636.9999999999795,416.579427,415.5,1079.43,1
1638,1637.9999999999795,416.811198,416.1,711.2,1
1639,1638.9999999999795,417.033854,416.1333333333333,900.52,1
1640,1639.9999999999793,417.21875,416.6,618.75,1
1641,1640.9999999999793,417.457032,416.8,657.03,1
1642,1641.999999999979,417.733073,417.03333333333336,699.74,1
1643,1642.999999999979,417.884115,417.2,684.12,1
1644,1643.999999999979,418.085938,417.43333333333334,652.6,1
1645,1644.999999999979,418.317708,417.73333333333335,584.37,1
1646,1645.9999999999789,418.510417,418.1333333333333,377.08,1
1647,1646.9999999999789,418.753907,418.2,553.91,1
1648,1647.9999999999789,418.99349,418.26666666666665,726.82,1
1649,1648.9999999999786,419.154948,418.5,654.95,1
1650,1649.9999999999789,419.356771,418.73333333333335,623.44,1
1651,1650.9999999999786,419.611979,419.03333333333336,578.65,1
1652,1651.9999999999786,419.846354,419.3333333333333,513.02,1
1653,1652.9999999999784,420.1236980000001,419.53333333333336,590.36,1
1654,1653.9999999999784,420.371093,419.6333333333333,737.76,1
1655,1654.999999999978,420.541667,419.8333333333333,708.33,1
1656,1655.9999999999784,420.76237,420.1333333333333,629.04,1
1657,1656.999999999978,421.055989,420.23333333333335,822.66,1
1658,1657.999999999978,421.298178,420.26666666666665,1031.51,1
1659,1658.9999999999777,421.53125,420.7,831.25,1
1660,1659.9999999999777,421.844401,421.06666666666666,777.73,1
1661,1660.9999999999777,422.01302,421.1666666666667,846.35,1
1662,1661.9999999999777,422.23112,421.53333333333336,697.79,1
1663,1662.9999999999777,422.50716100000005,421.8333333333333,673.83,1
1664,1663.9999999999775,422.725912,422.03333333333336,692.58,1
1665,1664.9999999999775,422.940104,422.2,740.1,1
1666,1665.9999999999773,423.236979,422.46666666666664,770.31,1
1667,1666.9999999999773,423.374349,422.53333333333336,841.02,1
1668,1667.9999999999773,423.595703,422.93333333333334,662.37,1
1669,1668.9999999999773,423.886068,423.1,786.07,1
1670,1669.999999999977,424.122396,423.4,722.4,1
1671,1670.999999999977,424.333984,423.6,733.98,1
1672,1671.9999999999768,424.619792,423.9,719.79,1
1673,1672.9999999999768,424.763672,424.1333333333333,630.34,1
1674,1673.999999999977,424.986328,424.3333333333333,652.99,1
1675,1674.9999999999768,425.279297,424.43333333333334,845.96,1
1676,1675.9999999999768,425.489583,424.76666666666665,722.92,1
1677,1676.9999999999766,425.697266,425.0,697.27,1
1678,1677.9999999999766,426.008464,425.26666666666665,741.8,1
1679,1678.999999999976,426.167318,425.43333333333334,733.98,1
1680,1679.9999999999766,426.32161500000007,425.6333333333333,688.28,1
1681,1680.999999999976,426.58463499999993,425.9,684.63,1
1682,1681.999999999976,426.813802,426.1,713.8,1
1683,1682.9999999999757,427.010417,426.3333333333333,677.08,1
1684,1683.9999999999757,427.332032,426.4,932.03,1
1685,1684.9999999999754,427.507813,426.8,707.81,1
1686,1685.9999999999757,427.65625,427.03333333333336,622.92,1
1687,1686.9999999999757,427.902344,427.1666666666667,735.68,1
1688,1687.9999999999754,428.089843,427.7,389.84,1
1689,1688.9999999999752,428.2877610000001,428.1666666666667,121.09,1
1690,1689.9999999999752,428.604167,428.3333333333333,270.83,1
1691,1690.9999999999752,428.765625,428.3666666666667,398.96,1
1692,1691.9999999999752,428.851562,428.8666666666667,15.1,1
1693,1692.9999999999752,429.1080730000001,428.93333333333334,174.74,1
1694,1693.999999999975,429.34375,429.0,343.75,1
1695,1694.999999999975,429.556641,429.06666666666666,489.97,1
1696,1695.9999999999748,429.91275999999993,429.1,812.76,1
1697,1696.9999999999748,430.0611980000001,429.1666666666667,894.53,1
1698,1697.9999999999748,430.260417,429.53333333333336,727.08,1
1699,1698.9999999999748,430.492839,429.73333333333335,759.51,1
1700,1699.9999999999748,430.698567,430.3,398.57,1
1701,1700.9999999999745,430.91862,430.6666666666667,251.95,1
1702,1701.9999999999745,431.25,430.73333333333335,516.67,1
1703,1702.9999999999743,431.395833,430.76666666666665,629.17,1
1704,1703.9999999999745,431.596354,430.8666666666667,729.69,1
1705,1704.9999999999743,431.845703,431.1,745.7,1
1706,1705.9999999999743,432.05013,431.43333333333334,616.8,1
1707,1706.9999999999739,432.285807,431.6,685.81,1
1708,1707.9999999999739,432.595052,431.9,695.05,1
1709,1708.9999999999736,432.746094,432.03333333333336,712.76,1
1710,1709.9999999999739,432.9361980000001,432.26666666666665,669.53,1
1711,1710.9999999999736,433.192057,432.5,692.06,1
1712,1711.9999999999736,433.445964,432.7,745.96,1
1713,1712.9999999999736,433.674479,432.96666666666664,707.81,1
1714,1713.9999999999734,434.19987,433.2,999.87,1
1715,1714.9999999999748,434.371094,433.4,971.09,1
1716,1715.9999999999748,434.565755,433.6333333333333,932.42,1
1717,1716.9999999999748,434.833984,433.8,1033.98,1
1718,1717.999999999975,435.094401,434.23333333333335,861.07,1
1719,1718.999999999975,435.417318,434.6666666666667,750.65,1
1720,1719.999999999975,435.910807,434.8666666666667,1044.14,1
1721,1720.999999999975,436.125651,435.1,1025.65,1
1722,1721.999999999975,436.370443,435.4,970.44,1
1723,1722.999999999975,436.64778600000005,435.56666666666666,1081.12,1
1724,1723.999999999975,436.958984,436.03333333333336,925.65,1
1725,1724.999999999975,437.309896,436.26666666666665,1043.23,1
1726,1725.9999999999752,437.548642,436.53333333333336,1015.31,1
1727,1726.9999999999752,437.787389,436.6666666666667,1120.72,1
1728,1727.9999999999752,438.026135,436.8666666666667,1159.47,1
1729,1728.9999999999752,438.264881,436.93333333333334,1331.55,1
1730,1729.9999999999752,438.503627,437.03333333333336,1470.29,1
1731,1730.999999999975,438.742374,437.6333333333333,1109.04,1
1732,1731.999999999975,438.98112,438.0,981.12,1
1733,1732.9999999999804,439.31900999999993,438.3,1019.01,1
1734,1733.9999999999802,439.607422,438.5,1107.42,1
1735,1734.9999999999802,439.9361980000001,438.73333333333335,1202.86,1
1736,1735.9999999999798,440.276042,439.1666666666667,1109.38,1
1737,1736.9999999999798,440.677734,439.3666666666667,1311.07,1
1738,1737.9999999999802,441.179199,439.56666666666666,1612.53,1
1739,1738.9999999999802,441.680664,440.06666666666666,1614.0,1
1740,1739.9999999999802,442.182129,440.1333333333333,2048.8,1
1741,1740.9999999999798,442.683594,440.8,1883.59,1
1742,1741.9999999999918,443.48112,440.8333333333333,2647.79,1
1743,1742.9999999999918,444.729818,440.96666666666664,3763.15,1
1744,1743.9999999999918,445.168213,441.3666666666667,3801.55,1
1745,1744.9999999999916,445.606608,442.8666666666667,2739.94,1
1746,1745.9999999999916,446.045003,443.03333333333336,3011.67,1
1747,1746.9999999999916,446.483398,443.3333333333333,3150.06,1
1748,1747.9999999999916,446.921793,443.3666666666667,3555.13,1
1749,1748.9999999999918,447.360189,443.43333333333334,3926.86,1
1750,1749.999999999972,447.798584,443.46666666666664,4331.92,1
1751,1750.9999999999718,448.236979,443.53333333333336,4703.65,1
1752,1751.9999999999714,448.423177,443.56666666666666,4856.51,1
1753,1752.9999999999714,448.674154,443.6333333333333,5040.82,1
1754,1753.9999999999714,448.92513,443.7,5225.13,1
1755,1754.9999999999704,449.136068,443.73333333333335,5402.73,1
1756,1755.9999999999707,449.382487,443.8666666666667,5515.82,1
1757,1756.9999999999707,449.628906,443.93333333333334,5695.57,1
1758,1757.9999999999704,449.875325,444.9,4975.32,1
1759,1758.9999999999704,450.121745,445.1333333333333,4988.41,1
1760,1759.9999999999704,450.368164,445.3,5068.16,1
1761,1760.99999999997,450.614583,445.5,5114.58,1
1762,1761.9999999999704,450.836154,445.73333333333335,5102.82,1
1763,1762.9999999999702,451.057726,448.93333333333334,2124.39,1
1764,1763.9999999999702,451.279297,448.96666666666664,2312.63,1
1765,1764.9999999999702,451.44694,449.03333333333336,2413.61,1
1766,1765.9999999999704,451.614583,449.1,2514.58,1
1767,1766.9999999999702,451.782226,451.3666666666667,415.56,1
1768,1767.9999999999702,451.94987,451.5,449.87,1
1769,1768.9999999999702,452.117513,451.96666666666664,150.85,1
1770,1769.99999999997,452.285156,452.06666666666666,218.49,1
1771,1770.9999999999702,452.434895,452.3666666666667,68.23,1
1772,1771.9999999999698,452.58463499999993,452.43333333333334,151.3,1
1773,1772.9999999999698,452.786458,452.46666666666664,319.79,1
1774,1773.9999999999698,453.013021,452.53333333333336,479.69,1
1775,1774.9999999999698,453.239583,452.56666666666666,672.92,1
1776,1775.9999999999684,453.391927,452.6333333333333,758.59,1
1777,1776.9999999999688,453.617839,452.8333333333333,784.51,1
1778,1777.9999999999686,453.84375,453.3333333333333,510.42,1
1779,1778.999999999968,454.03125,453.3666666666667,664.58,1
1780,1779.9999999999677,454.274522,453.43333333333334,841.19,1
1781,1780.999999999968,454.517795,453.46666666666664,1051.13,1
1782,1781.999999999968,454.761068,453.53333333333336,1227.73,1
1783,1782.999999999968,455.00434,453.6,1404.34,1
1784,1783.9999999999677,455.247613,453.6333333333333,1614.28,1
1785,1784.9999999999675,455.49088499999993,453.7,1790.88,1
1786,1785.9999999999677,455.752604,453.73333333333335,2019.27,1
1787,1786.9999999999677,456.0143230000001,453.8,2214.32,1
1788,1787.9999999999675,456.276042,453.8333333333333,2442.71,1
1789,1788.9999999999675,456.450304,453.93333333333334,2516.97,1
1790,1789.9999999999675,456.624566,454.03333333333336,2591.23,1
1791,1790.9999999999677,456.798829,457.1666666666667,367.84,1
1792,1791.9999999999675,456.973091,457.26666666666665,293.58,1
1793,1792.9999999999675,457.147353,457.3,152.65,1
1794,1793.9999999999673,457.32161500000007,457.3666666666667,45.05,1
1795,1794.9999999999673,457.460287,457.4,60.29,1
1796,1795.9999999999668,457.598958,457.46666666666664,132.29,1
1797,1796.9999999999668,457.789063,457.53333333333336,255.73,1
1798,1797.999999999967,457.989149,457.56666666666666,422.48,1
1799,1798.9999999999668,458.18923600000005,457.6333333333333,555.9,1
1800,1799.9999999999668,458.3893230000001,457.7,689.32,1
1801,1800.999999999967,458.584201,457.8,784.2,1
1802,1801.9999999999668,458.77908,457.8333333333333,945.75,1
1803,1802.9999999999668,458.973958,458.3333333333333,640.62,1
1804,1803.9999999999668,459.192491,458.4,792.49,1
1805,1804.9999999999666,459.411024,458.43333333333334,977.69,1
1806,1805.9999999999663,459.629557,458.5,1129.56,1
1807,1806.9999999999668,459.859096,459.06666666666666,792.43,1
1808,1807.9999999999668,460.088634,459.3,788.63,1
1809,1808.9999999999666,460.31817300000006,460.53333333333336,215.16,1
1810,1809.9999999999666,460.547712,461.03333333333336,485.62,1
1811,1810.9999999999668,460.777251,461.06666666666666,289.42,1
1812,1811.9999999999668,461.006789,461.1333333333333,126.54,1
1813,1812.9999999999666,461.236328,461.1666666666667,69.66,1
1814,1813.9999999999666,461.456641,461.3,156.64,1
1815,1814.9999999999666,461.676953,461.3666666666667,310.29,1
1816,1815.9999999999668,461.897266,461.4,497.27,1
1817,1816.9999999999666,462.117578,461.46666666666664,650.91,1
1818,1817.9999999999666,462.337891,461.6666666666667,671.22,1
1819,1818.9999999999666,462.55820300000005,461.8666666666667,691.54,1
1820,1819.9999999999666,462.778516,462.1,678.52,1
1821,1820.9999999999668,462.998828,462.3,698.83,1
1822,1821.9999999999668,463.219141,464.3,1080.86,1
1823,1822.9999999999668,463.439454,464.3666666666667,927.21,1
1824,1823.999999999966,463.609375,464.4,790.62,1
1825,1824.999999999966,463.839518,464.46666666666664,627.15,1
1826,1825.9999999999652,464.069662,464.5,430.34,1
1827,1826.9999999999648,464.276042,464.56666666666666,290.62,1
1828,1827.9999999999645,464.478733,464.6,121.27,1
1829,1828.9999999999645,464.68142400000005,464.6666666666667,14.76,1
1830,1829.9999999999648,464.88411500000007,464.73333333333335,150.78,1
1831,1830.9999999999648,465.086806,464.76666666666665,320.14,1
1832,1831.9999999999645,465.289497,464.8333333333333,456.16,1
1833,1832.9999999999645,465.492188,464.8666666666667,625.52,1
1834,1833.9999999999643,465.744792,464.93333333333334,811.46,1
1835,1834.9999999999645,465.997396,464.96666666666664,1030.73,1
1836,1835.999999999964,466.25,465.46666666666664,783.33,1
1837,1836.9999999999643,466.410937,465.6666666666667,744.27,1
1838,1837.9999999999643,466.571875,465.76666666666665,805.21,1
1839,1838.9999999999643,466.732813,466.26666666666665,466.15,1
1840,1839.9999999999645,466.89375,466.56666666666666,327.08,1
1841,1840.9999999999638,467.054688,466.76666666666665,288.02,1
1842,1841.9999999999638,467.278646,466.96666666666664,311.98,1
1843,1842.9999999999638,467.415364,467.0,415.36,1
1844,1843.9999999999636,467.552083,467.06666666666666,485.42,1
1845,1844.9999999999636,467.75911500000007,467.1,659.12,1
1846,1845.9999999999636,467.974609,467.1666666666667,807.94,1
1847,1846.9999999999636,468.190104,467.56666666666666,623.44,1
1848,1847.9999999999627,468.352214,467.6333333333333,718.88,1
1849,1848.9999999999627,468.570964,467.8,770.96,1
1850,1849.9999999999627,468.789714,468.43333333333334,356.38,1
1851,1850.9999999999616,468.980469,468.7,280.47,1
1852,1851.999999999962,469.215929,468.8333333333333,382.6,1
1853,1852.9999999999616,469.451389,468.8666666666667,584.72,1
1854,1853.9999999999616,469.686849,468.96666666666664,720.18,1
1855,1854.999999999962,469.922309,469.03333333333336,888.98,1
1856,1855.999999999962,470.157769,469.06666666666666,1091.1,1
1857,1856.9999999999616,470.393229,469.1333333333333,1259.9,1
1858,1857.9999999999616,470.68533,469.1666666666667,1518.66,1
1859,1858.9999999999613,470.97743,469.23333333333335,1744.1,1
1860,1859.9999999999616,471.269531,470.4,869.53,1
1861,1860.9999999999616,471.457899,470.6,857.9,1
1862,1861.9999999999613,471.646267,470.8,846.27,1
1863,1862.9999999999613,471.8346360000001,471.3,534.64,1
1864,1863.9999999999613,472.023004,472.4,377.0,1
1865,1864.9999999999613,472.211372,472.6,388.63,1
1866,1865.999999999961,472.39974000000007,472.7,300.26,1
1867,1866.9999999999613,472.547852,472.73333333333335,185.48,1
1868,1867.999999999961,472.695964,472.8,104.04,1
1869,1868.9999999999607,472.9127610000001,472.8333333333333,79.43,1
1870,1869.999999999961,473.111545,472.9,211.55,1
1871,1870.999999999961,473.31033,472.93333333333334,377.0,1
1872,1871.9999999999607,473.50911500000007,473.0,509.12,1
1873,1872.9999999999607,473.716146,473.06666666666666,649.48,1
1874,1873.9999999999607,473.923177,473.3333333333333,589.84,1
1875,1874.9999999999607,474.130208,473.46666666666664,663.54,1
1876,1875.9999999999607,474.37717,473.6333333333333,743.84,1
1877,1876.9999999999607,474.624132,473.7,924.13,1
1878,1877.9999999999604,474.871093,473.8,1071.09,1
1879,1878.9999999999604,475.094618,473.8666666666667,1227.95,1
1880,1879.9999999999607,475.318142,474.2,1118.14,1
1881,1880.9999999999607,475.541667,474.3666666666667,1175.0,1
1882,1881.9999999999607,475.765191,475.23333333333335,531.86,1
1883,1882.9999999999604,475.988716,475.46666666666664,522.05,1
1884,1883.9999999999604,476.21224000000007,475.6666666666667,545.57,1
1885,1884.9999999999607,476.859809,475.8666666666667,993.14,1
1886,1885.9999999999607,477.507379,476.03333333333336,1474.05,1
1887,1886.9999999999604,478.1549480000001,476.3,1854.95,1
1888,1887.9979166666267,478.287978,476.53333333333336,1754.64,1
1889,1888.9979166666265,478.421007,476.73333333333335,1687.67,1
1890,1889.9999999999598,478.554037,476.9,1654.04,1
1891,1890.997916666626,478.687066,477.3,1387.07,1
1892,1891.9979166666258,478.820095,477.46666666666664,1353.43,1
1893,1892.9999999999588,478.953125,477.6666666666667,1286.46,1
1894,1893.9999999999588,479.214844,477.8333333333333,1381.51,1
1895,1894.999999999959,479.476563,477.96666666666664,1509.9,1
1896,1895.9999999999588,479.608724,478.3,1308.72,1
1897,1896.9999999999588,479.807292,478.6333333333333,1173.96,1
1898,1897.9999999999586,479.955729,478.73333333333335,1222.4,1
1899,1898.9999999999584,480.10286500000007,479.6333333333333,469.53,1
1900,1899.9999999999584,480.299479,479.8333333333333,466.15,1
1901,1900.9999999999575,480.479167,479.96666666666664,512.5,1
1902,1901.9999999999575,480.695312,480.1333333333333,561.98,1
1903,1902.9999999999575,480.929253,480.3,629.25,1
1904,1903.9999999999575,481.163194,480.5,663.19,1
1905,1904.9999999999575,481.39713499999993,480.7,697.13,1
1906,1905.999999999957,481.557292,480.73333333333335,823.96,1
1907,1906.999999999957,481.72525999999993,481.2,525.26,1
1908,1907.9999999999568,481.896484,481.46666666666664,429.82,1
1909,1908.9999999999568,482.095052,481.56666666666666,528.39,1
1910,1909.9999999999568,482.2799480000001,481.6333333333333,646.61,1
1911,1910.9999999999566,482.470052,481.9,570.05,1
1912,1911.9999999999566,482.604167,482.1666666666667,437.5,1
1913,1912.9999999999563,482.768229,482.26666666666665,501.56,1
1914,1913.999999999956,482.947917,482.43333333333334,514.58,1
1915,1914.9999999999561,483.197917,482.6,597.92,1
1916,1915.999999999956,483.441406,482.7,741.41,1
1917,1916.999999999956,483.77213499999993,482.96666666666664,805.47,1
1918,1917.999999999956,483.977539,483.06666666666666,910.87,1
1919,1918.999999999956,484.182943,483.3333333333333,849.61,1
1920,1919.9999999999561,484.338542,483.46666666666664,871.88,1
1921,1920.9999999999557,484.515625,483.56666666666666,948.96,1
1922,1921.9999999999557,484.666667,483.9,766.67,1
1923,1922.9999999999554,484.833333,484.3666666666667,466.67,1
1924,1923.9999999999552,485.00650999999993,484.56666666666666,439.84,1
1925,1924.9999999999552,485.188802,484.7,488.8,1
1926,1925.9999999999543,485.410156,484.8666666666667,543.49,1
1927,1926.9999999999548,485.588542,485.03333333333336,555.21,1
1928,1927.9999999999548,485.766927,485.3,466.93,1
1929,1928.9999999999543,485.945313,485.43333333333334,511.98,1
1930,1929.9999999999543,486.161458,485.5,661.46,1
1931,1930.9999999999538,486.328125,485.6333333333333,694.79,1
1932,1931.9999999999538,486.447266,485.8666666666667,580.6,1
1933,1932.9999999999538,486.6236980000001,485.96666666666664,657.03,1
1934,1933.9999999999536,486.766927,486.3333333333333,433.59,1
1935,1934.9999999999538,486.899089,486.53333333333336,365.76,1
1936,1935.9999999999534,487.03125,486.6666666666667,364.58,1
1937,1936.9999999999534,487.179688,486.73333333333335,446.35,1
1938,1937.9999999999532,487.341146,486.8666666666667,474.48,1
1939,1938.9999999999532,487.536458,487.06666666666666,469.79,1
1940,1939.9999999999534,487.744792,487.1333333333333,611.46,1
1941,1940.9999999999532,488.166667,487.3,866.67,1
1942,1941.999999999952,488.423177,487.53333333333336,889.84,1
1943,1942.9999999999516,488.572917,487.6666666666667,906.25,1
1944,1943.9999999999516,488.705729,488.03333333333336,672.4,1
1945,1944.9999999999516,488.8893230000001,488.2,689.32,1
1946,1945.9999999999516,489.088542,488.6,488.54,1
1947,1946.9999999999513,489.242188,488.8,442.19,1
1948,1947.9999999999511,489.421875,488.9,521.88,1
1949,1948.9999999999513,489.583333,489.0,583.33,1
1950,1949.9999999999516,489.847656,489.23333333333335,614.32,1
1951,1950.9999999999511,490.106771,489.3,806.77,1
1952,1951.9999999999513,490.30338499999993,489.4,903.38,1
1953,1952.9999999999518,490.48112,490.56666666666666,85.55,1
1954,1953.9999999999513,490.673177,490.6,73.18,1
1955,1954.9999999999518,490.873047,490.6666666666667,206.38,1
1956,1955.9999999999511,491.13216100000005,490.73333333333335,398.83,1
1957,1956.9999999999511,491.377605,490.76666666666665,610.94,1
1958,1957.9999999999513,491.579427,490.8666666666667,712.76,1
1959,1958.9999999999507,491.832032,490.9,932.03,1
1960,1959.9999999999507,492.09375,491.4,693.75,1
1961,1960.9999999999513,492.292969,491.56666666666666,726.3,1
1962,1961.9999999999507,492.529947,491.76666666666665,763.28,1
1963,1962.9999999999513,492.798177,492.0,798.18,1
1964,1963.9999999999502,492.976563,492.1333333333333,843.23,1
1965,1964.9999999999502,493.1705730000001,492.6333333333333,537.24,1
1966,1965.9999999999507,493.407552,492.8,607.55,1
1967,1966.99999999995,493.587891,492.96666666666664,621.22,1
1968,1967.9999999999502,493.78841100000005,493.1,688.41,1
1969,1968.9999999999507,494.054037,493.43333333333334,620.7,1
1970,1969.9999999999498,494.300781,493.56666666666666,734.11,1
1971,1970.9999999999498,494.528646,493.8666666666667,661.98,1
1972,1971.999999999949,494.735677,494.23333333333335,502.34,1
1973,1972.9999999999495,494.938802,494.5,438.8,1
1974,1973.9999999999495,495.29036500000007,494.56666666666666,723.7,1
1975,1974.9999999999493,495.635417,494.73333333333335,902.08,1
1976,1975.9999999999495,495.7955730000001,495.0,795.57,1
1977,1976.9999999999498,495.989583,495.8333333333333,156.25,1
1978,1977.9999999999493,496.221354,495.8666666666667,354.69,1
1979,1978.9999999999495,496.435547,495.93333333333334,502.21,1
1980,1979.9999999999486,496.649089,496.06666666666666,582.42,1
1981,1980.9999999999488,496.901042,496.2,701.04,1
1982,1981.9999999999495,497.121094,496.43333333333334,687.76,1
1983,1982.9999999999486,497.300781,496.76666666666665,534.11,1
1984,1983.9999999999488,497.539062,496.8666666666667,672.4,1
1985,1984.999999999949,497.723958,496.93333333333334,790.62,1
1986,1985.9999999999486,497.910808,497.06666666666666,844.14,1
1987,1986.9999999999488,498.214844,497.3,914.84,1
1988,1987.9999999999493,498.402344,497.56666666666666,835.68,1
1989,1988.9999999999486,498.634114,497.93333333333334,700.78,1
1990,1989.999999999949,498.88411500000007,497.96666666666664,917.45,1
1991,1990.9999999999486,499.111979,498.2,911.98,1
1992,1991.9999999999486,499.260417,498.23333333333335,1027.08,1
1993,1992.9999999999486,499.476563,498.3,1176.56,1
1994,1993.9999999999484,499.699219,499.43333333333334,265.89,1
1995,1994.9999999999484,499.880859,499.6333333333333,247.53,1
1996,1995.9999999999488,500.117188,499.8,317.19,1
1997,1996.9999999999484,500.304688,499.8333333333333,471.35,1
1998,1997.9999999999486,500.504557,499.9,604.56,1
1999,1998.9999999999482,500.677083,500.2,477.08,1
2000,1999.9999999999484,500.86588499999993,500.3333333333333,532.55,1
2001,2000.9999999999484,501.104818,500.5,604.82,1
2002,2001.9999999999482,501.378906,500.6666666666667,712.24,1
2003,2002.9999999999484,501.555989,500.93333333333334,622.66,1
2004,2003.9999999999486,501.80013,501.3,500.13,1
2005,2004.9999999999482,502.041667,501.4,641.67,1
2006,2005.9999999999484,502.313802,501.7,613.8,1
2007,2006.9999999999477,502.682292,501.73333333333335,948.96,1
2008,2007.999999999948,503.080729,501.8,1280.73,1
2009,2008.9999999999486,503.359375,502.23333333333335,1126.04,1
2010,2009.9999999999477,503.635417,502.6666666666667,968.75,1
2011,2010.999999999948,504.049479,503.46666666666664,582.81,1
2012,2011.9999999999484,504.33138,503.6666666666667,664.71,1
2013,2012.9999999999477,504.572266,503.96666666666664,605.6,1
2014,2013.9999999999482,504.845052,504.1666666666667,678.39,1
2015,2014.9999999999475,505.013021,504.2,813.02,1
2016,2015.9999999999477,505.278646,504.6,678.65,1
2017,2016.9999999999482,505.546224,504.8,746.22,1
2018,2017.9999999999475,505.7252610000001,504.93333333333334,791.93,1
2019,2018.9999999999475,505.969401,505.26666666666665,702.73,1
2020,2019.9999999999477,506.20963499999993,505.53333333333336,676.3,1
2021,2020.9999999999475,506.385417,505.7,685.42,1
2022,2021.9999999999475,506.580078,505.9,680.08,1
2023,2022.9999999999477,506.770833,506.23333333333335,537.5,1
2024,2023.999999999947,506.945313,506.56666666666666,378.65,1
2025,2024.9999999999475,507.152995,506.6666666666667,486.33,1
2026,2025.9999999999468,507.407552,506.7,707.55,1
2027,2026.9999999999468,507.593099,507.06666666666666,526.43,1
2028,2027.9999999999475,507.898438,507.1666666666667,731.77,1
2029,2028.999999999946,508.133464,507.3,833.46,1
2030,2029.9999999999463,508.369792,507.6,769.79,1
2031,2030.9999999999457,508.63737,507.6333333333333,1004.04,1
2032,2031.999999999946,508.953125,507.73333333333335,1219.79,1
2033,2032.9999999999463,509.171875,508.4,771.88,1
2034,2033.9999999999459,509.429688,508.53333333333336,896.35,1
2035,2034.999999999946,509.746094,509.0,746.09,1
2036,2035.9999999999466,509.984375,509.23333333333335,751.04,1
2037,2036.9999999999459,510.113281,509.4,713.28,1
2038,2037.999999999946,510.394531,509.6666666666667,727.86,1
2039,2038.999999999946,510.571614,510.0,571.61,1
2040,2039.9999999999459,510.746745,510.2,546.74,1
2041,2040.999999999946,510.953125,510.4,553.13,1
2042,2041.9999999999459,511.1080730000001,510.56666666666666,541.41,1
2043,2042.9999999999457,511.345052,510.6333333333333,711.72,1
2044,2043.999999999946,511.5299480000001,510.6666666666667,863.28,1
2045,2044.9999999999457,511.713542,511.03333333333336,680.21,1
2046,2045.9999999999457,511.957031,511.23333333333335,723.7,1
2047,2046.9999999999457,512.095052,511.3,795.05,1
2048,2047.9999999999457,512.2695309999998,511.7,569.53,1
2049,2048.999999999946,512.514323,511.8666666666667,647.66,1
2050,2049.9999999999454,512.723958,511.93333333333334,790.62,1
2051,2050.9999999999454,512.9309900000002,512.2333333333333,697.66,1
2052,2051.999999999946,513.1315099999998,512.4,731.51,1
2053,2052.999999999945,513.333333,512.7333333333333,600.0,1
2054,2053.999999999945,513.515625,512.8333333333334,682.29,1
2055,2054.999999999946,513.8417969999998,512.9,941.8,1
2056,2055.999999999945,514.127604,513.1333333333333,994.27,1
2057,2056.999999999946,514.3359379999998,513.5,835.94,1
2058,2057.9999999999454,514.667317,513.7666666666667,900.65,1
2059,2058.999999999945,515.033854,514.1666666666666,867.19,1
2060,2059.9999999999454,515.36198,514.2666666666667,1095.31,1
2061,2060.9999999999445,515.622396,514.4,1222.4,1
2062,2061.999999999945,515.875,514.4666666666667,1408.33,1
2063,2062.9999999999454,516.101888,514.6666666666666,1435.22,1
2064,2063.9999999999445,516.328776,514.7,1628.78,1
2065,2064.9999999999454,516.651042,514.9333333333333,1717.71,1
2066,2065.9999999999445,516.75,515.9666666666667,783.33,1
2067,2066.9999999999445,517.030599,516.2,830.6,1
2068,2067.9999999999445,517.3033849999998,516.6,703.38,1
2069,2068.9999999999445,517.4921879999998,516.6333333333333,858.85,1
2070,2069.9999999999445,517.686198,516.9,786.2,1
2071,2070.9999999999445,517.904296,517.0333333333333,870.96,1
2072,2071.999999999944,518.067708,517.2,867.71,1
2073,2072.999999999944,518.2480469999998,517.7,548.05,1
2074,2073.9999999999445,518.5234379999998,517.8666666666667,656.77,1
2075,2074.999999999944,518.708333,518.0333333333333,675.0,1
2076,2075.999999999944,518.9609379999998,518.2666666666667,694.27,1
2077,2076.999999999944,519.135417,518.4666666666667,668.75,1
2078,2077.999999999944,519.313802,518.7,613.8,1
2079,2078.9999999999445,519.463542,518.9,563.54,1
2080,2079.999999999944,519.6445309999998,519.0666666666667,577.86,1
2081,2080.999999999944,519.809895,519.3666666666667,443.23,1
2082,2081.9999999999445,520.004557,520.0,4.56,1
2083,2082.999999999944,520.173177,520.0666666666667,106.51,1
2084,2083.9999999999445,520.3300780000002,520.1,230.08,1
2085,2084.9999999999436,520.495443,520.1666666666666,328.78,1
2086,2085.9999999999436,520.6966150000002,520.2333333333333,463.28,1
2087,2086.999999999944,520.895833,520.3333333333334,562.5,1
2088,2087.9999999999436,521.302734,520.4333333333333,869.4,1
2089,2088.9999999999436,521.686198,520.8666666666667,819.53,1
2090,2089.999999999944,521.8841150000002,521.0333333333333,850.78,1
2091,2090.9999999999436,522.0351559999998,521.3333333333334,701.82,1
2092,2091.999999999944,522.3125,521.3666666666667,945.83,1
2093,2092.9999999999436,522.4453120000002,521.8,645.31,1
2094,2093.9999999999436,522.626302,522.1,526.3,1
2095,2094.9999999999436,522.791667,522.4666666666667,325.0,1
2096,2095.999999999943,522.958333,522.6,358.33,1
2097,2096.999999999943,523.106771,522.6333333333333,473.44,1
2098,2097.9999999999436,523.2903650000002,522.8333333333334,457.03,1
2099,2098.999999999943,523.453125,522.9333333333333,519.79,1
2100,2099.9999999999436,523.6269530000002,522.9666666666667,660.29,1
2101,2100.999999999943,523.799479,523.0333333333333,766.15,1
2102,2101.999999999943,523.948568,523.4666666666667,481.9,1
2103,2102.999999999944,524.099609,523.6333333333333,466.28,1
2104,2103.999999999943,524.2490240000002,523.8333333333334,415.69,1
2105,2104.999999999943,524.3984379999998,524.0333333333333,365.1,1
2106,2105.9999999999436,524.5605469999998,524.1,460.55,1
2107,2106.999999999943,524.720052,524.1666666666666,553.39,1
2108,2107.9999999999436,524.867839,524.4666666666667,401.17,1
2109,2108.9999999999436,525.0247400000002,524.5333333333333,491.41,1
2110,2109.999999999943,525.244792,524.8,444.79,1
2111,2110.999999999944,525.3320309999998,524.9333333333333,398.7,1
2112,2111.999999999943,525.5019530000002,525.0,501.95,1
2113,2112.999999999943,525.720052,525.3,420.05,1
2114,2113.9999999999436,525.858073,525.5,358.07,1
2115,2114.999999999943,526.05013,525.5333333333333,516.8,1
2116,2115.999999999943,526.264323,525.7333333333333,530.99,1
2117,2116.9999999999427,526.466146,525.8666666666667,599.48,1
2118,2117.999999999943,526.684896,526.0,684.9,1
2119,2118.9999999999436,526.90625,526.2333333333333,672.92,1
2120,2119.999999999943,527.1699219999998,526.5,669.92,1
2121,2120.999999999943,527.525391,526.5333333333333,992.06,1
2122,2121.999999999943,527.7392580000002,526.9,839.26,1
2123,2122.9999999999427,527.953125,527.1,853.12,1
2124,2123.999999999943,528.0917969999998,527.3666666666667,725.13,1
2125,2124.999999999943,528.282552,527.6333333333333,649.22,1
2126,2125.9999999999422,528.458333,528.0666666666667,391.67,1
2127,2126.9999999999422,528.619792,528.1666666666666,453.13,1
2128,2127.9999999999422,528.832032,528.3666666666667,465.37,1
2129,2128.999999999942,529.044271,528.4333333333333,610.94,1
2130,2129.9999999999427,529.1783849999998,528.6,578.38,1
2131,2130.9999999999413,529.361979,528.9,461.98,1
2132,2131.999999999941,529.5377599999998,529.1666666666666,371.09,1
2133,2132.999999999941,529.7070309999998,529.3333333333334,373.7,1
2134,2133.999999999941,529.930338,529.4666666666667,463.67,1
2135,2134.999999999941,530.153646,529.5333333333333,620.31,1
2136,2135.9999999999404,530.311849,529.7,611.85,1
2137,2136.99999999994,530.513021,530.1666666666666,346.35,1
2138,2137.99999999994,530.6875,530.4,287.5,1
2139,2138.999999999939,530.8502599999998,530.5,350.26,1
2140,2139.99999999994,531.057942,530.6,457.94,1
2141,2140.9999999999395,531.265625,530.8666666666667,398.96,1
2142,2141.999999999939,531.389323,530.9333333333333,455.99,1
2143,2142.999999999939,531.5664059999998,531.0666666666667,499.74,1
2144,2143.999999999939,531.735677,531.4,335.68,1
2145,2144.9999999999377,532.0716150000002,531.5,571.62,1
2146,2145.9999999999377,532.3971349999998,531.8333333333334,563.8,1
2147,2146.9999999999372,532.5872400000002,532.0333333333333,553.91,1
2148,2147.999999999937,532.78125,532.1,681.25,1
2149,2148.9999999999363,532.973958,532.3666666666667,607.29,1
2150,2149.999999999936,533.166667,532.5,666.67,1
2151,2150.999999999936,533.313802,532.7666666666667,547.14,1
2152,2151.999999999935,533.419921,533.0333333333333,386.59,1
2153,2152.999999999935,533.557943,533.4,157.94,1
2154,2153.999999999935,533.686198,533.8,113.8,1
2155,2154.9999999999354,533.8815099999998,533.8333333333334,48.18,1
2156,2155.999999999935,534.076823,533.9,176.82,1
2157,2156.9999999999354,534.369792,533.9333333333333,436.46,1
2158,2157.999999999934,534.6484379999998,534.0,648.44,1
2159,2158.999999999934,534.8125,534.0666666666667,745.83,1
2160,2159.999999999934,534.967448,534.1333333333333,834.11,1
2161,2160.999999999933,535.174479,534.8333333333334,341.15,1
2162,2161.999999999933,535.373698,534.8666666666667,507.03,1
2163,2162.9999999999322,535.514323,535.0333333333333,480.99,1
2164,2163.999999999932,535.644532,535.2,444.53,1
2165,2164.999999999932,535.7890629999998,535.4666666666667,322.4,1
2166,2165.9999999999313,535.9199219999998,535.9666666666667,46.74,1
2167,2166.9999999999327,536.157878,536.0,157.88,1
2168,2167.999999999931,536.395833,536.0666666666667,329.17,1
2169,2168.9999999999313,536.6601559999998,536.1,560.16,1
2170,2169.9999999999313,536.888021,536.1666666666666,721.35,1
2171,2170.9999999999304,537.010417,536.3666666666667,643.75,1
2172,2171.9999999999304,537.186198,536.4666666666667,719.53,1
2173,2172.9999999999304,537.404948,536.6666666666666,738.28,1
2174,2173.99999999993,537.505208,537.5,5.21,1
2175,2174.9999999999295,537.651042,538.0666666666667,415.62,1
2176,2175.9999999999295,537.860677,538.1,239.32,1
2177,2176.999999999929,537.964843,538.2333333333333,268.49,1
2178,2177.999999999929,538.125,538.2666666666667,141.67,1
2179,2178.999999999929,538.328125,538.3333333333334,5.21,1
2180,2179.999999999928,538.444661,538.3666666666667,77.99,1
2181,2180.999999999928,538.596354,538.4333333333333,163.02,1
2182,2181.9999999999277,538.794271,538.4666666666667,327.6,1
2183,2182.9999999999272,538.8971349999998,538.5333333333333,363.8,1
2184,2183.9999999999272,539.065755,538.6,465.75,1
2185,2184.999999999927,539.2539059999998,538.8666666666667,387.24,1
2186,2185.999999999927,539.380208,539.1,280.21,1
2187,2186.9999999999254,539.563151,539.5666666666667,3.52,1
2188,2187.999999999926,539.7460940000002,539.7666666666667,20.57,1
2189,2188.999999999926,539.875,539.8,75.0,1
2190,2189.999999999925,540.055338,539.8666666666667,188.67,1
2191,2190.999999999925,540.291667,539.9,391.67,1
2192,2191.999999999925,540.4622400000002,539.9666666666667,495.57,1
2193,2192.9999999999245,540.8216150000002,540.0333333333333,788.28,1
2194,2193.999999999925,541.065104,540.2666666666667,798.44,1
2195,2194.9999999999245,541.308593,540.6,708.59,1
2196,2195.9999999999145,541.373698,540.7,673.7,1
2197,2196.999999999915,541.578776,541.0,578.78,1
2198,2197.9999999999145,541.783854,541.5,283.85,1
2199,2198.9999999999145,541.855468,541.7,155.47,1
2200,2199.9999999999145,542.075521,541.9666666666667,108.85,1
2201,2200.9999999999145,542.295573,542.0333333333333,262.24,1
2202,2201.9999999999145,542.3515620000002,542.2333333333333,118.23,1
2203,2202.9999999999145,542.52908,542.5666666666667,37.59,1
2204,2203.9999999999145,542.706597,542.7,6.6,1
2205,2204.9999999999145,542.8841150000002,542.8333333333334,50.78,1
2206,2205.999999999915,543.144315,542.9333333333333,210.98,1
2207,2206.9999999999145,543.404514,543.0,404.51,1
2208,2207.9999999999145,543.664713,543.0333333333333,631.38,1
2209,2208.999999999915,543.825358,543.1,725.36,1
2210,2209.999999999915,543.986003,543.1333333333333,852.67,1
2211,2210.999999999915,544.146647,543.3,846.65,1
2212,2211.999999999915,544.307292,543.8666666666667,440.63,1
2213,2212.999999999914,544.4921879999998,544.9,407.81,1
2214,2213.999999999914,544.658854,545.1,441.15,1
2215,2214.999999999914,544.8190099999998,545.1333333333333,314.32,1
2216,2215.999999999914,544.9726559999998,545.3,327.34,1
2217,2216.999999999913,545.160807,545.3666666666667,205.86,1
2218,2217.9999999999127,545.376628,545.4,23.37,1
2219,2218.999999999913,545.592448,545.4333333333333,159.11,1
2220,2219.999999999913,545.651042,545.4666666666667,184.38,1
2221,2220.9999999999127,545.861003,545.5,361.0,1
2222,2221.9999999999127,546.070964,545.6333333333333,437.63,1
2223,2222.999999999913,546.1471349999998,546.1,47.13,1
2224,2223.9999999999127,546.3658849999998,546.3,65.88,1
2225,2224.9999999999127,546.5846349999998,546.5,84.63,1
2226,2225.9999999999127,546.6315099999998,546.5666666666667,64.84,1
2227,2226.9999999999127,546.802951,546.6333333333333,169.62,1
2228,2227.9999999999127,546.974392,546.6666666666666,307.73,1
2229,2228.9999999999127,547.145833,546.8,345.83,1
2230,2229.999999999913,547.357639,547.0,357.64,1
2231,2230.999999999913,547.5694440000002,547.0333333333333,536.11,1
2232,2231.999999999913,547.78125,547.1333333333333,647.92,1
2233,2232.999999999913,547.944661,547.1666666666666,777.99,1
2234,2233.999999999914,548.108073,547.5333333333333,574.74,1
2235,2234.999999999913,548.271484,547.6666666666666,604.82,1
2236,2235.999999999913,548.434896,548.0,434.9,1
2237,2236.9999999999127,548.630208,549.6666666666666,1036.46,1
2238,2237.9999999999127,548.799479,549.7,900.52,1
2239,2238.999999999912,548.955729,550.5,1544.27,1
2240,2239.999999999912,549.102214,550.5333333333333,1431.12,1
2241,2240.999999999912,549.25,550.6,1350.0,1
2242,2241.9999999999063,549.424805,550.6333333333333,1208.53,1
2243,2242.9999999999063,549.599609,550.6666666666666,1067.06,1
2244,2243.9999999999063,549.796875,550.7,903.13,1
2245,2244.9999999999063,549.948567,550.7333333333333,784.77,1
2246,2245.9999999999063,550.1002599999998,550.7666666666667,666.41,1
2247,2246.9999999999063,550.282552,550.8,517.45,1
2248,2247.9999999999063,550.417318,550.9,482.68,1
2249,2248.9999999999063,550.552083,551.4,847.92,1
2250,2249.999999999906,550.7122400000002,551.4666666666667,754.43,1
2251,2250.9999999999063,550.858724,551.5,641.28,1
2252,2251.9999999999063,551.005208,551.5666666666667,561.46,1
2253,2252.999999999906,551.1809900000002,551.6,419.01,1
2254,2253.9999999999063,551.318685,551.6333333333333,314.65,1
2255,2254.9999999999063,551.45638,551.6666666666666,210.29,1
2256,2255.999999999906,551.673177,551.7333333333333,60.16,1
2257,2256.9999999999063,551.839518,551.7666666666667,72.85,1
2258,2257.999999999906,552.005859,551.8,205.86,1
2259,2258.999999999906,552.240234,551.8333333333334,406.9,1
2260,2259.999999999906,552.4127599999998,551.9,512.76,1
2261,2260.999999999906,552.585286,551.9666666666667,618.62,1
2262,2261.999999999906,552.927734,552.2333333333333,694.4,1
2263,2262.9999999999063,553.249349,552.4,849.35,1
2264,2263.999999999906,553.570964,552.5,1070.96,1
2265,2264.999999999906,554.1757809999998,552.9333333333333,1242.45,1
2266,2265.999999999906,554.438151,553.1333333333333,1304.82,1
2267,2266.999999999905,554.579427,553.1666666666666,1412.76,1
2268,2267.9999999999045,554.730468,554.2,530.47,1
2269,2268.9999999999045,554.858073,554.4333333333333,424.74,1
2270,2269.9999999999036,555.002604,554.5333333333333,469.27,1
2271,2270.9999999999036,555.1328120000002,555.0666666666667,66.15,1
2272,2271.999999999903,555.2773440000002,555.5,222.66,1
2273,2272.9999999999022,555.457032,555.6666666666666,209.63,1
2274,2273.9999999999027,555.578776,555.7666666666667,187.89,1
2275,2274.9999999999022,555.82194,555.8333333333334,11.39,1
2276,2275.9999999999022,556.065104,555.8666666666667,198.44,1
2277,2276.9999999999022,556.5078120000002,555.9,607.81,1
2278,2277.9999999999022,556.847006,555.9333333333333,913.67,1
2279,2278.9999999999013,556.971354,556.0666666666667,904.69,1
2280,2279.9999999999004,557.114583,556.3666666666667,747.92,1
2281,2280.9999999999004,557.2408849999998,556.9,340.88,1
2282,2281.9999999999,557.377604,557.0,377.6,1
2283,2282.999999999899,557.497396,557.4,97.4,1
2284,2283.9999999998986,557.649089,558.2333333333333,584.24,1
2285,2284.999999999898,557.761068,558.3,538.93,1
2286,2285.999999999898,557.916016,558.3333333333334,417.32,1
2287,2286.9999999998986,558.075847,558.3666666666667,290.82,1
2288,2287.999999999898,558.235677,558.4,164.32,1
2289,2288.999999999898,558.3971349999998,558.4666666666667,69.53,1
2290,2289.999999999898,558.505208,558.5,5.21,1
2291,2290.9999999998986,558.625,558.5333333333333,91.67,1
2292,2291.999999999898,558.757161,558.5666666666667,190.49,1
2293,2292.999999999892,558.879558,558.6,279.56,1
2294,2293.999999999892,559.0039059999998,558.7333333333333,270.57,1
2295,2294.9999999998927,559.130208,558.7666666666667,363.54,1
2296,2295.9999999998918,559.2539059999998,558.8333333333334,420.57,1
2297,2296.999999999892,559.364583,558.9666666666667,397.92,1
2298,2297.999999999892,559.479167,559.3,179.17,1
2299,2298.999999999892,559.593099,559.4,193.1,1
2300,2299.9999999998918,559.719401,560.0333333333333,313.93,1
2301,2300.9999999998918,559.8346349999998,560.0666666666667,232.03,1
2302,2301.9999999998913,559.954427,560.1,145.57,1
2303,2302.9999999998913,560.0716150000002,560.1333333333333,61.72,1
2304,2303.9999999998913,560.167318,560.1666666666666,0.65,1
2305,2304.9999999998913,560.295573,560.2,95.57,1
2306,2305.9999999998913,560.4238280000002,560.2333333333333,190.49,1
2307,2306.999999999891,560.5403650000002,560.2666666666667,273.7,1
2308,2307.999999999891,560.654948,560.3333333333334,321.61,1
2309,2308.999999999891,560.7773440000002,560.6666666666666,110.68,1
2310,2309.999999999891,560.8867190000002,560.8,86.72,1
2311,2310.999999999891,560.997396,560.9,97.4,1
2312,2311.9999999998913,561.109375,561.0,109.38,1
2313,2312.9999999998913,561.252604,561.3,47.4,1
2314,2313.9999999998913,561.392361,561.4333333333333,40.97,1
2315,2314.9999999998913,561.532118,561.6,67.88,1
2316,2315.999999999891,561.671875,561.6333333333333,38.54,1
2317,2316.999999999891,561.8194440000002,561.6666666666666,152.78,1
2318,2317.999999999891,561.967014,561.7333333333333,233.68,1
2319,2318.999999999891,562.114583,561.7666666666667,347.92,1
2320,2319.9999999998913,562.269097,561.8333333333334,435.76,1
2321,2320.9999999998927,562.423611,562.2333333333333,190.28,1
2322,2321.9999999998913,562.578125,562.2666666666667,311.46,1
2323,2322.9999999998913,562.757378,562.4,357.38,1
2324,2323.9999999998927,562.936632,562.5333333333333,403.3,1
2325,2324.9999999998913,563.1158849999998,562.5666666666667,549.22,1
2326,2325.9999999998918,563.274088,562.6666666666666,607.42,1
2327,2326.9999999998913,563.432291,562.7,732.29,1
2328,2327.9999999998913,563.590494,562.7666666666667,823.83,1
2329,2328.999999999891,563.748698,563.2,548.7,1
2330,2329.9999999998913,563.906901,563.2333333333333,673.57,1
2331,2330.99999999989,564.065104,563.2666666666667,798.44,1
2332,2331.999999999891,564.175998,563.3666666666667,809.33,1
2333,2332.9999999998913,564.286892,563.4333333333333,853.56,1
2334,2333.999999999891,564.397786,563.4666666666667,931.12,1
2335,2334.999999999891,564.5086809999998,564.0333333333333,475.35,1
2336,2335.9999999998913,564.619575,564.0666666666667,552.91,1
2337,2336.999999999891,564.7304690000002,564.1,630.47,1
