beat_idx,gt_beat,gt_time_s,pred_time_s,err_ms,ok
0,0.0,0.58125,0.0,581.25,1
1,1.0000000000000002,0.784375,0.03333333333333333,751.04,1
2,2.0000000000000004,0.9875,0.06666666666666667,920.83,1
3,3.000000000000001,1.113542,0.1,1013.54,1
4,4.000000000000001,1.32786475,0.16666666666666666,1161.2,1
5,5.000000000000001,1.5421875,0.2,1342.19,1
6,6.000000000000001,1.692708,0.23333333333333334,1459.37,1
7,7.0,1.9026038333333333,0.26666666666666666,1635.94,1
8,8.000000000000002,2.112499666666667,0.3333333333333333,1779.17,1
9,9.000000000000002,2.3223955000000003,0.36666666666666664,1955.73,1
10,10.000000000000002,2.532291333333333,0.4,2132.29,1
11,11.000000000000004,2.7421871666666666,0.43333333333333335,2308.85,1
12,12.000000000000004,2.952083,0.5,2452.08,1
13,13.000000000000004,3.1961803333333334,0.5333333333333333,2662.85,1
14,14.000000000000002,3.440277666666667,0.5666666666666667,2873.61,1
15,15.000000000000002,3.684375,0.6,3084.38,1
16,16.000000000000004,3.8600694166666663,0.6666666666666666,3193.4,1
17,17.000000000000004,4.035763833333333,0.7,3335.76,1
18,18.000000000000004,4.21145825,0.7333333333333333,3478.12,1
19,19.0,4.387152666666667,0.7666666666666667,3620.49,1
20,20.0,4.562847083333334,0.8333333333333334,3729.51,1
21,21.000000000000004,4.7385415,0.8666666666666667,3871.87,1
22,22.000000000000004,4.92578125,0.9666666666666667,3959.11,1
23,23.000000000000007,5.113021,1.0,4113.02,1
24,24.000000000000018,5.426042,1.0666666666666667,4359.38,1
25,25.000000000000007,5.734896,1.1,4634.9,1
26,26.000000000000007,6.04375,1.7,4343.75,1
27,27.000000000000014,6.1729165,1.7333333333333334,4439.58,1
28,28.00000000000001,6.40677075,1.8,4606.77,1
29,29.000000000000025,6.640625,1.8333333333333333,4807.29,1
30,30.000000000000018,6.778125,1.8666666666666667,4911.46,1
31,31.000000000000018,7.007638833333332,1.9,5107.64,1
32,32.00000000000002,7.237152666666668,1.9666666666666666,5270.49,1
33,33.00000000000002,7.4666665,3.033333333333333,4433.33,1
34,34.00000000000002,7.6961803333333325,5.1,2596.18,1
35,35.00000000000002,7.925694166666666,5.9,2025.69,1
36,36.00000000000002,8.155208,6.133333333333334,2021.87,1
37,37.00000000000002,8.402951166666666,8.133333333333333,269.62,1
38,38.00000000000002,8.650694333333334,8.5,150.69,1
39,39.000000000000036,8.8984375,8.833333333333334,65.1,1
40,40.00000000000002,9.09296875,8.866666666666667,226.3,1
41,41.00000000000002,9.2875,8.9,387.5,1
42,42.00000000000002,9.48203125,9.533333333333333,51.3,1
43,43.00000000000002,9.6765625,9.566666666666666,109.9,1
44,44.00000000000003,9.87109375,9.6,271.09,1
45,45.00000000000003,10.065625,9.666666666666666,398.96,1
46,46.00000000000002,10.2546875,10.066666666666666,188.02,1
47,47.000000000000036,10.44375,10.333333333333334,110.42,1
48,48.000000000000036,10.739583,10.7,39.58,1
49,49.000000000000036,10.909027666666667,10.733333333333333,175.69,1
50,50.000000000000036,11.078472333333332,10.8,278.47,1
51,51.000000000000036,11.247917,11.033333333333333,214.58,1
52,52.000000000000036,11.404514,11.233333333333333,171.18,1
53,53.00000000000003,11.561111,11.3,261.11,1
54,54.000000000000036,11.717708,11.333333333333334,384.37,1
55,55.00000000000003,11.905728833333333,11.4,505.73,1
56,56.00000000000002,12.093749666666668,12.0,93.75,1
57,57.00000000000003,12.2817705,12.133333333333333,148.44,1
58,58.00000000000003,12.510118785714289,12.533333333333333,23.21,1
59,59.00000000000003,12.738467071428573,13.4,661.53,1
60,60.00000000000003,12.966815357142858,13.6,633.18,1
61,61.00000000000002,13.195163642857144,13.666666666666666,471.5,1
62,62.00000000000003,13.423511928571427,13.7,276.49,1
63,63.00000000000003,13.651860214285716,13.733333333333333,81.47,1
64,64.00000000000003,13.880208500000002,13.766666666666667,113.54,1
65,65.00000000000003,14.054010600000002,13.8,254.01,1
66,66.00000000000003,14.227812699999998,14.033333333333333,194.48,1
67,67.00000000000003,14.401614800000004,14.233333333333333,168.28,1
68,68.00000000000003,14.575416900000002,14.433333333333334,142.08,1
69,69.00000000000003,14.749219000000002,14.633333333333333,115.89,1
70,70.00000000000003,14.9230211,15.966666666666667,1043.65,1
71,71.00000000000003,15.0968232,16.0,903.18,1
72,72.00000000000003,15.270625300000004,16.033333333333335,762.71,1
73,73.00000000000003,15.444427400000002,16.1,655.57,1
74,74.00000000000003,15.618229500000002,16.166666666666668,548.44,1
75,75.00000000000004,15.721875,16.2,478.12,1
76,76.00000000000003,15.9197915,16.233333333333334,313.54,1
77,77.00000000000003,16.117708,16.266666666666666,148.96,1
78,78.00000000000003,16.2385415,16.333333333333332,94.79,1
79,79.00000000000004,16.441666583333333,16.4,41.67,1
80,80.00000000000003,16.644791666666666,17.033333333333335,388.54,1
81,81.00000000000003,16.847916750000003,17.066666666666666,218.75,1
82,82.00000000000003,17.051041833333336,17.133333333333333,82.29,1
83,83.00000000000004,17.25416691666667,17.166666666666668,87.5,1
84,84.00000000000003,17.457292000000002,17.2,257.29,1
85,85.00000000000004,17.685417,17.233333333333334,452.08,1
86,86.00000000000004,17.913542000000003,17.3,613.54,1
87,87.00000000000006,18.141667,17.466666666666665,675.0,1
88,88.00000000000004,18.3302086,17.666666666666668,663.54,1
89,89.00000000000004,18.518750200000003,17.866666666666667,652.08,1
90,90.00000000000004,18.7072918,17.933333333333334,773.96,1
91,91.00000000000004,18.895833399999997,17.966666666666665,929.17,1
92,92.00000000000006,19.084375,18.433333333333334,651.04,1
93,93.00000000000007,19.364583,18.866666666666667,497.92,1
94,94.00000000000006,19.55,18.9,650.0,1
95,95.00000000000007,19.735417,18.966666666666665,768.75,1
96,96.0000000000001,20.057292,19.866666666666667,190.63,1
97,97.00000000000007,20.33671875,20.066666666666666,270.05,1
98,98.00000000000009,20.6161455,20.1,516.15,1
99,99.00000000000009,20.732292,20.7,32.29,1
100,100.00000000000009,20.9677085,20.733333333333334,234.38,1
101,101.00000000000013,21.203125,20.866666666666667,336.46,1
102,102.00000000000009,21.3520835,20.966666666666665,385.42,1
103,103.0000000000001,21.58454875,21.0,584.55,1
104,104.0000000000001,21.817014,21.066666666666666,750.35,1
105,105.00000000000009,22.04947925,21.266666666666666,782.81,1
106,106.00000000000009,22.2819445,21.9,381.94,1
107,107.00000000000009,22.51440975,22.0,514.41,1
108,108.0000000000001,22.746875,22.6,146.87,1
109,109.0000000000001,23.02083333333333,22.833333333333332,187.5,1
110,110.0000000000001,23.29479166666667,22.866666666666667,428.13,1
111,111.00000000000017,23.56875,22.9,668.75,1
112,112.0000000000001,23.76371533333333,24.333333333333332,569.62,1
113,113.00000000000013,23.95868066666667,24.6,641.32,1
114,114.00000000000013,24.153646,24.8,646.35,1
115,115.0000000000001,24.34861133333333,24.866666666666667,518.06,1
116,116.0000000000001,24.54357666666667,24.9,356.42,1
117,117.0000000000001,24.738542,25.133333333333333,394.79,1
118,118.00000000000013,24.9307295,25.333333333333332,402.6,1
119,119.00000000000013,25.122917,25.466666666666665,343.75,1
120,120.00000000000013,25.413542,25.5,86.46,1
121,121.00000000000014,25.588194666666666,25.566666666666666,21.53,1
122,122.00000000000013,25.76284733333333,25.6,162.85,1
123,123.00000000000014,25.9375,25.733333333333334,204.17,1
124,124.00000000000014,26.094791666666666,25.833333333333332,261.46,1
125,125.00000000000014,26.25208333333333,26.1,152.08,1
126,126.0000000000002,26.409375,26.366666666666667,42.71,1
127,127.00000000000014,26.5859375,26.933333333333334,347.4,1
128,128.00000000000014,26.7625,27.1,337.5,1
129,129.00000000000014,26.9390625,27.166666666666668,227.6,1
130,130.00000000000014,27.14918157142857,27.266666666666666,117.49,1
131,131.00000000000014,27.359300642857146,27.5,140.7,1
132,132.00000000000014,27.56941971428572,27.566666666666666,2.75,1
133,133.00000000000014,27.779538785714283,27.6,179.54,1
134,134.00000000000014,27.989657857142852,27.666666666666668,322.99,1
135,135.00000000000014,28.199776928571428,27.733333333333334,466.44,1
136,136.0000000000002,28.409896000000003,27.933333333333334,476.56,1
137,137.00000000000014,28.603320500000002,28.6,3.32,1
138,138.00000000000014,28.796745,28.866666666666667,69.92,1
139,139.00000000000014,28.9901695,29.066666666666666,76.5,1
140,140.00000000000014,29.183594,30.233333333333334,1049.74,1
141,141.00000000000014,29.3770185,30.266666666666666,889.65,1
142,142.00000000000014,29.570443,30.333333333333332,762.89,1
143,143.00000000000014,29.7638675,30.366666666666667,602.8,1
144,144.00000000000014,29.957292,30.4,442.71,1
145,145.00000000000014,30.16458350000001,30.433333333333334,268.75,1
146,146.0000000000002,30.371875,30.5,128.13,1
147,147.00000000000014,30.5447915,30.533333333333335,11.46,1
148,148.00000000000014,30.769792,30.766666666666666,3.13,1
149,149.00000000000017,30.883333,30.9,16.67,1
150,150.0000000000002,31.048958,31.033333333333335,15.62,1
151,151.00000000000028,31.20625,31.233333333333334,27.08,1
152,152.00000000000026,31.373958,31.433333333333334,59.38,1
153,153.00000000000028,31.517708,31.466666666666665,51.04,1
154,154.00000000000028,31.70972200000001,32.03333333333333,323.61,1
155,155.00000000000028,31.901736,32.06666666666667,164.93,1
156,156.00000000000034,32.09375,32.1,6.25,1
157,157.00000000000028,32.235417,32.36666666666667,131.25,1
158,158.00000000000034,32.375,32.43333333333333,58.33,1
159,159.00000000000034,32.568749999999994,32.56666666666667,2.08,1
160,160.00000000000034,32.780729,32.86666666666667,85.94,1
161,161.00000000000034,32.924479500000004,32.93333333333333,8.85,1
162,162.00000000000034,33.088542,33.03333333333333,55.21,1
163,163.00000000000034,33.217708,33.266666666666666,48.96,1
164,164.00000000000034,33.364583,33.36666666666667,2.08,1
165,165.00000000000028,33.51875,33.5,18.75,1
166,166.0000000000003,33.701042,33.733333333333334,32.29,1
167,167.00000000000034,33.823958000000005,33.766666666666666,57.29,1
168,168.00000000000028,34.194792,34.13333333333333,61.46,1
169,169.00000000000028,34.41796875,34.36666666666667,51.3,1
170,170.00000000000028,34.6411455,34.733333333333334,92.19,1
171,171.0000000000003,34.7921875,34.766666666666666,25.52,1
172,172.00000000000037,35.026042,34.96666666666667,59.38,1
173,173.00000000000028,35.1375,35.166666666666664,29.17,1
174,174.00000000000028,35.295833,35.3,4.17,1
175,175.00000000000026,35.45729199999999,35.46666666666667,9.37,1
176,176.00000000000026,35.623958,35.666666666666664,42.71,1
177,177.00000000000028,35.779167,35.833333333333336,54.17,1
178,178.0000000000002,35.98142383333333,36.36666666666667,385.24,1
179,179.00000000000017,36.18368066666667,36.4,216.32,1
180,180.0000000000002,36.3859375,37.03333333333333,647.4,1
181,181.0000000000002,36.563542,37.233333333333334,669.79,1
182,182.00000000000026,36.707292,37.266666666666666,559.37,1
183,183.00000000000017,36.87083300000001,37.333333333333336,462.5,1
184,184.00000000000014,37.01145800000001,37.36666666666667,355.21,1
185,185.00000000000014,37.160417,37.43333333333333,272.92,1
186,186.00000000000017,37.32395800000001,37.46666666666667,142.71,1
187,187.0000000000002,37.486458,37.5,13.54,1
188,188.00000000000014,37.644792,37.63333333333333,11.46,1
189,189.0000000000001,37.827604,37.8,27.6,1
190,190.0000000000001,38.08125,37.93333333333333,147.92,1
191,191.0000000000001,38.320833,38.3,20.83,1
192,192.00000000000017,38.644792,38.7,55.21,1
193,193.00000000000017,38.952083,38.93333333333333,18.75,1
194,194.00000000000017,39.127083,39.13333333333333,6.25,1
195,195.00000000000017,39.283333,39.36666666666667,83.33,1
196,196.00000000000017,39.5578125,39.5,57.81,1
197,197.00000000000017,39.757292,39.666666666666664,90.63,1
198,198.0000000000002,39.939583,39.8,139.58,1
199,199.0000000000002,40.138542,39.833333333333336,305.21,1
200,200.00000000000017,40.3109375,39.86666666666667,444.27,1
201,201.00000000000017,40.483333,40.8,316.67,1
202,202.00000000000014,40.697917,40.833333333333336,135.42,1
203,203.00000000000017,40.882292,40.86666666666667,15.63,1
204,204.00000000000017,41.0427085,40.9,142.71,1
205,205.00000000000017,41.236458,41.233333333333334,3.12,1
206,206.00000000000017,41.415625,41.43333333333333,17.71,1
207,207.00000000000017,41.574479,41.46666666666667,107.81,1
208,208.00000000000017,41.809896,41.56666666666667,243.23,1
209,209.00000000000017,41.980729,41.833333333333336,147.4,1
210,210.00000000000017,42.16875,42.0,168.75,1
211,211.00000000000017,42.366667,42.2,166.67,1
212,212.00000000000017,42.520833,42.233333333333334,287.5,1
213,213.0000000000002,42.703125,42.733333333333334,30.21,1
214,214.00000000000017,42.882292,42.766666666666666,115.63,1
215,215.0000000000002,43.04895850000001,43.0,48.96,1
216,216.0000000000002,43.3625,43.2,162.5,1
217,217.0000000000002,43.632292,43.266666666666666,365.63,1
218,218.0000000000002,43.81458350000001,43.46666666666667,347.92,1
219,219.0000000000002,43.959375,43.93333333333333,26.04,1
220,220.0000000000002,44.182292,44.233333333333334,51.04,1
221,221.00000000000028,44.3479165,44.4,52.08,1
222,222.0000000000003,44.66770800000001,44.56666666666667,101.04,1
223,223.0000000000003,44.86875,44.7,168.75,1
224,224.0000000000003,45.026042,44.833333333333336,192.71,1
225,225.0000000000003,45.222917,45.13333333333333,89.58,1
226,226.0000000000003,45.416667,45.333333333333336,83.33,1
227,227.0000000000003,45.565625,45.5,65.62,1
228,228.0000000000003,45.730729,45.56666666666667,164.06,1
229,229.0000000000003,45.9338545,45.96666666666667,32.81,1
230,230.0000000000003,46.086458,46.2,113.54,1
231,231.0000000000003,46.25156250000001,46.233333333333334,18.23,1
232,232.0000000000003,46.470833,46.46666666666667,4.17,1
233,233.00000000000034,46.648958,46.63333333333333,15.62,1
234,234.00000000000037,46.845833,46.733333333333334,112.5,1
235,235.00000000000037,47.034375,46.86666666666667,167.71,1
236,236.00000000000037,47.207292,47.03333333333333,173.96,1
237,237.00000000000037,47.3713545,47.333333333333336,38.02,1
238,238.00000000000037,47.6125,47.733333333333334,120.83,1
239,239.00000000000037,47.79375,47.766666666666666,27.08,1
240,240.00000000000037,48.097917,48.06666666666667,31.25,1
241,241.00000000000037,48.420833,48.1,320.83,1
242,242.0000000000003,48.583333,48.333333333333336,250.0,1
243,243.0000000000003,48.734375,48.56666666666667,167.71,1
244,244.00000000000034,48.96458300000001,48.63333333333333,331.25,1
245,245.0000000000003,49.16770800000001,49.06666666666667,101.04,1
246,246.00000000000034,49.3765625,49.333333333333336,43.23,1
247,247.00000000000037,49.567708,49.56666666666667,1.04,1
248,248.00000000000037,49.739583,49.733333333333334,6.25,1
249,249.00000000000037,49.9375,49.96666666666667,29.17,1
250,250.0000000000004,50.13125,50.13333333333333,2.08,1
251,251.00000000000037,50.332292,50.333333333333336,1.04,1
252,252.0000000000004,50.483854,50.766666666666666,282.81,1
253,253.00000000000037,50.669792,50.833333333333336,163.54,1
254,254.0000000000004,50.8333335,50.9,66.67,1
255,255.00000000000037,51.02708300000001,50.93333333333333,93.75,1
256,256.0000000000004,51.2859375,50.96666666666667,319.27,1
257,257.00000000000034,51.503125,51.53333333333333,30.21,1
258,258.00000000000045,51.734896,51.63333333333333,101.56,1
259,259.0000000000004,51.935417,52.166666666666664,231.25,1
260,260.0000000000004,52.138542,53.3,1161.46,1
261,261.00000000000045,52.285417,53.36666666666667,1081.25,1
262,262.0000000000004,52.47708299999999,53.4,922.92,1
263,263.00000000000045,52.6776045,53.43333333333333,755.73,1
264,264.00000000000045,52.96979200000001,53.46666666666667,496.87,1
265,265.0000000000004,53.21979200000001,53.53333333333333,313.54,1
266,266.0000000000004,53.39166700000001,53.833333333333336,441.67,1
267,267.00000000000045,53.597395999999996,53.96666666666667,369.27,1
268,268.00000000000045,53.853646,54.03333333333333,179.69,1
269,269.00000000000045,54.04010400000001,54.1,59.9,1
270,270.00000000000045,54.2609375,54.13333333333333,127.6,1
271,271.0000000000004,54.47708299999999,54.5,22.92,1
272,272.0000000000004,54.653125,54.6,53.13,1
273,273.00000000000045,54.83125,54.766666666666666,64.58,1
274,274.0000000000004,55.042708499999996,55.0,42.71,1
275,275.0000000000005,55.2078125,55.166666666666664,41.15,1
276,276.0000000000005,55.4083335,55.36666666666667,41.67,1
277,277.0000000000005,55.6369795,55.53333333333333,103.65,1
278,278.0000000000005,55.796354,55.8,3.65,1
279,279.0000000000005,56.04322950000001,55.833333333333336,209.9,1
280,280.0000000000005,56.2947915,56.0,294.79,1
281,281.0000000000005,56.480208,56.46666666666667,13.54,1
282,282.0000000000005,56.711458500000006,56.6,111.46,1
283,283.0000000000005,56.95,57.166666666666664,216.67,1
284,284.0000000000005,57.135417,57.5,364.58,1
285,285.0000000000005,57.35833349999999,57.63333333333333,275.0,1
286,286.0000000000004,57.590625,57.666666666666664,76.04,1
287,287.0000000000005,57.8359375,57.833333333333336,2.6,1
288,288.0000000000004,58.18802049999999,58.0,188.02,1
289,289.0000000000005,58.54375,58.266666666666666,277.08,1
290,290.0000000000005,58.71354150000001,58.63333333333333,80.21,1
291,291.0000000000005,58.902083499999996,58.733333333333334,168.75,1
292,292.0000000000005,59.222917,58.766666666666666,456.25,1
293,293.00000000000057,59.38229200000001,59.4,17.71,1
294,294.0000000000005,59.63125,59.6,31.25,1
295,295.00000000000057,59.83541700000001,59.666666666666664,168.75,1
296,296.0000000000005,60.0,59.833333333333336,166.67,1
297,297.00000000000057,60.2125,60.2,12.5,1
298,298.0000000000005,60.410417,60.266666666666666,143.75,1
299,299.00000000000057,60.559375,60.6,40.62,1
300,300.0000000000005,60.7359375,60.7,35.94,1
301,301.00000000000057,60.909375,60.86666666666667,42.71,1
302,302.0000000000005,61.107292,60.96666666666667,140.63,1
303,303.00000000000057,61.292708,61.13333333333333,159.37,1
304,304.00000000000057,61.457292,61.166666666666664,290.63,1
305,305.0000000000006,61.65625,61.63333333333333,22.92,1
306,306.00000000000057,61.933854000000004,61.7,233.85,1
307,307.0000000000006,62.130208,62.13333333333333,3.13,1
308,308.0000000000006,62.302083,62.166666666666664,135.42,1
309,309.0000000000006,62.488541500000004,62.46666666666667,21.87,1
310,310.0000000000006,62.682292,62.5,182.29,1
311,311.0000000000006,62.87916700000001,62.56666666666667,312.5,1
312,312.0000000000006,63.16822950000001,62.6,568.23,1
313,313.0000000000006,63.428125,62.733333333333334,694.79,1
314,314.0000000000006,63.623958,63.666666666666664,42.71,1
315,315.0000000000006,63.81875,63.733333333333334,85.42,1
316,316.0000000000006,64.13333349999999,63.8,333.33,1
317,317.0000000000006,64.33125,64.1,231.25,1
318,318.0000000000007,64.5630205,64.5,63.02,1
319,319.0000000000007,64.78125,64.53333333333333,247.92,1
320,320.0000000000007,64.953125,64.93333333333334,19.79,1
321,321.0000000000007,65.1328125,65.1,32.81,1
322,322.0000000000007,65.3515625,65.36666666666666,15.1,1
323,323.0000000000007,65.5145835,65.43333333333334,81.25,1
324,324.0000000000007,65.6989585,65.66666666666667,32.29,1
325,325.00000000000057,65.898958,65.9,1.04,1
326,326.0000000000006,66.0651045,66.03333333333333,31.77,1
327,327.0000000000007,66.26041649999999,66.23333333333333,27.08,1
328,328.0000000000007,66.489583,66.5,10.42,1
329,329.0000000000007,66.65208299999999,66.76666666666667,114.58,1
330,330.0000000000007,66.784375,66.96666666666667,182.29,1
331,331.0000000000006,66.96458299999999,67.0,35.42,1
332,332.0000000000007,67.07864599999999,67.06666666666666,11.98,1
333,333.0000000000007,67.3015625,67.26666666666667,34.9,1
334,334.00000000000074,67.51875,67.5,18.75,1
335,335.00000000000074,67.673958,67.66666666666667,7.29,1
336,336.0000000000008,67.834896,67.76666666666667,68.23,1
337,337.0000000000008,68.009375,68.0,9.38,1
338,338.0000000000008,68.205208,68.2,5.21,1
339,339.0000000000008,68.5296875,68.23333333333333,296.35,1
340,340.00000000000085,68.742708,68.46666666666667,276.04,1
341,341.0000000000008,68.911458,68.86666666666666,44.79,1
342,342.00000000000085,69.0786455,69.13333333333334,54.69,1
343,343.00000000000085,69.25625,69.4,143.75,1
344,344.0000000000009,69.43802099999999,69.43333333333334,4.69,1
345,345.0000000000009,69.690625,69.46666666666667,223.96,1
346,346.0000000000009,69.8625,69.5,362.5,1
347,347.0000000000009,70.061458,69.96666666666667,94.79,1
348,348.00000000000097,70.367708,70.3,67.71,1
349,349.0000000000009,70.602604,70.33333333333333,269.27,1
350,350.00000000000097,70.8375,70.9,62.5,1
351,351.000000000001,70.95416700000001,71.4,445.83,1
352,352.000000000001,71.075,71.43333333333334,358.33,1
353,353.000000000001,71.279167,71.5,220.83,1
354,354.0000000000011,71.423958,71.53333333333333,109.38,1
355,355.0000000000011,71.621354,71.63333333333334,11.98,1
356,356.0000000000011,71.81875,71.93333333333334,114.58,1
357,357.0000000000011,71.9645835,72.0,35.42,1
358,358.00000000000114,72.147917,72.23333333333333,85.42,1
359,359.00000000000125,72.289583,72.26666666666667,22.92,1
360,360.00000000000125,72.46458299999998,72.4,64.58,1
361,361.00000000000125,72.66302049999999,72.63333333333334,29.69,1
362,362.00000000000114,72.861458,72.83333333333333,28.12,1
363,363.0000000000013,72.996354,72.96666666666667,29.69,1
364,364.0000000000013,73.122917,73.13333333333334,10.42,1
365,365.0000000000013,73.307292,73.46666666666667,159.37,1
366,366.0000000000014,73.477083,73.5,22.92,1
367,367.0000000000014,73.67552049999998,73.7,24.48,1
368,368.0000000000015,73.873958,73.93333333333334,59.38,1
369,369.0000000000014,74.01093750000003,74.03333333333333,22.4,1
370,370.0000000000013,74.177083,74.16666666666667,10.42,1
371,371.00000000000165,74.354167,74.3,54.17,1
372,372.00000000000153,74.638542,74.6,38.54,1
373,373.00000000000153,74.9,74.96666666666667,66.67,1
374,374.0000000000016,75.161458,75.13333333333334,28.12,1
375,375.0000000000017,75.26979200000002,75.26666666666667,3.13,1
376,376.0000000000015,75.395833,75.4,4.17,1
377,377.00000000000176,75.583333,76.16666666666667,583.33,1
378,378.0000000000017,75.735417,76.2,464.58,1
379,379.0000000000018,75.94375,76.23333333333333,289.58,1
380,380.00000000000176,76.064583,76.3,235.42,1
381,381.0000000000019,76.259375,76.56666666666666,307.29,1
382,382.0000000000019,76.438542,76.9,461.46,1
383,383.000000000002,76.596875,77.53333333333333,936.46,1
384,384.0000000000019,76.79010399999999,77.6,809.9,1
385,385.0000000000019,77.06458316666667,77.66666666666667,602.08,1
386,386.0000000000019,77.33906233333333,77.7,360.94,1
387,387.000000000002,77.6135415,77.73333333333333,119.79,1
388,388.0000000000019,77.83063431818181,77.76666666666667,63.97,1
389,389.000000000002,78.04772713636362,77.8,247.73,1
390,390.0000000000019,78.26481995454544,77.86666666666666,398.15,1
391,391.000000000002,78.48191277272727,77.9,581.91,1
392,392.0000000000019,78.6990055909091,77.93333333333334,765.67,1
393,393.0000000000019,78.9160984090909,77.96666666666667,949.43,1
394,394.0000000000019,79.13319122727273,78.03333333333333,1099.86,1
395,395.0000000000018,79.35028404545454,78.06666666666666,1283.62,1
396,396.0000000000019,79.56737686363638,78.1,1467.38,1
397,397.00000000000193,79.7844696818182,78.13333333333334,1651.14,1
398,398.000000000002,80.0015625,78.2,1801.56,1
399,399.0000000000018,80.10677100000002,79.46666666666667,640.1,1
400,400.000000000002,80.36484399999998,80.13333333333334,231.51,1
401,401.0000000000018,80.622917,80.2,422.92,1
402,402.00000000000205,80.790625,80.36666666666666,423.96,1
403,403.00000000000205,81.02916666666667,80.8,229.17,1
404,404.000000000002,81.26770833333333,80.83333333333333,434.38,1
405,405.00000000000205,81.50625,80.9,606.25,1
406,406.000000000002,81.74479166666667,81.76666666666667,21.87,1
407,407.0000000000019,81.98333333333333,81.83333333333333,150.0,1
408,408.0000000000021,82.221875,82.2,21.87,1
409,409.00000000000205,82.47569433333334,82.4,75.69,1
410,410.000000000002,82.72951366666666,82.63333333333334,96.18,1
411,411.00000000000205,82.983333,82.8,183.33,1
412,412.000000000002,83.17638858333333,83.0,176.39,1
413,413.0000000000019,83.36944416666667,83.3,69.44,1
414,414.00000000000216,83.56249975,83.6,37.5,1
415,415.00000000000205,83.75555533333333,83.83333333333333,77.78,1
416,416.000000000002,83.94861091666667,83.93333333333334,15.28,1
417,417.00000000000205,84.1416665,84.1,41.67,1
418,418.000000000002,84.32864574999998,84.16666666666667,161.98,1
419,419.00000000000205,84.515625,84.46666666666667,48.96,1
420,420.00000000000205,84.84375,84.8,43.75,1
421,421.0000000000021,85.15104149999998,84.86666666666666,284.37,1
422,422.00000000000216,85.458333,85.1,358.33,1
423,423.0000000000021,85.583854,85.6,16.15,1
424,424.0000000000021,85.836979,85.63333333333334,203.65,1
425,425.00000000000216,86.090104,85.7,390.1,1
426,426.00000000000233,86.234375,85.93333333333334,301.04,1
427,427.00000000000216,86.48385416666667,86.0,483.85,1
428,428.00000000000233,86.73333333333332,86.33333333333333,400.0,1
429,429.00000000000216,86.9828125,86.73333333333333,249.48,1
430,430.0000000000021,87.23229166666668,86.9,332.29,1
431,431.00000000000216,87.48177083333334,87.0,481.77,1
432,432.00000000000233,87.73125,87.16666666666667,564.58,1
433,433.00000000000216,87.98350683333334,87.73333333333333,250.17,1
434,434.00000000000233,88.23576366666666,88.5,264.24,1
435,435.00000000000216,88.48802049999998,88.53333333333333,45.31,1
436,436.00000000000216,88.66640591666666,88.56666666666666,99.74,1
437,437.00000000000216,88.84479133333332,88.7,144.79,1
438,438.00000000000205,89.02317674999998,89.03333333333333,10.16,1
439,439.00000000000216,89.20156216666666,89.23333333333333,31.77,1
440,440.0000000000022,89.37994758333332,89.3,79.95,1
441,441.00000000000233,89.55833299999998,89.53333333333333,25.0,1
442,442.0000000000022,89.83263866666665,89.9,67.36,1
443,443.0000000000022,90.10694433333332,90.2,93.06,1
444,444.0000000000021,90.38125,90.36666666666666,14.58,1
445,445.0000000000022,90.540625,90.5,40.63,1
446,446.00000000000233,90.7,90.53333333333333,166.67,1
447,447.00000000000233,90.859375,90.6,259.38,1
448,448.00000000000233,91.023264,90.83333333333333,189.93,1
449,449.0000000000022,91.187153,90.9,287.15,1
450,450.0000000000021,91.351042,90.93333333333334,417.71,1
451,451.0000000000022,91.57135433333332,91.03333333333333,538.02,1
452,452.0000000000022,91.79166666666669,92.26666666666667,475.0,1
453,453.0000000000025,92.011979,92.43333333333334,421.35,1
454,454.00000000000233,92.26205342857142,92.76666666666667,504.61,1
455,455.0000000000022,92.51212785714287,93.9,1387.87,1
456,456.00000000000233,92.76220228571428,94.0,1237.8,1
457,457.0000000000022,93.01227671428572,94.06666666666666,1054.39,1
458,458.00000000000233,93.26235114285713,94.1,837.65,1
459,459.0000000000022,93.51242557142858,94.13333333333334,620.91,1
460,460.00000000000233,93.7625,94.16666666666667,404.17,1
461,461.0000000000022,93.9640625,94.2,235.94,1
462,462.00000000000233,94.165625,95.86666666666666,1701.04,1
463,463.0000000000022,94.3671875,96.2,1832.81,1
464,464.00000000000233,94.56875,96.4,1831.25,1
465,465.00000000000233,94.7703125,96.53333333333333,1763.02,1
466,466.00000000000233,94.971875,96.76666666666667,1794.79,1
467,467.0000000000022,95.1734375,97.13333333333334,1959.9,1
468,468.00000000000233,95.375,97.43333333333334,2058.33,1
469,469.0000000000022,95.5765625,97.46666666666667,1890.1,1
470,470.00000000000233,95.778125,97.5,1721.87,1
471,471.0000000000024,95.903646,97.53333333333333,1629.69,1
472,472.0000000000024,96.14947925,97.6,1450.52,1
473,473.00000000000233,96.3953125,97.63333333333334,1238.02,1
474,474.0000000000024,96.5479165,98.03333333333333,1485.42,1
475,475.0000000000024,96.76232625,98.2,1437.67,1
476,476.0000000000024,96.976736,98.36666666666666,1389.93,1
477,477.00000000000244,97.19114575,98.6,1408.85,1
478,478.0000000000024,97.4055555,98.63333333333334,1227.78,1
479,479.0000000000024,97.61996525,98.66666666666667,1046.7,1
480,480.0000000000024,97.834375,98.7,865.63,1
481,481.00000000000233,98.075,98.76666666666667,691.67,1
482,482.0000000000024,98.315625,98.8,484.38,1
483,483.00000000000244,98.55625,98.83333333333333,277.08,1
484,484.0000000000024,98.7429166,98.86666666666666,123.75,1
485,485.00000000000244,98.92958320000001,98.9,29.58,1
486,486.00000000000244,99.1162498,99.16666666666667,50.42,1
487,487.0000000000024,99.30291640000002,99.36666666666666,63.75,1
488,488.00000000000244,99.489583,99.4,89.58,1
489,489.0000000000025,99.778646,99.43333333333334,345.31,1
490,490.00000000000244,99.96875025,99.46666666666667,502.08,1
491,491.0000000000025,100.1588545,100.06666666666666,92.19,1
492,492.0000000000025,100.478125,100.46666666666667,11.46,1
493,493.00000000000256,100.7791665,100.56666666666666,212.5,1
494,494.0000000000025,101.080208,100.83333333333333,246.87,1
495,495.00000000000256,101.2015625,101.16666666666667,34.9,1
496,496.0000000000027,101.45338525,101.2,253.39,1
497,497.00000000000256,101.705208,101.36666666666666,338.54,1
498,498.00000000000256,101.8859375,101.66666666666667,219.27,1
499,499.0000000000027,102.15321175,101.8,353.21,1
500,500.0000000000026,102.420486,102.16666666666667,253.82,1
501,501.00000000000256,102.68776025,102.46666666666667,221.09,1
502,502.0000000000027,102.9550345,102.76666666666667,188.37,1
503,503.0000000000026,103.22230875,103.43333333333334,211.02,1
504,504.00000000000256,103.489583,103.7,210.42,1
505,505.0000000000026,103.781597,103.73333333333333,48.26,1
506,506.0000000000026,104.073611,104.0,73.61,1
507,507.00000000000273,104.365625,104.36666666666666,1.04,1
508,508.0000000000027,104.55017366666668,105.16666666666667,616.49,1
509,509.0000000000027,104.73472233333332,105.46666666666667,731.94,1
510,510.0000000000026,104.919271,105.6,680.73,1
511,511.0000000000027,105.10381966666668,105.76666666666667,662.85,1
512,512.0000000000026,105.28836833333332,105.8,511.63,1
513,513.0000000000026,105.472917,105.83333333333333,360.42,1
514,514.0000000000026,105.706771,105.86666666666666,159.9,1
515,515.0000000000026,105.940625,106.03333333333333,92.71,1
516,516.0000000000026,106.174479,106.16666666666667,7.81,1
517,517.0000000000026,106.34618033333334,106.36666666666666,20.49,1
518,518.0000000000026,106.51788166666668,106.63333333333334,115.45,1
519,519.0000000000026,106.689583,106.76666666666667,77.08,1
520,520.0000000000026,106.84687466666668,106.83333333333333,13.54,1
521,521.0000000000026,107.00416633333334,106.86666666666666,137.5,1
522,522.0000000000026,107.161458,107.73333333333333,571.88,1
523,523.0000000000026,107.33923583333336,107.96666666666667,627.43,1
524,524.0000000000025,107.51701366666668,108.03333333333333,516.32,1
525,525.0000000000026,107.6947915,108.13333333333334,438.54,1
526,526.0000000000025,107.92378458333334,108.36666666666666,442.88,1
527,527.0000000000026,108.15277766666668,108.46666666666667,313.89,1
528,528.0000000000026,108.38177075,108.7,318.23,1
529,529.0000000000026,108.61076383333334,108.73333333333333,122.57,1
530,530.0000000000026,108.83975691666666,108.76666666666667,73.09,1
531,531.0000000000025,109.06875,108.83333333333333,235.42,1
532,532.0000000000025,109.68732633333332,109.3,387.33,1
533,533.0000000000026,110.30590266666668,109.46666666666667,839.24,1
534,534.0000000000026,110.924479,109.6,1324.48,1
535,534.9979166666692,111.016927,111.7,683.07,1
536,535.9979166666691,111.109375,111.73333333333333,623.96,1
537,537.0000000000024,111.201823,111.76666666666667,564.84,1
538,537.9979166666689,111.294271,111.8,505.73,1
539,538.9979166666687,111.386719,111.86666666666666,479.95,1
540,540.000000000002,111.479167,111.9,420.83,1
541,541.0000000000019,111.684896,111.93333333333334,248.44,1
542,542.000000000002,111.890625,111.96666666666667,76.04,1
543,543.0000000000019,112.059896,112.06666666666666,6.77,1
544,544.000000000002,112.2875,112.3,12.5,1
545,545.000000000002,112.385417,112.4,14.58,1
546,546.000000000002,112.552083,112.5,52.08,1
547,547.000000000002,112.726042,112.73333333333333,7.29,1
548,548.0000000000022,112.892708,112.9,7.29,1
549,549.0000000000022,113.0375,113.33333333333333,295.83,1
550,550.0000000000022,113.221875,113.4,178.13,1
551,551.0000000000022,113.40625,113.46666666666667,60.42,1
552,552.0000000000022,113.590625,113.56666666666666,23.96,1
553,553.0000000000023,113.771875,114.0,228.13,1
554,554.0000000000023,113.920833,114.03333333333333,112.5,1
555,555.0000000000023,114.0890625,114.13333333333334,44.27,1
556,556.0000000000023,114.30677050000001,114.3,6.77,1
557,557.0000000000023,114.45,114.5,50.0,1
558,558.0000000000023,114.616667,114.6,16.67,1
559,559.0000000000023,114.747917,114.76666666666667,18.75,1
560,560.0000000000024,114.882292,114.86666666666666,15.63,1
561,561.0000000000025,115.026042,115.03333333333333,7.29,1
562,562.0000000000024,115.209375,115.33333333333333,123.96,1
563,563.0000000000025,115.358333,115.5,141.67,1
564,564.0000000000025,115.713542,115.66666666666667,46.88,1
565,565.0000000000025,115.92291675,115.83333333333333,89.58,1
566,566.0000000000025,116.1322915,116.1,32.29,1
567,567.0000000000025,116.296875,116.3,3.12,1
568,568.0000000000025,116.521875,116.53333333333333,11.46,1
569,569.0000000000025,116.641667,116.63333333333334,8.33,1
570,570.0000000000025,116.795833,116.8,4.17,1
571,571.0000000000026,116.967708,116.96666666666667,1.04,1
572,572.0000000000025,117.141667,117.16666666666667,25.0,1
573,573.0000000000026,117.3,117.43333333333334,133.33,1
574,574.0000000000028,117.4875,117.76666666666667,279.17,1
575,575.0000000000028,117.675,117.86666666666666,191.67,1
576,576.0000000000028,117.8625,118.0,137.5,1
577,577.0000000000028,118.05,118.2,150.0,1
578,578.0000000000028,118.202083,118.26666666666667,64.58,1
579,579.000000000003,118.3723955,118.36666666666666,5.73,1
580,580.0000000000028,118.527083,118.53333333333333,6.25,1
581,581.000000000003,118.684375,118.66666666666667,17.71,1
582,582.000000000003,118.8609375,118.83333333333333,27.6,1
583,583.000000000003,119.029167,119.06666666666666,37.5,1
584,584.000000000003,119.182292,119.16666666666667,15.63,1
585,585.0000000000031,119.3515625,119.26666666666667,84.9,1
586,586.0000000000031,119.590625,119.5,90.63,1
587,587.0000000000031,119.803125,119.8,3.12,1
588,588.0000000000031,120.201042,120.4,198.96,1
589,589.0000000000031,120.523958,120.53333333333333,9.38,1
590,590.0000000000031,120.708333,120.73333333333333,25.0,1
591,591.0000000000031,120.870833,120.96666666666667,95.83,1
592,592.0000000000031,121.1484375,121.1,48.44,1
593,593.0000000000031,121.32786475,121.33333333333333,5.47,1
594,594.0000000000031,121.507292,121.4,107.29,1
595,595.0000000000031,121.715625,121.43333333333334,282.29,1
596,596.0000000000031,121.8828125,121.5,382.81,1
597,597.0000000000031,122.05,122.36666666666666,316.67,1
598,598.0000000000031,122.265625,122.4,134.38,1
599,599.0000000000032,122.463542,122.46666666666667,3.12,1
600,600.0000000000031,122.6302085,122.63333333333334,3.12,1
601,601.0000000000031,122.835417,122.7,135.42,1
602,602.0000000000031,123.008333,123.16666666666667,158.33,1
603,603.0000000000031,123.161458,123.2,38.54,1
604,604.0000000000032,123.4,123.36666666666666,33.33,1
605,605.0000000000032,123.574479,123.43333333333334,141.15,1
606,606.0000000000033,123.7453125,123.53333333333333,211.98,1
607,607.0000000000032,123.938542,123.6,338.54,1
608,608.0000000000033,124.086458,123.73333333333333,353.12,1
609,609.0000000000033,124.2838545,124.5,216.15,1
610,610.0000000000033,124.469792,124.53333333333333,63.54,1
611,611.0000000000033,124.753125,124.76666666666667,13.54,1
612,612.0000000000033,125.234896,124.9,334.9,1
613,613.0000000000033,125.573958,125.03333333333333,540.62,1
614,614.0000000000033,125.7385415,125.3,438.54,1
615,615.0000000000033,125.88125,125.73333333333333,147.92,1
616,616.0000000000033,126.159375,126.06666666666666,92.71,1
617,617.0000000000033,126.303125,126.36666666666666,63.54,1
618,618.0000000000033,126.61875,126.5,118.75,1
619,619.0000000000032,126.803125,126.63333333333334,169.79,1
620,620.0000000000033,126.98125,126.76666666666667,214.58,1
621,621.0000000000033,127.163542,127.2,36.46,1
622,622.0000000000033,127.336458,127.33333333333333,3.12,1
623,623.0000000000032,127.525,127.43333333333334,91.67,1
624,624.0000000000033,127.648958,127.56666666666666,82.29,1
625,625.0000000000033,127.8390625,127.83333333333333,5.73,1
626,626.0000000000033,127.9890625,128.0,10.94,1
627,627.0000000000034,128.1666665,128.16666666666666,0.0,1
628,628.0000000000034,128.4067705,128.36666666666667,40.1,1
629,629.0000000000033,128.575,128.56666666666666,8.33,1
630,630.0000000000034,128.778125,128.7,78.12,1
631,631.0000000000034,128.977083,128.8,177.08,1
632,632.0000000000034,129.146875,129.2,53.12,1
633,633.0000000000034,129.33697949999998,129.3,36.98,1
634,634.0000000000034,129.595833,129.36666666666667,229.17,1
635,635.0000000000034,129.8145835,129.73333333333332,81.25,1
636,636.0000000000035,130.1635415,129.8,363.54,1
637,637.0000000000035,130.464583,129.93333333333334,531.25,1
638,638.0000000000034,130.65520800000002,130.73333333333332,78.13,1
639,639.0000000000035,130.791667,130.8,8.33,1
640,640.0000000000034,131.03281249999998,131.06666666666666,33.85,1
641,641.0000000000035,131.284375,131.26666666666668,17.71,1
642,642.0000000000034,131.491667,131.46666666666667,25.0,1
643,643.0000000000034,131.726042,131.53333333333333,192.71,1
644,644.0000000000034,131.90520800000002,131.9,5.21,1
645,645.0000000000034,132.0921875,132.06666666666666,25.52,1
646,646.0000000000034,132.298958,132.4,101.04,1
647,647.0000000000034,132.46875,132.63333333333333,164.58,1
648,648.0000000000034,132.6609375,132.96666666666667,305.73,1
649,649.0000000000034,132.84270800000002,133.0,157.29,1
650,650.0000000000034,133.0078125,133.06666666666666,58.85,1
651,651.0000000000034,133.180729,133.1,80.73,1
652,652.0000000000034,133.395833,133.3,95.83,1
653,653.0000000000035,133.58125,133.63333333333333,52.08,1
654,654.0000000000034,133.81770849999998,133.73333333333332,84.38,1
655,655.0000000000034,134.010417,134.36666666666667,356.25,1
656,656.0000000000034,134.195833,134.6,404.17,1
657,657.0000000000034,134.3489585,135.43333333333334,1084.37,1
658,658.0000000000034,134.539583,135.5,960.42,1
659,659.0000000000034,134.7515625,135.53333333333333,781.77,1
660,660.0000000000031,135.075521,135.6,524.48,1
661,661.0000000000032,135.336458,135.66666666666666,330.21,1
662,662.0000000000033,135.538542,136.06666666666666,528.12,1
663,663.0000000000033,135.781771,136.13333333333333,351.56,1
664,664.0000000000031,136.1020835,136.26666666666668,164.58,1
665,665.000000000003,136.2973955,136.33333333333334,35.94,1
666,666.0000000000028,136.50937499999998,136.4,109.37,1
667,667.000000000003,136.741667,136.76666666666668,25.0,1
668,668.000000000003,136.915625,136.93333333333334,17.71,1
669,669.0000000000028,137.08333349999998,137.1,16.67,1
670,670.0000000000028,137.289583,137.26666666666668,22.92,1
671,671.0000000000025,137.463542,137.46666666666667,3.12,1
672,672.0000000000023,137.677604,137.53333333333333,144.27,1
673,673.0000000000023,137.92083300000002,137.9,20.83,1
674,674.0000000000023,138.0760415,138.06666666666666,9.37,1
675,675.0000000000022,138.30989599999998,138.1,209.9,1
676,676.0000000000016,138.54427099999998,138.26666666666668,277.6,1
677,677.0000000000016,138.738542,138.9,161.46,1
678,678.0000000000016,138.964583,138.93333333333334,31.25,1
679,679.0000000000015,139.246875,139.0,246.87,1
680,680.0000000000016,139.455729,139.8,344.27,1
681,681.0000000000015,139.664583,139.96666666666667,302.08,1
682,682.0000000000015,139.951042,140.03333333333333,82.29,1
683,683.0000000000015,140.230208,140.16666666666666,63.54,1
684,684.0000000000014,140.7796875,140.4,379.69,1
685,685.0000000000015,141.145833,140.73333333333332,412.5,1
686,686.0000000000015,141.3515625,141.26666666666668,84.9,1
687,687.0000000000013,141.6286455,141.33333333333334,295.31,1
688,688.0000000000013,141.94375,141.9,43.75,1
689,689.0000000000013,142.12395800000004,142.16666666666666,42.71,1
690,690.000000000001,142.341667,142.23333333333332,108.33,1
691,691.0000000000011,142.536458,142.3,236.46,1
692,692.0000000000011,142.713542,142.9,186.46,1
693,693.000000000001,142.92291699999996,143.0,77.08,1
694,694.0000000000011,143.136458,143.03333333333333,103.12,1
695,695.000000000001,143.292708,143.1,192.71,1
696,696.000000000001,143.478125,143.26666666666668,211.46,1
697,697.0000000000013,143.664583,143.63333333333333,31.25,1
698,698.0000000000008,143.848958,143.76666666666668,82.29,1
699,699.0000000000008,144.091667,143.8,291.67,1
700,700.0000000000008,144.278125,143.86666666666667,411.46,1
701,701.0000000000007,144.457292,144.43333333333334,23.96,1
702,702.0000000000007,144.755729,144.5,255.73,1
703,703.0000000000007,144.93854199999996,144.76666666666668,171.88,1
704,704.0000000000007,145.102083,144.9,202.08,1
705,705.0000000000007,145.30572949999996,145.3,5.73,1
706,706.0000000000006,145.4875,145.33333333333334,154.17,1
707,707.0000000000005,145.715625,145.4,315.62,1
708,708.0000000000005,146.0375,145.43333333333334,604.17,1
709,709.0000000000003,146.315625,145.7,615.63,1
710,710.0000000000005,146.515625,146.56666666666666,51.04,1
711,711.0000000000005,146.7640625,146.7,64.06,1
712,712.0000000000002,147.0984375,147.06666666666666,31.77,1
713,713.0000000000005,147.3375,147.16666666666666,170.83,1
714,714.0000000000002,147.49739549999995,147.4,97.4,1
715,715.0000000000002,147.723958,147.5,223.96,1
716,716.0000000000002,147.896875,147.73333333333332,163.54,1
717,717.0000000000001,148.0854165,148.03333333333333,52.08,1
718,718.0000000000001,148.293229,148.3,6.77,1
719,719.0,148.458333,148.43333333333334,25.0,1
720,719.9999999999999,148.636979,148.63333333333333,3.65,1
721,721.0000000000001,148.826042,148.83333333333334,7.29,1
722,721.9999999999998,149.0020835,148.96666666666667,35.42,1
723,722.9999999999994,149.1989585,149.16666666666666,32.29,1
724,723.9999999999997,149.40729199999996,149.53333333333333,126.04,1
725,724.9999999999999,149.56875,149.7,131.25,1
726,725.9999999999999,149.732292,149.93333333333334,201.04,1
727,726.9999999999997,149.904167,150.1,195.83,1
728,727.9999999999995,150.022396,150.33333333333334,310.94,1
729,728.9999999999998,150.296875,150.4,103.13,1
730,729.9999999999993,150.522917,150.5,22.92,1
731,730.9999999999993,150.67447900000005,150.66666666666666,7.81,1
732,731.9999999999992,150.83333299999995,150.8,33.33,1
733,732.999999999999,151.01458300000004,150.86666666666667,147.92,1
734,733.9999999999992,151.2046875,151.16666666666666,38.02,1
735,734.9999999999986,151.52135449999997,151.23333333333332,288.02,1
736,735.9999999999989,151.754167,151.26666666666668,487.5,1
737,736.9999999999992,151.90729199999996,151.86666666666667,40.63,1
738,737.999999999999,152.0588545,152.33333333333334,274.48,1
739,738.999999999999,152.254167,152.4,145.83,1
740,739.999999999999,152.408333,152.43333333333334,25.0,1
741,740.9999999999986,152.65625,152.5,156.25,1
742,741.9999999999987,152.83125,152.56666666666666,264.58,1
743,742.9999999999986,153.033333,153.0,33.33,1
744,743.9999999999985,153.3291665,153.3,29.17,1
745,744.9999999999985,153.53020825,153.33333333333334,196.87,1
746,745.9999999999983,153.73125,153.4,331.25,1
747,746.9999999999985,153.8614585,154.46666666666667,605.21,1
748,747.9999999999985,154.003125,154.5,496.87,1
749,748.9999999999985,154.189583,154.56666666666666,377.08,1
750,749.9999999999982,154.352083,154.6,247.92,1
751,750.9999999999982,154.56145800000004,154.66666666666666,105.21,1
752,751.9999999999982,154.770833,154.83333333333334,62.5,1
753,752.9999999999984,154.91250000000005,154.93333333333334,20.83,1
754,753.9999999999981,155.070833,155.06666666666666,4.17,1
755,754.999999999998,155.245833,155.2,45.83,1
756,755.999999999998,155.413542,155.36666666666667,46.88,1
757,756.9999999999977,155.6114585,155.66666666666666,55.21,1
758,757.9999999999976,155.809375,155.86666666666667,57.29,1
759,758.9999999999978,155.941146,155.96666666666667,25.52,1
760,759.9999999999977,156.071875,156.4,328.12,1
761,760.9999999999978,156.26458300000004,156.5,235.42,1
762,761.9999999999975,156.427083,156.53333333333333,106.25,1
763,762.9999999999975,156.61562500000005,156.66666666666666,51.04,1
764,763.9999999999977,156.804167,156.83333333333334,29.17,1
765,764.9999999999977,156.946354,156.96666666666667,20.31,1
766,765.9999999999974,157.13125,157.06666666666666,64.58,1
767,766.9999999999972,157.316667,157.26666666666668,50.0,1
768,767.999999999997,157.663542,157.63333333333333,30.21,1
769,768.9999999999969,157.900521,158.03333333333333,132.81,1
770,769.999999999997,158.1375,158.16666666666666,29.17,1
771,770.999999999997,158.272396,158.33333333333334,60.94,1
772,771.9999999999972,158.42291699999996,158.43333333333334,10.42,1
773,772.9999999999967,158.61041699999996,158.6,10.42,1
774,773.9999999999967,158.769792,158.73333333333332,36.46,1
775,774.9999999999966,158.939583,158.9,39.58,1
776,775.9999999999965,159.11875,159.16666666666666,47.92,1
777,776.9999999999965,159.298958,159.3,1.04,1
778,777.9999999999964,159.478125,159.53333333333333,55.21,1
779,778.9999999999962,159.64375,159.93333333333334,289.58,1
780,779.9999999999964,159.81354199999996,160.63333333333333,819.79,1
781,780.9999999999959,160.09722233333332,160.7,602.78,1
782,781.9999999999962,160.38090266666666,160.73333333333332,352.43,1
783,782.9999999999964,160.664583,160.8,135.42,1
784,783.9999999999961,161.09733766666662,160.83333333333334,264.0,1
785,784.999999999996,161.53009233333333,160.9,630.09,1
786,785.9999999999962,161.96284699999995,160.96666666666667,996.18,1
787,786.9999999999961,162.39560166666666,161.0,1395.6,1
788,787.9999999999964,162.82835633333332,161.06666666666666,1761.69,1
789,788.9999999999962,163.261111,161.1,2161.11,1
790,789.9999999999961,163.69386566666662,161.16666666666666,2527.2,1
791,790.9999999999961,164.12662033333334,161.2,2926.62,1
792,791.999999999996,164.559375,161.26666666666668,3292.71,1
793,792.9999999999977,164.865625,161.3,3565.62,1
794,793.9999999999976,165.171875,162.06666666666666,3105.21,1
795,794.9999999999977,165.478125,162.53333333333333,2944.79,1
796,795.9999999999977,165.82552075,162.8,3025.52,1
797,796.9999999999976,166.1729165,162.93333333333334,3239.58,1
798,797.9999999999977,166.52031225,163.13333333333333,3386.98,1
799,798.9999999999976,166.867708,164.3,2567.71,1
800,799.9999999999976,167.222917,165.9,1322.92,1
801,800.9999999999976,167.5,166.1,1400.0,1
802,801.9999999999975,167.76458300000004,167.23333333333332,531.25,1
803,802.9999999999976,167.96770800000004,167.3,667.71,1
804,803.9999999999976,168.28020800000004,167.5,780.21,1
805,804.9999999999976,168.60243033333333,167.56666666666666,1035.76,1
806,805.9999999999977,168.92465266666667,167.96666666666667,957.99,1
807,806.9999999999976,169.246875,168.23333333333332,1013.54,1
808,807.9999999999976,169.52682299999995,168.26666666666668,1260.16,1
809,808.9999999999977,169.806771,168.33333333333334,1473.44,1
810,809.9999999999976,170.08671900000004,169.23333333333332,853.39,1
811,810.9999999999976,170.366667,169.43333333333334,933.33,1
812,811.9999999999975,170.632292,169.63333333333333,998.96,1
813,812.9999999999972,170.930208,169.7,1230.21,1
814,813.9999999999974,171.307292,170.36666666666667,940.63,1
815,814.9999999999975,171.7625,170.6,1162.5,1
816,815.9999999999972,172.21770800000004,170.9,1317.71,1
817,816.9999999999974,172.54583300000004,171.26666666666668,1279.17,1
818,817.9999999999974,172.87395800000004,171.3,1573.96,1
819,818.9999999999972,173.20208300000004,171.96666666666667,1235.42,1
820,819.9999999999974,173.664583,172.43333333333334,1231.25,1
821,820.999999999997,174.127083,172.63333333333333,1493.75,1
822,821.9999999999972,174.4953125,172.8,1695.31,1
823,822.9999999999972,174.93567708333333,173.43333333333334,1502.34,1
824,823.9999999999972,175.37604166666668,173.6,1776.04,1
825,824.9999999999972,175.81640625,174.03333333333333,1783.07,1
826,825.9999999999972,176.25677083333332,174.5,1756.77,1
827,826.9999999999972,176.69713541666667,174.56666666666666,2130.47,1
828,827.9999999999972,177.1375,175.1,2037.5,1
829,828.9999999999972,177.4953125,175.63333333333333,1861.98,1
830,829.999999999997,177.853125,175.7,2153.13,1
831,830.9999999999974,178.346354,175.9,2446.35,1
832,831.9999999999972,178.37395800000004,176.8,1573.96,1
833,832.9999999999969,178.8859375,176.83333333333334,2052.6,1
834,833.9999999999969,179.178125,177.03333333333333,2144.79,1
835,834.999999999997,179.43229150000005,178.76666666666668,665.62,1
836,835.9999999999969,179.68645800000004,178.86666666666667,819.79,1
837,836.9999999999969,180.04375,179.26666666666668,777.08,1
838,837.9999999999967,180.365625,179.4,965.62,1
839,838.9999999999967,180.6875,179.66666666666666,1020.83,1
840,839.9999999999967,181.176042,180.13333333333333,1042.71,1
841,840.9999999999965,182.022917,180.2,1822.92,1
842,841.9999999999966,182.314583,180.66666666666666,1647.92,1
843,842.9999999999964,182.5510415,181.43333333333334,1117.71,1
844,843.9999999999966,182.788542,181.53333333333333,1255.21,1
845,844.9999999999966,183.0,182.16666666666666,833.33,1
846,845.9999999999966,183.226042,182.5,726.04,1
847,846.9999999999966,183.441667,182.66666666666666,775.0,1
848,847.9999999999966,183.686458,182.7,986.46,1
849,848.9999999999965,184.160417,182.83333333333334,1327.08,1
850,849.9999999999967,184.753646,183.2,1553.65,1
851,850.9999999999967,185.346875,183.23333333333332,2113.54,1
852,851.9999999999967,185.940104,183.26666666666668,2673.44,1
853,852.9999999999966,186.30729166666663,183.63333333333333,2673.96,1
854,853.9999999999967,186.6744793333333,187.06666666666666,392.19,1
855,854.9999999999965,187.041667,187.26666666666668,225.0,1
856,855.9999999999966,187.36901075,187.3,69.01,1
857,856.9999999999966,187.6963545,187.33333333333334,363.02,1
858,857.9999999999966,188.02369825,187.4,623.7,1
859,858.9999999999966,188.351042,187.43333333333334,917.71,1
860,859.9999999999965,188.661458,187.46666666666667,1194.79,1
861,860.9999999999965,188.998958,187.6,1398.96,1
862,861.9999999999967,189.43125,188.36666666666667,1064.58,1
863,862.9999999999967,190.298958,188.53333333333333,1765.62,1
864,863.9999999999967,190.542708,189.0,1542.71,1
865,864.9999999999968,190.895486,189.06666666666666,1828.82,1
866,865.9999999999965,191.24826399999998,190.23333333333332,1014.93,1
867,866.9999999999965,191.601042,190.56666666666666,1034.38,1
868,867.9999999999966,191.909896,190.8,1109.9,1
869,868.9999999999966,192.21875,190.96666666666667,1252.08,1
870,869.9999999999966,192.527604,191.56666666666666,960.94,1
871,870.9999999999966,192.836458,191.7,1136.46,1
872,871.9999999999967,193.120833,191.96666666666667,1154.17,1
873,872.9999999999967,193.419792,192.16666666666666,1253.13,1
874,873.9999999999967,193.744792,192.93333333333334,811.46,1
875,874.9999999999967,194.19661475,193.1,1096.61,1
876,875.9999999999967,194.6484375,193.4,1248.44,1
877,876.9999999999967,195.058333,193.7,1358.33,1
878,877.9999999999967,195.325,193.73333333333332,1591.67,1
879,878.9999999999967,195.730208,194.33333333333334,1396.87,1
880,879.9999999999967,196.09843716666668,194.53333333333333,1565.1,1
881,880.9999999999967,196.4666663333333,195.3,1166.67,1
882,881.9999999999967,196.8348955,195.7,1134.9,1
883,882.9999999999967,197.42786425000003,195.93333333333334,1494.53,1
884,883.9999999999967,198.020833,196.13333333333333,1887.5,1
885,884.9999999999967,198.3916665,196.3,2091.67,1
886,885.9999999999967,198.81539333333333,196.83333333333334,1982.06,1
887,886.9999999999967,199.23912016666665,198.0,1239.12,1
888,887.9999999999967,199.662847,198.36666666666667,1296.18,1
889,888.9999999999967,200.0865738333333,198.4,1686.57,1
890,889.9999999999967,200.51030066666667,198.76666666666668,1743.63,1
891,890.9999999999967,200.9340275,198.96666666666667,1967.36,1
892,891.9999999999967,201.35775433333333,200.0,1357.75,1
893,892.9999999999967,201.78148116666665,200.2,1581.48,1
894,893.9999999999967,202.205208,200.86666666666667,1338.54,1
895,894.9999999999967,202.59404728571425,201.0,1594.05,1
896,895.9999999999967,202.98288657142857,201.13333333333333,1849.55,1
897,896.9999999999968,203.37172585714282,201.43333333333334,1938.39,1
898,897.9999999999968,203.76056514285716,202.16666666666666,1593.9,1
899,898.9999999999967,204.14940442857144,202.2,1949.4,1
900,899.9999999999967,204.53824371428573,202.26666666666668,2271.58,1
901,900.9999999999968,204.927083,202.3,2627.08,1
902,901.9999999999967,205.363542,204.46666666666667,896.88,1
903,902.9999999999966,205.590625,204.56666666666666,1023.96,1
904,903.9979166666633,205.708333,204.7,1008.33,1
905,904.9999999999966,206.799479,205.33333333333334,1466.15,1
906,905.9999999999966,207.361979,205.6,1761.98,1
907,906.9999999999966,207.668229,205.63333333333333,2034.9,1
908,907.9999999999964,207.974479,206.8,1174.48,1
909,908.9999999999964,208.247917,206.96666666666667,1281.25,1
910,909.9999999999965,208.5145835,207.26666666666668,1247.92,1
911,910.9999999999964,208.78125,207.93333333333334,847.92,1
912,911.9999999999964,209.121875,208.26666666666668,855.21,1
913,912.9999999999964,209.147917,208.3,847.92,1
914,913.9999999999961,209.7838545,208.96666666666667,817.19,1
915,914.9999999999961,210.325521,209.0,1325.52,1
916,915.9999999999961,210.76423633333332,209.43333333333334,1330.9,1
917,916.9999999999961,211.20295166666665,209.8,1402.95,1
918,917.9999999999961,211.641667,210.43333333333334,1208.33,1
919,918.9999999999961,212.0927085,210.5,1592.71,1
920,919.9999999999961,212.54375,210.66666666666666,1877.08,1
921,920.9999999999959,212.811458,210.83333333333334,1978.12,1
922,921.9999999999959,213.051042,211.56666666666666,1484.38,1
923,922.9999999999958,213.322917,211.8,1522.92,1
924,923.9999999999956,213.892708,212.66666666666666,1226.04,1
925,924.9999999999956,214.657292,212.7,1957.29,1
926,925.9999999999956,215.240625,212.8,2440.62,1
927,926.9999999999956,215.8453125,212.83333333333334,3011.98,1
928,927.9999999999956,216.4109375,212.86666666666667,3544.27,1
929,928.9999999999953,216.806771,212.93333333333334,3873.44,1
930,929.9999999999953,217.153125,215.23333333333332,1919.79,1
931,930.9999999999953,217.4723955,215.86666666666667,1605.73,1
932,931.9999999999953,217.7140625,216.8,914.06,1
933,932.9999999999952,217.965625,217.1,865.62,1
934,933.9999999999952,218.2453125,217.3,945.31,1
935,934.9999999999952,218.444271,217.7,744.27,1
936,935.9999999999952,218.6885415,217.86666666666667,821.87,1
937,936.9999999999952,219.0442705,218.33333333333334,710.94,1
938,937.9999999999951,219.3,218.46666666666667,833.33,1
939,938.9999999999951,219.571354,218.6,971.35,1
940,939.9999999999951,219.886979,218.63333333333333,1253.65,1
941,940.999999999995,220.10364550000003,219.3,803.65,1
942,941.999999999995,220.388542,219.46666666666667,921.88,1
943,942.999999999995,220.6458335,220.06666666666666,579.17,1
944,943.999999999995,220.84375,220.1,743.75,1
945,944.999999999995,221.053125,220.4,653.12,1
946,945.9999999999949,221.2661455,220.63333333333333,632.81,1
947,946.9999999999948,221.438021,220.76666666666668,671.35,1
948,947.9999999999949,221.725,221.0,725.0,1
949,948.9999999999948,222.0625,221.03333333333333,1029.17,1
950,949.9999999999948,222.305729,221.46666666666667,839.06,1
951,950.9999999999948,222.560417,221.56666666666666,993.75,1
952,951.9999999999947,222.8765625,221.83333333333334,1043.23,1
953,952.9999999999947,223.084375,222.26666666666668,817.71,1
954,953.9999999999947,223.315625,222.46666666666667,848.96,1
955,954.9999999999947,223.5546875,222.56666666666666,988.02,1
956,955.9999999999947,223.7572915,223.1,657.29,1
957,956.9999999999947,223.9822915,223.3,682.29,1
958,957.9999999999945,224.2161455,223.46666666666667,749.48,1
959,958.9999999999944,224.3875,223.73333333333332,654.17,1
960,959.9999999999945,224.6041665,223.96666666666667,637.5,1
961,960.9999999999944,224.850521,224.13333333333333,717.19,1
962,961.9999999999944,225.061458,224.4,661.46,1
963,962.9999999999944,225.290625,224.53333333333333,757.29,1
964,963.9999999999944,225.566146,224.56666666666666,999.48,1
965,964.9999999999943,225.7421875,225.06666666666666,675.52,1
966,965.9999999999943,225.958333,225.3,658.33,1
967,966.9999999999943,226.184896,225.53333333333333,651.56,1
968,967.9999999999942,226.3859375,225.66666666666666,719.27,1
969,968.9999999999942,226.59375,225.93333333333334,660.42,1
970,969.9999999999942,226.825,226.1,725.0,1
971,970.9999999999941,226.9833335,226.4,583.33,1
972,971.9999999999941,227.2109375,226.53333333333333,677.6,1
973,972.9999999999941,227.4645835,226.76666666666668,697.92,1
974,973.9999999999941,227.7375,226.96666666666667,770.83,1
975,974.9999999999941,228.105208,227.1,1005.21,1
976,975.9999999999941,228.4640625,227.16666666666666,1297.4,1
977,976.9999999999939,228.651042,227.7,951.04,1
978,977.9999999999941,228.902604,227.86666666666667,1035.94,1
979,978.9999999999939,229.125,228.4,725.0,1
980,979.9999999999939,229.328125,228.63333333333333,694.79,1
981,980.9999999999939,229.591667,228.9,691.67,1
982,981.9999999999939,229.8989585,229.1,798.96,1
983,982.9999999999937,230.0666665,229.3,766.67,1
984,983.9999999999939,230.313542,229.33333333333334,980.21,1
985,984.9999999999937,230.521875,229.9,621.87,1
986,985.9999999999937,230.728125,230.06666666666666,661.46,1
987,986.9999999999937,230.988542,230.3,688.54,1
988,987.9999999999935,231.303125,230.5,803.12,1
989,988.9999999999935,231.4697915,230.73333333333332,736.46,1
990,989.9999999999935,231.7322915,230.9,832.29,1
991,990.9999999999935,231.9885415,231.46666666666667,521.87,1
992,991.9999999999935,232.258333,231.56666666666666,691.67,1
993,992.9999999999934,232.611458,231.73333333333332,878.12,1
994,993.9999999999934,233.0125,231.96666666666667,1045.83,1
995,994.9999999999933,233.276042,232.23333333333332,1042.71,1
996,995.9999999999933,233.6572915,232.36666666666667,1290.62,1
997,996.9999999999934,234.061458,232.8,1261.46,1
998,997.9999999999932,234.557292,233.03333333333333,1523.96,1
999,998.9999999999932,235.06458300000003,233.36666666666667,1697.92,1
1000,999.9999999999887,235.540625,234.03333333333333,1507.29,1
1001,1000.999999999989,235.819271,234.53333333333333,1285.94,1
1002,1001.999999999989,236.046354,234.73333333333332,1313.02,1
1003,1002.9999999999891,236.338542,235.53333333333333,805.21,1
1004,1003.9999999999891,236.5385415,235.8,738.54,1
1005,1004.9999999999891,236.728125,236.06666666666666,661.46,1
1006,1005.9999999999892,236.963542,236.36666666666667,596.88,1
1007,1006.9999999999892,237.1234375,236.5,623.44,1
1008,1007.9999999999893,237.318229,236.7,618.23,1
1009,1008.9999999999893,237.526042,236.96666666666667,559.38,1
1010,1009.9999999999893,237.694792,237.2,494.79,1
1011,1010.9999999999894,237.8859375,237.3,585.94,1
1012,1011.9999999999894,238.138542,237.46666666666667,671.88,1
1013,1012.9999999999895,238.2828125,237.66666666666666,616.15,1
1014,1013.9999999999895,238.463021,237.9,563.02,1
1015,1014.9999999999895,238.686458,238.1,586.46,1
1016,1015.9999999999898,238.82239550000003,238.2,622.4,1
1017,1016.9999999999898,238.995833,238.43333333333334,562.5,1
1018,1017.9999999999899,239.208333,238.66666666666666,541.67,1
1019,1018.9999999999899,239.3520835,238.76666666666668,585.42,1
1020,1019.9999999999899,239.5177085,238.96666666666667,551.04,1
1021,1020.9999999999901,239.696354,239.16666666666666,529.69,1
1022,1021.9999999999901,239.8630205,239.33333333333334,529.69,1
1023,1022.9999999999902,240.0854165,239.53333333333333,552.08,1
1024,1023.9999999999902,240.327083,239.76666666666668,560.42,1
1025,1024.9999999999902,240.497917,240.06666666666666,431.25,1
1026,1025.9999999999902,240.6630205,240.13333333333333,529.69,1
1027,1026.9999999999902,240.845833,240.23333333333332,612.5,1
1028,1027.9999999999905,241.0197915,240.5,519.79,1
1029,1028.9999999999905,241.16875,240.6,568.75,1
1030,1029.9999999999905,241.359375,240.76666666666668,592.71,1
1031,1030.9999999999907,241.5151045,240.96666666666667,548.44,1
1032,1031.9999999999907,241.694792,241.16666666666666,528.13,1
1033,1032.9999999999907,241.865625,241.4,465.62,1
1034,1033.9999999999907,242.039583,241.56666666666666,472.92,1
1035,1034.9999999999907,242.2015625,241.66666666666666,534.9,1
1036,1035.999999999991,242.411979,242.3,111.98,1
1037,1036.999999999991,242.5640625,242.36666666666667,197.4,1
1038,1037.9999999999911,242.725,242.4,325.0,1
1039,1038.9999999999911,242.919792,242.46666666666667,453.13,1
1040,1039.9999999999911,243.0625,242.63333333333333,429.17,1
1041,1040.9999999999911,243.222917,242.73333333333332,489.58,1
1042,1041.9999999999911,243.414583,242.93333333333334,481.25,1
1043,1042.9999999999914,243.558854,243.0,558.85,1
1044,1043.9999999999914,243.7135415,243.2,513.54,1
1045,1044.9999999999914,243.871354,243.36666666666667,504.69,1
1046,1045.9999999999916,244.015625,243.56666666666666,448.96,1
1047,1046.9999999999916,244.1953125,243.73333333333332,461.98,1
1048,1047.9999999999916,244.401042,243.9,501.04,1
1049,1048.9999999999916,244.5328125,244.16666666666666,366.15,1
1050,1049.9999999999916,244.6989585,244.23333333333332,465.63,1
1051,1050.9999999999918,244.904167,244.36666666666667,537.5,1
1052,1051.9999999999918,245.046875,244.53333333333333,513.54,1
1053,1052.9999999999918,245.234375,244.66666666666666,567.71,1
1054,1053.9999999999918,245.433333,245.0,433.33,1
1055,1054.9999999999918,245.623958,245.06666666666666,557.29,1
1056,1055.999999999992,245.814583,245.13333333333333,681.25,1
1057,1056.999999999992,245.975,245.46666666666667,508.33,1
1058,1057.9999999999923,246.164583,245.56666666666666,597.92,1
1059,1058.9999999999923,246.3255205,246.2,125.52,1
1060,1059.9999999999916,246.5375,246.33333333333334,204.17,1
1061,1060.9999999999916,246.6677085,246.36666666666667,301.04,1
1062,1061.9999999999916,246.851042,246.4,451.04,1
1063,1062.9999999999916,247.059375,246.83333333333334,226.04,1
1064,1063.9999999999916,247.201042,246.86666666666667,334.38,1
1065,1064.9999999999916,247.422917,247.4,22.92,1
1066,1065.9999999999916,247.644792,247.5,144.79,1
1067,1066.9999999999916,247.755208,247.53333333333333,221.87,1
1068,1067.9999999999916,247.942708,247.56666666666666,376.04,1
1069,1068.9999999999916,248.111458,247.6,511.46,1
1070,1069.9999999999916,248.284375,247.8,484.38,1
1071,1070.9999999999916,248.467708,247.93333333333334,534.37,1
1072,1071.9999999999916,248.773958,248.1,673.96,1
1073,1072.9999999999916,248.920833,249.0,79.17,1
1074,1073.9999999999916,249.094792,249.03333333333333,61.46,1
1075,1074.9999999999916,249.253125,249.06666666666666,186.46,1
1076,1075.9999999999916,249.428125,249.1,328.12,1
1077,1076.9999999999916,249.576042,249.16666666666666,409.38,1
1078,1077.9999999999916,249.764583,249.6,164.58,1
1079,1078.9999999999916,249.934375,249.8,134.37,1
1080,1079.9999999999916,250.102083,249.93333333333334,168.75,1
1081,1080.9999999999916,250.291667,250.0,291.67,1
1082,1081.9999999999916,250.435417,250.16666666666666,268.75,1
1083,1082.9999999999916,250.613542,250.36666666666667,246.88,1
1084,1083.9999999999916,250.767708,250.43333333333334,334.37,1
1085,1084.9999999999916,250.948958,250.83333333333334,115.62,1
1086,1085.9999999999916,251.104167,250.9,204.17,1
1087,1086.9999999999916,251.289583,251.16666666666666,122.92,1
1088,1087.9999999999916,251.438542,251.6,161.46,1
1089,1088.9999999999916,251.625,251.66666666666666,41.67,1
1090,1089.9999999999916,251.8855903333333,251.7,185.59,1
1091,1090.9999999999916,252.14618066666665,251.73333333333332,412.85,1
1092,1091.9999999999916,252.406771,251.8,606.77,1
1093,1092.9999999999918,252.66736133333333,252.2,467.36,1
1094,1093.9999999999918,252.92795166666664,252.23333333333332,694.62,1
1095,1094.9999999999918,253.188542,252.4,788.54,1
1096,1095.9999999999955,253.4937503333333,252.63333333333333,860.42,1
1097,1096.9999999999955,253.79895866666664,252.7,1098.96,1
1098,1097.9999999999955,254.104167,253.16666666666666,937.5,1
1099,1098.9999999999955,254.422396,253.23333333333332,1189.06,1
1100,1099.9999999999955,254.740625,253.43333333333334,1307.29,1
1101,1100.9999999999955,255.058854,254.06666666666666,992.19,1
1102,1101.9999999999955,255.377083,254.23333333333332,1143.75,1
1103,1102.9999999999952,255.726042,254.46666666666667,1259.38,1
1104,1103.9999999999952,255.973958,254.63333333333333,1340.62,1
1105,1104.9999999999952,256.261458,255.7,561.46,1
1106,1105.9999999999952,256.643229,255.8,843.23,1
1107,1106.9999999999952,257.025,255.96666666666667,1058.33,1
1108,1107.9999999999952,257.32013900000004,256.1666666666667,1153.47,1
1109,1108.9999999999952,257.615278,256.23333333333335,1381.94,1
1110,1109.9999999999952,257.910417,257.03333333333336,877.08,1
1111,1110.9999999999952,258.1851565,257.23333333333335,951.82,1
1112,1111.9999999999952,258.459896,257.3,1159.9,1
1113,1112.9999999999952,258.7346355,257.9,834.64,1
1114,1113.9999999999952,259.009375,258.1,909.37,1
1115,1114.9999999999952,259.258333,258.3333333333333,925.0,1
1116,1115.9999999999952,259.544792,258.5,1044.79,1
1117,1116.999999999995,259.8875,259.26666666666665,620.83,1
1118,1117.9999999999952,260.301823,259.3,1001.82,1
1119,1118.999999999995,260.716146,259.56666666666666,1149.48,1
1120,1119.999999999995,261.139583,259.8333333333333,1306.25,1
1121,1120.999999999995,261.414583,259.8666666666667,1547.92,1
1122,1121.999999999995,261.845833,260.53333333333336,1312.5,1
1123,1122.999999999995,262.1527776666667,260.73333333333335,1419.44,1
1124,1123.999999999995,262.45972233333333,261.23333333333335,1226.39,1
1125,1124.999999999995,262.766667,261.8666666666667,900.0,1
1126,1125.999999999995,263.2651045,262.06666666666666,1198.44,1
1127,1126.999999999995,263.763542,262.26666666666665,1496.88,1
1128,1127.9999999999948,264.0927085,262.43333333333334,1659.38,1
1129,1128.9999999999948,264.57725708333334,262.76666666666665,1810.59,1
1130,1129.9999999999948,265.06180566666666,262.8,2261.81,1
1131,1130.9999999999948,265.54635425,264.06666666666666,1479.69,1
1132,1131.9999999999948,266.0309028333333,264.26666666666665,1764.24,1
1133,1132.9999999999948,266.5154514166667,264.4,2115.45,1
1134,1133.9999999999948,267.0,265.6666666666667,1333.33,1
1135,1134.9999999999948,267.3864585,266.6666666666667,719.79,1
1136,1135.9999999999948,267.772917,266.8666666666667,906.25,1
1137,1136.999999999995,268.345833,266.93333333333334,1412.5,1
1138,1137.9999999999948,268.352083,266.96666666666664,1385.42,1
1139,1138.9999999999943,268.86041650000004,267.76666666666665,1093.75,1
1140,1139.9999999999948,269.1671875,267.9,1267.19,1
1141,1140.9999999999948,269.42109375,268.76666666666665,654.43,1
1142,1141.999999999995,269.675,268.8333333333333,841.67,1
1143,1142.999999999995,270.0296875,268.8666666666667,1163.02,1
1144,1143.999999999995,270.048958,269.26666666666665,782.29,1
1145,1144.999999999995,270.72187499999995,269.7,1021.87,1
1146,1145.9999999999952,271.184896,269.73333333333335,1451.56,1
1147,1146.9999999999948,271.960417,270.1333333333333,1827.08,1
1148,1147.999999999995,272.238542,270.73333333333335,1505.21,1
1149,1148.999999999995,272.47864599999997,271.06666666666666,1411.98,1
1150,1149.9999999999948,272.725,271.26666666666665,1458.33,1
1151,1150.9999999999948,272.952083,271.76666666666665,1185.42,1
1152,1151.9999999999948,273.18125,271.93333333333334,1247.92,1
1153,1152.999999999995,273.4,272.26666666666665,1133.33,1
1154,1153.999999999995,273.667708,272.3,1367.71,1
1155,1154.999999999995,274.204167,272.4,1804.17,1
1156,1155.9999999999952,274.84409750000003,272.46666666666664,2377.43,1
1157,1156.999999999995,275.484028,272.5,2984.03,1
1158,1157.9999999999948,276.1239585,272.6333333333333,3490.63,1
1159,1158.999999999995,276.470139,273.6333333333333,2836.81,1
1160,1159.999999999995,276.81631949999996,277.1333333333333,317.01,1
1161,1160.9999999999948,277.1625,277.6333333333333,470.83,1
1162,1161.999999999995,277.46067700000003,277.6666666666667,205.99,1
1163,1162.999999999995,277.75885400000004,277.73333333333335,25.52,1
1164,1163.999999999995,278.057031,277.8333333333333,223.7,1
1165,1164.999999999995,278.355208,277.8666666666667,488.54,1
1166,1165.999999999995,278.641667,277.93333333333334,708.33,1
1167,1166.9999999999952,278.946875,277.96666666666664,980.21,1
1168,1167.999999999995,279.265625,278.3333333333333,932.29,1
1169,1168.999999999995,279.631771,278.6,1031.77,1
1170,1169.9999999999952,279.997917,278.6333333333333,1364.58,1
1171,1170.9999999999952,280.3736113333333,278.96666666666664,1406.94,1
1172,1171.999999999995,280.74930566666666,279.23333333333335,1515.97,1
1173,1172.999999999995,281.125,279.96666666666664,1158.33,1
1174,1173.9999999999952,281.45104175,281.4,51.04,1
1175,1174.9999999999952,281.7770835,281.53333333333336,243.75,1
1176,1175.9999999999952,282.10312525,281.56666666666666,536.46,1
1177,1176.9999999999952,282.429167,281.6333333333333,795.83,1
1178,1177.9999999999952,282.76875,281.6666666666667,1102.08,1
1179,1178.9999999999952,283.127083,281.73333333333335,1393.75,1
1180,1179.9999999999952,283.488542,282.43333333333334,1055.21,1
1181,1180.9999999999952,283.920573,282.73333333333335,1187.24,1
1182,1181.9999999999955,284.352604,283.1333333333333,1219.27,1
1183,1182.9999999999952,284.6028645,283.1666666666667,1436.2,1
1184,1183.9999999999955,284.853125,283.46666666666664,1386.46,1
1185,1184.9999999999952,285.511458,284.03333333333336,1478.12,1
1186,1185.9999999999955,285.8796873333333,284.3333333333333,1546.35,1
1187,1186.9999999999952,286.2479166666667,284.6333333333333,1614.58,1
1188,1187.9999999999952,286.616146,285.5,1116.15,1
1189,1188.9999999999955,287.1778645,285.7,1477.86,1
1190,1189.9999999999955,287.739583,285.9,1839.58,1
1191,1190.9999999999955,288.0708335,286.6,1470.83,1
1192,1191.9999999999955,288.47511588888887,286.8,1675.12,1
1193,1192.9999999999955,288.87939827777785,287.7,1179.4,1
1194,1193.9999999999955,289.28368066666667,288.03333333333336,1250.35,1
1195,1194.9999999999955,289.6879630555556,288.1666666666667,1521.3,1
1196,1195.9999999999955,290.09224544444453,288.43333333333334,1658.91,1
1197,1196.9999999999955,290.49652783333335,288.6666666666667,1829.86,1
1198,1197.9999999999955,290.90081022222216,289.73333333333335,1167.48,1
1199,1198.9999999999955,291.3050926111112,289.93333333333334,1371.76,1
1200,1199.9999999999952,291.709375,289.96666666666664,1742.71,1
1201,1200.9999999999955,292.07767857142863,290.0,2077.68,1
1202,1201.9999999999952,292.4459821428572,290.03333333333336,2412.65,1
1203,1202.9999999999955,292.81428571428575,290.1,2714.29,1
1204,1203.9999999999952,293.1825892857143,290.1333333333333,3049.26,1
1205,1204.9999999999952,293.55089285714286,290.1666666666667,3384.23,1
1206,1205.9999999999955,293.9191964285715,290.2,3719.2,1
1207,1206.9999999999957,294.2875,290.26666666666665,4020.83,1
1208,1207.9999999999961,294.725,290.3,4425.0,1
1209,1208.9999999999961,294.958333,290.46666666666664,4491.67,1
1210,1209.9979166666628,295.06875,293.9,1168.75,1
1211,1210.9999999999961,296.1375,294.53333333333336,1604.17,1
1212,1211.9999999999961,296.6359375,294.96666666666664,1669.27,1
1213,1212.999999999996,296.673958,295.03333333333336,1640.62,1
1214,1213.9999999999961,297.2109375,296.1333333333333,1077.6,1
1215,1214.9999999999961,297.507292,296.2,1307.29,1
1216,1215.9999999999961,297.76718775,296.53333333333336,1233.85,1
1217,1216.9999999999964,298.0270835,297.2,827.08,1
1218,1217.9999999999964,298.3994790000001,297.5,899.48,1
1219,1218.9999999999964,298.429167,297.6,829.17,1
1220,1219.9999999999964,299.102604,297.8666666666667,1235.94,1
1221,1220.9999999999964,299.6364585,298.3,1336.46,1
1222,1221.9999999999964,300.107639,298.3333333333333,1774.31,1
1223,1222.9999999999964,300.5788195,299.1,1478.82,1
1224,1223.9999999999964,301.05,299.6,1450.0,1
1225,1224.9999999999964,301.5083335,299.6666666666667,1841.67,1
1226,1225.9999999999964,301.966667,299.7,2266.67,1
1227,1226.9999999999968,302.239583,300.8,1439.58,1
1228,1227.9999999999968,302.483333,301.26666666666665,1216.67,1
1229,1228.999999999997,302.764583,301.4,1364.58,1
1230,1229.9999999999973,303.338542,301.53333333333336,1805.21,1
1231,1230.9999999999975,304.083333,302.1333333333333,1950.0,1
1232,1231.9999999999973,304.591667,302.23333333333335,2358.33,1
1233,1232.999999999998,305.1677085,302.26666666666665,2901.04,1
1234,1233.9999999999975,305.7015625,302.3,3401.56,1
1235,1234.9999999999975,306.061979,302.4,3661.98,1
1236,1235.999999999998,306.4125,305.1333333333333,1279.17,1
1237,1236.9999999999984,306.80625,305.6666666666667,1139.58,1
1238,1237.999999999998,307.0703125,306.03333333333336,1036.98,1
1239,1238.999999999998,307.296875,306.3666666666667,930.21,1
1240,1239.999999999998,307.576042,306.6666666666667,909.38,1
1241,1240.9999999999986,307.7869795,307.06666666666666,720.31,1
1242,1241.9999999999984,308.0348955,307.26666666666665,768.23,1
1243,1242.9999999999986,308.4114585,307.5,911.46,1
1244,1243.9999999999986,308.6885415,307.76666666666665,921.87,1
1245,1244.9999999999986,308.944271,308.03333333333336,910.94,1
1246,1245.9999999999986,309.244792,308.06666666666666,1178.13,1
1247,1246.9999999999989,309.4890625,308.6666666666667,822.4,1
1248,1247.9999999999989,309.7375,308.9,837.5,1
1249,1248.999999999999,309.990625,309.3,690.63,1
1250,1249.999999999999,310.20520849999997,309.46666666666664,738.54,1
1251,1250.999999999999,310.40625,309.8,606.25,1
1252,1251.999999999999,310.6447915,309.93333333333334,711.46,1
1253,1252.9999999999993,310.8265625,310.1666666666667,659.9,1
1254,1253.9999999999993,311.079167,310.3333333333333,745.83,1
1255,1254.9999999999995,311.43177099999997,310.43333333333334,998.44,1
1256,1255.9999999999998,311.6890625,310.8666666666667,822.4,1
1257,1256.9999999999993,311.927083,311.0,927.08,1
1258,1257.9999999999998,312.18958349999997,311.06666666666666,1122.92,1
1259,1258.9999999999998,312.3802085,311.6666666666667,713.54,1
1260,1260.0,312.608333,311.9,708.33,1
1261,1261.0,312.8375,312.03333333333336,804.17,1
1262,1262.0000000000002,313.038021,312.3666666666667,671.35,1
1263,1263.0000000000002,313.246875,312.53333333333336,713.54,1
1264,1264.0000000000002,313.468229,313.1333333333333,334.9,1
1265,1265.0000000000002,313.6463540000001,313.23333333333335,413.02,1
1266,1266.0000000000005,313.8796875,313.26666666666665,613.02,1
1267,1267.0000000000002,314.133333,313.43333333333334,700.0,1
1268,1268.0000000000005,314.3328125000001,313.53333333333336,799.48,1
1269,1269.0000000000007,314.540625,313.73333333333335,807.29,1
1270,1270.0000000000005,314.7901045,313.8,990.1,1
1271,1271.000000000001,315.0244790000001,314.3,724.48,1
1272,1272.000000000001,315.260417,314.53333333333336,727.08,1
1273,1273.000000000001,315.4989585,314.7,798.96,1
1274,1274.000000000001,315.7046875,315.03333333333336,671.35,1
1275,1275.0000000000011,315.9151045,315.2,715.1,1
1276,1276.000000000001,316.1390625,315.53333333333336,605.73,1
1277,1277.0000000000014,316.3114585,315.6666666666667,644.79,1
1278,1278.0000000000014,316.5640625,315.76666666666665,797.4,1
1279,1279.0000000000014,316.885417,316.1333333333333,752.08,1
1280,1280.0000000000014,317.1932290000001,316.3,893.23,1
1281,1281.000000000002,317.603125,316.43333333333334,1169.79,1
1282,1282.0000000000014,318.0067705,316.46666666666664,1540.1,1
1283,1283.000000000002,318.2156250000001,316.53333333333336,1682.29,1
1284,1284.000000000002,318.4723955,317.3,1172.4,1
1285,1285.000000000002,318.696875,318.0,696.87,1
1286,1286.000000000002,318.8921875,318.2,692.19,1
1287,1287.000000000002,319.128125,318.43333333333334,694.79,1
1288,1288.0000000000023,319.4041665000001,318.6666666666667,737.5,1
1289,1289.0000000000023,319.5786455,318.8333333333333,745.31,1
1290,1290.0000000000025,319.8088545,319.0,808.85,1
1291,1291.0000000000025,320.0125,319.3333333333333,679.17,1
1292,1292.0000000000025,320.215625,319.56666666666666,648.96,1
1293,1293.0000000000027,320.467708,319.8666666666667,601.04,1
1294,1294.0000000000027,320.7572915,319.96666666666664,790.62,1
1295,1295.0000000000027,320.9109375,320.1333333333333,777.6,1
1296,1296.000000000003,321.1760415,320.4,776.04,1
1297,1297.000000000003,321.4359375,320.6666666666667,769.27,1
1298,1298.000000000003,321.700521,320.93333333333334,767.19,1
1299,1299.0000000000032,322.05625,321.1,956.25,1
1300,1300.0000000000032,322.4265625,321.43333333333334,993.23,1
1301,1301.0000000000032,322.6953125,321.6666666666667,1028.65,1
1302,1302.0000000000034,323.066146,321.8666666666667,1199.48,1
1303,1303.0000000000034,323.483333,322.26666666666665,1216.67,1
1304,1304.0000000000032,323.897917,322.7,1197.92,1
1305,1305.0000000000061,324.334375,323.06666666666666,1267.71,1
1306,1306.0000000000057,324.757292,323.43333333333334,1323.96,1
1307,1307.0000000000057,325.01770849999997,323.8666666666667,1151.04,1
1308,1308.0000000000052,325.23645849999997,323.93333333333334,1303.13,1
1309,1309.000000000005,325.515625,324.56666666666666,948.96,1
1310,1310.0000000000048,325.7041665000001,324.8666666666667,837.5,1
1311,1311.0000000000045,325.875,325.1,775.0,1
1312,1312.0000000000045,326.089583,325.5,589.58,1
1313,1313.0000000000043,326.252604,325.7,552.6,1
1314,1314.0000000000039,326.455208,325.8333333333333,621.87,1
1315,1315.0000000000036,326.641667,326.1333333333333,508.33,1
1316,1316.0000000000034,326.811458,326.3333333333333,478.12,1
1317,1317.0000000000034,326.9973955000001,326.43333333333334,564.06,1
1318,1318.0000000000032,327.235417,327.06666666666666,168.75,1
1319,1319.000000000003,327.378646,327.1,278.65,1
1320,1320.0000000000027,327.5515625000001,327.1333333333333,418.23,1
1321,1321.0000000000023,327.766667,327.2,566.67,1
1322,1322.0000000000023,327.898958,327.3666666666667,532.29,1
1323,1323.000000000002,328.0619795,327.5,561.98,1
1324,1324.0000000000016,328.263542,327.73333333333335,530.21,1
1325,1325.0000000000014,328.4109375,327.8,610.94,1
1326,1326.0000000000011,328.5885415,328.0,588.54,1
1327,1327.0000000000011,328.80677099999997,328.26666666666665,540.1,1
1328,1328.000000000001,328.9765625,328.43333333333334,543.23,1
1329,1329.0000000000005,329.155729,328.6333333333333,522.4,1
1330,1330.0000000000002,329.397917,328.93333333333334,464.58,1
1331,1331.0,329.546354,329.1333333333333,413.02,1
1332,1332.0,329.6989585,329.3,398.96,1
1333,1332.9999999999998,329.895833,329.3333333333333,562.5,1
1334,1333.9999999999995,330.049479,329.4,649.48,1
1335,1334.999999999999,330.194271,329.6333333333333,560.94,1
1336,1335.9999999999989,330.390625,329.8333333333333,557.29,1
1337,1336.9999999999989,330.5359375000001,330.03333333333336,502.6,1
1338,1337.9999999999986,330.7130205,330.1666666666667,546.35,1
1339,1338.9999999999984,330.90625,330.4,506.25,1
1340,1339.999999999998,331.064583,330.56666666666666,497.92,1
1341,1340.9999999999977,331.215104,330.7,515.1,1
1342,1341.9999999999977,331.457292,331.26666666666665,190.63,1
1343,1342.9999999999973,331.578125,331.3,278.12,1
1344,1343.999999999997,331.7328125,331.3333333333333,399.48,1
1345,1344.9999999999968,331.921875,331.43333333333334,488.54,1
1346,1345.9999999999966,332.0640625,331.6666666666667,397.4,1
1347,1346.9999999999966,332.2125,331.7,512.5,1
1348,1347.9999999999964,332.420833,331.93333333333334,487.5,1
1349,1348.9999999999961,332.5828125,332.0,582.81,1
1350,1349.9999999999957,332.800521,332.2,600.52,1
1351,1350.9999999999955,333.0140625,332.4,614.06,1
1352,1351.9999999999955,333.1786455,332.6,578.65,1
1353,1352.9999999999952,333.344792,332.8333333333333,511.46,1
1354,1353.999999999995,333.542708,333.0,542.71,1
1355,1354.9999999999948,333.6796875,333.3333333333333,346.35,1
1356,1355.9999999999943,333.836979,333.4,436.98,1
1357,1356.9999999999943,334.042708,333.5,542.71,1
1358,1357.9999999999939,334.194792,333.73333333333335,461.46,1
1359,1358.9999999999936,334.370833,333.8333333333333,537.5,1
1360,1359.9999999999934,334.5625,334.1666666666667,395.83,1
1361,1360.9999999999932,334.748958,334.23333333333335,515.62,1
1362,1361.9999999999932,334.940625,334.3666666666667,573.96,1
1363,1362.999999999993,335.098958,334.53333333333336,565.62,1
1364,1363.9999999999927,335.267708,334.76666666666665,501.04,1
1365,1364.9999999999923,335.4390625,334.93333333333334,505.73,1
1366,1365.9999999999918,335.6671875,335.2,467.19,1
1367,1366.9999999999918,335.790625,335.23333333333335,557.29,1
1368,1367.9999999999918,335.95520849999997,335.53333333333336,421.88,1
1369,1368.9999999999918,336.1848955000001,336.1666666666667,18.23,1
1370,1369.9999999999918,336.32864600000005,336.3333333333333,4.69,1
1371,1370.9999999999918,336.498958,336.5,1.04,1
1372,1371.9999999999918,336.695833,336.53333333333336,162.5,1
1373,1372.9999999999918,336.869792,336.56666666666666,303.13,1
1374,1373.9999999999918,337.054167,336.6,454.17,1
1375,1374.9999999999918,337.214583,336.7,514.58,1
1376,1375.9999999999918,337.416667,336.9,516.67,1
1377,1376.999999999992,337.5625,337.03333333333336,529.17,1
1378,1377.9999999999918,337.842708,338.03333333333336,190.63,1
1379,1378.9999999999918,337.998958,338.06666666666666,67.71,1
1380,1379.9999999999918,338.158333,338.1333333333333,25.0,1
1381,1380.9999999999918,338.316667,338.1666666666667,150.0,1
1382,1381.9999999999918,338.482292,338.2,282.29,1
1383,1382.9999999999918,338.64375,338.23333333333335,410.42,1
1384,1383.9999999999918,338.845833,338.56666666666666,279.17,1
1385,1384.9999999999918,339.032292,338.8,232.29,1
1386,1385.9999999999918,339.192708,338.96666666666664,226.04,1
1387,1386.9999999999918,339.378125,339.1666666666667,211.46,1
1388,1387.9999999999918,339.547917,339.3333333333333,214.58,1
1389,1388.9999999999918,339.709375,339.56666666666666,142.71,1
1390,1389.9999999999918,339.86875,339.76666666666665,102.08,1
1391,1390.9999999999918,340.040625,340.23333333333335,192.71,1
1392,1391.9999999999918,340.194792,340.26666666666665,71.87,1
1393,1392.9999999999918,340.384375,340.3333333333333,51.04,1
1394,1393.9999999999918,340.538542,340.46666666666664,71.88,1
1395,1394.999999999992,340.690625,340.6333333333333,57.29,1
1396,1395.999999999992,340.896875,340.8333333333333,63.54,1
1397,1396.999999999992,341.1031250000001,341.96666666666664,863.54,1
1398,1397.999999999992,341.3093750000001,342.03333333333336,723.96,1
1399,1398.9999999999918,341.515625,342.7,1184.37,1
1400,1399.9999999999918,341.721875,342.73333333333335,1011.46,1
1401,1400.9999999999918,341.928125,342.76666666666665,838.54,1
1402,1401.9999999999918,342.198958,342.8,601.04,1
1403,1402.9999999999918,342.333333,342.8333333333333,500.0,1
1404,1403.9999999999918,342.502083,342.8666666666667,364.58,1
1405,1404.9999999999918,342.65625,342.9,243.75,1
1406,1405.9999999999918,342.836458,342.93333333333334,96.88,1
1407,1406.9999999999918,343.06875,342.96666666666664,102.08,1
1408,1407.9999999999918,343.195833,343.0,195.83,1
1409,1408.9999999999918,343.371875,343.2,171.88,1
1410,1409.9999999999918,343.525,343.3,225.0,1
1411,1410.9999999999918,343.717708,343.6666666666667,51.04,1
1412,1411.9999999999918,343.867708,343.7,167.71,1
1413,1412.9999999999918,344.04375,343.9,143.75,1
1414,1413.9999999999918,344.204167,344.06666666666666,137.5,1
1415,1414.9999999999918,344.384375,344.26666666666665,117.71,1
1416,1415.9999999999918,344.535417,345.3,764.58,1
1417,1416.9999999999918,344.726042,345.4,673.96,1
1418,1417.9999999999918,344.883333,345.43333333333334,550.0,1
1419,1418.999999999992,345.041667,345.5,458.33,1
1420,1419.999999999992,345.2815106666667,345.53333333333336,251.82,1
1421,1420.999999999992,345.52135433333336,345.56666666666666,45.31,1
1422,1421.999999999992,345.76119800000015,345.6,161.2,1
1423,1422.9999999999918,346.00104166666665,345.6333333333333,367.71,1
1424,1423.9999999999918,346.24088533333327,345.6666666666667,574.22,1
1425,1424.9999999999918,346.480729,345.8333333333333,647.4,1
1426,1425.9999999999918,346.752083,346.3,452.08,1
1427,1426.9999999999918,346.889583,347.06666666666666,177.08,1
1428,1427.9999999999918,347.06875,347.1,31.25,1
1429,1428.9999999999918,347.329167,347.1333333333333,195.83,1
1430,1429.9999999999918,347.48125,347.1666666666667,314.58,1
1431,1430.9999999999918,347.638542,347.2,438.54,1
1432,1431.9999999999918,347.86875,347.3333333333333,535.42,1
1433,1432.9999999999918,348.026042,347.46666666666664,559.38,1
1434,1433.9999999999918,348.172917,347.6333333333333,539.58,1
1435,1434.9999999999918,348.365625,347.8666666666667,498.96,1
1436,1435.9999999999918,348.557292,347.96666666666664,590.63,1
1437,1436.9999999999918,348.740625,348.26666666666665,473.96,1
1438,1437.9999999999918,348.929167,348.3666666666667,562.5,1
1439,1438.9999999999918,349.103125,349.06666666666666,36.46,1
1440,1439.9999999999918,349.296875,349.1,196.87,1
1441,1440.9999999999918,349.53125,349.2,331.25,1
1442,1441.9999999999918,349.684375,349.5,184.37,1
1443,1442.9999999999918,349.840625,349.73333333333335,107.29,1
1444,1443.9999999999918,350.085417,349.8333333333333,252.08,1
1445,1444.9999999999918,350.244792,350.0,244.79,1
1446,1445.9999999999918,350.413542,350.03333333333336,380.21,1
1447,1446.9999999999918,350.580208,350.06666666666666,513.54,1
1448,1447.9999999999918,350.745833,350.1333333333333,612.5,1
1449,1448.9999999999918,350.908333,350.43333333333334,475.0,1
1450,1449.9999999999918,351.098958,350.46666666666664,632.29,1
1451,1450.9999999999918,351.276042,351.26666666666665,9.38,1
1452,1451.9999999999918,351.439583,351.3,139.58,1
1453,1452.9999999999918,351.694792,351.3666666666667,328.13,1
1454,1453.9999999999918,351.873958,351.4,473.96,1
1455,1454.9999999999918,352.016667,351.43333333333334,583.33,1
1456,1455.9999999999918,352.251042,351.6666666666667,584.38,1
1457,1456.9999999999918,352.397917,351.8333333333333,564.58,1
1458,1457.9999999999918,352.536458,352.0,536.46,1
1459,1458.9999999999918,352.734375,352.26666666666665,467.71,1
1460,1459.9999999999918,352.922917,352.6666666666667,256.25,1
1461,1460.9999999999918,353.1,352.7,400.0,1
1462,1461.9999999999918,353.301042,353.6,298.96,1
1463,1462.9999999999918,353.522917,353.6333333333333,110.42,1
1464,1463.9999999999918,353.70625,353.6666666666667,39.58,1
1465,1464.9999999999918,353.960417,353.7,260.42,1
1466,1465.9999999999918,354.120833,354.03333333333336,87.5,1
1467,1466.9999999999918,354.266667,354.1333333333333,133.33,1
1468,1467.9999999999918,354.495833,354.23333333333335,262.5,1
1469,1468.9999999999918,354.673958,354.26666666666665,407.29,1
1470,1469.9999999999918,354.876042,354.3,576.04,1
1471,1470.9999999999918,355.098958,354.46666666666664,632.29,1
1472,1471.9999999999918,355.332292,354.6666666666667,665.63,1
1473,1472.9999999999918,355.691667,354.9,791.67,1
1474,1473.9999999999918,356.04999999999984,355.06666666666666,983.33,1
1475,1474.9999999999925,356.223958,355.3,923.96,1
1476,1475.9999999999925,356.459896,355.5,959.9,1
1477,1476.9999999999925,356.730208,355.7,1030.21,1
1478,1477.9999999999923,356.896875,355.96666666666664,930.21,1
1479,1478.9999999999923,357.097917,356.03333333333336,1064.58,1
1480,1479.999999999992,357.28333349999997,356.7,583.33,1
1481,1480.999999999992,357.455208,356.9,555.21,1
1482,1481.999999999992,357.6765625,357.1,576.56,1
1483,1482.999999999992,357.919792,357.26666666666665,653.13,1
1484,1483.9999999999923,358.073958,357.56666666666666,507.29,1
1485,1484.9999999999918,358.253125,357.73333333333335,519.79,1
1486,1485.9999999999918,358.4515625,357.8666666666667,584.9,1
1487,1486.9999999999916,358.60625,357.96666666666664,639.58,1
1488,1487.9999999999918,358.8453125,358.23333333333335,611.98,1
1489,1488.9999999999916,359.077083,358.26666666666665,810.42,1
1490,1489.9999999999916,359.233333,358.7,533.33,1
1491,1490.9999999999918,359.4125,358.8,612.5,1
1492,1491.9999999999914,359.6140625,358.8333333333333,780.73,1
1493,1492.9999999999916,359.768229,359.23333333333335,534.9,1
1494,1493.9999999999914,359.9833335,359.4,583.33,1
1495,1494.9999999999916,360.188542,359.6,588.54,1
1496,1495.9999999999911,360.340625,359.73333333333335,607.29,1
1497,1496.9999999999914,360.515625,360.0,515.62,1
1498,1497.9999999999905,360.69218750000016,360.1333333333333,558.85,1
1499,1498.9999999999905,360.834896,360.3333333333333,501.56,1
1500,1499.9999999999905,361.0625,360.5,562.5,1
1501,1500.9999999999905,361.3125,360.7,612.5,1
1502,1501.9999999999902,361.469792,360.8666666666667,603.13,1
1503,1502.9999999999902,361.654167,360.96666666666664,687.5,1
1504,1503.99999999999,361.84375,361.1666666666667,677.08,1
1505,1504.99999999999,362.004167,361.53333333333336,470.83,1
1506,1505.99999999999,362.2140625,361.7,514.06,1
1507,1506.9999999999898,362.442708,361.8333333333333,609.37,1
1508,1507.9999999999898,362.60625,361.96666666666664,639.58,1
1509,1508.9999999999898,362.785417,362.2,585.42,1
1510,1509.9999999999895,363.0088545,362.4,608.85,1
1511,1510.9999999999895,363.125,362.56666666666666,558.33,1
1512,1511.9999999999895,363.3604165,362.6666666666667,693.75,1
1513,1512.9999999999895,363.561458,363.03333333333336,528.12,1
1514,1513.9999999999895,363.74010400000003,363.2,540.1,1
1515,1514.9999999999893,363.944792,363.6666666666667,278.13,1
1516,1515.9999999999893,364.18125,363.7,481.25,1
1517,1516.999999999989,364.363542,363.76666666666665,596.88,1
1518,1517.9999999999893,364.6296875,363.9,729.69,1
1519,1518.999999999989,364.948958,363.96666666666664,982.29,1
1520,1519.999999999989,365.176042,364.3666666666667,809.38,1
1521,1520.9999999999889,365.471875,364.53333333333336,938.54,1
1522,1521.9999999999889,365.729167,364.7,1029.17,1
1523,1522.9999999999884,365.898958,365.06666666666666,832.29,1
1524,1523.9999999999889,366.1286455,365.23333333333335,895.31,1
1525,1524.9999999999889,366.385417,365.6333333333333,752.08,1
1526,1525.9999999999884,366.54375,365.9,643.75,1
1527,1526.9999999999884,366.75625,366.03333333333336,722.92,1
1528,1527.9999999999882,366.953646,366.1,853.65,1
1529,1528.9999999999882,367.097917,366.56666666666666,531.25,1
1530,1529.9999999999882,367.308854,366.76666666666665,542.19,1
1531,1530.9999999999882,367.511458,366.93333333333334,578.12,1
1532,1531.999999999988,367.68125,367.1666666666667,514.58,1
1533,1532.999999999988,367.876042,367.23333333333335,642.71,1
1534,1533.9999999999882,368.0859375,367.3666666666667,719.27,1
1535,1534.9999999999877,368.2359375,367.7,535.94,1
1536,1535.9999999999882,368.45,367.8333333333333,616.67,1
1537,1536.9999999999877,368.672917,368.06666666666666,606.25,1
1538,1537.9999999999877,368.796875,368.23333333333335,563.54,1
1539,1538.9999999999875,368.989583,368.3666666666667,622.92,1
1540,1539.9999999999875,369.20520849999997,368.4,805.21,1
1541,1540.9999999999875,369.3385415,368.96666666666664,371.87,1
1542,1541.9999999999875,369.547396,369.03333333333336,514.06,1
1543,1542.999999999987,369.795833,369.2,595.83,1
1544,1543.999999999987,370.014583,369.26666666666665,747.92,1
1545,1544.9999999999868,370.360417,369.53333333333336,827.08,1
1546,1545.9999999999868,370.5627605,369.73333333333335,829.43,1
1547,1546.9999999999866,370.765104,370.0,765.1,1
1548,1547.9999999999868,371.096875,370.3333333333333,763.54,1
1549,1548.9999999999868,371.378125,370.53333333333336,844.79,1
1550,1549.9999999999868,371.514583,370.76666666666665,747.92,1
1551,1550.9999999999864,371.677083,371.1,577.08,1
1552,1551.9999999999864,371.844792,371.1666666666667,678.13,1
1553,1552.9999999999861,372.020833,371.53333333333336,487.5,1
1554,1553.9999999999861,372.179167,371.7,479.17,1
1555,1554.9999999999861,372.39027799999997,372.03333333333336,356.94,1
1556,1555.9999999999861,372.60138900000004,372.06666666666666,534.72,1
1557,1556.9999999999861,372.8125,372.46666666666664,345.83,1
1558,1557.999999999986,372.95625,373.26666666666665,310.42,1
1559,1558.999999999986,373.094792,373.3,205.21,1
1560,1559.9999999999857,373.283333,373.3333333333333,50.0,1
1561,1560.9999999999857,373.452083,373.3666666666667,85.42,1
1562,1561.9999999999857,373.61145849999997,373.4,211.46,1
1563,1562.9999999999857,373.735417,373.43333333333334,302.08,1
1564,1563.9999999999854,373.883333,373.5,383.33,1
1565,1564.9999999999854,374.033333,373.6666666666667,366.67,1
1566,1565.9999999999854,374.201042,373.8,401.04,1
1567,1566.9999999999852,374.3682295,373.8333333333333,534.9,1
1568,1567.9999999999854,374.551042,373.96666666666664,584.38,1
1569,1568.9999999999852,374.853125,374.1333333333333,719.79,1
1570,1569.9999999999852,375.165625,374.3666666666667,798.96,1
1571,1570.9999999999852,375.342708,374.53333333333336,809.37,1
1572,1571.9999999999852,375.5036455,374.6666666666667,836.98,1
1573,1572.9999999999852,375.748958,375.06666666666666,682.29,1
1574,1573.9999999999852,375.940625,375.53333333333336,407.29,1
1575,1574.999999999985,376.089583,375.56666666666666,522.92,1
1576,1575.999999999985,376.234375,375.6,634.37,1
1577,1576.9999999999848,376.409375,375.9,509.38,1
1578,1577.9999999999848,376.592708,376.06666666666666,526.04,1
1579,1578.9999999999848,376.81180533333327,376.7,111.81,1
1580,1579.9999999999845,377.0309026666667,376.8666666666667,164.24,1
1581,1580.9999999999848,377.25,377.1,150.0,1
1582,1581.9999999999843,377.432292,377.26666666666665,165.63,1
1583,1582.9999999999843,377.58125,377.53333333333336,47.92,1
1584,1583.999999999984,377.741667,377.56666666666666,175.0,1
1585,1584.9999999999843,377.903125,377.6,303.12,1
1586,1585.999999999984,378.04375,377.6333333333333,410.42,1
1587,1586.999999999984,378.209896,377.8,409.9,1
1588,1587.9999999999839,378.351042,378.06666666666666,284.38,1
1589,1588.9999999999839,378.505208,378.1666666666667,338.54,1
1590,1589.9999999999834,378.666667,378.3333333333333,333.33,1
1591,1590.9999999999834,378.816667,378.43333333333334,383.33,1
1592,1591.9999999999834,378.959896,378.56666666666666,393.23,1
1593,1592.9999999999834,379.111458,378.6,511.46,1
1594,1593.9999999999832,379.261458,378.8333333333333,428.12,1
1595,1594.9999999999832,379.420833,379.1,320.83,1
1596,1595.9999999999832,379.565625,379.1666666666667,398.96,1
1597,1596.999999999983,379.714583,379.26666666666665,447.92,1
1598,1597.999999999983,379.845833,379.43333333333334,412.5,1
1599,1598.999999999983,379.9807295,379.73333333333335,247.4,1
1600,1599.999999999983,380.159375,379.93333333333334,226.04,1
1601,1600.9999999999827,380.3125,380.1333333333333,179.17,1
1602,1601.9999999999827,380.45,380.3,150.0,1
1603,1602.9999999999825,380.609375,380.4,209.38,1
1604,1603.9999999999825,380.77031250000016,380.43333333333334,336.98,1
1605,1604.9999999999823,381.029167,380.46666666666664,562.5,1
1606,1605.9999999999825,381.288542,380.6666666666667,621.88,1
1607,1606.999999999982,381.453125,380.93333333333334,519.79,1
1608,1607.999999999982,381.626042,381.1,526.04,1
1609,1608.999999999982,381.772917,381.2,572.92,1
1610,1609.9999999999818,381.9515625,381.53333333333336,418.23,1
1611,1610.9999999999818,382.120833,381.6,520.83,1
1612,1611.9999999999816,382.310417,381.7,610.42,1
1613,1612.9999999999816,382.460417,381.96666666666664,493.75,1
1614,1613.9999999999814,382.641667,382.1333333333333,508.33,1
1615,1614.9999999999814,382.876042,382.26666666666665,609.38,1
1616,1615.9999999999811,383.092708,382.46666666666664,626.04,1
1617,1616.9999999999811,383.477083,382.6333333333333,843.75,1
1618,1617.999999999981,383.848958,382.6666666666667,1182.29,1
1619,1618.999999999981,384.058333,383.1,958.33,1
1620,1619.999999999981,384.2161455,383.3,916.15,1
1621,1620.9999999999807,384.351042,383.8666666666667,484.38,1
1622,1621.999999999981,384.5421875,384.03333333333336,508.85,1
1623,1622.9999999999807,384.697917,384.1666666666667,531.25,1
1624,1623.9999999999807,384.87552100000005,384.5,375.52,1
1625,1624.9999999999804,385.047917,384.53333333333336,514.58,1
1626,1625.9999999999807,385.227604,384.7,527.6,1
1627,1626.9999999999802,385.415625,384.9,515.62,1
1628,1627.9999999999804,385.713542,385.06666666666666,646.88,1
1629,1628.9999999999802,386.4380205,385.23333333333335,1204.69,1
1630,1629.9999999999802,386.825,386.46666666666664,358.33,1
1631,1630.9999999999798,387.039583,386.53333333333336,506.25,1
1632,1631.9999999999802,387.305208,386.56666666666666,738.54,1
1633,1632.9999999999798,387.620833,386.8333333333333,787.5,1
1634,1633.9999999999798,387.836458,387.1333333333333,703.12,1
1635,1634.9999999999798,388.07239599999997,387.23333333333335,839.06,1
1636,1635.9999999999795,388.326042,387.53333333333336,792.71,1
1637,1636.9999999999795,388.488542,387.8,688.54,1
1638,1637.9999999999795,388.689583,387.96666666666664,722.92,1
1639,1638.9999999999795,388.93125,388.1,831.25,1
1640,1639.9999999999793,389.1145835,388.43333333333334,681.25,1
1641,1640.9999999999793,389.327604,388.6666666666667,660.94,1
1642,1641.999999999979,389.575,388.9,675.0,1
1643,1642.999999999979,389.7125,389.06666666666666,645.83,1
1644,1643.999999999979,389.922917,389.26666666666665,656.25,1
1645,1644.999999999979,390.144792,389.53333333333336,611.46,1
1646,1645.9999999999789,390.322917,389.6333333333333,689.58,1
1647,1646.9999999999789,390.546875,390.0,546.88,1
1648,1647.9999999999789,390.780208,390.06666666666666,713.54,1
1649,1648.9999999999786,390.936458,390.3,636.46,1
1650,1649.9999999999789,391.139583,390.46666666666664,672.92,1
1651,1650.9999999999786,391.38333350000005,390.8,583.33,1
1652,1651.9999999999786,391.611458,390.93333333333334,678.12,1
1653,1652.9999999999784,391.936979,391.3333333333333,603.65,1
1654,1653.9999999999784,392.253125,391.4,853.13,1
1655,1654.999999999978,392.352604,391.5,852.6,1
1656,1655.9999999999784,392.632292,391.9,732.29,1
1657,1656.999999999978,392.889583,392.23333333333335,656.25,1
1658,1657.999999999978,393.105729,392.3333333333333,772.4,1
1659,1658.9999999999777,393.30260400000003,392.6,702.6,1
1660,1659.9999999999777,393.6515625,392.8,851.56,1
1661,1660.9999999999777,393.75625,393.06666666666666,689.58,1
1662,1661.9999999999777,393.996875,393.3,696.87,1
1663,1662.9999999999777,394.2552085,393.6,655.21,1
1664,1663.9999999999775,394.46562500000016,393.76666666666665,698.96,1
1665,1664.9999999999775,394.659375,394.0,659.38,1
1666,1665.9999999999773,395.0234375,394.23333333333335,790.1,1
1667,1666.9999999999773,395.128125,394.43333333333334,694.79,1
1668,1667.9999999999773,395.371354,394.6333333333333,738.02,1
1669,1668.9999999999773,395.6015625,395.03333333333336,568.23,1
1670,1669.999999999977,395.796354,395.3333333333333,463.02,1
1671,1670.999999999977,395.99427099999997,395.3666666666667,627.6,1
1672,1671.9999999999768,396.3421875,395.56666666666666,775.52,1
1673,1672.9999999999768,396.4640625,395.6,864.06,1
1674,1673.999999999977,396.714583,395.76666666666665,947.92,1
1675,1674.9999999999768,396.95625,396.26666666666665,689.58,1
1676,1675.9999999999768,397.14270849999997,396.46666666666664,676.04,1
1677,1676.9999999999766,397.33125,396.6,731.25,1
1678,1677.9999999999766,397.70000000000016,396.8666666666667,833.33,1
1679,1678.999999999976,397.8177085,397.1333333333333,684.38,1
1680,1679.9999999999766,398.02135400000003,397.26666666666665,754.69,1
1681,1680.999999999976,398.232292,397.6666666666667,565.63,1
1682,1681.999999999976,398.423958,397.8,623.96,1
1683,1682.9999999999757,398.6208335,397.93333333333334,687.5,1
1684,1683.9999999999757,399.013021,398.2,813.02,1
1685,1684.9999999999754,399.124479,398.4,724.48,1
1686,1685.9999999999757,399.352083,398.56666666666666,785.42,1
1687,1686.9999999999757,399.5869795,399.0,586.98,1
1688,1687.9999999999754,399.7328125,399.1333333333333,599.48,1
1689,1688.9999999999752,400.0213545,399.3,721.35,1
1690,1689.9999999999752,400.32083350000005,399.6666666666667,654.17,1
1691,1690.9999999999752,400.43541650000003,399.73333333333335,702.08,1
1692,1691.9999999999752,400.6463545,400.0,646.35,1
1693,1692.9999999999752,400.858333,400.3,558.33,1
1694,1693.999999999975,401.060417,400.46666666666664,593.75,1
1695,1694.999999999975,401.2270835,400.73333333333335,493.75,1
1696,1695.9999999999748,401.6015625,400.8,801.56,1
1697,1696.9999999999748,401.7302085,400.8666666666667,863.54,1
1698,1697.9999999999748,401.955208,401.23333333333335,721.87,1
1699,1698.9999999999748,402.1520835,401.5,652.08,1
1700,1699.9999999999748,402.341667,401.73333333333335,608.33,1
1701,1700.9999999999745,402.64114600000005,401.93333333333334,707.81,1
1702,1701.9999999999745,402.9322915,402.3333333333333,598.96,1
1703,1702.9999999999743,403.0796875,402.43333333333334,646.35,1
1704,1703.9999999999745,403.328125,402.6,728.12,1
1705,1704.9999999999743,403.5229165,402.96666666666664,556.25,1
1706,1705.9999999999743,403.71302099999997,403.1,613.02,1
1707,1706.9999999999739,404.01875,403.3,718.75,1
1708,1707.9999999999739,404.331771,403.6666666666667,665.1,1
1709,1708.9999999999736,404.4536455,403.7,753.65,1
1710,1709.9999999999739,404.713542,403.93333333333334,780.21,1
1711,1710.9999999999736,404.9296875,404.23333333333335,696.35,1
1712,1711.9999999999736,405.1276045,404.43333333333334,694.27,1
1713,1712.9999999999736,405.47083349999997,404.6666666666667,804.17,1
1714,1713.9999999999734,405.803125,405.0,803.13,1
1715,1714.9999999999748,405.9546875,405.1,854.69,1
1716,1715.9999999999748,406.1859375,405.3666666666667,819.27,1
1717,1716.9999999999748,406.4244795,405.73333333333335,691.15,1
1718,1717.999999999975,406.6453125,406.06666666666666,578.65,1
1719,1718.999999999975,406.930208,406.3,630.21,1
1720,1719.999999999975,407.24427099999997,406.43333333333334,810.94,1
1721,1720.999999999975,407.396875,406.6,796.88,1
1722,1721.999999999975,407.5479165,406.6333333333333,914.58,1
1723,1722.999999999975,407.8645835,407.23333333333335,631.25,1
1724,1723.999999999975,408.13854150000003,407.46666666666664,671.87,1
1725,1724.999999999975,408.5463545,407.6666666666667,879.69,1
1726,1725.9999999999752,408.86272349999996,407.7,1162.72,1
1727,1726.9999999999752,409.17909249999997,408.03333333333336,1145.76,1
1728,1727.9999999999752,409.4954615,408.5,995.46,1
1729,1728.9999999999752,409.81183050000004,408.53333333333336,1278.5,1
1730,1729.9999999999752,410.1281995,408.56666666666666,1561.53,1
1731,1730.999999999975,410.4445685,408.93333333333334,1511.24,1
1732,1731.999999999975,410.7609375,409.8333333333333,927.6,1
1733,1732.9999999999804,410.94218750000016,409.96666666666664,975.52,1
1734,1733.9999999999802,411.183854,410.23333333333335,950.52,1
1735,1734.9999999999802,411.4619795,410.6333333333333,828.65,1
1736,1735.9999999999798,411.7385415,410.96666666666664,771.87,1
1737,1736.9999999999798,412.1322915,411.1666666666667,965.62,1
1738,1737.9999999999802,412.553124875,411.43333333333334,1119.79,1
1739,1738.9999999999802,412.97395825,411.6333333333333,1340.62,1
1740,1739.9999999999802,413.394791625,412.1,1294.79,1
1741,1740.9999999999798,413.815625,412.1333333333333,1682.29,1
1742,1741.9999999999918,414.311979,412.1666666666667,2145.31,1
1743,1742.9999999999918,415.240625,412.56666666666666,2673.96,1
1744,1743.9999999999918,415.7643229375,413.3666666666667,2397.66,1
1745,1744.9999999999916,416.288020875,413.76666666666665,2521.35,1
1746,1745.9999999999916,416.8117188125,413.96666666666664,2845.05,1
1747,1746.9999999999916,417.33541675,415.3666666666667,1968.75,1
1748,1747.9999999999916,417.8591146875,415.56666666666666,2292.45,1
1749,1748.9999999999918,418.382812625,417.6,782.81,1
1750,1749.999999999972,418.9065105625,417.8,1106.51,1
1751,1750.9999999999718,419.4302085,418.0,1430.21,1
1752,1751.9999999999714,419.5354165,418.1333333333333,1402.08,1
1753,1752.9999999999714,419.7765625,418.3333333333333,1443.23,1
1754,1753.9999999999714,420.01770849999997,419.43333333333334,584.38,1
1755,1754.9999999999704,420.18958349999997,419.53333333333336,656.25,1
1756,1755.9999999999707,420.43020841666674,419.56666666666666,863.54,1
1757,1756.9999999999707,420.67083333333335,419.6333333333333,1037.5,1
1758,1757.9999999999704,420.91145825,419.6666666666667,1244.79,1
1759,1758.9999999999704,421.1520831666666,419.73333333333335,1418.75,1
1760,1759.9999999999704,421.3927080833333,419.76666666666665,1626.04,1
1761,1760.99999999997,421.633333,419.8333333333333,1800.0,1
1762,1761.9999999999704,421.89062466666667,419.9,1990.62,1
1763,1762.9999999999702,422.1479163333333,419.93333333333334,2214.58,1
1764,1763.9999999999702,422.405208,420.0,2405.21,1
1765,1764.9999999999702,422.58680533333336,420.03333333333336,2553.47,1
1766,1765.9999999999704,422.76840266666665,420.1333333333333,2635.07,1
1767,1766.9999999999702,422.95,422.3666666666667,583.33,1
1768,1767.9999999999702,423.1315973333333,422.6,531.6,1
1769,1768.9999999999702,423.3131946666666,423.06666666666666,246.53,1
1770,1769.99999999997,423.494792,423.46666666666664,28.13,1
1771,1770.9999999999702,423.681771,423.6,81.77,1
1772,1771.9999999999698,423.86875,423.6666666666667,202.08,1
1773,1772.9999999999698,424.185417,423.7,485.42,1
1774,1773.9999999999698,424.48151075,423.76666666666665,714.84,1
1775,1774.9999999999698,424.7776045,423.8,977.6,1
1776,1775.9999999999684,424.909896,424.1333333333333,776.56,1
1777,1776.9999999999688,425.15026050000006,424.1666666666667,983.59,1
1778,1777.9999999999686,425.390625,424.6333333333333,757.29,1
1779,1778.999999999968,425.579167,424.9,679.17,1
1780,1779.9999999999677,425.8338545,424.93333333333334,900.52,1
1781,1780.999999999968,426.088542,425.0,1088.54,1
1782,1781.999999999968,426.3432295,425.06666666666666,1276.56,1
1783,1782.999999999968,426.597917,425.1,1497.92,1
1784,1783.9999999999677,426.8526045,425.6,1252.6,1
1785,1784.9999999999675,427.107292,425.6333333333333,1473.96,1
1786,1785.9999999999677,427.3565975,425.7,1656.6,1
1787,1786.9999999999677,427.605903,425.73333333333335,1872.57,1
1788,1787.9999999999675,427.8552085,426.8333333333333,1021.88,1
1789,1788.9999999999675,428.05173625,427.1,951.74,1
1790,1789.9999999999675,428.24826399999995,427.8,448.26,1
1791,1790.9999999999677,428.44479175,428.0,444.79,1
1792,1791.9999999999675,428.6413195,428.06666666666666,574.65,1
1793,1792.9999999999675,428.83784725,428.26666666666665,571.18,1
1794,1793.9999999999673,429.034375,428.3,734.38,1
1795,1794.9999999999673,429.226823,428.3666666666667,860.16,1
1796,1795.9999999999668,429.419271,428.4,1019.27,1
1797,1796.9999999999668,429.7255205,429.0,725.52,1
1798,1797.999999999967,429.8913193333333,429.1333333333333,757.99,1
1799,1798.9999999999668,430.05711816666667,429.3666666666667,690.45,1
1800,1799.9999999999668,430.222917,429.7,522.92,1
1801,1800.999999999967,430.37847233333326,429.76666666666665,611.81,1
1802,1801.9999999999668,430.5340276666667,429.8333333333333,700.69,1
1803,1802.9999999999668,430.689583,430.23333333333335,456.25,1
1804,1803.9999999999668,430.86111100000005,430.26666666666665,594.44,1
1805,1804.9999999999666,431.03263899999996,430.3333333333333,699.31,1
1806,1805.9999999999663,431.204167,430.3666666666667,837.5,1
1807,1806.9999999999668,431.4264883571428,430.6666666666667,759.82,1
1808,1807.9999999999668,431.6488097142857,430.96666666666664,682.14,1
1809,1808.9999999999666,431.8711310714286,431.2,671.13,1
1810,1809.9999999999666,432.09345242857137,431.3666666666667,726.79,1
1811,1810.9999999999668,432.3157737857143,431.76666666666665,549.11,1
1812,1811.9999999999668,432.53809514285723,431.96666666666664,571.43,1
1813,1812.9999999999666,432.7604165,432.1666666666667,593.75,1
1814,1813.9999999999666,432.94604155,432.4,546.04,1
1815,1814.9999999999666,433.1316666,432.46666666666664,665.0,1
1816,1815.9999999999668,433.31729165,432.5,817.29,1
1817,1816.9999999999666,433.50291669999996,432.56666666666666,936.25,1
1818,1817.9999999999666,433.68854175,432.8666666666667,821.88,1
1819,1818.9999999999666,433.87416680000007,433.3,574.17,1
1820,1819.9999999999666,434.05979185,433.53333333333336,526.46,1
1821,1820.9999999999668,434.24541689999995,433.73333333333335,512.08,1
1822,1821.9999999999668,434.43104195,434.9,468.96,1
1823,1822.9999999999668,434.616667,435.3666666666667,750.0,1
1824,1823.999999999966,434.74375,435.43333333333334,689.58,1
1825,1824.999999999966,434.96640625,435.5,533.59,1
1826,1825.9999999999652,435.1890625,435.53333333333336,344.27,1
1827,1826.9999999999648,435.361979,435.6,238.02,1
1828,1827.9999999999645,435.59331583333335,435.6333333333333,40.02,1
1829,1828.9999999999645,435.82465266666674,435.7,124.65,1
1830,1829.9999999999648,436.05598949999995,435.73333333333335,322.66,1
1831,1830.9999999999648,436.2873263333333,435.8,487.33,1
1832,1831.9999999999645,436.5186631666666,435.8333333333333,685.33,1
1833,1832.9999999999645,436.75,435.9,850.0,1
1834,1833.9999999999643,436.99861116666665,435.93333333333334,1065.28,1
1835,1834.9999999999645,437.24722233333335,436.0,1247.22,1
1836,1835.999999999964,437.4958335,436.06666666666666,1429.17,1
1837,1836.9999999999643,437.68541680000004,436.1,1585.42,1
1838,1837.9999999999643,437.8750001,436.3333333333333,1541.67,1
1839,1838.9999999999643,438.0645834,436.9,1164.58,1
1840,1839.9999999999645,438.25416669999987,437.43333333333334,820.83,1
1841,1840.9999999999638,438.44375,438.2,243.75,1
1842,1841.9999999999638,438.729167,438.3666666666667,362.5,1
1843,1842.9999999999638,438.92187525,438.43333333333334,488.54,1
1844,1843.9999999999636,439.1145835,438.46666666666664,647.92,1
1845,1844.9999999999636,439.458333,438.53333333333336,925.0,1
1846,1845.9999999999636,439.75468725,438.56666666666666,1188.02,1
1847,1846.9999999999636,440.0510415,439.06666666666666,984.37,1
1848,1847.9999999999627,440.145833,439.3666666666667,779.17,1
1849,1848.9999999999627,440.393229,439.6666666666667,726.56,1
1850,1849.9999999999627,440.640625,440.03333333333336,607.29,1
1851,1850.9999999999616,440.8010415,440.1666666666667,634.37,1
1852,1851.999999999962,441.05069425,440.2,850.69,1
1853,1852.9999999999616,441.300347,440.26666666666665,1033.68,1
1854,1853.9999999999616,441.54999975,440.3,1250.0,1
1855,1854.999999999962,441.7996525,440.3666666666667,1432.99,1
1856,1855.999999999962,442.04930525,440.4,1649.31,1
1857,1856.9999999999616,442.298958,440.46666666666664,1832.29,1
1858,1857.9999999999616,442.578472,440.5,2078.47,1
1859,1858.9999999999613,442.85798600000004,440.56666666666666,2291.32,1
1860,1859.9999999999616,443.1375,440.6333333333333,2504.17,1
1861,1860.9999999999616,443.33350700000005,440.6666666666667,2666.84,1
1862,1861.9999999999613,443.52951399999995,442.76666666666665,762.85,1
1863,1862.9999999999613,443.725521,443.23333333333335,492.19,1
1864,1863.9999999999613,443.921528,443.6,321.53,1
1865,1864.9999999999613,444.117535,443.93333333333334,184.2,1
1866,1865.999999999961,444.313542,444.0,313.54,1
1867,1866.9999999999613,444.5007815,444.2,300.78,1
1868,1867.999999999961,444.688021,444.3666666666667,321.35,1
1869,1868.9999999999607,444.988542,445.26666666666665,278.12,1
1870,1869.999999999961,445.15902800000003,445.3333333333333,174.31,1
1871,1870.999999999961,445.32951399999996,445.4,70.49,1
1872,1871.9999999999607,445.5,445.43333333333334,66.67,1
1873,1872.9999999999607,445.6649306666667,445.5,164.93,1
1874,1873.9999999999607,445.82986133333327,445.53333333333336,296.53,1
1875,1874.9999999999607,445.994792,445.6,394.79,1
1876,1875.9999999999607,446.1645835,445.6333333333333,531.25,1
1877,1876.9999999999607,446.334375,445.7,634.38,1
1878,1877.9999999999604,446.5041665,445.93333333333334,570.83,1
1879,1878.9999999999604,446.749045,446.03333333333336,715.71,1
1880,1879.9999999999607,446.99392350000005,446.1666666666667,827.26,1
1881,1880.9999999999607,447.238802,446.3333333333333,905.47,1
1882,1881.9999999999607,447.4836805,446.8333333333333,650.35,1
1883,1882.9999999999604,447.72855899999996,446.96666666666664,761.89,1
1884,1883.9999999999604,447.9734375,447.06666666666666,906.77,1
1885,1884.9999999999607,448.57291666666674,447.1,1472.92,1
1886,1885.9999999999607,449.17239583333327,447.1666666666667,2005.73,1
1887,1886.9999999999604,449.771875,447.6,2171.88,1
1888,1887.9979166666267,449.8786458333333,450.1666666666667,288.02,1
1889,1888.9979166666265,449.9854166666667,450.8666666666667,881.25,1
1890,1889.9999999999598,450.0921875,450.9,807.81,1
1891,1890.997916666626,450.1989583333333,450.96666666666664,767.71,1
1892,1891.9979166666258,450.3057291666667,451.0,694.27,1
1893,1892.9999999999588,450.4125,451.06666666666666,654.17,1
1894,1893.9999999999588,450.61875,451.1333333333333,514.58,1
1895,1894.999999999959,450.825,451.1666666666667,341.67,1
1896,1895.9999999999588,451.00208349999997,451.23333333333335,231.25,1
1897,1896.9999999999588,451.236458,451.26666666666665,30.21,1
1898,1897.9999999999586,451.332292,451.3333333333333,1.04,1
1899,1898.9999999999584,451.490625,451.3666666666667,123.96,1
1900,1899.9999999999584,451.664583,451.43333333333334,231.25,1
1901,1900.9999999999575,451.832292,451.46666666666664,365.63,1
1902,1901.9999999999575,451.982292,451.53333333333336,448.96,1
1903,1902.9999999999575,452.1722223333333,451.73333333333335,438.89,1
1904,1903.9999999999575,452.36215266666665,451.93333333333334,428.82,1
1905,1904.9999999999575,452.552083,452.2,352.08,1
1906,1905.999999999957,452.729167,452.3333333333333,395.83,1
1907,1906.999999999957,452.871875,452.56666666666666,305.21,1
1908,1907.9999999999568,453.0421875,452.6333333333333,408.85,1
1909,1908.9999999999568,453.254167,452.93333333333334,320.83,1
1910,1909.9999999999568,453.405208,452.96666666666664,438.54,1
1911,1910.9999999999566,453.529167,453.03333333333336,495.83,1
1912,1911.9999999999566,453.666667,453.26666666666665,400.0,1
1913,1912.9999999999563,453.819792,453.53333333333336,286.46,1
1914,1913.999999999956,453.944271,453.56666666666666,377.6,1
1915,1914.9999999999561,454.134375,453.7,434.37,1
1916,1915.999999999956,454.282292,453.8666666666667,415.63,1
1917,1916.999999999956,454.634375,454.0,634.37,1
1918,1917.999999999956,454.8403645,454.26666666666665,573.7,1
1919,1918.999999999956,455.046354,454.43333333333334,613.02,1
1920,1919.9999999999561,455.20885400000003,454.6,608.85,1
1921,1920.9999999999557,455.432292,454.76666666666665,665.63,1
1922,1921.9999999999557,455.552083,455.3666666666667,185.42,1
1923,1922.9999999999554,455.711458,455.43333333333334,278.12,1
1924,1923.9999999999552,455.883333,455.46666666666664,416.67,1
1925,1924.9999999999552,456.05625,455.56666666666666,489.58,1
1926,1925.9999999999543,456.208333,455.7,508.33,1
1927,1926.9999999999548,456.40937466666674,455.9,509.37,1
1928,1927.9999999999548,456.61041633333326,456.0,610.42,1
1929,1928.9999999999543,456.811458,456.6666666666667,144.79,1
1930,1929.9999999999543,457.021875,456.76666666666665,255.21,1
1931,1930.9999999999538,457.18125,456.8333333333333,347.92,1
1932,1931.9999999999538,457.34583349999997,456.93333333333334,412.5,1
1933,1932.9999999999538,457.501042,457.2,301.04,1
1934,1933.9999999999536,457.683333,457.7,16.67,1
1935,1934.9999999999538,457.8390625,457.73333333333335,105.73,1
1936,1935.9999999999534,458.001042,457.8,201.04,1
1937,1936.9999999999534,458.159375,457.8666666666667,292.71,1
1938,1937.9999999999532,458.34375,457.9,443.75,1
1939,1938.9999999999532,458.605208,458.0,605.21,1
1940,1939.9999999999534,458.808333,458.1666666666667,641.67,1
1941,1940.9999999999532,459.135417,458.23333333333335,902.08,1
1942,1941.999999999952,459.427083,458.5,927.08,1
1943,1942.9999999999516,459.59375,458.73333333333335,860.42,1
1944,1943.9999999999516,459.75625,459.4,356.25,1
1945,1944.9999999999516,460.011979,459.43333333333334,578.65,1
1946,1945.9999999999516,460.215625,459.6666666666667,548.96,1
1947,1946.9999999999513,460.383333,459.8,583.33,1
1948,1947.9999999999511,460.592708,459.9,692.71,1
1949,1948.9999999999513,460.75468750000016,460.2,554.69,1
1950,1949.9999999999516,460.916667,460.23333333333335,683.33,1
1951,1950.9999999999511,461.129167,460.3,829.17,1
1952,1951.9999999999513,461.314583,460.6666666666667,647.92,1
1953,1952.9999999999518,461.44583350000005,460.9,545.83,1
1954,1953.9999999999513,461.644792,461.23333333333335,411.46,1
1955,1954.9999999999518,461.786458,461.3,486.46,1
1956,1955.9999999999511,461.9604165,461.5,460.42,1
1957,1956.9999999999511,462.1958335,461.76666666666665,429.17,1
1958,1957.9999999999513,462.354167,461.8333333333333,520.83,1
1959,1958.9999999999507,462.532292,461.96666666666664,565.63,1
1960,1959.9999999999507,462.7125,462.2,512.5,1
1961,1960.9999999999513,462.880208,462.3,580.21,1
1962,1961.9999999999507,463.042708,462.5,542.71,1
1963,1962.9999999999513,463.215625,462.53333333333336,682.29,1
1964,1963.9999999999502,463.374479,462.76666666666665,607.81,1
1965,1964.9999999999502,463.653125,463.0,653.12,1
1966,1965.9999999999507,463.903125,463.23333333333335,669.79,1
1967,1966.99999999995,464.05625,463.43333333333334,622.92,1
1968,1967.9999999999502,464.20625,463.53333333333336,672.92,1
1969,1968.9999999999507,464.433333,463.56666666666666,866.67,1
1970,1969.9999999999498,464.55,464.03333333333336,516.67,1
1971,1970.9999999999498,464.851042,464.23333333333335,617.71,1
1972,1971.999999999949,465.040625,464.53333333333336,507.29,1
1973,1972.9999999999495,465.203125,464.76666666666665,436.46,1
1974,1973.9999999999495,465.366667,464.8,566.67,1
1975,1974.9999999999493,465.557292,465.1,457.29,1
1976,1975.9999999999495,465.71328125,465.3666666666667,346.61,1
1977,1976.9999999999498,465.8692705,465.5,369.27,1
1978,1977.9999999999493,466.0609375,465.53333333333336,527.6,1
1979,1978.9999999999495,466.218229,465.8666666666667,351.56,1
1980,1979.9999999999486,466.36770850000005,465.9,467.71,1
1981,1980.9999999999488,466.561458,466.03333333333336,528.12,1
1982,1981.9999999999495,466.732292,466.23333333333335,498.96,1
1983,1982.9999999999486,466.905208,466.3,605.21,1
1984,1983.9999999999488,467.080208,466.53333333333336,546.87,1
1985,1984.999999999949,467.226042,466.76666666666665,459.38,1
1986,1985.9999999999486,467.391667,466.8,591.67,1
1987,1986.9999999999488,467.609375,466.93333333333334,676.04,1
1988,1987.9999999999493,467.7567705,467.3,456.77,1
1989,1988.9999999999486,468.0151045,467.3666666666667,648.44,1
1990,1989.999999999949,468.273958,467.4,873.96,1
1991,1990.9999999999486,468.4375,467.8666666666667,570.83,1
1992,1991.9999999999486,468.576042,467.96666666666664,609.38,1
1993,1992.9999999999486,468.772396,468.3,472.4,1
1994,1993.9999999999484,468.942708,468.46666666666664,476.04,1
1995,1994.9999999999484,469.13854150000003,468.5,638.54,1
1996,1995.9999999999488,469.317708,468.73333333333335,584.37,1
1997,1996.9999999999484,469.4875,468.96666666666664,520.83,1
1998,1997.9999999999486,469.672917,469.03333333333336,639.58,1
1999,1998.9999999999482,469.861458,469.5,361.46,1
2000,1999.9999999999484,470.005208,469.8333333333333,171.87,1
2001,2000.9999999999484,470.20885400000003,470.5,291.15,1
2002,2001.9999999999482,470.404167,470.6,195.83,1
2003,2002.9999999999484,470.540104,470.6666666666667,126.56,1
2004,2003.9999999999486,470.728125,470.73333333333335,5.21,1
2005,2004.9999999999482,470.9479165,470.8,147.92,1
2006,2005.9999999999484,471.147917,470.8333333333333,314.58,1
2007,2006.9999999999477,471.368229,470.9,468.23,1
2008,2007.999999999948,471.564583,470.96666666666664,597.92,1
2009,2008.9999999999486,471.719792,471.2,519.79,1
2010,2009.9999999999477,471.8984375,471.3333333333333,565.1,1
2011,2010.999999999948,472.082292,471.8666666666667,215.63,1
2012,2011.9999999999484,472.284375,472.96666666666664,682.29,1
2013,2012.9999999999477,472.59375,473.1333333333333,539.58,1
2014,2013.9999999999482,472.853125,473.2,346.88,1
2015,2014.9999999999475,473.029167,473.23333333333335,204.17,1
2016,2015.9999999999477,473.2239585,473.3,76.04,1
2017,2016.9999999999482,473.4927085,473.3333333333333,159.38,1
2018,2017.9999999999475,473.667708,473.4,267.71,1
2019,2018.9999999999475,473.8734375,473.6333333333333,240.1,1
2020,2019.9999999999477,474.092708,473.6666666666667,426.04,1
2021,2020.9999999999475,474.26171875,473.73333333333335,528.39,1
2022,2021.9999999999475,474.4307295,473.8333333333333,597.4,1
2023,2022.9999999999477,474.632292,474.1333333333333,498.96,1
2024,2023.999999999947,474.793229,474.3,493.23,1
2025,2024.9999999999475,474.9963545,474.43333333333334,563.02,1
2026,2025.9999999999468,475.246875,474.6,646.87,1
2027,2026.9999999999468,475.408854,474.8,608.85,1
2028,2027.9999999999475,475.641667,474.96666666666664,675.0,1
2029,2028.999999999946,475.88125,475.23333333333335,647.92,1
2030,2029.9999999999463,476.075,475.43333333333334,641.67,1
2031,2030.9999999999457,476.3265625,475.46666666666664,859.9,1
2032,2031.999999999946,476.563542,475.8666666666667,696.88,1
2033,2032.9999999999463,476.778125,476.06666666666666,711.46,1
2034,2033.9999999999459,476.9890625,476.23333333333335,755.73,1
2035,2034.999999999946,477.24375,476.76666666666665,477.08,1
2036,2035.9999999999466,477.5041665,477.06666666666666,437.5,1
2037,2036.9999999999459,477.8078125,477.26666666666665,541.15,1
2038,2037.999999999946,478.178125,477.5,678.13,1
2039,2038.999999999946,478.3359375,477.6666666666667,669.27,1
2040,2039.9999999999459,478.525,478.2,325.0,1
2041,2040.999999999946,478.796875,478.26666666666665,530.21,1
2042,2041.9999999999459,478.975,478.3,675.0,1
2043,2042.9999999999457,479.184375,478.3666666666667,817.71,1
2044,2043.999999999946,479.340625,478.76666666666665,573.96,1
2045,2044.9999999999457,479.511458,479.0,511.46,1
2046,2045.9999999999457,479.722917,479.06666666666666,656.25,1
2047,2046.9999999999457,479.894792,479.3333333333333,561.46,1
2048,2047.9999999999457,480.036458,479.53333333333336,503.12,1
2049,2048.999999999946,480.246875,479.76666666666665,480.21,1
2050,2049.9999999999454,480.423958,479.8,623.96,1
2051,2050.9999999999454,480.596354,480.06666666666666,529.69,1
2052,2051.999999999946,480.841667,480.53333333333336,308.33,1
2053,2052.999999999945,481.015625,480.56666666666666,448.96,1
2054,2053.999999999945,481.205208,480.6333333333333,571.87,1
2055,2054.999999999946,481.477604,480.6666666666667,810.94,1
2056,2055.999999999945,481.660417,480.73333333333335,927.08,1
2057,2056.999999999946,481.83125,481.1666666666667,664.58,1
2058,2057.9999999999454,482.027083,481.3333333333333,693.75,1
2059,2058.999999999945,482.189583,481.5,689.58,1
2060,2059.9999999999454,482.4,482.0,400.0,1
2061,2060.9999999999445,482.70625,482.06666666666666,639.58,1
2062,2061.999999999945,482.928125,482.1333333333333,794.79,1
2063,2062.9999999999454,483.109375,482.1666666666667,942.71,1
2064,2063.9999999999445,483.321875,482.23333333333335,1088.54,1
2065,2064.9999999999454,483.607292,483.0,607.29,1
2066,2065.9999999999445,483.8125,483.1,712.5,1
2067,2066.9999999999445,484.003646,483.23333333333335,770.31,1
2068,2067.9999999999445,484.240625,483.56666666666666,673.96,1
2069,2068.9999999999445,484.395833,483.8,595.83,1
2070,2069.9999999999445,484.60625000000016,483.93333333333334,672.92,1
2071,2070.9999999999445,484.821875,484.03333333333336,788.54,1
2072,2071.999999999944,484.971354,484.43333333333334,538.02,1
2073,2072.999999999944,485.1609375,484.6,560.94,1
2074,2073.9999999999445,485.332292,484.8,532.29,1
2075,2074.999999999944,485.499479,484.93333333333334,566.15,1
2076,2075.999999999944,485.6760415,485.1333333333333,542.71,1
2077,2076.999999999944,485.871875,485.3333333333333,538.54,1
2078,2077.999999999944,486.01875,485.53333333333336,485.42,1
2079,2078.9999999999445,486.180208,485.6666666666667,513.54,1
2080,2079.999999999944,486.363542,485.93333333333334,430.21,1
2081,2080.999999999944,486.485417,486.43333333333334,52.08,1
2082,2081.9999999999445,486.75625,486.6666666666667,89.58,1
2083,2082.999999999944,486.9760415,486.76666666666665,209.37,1
2084,2083.9999999999445,487.1171875,486.8,317.19,1
2085,2084.9999999999436,487.2796875,486.8666666666667,413.02,1
2086,2085.9999999999436,487.455208,486.96666666666664,488.54,1
2087,2086.999999999944,487.642708,487.1,542.71,1
2088,2087.9999999999436,487.9911455,487.23333333333335,757.81,1
2089,2088.9999999999436,488.295833,487.3,995.83,1
2090,2089.999999999944,488.459375,487.6,859.38,1
2091,2090.9999999999436,488.651042,487.93333333333334,717.71,1
2092,2091.999999999944,488.838542,488.1333333333333,705.21,1
2093,2092.9999999999436,488.95520849999997,488.46666666666664,488.54,1
2094,2093.9999999999436,489.2515625,488.6333333333333,618.23,1
2095,2094.9999999999436,489.48645849999997,488.8,686.46,1
2096,2095.999999999943,489.658333,488.96666666666664,691.67,1
2097,2096.999999999943,489.81822900000003,489.06666666666666,751.56,1
2098,2097.9999999999436,490.001042,489.43333333333334,567.71,1
2099,2098.999999999943,490.17239600000005,489.6333333333333,539.06,1
2100,2099.9999999999436,490.328125,489.7,628.13,1
2101,2100.999999999943,490.492708,489.76666666666665,726.04,1
2102,2101.999999999943,490.66979150000003,490.1333333333333,536.46,1
2103,2102.999999999944,490.8072915,490.1666666666667,640.62,1
2104,2103.999999999943,491.011458,490.46666666666664,544.79,1
2105,2104.999999999943,491.1359375,490.6666666666667,469.27,1
2106,2105.9999999999436,491.315625,490.7,615.63,1
2107,2106.999999999943,491.5,491.0,500.0,1
2108,2107.9999999999436,491.638021,491.1,538.02,1
2109,2108.9999999999436,491.767708,491.26666666666665,501.04,1
2110,2109.999999999943,491.991667,491.3666666666667,625.0,1
2111,2110.999999999944,492.078646,491.7,378.65,1
2112,2111.999999999943,492.346875,491.73333333333335,613.54,1
2113,2112.999999999943,492.553125,492.1333333333333,419.79,1
2114,2113.9999999999436,492.6661455,492.2,466.15,1
2115,2114.999999999943,492.83385400000003,492.3333333333333,500.52,1
2116,2115.999999999943,493.08125,492.5,581.25,1
2117,2116.9999999999427,493.19375,492.9,293.75,1
2118,2117.999999999943,493.454167,492.93333333333334,520.83,1
2119,2118.9999999999436,493.657292,493.06666666666666,590.63,1
2120,2119.999999999943,493.8666665,493.2,666.67,1
2121,2120.999999999943,494.20625,493.4,806.25,1
2122,2121.999999999943,494.4104165,493.6333333333333,777.08,1
2123,2122.9999999999427,494.614583,493.8,814.58,1
2124,2123.999999999943,494.7526045,493.8666666666667,885.94,1
2125,2124.999999999943,494.888542,494.2,688.54,1
2126,2125.9999999999422,495.072917,494.3333333333333,739.58,1
2127,2126.9999999999422,495.242708,495.23333333333335,9.37,1
2128,2127.9999999999422,495.43541650000003,495.26666666666665,168.75,1
2129,2128.999999999942,495.628125,495.3333333333333,294.79,1
2130,2129.9999999999427,495.766146,495.3666666666667,399.48,1
2131,2130.9999999999413,495.925,495.43333333333334,491.67,1
2132,2131.999999999941,496.08125,495.7,381.25,1
2133,2132.999999999941,496.24375,495.8666666666667,377.08,1
2134,2133.999999999941,496.4234375,495.93333333333334,490.1,1
2135,2134.999999999941,496.603125,496.1333333333333,469.79,1
2136,2135.9999999999404,496.7296875,496.2,529.69,1
2137,2136.99999999994,496.86875,496.46666666666664,402.08,1
2138,2137.99999999994,497.057292,496.6666666666667,390.63,1
2139,2138.999999999939,497.217708,496.8333333333333,384.37,1
2140,2139.99999999994,497.3973955,496.93333333333334,464.06,1
2141,2140.9999999999395,497.577083,497.03333333333336,543.75,1
2142,2141.999999999939,497.7302085,497.1666666666667,563.54,1
2143,2142.999999999939,497.929167,497.43333333333334,495.83,1
2144,2143.999999999939,498.147917,497.6333333333333,514.58,1
2145,2144.9999999999377,498.559375,497.8666666666667,692.71,1
2146,2145.9999999999377,498.896875,497.93333333333334,963.54,1
2147,2146.9999999999372,499.038542,498.1,938.54,1
2148,2147.999999999937,499.177083,498.43333333333334,743.75,1
2149,2148.9999999999363,499.344792,498.9,444.79,1
2150,2149.999999999936,499.534375,499.03333333333336,501.04,1
2151,2150.999999999936,499.672917,499.1666666666667,506.25,1
2152,2151.999999999935,499.796875,499.3333333333333,463.54,1
2153,2152.999999999935,499.933854,499.56666666666666,367.19,1
2154,2153.999999999935,500.06718750000016,499.8,267.19,1
2155,2154.9999999999354,500.25911475,499.9,359.11,1
2156,2155.999999999935,500.451042,500.0,451.04,1
2157,2156.9999999999354,500.780208,500.2,580.21,1
2158,2157.999999999934,501.091667,500.3,791.67,1
2159,2158.999999999934,501.225,500.3666666666667,858.33,1
2160,2159.999999999934,501.365625,500.43333333333334,932.29,1
2161,2160.999999999933,501.535417,500.73333333333335,802.08,1
2162,2161.999999999933,501.716667,500.93333333333334,783.33,1
2163,2162.9999999999322,501.855208,501.3666666666667,488.54,1
2164,2163.999999999932,501.992708,501.5,492.71,1
2165,2164.999999999932,502.125,501.73333333333335,391.67,1
2166,2165.9999999999313,502.2822915,502.23333333333335,48.96,1
2167,2166.9999999999327,502.47291675,502.26666666666665,206.25,1
2168,2167.999999999931,502.663542,502.3333333333333,330.21,1
2169,2168.9999999999313,502.8109375,502.4,410.94,1
2170,2169.9999999999313,503.057292,502.43333333333334,623.96,1
2171,2170.9999999999304,503.173958,502.6333333333333,540.62,1
2172,2171.9999999999304,503.36875,502.8333333333333,535.42,1
2173,2172.9999999999304,503.603125,502.9,703.12,1
2174,2173.99999999993,503.746875,503.23333333333335,513.54,1
2175,2174.9999999999295,503.9260415,503.26666666666665,659.37,1
2176,2175.9999999999295,504.134375,503.53333333333336,601.04,1
2177,2176.999999999929,504.270833,503.8,470.83,1
2178,2177.999999999929,504.448958,503.93333333333334,515.62,1
2179,2178.999999999929,504.655208,504.0,655.21,1
2180,2179.999999999928,504.790625,504.46666666666664,323.96,1
2181,2180.999999999928,504.9526045,504.5,452.6,1
2182,2181.9999999999277,505.184375,504.6,584.37,1
2183,2182.9999999999272,505.311458,504.9,411.46,1
2184,2183.9999999999272,505.4828125,505.0,482.81,1
2185,2184.999999999927,505.725,505.1333333333333,591.67,1
2186,2185.999999999927,505.846875,505.6666666666667,180.21,1
2187,2186.9999999999254,506.015625,506.0,15.62,1
2188,2187.999999999926,506.261458,506.6666666666667,405.21,1
2189,2188.999999999926,506.378125,506.9,521.87,1
2190,2189.999999999925,506.565104,507.1,534.9,1
2191,2190.999999999925,506.810417,507.1333333333333,322.92,1
2192,2191.999999999925,507.004167,507.2,195.83,1
2193,2192.9999999999245,507.390625,507.23333333333335,157.29,1
2194,2193.999999999925,507.6046875,507.3,304.69,1
2195,2194.9999999999245,507.81875,507.3333333333333,485.42,1
2196,2195.9999999999145,507.86770850000005,507.4,467.71,1
2197,2196.999999999915,508.01979175,507.46666666666664,553.13,1
2198,2197.9999999999145,508.171875,507.76666666666665,405.21,1
2199,2198.9999999999145,508.2802085,507.8666666666667,413.54,1
2200,2199.9999999999145,508.42916675,507.9,529.17,1
2201,2200.9999999999145,508.578125,508.23333333333335,344.79,1
2202,2201.9999999999145,508.634375,508.3,334.37,1
2203,2202.9999999999145,508.809375,508.6666666666667,142.71,1
2204,2203.9999999999145,508.984375,508.8,184.37,1
2205,2204.9999999999145,509.159375,509.06666666666666,92.71,1
2206,2205.999999999915,509.41354166666673,509.1,313.54,1
2207,2206.9999999999145,509.6677083333333,509.1333333333333,534.37,1
2208,2207.9999999999145,509.921875,509.1666666666667,755.21,1
2209,2208.999999999915,510.1046875,510.0,104.69,1
2210,2209.999999999915,510.2875,510.03333333333336,254.17,1
2211,2210.999999999915,510.4703125,510.06666666666666,403.65,1
2212,2211.999999999915,510.65312500000016,510.1,553.13,1
2213,2212.999999999914,510.829167,510.1333333333333,695.83,1
2214,2213.999999999914,510.9859375,510.1666666666667,819.27,1
2215,2214.999999999914,511.13125,510.23333333333335,897.92,1
2216,2215.999999999914,511.271875,510.8333333333333,438.54,1
2217,2216.999999999913,511.441667,511.3,141.67,1
2218,2217.9999999999127,511.63828125,511.43333333333334,204.95,1
2219,2218.999999999913,511.8348955,511.56666666666666,268.23,1
2220,2219.999999999913,511.882292,511.6666666666667,215.63,1
2221,2220.9999999999127,512.050521,511.7,350.52,1
2222,2221.9999999999127,512.21875,512.2666666666667,47.92,1
2223,2222.999999999913,512.2947919999998,512.4,105.21,1
2224,2223.9999999999127,512.4799479999998,512.5666666666667,86.72,1
2225,2224.9999999999127,512.665104,512.6,65.1,1
2226,2225.9999999999127,512.727083,513.0333333333333,306.25,1
2227,2226.9999999999127,512.9059026666666,513.0666666666667,160.76,1
2228,2227.9999999999127,513.0847223333334,514.0666666666667,981.94,1
2229,2228.9999999999127,513.263542,514.2,936.46,1
2230,2229.999999999913,513.510417,514.6333333333333,1122.92,1
2231,2230.999999999913,513.757292,514.6666666666666,909.37,1
2232,2231.999999999913,514.0041669999998,514.7,695.83,1
2233,2232.999999999913,514.196745125,515.0333333333333,836.59,1
2234,2233.999999999914,514.38932325,515.2666666666667,877.34,1
2235,2234.999999999913,514.5819013749998,515.3,718.1,1
2236,2235.999999999913,514.7744795,515.5333333333333,758.85,1
2237,2236.9999999999127,514.9447915000002,515.6666666666666,721.88,1
2238,2237.9999999999127,515.1156249999998,515.9333333333333,817.71,1
2239,2238.999999999912,515.2625,515.9666666666667,704.17,1
2240,2239.999999999912,515.4119794999998,516.5,1088.02,1
2241,2240.999999999912,515.561458,516.7,1138.54,1
2242,2241.9999999999063,515.730729,516.7333333333333,1002.6,1
2243,2242.9999999999063,515.9,516.7666666666667,866.67,1
2244,2243.9999999999063,516.0322914999998,516.8333333333334,801.04,1
2245,2244.9999999999063,516.190104,516.8666666666667,676.56,1
2246,2245.9999999999063,516.3479165,516.9,552.08,1
2247,2246.9999999999063,516.4640625,516.9666666666667,502.6,1
2248,2247.9999999999063,516.63463525,517.0,365.36,1
2249,2248.9999999999063,516.805208,517.0333333333333,228.13,1
2250,2249.999999999906,516.939583,517.0666666666667,127.08,1
2251,2250.9999999999063,517.091406,517.1333333333333,41.93,1
2252,2251.9999999999063,517.243229,517.1666666666666,76.56,1
2253,2252.999999999906,517.38125,517.2,181.25,1
2254,2253.9999999999063,517.5289062500002,517.2333333333333,295.57,1
2255,2254.9999999999063,517.6765625,517.3,376.56,1
2256,2255.999999999906,517.815625,517.3666666666667,448.96,1
2257,2256.9999999999063,517.97890625,517.5,478.91,1
2258,2257.999999999906,518.1421875000002,517.6333333333333,508.85,1
2259,2258.999999999906,518.2677085,517.8,467.71,1
2260,2259.999999999906,518.42708325,518.0333333333333,393.75,1
2261,2260.999999999906,518.586458,518.1333333333333,453.12,1
2262,2261.999999999906,518.842708,518.2666666666667,576.04,1
2263,2262.9999999999063,519.02526025,518.5,525.26,1
2264,2263.999999999906,519.2078125,518.5666666666667,641.15,1
2265,2264.999999999906,519.571875,518.8333333333334,738.54,1
2266,2265.999999999906,519.8755209999998,519.1333333333333,742.19,1
2267,2266.999999999905,520.0140625,519.1666666666666,847.4,1
2268,2267.9999999999045,520.169792,519.5333333333333,636.46,1
2269,2268.9999999999045,520.354167,519.7333333333333,620.83,1
2270,2269.9999999999036,520.49375,519.9,593.75,1
2271,2270.9999999999036,520.6375,520.1333333333333,504.17,1
2272,2271.999999999903,520.8192710000002,520.3666666666667,452.6,1
2273,2272.9999999999022,520.9572919999998,520.5,457.29,1
2274,2273.9999999999027,521.10625,520.6666666666666,439.58,1
2275,2274.9999999999022,521.2906250000002,520.9666666666667,323.96,1
2276,2275.9999999999022,521.475,521.0333333333333,441.67,1
2277,2276.9999999999022,521.795833,521.1666666666666,629.17,1
2278,2277.9999999999022,522.0848960000002,521.2333333333333,851.56,1
2279,2278.9999999999013,522.2229165000001,521.5333333333333,689.58,1
2280,2279.9999999999004,522.3770835,521.7,677.08,1
2281,2280.9999999999004,522.553125,521.9333333333333,619.79,1
2282,2281.9999999999,522.6989580000002,522.0666666666667,632.29,1
2283,2282.999999999899,522.848958,522.3333333333334,515.62,1
2284,2283.9999999998986,523.0406250000002,522.6333333333333,407.29,1
2285,2284.999999999898,523.1734375,522.7333333333333,440.1,1
2286,2285.999999999898,523.3286459999998,522.8333333333334,495.31,1
2287,2286.9999999998986,523.4971355,523.0666666666667,430.47,1
2288,2287.999999999898,523.665625,523.1666666666666,498.96,1
2289,2288.999999999898,523.8260415,523.4666666666667,359.37,1
2290,2289.999999999898,523.973958,523.5,473.96,1
2291,2290.9999999998986,524.109375,523.8,309.38,1
2292,2291.999999999898,524.246875,524.0,246.88,1
2293,2292.999999999892,524.39375,524.0666666666667,327.08,1
2294,2293.999999999892,524.5401039999998,524.2333333333333,306.77,1
2295,2294.9999999998927,524.705208,524.2666666666667,438.54,1
2296,2295.9999999998918,524.853125,524.3666666666667,486.46,1
2297,2296.999999999892,524.9729169999998,524.5666666666667,406.25,1
2298,2297.999999999892,525.108333,525.0333333333333,75.0,1
2299,2298.999999999892,525.244271,525.2666666666667,22.4,1
2300,2299.9999999998918,525.3812499999998,525.3,81.25,1
2301,2300.9999999998918,525.533333,525.3333333333334,200.0,1
2302,2301.9999999998913,525.697917,525.3666666666667,331.25,1
2303,2302.9999999998913,525.810417,525.4666666666667,343.75,1
2304,2303.9999999998913,525.9442705,525.5333333333333,410.94,1
2305,2304.9999999998913,526.1151044999998,525.6333333333333,481.77,1
2306,2305.9999999998913,526.2479165,525.9333333333333,314.58,1
2307,2306.999999999891,526.496875,525.9666666666667,530.21,1
2308,2307.999999999891,526.715625,526.0333333333333,682.29,1
2309,2308.999999999891,526.866667,526.3,566.67,1
2310,2309.999999999891,527.003125,526.5,503.12,1
2311,2310.999999999891,527.138542,526.7,438.54,1
2312,2311.9999999998913,527.2697919999998,526.8666666666667,403.13,1
2313,2312.9999999998913,527.41875,527.0333333333333,385.42,1
2314,2313.9999999998913,527.5805556666667,527.1333333333333,447.22,1
2315,2314.9999999998913,527.7423613333334,527.3,442.36,1
2316,2315.999999999891,527.904167,528.0333333333333,129.17,1
2317,2316.999999999891,528.065278,528.0666666666667,1.39,1
2318,2317.999999999891,528.2263889999998,528.1,126.39,1
2319,2318.999999999891,528.3875,528.1333333333333,254.17,1
2320,2319.9999999998913,528.5541666666667,528.2,354.17,1
2321,2320.9999999998927,528.7208333333333,528.5,220.83,1
2322,2321.9999999998913,528.8875,528.5333333333333,354.17,1
2323,2322.9999999998913,529.0704860000002,528.5666666666667,503.82,1
2324,2323.9999999998927,529.253472,528.6,653.47,1
2325,2324.9999999998913,529.436458,528.8333333333334,603.12,1
2326,2325.9999999998918,529.6371525000002,529.0,637.15,1
2327,2326.9999999998913,529.837847,529.0333333333333,804.51,1
2328,2327.9999999998913,530.0385415000002,529.4666666666667,571.87,1
2329,2328.999999999891,530.239236,529.6333333333333,605.9,1
2330,2329.9999999998913,530.4399305,529.8333333333334,606.6,1
2331,2330.99999999989,530.640625,530.6333333333333,7.29,1
2332,2331.999999999891,530.83984375,530.7333333333333,106.51,1
2333,2332.9999999998913,531.0390625,530.7666666666667,272.4,1
2334,2333.999999999891,531.23828125,530.8,438.28,1
2335,2334.999999999891,531.4375,530.8333333333334,604.17,1
2336,2335.9999999998913,531.63671875,530.8666666666667,770.05,1
2337,2336.999999999891,531.8359375,530.9,935.94,1
