beat_idx,gt_beat,gt_time_s,pred_time_s,err_ms,ok
0,0.0,1.015104,0.0,1015.1,1
1,1.0000000000000002,1.205208,0.03333333333333333,1171.87,1
2,2.0000000000000004,1.395312,0.06666666666666667,1328.65,1
3,3.000000000000001,1.613542,0.1,1513.54,1
4,4.000000000000001,1.796875,0.16666666666666666,1630.21,1
5,5.000000000000001,1.980209,0.2,1780.21,1
6,6.000000000000001,2.213021,0.23333333333333334,1979.69,1
7,7.0,2.415017,0.26666666666666666,2148.35,1
8,8.000000000000002,2.617014,0.3333333333333333,2283.68,1
9,9.000000000000002,2.81901,0.36666666666666664,2452.34,1
10,10.000000000000002,3.021007,0.4,2621.01,1
11,11.000000000000004,3.223003,0.43333333333333335,2789.67,1
12,12.000000000000004,3.425,0.4666666666666667,2958.33,1
13,13.000000000000004,3.661458,0.5333333333333333,3128.12,1
14,14.000000000000002,3.897917,0.5666666666666667,3331.25,1
15,15.000000000000002,4.134375,0.6,3534.38,1
16,16.000000000000004,4.339149,0.6333333333333333,3705.82,1
17,17.000000000000004,4.543924,0.7,3843.92,1
18,18.000000000000004,4.748698,0.7666666666666667,3982.03,1
19,19.0,4.9534720000000005,0.8333333333333334,4120.14,1
20,20.0,5.158246,1.0333333333333334,4124.91,1
21,21.000000000000004,5.363021,1.0666666666666667,4296.35,1
22,22.000000000000004,5.51276,1.1,4412.76,1
23,23.000000000000007,5.6625,1.1333333333333333,4529.17,1
24,24.000000000000018,5.909375,1.2,4709.38,1
25,25.000000000000007,6.107552,1.2333333333333334,4874.22,1
26,26.000000000000007,6.305729,1.2666666666666666,5039.06,1
27,27.000000000000014,6.535417,1.3,5235.42,1
28,28.00000000000001,6.7289059999999985,1.3666666666666667,5362.24,1
29,29.000000000000025,6.922396000000001,1.4,5522.4,1
30,30.000000000000018,7.1786460000000005,1.4333333333333333,5745.31,1
31,31.000000000000018,7.378906,1.6,5778.91,1
32,32.00000000000002,7.579167,2.0,5579.17,1
33,33.00000000000002,7.779427,2.033333333333333,5746.09,1
34,34.00000000000002,7.979686999999998,2.066666666666667,5913.02,1
35,35.00000000000002,8.179948,2.1,6079.95,1
36,36.00000000000002,8.380208,2.1333333333333333,6246.87,1
37,37.00000000000002,8.640625,4.3,4340.62,1
38,38.00000000000002,8.901042,4.5,4401.04,1
39,39.000000000000036,9.161459,4.7,4461.46,1
40,40.00000000000002,9.367708,5.5,3867.71,1
41,41.00000000000002,9.573958,5.733333333333333,3840.62,1
42,42.00000000000002,9.780208,9.0,780.21,1
43,43.00000000000002,9.986458,9.166666666666666,819.79,1
44,44.00000000000003,10.192708,9.2,992.71,1
45,45.00000000000003,10.398958,9.733333333333333,665.62,1
46,46.00000000000002,10.549479,9.933333333333334,616.15,1
47,47.000000000000036,10.7,10.166666666666666,533.33,1
48,48.000000000000036,10.946875,10.933333333333334,13.54,1
49,49.000000000000036,11.135764,10.966666666666667,169.1,1
50,50.000000000000036,11.324653,11.0,324.65,1
51,51.000000000000036,11.513542,11.066666666666666,446.88,1
52,52.000000000000036,11.720834,11.366666666666667,354.17,1
53,53.00000000000003,11.928125,11.433333333333334,494.79,1
54,54.000000000000036,12.135417,11.466666666666667,668.75,1
55,55.00000000000003,12.390799,11.7,690.8,1
56,56.00000000000002,12.646181,12.233333333333333,412.85,1
57,57.00000000000003,12.901563,12.333333333333334,568.23,1
58,58.00000000000003,13.122321,13.833333333333334,711.01,1
59,59.00000000000003,13.34308,14.066666666666666,723.59,1
60,60.00000000000003,13.563839000000002,14.266666666666667,702.83,1
61,61.00000000000002,13.784598,14.366666666666667,582.07,1
62,62.00000000000003,14.005357,14.466666666666667,461.31,1
63,63.00000000000003,14.226116,14.6,373.88,1
64,64.00000000000003,14.446875,14.633333333333333,186.46,1
65,65.00000000000003,14.692604,14.666666666666666,25.94,1
66,66.00000000000003,14.938332999999998,14.9,38.33,1
67,67.00000000000003,15.184062,15.1,84.06,1
68,68.00000000000003,15.429792,15.3,129.79,1
69,69.00000000000003,15.675521,15.5,175.52,1
70,70.00000000000003,15.92125,15.533333333333333,387.92,1
71,71.00000000000003,16.166979,16.166666666666668,0.31,1
72,72.00000000000003,16.412708,16.233333333333334,179.37,1
73,73.00000000000003,16.658437,16.266666666666666,391.77,1
74,74.00000000000003,16.904167,16.3,604.17,1
75,75.00000000000004,17.117708,16.333333333333332,784.37,1
76,76.00000000000003,17.332292000000002,16.4,932.29,1
77,77.00000000000003,17.546875,16.433333333333334,1113.54,1
78,78.00000000000003,17.8,16.566666666666666,1233.33,1
79,79.00000000000004,18.006424,17.1,906.42,1
80,80.00000000000003,18.212847,17.366666666666667,846.18,1
81,81.00000000000003,18.419271,17.733333333333334,685.94,1
82,82.00000000000003,18.625695,19.066666666666666,440.97,1
83,83.00000000000004,18.832118,19.1,267.88,1
84,84.00000000000003,19.038542,19.133333333333333,94.79,1
85,85.00000000000004,19.299132,19.2,99.13,1
86,86.00000000000004,19.559722,19.3,259.72,1
87,87.00000000000006,19.820313,19.8,20.31,1
88,88.00000000000004,19.997292,19.866666666666667,130.63,1
89,89.00000000000004,20.174271,20.066666666666666,107.6,1
90,90.00000000000004,20.35125,20.533333333333335,182.08,1
91,91.00000000000004,20.528229,20.6,71.77,1
92,92.00000000000006,20.705208,20.666666666666668,38.54,1
93,93.00000000000007,20.955729,20.7,255.73,1
94,94.00000000000006,21.115104,20.733333333333334,381.77,1
95,95.00000000000007,21.27448,21.2,74.48,1
96,96.0000000000001,21.535417,21.533333333333335,2.08,1
97,97.00000000000007,21.758854,21.566666666666666,192.19,1
98,98.00000000000009,21.982292,21.966666666666665,15.63,1
99,99.00000000000009,22.202083,22.1,102.08,1
100,100.00000000000009,22.404166,22.2,204.17,1
101,101.00000000000013,22.60625,22.4,206.25,1
102,102.00000000000009,22.8625,22.466666666666665,395.83,1
103,103.0000000000001,23.076563,22.5,576.56,1
104,104.0000000000001,23.290625,22.566666666666666,723.96,1
105,105.00000000000009,23.504687,24.133333333333333,628.65,1
106,106.00000000000009,23.71875,24.3,581.25,1
107,107.00000000000009,23.932813,24.466666666666665,533.85,1
108,108.0000000000001,24.146875,24.6,453.12,1
109,109.0000000000001,24.421528,24.666666666666668,245.14,1
110,110.0000000000001,24.69618,24.733333333333334,37.15,1
111,111.00000000000017,24.970833,24.9,70.83,1
112,112.0000000000001,25.202083,24.966666666666665,235.42,1
113,113.00000000000013,25.433333,25.233333333333334,200.0,1
114,114.00000000000013,25.664583,25.333333333333332,331.25,1
115,115.0000000000001,25.895833,25.366666666666667,529.17,1
116,116.0000000000001,26.127083,25.4,727.08,1
117,117.0000000000001,26.358333,25.466666666666665,891.67,1
118,118.00000000000013,26.522395,26.366666666666667,155.73,1
119,119.00000000000013,26.686458,26.633333333333333,53.12,1
120,120.00000000000013,26.934375,26.933333333333334,1.04,1
121,121.00000000000014,27.128819,27.1,28.82,1
122,122.00000000000013,27.323264,27.333333333333332,10.07,1
123,123.00000000000014,27.517708,27.5,17.71,1
124,124.00000000000014,27.714583,27.566666666666666,147.92,1
125,125.00000000000014,27.911458000000003,27.6,311.46,1
126,126.0000000000002,28.108333,27.633333333333333,475.0,1
127,127.00000000000014,28.379166,27.7,679.17,1
128,128.00000000000014,28.65,28.766666666666666,116.67,1
129,129.00000000000014,28.920833,28.933333333333334,12.5,1
130,130.00000000000014,29.132738,29.2,67.26,1
131,131.00000000000014,29.344643,29.4,55.36,1
132,132.00000000000014,29.556547,29.6,43.45,1
133,133.00000000000014,29.768452000000003,29.833333333333332,64.88,1
134,134.00000000000014,29.980357,30.033333333333335,52.98,1
135,135.00000000000014,30.192262,30.233333333333334,41.07,1
136,136.0000000000002,30.404166,30.433333333333334,29.17,1
137,137.00000000000014,30.650651,30.6,50.65,1
138,138.00000000000014,30.897135,30.833333333333332,63.8,1
139,139.00000000000014,31.14362,31.033333333333335,110.29,1
140,140.00000000000014,31.390104,31.233333333333334,156.77,1
141,141.00000000000014,31.636589,32.3,663.41,1
142,142.00000000000014,31.883073,32.666666666666664,783.59,1
143,143.00000000000014,32.129558,32.733333333333334,603.78,1
144,144.00000000000014,32.376042,32.766666666666666,390.62,1
145,145.00000000000014,32.608594000000004,32.8,191.41,1
146,146.0000000000002,32.841146,32.833333333333336,7.81,1
147,147.00000000000014,32.983854,32.86666666666667,117.19,1
148,148.00000000000014,33.170833,33.13333333333333,37.5,1
149,149.00000000000017,33.325,33.2,125.0,1
150,150.0000000000002,33.489583,33.46666666666667,22.92,1
151,151.00000000000028,33.657292,33.63333333333333,23.96,1
152,152.00000000000026,33.819792,33.8,19.79,1
153,153.00000000000028,33.991667,33.96666666666667,25.0,1
154,154.00000000000028,34.180903,34.0,180.9,1
155,155.00000000000028,34.370139,34.5,129.86,1
156,156.00000000000034,34.559375,34.56666666666667,7.29,1
157,157.00000000000028,34.720833,34.63333333333333,87.5,1
158,158.00000000000034,34.886458000000005,34.96666666666667,80.21,1
159,159.00000000000034,35.096875,35.1,3.13,1
160,160.00000000000034,35.277084,35.233333333333334,43.75,1
161,161.00000000000034,35.44166699999999,35.333333333333336,108.33,1
162,162.00000000000034,35.65625,35.63333333333333,22.92,1
163,163.00000000000034,35.790625,35.7,90.62,1
164,164.00000000000034,35.947917,35.86666666666667,81.25,1
165,165.00000000000028,36.117708,36.1,17.71,1
166,166.0000000000003,36.37083300000001,36.53333333333333,162.5,1
167,167.00000000000034,36.594792,36.6,5.21,1
168,168.00000000000028,36.90208300000001,36.96666666666667,64.58,1
169,169.00000000000028,37.101042,37.166666666666664,65.62,1
170,170.00000000000028,37.3,37.233333333333334,66.67,1
171,171.0000000000003,37.4625,37.43333333333333,29.17,1
172,172.00000000000037,37.658333,37.63333333333333,25.0,1
173,173.00000000000028,37.79270800000001,37.766666666666666,26.04,1
174,174.00000000000028,37.96458300000001,37.96666666666667,2.08,1
175,175.00000000000026,38.144792,38.1,44.79,1
176,176.00000000000026,38.320833,38.233333333333334,87.5,1
177,177.00000000000028,38.472917,38.4,72.92,1
178,178.0000000000002,38.662674,38.46666666666667,196.01,1
179,179.00000000000017,38.852431,39.03333333333333,180.9,1
180,180.0000000000002,39.042187,39.13333333333333,91.15,1
181,181.0000000000002,39.252083,39.166666666666664,85.42,1
182,182.00000000000026,39.421875,39.5,78.12,1
183,183.00000000000017,39.592709,39.63333333333333,40.62,1
184,184.00000000000014,39.75,39.733333333333334,16.67,1
185,185.00000000000014,39.93333300000001,39.93333333333333,0.0,1
186,186.00000000000017,40.134375,40.0,134.37,1
187,187.0000000000002,40.340625,40.333333333333336,7.29,1
188,188.00000000000014,40.520833,40.43333333333333,87.5,1
189,189.0000000000001,40.70625,40.666666666666664,39.58,1
190,190.0000000000001,40.969792,40.9,69.79,1
191,191.0000000000001,41.21458300000001,41.1,114.58,1
192,192.00000000000017,41.740625,41.63333333333333,107.29,1
193,193.00000000000017,42.221875,41.8,421.88,1
194,194.00000000000017,42.427083,42.2,227.08,1
195,195.00000000000017,42.598958,42.6,1.04,1
196,196.00000000000017,42.867188,42.8,67.19,1
197,197.00000000000017,43.145833,43.233333333333334,87.5,1
198,198.0000000000002,43.423958,43.266666666666666,157.29,1
199,199.0000000000002,43.628125,43.3,328.12,1
200,200.00000000000017,43.794792,43.4,394.79,1
201,201.00000000000017,44.057292,44.06666666666667,9.37,1
202,202.00000000000014,44.342708,44.13333333333333,209.37,1
203,203.00000000000017,44.498958,44.46666666666667,32.29,1
204,204.00000000000017,44.686979,44.733333333333334,46.35,1
205,205.00000000000017,44.882292,44.86666666666667,15.63,1
206,206.00000000000017,45.110416,45.0,110.42,1
207,207.00000000000017,45.359375,45.06666666666667,292.71,1
208,208.00000000000017,45.620834,45.13333333333333,487.5,1
209,209.00000000000017,45.813541,45.8,13.54,1
210,210.00000000000017,46.016666,46.0,16.67,1
211,211.00000000000017,46.225,46.2,25.0,1
212,212.00000000000017,46.409375,46.43333333333333,23.96,1
213,213.0000000000002,46.595833,46.6,4.17,1
214,214.00000000000017,46.859375,46.833333333333336,26.04,1
215,215.0000000000002,47.040625,47.1,59.38,1
216,216.0000000000002,47.283854,47.43333333333333,149.48,1
217,217.0000000000002,47.551042,47.6,48.96,1
218,218.0000000000002,47.845833,47.63333333333333,212.5,1
219,219.0000000000002,48.275,48.1,175.0,1
220,220.0000000000002,48.596601,48.46666666666667,129.93,1
221,221.00000000000028,48.855039,48.9,44.96,1
222,222.0000000000003,49.075,48.93333333333333,141.67,1
223,223.0000000000003,49.278125,49.2,78.12,1
224,224.0000000000003,49.469792,49.43333333333333,36.46,1
225,225.0000000000003,49.679167,49.8,120.83,1
226,226.0000000000003,49.94895800000001,49.93333333333333,15.62,1
227,227.0000000000003,50.107292,49.96666666666667,140.63,1
228,228.0000000000003,50.301041,50.0,301.04,1
229,229.0000000000003,50.521875,50.5,21.88,1
230,230.0000000000003,50.729167,50.733333333333334,4.17,1
231,231.0000000000003,50.909896,50.86666666666667,43.23,1
232,232.0000000000003,51.138542,51.0,138.54,1
233,233.00000000000034,51.375,51.13333333333333,241.67,1
234,234.00000000000037,51.780208,51.8,19.79,1
235,235.00000000000037,52.033333,51.833333333333336,200.0,1
236,236.00000000000037,52.239583,52.233333333333334,6.25,1
237,237.00000000000037,52.422916,52.43333333333333,10.42,1
238,238.00000000000037,52.78229200000001,52.833333333333336,51.04,1
239,239.00000000000037,52.969271,52.9,69.27,1
240,240.00000000000037,53.329687,53.3,29.69,1
241,241.00000000000037,53.738542,53.36666666666667,371.88,1
242,242.0000000000003,53.928125,53.56666666666667,361.46,1
243,243.0000000000003,54.071875,54.06666666666667,5.21,1
244,244.00000000000034,54.309896,54.3,9.9,1
245,245.0000000000003,54.58645799999999,54.6,13.54,1
246,246.00000000000034,54.856771,54.7,156.77,1
247,247.00000000000037,55.05520799999999,54.9,155.21,1
248,248.00000000000037,55.238542,55.3,61.46,1
249,249.00000000000037,55.455208,55.8,344.79,1
250,250.0000000000004,55.67916700000001,55.833333333333336,154.17,1
251,251.00000000000037,55.88333299999999,55.93333333333333,50.0,1
252,252.0000000000004,56.060417,55.96666666666667,93.75,1
253,253.00000000000037,56.259375,56.3,40.62,1
254,254.0000000000004,56.465104,56.46666666666667,1.56,1
255,255.00000000000037,56.655208,56.666666666666664,11.46,1
256,256.0000000000004,56.870312,56.86666666666667,3.65,1
257,257.00000000000034,57.171875,57.03333333333333,138.54,1
258,258.00000000000045,57.597917,57.666666666666664,68.75,1
259,259.0000000000004,58.015625,58.0,15.62,1
260,260.0000000000004,58.2125,58.233333333333334,20.83,1
261,261.00000000000045,58.426563,58.43333333333333,6.77,1
262,262.0000000000004,58.697917,58.7,2.08,1
263,263.00000000000045,58.925,58.766666666666666,158.33,1
264,264.00000000000045,59.303125,59.1,203.12,1
265,265.0000000000004,59.652083,59.266666666666666,385.42,1
266,266.0000000000004,59.859375,59.86666666666667,7.29,1
267,267.00000000000045,60.154167,60.13333333333333,20.83,1
268,268.00000000000045,60.507813,60.36666666666667,141.15,1
269,269.00000000000045,60.717708,60.733333333333334,15.63,1
270,270.00000000000045,60.946355,60.9,46.35,1
271,271.0000000000004,61.189583,61.166666666666664,22.92,1
272,272.0000000000004,61.347917,61.233333333333334,114.58,1
273,273.00000000000045,61.566667,61.53333333333333,33.33,1
274,274.0000000000004,61.790625,61.733333333333334,57.29,1
275,275.0000000000005,61.965105,61.833333333333336,131.77,1
276,276.0000000000005,62.158334,62.333333333333336,175.0,1
277,277.0000000000005,62.36823,62.5,131.77,1
278,278.0000000000005,62.56354200000001,62.53333333333333,30.21,1
279,279.0000000000005,62.789063,62.56666666666667,222.4,1
280,280.0000000000005,63.052604,62.63333333333333,419.27,1
281,281.0000000000005,63.29375,63.233333333333334,60.42,1
282,282.0000000000005,63.615104,63.43333333333333,181.77,1
283,283.0000000000005,63.91875,63.9,18.75,1
284,284.0000000000005,64.102083,64.33333333333333,231.25,1
285,285.0000000000005,64.35,64.36666666666666,16.67,1
286,286.0000000000004,64.734375,64.43333333333334,301.04,1
287,287.0000000000005,64.951562,64.46666666666667,484.9,1
288,288.0000000000004,65.538542,65.23333333333333,305.21,1
289,289.0000000000005,66.1375,65.53333333333333,604.17,1
290,290.0000000000005,66.348959,66.36666666666666,17.71,1
291,291.0000000000005,66.569792,66.56666666666666,3.13,1
292,292.0000000000005,66.825,66.76666666666667,58.33,1
293,293.00000000000057,67.095833,67.1,4.17,1
294,294.0000000000005,67.305208,67.16666666666667,138.54,1
295,295.00000000000057,67.503125,67.2,303.12,1
296,296.0000000000005,67.680208,67.83333333333333,153.13,1
297,297.00000000000057,67.859375,67.9,40.63,1
298,298.0000000000005,68.070833,68.06666666666666,4.17,1
299,299.00000000000057,68.28125,68.6,318.75,1
300,300.0000000000005,68.466667,68.7,233.33,1
301,301.00000000000057,68.634375,68.73333333333333,98.96,1
302,302.0000000000005,68.8625,68.83333333333333,29.17,1
303,303.00000000000057,69.065625,68.86666666666666,198.96,1
304,304.00000000000057,69.258333,68.9,358.33,1
305,305.0000000000006,69.459375,69.4,59.37,1
306,306.00000000000057,69.820833,69.8,20.83,1
307,307.0000000000006,70.084375,70.06666666666666,17.71,1
308,308.0000000000006,70.275,70.3,25.0,1
309,309.0000000000006,70.433854,70.43333333333334,0.52,1
310,310.0000000000006,70.66875,70.46666666666667,202.08,1
311,311.0000000000006,70.87447900000002,70.5,374.48,1
312,312.0000000000006,71.202084,70.53333333333333,668.75,1
313,313.0000000000006,71.436458,71.5,63.54,1
314,314.0000000000006,71.610417,71.83333333333333,222.92,1
315,315.0000000000006,71.888542,71.86666666666666,21.88,1
316,316.0000000000006,72.16301999999997,71.93333333333334,229.69,1
317,317.0000000000006,72.440625,72.13333333333334,307.29,1
318,318.0000000000007,72.6875,72.7,12.5,1
319,319.0000000000007,72.921875,72.76666666666667,155.21,1
320,320.0000000000007,73.096875,72.83333333333333,263.54,1
321,321.0000000000007,73.270312,73.26666666666667,3.65,1
322,322.0000000000007,73.467187,73.43333333333334,33.85,1
323,323.0000000000007,73.647396,73.66666666666667,19.27,1
324,324.0000000000007,73.84322900000002,73.8,43.23,1
325,325.00000000000057,74.040625,74.06666666666666,26.04,1
326,326.0000000000006,74.247396,74.23333333333333,14.06,1
327,327.0000000000007,74.51302,74.46666666666667,46.35,1
328,328.0000000000007,74.710417,74.5,210.42,1
329,329.0000000000007,74.901042,74.93333333333334,32.29,1
330,330.0000000000007,75.05625,75.23333333333333,177.08,1
331,331.0000000000006,75.242708,75.3,57.29,1
332,332.0000000000007,75.429167,75.46666666666667,37.5,1
333,333.0000000000007,75.66041700000002,75.63333333333334,27.08,1
334,334.00000000000074,75.851042,75.86666666666666,15.62,1
335,335.00000000000074,76.013021,76.0,13.02,1
336,336.0000000000008,76.18177,76.23333333333333,51.56,1
337,337.0000000000008,76.419792,76.26666666666667,153.13,1
338,338.0000000000008,76.581771,76.6,18.23,1
339,339.0000000000008,76.917187,77.1,182.81,1
340,340.00000000000085,77.127083,77.26666666666667,139.58,1
341,341.0000000000008,77.31666700000002,77.53333333333333,216.67,1
342,342.00000000000085,77.482292,77.6,117.71,1
343,343.00000000000085,77.64479200000002,77.73333333333333,88.54,1
344,344.0000000000009,77.80364499999997,77.76666666666667,36.98,1
345,345.0000000000009,78.058334,77.83333333333333,225.0,1
346,346.0000000000009,78.209375,77.86666666666666,342.71,1
347,347.0000000000009,78.404167,78.03333333333333,370.83,1
348,348.00000000000097,78.701562,78.66666666666667,34.9,1
349,349.0000000000009,78.91849,78.7,218.49,1
350,350.00000000000097,79.135417,79.16666666666667,31.25,1
351,351.000000000001,79.339584,79.26666666666667,72.92,1
352,352.000000000001,79.528125,79.53333333333333,5.21,1
353,353.000000000001,79.709375,79.8,90.63,1
354,354.0000000000011,79.84791700000002,79.93333333333334,85.42,1
355,355.0000000000011,80.077084,79.96666666666667,110.42,1
356,356.0000000000011,80.30625,80.1,206.25,1
357,357.0000000000011,80.440625,80.46666666666667,26.04,1
358,358.00000000000114,80.62083299999998,80.63333333333334,12.5,1
359,359.00000000000125,80.804167,80.83333333333333,29.17,1
360,360.00000000000125,80.952083,80.93333333333334,18.75,1
361,361.00000000000125,81.17135400000002,81.1,71.35,1
362,362.00000000000114,81.390625,81.46666666666667,76.04,1
363,363.0000000000013,81.636459,81.6,36.46,1
364,364.0000000000013,81.841667,82.3,458.33,1
365,365.0000000000013,82.044792,82.43333333333334,388.54,1
366,366.0000000000014,82.172917,82.46666666666667,293.75,1
367,367.0000000000014,82.37916700000002,82.5,120.83,1
368,368.0000000000015,82.585417,82.53333333333333,52.08,1
369,369.0000000000014,82.715104,82.7,15.1,1
370,370.0000000000013,82.904167,82.93333333333334,29.17,1
371,371.00000000000165,83.09791700000002,83.13333333333334,35.42,1
372,372.00000000000153,83.267708,83.3,32.29,1
373,373.00000000000153,83.498437,83.46666666666667,31.77,1
374,374.0000000000016,83.729167,83.56666666666666,162.5,1
375,375.0000000000017,83.9375,84.03333333333333,95.83,1
376,376.0000000000015,84.139583,84.26666666666667,127.08,1
377,377.00000000000176,84.32395799999998,84.53333333333333,209.38,1
378,378.0000000000017,84.485417,84.83333333333333,347.92,1
379,379.0000000000018,84.623958,84.9,276.04,1
380,380.00000000000176,84.8,85.16666666666667,366.67,1
381,381.0000000000019,84.961458,85.2,238.54,1
382,382.0000000000019,85.109375,85.3,190.62,1
383,383.000000000002,85.2125,85.5,287.5,1
384,384.0000000000019,85.388021,85.56666666666666,178.65,1
385,385.0000000000019,85.62100699999998,85.66666666666667,45.66,1
386,386.0000000000019,85.853993,85.86666666666666,12.67,1
387,387.000000000002,86.086979,86.0,86.98,1
388,388.0000000000019,86.30809599999998,86.06666666666666,241.43,1
389,389.000000000002,86.529214,86.1,429.21,1
390,390.0000000000019,86.750331,86.16666666666667,583.66,1
391,391.000000000002,86.97144899999998,86.2,771.45,1
392,392.0000000000019,87.192566,86.23333333333333,959.23,1
393,393.0000000000019,87.413684,86.26666666666667,1147.02,1
394,394.0000000000019,87.634801,86.33333333333333,1301.47,1
395,395.0000000000018,87.855919,86.36666666666666,1489.25,1
396,396.0000000000019,88.07703599999998,86.4,1677.04,1
397,397.00000000000193,88.298154,86.43333333333334,1864.82,1
398,398.000000000002,88.519271,87.3,1219.27,1
399,399.0000000000018,88.73385400000002,88.5,233.85,1
400,400.000000000002,88.948177,88.6,348.18,1
401,401.0000000000018,89.1625,88.9,262.5,1
402,402.00000000000205,89.404167,89.06666666666666,337.5,1
403,403.00000000000205,89.617535,89.1,517.54,1
404,404.000000000002,89.830903,89.13333333333334,697.57,1
405,405.00000000000205,90.044271,89.16666666666667,877.6,1
406,406.000000000002,90.257639,90.3,42.36,1
407,407.0000000000019,90.471007,91.06666666666666,595.66,1
408,408.0000000000021,90.684375,91.13333333333334,448.96,1
409,409.00000000000205,90.923611,91.16666666666667,243.06,1
410,410.000000000002,91.162847,91.2,37.15,1
411,411.00000000000205,91.402084,91.4,2.08,1
412,412.000000000002,91.610938,91.6,10.94,1
413,413.0000000000019,91.819792,91.9,80.21,1
414,414.00000000000216,92.028646,92.33333333333333,304.69,1
415,415.00000000000205,92.2375,92.53333333333333,295.83,1
416,416.000000000002,92.446354,92.66666666666667,220.31,1
417,417.00000000000205,92.655209,92.73333333333333,78.12,1
418,418.000000000002,92.811979,92.8,11.98,1
419,419.00000000000205,92.96875,92.9,68.75,1
420,420.00000000000205,93.20625,93.2,6.25,1
421,421.0000000000021,93.428385,93.26666666666667,161.72,1
422,422.00000000000216,93.65052,93.63333333333334,17.19,1
423,423.0000000000021,93.888021,93.86666666666666,21.35,1
424,424.0000000000021,94.096875,93.9,196.87,1
425,425.00000000000216,94.305729,94.0,305.73,1
426,426.00000000000233,94.539063,94.2,339.06,1
427,427.00000000000216,94.752691,94.23333333333333,519.36,1
428,428.00000000000233,94.966319,94.26666666666667,699.65,1
429,429.00000000000216,95.179948,94.4,779.95,1
430,430.0000000000021,95.393576,96.0,606.42,1
431,431.00000000000216,95.607205,96.1,492.8,1
432,432.00000000000233,95.820833,96.13333333333334,312.5,1
433,433.00000000000216,96.082291,96.16666666666667,84.38,1
434,434.00000000000233,96.34375,96.2,143.75,1
435,435.00000000000216,96.605208,96.53333333333333,71.87,1
436,436.00000000000216,96.828819,96.73333333333333,95.49,1
437,437.00000000000216,97.05243,96.76666666666667,285.76,1
438,438.00000000000205,97.276042,96.83333333333333,442.71,1
439,439.00000000000216,97.499653,96.9,599.65,1
440,440.0000000000022,97.723264,96.93333333333334,789.93,1
441,441.00000000000233,97.946875,97.23333333333333,713.54,1
442,442.0000000000022,98.293403,98.33333333333333,39.93,1
443,443.0000000000022,98.639931,98.73333333333333,93.4,1
444,444.0000000000021,98.986458,98.96666666666667,19.79,1
445,445.0000000000022,99.168403,99.23333333333333,64.93,1
446,446.00000000000233,99.350347,99.26666666666667,83.68,1
447,447.00000000000233,99.532292,99.43333333333334,98.96,1
448,448.00000000000233,99.732639,99.76666666666667,34.03,1
449,449.0000000000022,99.932986,99.83333333333333,99.65,1
450,450.0000000000021,100.133333,99.86666666666666,266.67,1
451,451.0000000000022,100.422916,100.03333333333333,389.58,1
452,452.0000000000022,100.7125,100.96666666666667,254.17,1
453,453.0000000000025,101.002083,101.03333333333333,31.25,1
454,454.00000000000233,101.223066,101.2,23.07,1
455,455.0000000000022,101.444048,103.0,1555.95,1
456,456.00000000000233,101.66503,103.2,1534.97,1
457,457.0000000000022,101.886012,103.53333333333333,1647.32,1
458,458.00000000000233,102.106994,103.56666666666666,1459.67,1
459,459.0000000000022,102.327976,103.6,1272.02,1
460,460.00000000000233,102.548958,103.66666666666667,1117.71,1
461,461.0000000000022,102.773125,103.7,926.88,1
462,462.00000000000233,102.997291,103.96666666666667,969.38,1
463,463.0000000000022,103.221458,104.16666666666667,945.21,1
464,464.00000000000233,103.445625,104.26666666666667,821.04,1
465,465.00000000000233,103.669792,105.2,1530.21,1
466,466.00000000000233,103.893958,105.26666666666667,1372.71,1
467,467.0000000000022,104.118125,105.3,1181.87,1
468,468.00000000000233,104.342292,105.33333333333333,991.04,1
469,469.0000000000022,104.566458,105.36666666666666,800.21,1
470,470.00000000000233,104.790625,105.43333333333334,642.71,1
471,471.0000000000024,105.018229,105.46666666666667,448.44,1
472,472.0000000000024,105.245573,105.5,254.43,1
473,473.00000000000233,105.472916,105.53333333333333,60.42,1
474,474.0000000000024,105.715104,105.66666666666667,48.44,1
475,475.0000000000024,105.923871,105.7,223.87,1
476,476.0000000000024,106.13263899999998,106.76666666666667,634.03,1
477,477.00000000000244,106.341406,107.03333333333333,691.93,1
478,478.0000000000024,106.550173,107.23333333333333,683.16,1
479,479.0000000000024,106.758941,107.3,541.06,1
480,480.0000000000024,106.967708,107.33333333333333,365.63,1
481,481.00000000000233,107.215277,107.36666666666666,151.39,1
482,482.0000000000024,107.462847,107.43333333333334,29.51,1
483,483.00000000000244,107.710416,108.23333333333333,522.92,1
484,484.0000000000024,107.906667,108.3,393.33,1
485,485.00000000000244,108.102917,108.33333333333333,230.42,1
486,486.00000000000244,108.299167,108.56666666666666,267.5,1
487,487.0000000000024,108.495417,108.63333333333334,137.92,1
488,488.00000000000244,108.691667,108.7,8.33,1
489,489.0000000000025,108.954166,108.73333333333333,220.83,1
490,490.00000000000244,109.119271,108.76666666666667,352.6,1
491,491.0000000000025,109.284375,109.26666666666667,17.71,1
492,492.0000000000025,109.547917,109.53333333333333,14.58,1
493,493.00000000000256,109.780729,109.7,80.73,1
494,494.0000000000025,110.013542,110.0,13.54,1
495,495.00000000000256,110.219271,110.16666666666667,52.6,1
496,496.0000000000027,110.433594,110.2,233.59,1
497,497.00000000000256,110.647916,110.63333333333334,14.58,1
498,498.00000000000256,110.889062,110.83333333333333,55.73,1
499,499.0000000000027,111.111198,110.86666666666666,244.53,1
500,500.0000000000026,111.333333,111.26666666666667,66.67,1
501,501.00000000000256,111.555469,112.16666666666667,611.2,1
502,502.0000000000027,111.777604,112.36666666666666,589.06,1
503,503.0000000000026,111.99974,112.56666666666666,566.93,1
504,504.00000000000256,112.221875,112.73333333333333,511.46,1
505,505.0000000000026,112.492708,112.93333333333334,440.63,1
506,506.0000000000026,112.763542,113.06666666666666,303.12,1
507,507.00000000000273,113.034375,113.1,65.62,1
508,508.0000000000027,113.269792,113.16666666666667,103.13,1
509,509.0000000000027,113.505208,113.2,305.21,1
510,510.0000000000026,113.740625,113.23333333333333,507.29,1
511,511.0000000000027,113.976042,113.26666666666667,709.38,1
512,512.0000000000026,114.211458,113.56666666666666,644.79,1
513,513.0000000000026,114.446875,113.7,746.88,1
514,514.0000000000026,114.77882,114.03333333333333,745.49,1
515,515.0000000000026,115.110764,114.46666666666667,644.1,1
516,516.0000000000026,115.442708,114.73333333333333,709.37,1
517,517.0000000000026,115.634722,115.06666666666666,568.06,1
518,518.0000000000026,115.826736,115.13333333333334,693.4,1
519,519.0000000000026,116.01875,115.36666666666666,652.08,1
520,520.0000000000026,116.221181,115.83333333333333,387.85,1
521,521.0000000000026,116.423611,116.2,223.61,1
522,522.0000000000026,116.626042,116.23333333333333,392.71,1
523,523.0000000000026,116.908854,116.46666666666667,442.19,1
524,524.0000000000025,117.191667,117.03333333333333,158.33,1
525,525.0000000000026,117.474479,117.2,274.48,1
526,526.0000000000025,117.792014,118.1,307.99,1
527,527.0000000000026,118.109549,118.33333333333333,223.78,1
528,528.0000000000026,118.427083,118.96666666666667,539.58,1
529,529.0000000000026,118.744618,119.13333333333334,388.72,1
530,530.0000000000026,119.062153,119.36666666666666,304.51,1
531,531.0000000000025,119.379688,119.56666666666666,186.98,1
532,532.0000000000025,120.028819,119.73333333333333,295.49,1
533,533.0000000000026,120.677951,119.96666666666667,711.28,1
534,534.0000000000026,121.327083,120.1,1227.08,1
535,534.9979166666692,121.430729,120.5,930.73,1
536,535.9979166666691,121.534375,120.7,834.37,1
537,537.0000000000024,121.63802,120.93333333333334,704.69,1
538,537.9979166666689,121.741666,121.16666666666667,575.0,1
539,538.9979166666687,121.845312,121.33333333333333,511.98,1
540,540.000000000002,121.948958,121.53333333333333,415.62,1
541,541.0000000000019,122.16849,121.66666666666667,501.82,1
542,542.000000000002,122.388021,121.73333333333333,654.69,1
543,543.0000000000019,122.534896,122.03333333333333,501.56,1
544,544.000000000002,122.745833,122.7,45.83,1
545,545.000000000002,122.883333,122.86666666666666,16.67,1
546,546.000000000002,123.045833,123.06666666666666,20.83,1
547,547.000000000002,123.216667,123.2,16.67,1
548,548.0000000000022,123.392708,123.4,7.29,1
549,549.0000000000022,123.547917,123.5,47.92,1
550,550.0000000000022,123.743403,123.53333333333333,210.07,1
551,551.0000000000022,123.938889,124.16666666666667,227.78,1
552,552.0000000000022,124.134375,124.26666666666667,132.29,1
553,553.0000000000023,124.305208,124.3,5.21,1
554,554.0000000000023,124.471875,124.53333333333333,61.46,1
555,555.0000000000023,124.647916,124.6,47.92,1
556,556.0000000000023,124.815625,125.46666666666667,651.04,1
557,557.0000000000023,125.005208,125.5,494.79,1
558,558.0000000000023,125.209375,125.56666666666666,357.29,1
559,559.0000000000023,125.367708,125.6,232.29,1
560,560.0000000000024,125.519792,125.63333333333334,113.54,1
561,561.0000000000025,125.704166,125.7,4.17,1
562,562.0000000000024,125.933333,126.06666666666666,133.33,1
563,563.0000000000025,126.153125,126.23333333333333,80.21,1
564,564.0000000000025,126.470833,126.56666666666666,95.83,1
565,565.0000000000025,126.685677,126.66666666666667,19.01,1
566,566.0000000000025,126.900521,126.9,0.52,1
567,567.0000000000025,127.040104,127.03333333333333,6.77,1
568,568.0000000000025,127.25625,127.26666666666667,10.42,1
569,569.0000000000025,127.386458,127.4,13.54,1
570,570.0000000000025,127.559375,127.6,40.62,1
571,571.0000000000026,127.736458,127.73333333333333,3.12,1
572,572.0000000000025,127.914583,127.8,114.58,1
573,573.0000000000026,128.084375,128.03333333333333,51.04,1
574,574.0000000000028,128.279861,128.06666666666666,213.19,1
575,575.0000000000028,128.475347,128.63333333333333,157.99,1
576,576.0000000000028,128.67083300000002,128.8,129.17,1
577,577.0000000000028,128.927083,128.9,27.08,1
578,578.0000000000028,129.089583,129.2,110.42,1
579,579.000000000003,129.268229,129.3,31.77,1
580,580.0000000000028,129.43854199999998,129.4,38.54,1
581,581.000000000003,129.61041699999998,129.66666666666666,56.25,1
582,582.000000000003,129.81093700000002,129.73333333333332,77.6,1
583,583.000000000003,130.039583,130.06666666666666,27.08,1
584,584.000000000003,130.225,130.2,25.0,1
585,585.0000000000031,130.427604,130.4,27.6,1
586,586.0000000000031,130.70416699999998,130.73333333333332,29.17,1
587,587.0000000000031,130.948958,130.83333333333334,115.62,1
588,588.0000000000031,131.5125,131.5,12.5,1
589,589.0000000000031,132.005208,131.7,305.21,1
590,590.0000000000031,132.21979199999998,132.0,219.79,1
591,591.0000000000031,132.414583,132.43333333333334,18.75,1
592,592.0000000000031,132.703125,132.6,103.13,1
593,593.0000000000031,132.996875,132.93333333333334,63.54,1
594,594.0000000000031,133.239583,133.06666666666666,172.92,1
595,595.0000000000031,133.43645800000002,133.13333333333333,303.12,1
596,596.0000000000031,133.609375,133.2,409.38,1
597,597.0000000000031,133.848958,133.86666666666667,17.71,1
598,598.0000000000031,134.133333,133.96666666666667,166.67,1
599,599.0000000000032,134.301042,134.4,98.96,1
600,600.0000000000031,134.471875,134.5,28.12,1
601,601.0000000000031,134.675,134.66666666666666,8.33,1
602,602.0000000000031,134.85833300000002,134.83333333333334,25.0,1
603,603.0000000000031,135.118229,134.9,218.23,1
604,604.0000000000032,135.377604,135.0,377.6,1
605,605.0000000000032,135.58125,135.36666666666667,214.58,1
606,606.0000000000033,135.763542,135.73333333333332,30.21,1
607,607.0000000000032,135.942708,135.9,42.71,1
608,608.0000000000033,136.103125,136.33333333333334,230.21,1
609,609.0000000000033,136.316667,136.43333333333334,116.67,1
610,610.0000000000033,136.553125,136.6,46.88,1
611,611.0000000000033,136.75468700000002,136.73333333333332,21.35,1
612,612.0000000000033,136.956771,137.23333333333332,276.56,1
613,613.0000000000033,137.192708,137.66666666666666,473.96,1
614,614.0000000000033,137.496875,137.76666666666668,269.79,1
615,615.0000000000033,137.895833,137.83333333333334,62.5,1
616,616.0000000000033,138.207246,138.06666666666666,140.58,1
617,617.0000000000033,138.450177,138.53333333333333,83.16,1
618,618.0000000000033,138.709375,138.6,109.38,1
619,619.0000000000032,138.927083,138.86666666666667,60.42,1
620,620.0000000000033,139.111458,139.13333333333333,21.88,1
621,621.0000000000033,139.34375,139.33333333333334,10.42,1
622,622.0000000000033,139.671875,139.5,171.88,1
623,623.0000000000032,139.81354199999998,139.83333333333334,19.79,1
624,624.0000000000033,139.98125,140.0,18.75,1
625,625.0000000000033,140.210938,140.06666666666666,144.27,1
626,626.0000000000033,140.40625,140.43333333333334,27.08,1
627,627.0000000000034,140.62031299999998,140.66666666666666,46.35,1
628,628.0000000000034,140.86041699999996,140.8,60.42,1
629,629.0000000000033,141.132292,141.1,32.29,1
630,630.0000000000034,141.540625,141.56666666666666,26.04,1
631,631.0000000000034,141.83125,141.6,231.25,1
632,632.0000000000034,142.010417,141.86666666666667,143.75,1
633,633.0000000000034,142.23333300000004,142.3,66.67,1
634,634.0000000000034,142.5875,142.53333333333333,54.17,1
635,635.0000000000034,142.774479,142.73333333333332,41.15,1
636,636.0000000000035,143.13958300000004,142.96666666666667,172.92,1
637,637.0000000000035,143.553125,143.16666666666666,386.46,1
638,638.0000000000034,143.74375,143.73333333333332,10.42,1
639,639.0000000000035,143.9,143.93333333333334,33.33,1
640,640.0000000000034,144.11041699999996,144.1,10.42,1
641,641.0000000000035,144.355208,144.36666666666667,11.46,1
642,642.0000000000034,144.60833300000004,144.46666666666667,141.67,1
643,643.0000000000034,144.7875,144.9,112.5,1
644,644.0000000000034,144.984375,144.96666666666667,17.71,1
645,645.0000000000034,145.23906200000005,145.5,260.94,1
646,646.0000000000034,145.430208,145.56666666666666,136.46,1
647,647.0000000000034,145.65520800000004,145.7,44.79,1
648,648.0000000000034,145.850521,146.16666666666666,316.15,1
649,649.0000000000034,146.035417,146.2,164.58,1
650,650.0000000000034,146.270833,146.26666666666668,4.17,1
651,651.0000000000034,146.480729,146.46666666666667,14.06,1
652,652.0000000000034,146.681771,146.66666666666666,15.1,1
653,653.0000000000035,146.961458,146.96666666666667,5.21,1
654,654.0000000000034,147.302083,147.1,202.08,1
655,655.0000000000034,147.747917,147.8,52.08,1
656,656.0000000000034,147.945833,148.13333333333333,187.5,1
657,657.0000000000034,148.12656299999998,148.33333333333334,206.77,1
658,658.0000000000034,148.3875,148.4,12.5,1
659,659.0000000000034,148.647917,148.63333333333333,14.58,1
660,660.0000000000031,149.021875,148.96666666666667,55.21,1
661,661.0000000000032,149.3875,149.4,12.5,1
662,662.0000000000033,149.578125,149.73333333333332,155.21,1
663,663.0000000000033,149.883333,149.76666666666668,116.67,1
664,664.0000000000031,150.240625,150.06666666666666,173.96,1
665,665.000000000003,150.465104,150.5,34.9,1
666,666.0000000000028,150.678646,150.66666666666666,11.98,1
667,667.000000000003,150.914583,150.9,14.58,1
668,668.000000000003,151.103125,151.13333333333333,30.21,1
669,669.0000000000028,151.30156200000005,151.46666666666667,165.1,1
670,670.0000000000028,151.525521,151.53333333333333,7.81,1
671,671.0000000000025,151.695833,151.66666666666666,29.17,1
672,672.0000000000023,151.886979,152.06666666666666,179.69,1
673,673.0000000000023,152.103125,152.23333333333332,130.21,1
674,674.0000000000023,152.278125,152.33333333333334,55.21,1
675,675.0000000000022,152.529167,152.36666666666667,162.5,1
676,676.0000000000016,152.788021,152.43333333333334,354.69,1
677,677.0000000000016,153.020833,153.23333333333332,212.5,1
678,678.0000000000016,153.351042,153.26666666666668,84.38,1
679,679.0000000000015,153.64375,153.63333333333333,10.42,1
680,680.0000000000016,153.82708300000004,154.03333333333333,206.25,1
681,681.0000000000015,154.06145800000004,154.1,38.54,1
682,682.0000000000015,154.486458,154.16666666666666,319.79,1
683,683.0000000000015,154.68645800000004,154.56666666666666,119.79,1
684,684.0000000000014,155.275,155.16666666666666,108.33,1
685,685.0000000000015,155.851042,155.86666666666667,15.62,1
686,686.0000000000015,156.026042,156.03333333333333,7.29,1
687,687.0000000000013,156.246354,156.13333333333333,113.02,1
688,688.0000000000013,156.513542,156.46666666666667,46.88,1
689,689.0000000000013,156.810417,156.8,10.42,1
690,690.000000000001,157.035417,156.9,135.42,1
691,691.0000000000011,157.21875,157.23333333333332,14.58,1
692,692.0000000000011,157.403125,157.56666666666666,163.54,1
693,693.000000000001,157.644792,157.8,155.21,1
694,694.0000000000011,157.81354199999996,157.83333333333334,19.79,1
695,695.000000000001,158.070833,157.9,170.83,1
696,696.000000000001,158.28125,158.13333333333333,147.92,1
697,697.0000000000013,158.446875,158.43333333333334,13.54,1
698,698.0000000000008,158.69010500000005,158.53333333333333,156.77,1
699,699.0000000000008,158.928125,158.6,328.12,1
700,700.0000000000008,159.085417,158.66666666666666,418.75,1
701,701.0000000000007,159.336458,159.26666666666668,69.79,1
702,702.0000000000007,159.729167,159.33333333333334,395.83,1
703,703.0000000000007,160.046875,159.76666666666668,280.21,1
704,704.0000000000007,160.260417,160.13333333333333,127.08,1
705,705.0000000000007,160.42291699999996,160.5,77.08,1
706,706.0000000000006,160.653125,160.53333333333333,119.79,1
707,707.0000000000005,160.859375,160.6,259.38,1
708,708.0000000000005,161.220833,160.63333333333333,587.5,1
709,709.0000000000003,161.43125,160.7,731.25,1
710,710.0000000000005,161.634375,161.66666666666666,32.29,1
711,711.0000000000005,161.943229,161.86666666666667,76.56,1
712,712.0000000000002,162.231771,162.2,31.77,1
713,713.0000000000005,162.486458,162.23333333333332,253.12,1
714,714.0000000000002,162.716146,162.73333333333332,17.19,1
715,715.0000000000002,162.927083,162.93333333333334,6.25,1
716,716.0000000000002,163.125,163.1,25.0,1
717,717.0000000000001,163.321354,163.33333333333334,11.98,1
718,718.0000000000001,163.503125,163.5,3.13,1
719,719.0,163.68125,163.7,18.75,1
720,719.9999999999999,163.896354,163.86666666666667,29.69,1
721,721.0000000000001,164.116667,164.1,16.67,1
722,721.9999999999998,164.314062,164.33333333333334,19.27,1
723,722.9999999999994,164.601563,164.56666666666666,34.9,1
724,723.9999999999997,164.788542,164.83333333333334,44.79,1
725,724.9999999999999,164.960417,165.0,39.58,1
726,725.9999999999999,165.147917,165.2,52.08,1
727,726.9999999999997,165.354167,165.33333333333334,20.83,1
728,727.9999999999995,165.566146,165.6,33.85,1
729,728.9999999999998,165.803646,165.8,3.65,1
730,729.9999999999993,166.022917,166.03333333333333,10.42,1
731,730.9999999999993,166.209375,166.2,9.38,1
732,731.9999999999992,166.383333,166.33333333333334,50.0,1
733,732.999999999999,166.596875,166.43333333333334,163.54,1
734,733.9999999999992,166.81145800000004,166.8,11.46,1
735,734.9999999999986,167.180208,167.0,180.21,1
736,735.9999999999989,167.378125,167.2,178.13,1
737,736.9999999999992,167.57708300000004,167.4,177.08,1
738,737.999999999999,167.742708,167.93333333333334,190.63,1
739,738.999999999999,167.9125,168.06666666666666,154.17,1
740,739.999999999999,168.088542,168.1,11.46,1
741,740.9999999999986,168.332291,168.16666666666666,165.62,1
742,741.9999999999987,168.491667,168.2,291.67,1
743,742.9999999999986,168.678125,168.66666666666666,11.46,1
744,743.9999999999985,168.972916,168.96666666666667,6.25,1
745,744.9999999999985,169.196875,169.16666666666666,30.21,1
746,745.9999999999983,169.42083300000004,169.46666666666667,45.83,1
747,746.9999999999985,169.62343700000002,169.56666666666666,56.77,1
748,747.9999999999985,169.823958,169.83333333333334,9.38,1
749,748.9999999999985,170.0,170.13333333333333,133.33,1
750,749.9999999999982,170.140625,170.23333333333332,92.71,1
751,750.9999999999982,170.371875,170.3,71.87,1
752,751.9999999999982,170.603125,170.36666666666667,236.46,1
753,752.9999999999984,170.736979,170.73333333333332,3.65,1
754,753.9999999999981,170.921875,170.9,21.87,1
755,754.999999999998,171.105208,171.13333333333333,28.13,1
756,755.999999999998,171.239583,171.23333333333332,6.25,1
757,756.9999999999977,171.46770800000004,171.46666666666667,1.04,1
758,757.9999999999976,171.695833,171.73333333333332,37.5,1
759,758.9999999999978,171.928125,171.9,28.12,1
760,759.9999999999977,172.13125,172.2,68.75,1
761,760.9999999999978,172.326042,172.4,73.96,1
762,761.9999999999975,172.45416699999996,172.53333333333333,79.17,1
763,762.9999999999975,172.659375,172.56666666666666,92.71,1
764,763.9999999999977,172.864583,172.7,164.58,1
765,764.9999999999977,173.011458,173.0,11.46,1
766,765.9999999999974,173.195833,173.16666666666666,29.17,1
767,766.9999999999972,173.390625,173.43333333333334,42.71,1
768,767.999999999997,173.5625,173.56666666666666,4.17,1
769,768.9999999999969,173.806771,173.76666666666668,40.1,1
770,769.999999999997,174.051042,173.86666666666667,184.38,1
771,770.999999999997,174.26666699999996,174.23333333333332,33.33,1
772,771.9999999999972,174.45625,174.53333333333333,77.08,1
773,772.9999999999967,174.633333,175.33333333333334,700.0,1
774,773.9999999999967,174.790625,175.46666666666667,676.04,1
775,774.9999999999966,174.939583,175.76666666666668,827.08,1
776,775.9999999999965,175.10833300000004,175.96666666666667,858.33,1
777,776.9999999999965,175.26666699999996,176.0,733.33,1
778,777.9999999999964,175.409375,176.06666666666666,657.29,1
779,778.9999999999962,175.505208,176.1,594.79,1
780,779.9999999999964,175.68281299999995,176.16666666666666,483.85,1
781,780.9999999999959,175.916146,176.23333333333332,317.19,1
782,781.9999999999962,176.149479,176.3,150.52,1
783,782.9999999999964,176.382813,176.33333333333334,49.48,1
784,783.9999999999961,176.71446799999995,176.4,314.47,1
785,784.999999999996,177.046123,176.43333333333334,612.79,1
786,785.9999999999962,177.377778,176.5,877.78,1
787,786.9999999999961,177.70943300000005,176.53333333333333,1176.1,1
788,787.9999999999964,178.041088,176.6,1441.09,1
789,788.9999999999962,178.372743,176.63333333333333,1739.41,1
790,789.9999999999961,178.704398,176.7,2004.4,1
791,790.9999999999961,179.036053,176.76666666666668,2269.39,1
792,791.999999999996,179.367708,176.8,2567.71,1
793,792.9999999999977,179.800347,176.86666666666667,2933.68,1
794,793.9999999999976,180.232986,178.16666666666666,2066.32,1
795,794.9999999999977,180.665625,178.3,2365.62,1
796,795.9999999999977,181.186719,178.53333333333333,2653.39,1
797,796.9999999999976,181.707812,179.23333333333332,2474.48,1
798,797.9999999999977,182.228906,180.33333333333334,1895.57,1
799,798.9999999999976,182.75,180.66666666666666,2083.33,1
800,799.9999999999976,183.264583,180.73333333333332,2531.25,1
801,800.9999999999976,183.60625,180.93333333333334,2672.92,1
802,801.9999999999975,183.884375,181.56666666666666,2317.71,1
803,802.9999999999976,184.139583,181.83333333333334,2306.25,1
804,803.9999999999976,184.551042,181.96666666666667,2584.38,1
805,804.9999999999976,184.956945,183.63333333333333,1323.61,1
806,805.9999999999977,185.362847,184.16666666666666,1196.18,1
807,806.9999999999976,185.76875,184.53333333333333,1235.42,1
808,807.9999999999976,186.292188,184.56666666666666,1725.52,1
809,808.9999999999977,186.815625,184.63333333333333,2182.29,1
810,809.9999999999976,187.339063,185.73333333333332,1605.73,1
811,810.9999999999976,187.8625,185.9,1962.5,1
812,811.9999999999975,188.320833,186.0,2320.83,1
813,812.9999999999972,188.614583,186.26666666666668,2347.92,1
814,813.9999999999974,188.928125,187.4,1528.12,1
815,814.9999999999975,189.555208,187.73333333333332,1821.87,1
816,815.9999999999972,190.182292,188.7,1482.29,1
817,816.9999999999974,190.575695,188.76666666666668,1809.03,1
818,817.9999999999974,190.969097,188.9,2069.1,1
819,818.9999999999972,191.3625,190.16666666666666,1195.83,1
820,819.9999999999974,191.875,190.46666666666667,1408.33,1
821,820.999999999997,192.3875,190.66666666666666,1720.83,1
822,821.9999999999972,192.840625,191.33333333333334,1507.29,1
823,822.9999999999972,193.369271,191.36666666666667,2002.6,1
824,823.9999999999972,193.897917,191.66666666666666,2231.25,1
825,824.9999999999972,194.426562,192.86666666666667,1559.9,1
826,825.9999999999972,194.955208,192.96666666666667,1988.54,1
827,826.9999999999972,195.483854,193.0,2483.85,1
828,827.9999999999972,196.0125,193.7,2312.5,1
829,828.9999999999972,196.523958,194.13333333333333,2390.62,1
830,829.999999999997,197.035417,194.26666666666668,2768.75,1
831,830.9999999999974,197.509896,194.66666666666666,2843.23,1
832,831.9999999999972,197.844301,194.86666666666667,2977.63,1
833,832.9999999999969,198.177604,194.96666666666667,3210.94,1
834,833.9999999999969,198.504687,197.16666666666666,1338.02,1
835,834.999999999997,198.788281,197.7,1088.28,1
836,835.9999999999969,199.071875,198.16666666666666,905.21,1
837,836.9999999999969,199.497396,198.5,997.4,1
838,837.9999999999967,199.858854,198.63333333333333,1225.52,1
839,838.9999999999967,200.220313,199.06666666666666,1153.65,1
840,839.9999999999967,200.635417,199.46666666666667,1168.75,1
841,840.9999999999965,201.5125,199.6,1912.5,1
842,841.9999999999966,201.817708,200.23333333333332,1584.37,1
843,842.9999999999964,202.019791,200.7,1319.79,1
844,843.9999999999966,202.226042,200.9,1326.04,1
845,844.9999999999966,202.44375,201.66666666666666,777.08,1
846,845.9999999999966,202.671875,201.93333333333334,738.54,1
847,846.9999999999966,202.895833,202.36666666666667,529.17,1
848,847.9999999999966,203.128125,202.4,728.13,1
849,848.9999999999965,203.638542,202.56666666666666,1071.88,1
850,849.9999999999967,204.251216,202.66666666666666,1584.55,1
851,850.9999999999967,204.863889,202.7,2163.89,1
852,851.9999999999967,205.476563,203.0,2476.56,1
853,852.9999999999966,205.921875,203.1,2821.88,1
854,853.9999999999967,206.367188,205.1,1267.19,1
855,854.9999999999965,206.8125,205.33333333333334,1479.17,1
856,855.9999999999966,207.314323,205.53333333333333,1780.99,1
857,856.9999999999966,207.816146,205.73333333333332,2082.81,1
858,857.9999999999966,208.317969,205.9,2417.97,1
859,858.9999999999966,208.819792,206.86666666666667,1953.13,1
860,859.9999999999965,209.344792,207.2,2144.79,1
861,860.9999999999965,209.691667,207.36666666666667,2325.0,1
862,861.9999999999967,209.977083,208.4,1577.08,1
863,862.9999999999967,210.226042,209.36666666666667,859.38,1
864,863.9999999999967,210.630208,209.66666666666666,963.54,1
865,864.9999999999968,211.090278,209.73333333333332,1356.94,1
866,865.9999999999965,211.550347,210.2,1350.35,1
867,866.9999999999965,212.010417,210.63333333333333,1377.08,1
868,867.9999999999966,212.496354,210.86666666666667,1629.69,1
869,868.9999999999966,212.982292,210.96666666666667,2015.63,1
870,869.9999999999966,213.46823,211.26666666666668,2201.56,1
871,870.9999999999966,213.954167,211.46666666666667,2487.5,1
872,871.9999999999967,214.50625,212.2,2306.25,1
873,872.9999999999967,214.816667,212.5,2316.67,1
874,873.9999999999967,215.10625,213.9,1206.25,1
875,874.9999999999967,215.590886,214.5,1090.89,1
876,875.9999999999967,216.075521,214.6,1475.52,1
877,876.9999999999967,216.645833,215.06666666666666,1579.17,1
878,877.9999999999967,216.961458,215.1,1861.46,1
879,878.9999999999967,217.396875,215.96666666666667,1430.21,1
880,879.9999999999967,217.789583,216.13333333333333,1656.25,1
881,880.9999999999967,218.182292,216.66666666666666,1515.63,1
882,881.9999999999967,218.575,217.36666666666667,1208.33,1
883,882.9999999999967,219.091667,217.63333333333333,1458.33,1
884,883.9999999999967,219.608333,217.83333333333334,1775.0,1
885,884.9999999999967,220.104688,218.56666666666666,1538.02,1
886,885.9999999999967,220.517477,218.73333333333332,1784.14,1
887,886.9999999999967,220.930266,219.56666666666666,1363.6,1
888,887.9999999999967,221.343056,220.13333333333333,1209.72,1
889,888.9999999999967,221.755845,220.33333333333334,1422.51,1
890,889.9999999999967,222.168634,220.76666666666668,1401.97,1
891,890.9999999999967,222.58142400000003,221.3,1281.42,1
892,891.9999999999967,222.994213,222.06666666666666,927.55,1
893,892.9999999999967,223.407003,222.2,1207.0,1
894,893.9999999999967,223.819792,222.43333333333334,1386.46,1
895,894.9999999999967,224.213542,222.63333333333333,1580.21,1
896,895.9999999999967,224.607292,222.8,1807.29,1
897,896.9999999999968,225.001042,223.76666666666668,1234.38,1
898,897.9999999999968,225.394792,223.8,1594.79,1
899,898.9999999999967,225.788542,223.83333333333334,1955.21,1
900,899.9999999999967,226.182292,223.86666666666667,2315.63,1
901,900.9999999999968,226.576042,223.93333333333334,2642.71,1
902,901.9999999999967,226.929167,225.63333333333333,1295.83,1
903,902.9999999999966,227.236458,226.46666666666667,769.79,1
904,903.9979166666633,227.77654,226.53333333333333,1243.21,1
905,904.9999999999966,228.258333,226.93333333333334,1325.0,1
906,905.9999999999966,228.800521,227.1,1700.52,1
907,906.9999999999966,229.192778,227.13333333333333,2059.44,1
908,907.9999999999964,229.53802,228.23333333333332,1304.69,1
909,908.9999999999964,229.878125,228.73333333333332,1144.79,1
910,909.9999999999965,230.188281,228.8,1388.28,1
911,910.9999999999964,230.498437,229.36666666666667,1131.77,1
912,911.9999999999964,230.936458,229.93333333333334,1003.12,1
913,912.9999999999964,231.352604,229.96666666666667,1385.94,1
914,913.9999999999961,231.76875,230.63333333333333,1135.42,1
915,914.9999999999961,232.579167,230.76666666666668,1812.5,1
916,915.9999999999961,233.118403,230.93333333333334,2185.07,1
917,916.9999999999961,233.657639,231.76666666666668,1890.97,1
918,917.9999999999961,234.196875,232.36666666666667,1830.21,1
919,918.9999999999961,234.580208,232.56666666666666,2013.54,1
920,919.9999999999961,234.963542,232.7,2263.54,1
921,920.9999999999959,235.258333,232.76666666666668,2491.67,1
922,921.9999999999959,235.48125,233.1,2381.25,1
923,922.9999999999958,235.722917,233.13333333333333,2589.58,1
924,923.9999999999956,236.329167,233.2,3129.17,1
925,924.9999999999956,237.259375,233.23333333333332,4026.04,1
926,925.9999999999956,237.847917,233.26666666666668,4581.25,1
927,926.9999999999956,238.420312,234.2,4220.31,1
928,927.9999999999956,238.992708,234.6,4392.71,1
929,928.9999999999953,239.347396,235.13333333333333,4214.06,1
930,929.9999999999953,239.71875,236.33333333333334,3385.42,1
931,930.9999999999953,240.135938,238.46666666666667,1669.27,1
932,931.9999999999953,240.439583,239.23333333333332,1206.25,1
933,932.9999999999952,240.729688,239.7,1029.69,1
934,933.9999999999952,241.046354,240.1,946.35,1
935,934.9999999999952,241.258854,240.23333333333332,1025.52,1
936,935.9999999999952,241.570313,240.73333333333332,836.98,1
937,936.9999999999952,241.890625,240.8,1090.62,1
938,937.9999999999951,242.140625,241.16666666666666,973.96,1
939,938.9999999999951,242.460938,241.26666666666668,1194.27,1
940,939.9999999999951,242.875,241.4,1475.0,1
941,940.999999999995,243.126042,242.16666666666666,959.38,1
942,941.999999999995,243.422917,242.46666666666667,956.25,1
943,942.999999999995,243.707812,242.96666666666667,741.15,1
944,943.999999999995,243.932291,243.16666666666666,765.62,1
945,944.999999999995,244.159896,243.3,859.9,1
946,945.9999999999949,244.429688,243.7,729.69,1
947,946.9999999999948,244.659375,243.83333333333334,826.04,1
948,947.9999999999949,244.952083,244.13333333333333,818.75,1
949,948.9999999999948,245.328125,244.4,928.12,1
950,949.9999999999948,245.64479100000003,244.63333333333333,1011.46,1
951,950.9999999999948,245.979167,244.83333333333334,1145.83,1
952,951.9999999999947,246.465625,245.0,1465.62,1
953,952.9999999999947,246.710417,245.5,1210.42,1
954,953.9999999999947,247.026042,245.96666666666667,1059.38,1
955,954.9999999999947,247.284375,246.1,1184.38,1
956,955.9999999999947,247.511979,246.7,811.98,1
957,956.9999999999947,247.747396,246.96666666666667,780.73,1
958,957.9999999999945,248.003125,247.26666666666668,736.46,1
959,958.9999999999944,248.176042,247.5,676.04,1
960,959.9999999999945,248.446354,247.76666666666668,679.69,1
961,960.9999999999944,248.710417,247.96666666666667,743.75,1
962,961.9999999999944,248.932291,248.16666666666666,765.62,1
963,962.9999999999944,249.210417,248.36666666666667,843.75,1
964,963.9999999999944,249.565625,248.46666666666667,1098.96,1
965,964.9999999999943,249.784375,248.93333333333334,851.04,1
966,965.9999999999943,250.010417,249.23333333333332,777.08,1
967,966.9999999999943,250.260417,249.4,860.42,1
968,967.9999999999942,250.477605,249.76666666666668,710.94,1
969,968.9999999999942,250.709896,250.0,709.9,1
970,969.9999999999942,250.95625,250.26666666666668,689.58,1
971,970.9999999999941,251.157813,250.46666666666667,691.15,1
972,971.9999999999941,251.465104,250.66666666666666,798.44,1
973,972.9999999999941,251.795312,250.83333333333334,961.98,1
974,973.9999999999941,252.096354,251.16666666666666,929.69,1
975,974.9999999999941,252.475,251.43333333333334,1041.67,1
976,975.9999999999941,252.966146,251.5,1466.15,1
977,976.9999999999939,253.202083,252.0,1202.08,1
978,977.9999999999941,253.488021,252.43333333333334,1054.69,1
979,978.9999999999939,253.763021,253.03333333333333,729.69,1
980,979.9999999999939,253.994271,253.3,694.27,1
981,980.9999999999939,254.251042,253.5,751.04,1
982,981.9999999999939,254.53177,253.76666666666668,765.1,1
983,982.9999999999937,254.728125,253.96666666666667,761.46,1
984,983.9999999999939,254.995834,254.0,995.83,1
985,984.9999999999937,255.267188,254.6,667.19,1
986,985.9999999999937,255.499479,254.73333333333332,766.15,1
987,986.9999999999937,255.752083,254.86666666666667,885.42,1
988,987.9999999999935,256.054167,254.93333333333334,1120.83,1
989,988.9999999999935,256.258333,255.46666666666667,791.67,1
990,989.9999999999935,256.577083,255.73333333333332,843.75,1
991,990.9999999999935,256.90625,255.8,1106.25,1
992,991.9999999999935,257.20468700000004,256.23333333333335,971.35,1
993,992.9999999999934,257.64375,256.43333333333334,1210.42,1
994,993.9999999999934,258.13125,256.93333333333334,1197.92,1
995,994.9999999999933,258.466146,257.2,1266.15,1
996,995.9999999999933,258.814583,257.6333333333333,1181.25,1
997,996.9999999999934,259.285417,258.1,1185.42,1
998,997.9999999999932,259.759375,258.43333333333334,1326.04,1
999,998.9999999999932,260.385938,258.7,1685.94,1
1000,999.9999999999887,260.9375,259.06666666666666,1870.83,1
1001,1000.999999999989,261.127083,259.73333333333335,1393.75,1
1002,1001.999999999989,261.324479,260.3333333333333,991.15,1
1003,1002.9999999999891,261.569792,260.46666666666664,1103.13,1
1004,1003.9999999999891,261.690105,261.1333333333333,556.77,1
1005,1004.9999999999891,261.874479,261.23333333333335,641.15,1
1006,1005.9999999999892,262.084375,261.46666666666664,617.71,1
1007,1006.9999999999892,262.239583,261.53333333333336,706.25,1
1008,1007.9999999999893,262.428646,261.8666666666667,561.98,1
1009,1008.9999999999893,262.625,262.1,525.0,1
1010,1009.9999999999893,262.75,262.1333333333333,616.67,1
1011,1010.9999999999894,262.932292,262.43333333333334,498.96,1
1012,1011.9999999999894,263.139583,263.1,39.58,1
1013,1012.9999999999895,263.292187,263.1666666666667,125.52,1
1014,1013.9999999999895,263.471355,263.2,271.36,1
1015,1014.9999999999895,263.672917,263.23333333333335,439.58,1
1016,1015.9999999999898,263.826042,263.3,526.04,1
1017,1016.9999999999898,264.019791,263.53333333333336,486.46,1
1018,1017.9999999999899,264.266667,263.93333333333334,333.33,1
1019,1018.9999999999899,264.45468700000004,264.06666666666666,388.02,1
1020,1019.9999999999899,264.635417,264.1,535.42,1
1021,1020.9999999999901,264.803646,264.23333333333335,570.31,1
1022,1021.9999999999901,264.953125,264.53333333333336,419.79,1
1023,1022.9999999999902,265.14635400000003,264.6333333333333,513.02,1
1024,1023.9999999999902,265.398958,264.73333333333335,665.62,1
1025,1024.9999999999902,265.543229,265.03333333333336,509.9,1
1026,1025.9999999999902,265.701563,265.1333333333333,568.23,1
1027,1026.9999999999902,265.9,265.23333333333335,666.67,1
1028,1027.9999999999905,266.049479,265.56666666666666,482.81,1
1029,1028.9999999999905,266.205208,265.73333333333335,471.87,1
1030,1029.9999999999905,266.415625,265.8,615.62,1
1031,1030.9999999999907,266.560938,266.0,560.94,1
1032,1031.9999999999907,266.748959,266.26666666666665,482.29,1
1033,1032.9999999999907,266.917708,266.43333333333334,484.37,1
1034,1033.9999999999907,267.0625,266.6,462.5,1
1035,1034.9999999999907,267.265625,266.73333333333335,532.29,1
1036,1035.999999999991,267.536458,266.93333333333334,603.12,1
1037,1036.999999999991,267.664584,267.1,564.58,1
1038,1037.9999999999911,267.84375,267.4,443.75,1
1039,1038.9999999999911,268.030208,267.5,530.21,1
1040,1039.9999999999911,268.188541,267.7,488.54,1
1041,1040.9999999999911,268.39635400000003,267.9,496.35,1
1042,1041.9999999999911,268.6375,268.3333333333333,304.17,1
1043,1042.9999999999914,268.844792,268.43333333333334,411.46,1
1044,1043.9999999999914,269.026562,268.46666666666664,559.9,1
1045,1044.9999999999914,269.223958,268.6,623.96,1
1046,1045.9999999999916,269.371875,268.8333333333333,538.54,1
1047,1046.9999999999916,269.613021,269.0,613.02,1
1048,1047.9999999999916,269.852083,269.2,652.08,1
1049,1048.9999999999916,270.013021,269.4,613.02,1
1050,1049.9999999999916,270.168229,269.6,568.23,1
1051,1050.9999999999918,270.354167,269.7,654.17,1
1052,1051.9999999999918,270.507291,270.1,407.29,1
1053,1052.9999999999918,270.663542,270.1333333333333,530.21,1
1054,1053.9999999999918,270.847917,270.3666666666667,481.25,1
1055,1054.9999999999918,271.026042,270.43333333333334,592.71,1
1056,1055.999999999992,271.21875,270.7,518.75,1
1057,1056.999999999992,271.375,270.8666666666667,508.33,1
1058,1057.9999999999923,271.564583,271.06666666666666,497.92,1
1059,1058.9999999999923,271.76875,271.23333333333335,535.42,1
1060,1059.9999999999916,272.002083,271.9,102.08,1
1061,1060.9999999999916,272.166667,272.0,166.67,1
1062,1061.9999999999916,272.300521,272.03333333333336,267.19,1
1063,1062.9999999999916,272.4875,272.1333333333333,354.17,1
1064,1063.9999999999916,272.632292,272.26666666666665,365.63,1
1065,1064.9999999999916,272.770833,272.3333333333333,437.5,1
1066,1065.9999999999916,272.954167,272.46666666666664,487.5,1
1067,1066.9999999999916,273.145833,272.6333333333333,512.5,1
1068,1067.9999999999916,273.335417,272.8,535.42,1
1069,1068.9999999999916,273.5,272.96666666666664,533.33,1
1070,1069.9999999999916,273.695833,273.26666666666665,429.17,1
1071,1070.9999999999916,273.882292,273.4,482.29,1
1072,1071.9999999999916,274.159375,273.6,559.37,1
1073,1072.9999999999916,274.315625,273.76666666666665,548.96,1
1074,1073.9999999999916,274.465625,274.3,165.62,1
1075,1074.9999999999916,274.628125,274.5,128.13,1
1076,1075.9999999999916,274.788542,274.73333333333335,55.21,1
1077,1076.9999999999916,274.933333,274.8,133.33,1
1078,1077.9999999999916,275.139583,274.96666666666664,172.92,1
1079,1078.9999999999916,275.308333,275.26666666666665,41.67,1
1080,1079.9999999999916,275.444792,275.3333333333333,111.46,1
1081,1080.9999999999916,275.627083,275.53333333333336,93.75,1
1082,1081.9999999999916,275.76875,275.6666666666667,102.08,1
1083,1082.9999999999916,275.95625,275.73333333333335,222.92,1
1084,1083.9999999999916,276.103125,275.8333333333333,269.79,1
1085,1084.9999999999916,276.291667,276.26666666666665,25.0,1
1086,1085.9999999999916,276.435417,276.6333333333333,197.92,1
1087,1086.9999999999916,276.623958,276.6666666666667,42.71,1
1088,1087.9999999999916,276.760417,276.7,60.42,1
1089,1088.9999999999916,276.946875,276.73333333333335,213.54,1
1090,1089.9999999999916,277.222049,276.76666666666665,455.38,1
1091,1090.9999999999916,277.497222,276.8,697.22,1
1092,1091.9999999999916,277.772396,276.93333333333334,839.06,1
1093,1092.9999999999918,278.04757,277.1333333333333,914.24,1
1094,1093.9999999999918,278.322743,278.26666666666665,56.08,1
1095,1094.9999999999918,278.597917,279.0,402.08,1
1096,1095.9999999999955,278.967014,279.03333333333336,66.32,1
1097,1096.9999999999955,279.336111,279.06666666666666,269.44,1
1098,1097.9999999999955,279.705208,279.1,605.21,1
1099,1098.9999999999955,280.157292,279.1333333333333,1023.96,1
1100,1099.9999999999955,280.609375,279.1666666666667,1442.71,1
1101,1100.9999999999955,281.061459,279.7,1361.46,1
1102,1101.9999999999955,281.513542,279.9,1613.54,1
1103,1102.9999999999952,282.014583,280.1,1914.58,1
1104,1103.9999999999952,282.322917,280.3,2022.92,1
1105,1104.9999999999952,282.601042,281.46666666666664,1134.38,1
1106,1105.9999999999952,283.13073,282.03333333333336,1097.4,1
1107,1106.9999999999952,283.660417,282.26666666666665,1393.75,1
1108,1107.9999999999952,284.054167,282.56666666666666,1487.5,1
1109,1108.9999999999952,284.447917,282.6,1847.92,1
1110,1109.9999999999952,284.841667,283.6666666666667,1175.0,1
1111,1110.9999999999952,285.323438,283.7,1623.44,1
1112,1111.9999999999952,285.805208,283.73333333333335,2071.87,1
1113,1112.9999999999952,286.2869790000001,284.6,1686.98,1
1114,1113.9999999999952,286.76875,285.0,1768.75,1
1115,1114.9999999999952,287.255208,285.23333333333335,2021.87,1
1116,1115.9999999999952,287.557292,285.43333333333334,2123.96,1
1117,1116.999999999995,287.845833,286.6,1245.83,1
1118,1117.9999999999952,288.3002600000001,287.23333333333335,1066.93,1
1119,1118.999999999995,288.754687,287.56666666666666,1188.02,1
1120,1119.999999999995,289.286458,287.73333333333335,1553.12,1
1121,1120.999999999995,289.58125,287.8666666666667,1714.58,1
1122,1121.999999999995,289.952083,288.56666666666666,1385.42,1
1123,1122.999999999995,290.32309,288.8333333333333,1489.76,1
1124,1123.999999999995,290.694097,289.3,1394.1,1
1125,1124.999999999995,291.065104,289.96666666666664,1098.44,1
1126,1125.999999999995,291.539844,290.06666666666666,1473.18,1
1127,1126.999999999995,292.014583,290.1333333333333,1881.25,1
1128,1127.9999999999948,292.460416,290.3666666666667,2093.75,1
1129,1128.9999999999948,292.9565970000001,291.26666666666665,1689.93,1
1130,1129.9999999999948,293.452778,291.4,2052.78,1
1131,1130.9999999999948,293.948958,292.46666666666664,1482.29,1
1132,1131.9999999999948,294.4451390000001,292.5,1945.14,1
1133,1132.9999999999948,294.941319,292.53333333333336,2407.99,1
1134,1133.9999999999948,295.4375,293.9,1537.5,1
1135,1134.9999999999948,295.934896,294.73333333333335,1201.56,1
1136,1135.9999999999948,296.432292,295.43333333333334,998.96,1
1137,1136.999999999995,296.907291,295.46666666666664,1440.62,1
1138,1137.9999999999948,297.245312,295.5,1745.31,1
1139,1138.9999999999943,297.583333,296.1666666666667,1416.67,1
1140,1139.9999999999948,297.955208,296.73333333333335,1221.87,1
1141,1140.9999999999948,298.272656,297.3666666666667,905.99,1
1142,1141.999999999995,298.590104,297.6,990.1,1
1143,1142.999999999995,299.039584,297.73333333333335,1306.25,1
1144,1143.999999999995,299.406771,298.3,1106.77,1
1145,1144.999999999995,299.773958,298.56666666666666,1207.29,1
1146,1145.9999999999952,300.198958,298.9,1298.96,1
1147,1146.9999999999948,301.13125,299.03333333333336,2097.92,1
1148,1147.999999999995,301.44375,299.8,1643.75,1
1149,1148.999999999995,301.646875,300.4,1246.88,1
1150,1149.9999999999948,301.855208,300.5,1355.21,1
1151,1150.9999999999948,302.111458,301.46666666666664,644.79,1
1152,1151.9999999999948,302.321875,301.8666666666667,455.21,1
1153,1152.999999999995,302.569792,302.1,469.79,1
1154,1153.999999999995,302.789583,302.6,189.58,1
1155,1154.999999999995,303.253125,302.6333333333333,619.79,1
1156,1155.9999999999952,303.83767400000005,302.6666666666667,1171.01,1
1157,1156.999999999995,304.4222220000001,302.7,1722.22,1
1158,1157.9999999999948,305.006771,303.06666666666666,1940.1,1
1159,1158.999999999995,305.418056,303.23333333333335,2184.72,1
1160,1159.999999999995,305.82934,303.6666666666667,2162.67,1
1161,1160.9999999999948,306.240625,303.76666666666665,2473.96,1
1162,1161.999999999995,306.756771,304.2,2556.77,1
1163,1162.999999999995,307.272917,305.03333333333336,2239.58,1
1164,1163.999999999995,307.789062,306.2,1589.06,1
1165,1164.999999999995,308.305208,306.3333333333333,1971.87,1
1166,1165.999999999995,308.85,306.6,2250.0,1
1167,1166.9999999999952,309.179167,306.73333333333335,2445.83,1
1168,1167.999999999995,309.482292,308.1333333333333,1348.96,1
1169,1168.999999999995,310.064583,308.8666666666667,1197.92,1
1170,1169.9999999999952,310.646875,309.03333333333336,1613.54,1
1171,1170.9999999999952,311.154514,309.23333333333335,1921.18,1
1172,1171.999999999995,311.662153,309.46666666666664,2195.49,1
1173,1172.999999999995,312.169792,310.76666666666665,1403.13,1
1174,1173.9999999999952,312.723698,311.53333333333336,1190.36,1
1175,1174.9999999999952,313.277604,311.6,1677.6,1
1176,1175.9999999999952,313.831511,312.43333333333334,1398.18,1
1177,1176.9999999999952,314.385417,312.46666666666664,1918.75,1
1178,1177.9999999999952,314.954167,312.5,2454.17,1
1179,1178.9999999999952,315.305208,312.56666666666666,2738.54,1
1180,1179.9999999999952,315.579167,314.23333333333335,1345.83,1
1181,1180.9999999999952,315.806511,314.93333333333334,873.18,1
1182,1181.9999999999955,316.260397,315.26666666666665,993.73,1
1183,1182.9999999999952,316.808333,315.3,1508.33,1
1184,1183.9999999999955,317.092708,315.56666666666666,1526.04,1
1185,1184.9999999999952,317.546875,315.8333333333333,1713.54,1
1186,1185.9999999999955,317.911632,316.3,1611.63,1
1187,1186.9999999999952,318.276389,316.6,1676.39,1
1188,1187.9999999999952,318.641146,317.53333333333336,1107.81,1
1189,1188.9999999999955,319.140365,317.56666666666666,1573.7,1
1190,1189.9999999999955,319.639583,317.6,2039.58,1
1191,1190.9999999999955,320.149479,317.6333333333333,2516.15,1
1192,1191.9999999999955,320.5569450000001,318.8333333333333,1723.61,1
1193,1192.9999999999955,320.96441,319.6333333333333,1331.08,1
1194,1193.9999999999955,321.371875,320.1666666666667,1205.21,1
1195,1194.9999999999955,321.779341,320.2,1579.34,1
1196,1195.9999999999955,322.186806,320.23333333333335,1953.47,1
1197,1196.9999999999955,322.594271,320.3,2294.27,1
1198,1197.9999999999955,323.001736,322.23333333333335,768.4,1
1199,1198.9999999999955,323.409202,322.53333333333336,875.87,1
1200,1199.9999999999952,323.816667,322.8,1016.67,1
1201,1200.9999999999955,324.244494,322.8666666666667,1377.83,1
1202,1201.9999999999952,324.672322,323.1333333333333,1538.99,1
1203,1202.9999999999955,325.1001490000001,323.8,1300.15,1
1204,1203.9999999999952,325.527976,323.8333333333333,1694.64,1
1205,1204.9999999999952,325.955803,323.8666666666667,2089.14,1
1206,1205.9999999999955,326.383631,323.93333333333334,2450.3,1
1207,1206.9999999999957,326.811458,324.1333333333333,2678.12,1
1208,1207.9999999999961,327.144792,325.76666666666665,1378.13,1
1209,1208.9999999999961,327.481757,325.8333333333333,1648.42,1
1210,1209.9979166666628,328.029644,326.6,1429.64,1
1211,1210.9999999999961,328.585938,327.0,1585.94,1
1212,1211.9999999999961,329.132292,327.3333333333333,1798.96,1
1213,1212.999999999996,329.5,327.3666666666667,2133.33,1
1214,1213.9999999999961,329.867708,328.56666666666666,1301.04,1
1215,1214.9999999999961,330.184896,328.96666666666664,1218.23,1
1216,1215.9999999999961,330.522135,329.1,1422.13,1
1217,1216.9999999999964,330.859375,329.9,959.38,1
1218,1217.9999999999964,331.285958,330.26666666666665,1019.29,1
1219,1218.9999999999964,331.735639,330.3,1435.64,1
1220,1219.9999999999964,332.2059950000001,331.1,1106.0,1
1221,1220.9999999999964,332.891667,331.1666666666667,1725.0,1
1222,1221.9999999999964,333.350347,331.23333333333335,2117.01,1
1223,1222.9999999999964,333.809028,332.2,1609.03,1
1224,1223.9999999999964,334.267708,332.76666666666665,1501.04,1
1225,1224.9999999999964,334.665625,332.96666666666664,1698.96,1
1226,1225.9999999999964,335.063542,333.0,2063.54,1
1227,1226.9999999999968,335.319792,333.06666666666666,2253.13,1
1228,1227.9999999999968,335.551042,333.6666666666667,1884.38,1
1229,1228.999999999997,335.790625,333.7,2090.62,1
1230,1229.9999999999973,336.391667,333.76666666666665,2625.0,1
1231,1230.9999999999975,337.369792,333.8333333333333,3536.46,1
1232,1231.9999999999973,337.935417,334.3333333333333,3602.08,1
1233,1232.999999999998,338.444792,334.46666666666664,3978.13,1
1234,1233.9999999999975,339.042188,334.6,4442.19,1
1235,1234.9999999999975,339.377083,336.23333333333335,3143.75,1
1236,1235.999999999998,339.727083,338.43333333333334,1293.75,1
1237,1236.9999999999984,340.095833,339.1,995.83,1
1238,1237.999999999998,340.347396,339.3666666666667,980.73,1
1239,1238.999999999998,340.608855,339.73333333333335,875.52,1
1240,1239.999999999998,340.906771,340.03333333333336,873.44,1
1241,1240.9999999999986,341.122917,340.3333333333333,789.58,1
1242,1241.9999999999984,341.422395,340.6,822.39,1
1243,1242.9999999999986,341.7625,340.8333333333333,929.17,1
1244,1243.9999999999986,342.001042,341.03333333333336,967.71,1
1245,1244.9999999999986,342.245834,341.43333333333334,812.5,1
1246,1245.9999999999986,342.55,341.6666666666667,883.33,1
1247,1246.9999999999989,342.747917,341.9,847.92,1
1248,1247.9999999999989,342.994792,342.1666666666667,828.13,1
1249,1248.999999999999,343.241146,342.3,941.15,1
1250,1249.999999999999,343.4625,342.73333333333335,729.17,1
1251,1250.999999999999,343.704167,342.96666666666664,737.5,1
1252,1251.999999999999,343.938542,343.23333333333335,705.21,1
1253,1252.9999999999993,344.167188,343.43333333333334,733.85,1
1254,1253.9999999999993,344.485417,343.6333333333333,852.08,1
1255,1254.9999999999995,344.913541,343.9,1013.54,1
1256,1255.9999999999998,345.272396,344.1666666666667,1105.73,1
1257,1256.9999999999993,345.627083,344.3,1327.08,1
1258,1257.9999999999998,346.097917,344.6,1497.92,1
1259,1258.9999999999998,346.347916,345.06666666666666,1281.25,1
1260,1260.0,346.655208,345.6,1055.21,1
1261,1261.0,346.940625,346.1,840.62,1
1262,1262.0000000000002,347.169792,346.3,869.79,1
1263,1263.0000000000002,347.401562,346.6,801.56,1
1264,1264.0000000000002,347.664584,346.93333333333334,731.25,1
1265,1265.0000000000002,347.84375,347.1666666666667,677.08,1
1266,1266.0000000000005,348.103125,347.4,703.12,1
1267,1267.0000000000002,348.359896,347.6666666666667,693.23,1
1268,1268.0000000000005,348.571875,347.8333333333333,738.54,1
1269,1269.0000000000007,348.815625,348.06666666666666,748.96,1
1270,1270.0000000000005,349.153125,348.1,1053.12,1
1271,1271.000000000001,349.338021,348.56666666666666,771.35,1
1272,1272.000000000001,349.594792,348.76666666666665,828.13,1
1273,1273.000000000001,349.842709,349.1666666666667,676.04,1
1274,1274.000000000001,350.042187,349.3,742.19,1
1275,1275.0000000000011,350.270312,349.53333333333336,736.98,1
1276,1276.000000000001,350.525,349.8,725.0,1
1277,1277.0000000000014,350.714584,349.96666666666664,747.92,1
1278,1278.0000000000014,351.013542,350.26666666666665,746.88,1
1279,1279.0000000000014,351.350521,350.56666666666666,783.85,1
1280,1280.0000000000014,351.666146,350.7,966.15,1
1281,1281.000000000002,352.063542,350.93333333333334,1130.21,1
1282,1282.0000000000014,352.492708,351.03333333333336,1459.37,1
1283,1283.000000000002,352.7244790000001,351.1,1624.48,1
1284,1284.000000000002,352.991667,351.3666666666667,1625.0,1
1285,1285.000000000002,353.2625,351.6666666666667,1595.83,1
1286,1286.000000000002,353.4901040000001,352.8,690.1,1
1287,1287.000000000002,353.714583,353.0,714.58,1
1288,1288.0000000000023,353.989062,353.26666666666665,722.4,1
1289,1289.0000000000023,354.177083,353.46666666666664,710.42,1
1290,1290.0000000000025,354.42448,353.7,724.48,1
1291,1291.0000000000025,354.688541,354.06666666666666,621.87,1
1292,1292.0000000000025,354.901563,354.1666666666667,734.9,1
1293,1293.0000000000027,355.15625,354.3,856.25,1
1294,1294.0000000000027,355.4625,354.6666666666667,795.83,1
1295,1295.0000000000027,355.669271,354.9,769.27,1
1296,1296.000000000003,355.975,355.1666666666667,808.33,1
1297,1297.000000000003,356.334375,355.23333333333335,1101.04,1
1298,1298.000000000003,356.6625,355.7,962.5,1
1299,1299.0000000000032,357.111458,355.76666666666665,1344.79,1
1300,1300.0000000000032,357.571875,356.3666666666667,1205.21,1
1301,1301.0000000000032,357.8921870000001,356.6333333333333,1258.85,1
1302,1302.0000000000034,358.241667,356.8333333333333,1408.33,1
1303,1303.0000000000034,358.708333,357.53333333333336,1175.0,1
1304,1304.0000000000032,359.186458,357.9,1286.46,1
1305,1305.0000000000061,359.909896,358.1666666666667,1743.23,1
1306,1306.0000000000057,360.484375,358.23333333333335,2251.04,1
1307,1307.0000000000057,360.671355,359.1666666666667,1504.69,1
1308,1308.0000000000052,360.8625,359.8333333333333,1029.17,1
1309,1309.000000000005,361.085417,360.2,885.42,1
1310,1310.0000000000048,361.240625,360.23333333333335,1007.29,1
1311,1311.0000000000045,361.398438,360.3,1098.44,1
1312,1312.0000000000045,361.610417,360.46666666666664,1143.75,1
1313,1313.0000000000043,361.759896,360.7,1059.9,1
1314,1314.0000000000039,361.961979,361.4,561.98,1
1315,1315.0000000000036,362.130208,361.6333333333333,496.87,1
1316,1316.0000000000034,362.288542,361.76666666666665,521.88,1
1317,1317.0000000000034,362.490104,361.96666666666664,523.44,1
1318,1318.0000000000032,362.715625,362.3,415.62,1
1319,1319.000000000003,362.851042,362.3333333333333,517.71,1
1320,1320.0000000000027,363.033333,362.6,433.33,1
1321,1321.0000000000023,363.226042,362.76666666666665,459.38,1
1322,1322.0000000000023,363.376042,362.8666666666667,509.38,1
1323,1323.000000000002,363.585938,362.93333333333334,652.6,1
1324,1324.0000000000016,363.807292,363.46666666666664,340.63,1
1325,1325.0000000000014,363.978646,363.6,378.65,1
1326,1326.0000000000011,364.143229,363.6333333333333,509.9,1
1327,1327.0000000000011,364.317708,363.8333333333333,484.37,1
1328,1328.000000000001,364.477604,364.0,477.6,1
1329,1329.0000000000005,364.676562,364.1333333333333,543.23,1
1330,1330.0000000000002,364.907292,364.3,607.29,1
1331,1331.0,365.055208,364.56666666666666,488.54,1
1332,1332.0,365.195833,364.6333333333333,562.5,1
1333,1332.9999999999998,365.39375,364.8,593.75,1
1334,1333.9999999999995,365.530729,365.06666666666666,464.06,1
1335,1334.999999999999,365.678646,365.1666666666667,511.98,1
1336,1335.9999999999989,365.880208,365.3,580.21,1
1337,1336.9999999999989,366.026042,365.53333333333336,492.71,1
1338,1337.9999999999986,366.216667,365.76666666666665,450.0,1
1339,1338.9999999999984,366.378125,365.9,478.13,1
1340,1339.999999999998,366.544792,366.03333333333336,511.46,1
1341,1340.9999999999977,366.753646,366.23333333333335,520.31,1
1342,1341.9999999999977,367.03125,366.53333333333336,497.92,1
1343,1342.9999999999973,367.15625,366.56666666666666,589.58,1
1344,1343.999999999997,367.328645,366.8333333333333,495.31,1
1345,1344.9999999999968,367.508333,366.9,608.33,1
1346,1345.9999999999966,367.676562,367.3666666666667,309.9,1
1347,1346.9999999999966,367.873438,367.4,473.44,1
1348,1347.9999999999964,368.098958,367.76666666666665,332.29,1
1349,1348.9999999999961,368.288021,367.8,488.02,1
1350,1349.9999999999957,368.442188,367.8666666666667,575.52,1
1351,1350.9999999999955,368.611979,368.1333333333333,478.65,1
1352,1351.9999999999955,368.7625,368.3333333333333,429.17,1
1353,1352.9999999999952,368.939062,368.43333333333334,505.73,1
1354,1353.999999999995,369.152083,368.6,552.08,1
1355,1354.9999999999948,369.305208,368.6666666666667,638.54,1
1356,1355.9999999999943,369.466146,368.96666666666664,499.48,1
1357,1356.9999999999943,369.638542,369.1666666666667,471.88,1
1358,1357.9999999999939,369.788542,369.3666666666667,421.88,1
1359,1358.9999999999936,369.948958,369.5,448.96,1
1360,1359.9999999999934,370.140625,369.6333333333333,507.29,1
1361,1360.9999999999932,370.307292,369.8,507.29,1
1362,1361.9999999999932,370.508333,369.96666666666664,541.67,1
1363,1362.999999999993,370.664583,370.1666666666667,497.92,1
1364,1363.9999999999927,370.847917,370.5,347.92,1
1365,1364.9999999999923,371.050521,370.6666666666667,383.85,1
1366,1365.9999999999918,371.25052,371.1666666666667,83.85,1
1367,1366.9999999999918,371.421875,371.3333333333333,88.54,1
1368,1367.9999999999918,371.57552,371.3666666666667,208.85,1
1369,1368.9999999999918,371.747396,371.4,347.4,1
1370,1369.9999999999918,371.897396,371.5,397.4,1
1371,1370.9999999999918,372.052083,371.6,452.08,1
1372,1371.9999999999918,372.232292,371.76666666666665,465.63,1
1373,1372.9999999999918,372.438542,371.93333333333334,505.21,1
1374,1373.9999999999918,372.632292,372.1,532.29,1
1375,1374.9999999999918,372.791667,372.26666666666665,525.0,1
1376,1375.9999999999918,372.99375,372.5,493.75,1
1377,1376.999999999992,373.1625,372.6,562.5,1
1378,1377.9999999999918,373.433333,372.8,633.33,1
1379,1378.9999999999918,373.578125,373.3,278.12,1
1380,1379.9999999999918,373.74375,373.6666666666667,77.08,1
1381,1380.9999999999918,373.9,373.7,200.0,1
1382,1381.9999999999918,374.054167,374.0,54.17,1
1383,1382.9999999999918,374.195833,374.1333333333333,62.5,1
1384,1383.9999999999918,374.411458,374.2,211.46,1
1385,1384.9999999999918,374.584375,374.56666666666666,17.71,1
1386,1385.9999999999918,374.714583,374.6,114.58,1
1387,1386.9999999999918,374.897917,374.9,2.08,1
1388,1387.9999999999918,375.044792,375.03333333333336,11.46,1
1389,1388.9999999999918,375.225,375.3,75.0,1
1390,1389.9999999999918,375.371875,375.6666666666667,294.79,1
1391,1390.9999999999918,375.557292,375.8333333333333,276.04,1
1392,1391.9999999999918,375.711458,375.9,188.54,1
1393,1392.9999999999918,375.905208,376.1333333333333,228.13,1
1394,1393.9999999999918,376.032292,376.1666666666667,134.37,1
1395,1394.999999999992,376.172917,376.2,27.08,1
1396,1395.999999999992,376.365886,376.23333333333335,132.55,1
1397,1396.999999999992,376.558854,376.3,258.85,1
1398,1397.999999999992,376.751823,377.2,448.18,1
1399,1398.9999999999918,376.944792,377.4,455.21,1
1400,1399.9999999999918,377.13776,378.03333333333336,895.57,1
1401,1400.9999999999918,377.330729,378.06666666666666,735.94,1
1402,1401.9999999999918,377.60625,378.1,493.75,1
1403,1402.9999999999918,377.773958,378.1333333333333,359.38,1
1404,1403.9999999999918,377.958333,378.1666666666667,208.33,1
1405,1404.9999999999918,378.115625,378.2,84.37,1
1406,1405.9999999999918,378.286458,378.23333333333335,53.12,1
1407,1406.9999999999918,378.377083,378.4,22.92,1
1408,1407.9999999999918,378.642708,378.8,157.29,1
1409,1408.9999999999918,378.810417,379.3333333333333,522.92,1
1410,1409.9999999999918,378.952083,379.5,547.92,1
1411,1410.9999999999918,379.141667,379.53333333333336,391.67,1
1412,1411.9999999999918,379.2875,379.56666666666666,279.17,1
1413,1412.9999999999918,379.470833,379.6666666666667,195.83,1
1414,1413.9999999999918,379.6125,379.8,187.5,1
1415,1414.9999999999918,379.803125,380.4,596.87,1
1416,1415.9999999999918,379.954167,380.43333333333334,479.17,1
1417,1416.9999999999918,380.141667,380.46666666666664,325.0,1
1418,1417.9999999999918,380.276042,380.5,223.96,1
1419,1418.999999999992,380.433333,380.53333333333336,100.0,1
1420,1419.999999999992,380.632031,380.56666666666666,65.36,1
1421,1420.999999999992,380.830729,380.6666666666667,164.06,1
1422,1421.999999999992,381.029427,380.8666666666667,162.76,1
1423,1422.9999999999918,381.228125,380.9,328.12,1
1424,1423.9999999999918,381.426823,380.93333333333334,493.49,1
1425,1424.9999999999918,381.625521,381.1,525.52,1
1426,1425.9999999999918,381.916667,381.9,16.67,1
1427,1426.9999999999918,382.101042,382.2,98.96,1
1428,1427.9999999999918,382.282292,382.23333333333335,48.96,1
1429,1428.9999999999918,382.455208,382.26666666666665,188.54,1
1430,1429.9999999999918,382.613542,382.3,313.54,1
1431,1430.9999999999918,382.773958,382.3333333333333,440.62,1
1432,1431.9999999999918,382.95625,382.46666666666664,489.58,1
1433,1432.9999999999918,383.127083,382.6666666666667,460.42,1
1434,1433.9999999999918,383.308333,382.76666666666665,541.67,1
1435,1434.9999999999918,383.482292,383.2,282.29,1
1436,1435.9999999999918,383.667708,383.5,167.71,1
1437,1436.9999999999918,383.836458,383.73333333333335,103.12,1
1438,1437.9999999999918,384.060417,384.1,39.58,1
1439,1438.9999999999918,384.242708,384.26666666666665,23.96,1
1440,1439.9999999999918,384.422917,384.3,122.92,1
1441,1440.9999999999918,384.595833,384.3333333333333,262.5,1
1442,1441.9999999999918,384.757292,384.3666666666667,390.63,1
1443,1442.9999999999918,384.935417,384.46666666666664,468.75,1
1444,1443.9999999999918,385.195833,384.6333333333333,562.5,1
1445,1444.9999999999918,385.376042,384.8333333333333,542.71,1
1446,1445.9999999999918,385.544792,385.0,544.79,1
1447,1446.9999999999918,385.709375,385.2,509.38,1
1448,1447.9999999999918,385.877083,385.26666666666665,610.42,1
1449,1448.9999999999918,386.048958,385.8,248.96,1
1450,1449.9999999999918,386.23125,386.0,231.25,1
1451,1450.9999999999918,386.414583,386.03333333333336,381.25,1
1452,1451.9999999999918,386.56875,386.1,468.75,1
1453,1452.9999999999918,386.751042,386.96666666666664,215.62,1
1454,1453.9999999999918,386.909375,387.1333333333333,223.96,1
1455,1454.9999999999918,387.088542,387.26666666666665,178.12,1
1456,1455.9999999999918,387.272917,387.3,27.08,1
1457,1456.9999999999918,387.435417,387.3333333333333,102.08,1
1458,1457.9999999999918,387.627083,387.3666666666667,260.42,1
1459,1458.9999999999918,387.792708,388.0,207.29,1
1460,1459.9999999999918,387.986458,388.2,213.54,1
1461,1460.9999999999918,388.214583,388.6,385.42,1
1462,1461.9999999999918,388.464583,388.7,235.42,1
1463,1462.9999999999918,388.641667,388.76666666666665,125.0,1
1464,1463.9999999999918,388.790625,389.3,509.38,1
1465,1464.9999999999918,388.985417,389.3333333333333,347.92,1
1466,1465.9999999999918,389.160417,389.3666666666667,206.25,1
1467,1466.9999999999918,389.340625,389.43333333333334,92.71,1
1468,1467.9999999999918,389.571875,389.46666666666664,105.21,1
1469,1468.9999999999918,389.764583,389.5,264.58,1
1470,1469.9999999999918,389.963542,389.53333333333336,430.21,1
1471,1470.9999999999918,390.176042,389.56666666666666,609.38,1
1472,1471.9999999999918,390.385417,389.8,585.42,1
1473,1472.9999999999918,390.795833,390.03333333333336,762.5,1
1474,1473.9999999999918,391.164063,390.1,1064.06,1
1475,1474.9999999999925,391.370833,390.3666666666667,1004.17,1
1476,1475.9999999999925,391.60677,390.76666666666665,840.1,1
1477,1476.9999999999925,391.863542,390.9,963.54,1
1478,1477.9999999999923,392.048958,391.3333333333333,715.62,1
1479,1478.9999999999923,392.247917,391.7,547.92,1
1480,1479.999999999992,392.464063,391.8333333333333,630.73,1
1481,1480.999999999992,392.627604,392.03333333333336,594.27,1
1482,1481.999999999992,392.817187,392.3,517.19,1
1483,1482.999999999992,393.047917,392.43333333333334,614.58,1
1484,1483.9999999999923,393.2375,392.6,637.5,1
1485,1484.9999999999918,393.421875,392.9,521.88,1
1486,1485.9999999999918,393.630208,393.0,630.21,1
1487,1486.9999999999916,393.786458,393.26666666666665,519.79,1
1488,1487.9999999999918,393.989583,393.4,589.58,1
1489,1488.9999999999916,394.197917,393.46666666666664,731.25,1
1490,1489.9999999999916,394.355208,393.76666666666665,588.54,1
1491,1490.9999999999918,394.547917,394.06666666666666,481.25,1
1492,1491.9999999999914,394.790625,394.1666666666667,623.96,1
1493,1492.9999999999916,394.928125,394.4,528.13,1
1494,1493.9999999999914,395.140104,394.6,540.1,1
1495,1494.9999999999916,395.363542,394.76666666666665,596.88,1
1496,1495.9999999999911,395.547396,394.93333333333334,614.06,1
1497,1496.9999999999914,395.71875,395.1666666666667,552.08,1
1498,1497.9999999999905,395.952604,395.2,752.6,1
1499,1498.9999999999905,396.116146,395.5,616.15,1
1500,1499.9999999999905,396.330208,395.73333333333335,596.87,1
1501,1500.9999999999905,396.5625,395.93333333333334,629.17,1
1502,1501.9999999999902,396.747917,396.1666666666667,581.25,1
1503,1502.9999999999902,396.926042,396.23333333333335,692.71,1
1504,1503.99999999999,397.147917,396.53333333333336,614.58,1
1505,1504.99999999999,397.31875,396.56666666666666,752.08,1
1506,1505.99999999999,397.51875,396.96666666666664,552.08,1
1507,1506.9999999999898,397.769792,397.2,569.79,1
1508,1507.9999999999898,397.982292,397.4,582.29,1
1509,1508.9999999999898,398.25,397.7,550.0,1
1510,1509.9999999999895,398.498438,397.73333333333335,765.1,1
1511,1510.9999999999895,398.636458,397.96666666666664,669.79,1
1512,1511.9999999999895,398.898958,398.2,698.96,1
1513,1512.9999999999895,399.114583,398.46666666666664,647.92,1
1514,1513.9999999999895,399.282291,398.73333333333335,548.96,1
1515,1514.9999999999893,399.454167,398.96666666666664,487.5,1
1516,1515.9999999999893,399.68125,399.1,581.25,1
1517,1516.999999999989,399.835938,399.23333333333335,602.6,1
1518,1517.9999999999893,400.055208,399.5,555.21,1
1519,1518.999999999989,400.288542,399.6666666666667,621.88,1
1520,1519.999999999989,400.48125,399.8666666666667,614.58,1
1521,1520.9999999999889,400.711458,400.0,711.46,1
1522,1521.9999999999889,400.975521,400.23333333333335,742.19,1
1523,1522.9999999999884,401.147917,400.5,647.92,1
1524,1523.9999999999889,401.380208,400.7,680.21,1
1525,1524.9999999999889,401.597917,401.0,597.92,1
1526,1525.9999999999884,401.778125,401.1666666666667,611.46,1
1527,1526.9999999999884,401.957292,401.23333333333335,723.96,1
1528,1527.9999999999882,402.154167,401.8,354.17,1
1529,1528.9999999999882,402.332291,401.93333333333334,398.96,1
1530,1529.9999999999882,402.540625,402.03333333333336,507.29,1
1531,1530.9999999999882,402.7375,402.1666666666667,570.83,1
1532,1531.999999999988,402.94375,402.3,643.75,1
1533,1532.999999999988,403.195833,402.43333333333334,762.5,1
1534,1533.9999999999882,403.450521,402.5,950.52,1
1535,1534.9999999999877,403.595833,402.96666666666664,629.17,1
1536,1535.9999999999882,403.826563,403.1333333333333,693.23,1
1537,1536.9999999999877,404.032292,403.46666666666664,565.63,1
1538,1537.9999999999877,404.207292,403.5,707.29,1
1539,1538.9999999999875,404.4,403.93333333333334,466.67,1
1540,1539.9999999999875,404.623959,404.0,623.96,1
1541,1540.9999999999875,404.805729,404.3666666666667,439.06,1
1542,1541.9999999999875,405.019791,404.43333333333334,586.46,1
1543,1542.999999999987,405.326042,404.6,726.04,1
1544,1543.999999999987,405.63125,404.8333333333333,797.92,1
1545,1544.9999999999868,406.0125,405.0,1012.5,1
1546,1545.9999999999868,406.238542,405.3333333333333,905.21,1
1547,1546.9999999999866,406.464584,405.6333333333333,831.25,1
1548,1547.9999999999868,406.628125,405.96666666666664,661.46,1
1549,1548.9999999999868,406.8625,406.0,862.5,1
1550,1549.9999999999868,406.98125,406.3666666666667,614.58,1
1551,1550.9999999999864,407.164583,406.7,464.58,1
1552,1551.9999999999864,407.360417,406.8333333333333,527.08,1
1553,1552.9999999999861,407.546875,407.0,546.88,1
1554,1553.9999999999861,407.696875,407.23333333333335,463.54,1
1555,1554.9999999999861,407.877431,407.43333333333334,444.1,1
1556,1555.9999999999861,408.057986,407.6,457.99,1
1557,1556.9999999999861,408.238542,407.7,538.54,1
1558,1557.999999999986,408.404688,407.8,604.69,1
1559,1558.999999999986,408.570833,407.8333333333333,737.5,1
1560,1559.9999999999857,408.770833,408.23333333333335,537.5,1
1561,1560.9999999999857,408.936459,408.5,436.46,1
1562,1561.9999999999857,409.095833,408.56666666666666,529.17,1
1563,1562.9999999999857,409.2625,408.73333333333335,529.17,1
1564,1563.9999999999854,409.463542,408.9,563.54,1
1565,1564.9999999999854,409.614583,409.1333333333333,481.25,1
1566,1565.9999999999854,409.780208,409.26666666666665,513.54,1
1567,1566.9999999999852,409.980729,409.46666666666664,514.06,1
1568,1567.9999999999854,410.157812,409.6333333333333,524.48,1
1569,1568.9999999999852,410.375,409.73333333333335,641.67,1
1570,1569.9999999999852,410.646875,410.1,546.88,1
1571,1570.9999999999852,410.771354,410.2,571.35,1
1572,1571.9999999999852,410.944792,410.26666666666665,678.13,1
1573,1572.9999999999852,411.15625,410.6333333333333,522.92,1
1574,1573.9999999999852,411.295833,410.7,595.83,1
1575,1574.999999999985,411.505208,410.96666666666664,538.54,1
1576,1575.999999999985,411.645833,411.03333333333336,612.5,1
1577,1576.9999999999848,411.839583,411.26666666666665,572.92,1
1578,1577.9999999999848,411.982292,411.5,482.29,1
1579,1578.9999999999848,412.18125,411.7,481.25,1
1580,1579.9999999999845,412.380209,411.93333333333334,446.88,1
1581,1580.9999999999848,412.579167,411.96666666666664,612.5,1
1582,1581.9999999999843,412.707292,412.0,707.29,1
1583,1582.9999999999843,412.863542,412.06666666666666,796.88,1
1584,1583.999999999984,413.04375,412.6,443.75,1
1585,1584.9999999999843,413.2375,412.6333333333333,604.17,1
1586,1585.999999999984,413.392708,412.8333333333333,559.37,1
1587,1586.999999999984,413.573438,413.03333333333336,540.1,1
1588,1587.9999999999839,413.74375,413.23333333333335,510.42,1
1589,1588.9999999999839,413.8875,413.3666666666667,520.83,1
1590,1589.9999999999834,414.046875,413.4,646.88,1
1591,1590.9999999999834,414.232813,413.8,432.81,1
1592,1591.9999999999834,414.388542,413.9,488.54,1
1593,1592.9999999999834,414.563542,414.0,563.54,1
1594,1593.9999999999832,414.75625,414.23333333333335,522.92,1
1595,1594.9999999999832,414.917708,414.4,517.71,1
1596,1595.9999999999832,415.053125,414.56666666666666,486.46,1
1597,1596.999999999983,415.225,415.23333333333335,8.33,1
1598,1597.999999999983,415.388542,415.3666666666667,21.88,1
1599,1598.999999999983,415.559375,415.5,59.37,1
1600,1599.999999999983,415.696875,415.6666666666667,30.21,1
1601,1600.9999999999827,415.863542,415.7,163.54,1
1602,1601.9999999999827,416.030208,415.73333333333335,296.87,1
1603,1602.9999999999825,416.255729,415.76666666666665,489.06,1
1604,1603.9999999999825,416.435417,415.9,535.42,1
1605,1604.9999999999823,416.632292,416.06666666666666,565.63,1
1606,1605.9999999999825,416.830208,416.23333333333335,596.87,1
1607,1606.999999999982,417.025,416.4,625.0,1
1608,1607.999999999982,417.175,416.6333333333333,541.67,1
1609,1608.999999999982,417.347917,416.8,547.92,1
1610,1609.9999999999818,417.538542,417.03333333333336,505.21,1
1611,1610.9999999999818,417.697917,417.1333333333333,564.58,1
1612,1611.9999999999816,417.875,417.2,675.0,1
1613,1612.9999999999816,418.051042,417.56666666666666,484.38,1
1614,1613.9999999999814,418.280208,417.6666666666667,613.54,1
1615,1614.9999999999814,418.528125,417.8333333333333,694.79,1
1616,1615.9999999999811,418.760417,418.03333333333336,727.08,1
1617,1616.9999999999811,419.01875,418.2,818.75,1
1618,1617.999999999981,419.425,418.23333333333335,1191.67,1
1619,1618.999999999981,419.630208,418.7,930.21,1
1620,1619.999999999981,419.760417,419.0,760.42,1
1621,1620.9999999999807,419.934375,419.1666666666667,767.71,1
1622,1621.999999999981,419.991146,419.6,391.15,1
1623,1622.9999999999807,420.190625,419.8,390.62,1
1624,1623.9999999999807,420.272917,420.23333333333335,39.58,1
1625,1624.9999999999804,420.426042,420.26666666666665,159.38,1
1626,1625.9999999999807,420.533854,420.6666666666667,132.81,1
1627,1626.9999999999802,420.777083,421.43333333333334,656.25,1
1628,1627.9999999999804,420.965625,421.46666666666664,501.04,1
1629,1628.9999999999802,421.833854,421.5,333.85,1
1630,1629.9999999999802,422.366667,421.53333333333336,833.33,1
1631,1630.9999999999798,422.627083,421.56666666666666,1060.42,1
1632,1631.9999999999802,422.873958,421.8333333333333,1040.62,1
1633,1632.9999999999798,423.2625,422.0,1262.5,1
1634,1633.9999999999798,423.519791,422.6333333333333,886.46,1
1635,1634.9999999999798,423.751562,422.73333333333335,1018.23,1
1636,1635.9999999999795,424.084375,422.76666666666665,1317.71,1
1637,1636.9999999999795,424.238542,423.46666666666664,771.88,1
1638,1637.9999999999795,424.4875,423.8,687.5,1
1639,1638.9999999999795,424.752083,424.06666666666666,685.42,1
1640,1639.9999999999793,424.945313,424.23333333333335,711.98,1
1641,1640.9999999999793,425.172396,424.46666666666664,705.73,1
1642,1641.999999999979,425.467708,424.7,767.71,1
1643,1642.999999999979,425.591667,424.96666666666664,625.0,1
1644,1643.999999999979,425.816667,425.1666666666667,650.0,1
1645,1644.999999999979,426.039583,425.43333333333334,606.25,1
1646,1645.9999999999789,426.214063,425.8333333333333,380.73,1
1647,1646.9999999999789,426.425,425.93333333333334,491.67,1
1648,1647.9999999999789,426.686458,426.0,686.46,1
1649,1648.9999999999786,426.814583,426.2,614.58,1
1650,1649.9999999999789,427.045833,426.3666666666667,679.17,1
1651,1650.9999999999786,427.252605,426.73333333333335,519.27,1
1652,1651.9999999999786,427.417188,426.8666666666667,550.52,1
1653,1652.9999999999784,427.651563,427.1,551.56,1
1654,1653.9999999999784,427.933854,427.23333333333335,700.52,1
1655,1654.999999999978,428.080208,427.4,680.21,1
1656,1655.9999999999784,428.380208,427.6333333333333,746.87,1
1657,1656.999999999978,428.717709,427.8333333333333,884.38,1
1658,1657.999999999978,428.9125,428.1333333333333,779.17,1
1659,1658.9999999999777,429.08125,428.4,681.25,1
1660,1659.9999999999777,429.415104,428.53333333333336,881.77,1
1661,1660.9999999999777,429.552083,428.96666666666664,585.42,1
1662,1661.9999999999777,429.834896,429.1666666666667,668.23,1
1663,1662.9999999999777,430.140625,429.3666666666667,773.96,1
1664,1663.9999999999775,430.323959,429.53333333333336,790.63,1
1665,1664.9999999999775,430.4625,429.8333333333333,629.17,1
1666,1665.9999999999773,430.788542,430.2,588.54,1
1667,1666.9999999999773,430.944792,430.6,344.79,1
1668,1667.9999999999773,431.241667,430.6333333333333,608.33,1
1669,1668.9999999999773,431.571875,430.7,871.87,1
1670,1669.999999999977,431.760417,430.96666666666664,793.75,1
1671,1670.999999999977,431.925,431.26666666666665,658.33,1
1672,1671.9999999999768,432.256771,431.53333333333336,723.44,1
1673,1672.9999999999768,432.421875,431.76666666666665,655.21,1
1674,1673.999999999977,432.701042,431.96666666666664,734.38,1
1675,1674.9999999999768,432.995834,432.2,795.83,1
1676,1675.9999999999768,433.173437,432.3666666666667,806.77,1
1677,1676.9999999999766,433.334896,432.6666666666667,668.23,1
1678,1677.9999999999766,433.666667,433.3333333333333,333.33,1
1679,1678.999999999976,433.834896,433.53333333333336,301.56,1
1680,1679.9999999999766,434.034896,433.6666666666667,368.23,1
1681,1680.999999999976,434.276042,433.7,576.04,1
1682,1681.999999999976,434.459375,433.8333333333333,626.04,1
1683,1682.9999999999757,434.647396,433.9,747.4,1
1684,1683.9999999999757,434.975521,434.26666666666665,708.85,1
1685,1684.9999999999754,435.154167,434.5,654.17,1
1686,1685.9999999999757,435.397917,434.6,797.92,1
1687,1686.9999999999757,435.644271,434.96666666666664,677.6,1
1688,1687.9999999999754,435.834375,435.1333333333333,701.04,1
1689,1688.9999999999752,436.005208,435.3666666666667,638.54,1
1690,1689.9999999999752,436.341146,435.9,441.15,1
1691,1690.9999999999752,436.526563,436.06666666666666,459.9,1
1692,1691.9999999999752,436.73698,436.26666666666665,470.31,1
1693,1692.9999999999752,436.976042,436.3333333333333,642.71,1
1694,1693.999999999975,437.164583,436.53333333333336,631.25,1
1695,1694.999999999975,437.333854,436.6333333333333,700.52,1
1696,1695.9999999999748,437.697917,437.03333333333336,664.58,1
1697,1696.9999999999748,437.850521,437.06666666666666,783.85,1
1698,1697.9999999999748,438.1125,437.23333333333335,879.17,1
1699,1698.9999999999748,438.366146,437.6666666666667,699.48,1
1700,1699.9999999999748,438.547396,437.8666666666667,680.73,1
1701,1700.9999999999745,438.738021,438.03333333333336,704.69,1
1702,1701.9999999999745,439.029167,438.2,829.17,1
1703,1702.9999999999743,439.182813,438.53333333333336,649.48,1
1704,1703.9999999999745,439.447917,438.8,647.92,1
1705,1704.9999999999743,439.704166,439.0,704.17,1
1706,1705.9999999999743,439.889583,439.23333333333335,656.25,1
1707,1706.9999999999739,440.094271,439.43333333333334,660.94,1
1708,1707.9999999999739,440.397396,439.8666666666667,530.73,1
1709,1708.9999999999736,440.574479,439.9,674.48,1
1710,1709.9999999999739,440.822917,440.1,722.92,1
1711,1710.9999999999736,441.088021,440.3333333333333,754.69,1
1712,1711.9999999999736,441.283854,440.53333333333336,750.52,1
1713,1712.9999999999736,441.517708,440.8,717.71,1
1714,1713.9999999999734,441.861458,441.1333333333333,728.12,1
1715,1714.9999999999748,442.064583,441.23333333333335,831.25,1
1716,1715.9999999999748,442.31875,441.56666666666666,752.08,1
1717,1716.9999999999748,442.574479,441.76666666666665,807.81,1
1718,1717.999999999975,442.804688,442.03333333333336,771.35,1
1719,1718.999999999975,443.083333,442.3333333333333,750.0,1
1720,1719.999999999975,443.391666,442.3666666666667,1025.0,1
1721,1720.999999999975,443.675521,442.8,875.52,1
1722,1721.999999999975,443.984895,443.06666666666666,918.23,1
1723,1722.999999999975,444.264584,443.26666666666665,997.92,1
1724,1723.999999999975,444.516666,443.7,816.67,1
1725,1724.999999999975,444.928646,443.93333333333334,995.31,1
1726,1725.9999999999752,445.257589,444.26666666666665,990.92,1
1727,1726.9999999999752,445.586533,444.5,1086.53,1
1728,1727.9999999999752,445.915476,444.9,1015.48,1
1729,1728.9999999999752,446.24442,444.93333333333334,1311.09,1
1730,1729.9999999999752,446.573363,444.96666666666664,1606.7,1
1731,1730.999999999975,446.902307,445.53333333333336,1368.97,1
1732,1731.999999999975,447.23125,446.46666666666664,764.58,1
1733,1732.9999999999804,447.564583,446.76666666666665,797.92,1
1734,1733.9999999999802,447.913542,446.9,1013.54,1
1735,1734.9999999999802,448.219792,447.23333333333335,986.46,1
1736,1735.9999999999798,448.525,447.4,1125.0,1
1737,1736.9999999999798,448.969271,447.8333333333333,1135.94,1
1738,1737.9999999999802,449.44244800000007,448.1666666666667,1275.78,1
1739,1738.9999999999802,449.915625,448.5,1415.62,1
1740,1739.9999999999802,450.388802,449.0,1388.8,1
1741,1740.9999999999798,450.861979,449.1,1761.98,1
1742,1741.9999999999918,451.438021,449.1333333333333,2304.69,1
1743,1742.9999999999918,452.369792,449.6333333333333,2736.46,1
1744,1743.9999999999918,452.919466,450.76666666666665,2152.8,1
1745,1744.9999999999916,453.469141,451.03333333333336,2435.81,1
1746,1745.9999999999916,454.018815,451.1333333333333,2885.48,1
1747,1746.9999999999916,454.56849000000005,451.1666666666667,3401.82,1
1748,1747.9999999999916,455.118164,451.23333333333335,3884.83,1
1749,1748.9999999999918,455.667839,451.3,4367.84,1
1750,1749.999999999972,456.217513,451.3333333333333,4884.18,1
1751,1750.9999999999718,456.767187,451.4,5367.19,1
1752,1751.9999999999714,456.99375,451.43333333333334,5560.42,1
1753,1752.9999999999714,457.20546900000005,451.5,5705.47,1
1754,1753.9999999999714,457.417188,451.53333333333336,5883.85,1
1755,1754.9999999999704,457.642708,451.6,6042.71,1
1756,1755.9999999999707,457.85816,451.6333333333333,6224.83,1
1757,1756.9999999999707,458.073611,451.7,6373.61,1
1758,1757.9999999999704,458.289063,454.1666666666667,4122.4,1
1759,1758.9999999999704,458.504514,457.0,1504.51,1
1760,1759.9999999999704,458.719966,457.03333333333336,1686.63,1
1761,1760.99999999997,458.935417,457.1,1835.42,1
1762,1761.9999999999704,459.182466,457.1333333333333,2049.13,1
1763,1762.9999999999702,459.429514,457.2,2229.51,1
1764,1763.9999999999702,459.676563,457.23333333333335,2443.23,1
1765,1764.9999999999702,459.881858,457.4,2481.86,1
1766,1765.9999999999704,460.087153,459.03333333333336,1053.82,1
1767,1766.9999999999702,460.292448,459.6333333333333,659.11,1
1768,1767.9999999999702,460.497743,459.8666666666667,631.08,1
1769,1768.9999999999702,460.703038,460.23333333333335,469.7,1
1770,1769.99999999997,460.908333,460.8333333333333,75.0,1
1771,1770.9999999999702,461.06875,460.93333333333334,135.42,1
1772,1771.9999999999698,461.229167,461.06666666666666,162.5,1
1773,1772.9999999999698,461.489583,461.1,389.58,1
1774,1773.9999999999698,461.709896,461.1666666666667,543.23,1
1775,1774.9999999999698,461.930208,461.2,730.21,1
1776,1775.9999999999684,462.15625,461.43333333333334,722.92,1
1777,1776.9999999999688,462.36484400000006,461.6,764.84,1
1778,1777.9999999999686,462.573438,461.9,673.44,1
1779,1778.999999999968,462.80625,461.96666666666664,839.58,1
1780,1779.9999999999677,463.025521,462.03333333333336,992.19,1
1781,1780.999999999968,463.244792,462.1333333333333,1111.46,1
1782,1781.999999999968,463.464063,462.2,1264.06,1
1783,1782.999999999968,463.683333,462.26666666666665,1416.67,1
1784,1783.9999999999677,463.902604,462.3,1602.6,1
1785,1784.9999999999675,464.121875,462.3666666666667,1755.21,1
1786,1785.9999999999677,464.385069,462.4,1985.07,1
1787,1786.9999999999677,464.648264,462.46666666666664,2181.6,1
1788,1787.9999999999675,464.911458,462.56666666666666,2344.79,1
1789,1788.9999999999675,465.127951,462.6666666666667,2461.28,1
1790,1789.9999999999675,465.34444400000007,464.8333333333333,511.11,1
1791,1790.9999999999677,465.560938,464.96666666666664,594.27,1
1792,1791.9999999999675,465.777431,465.1666666666667,610.76,1
1793,1792.9999999999675,465.99392400000005,465.2,793.92,1
1794,1793.9999999999673,466.210417,465.26666666666665,943.75,1
1795,1794.9999999999673,466.36875,465.3666666666667,1002.08,1
1796,1795.9999999999668,466.527083,466.0,527.08,1
1797,1796.9999999999668,466.782291,466.1666666666667,615.62,1
1798,1797.999999999967,466.980555,466.2,780.55,1
1799,1798.9999999999668,467.178819,466.56666666666666,612.15,1
1800,1799.9999999999668,467.377083,466.76666666666665,610.42,1
1801,1800.999999999967,467.57569400000006,466.9,675.69,1
1802,1801.9999999999668,467.774306,466.96666666666664,807.64,1
1803,1802.9999999999668,467.972917,467.3333333333333,639.58,1
1804,1803.9999999999668,468.272222,467.4,872.22,1
1805,1804.9999999999666,468.571528,467.43333333333334,1138.19,1
1806,1805.9999999999663,468.870833,467.96666666666664,904.17,1
1807,1806.9999999999668,469.103199,468.03333333333336,1069.87,1
1808,1807.9999999999668,469.335565,468.1333333333333,1202.23,1
1809,1808.9999999999666,469.567931,469.3333333333333,234.6,1
1810,1809.9999999999666,469.80029800000005,470.56666666666666,766.37,1
1811,1810.9999999999668,470.032664,470.8,767.34,1
1812,1811.9999999999668,470.26503,471.0,734.97,1
1813,1812.9999999999666,470.497396,471.2,702.6,1
1814,1813.9999999999666,470.70161500000006,471.4,698.38,1
1815,1814.9999999999666,470.905834,471.46666666666664,560.83,1
1816,1815.9999999999668,471.110052,471.53333333333336,423.28,1
1817,1816.9999999999666,471.314271,471.56666666666666,252.4,1
1818,1817.9999999999666,471.51849,471.6333333333333,114.84,1
1819,1818.9999999999666,471.722709,472.8,1077.29,1
1820,1819.9999999999666,471.926927,473.03333333333336,1106.41,1
1821,1820.9999999999668,472.131146,473.1,968.85,1
1822,1821.9999999999668,472.335365,473.1333333333333,797.97,1
1823,1822.9999999999668,472.539583,473.2,660.42,1
1824,1823.999999999966,472.771875,473.23333333333335,461.46,1
1825,1824.999999999966,473.002865,473.3,297.14,1
1826,1825.9999999999652,473.233855,473.3666666666667,132.81,1
1827,1826.9999999999648,473.482292,473.4,82.29,1
1828,1827.9999999999645,473.70486100000005,473.46666666666664,238.19,1
1829,1828.9999999999645,473.92743,473.5,427.43,1
1830,1829.9999999999648,474.15,473.56666666666666,583.33,1
1831,1830.9999999999648,474.37256900000006,473.6,772.57,1
1832,1831.9999999999645,474.595139,473.6666666666667,928.47,1
1833,1832.9999999999645,474.817708,473.7,1117.71,1
1834,1833.9999999999643,475.073958,473.76666666666665,1307.29,1
1835,1834.9999999999645,475.330208,473.8333333333333,1496.87,1
1836,1835.999999999964,475.586459,474.8,786.46,1
1837,1836.9999999999643,475.775208,475.0,775.21,1
1838,1837.9999999999643,475.963958,475.1,863.96,1
1839,1838.9999999999643,476.152708,475.6333333333333,519.37,1
1840,1839.9999999999645,476.341458,475.76666666666665,574.79,1
1841,1840.9999999999638,476.530208,476.3666666666667,163.54,1
1842,1841.9999999999638,476.76875,476.6666666666667,102.08,1
1843,1842.9999999999638,476.923958,476.8,123.96,1
1844,1843.9999999999636,477.079167,476.8666666666667,212.5,1
1845,1844.9999999999636,477.339583,476.93333333333334,406.25,1
1846,1845.9999999999636,477.5625,477.06666666666666,495.83,1
1847,1846.9999999999636,477.785416,477.1,685.42,1
1848,1847.9999999999627,478.004167,477.3,704.17,1
1849,1848.9999999999627,478.219011,477.46666666666664,752.34,1
1850,1849.9999999999627,478.433854,477.76666666666665,667.19,1
1851,1850.9999999999616,478.672916,477.96666666666664,706.25,1
1852,1851.999999999962,478.88941,478.0,889.41,1
1853,1852.9999999999616,479.105903,478.06666666666666,1039.24,1
1854,1853.9999999999616,479.322396,478.1333333333333,1189.06,1
1855,1854.999999999962,479.538889,478.1666666666667,1372.22,1
1856,1855.999999999962,479.75538200000005,478.23333333333335,1522.05,1
1857,1856.9999999999616,479.971875,478.26666666666665,1705.21,1
1858,1857.9999999999616,480.240625,478.3333333333333,1907.29,1
1859,1858.9999999999613,480.509375,478.3666666666667,2142.71,1
1860,1859.9999999999616,480.778125,478.46666666666664,2311.46,1
1861,1860.9999999999616,481.022222,480.23333333333335,788.89,1
1862,1861.9999999999613,481.26631900000007,480.46666666666664,799.65,1
1863,1862.9999999999613,481.510417,480.8333333333333,677.08,1
1864,1863.9999999999613,481.754514,480.93333333333334,821.18,1
1865,1864.9999999999613,481.998611,481.1333333333333,865.28,1
1866,1865.999999999961,482.242708,481.3333333333333,909.37,1
1867,1866.9999999999613,482.41927,481.73333333333335,685.94,1
1868,1867.999999999961,482.595833,481.76666666666665,829.17,1
1869,1868.9999999999607,482.847917,482.2,647.92,1
1870,1869.999999999961,483.04861100000005,482.53333333333336,515.28,1
1871,1870.999999999961,483.24930599999993,482.6666666666667,582.64,1
1872,1871.9999999999607,483.45,482.9,550.0,1
1873,1872.9999999999607,483.665972,482.96666666666664,699.31,1
1874,1873.9999999999607,483.881945,483.3666666666667,515.28,1
1875,1874.9999999999607,484.097917,483.6,497.92,1
1876,1875.9999999999607,484.400695,484.06666666666666,334.03,1
1877,1876.9999999999607,484.703472,484.1,603.47,1
1878,1877.9999999999604,485.00625,484.1666666666667,839.58,1
1879,1878.9999999999604,485.319792,484.23333333333335,1086.46,1
1880,1879.9999999999607,485.633333,484.96666666666664,666.67,1
1881,1880.9999999999607,485.946875,485.06666666666666,880.21,1
1882,1881.9999999999607,486.260417,485.5,760.42,1
1883,1882.9999999999604,486.573958,485.8,773.96,1
1884,1883.9999999999604,486.8875,485.9,987.5,1
1885,1884.9999999999607,487.520486,486.06666666666666,1453.82,1
1886,1885.9999999999607,488.153472,487.3333333333333,820.14,1
1887,1886.9999999999604,488.786458,487.3666666666667,1419.79,1
1888,1887.9979166666267,488.922083,487.43333333333334,1488.75,1
1889,1888.9979166666265,489.057708,487.6666666666667,1391.04,1
1890,1889.9999999999598,489.193333,487.73333333333335,1460.0,1
1891,1890.997916666626,489.328958,487.96666666666664,1362.29,1
1892,1891.9979166666258,489.464583,488.1666666666667,1297.92,1
1893,1892.9999999999588,489.602231,488.26666666666665,1335.56,1
1894,1893.9999999999588,489.73791100000005,488.6333333333333,1104.58,1
1895,1894.999999999959,489.870313,488.8666666666667,1003.65,1
1896,1895.9999999999588,490.019271,489.1,919.27,1
1897,1896.9999999999588,490.222917,489.3,922.92,1
1898,1897.9999999999586,490.3625,489.46666666666664,895.83,1
1899,1898.9999999999584,490.522917,490.06666666666666,456.25,1
1900,1899.9999999999584,490.686458,490.23333333333335,453.12,1
1901,1900.9999999999575,490.85625,490.3666666666667,489.58,1
1902,1901.9999999999575,491.01875,490.53333333333336,485.42,1
1903,1902.9999999999575,491.213194,490.6666666666667,546.53,1
1904,1903.9999999999575,491.407639,490.8666666666667,540.97,1
1905,1904.9999999999575,491.602083,490.96666666666664,635.42,1
1906,1905.999999999957,491.758333,491.0,758.33,1
1907,1906.999999999957,491.926042,491.6333333333333,292.71,1
1908,1907.9999999999568,492.116667,491.73333333333335,383.33,1
1909,1908.9999999999568,492.280208,491.8,480.21,1
1910,1909.9999999999568,492.446875,492.0,446.87,1
1911,1910.9999999999566,492.659375,492.2,459.38,1
1912,1911.9999999999566,492.810417,492.73333333333335,77.08,1
1913,1912.9999999999563,492.971875,492.76666666666665,205.21,1
1914,1913.999999999956,493.13802,492.8333333333333,304.69,1
1915,1914.9999999999561,493.402083,492.8666666666667,535.42,1
1916,1915.999999999956,493.607292,492.93333333333334,673.96,1
1917,1916.999999999956,493.926042,493.1666666666667,759.38,1
1918,1917.999999999956,494.129688,493.6,529.69,1
1919,1918.999999999956,494.333333,493.73333333333335,600.0,1
1920,1919.9999999999561,494.486458,493.93333333333334,553.12,1
1921,1920.9999999999557,494.691667,494.1333333333333,558.33,1
1922,1921.9999999999557,494.817708,494.3333333333333,484.37,1
1923,1922.9999999999554,494.983333,494.5,483.33,1
1924,1923.9999999999552,495.151042,494.6666666666667,484.38,1
1925,1924.9999999999552,495.313542,494.8,513.54,1
1926,1925.9999999999543,495.469792,494.96666666666664,503.13,1
1927,1926.9999999999548,495.663368,495.1,563.37,1
1928,1927.9999999999548,495.856945,495.3,556.94,1
1929,1928.9999999999543,496.050521,495.43333333333334,617.19,1
1930,1929.9999999999543,496.225,495.46666666666664,758.33,1
1931,1930.9999999999538,496.38125,496.06666666666666,314.58,1
1932,1931.9999999999538,496.553125,496.1,453.12,1
1933,1932.9999999999538,496.73125,496.1666666666667,564.58,1
1934,1933.9999999999536,496.908333,496.46666666666664,441.67,1
1935,1934.9999999999538,497.097916,496.56666666666666,531.25,1
1936,1935.9999999999534,497.273958,496.7,573.96,1
1937,1936.9999999999534,497.451042,496.8666666666667,584.38,1
1938,1937.9999999999532,497.657812,497.0,657.81,1
1939,1938.9999999999532,497.932292,497.26666666666665,665.63,1
1940,1939.9999999999534,498.180208,497.4,780.21,1
1941,1940.9999999999532,498.685417,497.6,1085.42,1
1942,1941.999999999952,499.192708,497.93333333333334,1259.37,1
1943,1942.9999999999516,499.398958,498.2,1198.96,1
1944,1943.9999999999516,499.559375,498.3,1259.37,1
1945,1944.9999999999516,499.84323,498.76666666666665,1076.56,1
1946,1945.9999999999516,500.107292,499.56666666666666,540.63,1
1947,1946.9999999999513,500.360417,499.76666666666665,593.75,1
1948,1947.9999999999511,500.56875,499.8,768.75,1
1949,1948.9999999999513,500.746875,500.2,546.88,1
1950,1949.9999999999516,501.0,500.26666666666665,733.33,1
1951,1950.9999999999511,501.298958,500.3666666666667,932.29,1
1952,1951.9999999999513,501.452083,500.6,852.08,1
1953,1952.9999999999518,501.627604,500.7,927.6,1
1954,1953.9999999999513,501.814583,501.1333333333333,681.25,1
1955,1954.9999999999518,502.040625,501.43333333333334,607.29,1
1956,1955.9999999999511,502.3,501.6333333333333,666.67,1
1957,1956.9999999999511,502.549479,501.8666666666667,682.81,1
1958,1957.9999999999513,502.732292,501.96666666666664,765.63,1
1959,1958.9999999999507,502.951042,502.1333333333333,817.71,1
1960,1959.9999999999507,503.114583,502.6,514.58,1
1961,1960.9999999999513,503.2875,502.6666666666667,620.83,1
1962,1961.9999999999507,503.511458,502.93333333333334,578.12,1
1963,1962.9999999999513,503.747917,503.1,647.92,1
1964,1963.9999999999502,503.972396,503.46666666666664,505.73,1
1965,1964.9999999999502,504.197917,503.53333333333336,664.58,1
1966,1965.9999999999507,504.414583,503.73333333333335,681.25,1
1967,1966.99999999995,504.689583,504.1666666666667,522.92,1
1968,1967.9999999999502,505.105208,504.3333333333333,771.87,1
1969,1968.9999999999507,505.190105,504.46666666666664,723.44,1
1970,1969.9999999999498,505.5375,504.93333333333334,604.17,1
1971,1970.9999999999498,505.946875,505.2,746.87,1
1972,1971.999999999949,506.117708,505.3,817.71,1
1973,1972.9999999999495,506.307292,505.6666666666667,640.63,1
1974,1973.9999999999495,506.520833,505.73333333333335,787.5,1
1975,1974.9999999999493,506.808333,506.0,808.33,1
1976,1975.9999999999495,506.957292,506.3,657.29,1
1977,1976.9999999999498,507.171354,506.6,571.35,1
1978,1977.9999999999493,507.397917,506.8,597.92,1
1979,1978.9999999999495,507.605729,506.93333333333334,672.4,1
1980,1979.9999999999486,507.7875,507.23333333333335,554.17,1
1981,1980.9999999999488,508.019791,507.4,619.79,1
1982,1981.9999999999495,508.30625,507.56666666666666,739.58,1
1983,1982.9999999999486,508.679167,507.8333333333333,845.83,1
1984,1983.9999999999488,508.942708,507.96666666666664,976.04,1
1985,1984.999999999949,509.141667,508.3,841.67,1
1986,1985.9999999999486,509.335938,508.76666666666665,569.27,1
1987,1986.9999999999488,509.686458,508.8666666666667,819.79,1
1988,1987.9999999999493,509.882813,509.1666666666667,716.15,1
1989,1988.9999999999486,510.250521,509.3333333333333,917.19,1
1990,1989.999999999949,510.661458,509.7,961.46,1
1991,1990.9999999999486,510.869792,509.8,1069.79,1
1992,1991.9999999999486,511.041667,509.96666666666664,1075.0,1
1993,1992.9999999999486,511.292709,510.3,992.71,1
1994,1993.9999999999484,511.55,510.9,650.0,1
1995,1994.9999999999484,511.794792,511.06666666666666,728.13,1
1996,1995.9999999999488,512.0041669999998,511.3,704.17,1
1997,1996.9999999999484,512.178125,511.6,578.12,1
1998,1997.9999999999486,512.395833,511.73333333333335,662.5,1
1999,1998.9999999999482,512.6052080000002,511.8333333333333,771.87,1
2000,1999.9999999999484,512.805208,512.2333333333333,571.87,1
2001,2000.9999999999484,512.9921879999998,512.6,392.19,1
2002,2001.9999999999482,513.202083,512.7,502.08,1
2003,2002.9999999999484,513.41875,513.0,418.75,1
2004,2003.9999999999486,513.6171879999998,513.2,417.19,1
2005,2004.9999999999482,513.831771,513.2333333333333,598.44,1
2006,2005.9999999999484,514.151042,513.4,751.04,1
2007,2006.9999999999477,514.478646,513.6,878.65,1
2008,2007.999999999948,514.744011,513.8,944.01,1
2009,2008.9999999999486,515.009375,514.1666666666666,842.71,1
2010,2009.9999999999477,515.217708,514.5333333333333,684.37,1
2011,2010.999999999948,515.458333,514.9,558.33,1
2012,2011.9999999999484,515.681771,515.1666666666666,515.1,1
2013,2012.9999999999477,516.032292,515.2333333333333,798.96,1
2014,2013.9999999999482,516.380208,515.4666666666667,913.54,1
2015,2014.9999999999475,516.552083,515.5666666666667,985.42,1
2016,2015.9999999999477,516.861459,515.9333333333333,928.13,1
2017,2016.9999999999482,517.182292,516.3666666666667,815.63,1
2018,2017.9999999999475,517.399479,516.6,799.48,1
2019,2018.9999999999475,517.630208,516.7,930.21,1
2020,2019.9999999999477,517.859375,517.1333333333333,726.04,1
2021,2020.9999999999475,518.0270830000002,517.4,627.08,1
2022,2021.9999999999475,518.233854,517.6,633.85,1
2023,2022.9999999999477,518.448437,517.8666666666667,581.77,1
2024,2023.999999999947,518.62552,517.9666666666667,658.85,1
2025,2024.9999999999475,518.8010419999998,518.2333333333333,567.71,1
2026,2025.9999999999468,519.010937,518.4,610.94,1
2027,2026.9999999999468,519.180729,518.6333333333333,547.4,1
2028,2027.9999999999475,519.430208,519.0,430.21,1
2029,2028.999999999946,519.672917,519.1,572.92,1
2030,2029.9999999999463,519.8864580000002,519.1666666666666,719.79,1
2031,2030.9999999999457,520.197396,519.2,997.4,1
2032,2031.999999999946,520.510417,519.6333333333333,877.08,1
2033,2032.9999999999463,520.688542,520.1,588.54,1
2034,2033.9999999999459,520.922396,520.1333333333333,789.06,1
2035,2034.999999999946,521.336458,520.2,1136.46,1
2036,2035.9999999999466,521.560416,520.6333333333333,927.08,1
2037,2036.9999999999459,522.178125,521.1333333333333,1044.79,1
2038,2037.999999999946,522.794792,521.2,1594.79,1
2039,2038.999999999946,522.998438,521.4666666666667,1531.77,1
2040,2039.9999999999459,523.216146,521.9333333333333,1282.81,1
2041,2040.999999999946,523.461458,522.8,661.46,1
2042,2041.9999999999459,523.723958,522.9666666666667,757.29,1
2043,2042.9999999999457,523.951042,523.0333333333333,917.71,1
2044,2043.999999999946,524.141667,523.4666666666667,675.0,1
2045,2044.9999999999457,524.3239580000002,523.7333333333333,590.62,1
2046,2045.9999999999457,524.555208,523.8,755.21,1
2047,2046.9999999999457,524.733333,523.8666666666667,866.67,1
2048,2047.9999999999457,524.961458,524.5333333333333,428.12,1
2049,2048.999999999946,525.163542,524.8,363.54,1
2050,2049.9999999999454,525.3552080000002,525.0666666666667,288.54,1
2051,2050.9999999999454,525.539583,525.1,439.58,1
2052,2051.999999999946,525.7927080000002,525.2,592.71,1
2053,2052.999999999945,525.954167,525.4,554.17,1
2054,2053.999999999945,526.182292,525.4333333333333,748.96,1
2055,2054.999999999946,526.613021,525.5,1113.02,1
2056,2055.999999999945,526.852083,525.5333333333333,1318.75,1
2057,2056.999999999946,527.079167,526.1333333333333,945.83,1
2058,2057.9999999999454,527.272917,526.6,672.92,1
2059,2058.999999999945,527.509375,526.8666666666667,642.71,1
2060,2059.9999999999454,527.753125,527.1,653.12,1
2061,2060.9999999999445,528.120834,527.2333333333333,887.5,1
2062,2061.999999999945,528.389583,527.3,1089.58,1
2063,2062.9999999999454,528.5822919999998,527.3333333333334,1248.96,1
2064,2063.9999999999445,528.876562,527.4,1476.56,1
2065,2064.9999999999454,529.1520830000002,527.5333333333333,1618.75,1
2066,2065.9999999999445,529.438542,528.5666666666667,871.88,1
2067,2066.9999999999445,529.653125,528.7,953.12,1
2068,2067.9999999999445,529.859375,529.1333333333333,726.04,1
2069,2068.9999999999445,530.052083,529.2666666666667,785.42,1
2070,2069.9999999999445,530.260937,529.6333333333333,627.6,1
2071,2070.9999999999445,530.488021,529.6666666666666,821.35,1
2072,2071.999999999944,530.654688,530.0666666666667,588.02,1
2073,2072.999999999944,530.846354,530.3,546.35,1
2074,2073.9999999999445,531.05625,530.4666666666667,589.58,1
2075,2074.999999999944,531.242708,530.8333333333334,409.37,1
2076,2075.999999999944,531.529688,530.9,629.69,1
2077,2076.999999999944,531.716667,531.0333333333333,683.33,1
2078,2077.999999999944,531.91875,531.2666666666667,652.08,1
2079,2078.9999999999445,532.09375,531.4666666666667,627.08,1
2080,2079.999999999944,532.29375,531.5333333333333,760.42,1
2081,2080.999999999944,532.490625,531.9666666666667,523.96,1
2082,2081.9999999999445,532.736458,532.1666666666666,569.79,1
2083,2082.999999999944,532.922917,532.3,622.92,1
2084,2083.9999999999445,533.082291,532.5,582.29,1
2085,2084.9999999999436,533.270833,532.7,570.83,1
2086,2085.9999999999436,533.4572919999998,532.9333333333333,523.96,1
2087,2086.999999999944,533.642708,533.1,542.71,1
2088,2087.9999999999436,533.949479,533.2333333333333,716.15,1
2089,2088.9999999999436,534.1604169999998,533.2666666666667,893.75,1
2090,2089.999999999944,534.409375,533.6666666666666,742.71,1
2091,2090.9999999999436,534.538542,533.9333333333333,605.21,1
2092,2091.999999999944,534.670833,534.0,670.83,1
2093,2092.9999999999436,534.892709,534.1666666666666,726.04,1
2094,2093.9999999999436,535.126562,534.5666666666667,559.9,1
2095,2094.9999999999436,535.322396,534.7333333333333,589.06,1
2096,2095.999999999943,535.491667,535.1666666666666,325.0,1
2097,2096.999999999943,535.670313,535.2,470.31,1
2098,2097.9999999999436,535.826042,535.2666666666667,559.38,1
2099,2098.999999999943,536.054167,535.5,554.17,1
2100,2099.9999999999436,536.270313,535.6666666666666,603.65,1
2101,2100.999999999943,536.4802080000002,535.7333333333333,746.87,1
2102,2101.999999999943,536.625,536.0666666666667,558.33,1
2103,2102.999999999944,536.814062,536.2333333333333,580.73,1
2104,2103.999999999943,536.970833,536.4666666666667,504.17,1
2105,2104.999999999943,537.177083,536.6,577.08,1
2106,2105.9999999999436,537.385417,536.6333333333333,752.08,1
2107,2106.999999999943,537.571875,537.0333333333333,538.54,1
2108,2107.9999999999436,537.731771,537.2,531.77,1
2109,2108.9999999999436,537.940625,537.3333333333334,607.29,1
2110,2109.999999999943,538.151042,537.6,551.04,1
2111,2110.999999999944,538.3046879999998,537.7333333333333,571.35,1
2112,2111.999999999943,538.5354169999998,537.7666666666667,768.75,1
2113,2112.999999999943,538.744792,538.2,544.79,1
2114,2113.9999999999436,538.932812,538.3,632.81,1
2115,2114.999999999943,539.175,538.4666666666667,708.33,1
2116,2115.999999999943,539.4020830000002,538.8,602.08,1
2117,2116.9999999999427,539.610937,538.9,710.94,1
2118,2117.999999999943,539.93802,539.1666666666666,771.35,1
2119,2118.9999999999436,540.180208,539.4,780.21,1
2120,2119.999999999943,540.46927,539.6333333333333,835.94,1
2121,2120.999999999943,540.913021,539.7666666666667,1146.35,1
2122,2121.999999999943,541.151823,540.1333333333333,1018.49,1
2123,2122.9999999999427,541.390625,540.4333333333333,957.29,1
2124,2123.999999999943,541.618229,540.7,918.23,1
2125,2124.999999999943,541.807292,541.0666666666667,740.63,1
2126,2125.9999999999422,541.990625,541.3666666666667,623.96,1
2127,2126.9999999999422,542.1375,541.5666666666667,570.83,1
2128,2127.9999999999422,542.361459,541.9333333333333,428.13,1
2129,2128.999999999942,542.585417,542.1,485.42,1
2130,2129.9999999999427,542.719271,542.3,419.27,1
2131,2130.9999999999413,542.928125,542.3333333333334,594.79,1
2132,2131.999999999941,543.088542,542.4,688.54,1
2133,2132.999999999941,543.23125,542.7,531.25,1
2134,2133.999999999941,543.452084,542.9333333333333,518.75,1
2135,2134.999999999941,543.672917,543.1333333333333,539.58,1
2136,2135.9999999999404,543.878125,543.2333333333333,644.79,1
2137,2136.99999999994,544.060417,543.3333333333334,727.08,1
2138,2137.99999999994,544.24375,543.7666666666667,477.08,1
2139,2138.999999999939,544.390625,543.8666666666667,523.96,1
2140,2139.99999999994,544.600521,544.1,500.52,1
2141,2140.9999999999395,544.810417,544.3666666666667,443.75,1
2142,2141.999999999939,544.957813,544.4666666666667,491.15,1
2143,2142.999999999939,545.146875,544.5,646.88,1
2144,2143.999999999939,545.325,544.6,725.0,1
2145,2144.9999999999377,545.541667,544.9666666666667,575.0,1
2146,2145.9999999999377,545.78125,545.1333333333333,647.92,1
2147,2146.9999999999372,545.932292,545.3666666666667,565.63,1
2148,2147.999999999937,546.086458,545.5333333333333,553.12,1
2149,2148.9999999999363,546.2625,545.9666666666667,295.83,1
2150,2149.999999999936,546.460417,546.0333333333333,427.08,1
2151,2150.999999999936,546.58125,546.1,481.25,1
2152,2151.999999999935,546.761459,546.2333333333333,528.13,1
2153,2152.999999999935,546.903646,546.4333333333333,470.31,1
2154,2153.999999999935,547.036979,546.9,136.98,1
2155,2154.9999999999354,547.19974,546.9333333333333,266.41,1
2156,2155.999999999935,547.3625,547.0333333333333,329.17,1
2157,2156.9999999999354,547.576042,547.0666666666667,509.38,1
2158,2157.999999999934,547.791667,547.1333333333333,658.33,1
2159,2158.999999999934,547.929167,547.6,329.17,1
2160,2159.999999999934,548.083333,547.6333333333333,450.0,1
2161,2160.999999999933,548.3,547.8,500.0,1
2162,2161.999999999933,548.483333,547.9333333333333,550.0,1
2163,2162.9999999999322,548.590625,548.3,290.63,1
2164,2163.999999999932,548.749479,548.3333333333334,416.15,1
2165,2164.999999999932,548.894271,549.0666666666667,172.4,1
2166,2165.9999999999313,549.020833,549.1,79.17,1
2167,2166.9999999999327,549.188542,549.1666666666666,21.88,1
2168,2167.999999999931,549.35625,549.2,156.25,1
2169,2168.9999999999313,549.545313,549.2666666666667,278.65,1
2170,2169.9999999999313,549.711458,549.3,411.46,1
2171,2170.9999999999304,549.878125,549.3666666666667,511.46,1
2172,2171.9999999999304,550.034896,549.4333333333333,601.56,1
2173,2172.9999999999304,550.235417,549.5333333333333,702.08,1
2174,2173.99999999993,550.375,549.8666666666667,508.33,1
2175,2174.9999999999295,550.530729,549.9333333333333,597.4,1
2176,2175.9999999999295,550.735417,550.6333333333333,102.08,1
2177,2176.999999999929,550.872917,550.6666666666666,206.25,1
2178,2177.999999999929,551.028646,550.7333333333333,295.31,1
2179,2178.999999999929,551.246875,550.8333333333334,413.54,1
2180,2179.999999999928,551.3791669999998,551.9,520.83,1
2181,2180.999999999928,551.5354169999998,551.9666666666667,431.25,1
2182,2181.9999999999277,551.7458330000002,552.0,254.17,1
2183,2182.9999999999272,551.904167,552.0666666666667,162.5,1
2184,2183.9999999999272,552.063021,552.1,36.98,1
2185,2184.999999999927,552.2854169999998,552.1666666666666,118.75,1
2186,2185.999999999927,552.432292,552.2,232.29,1
2187,2186.9999999999254,552.590104,552.3,290.1,1
2188,2187.999999999926,552.820833,552.5,320.83,1
2189,2188.999999999926,552.9375,552.7,237.5,1
2190,2189.999999999925,553.136459,552.7333333333333,403.13,1
2191,2190.999999999925,553.359375,552.8,559.38,1
2192,2191.999999999925,553.521875,552.9666666666667,555.21,1
2193,2192.9999999999245,553.840625,553.1,740.63,1
2194,2193.999999999925,554.008854,553.2666666666667,742.19,1
2195,2194.9999999999245,554.177083,553.5333333333333,643.75,1
2196,2195.9999999999145,554.296875,553.8333333333334,463.54,1
2197,2196.999999999915,554.4375,553.9,537.5,1
2198,2197.9999999999145,554.578125,554.1666666666666,411.46,1
2199,2198.9999999999145,554.711979,554.2666666666667,445.31,1
2200,2199.9999999999145,554.854167,554.3,554.17,1
2201,2200.9999999999145,554.996354,554.5333333333333,463.02,1
2202,2201.9999999999145,555.139583,554.6333333333333,506.25,1
2203,2202.9999999999145,555.340625,554.7,640.62,1
2204,2203.9999999999145,555.541667,555.0,541.67,1
2205,2204.9999999999145,555.742708,555.1666666666666,576.04,1
2206,2205.999999999915,555.970833,555.3666666666667,604.17,1
2207,2206.9999999999145,556.1989580000002,555.5333333333333,665.62,1
2208,2207.9999999999145,556.427083,555.5666666666667,860.42,1
2209,2208.999999999915,556.65013,556.1666666666666,483.46,1
2210,2209.999999999915,556.8731769999998,556.2,673.18,1
2211,2210.999999999915,557.096224,556.4,696.22,1
2212,2211.999999999915,557.319271,556.8,519.27,1
2213,2212.999999999914,557.618229,557.0333333333333,584.9,1
2214,2213.999999999914,557.849479,557.2333333333333,616.15,1
2215,2214.999999999914,558.018229,557.3666666666667,651.56,1
2216,2215.999999999914,558.15625,557.6,556.25,1
2217,2216.999999999913,558.302604,557.8666666666667,435.94,1
2218,2217.9999999999127,558.469011,558.0,469.01,1
2219,2218.999999999913,558.635417,558.2333333333333,402.08,1
2220,2219.999999999913,558.770313,558.2666666666667,503.65,1
2221,2220.9999999999127,558.910677,558.7666666666667,144.01,1
2222,2221.9999999999127,559.0510419999998,558.8,251.04,1
2223,2222.999999999913,559.181771,558.8333333333334,348.44,1
2224,2223.9999999999127,559.333073,558.8666666666667,466.41,1
2225,2224.9999999999127,559.484375,559.0666666666667,417.71,1
2226,2225.9999999999127,559.64375,559.2,443.75,1
2227,2226.9999999999127,559.8597219999998,559.3333333333334,526.39,1
2228,2227.9999999999127,560.075695,559.4666666666667,609.03,1
2229,2228.9999999999127,560.291667,559.6333333333333,658.33,1
2230,2229.999999999913,560.550174,559.6666666666666,883.51,1
2231,2230.999999999913,560.808681,559.7333333333333,1075.35,1
2232,2231.999999999913,561.067188,559.7666666666667,1300.52,1
2233,2232.999999999913,561.327213,560.2666666666667,1060.55,1
2234,2233.999999999914,561.5872400000002,560.3333333333334,1253.91,1
2235,2234.999999999913,561.847266,561.1666666666666,680.6,1
2236,2235.999999999913,562.107291,561.4333333333333,673.96,1
2237,2236.9999999999127,562.435417,561.6666666666666,768.75,1
2238,2237.9999999999127,562.646875,561.9,746.88,1
2239,2238.999999999912,562.81875,562.0666666666667,752.08,1
2240,2239.999999999912,562.970312,562.2666666666667,703.65,1
2241,2240.999999999912,563.138542,562.6666666666666,471.88,1
2242,2241.9999999999063,563.298438,562.8333333333334,465.1,1
2243,2242.9999999999063,563.458333,563.0,458.33,1
2244,2243.9999999999063,563.590625,563.1,490.63,1
2245,2244.9999999999063,563.733594,563.1333333333333,600.26,1
2246,2245.9999999999063,563.876562,563.2,676.56,1
2247,2246.9999999999063,564.005729,563.6,405.73,1
2248,2247.9999999999063,564.135677,563.8666666666667,269.01,1
2249,2248.9999999999063,564.265625,564.3333333333334,67.71,1
2250,2249.999999999906,564.392709,564.4333333333333,40.62,1
2251,2250.9999999999063,564.520052,564.6,79.95,1
2252,2251.9999999999063,564.647396,564.7,52.6,1
2253,2252.999999999906,564.775,564.7333333333333,41.67,1
2254,2253.9999999999063,564.8947919999998,564.7666666666667,128.13,1
2255,2254.9999999999063,565.014583,564.8333333333334,181.25,1
2256,2255.999999999906,565.14375,564.8666666666667,277.08,1
2257,2256.9999999999063,565.273958,565.0,273.96,1
2258,2257.999999999906,565.404166,565.1666666666666,237.5,1
2259,2258.999999999906,565.527084,565.2333333333333,293.75,1
2260,2259.999999999906,565.6916669999998,565.3666666666667,325.0,1
2261,2260.999999999906,565.85625,565.4,456.25,1
2262,2261.999999999906,566.028646,565.5666666666667,461.98,1
2263,2262.9999999999063,566.191927,565.7666666666667,425.26,1
2264,2263.999999999906,566.355209,565.8333333333334,521.88,1
2265,2264.999999999906,566.6677080000002,565.8666666666667,801.04,1
2266,2265.999999999906,566.89375,566.0333333333333,860.42,1
2267,2266.999999999905,567.029688,566.1,929.69,1
2268,2267.9999999999045,567.198437,566.6666666666666,531.77,1
2269,2268.9999999999045,567.334375,567.0666666666667,267.71,1
2270,2269.9999999999036,567.466667,567.2,266.67,1
2271,2270.9999999999036,567.592708,567.4666666666667,126.04,1
2272,2271.999999999903,567.758854,567.7,58.85,1
2273,2272.9999999999022,567.891667,567.8666666666667,25.0,1
2274,2273.9999999999027,568.003125,567.9,103.12,1
2275,2274.9999999999022,568.1484379999998,568.9,751.56,1
2276,2275.9999999999022,568.29375,568.9333333333333,639.58,1
2277,2276.9999999999022,568.534375,568.9666666666667,432.29,1
2278,2277.9999999999022,568.720313,569.0,279.69,1
2279,2278.9999999999013,568.845312,569.0666666666667,221.35,1
2280,2279.9999999999004,569.001042,569.1,98.96,1
2281,2280.9999999999004,569.153125,569.3333333333334,180.21,1
2282,2281.9999999999,569.284375,570.6666666666666,1382.29,1
2283,2282.999999999899,569.409375,571.4666666666667,2057.29,1
2284,2283.9999999998986,569.5625,571.6666666666666,2104.17,1
2285,2284.999999999898,569.675521,572.2333333333333,2557.81,1
2286,2285.999999999898,569.798437,572.2666666666667,2468.23,1
2287,2286.9999999998986,569.9372400000002,572.4333333333333,2496.09,1
2288,2287.999999999898,570.076042,572.5666666666667,2490.62,1
2289,2288.999999999898,570.190104,572.6,2409.9,1
2290,2289.999999999898,570.3010419999998,572.6333333333333,2332.29,1
2291,2290.9999999998986,570.419792,572.6666666666666,2246.87,1
2292,2291.999999999898,570.557292,572.7333333333333,2176.04,1
2293,2292.999999999892,570.6640629999998,572.7666666666667,2102.6,1
2294,2293.999999999892,570.7854169999998,572.8,2014.58,1
2295,2294.9999999998927,570.880729,572.8333333333334,1952.6,1
2296,2295.9999999998918,570.991667,572.8666666666667,1875.0,1
2297,2296.999999999892,571.0895830000002,572.9,1810.42,1
2298,2297.999999999892,571.211458,572.9333333333333,1721.88,1
2299,2298.999999999892,571.321875,573.8,2478.12,1
2300,2299.9999999998918,571.444271,577.0,5555.73,1
2301,2300.9999999998918,571.5510419999998,578.0333333333333,6482.29,1
2302,2301.9999999998913,571.665625,578.1666666666666,6501.04,1
2303,2302.9999999998913,571.779167,579.0,7220.83,1
2304,2303.9999999998913,571.8671879999998,579.0333333333333,7166.15,1
2305,2304.9999999998913,572.000521,579.0666666666667,7066.15,1
2306,2305.9999999998913,572.120312,579.8333333333334,7713.02,1
2307,2306.999999999891,572.288542,580.3666666666667,8078.12,1
2308,2307.999999999891,572.439063,580.3666666666667,7927.6,1
2309,2308.999999999891,572.545833,580.3666666666667,7820.83,1
2310,2309.999999999891,572.657291,580.3666666666667,7709.38,1
2311,2310.999999999891,572.7697919999998,580.3666666666667,7596.87,1
2312,2311.9999999998913,572.885417,580.3666666666667,7481.25,1
2313,2312.9999999998913,572.9885419999998,580.3666666666667,7378.12,1
2314,2313.9999999998913,573.127431,580.3666666666667,7239.24,1
2315,2314.9999999998913,573.2663190000002,580.3666666666667,7100.35,1
2316,2315.999999999891,573.405208,580.3666666666667,6961.46,1
2317,2316.999999999891,573.5538190000002,580.3666666666667,6812.85,1
2318,2317.999999999891,573.7024309999998,580.3666666666667,6664.24,1
2319,2318.999999999891,573.851042,580.3666666666667,6515.62,1
2320,2319.9999999998913,574.013889,580.3666666666667,6352.78,1
2321,2320.9999999998927,574.176736,580.3666666666667,6189.93,1
2322,2321.9999999998913,574.339584,580.3666666666667,6027.08,1
2323,2322.9999999998913,574.514583,580.3666666666667,5852.08,1
2324,2323.9999999998927,574.689583,580.3666666666667,5677.08,1
2325,2324.9999999998913,574.864583,580.3666666666667,5502.08,1
2326,2325.9999999998918,575.022743,580.3666666666667,5343.92,1
2327,2326.9999999998913,575.1809030000002,580.3666666666667,5185.76,1
2328,2327.9999999998913,575.339062,580.3666666666667,5027.6,1
2329,2328.999999999891,575.497222,580.3666666666667,4869.44,1
2330,2329.9999999998913,575.655382,580.3666666666667,4711.28,1
2331,2330.99999999989,575.813542,580.3666666666667,4553.12,1
2332,2331.999999999891,575.939844,580.3666666666667,4426.82,1
2333,2332.9999999998913,576.066146,580.3666666666667,4300.52,1
2334,2333.999999999891,576.192448,580.3666666666667,4174.22,1
2335,2334.999999999891,576.31875,580.3666666666667,4047.92,1
2336,2335.9999999998913,576.4450519999998,580.3666666666667,3921.61,1
2337,2336.999999999891,576.571354,580.3666666666667,3795.31,1
