beat_idx,gt_beat,gt_time_s,pred_time_s,err_ms,ok
0,0.0,0.971875,0.0,971.88,1
1,1.0000000000000002,1.197396,0.03333333333333333,1164.06,1
2,2.0000000000000004,1.422916,0.06666666666666667,1356.25,1
3,3.000000000000001,1.6182290000000001,0.1,1518.23,1
4,4.000000000000001,1.8192709999999999,0.16666666666666666,1652.6,1
5,5.000000000000001,2.0203130000000002,0.9333333333333333,1086.98,1
6,6.000000000000001,2.225521,0.9666666666666667,1258.85,1
7,7.0,2.401129,1.0,1401.13,1
8,8.000000000000002,2.576736,1.0666666666666667,1510.07,1
9,9.000000000000002,2.752344,1.1,1652.34,1
10,10.000000000000002,2.927952,1.1333333333333333,1794.62,1
11,11.000000000000004,3.103559,1.1666666666666667,1936.89,1
12,12.000000000000004,3.2791669999999997,1.2,2079.17,1
13,13.000000000000004,3.515278,2.3,1215.28,1
14,14.000000000000002,3.751389,3.2666666666666666,484.72,1
15,15.000000000000002,3.9875,3.3,687.5,1
16,16.000000000000004,4.196875,3.3333333333333335,863.54,1
17,17.000000000000004,4.40625,3.4,1006.25,1
18,18.000000000000004,4.615625,4.466666666666667,148.96,1
19,19.0,4.825,4.8,25.0,1
20,20.0,5.034375,5.0,34.37,1
21,21.000000000000004,5.24375,5.066666666666666,177.08,1
22,22.000000000000004,5.402083,5.266666666666667,135.42,1
23,23.000000000000007,5.560417,5.433333333333334,127.08,1
24,24.000000000000018,5.796875,5.8,3.12,1
25,25.000000000000007,5.998958,5.866666666666666,132.29,1
26,26.000000000000007,6.201042,5.933333333333334,267.71,1
27,27.000000000000014,6.406771,6.2,206.77,1
28,28.00000000000001,6.607811999999999,6.266666666666667,341.15,1
29,29.000000000000025,6.808853999999999,6.766666666666667,42.19,1
30,30.000000000000018,7.025521,6.933333333333334,92.19,1
31,31.000000000000018,7.220225999999999,7.033333333333333,186.89,1
32,32.00000000000002,7.414931,7.066666666666666,348.26,1
33,33.00000000000002,7.609635000000001,7.333333333333333,276.3,1
34,34.00000000000002,7.80434,7.533333333333333,271.01,1
35,35.00000000000002,7.999045,7.7,299.04,1
36,36.00000000000002,8.19375,8.0,193.75,1
37,37.00000000000002,8.441667,8.166666666666666,275.0,1
38,38.00000000000002,8.689583,8.533333333333333,156.25,1
39,39.000000000000036,8.9375,8.866666666666667,70.83,1
40,40.00000000000002,9.153993,9.0,153.99,1
41,41.00000000000002,9.370486,9.066666666666666,303.82,1
42,42.00000000000002,9.586979,9.1,486.98,1
43,43.00000000000002,9.803472,9.133333333333333,670.14,1
44,44.00000000000003,10.019965,9.2,819.96,1
45,45.00000000000003,10.236458,9.933333333333334,303.12,1
46,46.00000000000002,10.403645,10.2,203.64,1
47,47.000000000000036,10.570833,10.566666666666666,4.17,1
48,48.000000000000036,10.810937,10.8,10.94,1
49,49.000000000000036,10.987847,10.9,87.85,1
50,50.000000000000036,11.164757,10.933333333333334,231.42,1
51,51.000000000000036,11.341667,11.033333333333333,308.33,1
52,52.000000000000036,11.538889,11.533333333333333,5.56,1
53,53.00000000000003,11.736111,11.6,136.11,1
54,54.000000000000036,11.933333,11.633333333333333,300.0,1
55,55.00000000000003,12.145660000000001,12.1,45.66,1
56,56.00000000000002,12.357986,12.766666666666667,408.68,1
57,57.00000000000003,12.570313,12.966666666666667,396.35,1
58,58.00000000000003,12.765551,13.4,634.45,1
59,59.00000000000003,12.960789,13.8,839.21,1
60,60.00000000000003,13.156026999999998,13.833333333333334,677.31,1
61,61.00000000000002,13.351265,13.866666666666667,515.4,1
62,62.00000000000003,13.546503,13.9,353.5,1
63,63.00000000000003,13.741741000000001,13.966666666666667,224.93,1
64,64.00000000000003,13.936979999999998,14.0,63.02,1
65,65.00000000000003,14.120938,14.033333333333333,87.6,1
66,66.00000000000003,14.304896,14.2,104.9,1
67,67.00000000000003,14.488854000000002,14.4,88.85,1
68,68.00000000000003,14.672813,14.6,72.81,1
69,69.00000000000003,14.856770999999998,14.8,56.77,1
70,70.00000000000003,15.040729,15.6,559.27,1
71,71.00000000000003,15.224688,15.866666666666667,641.98,1
72,72.00000000000003,15.408646,15.9,491.35,1
73,73.00000000000003,15.592604000000001,15.933333333333334,340.73,1
74,74.00000000000003,15.776563000000001,15.966666666666667,190.1,1
75,75.00000000000004,15.977604999999999,16.033333333333335,55.73,1
76,76.00000000000003,16.183594,16.066666666666666,116.93,1
77,77.00000000000003,16.389583,16.1,289.58,1
78,78.00000000000003,16.6,16.333333333333332,266.67,1
79,79.00000000000004,16.801042000000002,16.366666666666667,434.38,1
80,80.00000000000003,17.002083,16.833333333333332,168.75,1
81,81.00000000000003,17.203125,17.233333333333334,30.21,1
82,82.00000000000003,17.404167,17.566666666666666,162.5,1
83,83.00000000000004,17.605207999999998,17.666666666666668,61.46,1
84,84.00000000000003,17.80625,17.766666666666666,39.58,1
85,85.00000000000004,18.075174,17.833333333333332,241.84,1
86,86.00000000000004,18.344097,17.933333333333334,410.76,1
87,87.00000000000006,18.613021,18.866666666666667,253.65,1
88,88.00000000000004,18.801354,18.933333333333334,131.98,1
89,89.00000000000004,18.989688,19.0,10.31,1
90,90.00000000000004,19.178020999999998,19.4,221.98,1
91,91.00000000000004,19.366354,19.433333333333334,66.98,1
92,92.00000000000006,19.554688,19.466666666666665,88.02,1
93,93.00000000000007,19.792707999999998,19.5,292.71,1
94,94.00000000000006,19.95052,19.566666666666666,383.85,1
95,95.00000000000007,20.108333,20.1,8.33,1
96,96.0000000000001,20.35,20.333333333333332,16.67,1
97,97.00000000000007,20.565885,20.366666666666667,199.22,1
98,98.00000000000009,20.781771,20.766666666666666,15.1,1
99,99.00000000000009,20.988021,20.9,88.02,1
100,100.00000000000009,21.209375,20.966666666666665,242.71,1
101,101.00000000000013,21.43073,21.4,30.73,1
102,102.00000000000009,21.636459,21.566666666666666,69.79,1
103,103.0000000000001,21.825347,21.633333333333333,192.01,1
104,104.0000000000001,22.014236,21.8,214.24,1
105,105.00000000000009,22.203125,22.266666666666666,63.54,1
106,106.00000000000009,22.392014,22.4,7.99,1
107,107.00000000000009,22.580903,22.566666666666666,14.24,1
108,108.0000000000001,22.769792000000002,22.633333333333333,136.46,1
109,109.0000000000001,23.028472,22.9,128.47,1
110,110.0000000000001,23.287153,23.1,187.15,1
111,111.00000000000017,23.545833,23.566666666666666,20.83,1
112,112.0000000000001,23.752083,23.633333333333333,118.75,1
113,113.00000000000013,23.958333,23.966666666666665,8.33,1
114,114.00000000000013,24.164583,24.066666666666666,97.92,1
115,115.0000000000001,24.370832999999998,24.1,270.83,1
116,116.0000000000001,24.577083,24.133333333333333,443.75,1
117,117.0000000000001,24.783333,24.766666666666666,16.67,1
118,118.00000000000013,24.936458,25.0,63.54,1
119,119.00000000000013,25.089582999999998,25.2,110.42,1
120,120.00000000000013,25.307292,25.4,92.71,1
121,121.00000000000014,25.480207999999998,25.466666666666665,13.54,1
122,122.00000000000013,25.653125,25.533333333333335,119.79,1
123,123.00000000000014,25.826042,25.733333333333334,92.71,1
124,124.00000000000014,26.010070000000002,25.866666666666667,143.4,1
125,125.00000000000014,26.194097,25.9,294.1,1
126,126.0000000000002,26.378125,25.966666666666665,411.46,1
127,127.00000000000014,26.614929999999998,26.0,614.93,1
128,128.00000000000014,26.851736,26.7,151.74,1
129,129.00000000000014,27.088540999999996,27.033333333333335,55.21,1
130,130.00000000000014,27.296353999999997,27.366666666666667,70.31,1
131,131.00000000000014,27.504167,27.6,95.83,1
132,132.00000000000014,27.711979,27.8,88.02,1
133,133.00000000000014,27.919790999999996,28.033333333333335,113.54,1
134,134.00000000000014,28.127603999999998,28.2,72.4,1
135,135.00000000000014,28.335417,28.433333333333334,97.92,1
136,136.0000000000002,28.543228999999997,28.633333333333333,90.1,1
137,137.00000000000014,28.691862,28.766666666666666,74.8,1
138,138.00000000000014,28.840495,29.033333333333335,192.84,1
139,139.00000000000014,28.989128000000004,29.233333333333334,244.21,1
140,140.00000000000014,29.137759999999997,29.366666666666667,228.91,1
141,141.00000000000014,29.286393,30.066666666666666,780.27,1
142,142.00000000000014,29.435026,30.1,664.97,1
143,143.00000000000014,29.583659,30.166666666666668,583.01,1
144,144.00000000000014,29.732291999999998,30.2,467.71,1
145,145.00000000000014,29.939584000000004,30.233333333333334,293.75,1
146,146.0000000000002,30.146875,30.266666666666666,119.79,1
147,147.00000000000014,30.344790999999997,30.333333333333332,11.46,1
148,148.00000000000014,30.520833000000003,30.6,79.17,1
149,149.00000000000017,30.679167,30.7,20.83,1
150,150.0000000000002,30.841666999999998,30.833333333333332,8.33,1
151,151.00000000000028,31.008333,30.966666666666665,41.67,1
152,152.00000000000026,31.186458000000002,31.166666666666668,19.79,1
153,153.00000000000028,31.35,31.333333333333332,16.67,1
154,154.00000000000028,31.557291999999997,31.366666666666667,190.63,1
155,155.00000000000028,31.764583000000002,31.666666666666668,97.92,1
156,156.00000000000034,31.971875,31.733333333333334,238.54,1
157,157.00000000000028,32.145833,32.1,45.83,1
158,158.00000000000034,32.313542,32.36666666666667,53.12,1
159,159.00000000000034,32.492188,32.666666666666664,174.48,1
160,160.00000000000034,32.703125,32.766666666666666,63.54,1
161,161.00000000000034,32.916667,32.86666666666667,50.0,1
162,162.00000000000034,33.071875,33.0,71.87,1
163,163.00000000000034,33.236458,33.13333333333333,103.12,1
164,164.00000000000034,33.389583,33.333333333333336,56.25,1
165,165.00000000000028,33.597396,33.6,2.6,1
166,166.0000000000003,33.826042,33.96666666666667,140.62,1
167,167.00000000000034,34.054167,34.166666666666664,112.5,1
168,168.00000000000028,34.328125,34.36666666666667,38.54,1
169,169.00000000000028,34.530209,34.46666666666667,63.54,1
170,170.00000000000028,34.732292,34.733333333333334,1.04,1
171,171.0000000000003,34.927603999999995,34.9,27.6,1
172,172.00000000000037,35.11875,35.1,18.75,1
173,173.00000000000028,35.272917,35.266666666666666,6.25,1
174,174.00000000000028,35.441666999999995,35.5,58.33,1
175,175.00000000000026,35.628125,35.6,28.12,1
176,176.00000000000026,35.802083,35.7,102.08,1
177,177.00000000000028,35.971875,35.96666666666667,5.21,1
178,178.0000000000002,36.234375,36.0,234.38,1
179,179.00000000000017,36.496875,36.733333333333334,236.46,1
180,180.0000000000002,36.759375,36.833333333333336,73.96,1
181,181.0000000000002,37.042708000000005,37.0,42.71,1
182,182.00000000000026,37.226042,37.3,73.96,1
183,183.00000000000017,37.4,37.43333333333333,33.33,1
184,184.00000000000014,37.56875,37.53333333333333,35.42,1
185,185.00000000000014,37.730208000000005,37.766666666666666,36.46,1
186,186.00000000000017,37.908334,37.833333333333336,75.0,1
187,187.0000000000002,38.095833,38.13333333333333,37.5,1
188,188.00000000000014,38.258333,38.233333333333334,25.0,1
189,189.0000000000001,38.485937,38.4,85.94,1
190,190.0000000000001,38.703125,38.766666666666666,63.54,1
191,191.0000000000001,38.966667,39.3,333.33,1
192,192.00000000000017,39.442708,40.166666666666664,723.96,1
193,193.00000000000017,39.8375,40.233333333333334,395.83,1
194,194.00000000000017,40.040625,40.266666666666666,226.04,1
195,195.00000000000017,40.169792,40.36666666666667,196.87,1
196,196.00000000000017,40.417709,40.4,17.71,1
197,197.00000000000017,40.608333,40.733333333333334,125.0,1
198,198.0000000000002,40.917708000000005,40.766666666666666,151.04,1
199,199.0000000000002,41.213542,40.8,413.54,1
200,200.00000000000017,41.373959,40.86666666666667,507.29,1
201,201.00000000000017,41.534375,41.53333333333333,1.04,1
202,202.00000000000014,41.811458,41.6,211.46,1
203,203.00000000000017,41.977083,42.13333333333333,156.25,1
204,204.00000000000017,42.165625,42.166666666666664,1.04,1
205,205.00000000000017,42.340625,42.36666666666667,26.04,1
206,206.00000000000017,42.498438,42.5,1.56,1
207,207.00000000000017,42.794792,42.56666666666667,228.13,1
208,208.00000000000017,43.071354,42.6,471.35,1
209,209.00000000000017,43.19375,43.2,6.25,1
210,210.00000000000017,43.477083,43.4,77.08,1
211,211.00000000000017,43.741667,43.63333333333333,108.33,1
212,212.00000000000017,43.928125,44.166666666666664,238.54,1
213,213.0000000000002,44.136458000000005,44.36666666666667,230.21,1
214,214.00000000000017,44.425,44.56666666666667,141.67,1
215,215.0000000000002,44.647396,44.766666666666666,119.27,1
216,216.0000000000002,45.053012,45.0,53.01,1
217,217.0000000000002,45.46887,45.06666666666667,402.2,1
218,218.0000000000002,45.64561,45.7,54.39,1
219,219.0000000000002,45.785416999999995,45.766666666666666,18.75,1
220,220.0000000000002,45.993891,46.06666666666667,72.78,1
221,221.00000000000028,46.274595,46.3,25.4,1
222,222.0000000000003,46.544792,46.4,144.79,1
223,223.0000000000003,46.782292,46.8,17.71,1
224,224.0000000000003,46.966667,46.96666666666667,0.0,1
225,225.0000000000003,47.170833,47.3,129.17,1
226,226.0000000000003,47.436458,47.46666666666667,30.21,1
227,227.0000000000003,47.603646000000005,47.6,3.65,1
228,228.0000000000003,47.770834,47.766666666666666,4.17,1
229,229.0000000000003,47.983854,47.833333333333336,150.52,1
230,230.0000000000003,48.165625,48.13333333333333,32.29,1
231,231.0000000000003,48.383854,48.43333333333333,49.48,1
232,232.0000000000003,48.660938,48.46666666666667,194.27,1
233,233.00000000000034,48.85,48.666666666666664,183.33,1
234,234.00000000000037,49.219792,49.233333333333334,13.54,1
235,235.00000000000037,49.477083,49.46666666666667,10.42,1
236,236.00000000000037,49.694792,49.833333333333336,138.54,1
237,237.00000000000037,49.861459,49.93333333333333,71.87,1
238,238.00000000000037,50.157292,50.06666666666667,90.63,1
239,239.00000000000037,50.398438,50.36666666666667,31.77,1
240,240.00000000000037,50.777604,50.733333333333334,44.27,1
241,241.00000000000037,51.097916999999995,50.86666666666667,231.25,1
242,242.0000000000003,51.292708000000005,51.266666666666666,26.04,1
243,243.0000000000003,51.459375,51.3,159.38,1
244,244.00000000000034,51.713542,51.733333333333334,19.79,1
245,245.0000000000003,51.941666999999995,51.96666666666667,25.0,1
246,246.00000000000034,52.314584,52.1,214.58,1
247,247.00000000000037,52.604167000000004,52.266666666666666,337.5,1
248,248.00000000000037,52.791667000000004,52.93333333333333,141.67,1
249,249.00000000000037,52.964583999999995,53.166666666666664,202.08,1
250,250.0000000000004,53.160417,53.4,239.58,1
251,251.00000000000037,53.323958,53.56666666666667,242.71,1
252,252.0000000000004,53.6,53.6,0.0,1
253,253.00000000000037,53.803125,53.733333333333334,69.79,1
254,254.0000000000004,53.99114599999999,53.96666666666667,24.48,1
255,255.00000000000037,54.221354000000005,54.233333333333334,11.98,1
256,256.0000000000004,54.455208,54.43333333333333,21.87,1
257,257.00000000000034,54.758072999999996,54.6,158.07,1
258,258.00000000000045,55.060938,55.06666666666667,5.73,1
259,259.0000000000004,55.3375,55.36666666666667,29.17,1
260,260.0000000000004,55.530207999999995,55.53333333333333,3.13,1
261,261.00000000000045,55.72708299999999,55.733333333333334,6.25,1
262,262.0000000000004,55.96145799999999,56.03333333333333,71.88,1
263,263.00000000000045,56.26875,56.1,168.75,1
264,264.00000000000045,56.641667000000005,56.6,41.67,1
265,265.0000000000004,56.94375,56.93333333333333,10.42,1
266,266.0000000000004,57.138542,57.1,38.54,1
267,267.00000000000045,57.376042000000005,57.36666666666667,9.38,1
268,268.00000000000045,57.633855000000004,57.53333333333333,100.52,1
269,269.00000000000045,57.841667,57.86666666666667,25.0,1
270,270.00000000000045,58.1125,58.06666666666667,45.83,1
271,271.0000000000004,58.38229200000001,58.36666666666667,15.63,1
272,272.0000000000004,58.578646,58.666666666666664,88.02,1
273,273.00000000000045,58.775,58.86666666666667,91.67,1
274,274.0000000000004,59.075,59.0,75.0,1
275,275.0000000000005,59.276042000000004,59.13333333333333,142.71,1
276,276.0000000000005,59.478646,59.63333333333333,154.69,1
277,277.0000000000005,59.744792000000004,59.666666666666664,78.13,1
278,278.0000000000005,59.936457999999995,59.93333333333333,3.12,1
279,279.0000000000005,60.207292,59.96666666666667,240.63,1
280,280.0000000000005,60.472395999999996,60.43333333333333,39.06,1
281,281.0000000000005,60.73125,60.766666666666666,35.42,1
282,282.0000000000005,61.10677,60.833333333333336,273.44,1
283,283.0000000000005,61.416667000000004,60.9,516.67,1
284,284.0000000000005,61.610417000000005,61.733333333333334,122.92,1
285,285.0000000000005,61.902083999999995,62.2,297.92,1
286,286.0000000000004,62.21875,62.233333333333334,14.58,1
287,287.0000000000005,62.574479000000004,62.266666666666666,307.81,1
288,288.0000000000004,62.939583999999996,62.666666666666664,272.92,1
289,289.0000000000005,63.24166700000001,63.233333333333334,8.33,1
290,290.0000000000005,63.41458299999999,63.4,14.58,1
291,291.0000000000005,63.682292000000004,63.43333333333333,248.96,1
292,292.0000000000005,63.932292000000004,63.9,32.29,1
293,293.00000000000057,64.16770799999999,64.13333333333334,34.37,1
294,294.0000000000005,64.419792,64.26666666666667,153.13,1
295,295.00000000000057,64.657292,64.3,357.29,1
296,296.0000000000005,64.840625,64.93333333333334,92.71,1
297,297.00000000000057,65.0375,65.26666666666667,229.17,1
298,298.0000000000005,65.221875,65.3,78.12,1
299,299.00000000000057,65.420833,65.36666666666666,54.17,1
300,300.0000000000005,65.695313,65.66666666666667,28.65,1
301,301.00000000000057,65.889583,65.86666666666666,22.92,1
302,302.0000000000005,66.104167,66.03333333333333,70.83,1
303,303.00000000000057,66.371875,66.1,271.88,1
304,304.00000000000057,66.586458,66.13333333333334,453.12,1
305,305.0000000000006,66.761979,66.66666666666667,95.31,1
306,306.00000000000057,67.082813,67.0,82.81,1
307,307.0000000000006,67.314583,67.33333333333333,18.75,1
308,308.0000000000006,67.526042,67.63333333333334,107.29,1
309,309.0000000000006,67.720313,67.8,79.69,1
310,310.0000000000006,68.0,67.83333333333333,166.67,1
311,311.0000000000006,68.278125,67.86666666666666,411.46,1
312,312.0000000000006,68.706771,67.93333333333334,773.44,1
313,313.0000000000006,68.952083,68.66666666666667,285.42,1
314,314.0000000000006,69.14479200000001,69.13333333333334,11.46,1
315,315.0000000000006,69.378125,69.33333333333333,44.79,1
316,316.0000000000006,69.6625,69.63333333333334,29.17,1
317,317.0000000000006,69.884375,69.66666666666667,217.71,1
318,318.0000000000007,70.186459,70.2,13.54,1
319,319.0000000000007,70.440625,70.26666666666667,173.96,1
320,320.0000000000007,70.630729,70.33333333333333,297.4,1
321,321.0000000000007,70.820833,70.8,20.83,1
322,322.0000000000007,71.041146,71.03333333333333,7.81,1
323,323.0000000000007,71.227083,71.23333333333333,6.25,1
324,324.0000000000007,71.510938,71.43333333333334,77.6,1
325,325.00000000000057,71.713542,71.66666666666667,46.88,1
326,326.0000000000006,71.905208,71.9,5.21,1
327,327.0000000000007,72.200521,72.13333333333334,67.19,1
328,328.0000000000007,72.425,72.46666666666667,41.67,1
329,329.0000000000007,72.59791700000001,72.8,202.08,1
330,330.0000000000007,72.76875,72.93333333333334,164.58,1
331,331.0000000000006,72.99375,73.2,206.25,1
332,332.0000000000007,73.121875,73.53333333333333,411.46,1
333,333.0000000000007,73.403646,73.56666666666666,163.02,1
334,334.00000000000074,73.604687,73.6,4.69,1
335,335.00000000000074,73.79375,73.76666666666667,27.08,1
336,336.0000000000008,74.01875,73.96666666666667,52.08,1
337,337.0000000000008,74.219792,74.2,19.79,1
338,338.0000000000008,74.439063,74.46666666666667,27.6,1
339,339.0000000000008,74.742708,74.66666666666667,76.04,1
340,340.00000000000085,74.947917,74.8,147.92,1
341,341.0000000000008,75.161458,74.9,261.46,1
342,342.00000000000085,75.310417,76.13333333333334,822.92,1
343,343.00000000000085,75.545833,76.26666666666667,720.83,1
344,344.0000000000009,75.654167,76.3,645.83,1
345,345.0000000000009,75.886459,76.33333333333333,446.87,1
346,346.0000000000009,76.103125,76.4,296.88,1
347,347.0000000000009,76.245312,76.43333333333334,188.02,1
348,348.00000000000097,76.53072900000001,76.53333333333333,2.6,1
349,349.0000000000009,76.721614,76.73333333333333,11.72,1
350,350.00000000000097,76.9125,76.9,12.5,1
351,351.000000000001,77.070833,77.16666666666667,95.83,1
352,352.000000000001,77.247917,77.76666666666667,518.75,1
353,353.000000000001,77.460417,77.9,439.58,1
354,354.0000000000011,77.638542,77.93333333333334,294.79,1
355,355.0000000000011,77.846875,77.96666666666667,119.79,1
356,356.0000000000011,78.055208,78.0,55.21,1
357,357.0000000000011,78.182291,78.16666666666667,15.62,1
358,358.00000000000114,78.390625,78.53333333333333,142.71,1
359,359.00000000000125,78.588542,78.73333333333333,144.79,1
360,360.00000000000125,78.757292,78.8,42.71,1
361,361.00000000000125,78.963021,78.86666666666666,96.35,1
362,362.00000000000114,79.16875,79.0,168.75,1
363,363.0000000000013,79.324479,79.43333333333334,108.85,1
364,364.0000000000013,79.5,80.0,500.0,1
365,365.0000000000013,79.703125,80.06666666666666,363.54,1
366,366.0000000000014,79.865625,80.1,234.38,1
367,367.0000000000014,80.080208,80.13333333333334,53.13,1
368,368.0000000000015,80.294792,80.2,94.79,1
369,369.0000000000014,80.421875,80.23333333333333,188.54,1
370,370.0000000000013,80.614583,80.63333333333334,18.75,1
371,371.00000000000165,80.8125,81.0,187.5,1
372,372.00000000000153,81.06666700000001,81.06666666666666,0.0,1
373,373.00000000000153,81.29739599999999,81.16666666666667,130.73,1
374,374.0000000000016,81.528125,81.3,228.13,1
375,375.0000000000017,81.763542,81.73333333333333,30.21,1
376,376.0000000000015,81.963542,82.36666666666666,403.12,1
377,377.00000000000176,82.153125,82.43333333333334,280.21,1
378,378.0000000000017,82.321875,82.46666666666667,144.79,1
379,379.0000000000018,82.486458,82.73333333333333,246.88,1
380,380.00000000000176,82.655208,82.9,244.79,1
381,381.0000000000019,82.830208,82.93333333333334,103.13,1
382,382.0000000000019,83.01875,83.16666666666667,147.92,1
383,383.000000000002,83.1875,83.4,212.5,1
384,384.0000000000019,83.398958,83.46666666666667,67.71,1
385,385.0000000000019,83.651042,83.73333333333333,82.29,1
386,386.0000000000019,83.903125,84.13333333333334,230.21,1
387,387.000000000002,84.155208,84.16666666666667,11.46,1
388,388.0000000000019,84.387831,84.2,187.83,1
389,389.000000000002,84.62045400000001,84.23333333333333,387.12,1
390,390.0000000000019,84.853077,84.3,553.08,1
391,391.000000000002,85.085701,84.33333333333333,752.37,1
392,392.0000000000019,85.318324,84.36666666666666,951.66,1
393,393.0000000000019,85.550947,84.4,1150.95,1
394,394.0000000000019,85.78357,84.46666666666667,1316.9,1
395,395.0000000000018,86.016193,84.5,1516.19,1
396,396.0000000000019,86.248816,84.53333333333333,1715.48,1
397,397.00000000000193,86.481439,84.56666666666666,1914.77,1
398,398.000000000002,86.714063,85.06666666666666,1647.4,1
399,399.0000000000018,86.915104,86.56666666666666,348.44,1
400,400.000000000002,87.141927,86.9,241.93,1
401,401.0000000000018,87.36875,87.1,268.75,1
402,402.00000000000205,87.573437,87.26666666666667,306.77,1
403,403.00000000000205,87.765365,87.3,465.37,1
404,404.000000000002,87.95729200000001,87.33333333333333,623.96,1
405,405.00000000000205,88.14921899999999,87.4,749.22,1
406,406.000000000002,88.341146,89.16666666666667,825.52,1
407,407.0000000000019,88.533073,89.36666666666666,833.59,1
408,408.0000000000021,88.725,89.4,675.0,1
409,409.00000000000205,88.97066,89.43333333333334,462.67,1
410,410.000000000002,89.21632,89.46666666666667,250.35,1
411,411.00000000000205,89.46198000000001,89.53333333333333,71.35,1
412,412.000000000002,89.667622,89.63333333333334,34.29,1
413,413.0000000000019,89.873264,89.96666666666667,93.4,1
414,414.00000000000216,90.078906,90.6,521.09,1
415,415.00000000000205,90.284548,90.63333333333334,348.79,1
416,416.000000000002,90.49019100000001,90.66666666666667,176.48,1
417,417.00000000000205,90.695833,90.7,4.17,1
418,418.000000000002,90.856771,90.83333333333333,23.44,1
419,419.00000000000205,91.017708,90.93333333333334,84.37,1
420,420.00000000000205,91.266667,91.26666666666667,0.0,1
421,421.0000000000021,91.49375,91.4,93.75,1
422,422.00000000000216,91.720833,91.46666666666667,254.17,1
423,423.0000000000021,91.9125,91.86666666666666,45.83,1
424,424.0000000000021,92.134636,91.9,234.64,1
425,425.00000000000216,92.356771,92.1,256.77,1
426,426.00000000000233,92.542709,92.36666666666666,176.04,1
427,427.00000000000216,92.731597,92.53333333333333,198.26,1
428,428.00000000000233,92.920486,92.56666666666666,353.82,1
429,429.00000000000216,93.109375,93.2,90.63,1
430,430.0000000000021,93.298264,93.26666666666667,31.6,1
431,431.00000000000216,93.487153,93.46666666666667,20.49,1
432,432.00000000000233,93.67604200000001,93.63333333333334,42.71,1
433,433.00000000000216,93.929861,93.73333333333333,196.53,1
434,434.00000000000233,94.183681,94.4,216.32,1
435,435.00000000000216,94.4375,94.53333333333333,95.83,1
436,436.00000000000216,94.656424,94.63333333333334,23.09,1
437,437.00000000000216,94.87534699999999,94.66666666666667,208.68,1
438,438.00000000000205,95.09427099999999,94.73333333333333,360.94,1
439,439.00000000000216,95.313195,94.76666666666667,546.53,1
440,440.0000000000022,95.53211800000001,94.8,732.12,1
441,441.00000000000233,95.751042,95.8,48.96,1
442,442.0000000000022,96.10625,96.2,93.75,1
443,443.0000000000022,96.461458,96.6,138.54,1
444,444.0000000000021,96.816666,96.8,16.67,1
445,445.0000000000022,96.98368,96.93333333333334,50.35,1
446,446.00000000000233,97.150694,97.0,150.69,1
447,447.00000000000233,97.317708,97.06666666666666,251.04,1
448,448.00000000000233,97.497916,97.53333333333333,35.42,1
449,449.0000000000022,97.678125,97.6,78.12,1
450,450.0000000000021,97.858333,97.63333333333334,225.0,1
451,451.0000000000022,98.092187,97.96666666666667,125.52,1
452,452.0000000000022,98.326042,98.63333333333334,307.29,1
453,453.0000000000025,98.559896,98.8,240.1,1
454,454.00000000000233,98.760863,99.23333333333333,472.47,1
455,455.0000000000022,98.96183,99.7,738.17,1
456,456.00000000000233,99.162798,99.86666666666666,703.87,1
457,457.0000000000022,99.363765,99.93333333333334,569.57,1
458,458.00000000000233,99.56473199999999,99.96666666666667,401.93,1
459,459.0000000000022,99.765699,100.0,234.3,1
460,460.00000000000233,99.966667,100.03333333333333,66.67,1
461,461.0000000000022,100.154583,100.1,54.58,1
462,462.00000000000233,100.3425,100.3,42.5,1
463,463.0000000000022,100.530417,100.36666666666666,163.75,1
464,464.00000000000233,100.718333,101.06666666666666,348.33,1
465,465.00000000000233,100.90625,101.26666666666667,360.42,1
466,466.00000000000233,101.094167,101.46666666666667,372.5,1
467,467.0000000000022,101.282083,102.06666666666666,784.58,1
468,468.00000000000233,101.47,102.1,630.0,1
469,469.0000000000022,101.657917,102.13333333333334,475.42,1
470,470.00000000000233,101.845833,102.16666666666667,320.83,1
471,471.0000000000024,102.054688,102.23333333333333,178.65,1
472,472.0000000000024,102.275521,102.26666666666667,8.85,1
473,473.00000000000233,102.496354,102.3,196.35,1
474,474.0000000000024,102.714062,102.36666666666666,347.4,1
475,475.0000000000024,102.909288,102.5,409.29,1
476,476.0000000000024,103.104514,102.9,204.51,1
477,477.00000000000244,103.29974,103.2,99.74,1
478,478.0000000000024,103.494966,103.66666666666667,171.7,1
479,479.0000000000024,103.690191,103.8,109.81,1
480,480.0000000000024,103.885417,103.86666666666666,18.75,1
481,481.00000000000233,104.149479,103.93333333333334,216.15,1
482,482.0000000000024,104.413542,104.46666666666667,53.12,1
483,483.00000000000244,104.677604,104.8,122.4,1
484,484.0000000000024,104.858333,104.9,41.67,1
485,485.00000000000244,105.03906200000002,105.1,60.94,1
486,486.00000000000244,105.219792,105.53333333333333,313.54,1
487,487.0000000000024,105.400521,105.56666666666666,166.15,1
488,488.00000000000244,105.58125,105.6,18.75,1
489,489.0000000000025,105.82083300000001,105.63333333333334,187.5,1
490,490.00000000000244,105.983333,105.8,183.33,1
491,491.0000000000025,106.14583300000001,106.13333333333334,12.5,1
492,492.0000000000025,106.40833300000001,106.4,8.33,1
493,493.00000000000256,106.632552,106.56666666666666,65.89,1
494,494.0000000000025,106.856771,106.6,256.77,1
495,495.00000000000256,107.06197900000001,107.03333333333333,28.65,1
496,496.0000000000027,107.287761,107.06666666666666,221.09,1
497,497.00000000000256,107.51354199999999,107.33333333333333,180.21,1
498,498.00000000000256,107.72031299999999,107.43333333333334,286.98,1
499,499.0000000000027,107.92873300000001,107.46666666666667,462.07,1
500,500.0000000000026,108.137153,107.8,337.15,1
501,501.00000000000256,108.345573,108.86666666666666,521.09,1
502,502.0000000000027,108.55399299999999,108.93333333333334,379.34,1
503,503.0000000000026,108.762413,109.06666666666666,304.25,1
504,504.00000000000256,108.97083300000001,109.3,329.17,1
505,505.0000000000026,109.24201399999998,109.33333333333333,91.32,1
506,506.0000000000026,109.513194,109.53333333333333,20.14,1
507,507.00000000000273,109.784375,109.8,15.62,1
508,508.0000000000027,109.99965300000001,109.93333333333334,66.32,1
509,509.0000000000027,110.214931,110.23333333333333,18.4,1
510,510.0000000000026,110.43020800000001,110.3,130.21,1
511,511.0000000000027,110.645486,110.33333333333333,312.15,1
512,512.0000000000026,110.86076399999999,110.36666666666666,494.1,1
513,513.0000000000026,111.07604199999999,110.43333333333334,642.71,1
514,514.0000000000026,111.36961799999999,110.63333333333334,736.28,1
515,515.0000000000026,111.66319399999999,110.9,763.19,1
516,516.0000000000026,111.956771,111.2,756.77,1
517,517.0000000000026,112.13194399999999,111.63333333333334,498.61,1
518,518.0000000000026,112.30711799999999,111.93333333333334,373.78,1
519,519.0000000000026,112.48229199999999,112.33333333333333,148.96,1
520,520.0000000000026,112.676736,112.43333333333334,243.4,1
521,521.0000000000026,112.871181,112.56666666666666,304.51,1
522,522.0000000000026,113.065625,112.6,465.63,1
523,523.0000000000026,113.29479199999999,112.83333333333333,461.46,1
524,524.0000000000025,113.52395800000001,113.86666666666666,342.71,1
525,525.0000000000026,113.753125,113.93333333333334,180.21,1
526,526.0000000000025,113.974566,114.2,225.43,1
527,527.0000000000026,114.19600700000001,114.4,203.99,1
528,528.0000000000026,114.417448,114.53333333333333,115.89,1
529,529.0000000000026,114.63888899999999,114.6,38.89,1
530,530.0000000000026,114.86033,115.23333333333333,373.0,1
531,531.0000000000025,115.081771,115.26666666666667,184.9,1
532,532.0000000000025,115.872222,115.33333333333333,538.89,1
533,533.0000000000026,116.662674,115.53333333333333,1129.34,1
534,534.0000000000026,117.453125,115.8,1653.13,1
535,534.9979166666692,117.577257,116.9,677.26,1
536,535.9979166666691,117.70138899999999,117.2,501.39,1
537,537.0000000000024,117.825521,117.23333333333333,592.19,1
538,537.9979166666689,117.949653,117.26666666666667,682.99,1
539,538.9979166666687,118.07378500000002,117.3,773.79,1
540,540.000000000002,118.19791699999999,117.36666666666666,831.25,1
541,541.0000000000019,118.528125,117.4,1128.12,1
542,542.000000000002,118.858333,117.46666666666667,1391.67,1
543,543.0000000000019,119.07708400000001,119.06666666666666,10.42,1
544,544.000000000002,119.278125,119.36666666666666,88.54,1
545,545.000000000002,119.448958,119.43333333333334,15.62,1
546,546.000000000002,119.625,119.63333333333334,8.33,1
547,547.000000000002,119.795833,119.76666666666667,29.17,1
548,548.0000000000022,119.96666699999999,119.86666666666666,100.0,1
549,549.0000000000022,120.1375,120.13333333333334,4.17,1
550,550.0000000000022,120.359375,120.16666666666667,192.71,1
551,551.0000000000022,120.58125,120.7,118.75,1
552,552.0000000000022,120.803125,120.8,3.12,1
553,553.0000000000023,120.984375,120.9,84.37,1
554,554.0000000000023,121.16145800000001,121.2,38.54,1
555,555.0000000000023,121.34583300000001,121.36666666666666,20.83,1
556,556.0000000000023,121.569271,121.43333333333334,135.94,1
557,557.0000000000023,121.785417,122.16666666666667,381.25,1
558,558.0000000000023,121.9875,122.2,212.5,1
559,559.0000000000023,122.15,122.23333333333333,83.33,1
560,560.0000000000024,122.30416699999999,122.26666666666667,37.5,1
561,561.0000000000025,122.506771,122.53333333333333,26.56,1
562,562.0000000000024,122.71822900000001,122.86666666666666,148.44,1
563,563.0000000000025,122.96666699999999,123.06666666666666,100.0,1
564,564.0000000000025,123.26770800000001,123.3,32.29,1
565,565.0000000000025,123.494271,123.5,5.73,1
566,566.0000000000025,123.72083300000001,123.7,20.83,1
567,567.0000000000025,123.886979,123.86666666666666,20.31,1
568,568.0000000000025,124.06770800000001,124.03333333333333,34.37,1
569,569.0000000000025,124.230208,124.2,30.21,1
570,570.0000000000025,124.405208,124.46666666666667,61.46,1
571,571.0000000000026,124.59166699999999,124.56666666666666,25.0,1
572,572.0000000000025,124.765625,124.66666666666667,98.96,1
573,573.0000000000026,124.94583300000001,124.96666666666667,20.83,1
574,574.0000000000028,125.213194,125.13333333333334,79.86,1
575,575.0000000000028,125.48055500000001,125.43333333333334,47.22,1
576,576.0000000000028,125.74791699999999,125.86666666666666,118.75,1
577,577.0000000000028,126.04479199999999,125.96666666666667,78.13,1
578,578.0000000000028,126.23229199999999,126.36666666666666,134.37,1
579,579.000000000003,126.41875,126.46666666666667,47.92,1
580,580.0000000000028,126.609375,126.56666666666666,42.71,1
581,581.000000000003,126.78333300000001,126.7,83.33,1
582,582.000000000003,126.981771,126.93333333333334,48.44,1
583,583.000000000003,127.196875,127.26666666666667,69.79,1
584,584.000000000003,127.38333300000001,127.3,83.33,1
585,585.0000000000031,127.596875,127.53333333333333,63.54,1
586,586.0000000000031,127.827083,127.86666666666666,39.58,1
587,587.0000000000031,128.091667,128.46666666666667,375.0,1
588,588.0000000000031,128.597917,129.36666666666667,768.75,1
589,589.0000000000031,129.009375,129.4,390.62,1
590,590.0000000000031,129.196354,129.46666666666667,270.31,1
591,591.0000000000031,129.383333,129.5,116.67,1
592,592.0000000000031,129.629166,129.56666666666666,62.5,1
593,593.0000000000031,129.879167,129.86666666666667,12.5,1
594,594.0000000000031,130.205208,130.0,205.21,1
595,595.0000000000031,130.510417,130.06666666666666,443.75,1
596,596.0000000000031,130.694271,130.16666666666666,527.6,1
597,597.0000000000031,130.878125,130.83333333333334,44.79,1
598,598.0000000000031,131.148958,131.2,51.04,1
599,599.0000000000032,131.33723899999998,131.36666666666667,29.43,1
600,600.0000000000031,131.525521,131.56666666666666,41.15,1
601,601.0000000000031,131.714583,131.9,185.42,1
602,602.0000000000031,131.915104,131.96666666666667,51.56,1
603,603.0000000000031,132.227083,132.03333333333333,193.75,1
604,604.0000000000032,132.496354,132.16666666666666,329.69,1
605,605.0000000000032,132.658333,132.5,158.33,1
606,606.0000000000033,132.894792,132.83333333333334,61.46,1
607,607.0000000000032,133.151042,133.2,48.96,1
608,608.0000000000033,133.359375,133.36666666666667,7.29,1
609,609.0000000000033,133.544792,133.53333333333333,11.46,1
610,610.0000000000033,133.835417,133.73333333333332,102.08,1
611,611.0000000000033,134.084896,134.03333333333333,51.56,1
612,612.0000000000033,134.493664,134.26666666666668,227.0,1
613,613.0000000000033,134.865337,134.36666666666667,498.67,1
614,614.0000000000033,135.073266,134.9,173.27,1
615,615.0000000000033,135.221875,135.43333333333334,211.46,1
616,616.0000000000033,135.51511499999998,135.46666666666667,48.45,1
617,617.0000000000033,135.717846,135.9,182.15,1
618,618.0000000000033,136.066667,135.96666666666667,100.0,1
619,619.0000000000032,136.291667,136.16666666666666,125.0,1
620,620.0000000000033,136.500179,136.5,0.18,1
621,621.0000000000033,136.727083,136.73333333333332,6.25,1
622,622.0000000000033,136.995833,137.0,4.17,1
623,623.0000000000032,137.175521,137.33333333333334,157.81,1
624,624.0000000000033,137.355209,137.36666666666667,11.46,1
625,625.0000000000033,137.602083,137.43333333333334,168.75,1
626,626.0000000000033,137.7625,137.76666666666668,4.17,1
627,627.0000000000034,137.98333300000002,138.06666666666666,83.33,1
628,628.0000000000034,138.241667,138.2,41.67,1
629,629.0000000000033,138.477083,138.46666666666667,10.42,1
630,630.0000000000034,138.8,138.76666666666668,33.33,1
631,631.0000000000034,139.08125,139.06666666666666,14.58,1
632,632.0000000000034,139.239844,139.36666666666667,126.82,1
633,633.0000000000034,139.398438,139.5,101.56,1
634,634.0000000000034,139.736458,139.76666666666668,30.21,1
635,635.0000000000034,139.969271,139.96666666666667,2.6,1
636,636.0000000000035,140.40052,140.2,200.52,1
637,637.0000000000035,140.770833,140.5,270.83,1
638,638.0000000000034,140.940625,140.73333333333332,207.29,1
639,639.0000000000035,141.116667,140.76666666666668,350.0,1
640,640.0000000000034,141.353125,141.33333333333334,19.79,1
641,641.0000000000035,141.604167,141.43333333333334,170.83,1
642,642.0000000000034,142.000521,141.63333333333333,367.19,1
643,643.0000000000034,142.308333,141.76666666666668,541.67,1
644,644.0000000000034,142.488542,142.43333333333334,55.21,1
645,645.0000000000034,142.670313,142.86666666666667,196.35,1
646,646.0000000000034,142.87395800000002,143.16666666666666,292.71,1
647,647.0000000000034,143.05625,143.3,243.75,1
648,648.0000000000034,143.3,143.5,200.0,1
649,649.0000000000034,143.507292,143.6,92.71,1
650,650.0000000000034,143.692708,143.63333333333333,59.37,1
651,651.0000000000034,143.924479,143.93333333333334,8.85,1
652,652.0000000000034,144.179167,144.13333333333333,45.83,1
653,653.0000000000035,144.416667,144.26666666666668,150.0,1
654,654.0000000000034,144.7875,144.8,12.5,1
655,655.0000000000034,145.095833,145.13333333333333,37.5,1
656,656.0000000000034,145.286458,145.26666666666668,19.79,1
657,657.0000000000034,145.47448,145.46666666666667,7.81,1
658,658.0000000000034,145.725,145.8,75.0,1
659,659.0000000000034,146.03281299999998,145.83333333333334,199.48,1
660,660.0000000000031,146.40677,146.4,6.77,1
661,661.0000000000032,146.70208300000002,146.7,2.08,1
662,662.0000000000033,146.879167,146.86666666666667,12.5,1
663,663.0000000000033,147.127083,147.16666666666666,39.58,1
664,664.0000000000031,147.384375,147.36666666666667,17.71,1
665,665.000000000003,147.57343799999998,147.6,26.56,1
666,666.0000000000028,147.841667,147.86666666666667,25.0,1
667,667.000000000003,148.09479199999998,148.1,5.21,1
668,668.000000000003,148.29192700000002,148.43333333333334,141.41,1
669,669.0000000000028,148.48906200000002,148.7,210.94,1
670,670.0000000000028,148.75104199999998,148.76666666666668,15.62,1
671,671.0000000000025,148.930208,148.9,30.21,1
672,672.0000000000023,149.169792,149.33333333333334,163.54,1
673,673.0000000000023,149.45208300000002,149.43333333333334,18.75,1
674,674.0000000000023,149.65625,149.63333333333333,22.92,1
675,675.0000000000022,149.972917,149.66666666666666,306.25,1
676,676.0000000000016,150.202604,150.16666666666666,35.94,1
677,677.0000000000016,150.429167,150.53333333333333,104.17,1
678,678.0000000000016,150.78177,150.6,181.77,1
679,679.0000000000015,151.0625,150.66666666666666,395.83,1
680,680.0000000000016,151.288542,151.3,11.46,1
681,681.0000000000015,151.572917,152.0,427.08,1
682,682.0000000000015,151.866667,152.03333333333333,166.67,1
683,683.0000000000015,152.104167,152.1,4.17,1
684,684.0000000000014,152.552083,152.36666666666667,185.42,1
685,685.0000000000015,152.8375,152.83333333333334,4.17,1
686,686.0000000000015,153.021354,153.0,21.35,1
687,687.0000000000013,153.267187,153.03333333333333,233.85,1
688,688.0000000000013,153.50625,153.46666666666667,39.58,1
689,689.0000000000013,153.727083,153.7,27.08,1
690,690.000000000001,153.96979199999998,153.8,169.79,1
691,691.0000000000011,154.208333,154.16666666666666,41.67,1
692,692.0000000000011,154.396875,154.56666666666666,169.79,1
693,693.000000000001,154.602083,154.73333333333332,131.25,1
694,694.0000000000011,154.789583,154.76666666666668,22.92,1
695,695.000000000001,154.988542,155.13333333333333,144.79,1
696,696.000000000001,155.26666699999998,155.33333333333334,66.67,1
697,697.0000000000013,155.491667,155.46666666666667,25.0,1
698,698.0000000000008,155.677604,155.56666666666666,110.94,1
699,699.0000000000008,155.958333,155.63333333333333,325.0,1
700,700.0000000000008,156.18125,155.66666666666666,514.58,1
701,701.0000000000007,156.367708,156.3,67.71,1
702,702.0000000000007,156.674479,156.63333333333333,41.15,1
703,703.0000000000007,156.90729199999998,156.66666666666666,240.63,1
704,704.0000000000007,157.135417,157.03333333333333,102.08,1
705,705.0000000000007,157.31145800000002,157.36666666666667,55.21,1
706,706.0000000000006,157.625,157.4,225.0,1
707,707.0000000000005,157.84270800000002,157.46666666666667,376.04,1
708,708.0000000000005,158.267708,157.5,767.71,1
709,709.0000000000003,158.554167,157.7,854.17,1
710,710.0000000000005,158.759375,158.83333333333334,73.96,1
711,711.0000000000005,159.00625,158.93333333333334,72.92,1
712,712.0000000000002,159.28125,159.26666666666668,14.58,1
713,713.0000000000005,159.503125,159.3,203.12,1
714,714.0000000000002,159.780729,159.8,19.27,1
715,715.0000000000002,160.03020800000002,159.9,130.21,1
716,716.0000000000002,160.238542,160.1,138.54,1
717,717.0000000000001,160.427083,160.4,27.08,1
718,718.0000000000001,160.648438,160.63333333333333,15.1,1
719,719.0,160.83125,160.86666666666667,35.42,1
720,719.9999999999999,161.116146,161.03333333333333,82.81,1
721,721.0000000000001,161.322917,161.33333333333334,10.42,1
722,721.9999999999998,161.53125,161.53333333333333,2.08,1
723,722.9999999999994,161.828125,161.76666666666668,61.46,1
724,723.9999999999997,162.069792,162.1,30.21,1
725,724.9999999999999,162.238542,162.56666666666666,328.12,1
726,725.9999999999999,162.40729199999998,162.66666666666666,259.37,1
727,726.9999999999997,162.60833300000002,163.0,391.67,1
728,727.9999999999995,162.78229199999998,163.1,317.71,1
729,728.9999999999998,163.051041,163.16666666666666,115.63,1
730,729.9999999999993,163.24375,163.23333333333332,10.42,1
731,730.9999999999993,163.428125,163.4,28.12,1
732,731.9999999999992,163.65729199999998,163.63333333333333,23.96,1
733,732.999999999999,163.861458,163.83333333333334,28.12,1
734,733.9999999999992,164.06406299999998,164.1,35.94,1
735,734.9999999999986,164.34218700000002,164.3,42.19,1
736,735.9999999999989,164.548958,164.5,48.96,1
737,736.9999999999992,164.75625,164.73333333333332,22.92,1
738,737.999999999999,164.890625,165.7,809.37,1
739,738.999999999999,165.138542,165.73333333333332,594.79,1
740,739.999999999999,165.229167,165.8,570.83,1
741,740.9999999999986,165.45416699999998,165.83333333333334,379.17,1
742,741.9999999999987,165.677083,165.9,222.92,1
743,742.9999999999986,165.805208,165.93333333333334,128.13,1
744,743.9999999999985,166.084375,166.06666666666666,17.71,1
745,744.9999999999985,166.29531200000002,166.23333333333332,61.98,1
746,745.9999999999983,166.50625,166.4,106.25,1
747,746.9999999999985,166.638021,166.73333333333332,95.31,1
748,747.9999999999985,166.816667,166.96666666666667,150.0,1
749,748.9999999999985,167.01458300000002,167.2,185.42,1
750,749.9999999999982,167.183333,167.3,116.67,1
751,750.9999999999982,167.403646,167.33333333333334,70.31,1
752,751.9999999999982,167.62395800000002,167.4,223.96,1
753,752.9999999999984,167.73333300000002,167.73333333333332,0.0,1
754,753.9999999999981,167.917708,168.03333333333333,115.63,1
755,754.999999999998,168.1,168.26666666666668,166.67,1
756,755.999999999998,168.2875,168.36666666666667,79.17,1
757,756.9999999999977,168.48906200000002,168.4,89.06,1
758,757.9999999999976,168.690625,168.8,109.38,1
759,758.9999999999978,168.838542,168.96666666666667,128.12,1
760,759.9999999999977,169.01458300000002,169.4,385.42,1
761,760.9999999999978,169.216667,169.56666666666666,350.0,1
762,761.9999999999975,169.388542,169.6,211.46,1
763,762.9999999999975,169.603646,169.66666666666666,63.02,1
764,763.9999999999977,169.81875,169.7,118.75,1
765,764.9999999999977,169.9375,169.93333333333334,4.17,1
766,765.9999999999974,170.142708,170.26666666666668,123.96,1
767,766.9999999999972,170.333333,170.6,266.67,1
768,767.999999999997,170.597917,170.63333333333333,35.42,1
769,768.9999999999969,170.84270800000002,170.7,142.71,1
770,769.999999999997,171.0875,170.83333333333334,254.17,1
771,770.999999999997,171.322917,171.46666666666667,143.75,1
772,771.9999999999972,171.520833,172.0,479.17,1
773,772.9999999999967,171.708333,172.2,491.67,1
774,773.9999999999967,171.872917,172.73333333333332,860.42,1
775,774.9999999999966,172.044792,172.8,755.21,1
776,775.9999999999965,172.225,172.83333333333334,608.33,1
777,776.9999999999965,172.396875,172.9,503.13,1
778,777.9999999999964,172.586458,172.93333333333334,346.88,1
779,778.9999999999962,172.759375,173.0,240.62,1
780,779.9999999999964,172.977083,173.03333333333333,56.25,1
781,780.9999999999959,173.236806,173.26666666666668,29.86,1
782,781.9999999999962,173.496528,173.33333333333334,163.19,1
783,782.9999999999964,173.75625,173.4,356.25,1
784,783.9999999999961,174.220718,173.76666666666668,454.05,1
785,784.999999999996,174.68518500000002,173.8,885.19,1
786,785.9999999999962,175.149653,173.86666666666667,1282.99,1
787,786.9999999999961,175.61411999999999,173.9,1714.12,1
788,787.9999999999964,176.078588,173.96666666666667,2111.92,1
789,788.9999999999962,176.543055,174.0,2543.06,1
790,789.9999999999961,177.007523,174.06666666666666,2940.86,1
791,790.9999999999961,177.47198999999998,174.13333333333333,3338.66,1
792,791.999999999996,177.93645800000002,174.16666666666666,3769.79,1
793,792.9999999999977,178.27291599999998,174.23333333333332,4039.58,1
794,793.9999999999976,178.609375,176.43333333333334,2176.04,1
795,794.9999999999977,178.945833,177.4,1545.83,1
796,795.9999999999977,179.340104,177.9,1440.1,1
797,796.9999999999976,179.734375,177.96666666666667,1767.71,1
798,797.9999999999977,180.128646,178.9,1228.65,1
799,798.9999999999976,180.522917,179.03333333333333,1489.58,1
800,799.9999999999976,180.953125,179.33333333333334,1619.79,1
801,800.9999999999976,181.239583,179.4,1839.58,1
802,801.9999999999975,181.49895800000002,180.5,998.96,1
803,802.9999999999976,181.76458300000002,180.93333333333334,831.25,1
804,803.9999999999976,182.13593799999998,181.2,935.94,1
805,804.9999999999976,182.515972,181.33333333333334,1182.64,1
806,805.9999999999977,182.896007,181.8,1096.01,1
807,806.9999999999976,183.276042,182.13333333333333,1142.71,1
808,807.9999999999976,183.677084,182.23333333333332,1443.75,1
809,808.9999999999977,184.078125,182.26666666666668,1811.46,1
810,809.9999999999976,184.479166,183.23333333333332,1245.83,1
811,810.9999999999976,184.880208,183.3,1580.21,1
812,811.9999999999975,185.310417,183.33333333333334,1977.08,1
813,812.9999999999972,185.602083,183.4,2202.08,1
814,813.9999999999974,185.976042,184.86666666666667,1109.38,1
815,814.9999999999975,186.452865,185.3,1152.86,1
816,815.9999999999972,186.929688,185.56666666666666,1363.02,1
817,816.9999999999974,187.26458300000002,185.63333333333333,1631.25,1
818,817.9999999999974,187.599479,185.96666666666667,1632.81,1
819,818.9999999999972,187.934375,186.9,1034.37,1
820,819.9999999999974,188.38593799999998,187.13333333333333,1252.6,1
821,820.999999999997,188.8375,187.33333333333334,1504.17,1
822,821.9999999999972,189.21770800000002,187.53333333333333,1684.37,1
823,822.9999999999972,189.646528,187.9,1746.53,1
824,823.9999999999972,190.075347,187.96666666666667,2108.68,1
825,824.9999999999972,190.504167,189.23333333333332,1270.83,1
826,825.9999999999972,190.932986,189.3,1632.99,1
827,826.9999999999972,191.361806,189.33333333333334,2028.47,1
828,827.9999999999972,191.790625,189.56666666666666,2223.96,1
829,828.9999999999972,192.132292,190.1,2032.29,1
830,829.999999999997,192.473958,190.26666666666668,2207.29,1
831,830.9999999999974,192.914583,190.3,2614.58,1
832,831.9999999999972,193.261719,190.46666666666667,2795.05,1
833,832.9999999999969,193.608854,190.7,2908.85,1
834,833.9999999999969,193.983854,192.8,1183.85,1
835,834.999999999997,194.29609399999998,193.5,796.09,1
836,835.9999999999969,194.60833300000002,193.73333333333332,875.0,1
837,836.9999999999969,194.925,194.06666666666666,858.33,1
838,837.9999999999967,195.338883,194.4,938.88,1
839,838.9999999999967,195.725,194.63333333333333,1091.67,1
840,839.9999999999967,196.161458,195.0,1161.46,1
841,840.9999999999965,197.05625,195.2,1856.25,1
842,841.9999999999966,197.332292,195.83333333333334,1498.96,1
843,842.9999999999964,197.601042,196.16666666666666,1434.38,1
844,843.9999999999966,197.890625,196.3,1590.62,1
845,844.9999999999966,198.086458,196.5,1586.46,1
846,845.9999999999966,198.326042,196.66666666666666,1659.38,1
847,846.9999999999966,198.56354199999998,197.8,763.54,1
848,847.9999999999966,198.872917,198.0,872.92,1
849,848.9999999999965,199.515625,198.2,1315.63,1
850,849.9999999999967,200.030903,198.3,1730.9,1
851,850.9999999999967,200.54618100000002,198.33333333333334,2212.85,1
852,851.9999999999967,201.06145800000002,198.4,2661.46,1
853,852.9999999999966,201.425,199.36666666666667,2058.33,1
854,853.9999999999967,201.788542,199.5,2288.54,1
855,854.9999999999965,202.152083,199.83333333333334,2318.75,1
856,855.9999999999966,202.508073,200.03333333333333,2474.74,1
857,856.9999999999966,202.86406200000002,201.23333333333332,1630.73,1
858,857.9999999999966,203.220052,201.66666666666666,1553.39,1
859,858.9999999999966,203.576042,202.33333333333334,1242.71,1
860,859.9999999999965,204.021875,202.36666666666667,1655.21,1
861,860.9999999999965,204.308333,202.4,1908.33,1
862,861.9999999999967,204.567708,203.46666666666667,1101.04,1
863,862.9999999999967,204.826042,204.03333333333333,792.71,1
864,863.9999999999967,205.253125,204.26666666666668,986.46,1
865,864.9999999999968,205.621528,204.53333333333333,1088.19,1
866,865.9999999999965,205.98993000000002,204.83333333333334,1156.6,1
867,866.9999999999965,206.35833300000002,205.23333333333332,1125.0,1
868,867.9999999999966,206.716146,205.3,1416.15,1
869,868.9999999999966,207.073958,205.56666666666666,1507.29,1
870,869.9999999999966,207.43177,206.3,1131.77,1
871,870.9999999999966,207.789583,206.46666666666667,1322.92,1
872,871.9999999999967,208.20625,206.73333333333332,1472.92,1
873,872.9999999999967,208.49895800000002,206.93333333333334,1565.62,1
874,873.9999999999967,208.852083,207.73333333333332,1118.75,1
875,874.9999999999967,209.267969,208.2,1067.97,1
876,875.9999999999967,209.683854,208.46666666666667,1217.19,1
877,876.9999999999967,210.104167,208.6,1504.17,1
878,877.9999999999967,210.378125,208.86666666666667,1511.46,1
879,878.9999999999967,210.786458,209.46666666666667,1319.79,1
880,879.9999999999967,211.14305499999998,209.66666666666666,1476.39,1
881,880.9999999999967,211.49965299999997,209.8,1699.65,1
882,881.9999999999967,211.85625,210.8,1056.25,1
883,882.9999999999967,212.318229,211.13333333333333,1184.9,1
884,883.9999999999967,212.78020800000002,211.33333333333334,1446.87,1
885,884.9999999999967,213.199479,211.46666666666667,1732.81,1
886,885.9999999999967,213.61597200000003,211.86666666666667,1749.31,1
887,886.9999999999967,214.032465,212.16666666666666,1865.8,1
888,887.9999999999967,214.448958,213.26666666666668,1182.29,1
889,888.9999999999967,214.86545099999998,213.43333333333334,1432.12,1
890,889.9999999999967,215.281945,213.7,1581.95,1
891,890.9999999999967,215.69843799999998,213.83333333333334,1865.1,1
892,891.9999999999967,216.114931,214.7,1414.93,1
893,892.9999999999967,216.53142400000002,214.96666666666667,1564.76,1
894,893.9999999999967,216.947917,215.2,1747.92,1
895,894.9999999999967,217.30788700000002,215.43333333333334,1874.55,1
896,895.9999999999967,217.66785699999997,215.5,2167.86,1
897,896.9999999999968,218.027827,216.6,1427.83,1
898,897.9999999999968,218.387798,216.93333333333334,1454.46,1
899,898.9999999999967,218.747768,216.96666666666667,1781.1,1
900,899.9999999999967,219.10773799999998,217.0,2107.74,1
901,900.9999999999968,219.46770800000002,217.06666666666666,2401.04,1
902,901.9999999999967,219.869792,218.6,1269.79,1
903,902.9999999999966,220.101042,218.96666666666667,1134.38,1
904,903.9979166666633,220.21979199999998,219.43333333333334,786.46,1
905,904.9999999999966,221.09479199999998,219.86666666666667,1228.13,1
906,905.9999999999966,221.444792,220.06666666666666,1378.13,1
907,906.9999999999966,221.741406,220.1,1641.41,1
908,907.9999999999964,222.038021,221.1,938.02,1
909,908.9999999999964,222.372396,221.26666666666668,1105.73,1
910,909.9999999999965,222.684115,221.3,1384.11,1
911,910.9999999999964,222.99583399999997,222.1,895.83,1
912,911.9999999999964,223.33385499999997,222.46666666666667,867.19,1
913,912.9999999999964,223.367708,222.5,867.71,1
914,913.9999999999961,224.128125,223.0,1128.13,1
915,914.9999999999961,224.68333399999997,223.43333333333334,1250.0,1
916,915.9999999999961,225.240278,223.93333333333334,1306.94,1
917,916.9999999999961,225.797223,224.26666666666668,1530.56,1
918,917.9999999999961,226.354167,224.66666666666666,1687.5,1
919,918.9999999999961,226.79843799999998,224.7,2098.44,1
920,919.9999999999961,227.242708,224.76666666666668,2476.04,1
921,920.9999999999959,227.586458,224.8,2786.46,1
922,921.9999999999959,227.902083,225.33333333333334,2568.75,1
923,922.9999999999958,228.247917,225.36666666666667,2881.25,1
924,923.9999999999956,228.87604199999998,225.43333333333334,3442.71,1
925,924.9999999999956,229.508333,225.46666666666667,4041.67,1
926,925.9999999999956,230.154167,226.03333333333333,4120.83,1
927,926.9999999999956,230.87343700000002,226.2,4673.44,1
928,927.9999999999956,231.491667,226.26666666666668,5225.0,1
929,928.9999999999953,231.80156200000002,227.43333333333334,4368.23,1
930,929.9999999999953,232.111458,230.63333333333333,1478.12,1
931,930.9999999999953,232.43645800000002,231.63333333333333,803.12,1
932,931.9999999999953,232.769271,231.76666666666668,1002.6,1
933,932.9999999999952,233.088021,231.96666666666667,1121.35,1
934,933.9999999999952,233.457292,232.46666666666667,990.63,1
935,934.9999999999952,233.71406299999998,232.76666666666668,947.4,1
936,935.9999999999952,234.0,232.93333333333334,1066.67,1
937,936.9999999999952,234.322396,233.46666666666667,855.73,1
938,937.9999999999951,234.61041699999998,233.6,1010.42,1
939,938.9999999999951,234.95468799999998,233.63333333333333,1321.35,1
940,939.9999999999951,235.38541600000002,233.7,1685.42,1
941,940.999999999995,235.65208399999997,234.6,1052.08,1
942,941.999999999995,235.979167,234.7,1279.17,1
943,942.999999999995,236.290625,235.13333333333333,1157.29,1
944,943.999999999995,236.6125,235.66666666666666,945.83,1
945,944.999999999995,236.945313,235.83333333333334,1111.98,1
946,945.9999999999949,237.271354,236.3,971.35,1
947,946.9999999999948,237.496875,236.6,896.87,1
948,947.9999999999949,237.828125,236.93333333333334,894.79,1
949,948.9999999999948,238.147396,237.0,1147.4,1
950,949.9999999999948,238.58125,237.3,1281.25,1
951,950.9999999999948,239.027083,237.76666666666668,1260.42,1
952,951.9999999999947,239.55208399999998,238.1,1452.08,1
953,952.9999999999947,239.851563,238.53333333333333,1318.23,1
954,953.9999999999947,240.171875,238.76666666666668,1405.21,1
955,954.9999999999947,240.45416699999998,239.13333333333333,1320.83,1
956,955.9999999999947,240.761979,239.83333333333334,928.65,1
957,956.9999999999947,241.08281200000002,240.16666666666666,916.15,1
958,957.9999999999945,241.40520800000002,240.43333333333334,971.87,1
959,958.9999999999944,241.64166699999998,240.56666666666666,1075.0,1
960,959.9999999999945,241.928125,240.96666666666667,961.46,1
961,960.9999999999944,242.231771,241.1,1131.77,1
962,961.9999999999944,242.584375,241.6,984.38,1
963,962.9999999999944,242.953125,241.73333333333332,1219.79,1
964,963.9999999999944,243.436979,241.96666666666667,1470.31,1
965,964.9999999999943,243.695833,242.6,1095.83,1
966,965.9999999999943,244.036458,242.93333333333334,1103.12,1
967,966.9999999999943,244.351563,243.03333333333333,1318.23,1
968,967.9999999999942,244.684896,243.66666666666666,1018.23,1
969,968.9999999999942,245.06875,244.03333333333333,1035.42,1
970,969.9999999999942,245.440625,244.3,1140.62,1
971,970.9999999999941,245.678646,244.7,978.65,1
972,971.9999999999941,246.00625,244.9,1106.25,1
973,972.9999999999941,246.36041699999998,245.06666666666666,1293.75,1
974,973.9999999999941,246.771875,245.7,1071.88,1
975,974.9999999999941,247.320833,245.93333333333334,1387.5,1
976,975.9999999999941,247.819792,246.23333333333332,1586.46,1
977,976.9999999999939,248.078125,246.76666666666668,1311.46,1
978,977.9999999999941,248.39218799999998,246.96666666666667,1425.52,1
979,978.9999999999939,248.68125,247.8,881.25,1
980,979.9999999999939,248.984375,247.96666666666667,1017.71,1
981,980.9999999999939,249.314583,248.23333333333332,1081.25,1
982,981.9999999999939,249.694792,248.7,994.79,1
983,982.9999999999937,249.92656200000002,248.96666666666667,959.9,1
984,983.9999999999939,250.23541699999998,249.33333333333334,902.08,1
985,984.9999999999937,250.543229,249.8,743.23,1
986,985.9999999999937,250.82916699999998,249.86666666666667,962.5,1
987,986.9999999999937,251.194792,249.9,1294.79,1
988,987.9999999999935,251.609375,250.23333333333332,1376.04,1
989,988.9999999999935,251.856771,250.83333333333334,1023.44,1
990,989.9999999999935,252.29635499999998,251.2,1096.35,1
991,990.9999999999935,252.710417,251.23333333333332,1477.08,1
992,991.9999999999935,253.138021,251.83333333333334,1304.69,1
993,992.9999999999934,253.713542,252.23333333333332,1480.21,1
994,993.9999999999934,254.210938,252.66666666666666,1544.27,1
995,994.9999999999933,254.5875,253.13333333333333,1454.17,1
996,995.9999999999933,255.209896,253.63333333333333,1576.56,1
997,996.9999999999934,255.741667,254.16666666666666,1575.0,1
998,997.9999999999932,256.344792,254.56666666666666,1778.13,1
999,998.9999999999932,257.060417,254.93333333333334,2127.08,1
1000,999.9999999999887,257.502083,255.7,1802.08,1
1001,1000.999999999989,257.734895,256.3333333333333,1401.56,1
1002,1001.999999999989,257.954167,257.0,954.17,1
1003,1002.9999999999891,258.173958,257.43333333333334,740.62,1
1004,1003.9999999999891,258.358854,257.76666666666665,592.19,1
1005,1004.9999999999891,258.522917,257.8333333333333,689.58,1
1006,1005.9999999999892,258.760417,258.1333333333333,627.08,1
1007,1006.9999999999892,258.877604,258.1666666666667,710.94,1
1008,1007.9999999999893,259.082812,258.53333333333336,549.48,1
1009,1008.9999999999893,259.26875,258.73333333333335,535.42,1
1010,1009.9999999999893,259.435417,258.8666666666667,568.75,1
1011,1010.9999999999894,259.619792,259.1,519.79,1
1012,1011.9999999999894,259.81875,259.3666666666667,452.08,1
1013,1012.9999999999895,259.97447900000003,259.43333333333334,541.15,1
1014,1013.9999999999895,260.144791,259.6333333333333,511.46,1
1015,1014.9999999999895,260.346875,259.73333333333335,613.54,1
1016,1015.9999999999898,260.499479,260.0,499.48,1
1017,1016.9999999999898,260.672917,260.1333333333333,539.58,1
1018,1017.9999999999899,260.842708,260.4,442.71,1
1019,1018.9999999999899,261.023958,260.46666666666664,557.29,1
1020,1019.9999999999899,261.227083,260.6666666666667,560.42,1
1021,1020.9999999999901,261.429688,260.8333333333333,596.35,1
1022,1021.9999999999901,261.59583399999997,261.0,595.83,1
1023,1022.9999999999902,261.83385400000003,261.23333333333335,600.52,1
1024,1023.9999999999902,262.057292,261.4,657.29,1
1025,1024.9999999999902,262.24010400000003,261.6,640.1,1
1026,1025.9999999999902,262.409896,261.8,609.9,1
1027,1026.9999999999902,262.627083,261.8666666666667,760.42,1
1028,1027.9999999999905,262.796355,262.23333333333335,563.02,1
1029,1028.9999999999905,262.973437,262.4,573.44,1
1030,1029.9999999999905,263.196875,262.6333333333333,563.54,1
1031,1030.9999999999907,263.332813,262.8333333333333,499.48,1
1032,1031.9999999999907,263.566146,263.0,566.15,1
1033,1032.9999999999907,263.755208,263.26666666666665,488.54,1
1034,1033.9999999999907,263.93125,263.43333333333334,497.92,1
1035,1034.9999999999907,264.141666,263.56666666666666,575.0,1
1036,1035.999999999991,264.35364599999997,263.6333333333333,720.31,1
1037,1036.999999999991,264.515105,264.3333333333333,181.77,1
1038,1037.9999999999911,264.694271,264.4,294.27,1
1039,1038.9999999999911,264.898958,264.6,298.96,1
1040,1039.9999999999911,265.055729,264.6333333333333,422.4,1
1041,1040.9999999999911,265.241146,264.7,541.15,1
1042,1041.9999999999911,265.415625,264.93333333333334,482.29,1
1043,1042.9999999999914,265.604687,265.03333333333336,571.35,1
1044,1043.9999999999914,265.813021,265.23333333333335,579.69,1
1045,1044.9999999999914,266.040625,265.4,640.62,1
1046,1045.9999999999916,266.234895,265.6,634.89,1
1047,1046.9999999999916,266.461979,265.8,661.98,1
1048,1047.9999999999916,266.676042,265.93333333333334,742.71,1
1049,1048.9999999999916,266.840104,266.3666666666667,473.44,1
1050,1049.9999999999916,267.010937,266.46666666666664,544.27,1
1051,1050.9999999999918,267.217708,266.53333333333336,684.37,1
1052,1051.9999999999918,267.378646,266.8666666666667,511.98,1
1053,1052.9999999999918,267.55625,267.03333333333336,522.92,1
1054,1053.9999999999918,267.759375,267.23333333333335,526.04,1
1055,1054.9999999999918,267.929167,267.3,629.17,1
1056,1055.999999999992,268.111458,267.53333333333336,578.12,1
1057,1056.999999999992,268.289583,267.73333333333335,556.25,1
1058,1057.9999999999923,268.463542,268.03333333333336,430.21,1
1059,1058.9999999999923,268.631771,268.1666666666667,465.1,1
1060,1059.9999999999916,268.847396,268.73333333333335,114.06,1
1061,1060.9999999999916,268.996354,268.8666666666667,129.69,1
1062,1061.9999999999916,269.185417,268.9,285.42,1
1063,1062.9999999999916,269.383333,268.93333333333334,450.0,1
1064,1063.9999999999916,269.530209,269.1666666666667,363.54,1
1065,1064.9999999999916,269.717708,269.2,517.71,1
1066,1065.9999999999916,269.919792,269.43333333333334,486.46,1
1067,1066.9999999999916,270.103125,269.56666666666666,536.46,1
1068,1067.9999999999916,270.282292,269.73333333333335,548.96,1
1069,1068.9999999999916,270.457292,269.93333333333334,523.96,1
1070,1069.9999999999916,270.663542,270.1333333333333,530.21,1
1071,1070.9999999999916,270.901042,270.4,501.04,1
1072,1071.9999999999916,271.210417,270.7,510.42,1
1073,1072.9999999999916,271.392708,270.9,492.71,1
1074,1073.9999999999916,271.558333,271.43333333333334,125.0,1
1075,1074.9999999999916,271.733333,271.53333333333336,200.0,1
1076,1075.9999999999916,271.885417,271.56666666666666,318.75,1
1077,1076.9999999999916,271.979167,271.7,279.17,1
1078,1077.9999999999916,272.214583,272.03333333333336,181.25,1
1079,1078.9999999999916,272.383333,272.06666666666666,316.67,1
1080,1079.9999999999916,272.523958,272.3666666666667,157.29,1
1081,1080.9999999999916,272.692708,272.6666666666667,26.04,1
1082,1081.9999999999916,272.857292,272.9,42.71,1
1083,1082.9999999999916,273.020833,272.93333333333334,87.5,1
1084,1083.9999999999916,273.180208,273.03333333333336,146.87,1
1085,1084.9999999999916,273.359375,273.3,59.37,1
1086,1085.9999999999916,273.514583,273.4,114.58,1
1087,1086.9999999999916,273.69375,273.6333333333333,60.42,1
1088,1087.9999999999916,273.85625,273.6666666666667,189.58,1
1089,1088.9999999999916,274.023958,273.7,323.96,1
1090,1089.9999999999916,274.303472,273.76666666666665,536.81,1
1091,1090.9999999999916,274.582986,273.8,782.99,1
1092,1091.9999999999916,274.8625,274.03333333333336,829.17,1
1093,1092.9999999999918,275.142014,274.26666666666665,875.35,1
1094,1093.9999999999918,275.42152799999997,274.46666666666664,954.86,1
1095,1094.9999999999918,275.701042,274.7,1001.04,1
1096,1095.9999999999955,276.022917,274.9,1122.92,1
1097,1096.9999999999955,276.344792,275.1,1244.79,1
1098,1097.9999999999955,276.666667,275.6,1066.67,1
1099,1098.9999999999955,276.98828100000003,275.6333333333333,1354.95,1
1100,1099.9999999999955,277.309896,275.76666666666665,1543.23,1
1101,1100.9999999999955,277.63151,276.06666666666666,1564.84,1
1102,1101.9999999999955,277.953125,276.8333333333333,1119.79,1
1103,1102.9999999999952,278.384375,277.03333333333336,1351.04,1
1104,1103.9999999999952,278.666667,277.2,1466.67,1
1105,1104.9999999999952,278.959375,278.0,959.38,1
1106,1105.9999999999952,279.364844,278.4,964.84,1
1107,1106.9999999999952,279.770312,278.6666666666667,1103.65,1
1108,1107.9999999999952,280.10972200000003,278.9,1209.72,1
1109,1108.9999999999952,280.44913199999996,278.93333333333334,1515.8,1
1110,1109.9999999999952,280.788542,279.8,988.54,1
1111,1110.9999999999952,281.122917,279.8333333333333,1289.58,1
1112,1111.9999999999952,281.457292,279.8666666666667,1590.63,1
1113,1112.9999999999952,281.791667,279.9,1891.67,1
1114,1113.9999999999952,282.126042,280.9,1226.04,1
1115,1114.9999999999952,282.538542,281.2,1338.54,1
1116,1115.9999999999952,282.834375,281.23333333333335,1601.04,1
1117,1116.999999999995,283.173958,282.1,1073.96,1
1118,1117.9999999999952,283.64974,282.5,1149.74,1
1119,1118.999999999995,284.125521,282.8333333333333,1292.19,1
1120,1119.999999999995,284.542708,283.03333333333336,1509.37,1
1121,1120.999999999995,284.823958,283.1666666666667,1657.29,1
1122,1121.999999999995,285.298958,283.8,1498.96,1
1123,1122.999999999995,285.66736099999997,284.1666666666667,1500.69,1
1124,1123.999999999995,286.03576400000003,284.8,1235.76,1
1125,1124.999999999995,286.404167,285.3333333333333,1070.83,1
1126,1125.999999999995,286.87448,285.7,1174.48,1
1127,1126.999999999995,287.344792,285.9,1444.79,1
1128,1127.9999999999948,287.75572999999997,286.1,1655.73,1
1129,1128.9999999999948,288.143837,286.6,1543.84,1
1130,1129.9999999999948,288.531945,286.73333333333335,1798.61,1
1131,1130.9999999999948,288.920052,287.73333333333335,1186.72,1
1132,1131.9999999999948,289.30816,287.8333333333333,1474.83,1
1133,1132.9999999999948,289.696267,287.9,1796.27,1
1134,1133.9999999999948,290.084375,289.03333333333336,1051.04,1
1135,1134.9999999999948,290.441666,289.53333333333336,908.33,1
1136,1135.9999999999948,290.798958,290.1,698.96,1
1137,1136.999999999995,291.21302099999997,290.1333333333333,1079.69,1
1138,1137.9999999999948,291.51223999999996,290.1666666666667,1345.57,1
1139,1138.9999999999943,291.811458,290.76666666666665,1044.79,1
1140,1139.9999999999948,292.184375,291.06666666666666,1117.71,1
1141,1140.9999999999948,292.48098999999996,291.46666666666664,1014.32,1
1142,1141.999999999995,292.777604,291.76666666666665,1010.94,1
1143,1142.999999999995,293.151042,292.1333333333333,1017.71,1
1144,1143.999999999995,293.528646,292.5,1028.65,1
1145,1144.999999999995,293.90625,292.73333333333335,1172.92,1
1146,1145.9999999999952,294.320833,293.1,1220.83,1
1147,1146.9999999999948,295.169792,293.26666666666665,1903.13,1
1148,1147.999999999995,295.467708,293.93333333333334,1534.37,1
1149,1148.999999999995,295.752604,294.46666666666664,1285.94,1
1150,1149.9999999999948,296.039583,295.1666666666667,872.92,1
1151,1150.9999999999948,296.238542,295.5,738.54,1
1152,1151.9999999999948,296.460417,295.6,860.42,1
1153,1152.999999999995,296.673958,295.96666666666664,707.29,1
1154,1153.999999999995,296.973958,296.1333333333333,840.62,1
1155,1154.999999999995,297.534375,296.3333333333333,1201.04,1
1156,1155.9999999999952,298.03559,296.4,1635.59,1
1157,1156.999999999995,298.536806,296.43333333333334,2103.47,1
1158,1157.9999999999948,299.038021,296.8,2238.02,1
1159,1158.999999999995,299.428125,296.93333333333334,2494.79,1
1160,1159.999999999995,299.81822900000003,298.0,1818.23,1
1161,1160.9999999999948,300.208333,298.2,2008.33,1
1162,1161.999999999995,300.572917,299.2,1372.92,1
1163,1162.999999999995,300.9375,299.43333333333334,1504.17,1
1164,1163.999999999995,301.302083,299.56666666666666,1735.42,1
1165,1164.999999999995,301.666667,299.7,1966.67,1
1166,1165.999999999995,302.120833,300.4,1720.83,1
1167,1166.9999999999952,302.422917,300.46666666666664,1956.25,1
1168,1167.999999999995,302.741667,301.43333333333334,1308.33,1
1169,1168.999999999995,303.24375,301.56666666666666,1677.08,1
1170,1169.9999999999952,303.745833,302.4,1345.83,1
1171,1170.9999999999952,304.11736099999996,302.7,1417.36,1
1172,1171.999999999995,304.48888900000003,302.73333333333335,1755.56,1
1173,1172.999999999995,304.860417,303.8,1060.42,1
1174,1173.9999999999952,305.220052,304.0,1220.05,1
1175,1174.9999999999952,305.57968700000004,304.2,1379.69,1
1176,1175.9999999999952,305.939323,304.3666666666667,1572.66,1
1177,1176.9999999999952,306.298958,304.96666666666664,1332.29,1
1178,1177.9999999999952,306.786458,305.03333333333336,1753.12,1
1179,1178.9999999999952,307.11875,305.26666666666665,1852.08,1
1180,1179.9999999999952,307.422917,306.26666666666665,1156.25,1
1181,1180.9999999999952,307.758333,306.76666666666665,991.67,1
1182,1181.9999999999955,308.09375,307.1333333333333,960.42,1
1183,1182.9999999999952,308.619792,307.1666666666667,1453.13,1
1184,1183.9999999999955,308.905208,307.4,1505.21,1
1185,1184.9999999999952,309.440625,307.76666666666665,1673.96,1
1186,1185.9999999999955,309.845833,308.26666666666665,1579.17,1
1187,1186.9999999999952,310.251042,308.3,1951.04,1
1188,1187.9999999999952,310.65625,309.43333333333334,1222.92,1
1189,1188.9999999999955,311.16197900000003,309.76666666666665,1395.31,1
1190,1189.9999999999955,311.667708,309.96666666666664,1701.04,1
1191,1190.9999999999955,312.066667,310.6333333333333,1433.33,1
1192,1191.9999999999955,312.52013900000003,310.8666666666667,1653.47,1
1193,1192.9999999999955,312.973611,311.6666666666667,1306.94,1
1194,1193.9999999999955,313.427084,312.03333333333336,1393.75,1
1195,1194.9999999999955,313.880556,312.23333333333335,1647.22,1
1196,1195.9999999999955,314.334028,312.3333333333333,2000.69,1
1197,1196.9999999999955,314.7875,312.43333333333334,2354.17,1
1198,1197.9999999999955,315.240973,313.3666666666667,1874.31,1
1199,1198.9999999999955,315.69444500000003,313.56666666666666,2127.78,1
1200,1199.9999999999952,316.147917,315.26666666666665,881.25,1
1201,1200.9999999999955,316.496578,315.46666666666664,1029.91,1
1202,1201.9999999999952,316.845238,315.7,1145.24,1
1203,1202.9999999999955,317.19389900000004,316.1,1093.9,1
1204,1203.9999999999952,317.54256000000004,316.1333333333333,1409.23,1
1205,1204.9999999999952,317.891221,316.1666666666667,1724.55,1
1206,1205.9999999999955,318.239881,316.23333333333335,2006.55,1
1207,1206.9999999999957,318.588542,316.3,2288.54,1
1208,1207.9999999999961,319.017708,317.8666666666667,1151.04,1
1209,1208.9999999999961,319.263542,317.96666666666664,1296.88,1
1210,1209.9979166666628,319.408333,318.56666666666666,841.67,1
1211,1210.9999999999961,320.28697900000003,319.0,1286.98,1
1212,1211.9999999999961,320.640625,319.1333333333333,1507.29,1
1213,1212.999999999996,320.948959,319.26666666666665,1682.29,1
1214,1213.9999999999961,321.257292,320.26666666666665,990.63,1
1215,1214.9999999999961,321.608334,320.5,1108.33,1
1216,1215.9999999999961,321.89375,320.53333333333336,1360.42,1
1217,1216.9999999999964,322.179166,321.26666666666665,912.5,1
1218,1217.9999999999964,322.547917,321.6,947.92,1
1219,1218.9999999999964,322.582292,321.6333333333333,948.96,1
1220,1219.9999999999964,323.361979,322.06666666666666,1295.31,1
1221,1220.9999999999964,323.877083,322.46666666666664,1410.42,1
1222,1221.9999999999964,324.46840299999997,322.56666666666666,1901.74,1
1223,1222.9999999999964,325.059722,323.43333333333334,1626.39,1
1224,1223.9999999999964,325.651042,323.9,1751.04,1
1225,1224.9999999999964,326.159896,323.96666666666664,2193.23,1
1226,1225.9999999999964,326.66875,324.0,2668.75,1
1227,1226.9999999999968,327.0,325.1,1900.0,1
1228,1227.9999999999968,327.325,325.8,1525.0,1
1229,1228.999999999997,327.659375,325.8333333333333,1826.04,1
1230,1229.9999999999973,328.321875,326.8333333333333,1488.54,1
1231,1230.9999999999975,328.996875,327.1333333333333,1863.54,1
1232,1231.9999999999973,329.602083,327.46666666666664,2135.42,1
1233,1232.999999999998,330.38072900000003,327.5,2880.73,1
1234,1233.9999999999975,331.011459,327.53333333333336,3478.13,1
1235,1234.9999999999975,331.328646,328.56666666666666,2761.98,1
1236,1235.999999999998,331.658333,329.6,2058.33,1
1237,1236.9999999999984,332.011459,331.0,1011.46,1
1238,1237.999999999998,332.357292,331.3333333333333,1023.96,1
1239,1238.999999999998,332.694792,331.5,1194.79,1
1240,1239.999999999998,333.069271,332.06666666666666,1002.6,1
1241,1240.9999999999986,333.31822999999997,332.3666666666667,951.56,1
1242,1241.9999999999984,333.597917,332.53333333333336,1064.58,1
1243,1242.9999999999986,333.913542,332.93333333333334,980.21,1
1244,1243.9999999999986,334.255208,333.23333333333335,1021.87,1
1245,1244.9999999999986,334.595833,333.3,1295.83,1
1246,1245.9999999999986,335.027083,333.8333333333333,1193.75,1
1247,1246.9999999999989,335.286458,334.06666666666666,1219.79,1
1248,1247.9999999999989,335.63125,334.6,1031.25,1
1249,1248.999999999999,335.938542,334.6333333333333,1305.21,1
1250,1249.999999999999,336.294271,335.3333333333333,960.94,1
1251,1250.999999999999,336.64218700000004,335.43333333333334,1208.85,1
1252,1251.999999999999,336.97864599999997,335.93333333333334,1045.31,1
1253,1252.9999999999993,337.22864599999997,336.1,1128.65,1
1254,1253.9999999999993,337.576042,336.6333333333333,942.71,1
1255,1254.9999999999995,338.034896,336.6666666666667,1368.23,1
1256,1255.9999999999998,338.49843799999996,337.0,1498.44,1
1257,1256.9999999999993,338.984375,337.53333333333336,1451.04,1
1258,1257.9999999999998,339.438021,337.8333333333333,1604.69,1
1259,1258.9999999999998,339.769271,337.9,1869.27,1
1260,1260.0,340.060417,338.8333333333333,1227.08,1
1261,1261.0,340.367708,338.96666666666664,1401.04,1
1262,1262.0000000000002,340.67031299999996,339.73333333333335,936.98,1
1263,1263.0000000000002,340.977083,340.06666666666666,910.42,1
1264,1264.0000000000002,341.29375,340.3,993.75,1
1265,1265.0000000000002,341.561459,340.6666666666667,894.79,1
1266,1266.0000000000005,341.840625,340.8666666666667,973.96,1
1267,1267.0000000000002,342.134375,341.0,1134.37,1
1268,1268.0000000000005,342.510417,341.3666666666667,1143.75,1
1269,1269.0000000000007,342.919792,341.93333333333334,986.46,1
1270,1270.0000000000005,343.396875,341.96666666666664,1430.21,1
1271,1271.000000000001,343.64635400000003,342.5,1146.35,1
1272,1272.000000000001,343.978125,342.7,1278.12,1
1273,1273.000000000001,344.275,343.06666666666666,1208.33,1
1274,1274.000000000001,344.58125,343.6666666666667,914.58,1
1275,1275.0000000000011,344.917709,343.9,1017.71,1
1276,1276.000000000001,345.225,344.1,1125.0,1
1277,1277.0000000000014,345.511458,344.6,911.46,1
1278,1278.0000000000014,345.93802,344.8,1138.02,1
1279,1279.0000000000014,346.288021,344.96666666666664,1321.35,1
1280,1280.0000000000014,346.714062,345.5,1214.06,1
1281,1281.000000000002,347.251042,345.8666666666667,1384.38,1
1282,1282.0000000000014,347.739062,345.93333333333334,1805.73,1
1283,1283.000000000002,347.99375,346.2,1793.75,1
1284,1284.000000000002,348.30677099999997,346.8333333333333,1473.44,1
1285,1285.000000000002,348.606771,347.73333333333335,873.44,1
1286,1286.000000000002,348.88125,348.06666666666666,814.58,1
1287,1287.000000000002,349.189583,348.3,889.58,1
1288,1288.0000000000023,349.559375,348.6,959.37,1
1289,1289.0000000000023,349.79114599999997,348.8666666666667,924.48,1
1290,1290.0000000000025,350.10781299999996,349.1666666666667,941.15,1
1291,1291.0000000000025,350.39635400000003,349.56666666666666,829.69,1
1292,1292.0000000000025,350.694792,349.76666666666665,928.13,1
1293,1293.0000000000027,351.0625,349.96666666666664,1095.83,1
1294,1294.0000000000027,351.4875,350.3666666666667,1120.83,1
1295,1295.0000000000027,351.776563,350.73333333333335,1043.23,1
1296,1296.000000000003,352.272396,351.06666666666666,1205.73,1
1297,1297.000000000003,352.776563,351.1333333333333,1643.23,1
1298,1298.000000000003,353.14375,351.6,1543.75,1
1299,1299.0000000000032,353.616667,351.7,1916.67,1
1300,1300.0000000000032,354.124479,352.8,1324.48,1
1301,1301.0000000000032,354.505208,353.1,1405.21,1
1302,1302.0000000000034,355.118229,353.6,1518.23,1
1303,1303.0000000000034,355.644792,354.06666666666666,1578.13,1
1304,1304.0000000000032,356.226042,354.46666666666664,1759.38,1
1305,1305.0000000000061,356.891145,354.8666666666667,2024.48,1
1306,1306.0000000000057,357.359375,355.1666666666667,2192.71,1
1307,1307.0000000000057,357.615625,355.6666666666667,1948.96,1
1308,1308.0000000000052,357.859896,356.8333333333333,1026.56,1
1309,1309.000000000005,358.096875,357.26666666666665,830.21,1
1310,1310.0000000000048,358.325521,357.3666666666667,958.85,1
1311,1311.0000000000045,358.5125,357.4,1112.5,1
1312,1312.0000000000045,358.7625,357.43333333333334,1329.17,1
1313,1313.0000000000043,358.915625,357.6333333333333,1282.29,1
1314,1314.0000000000039,359.130208,357.8,1330.21,1
1315,1315.0000000000036,359.336458,358.76666666666665,569.79,1
1316,1316.0000000000034,359.515625,358.8,715.62,1
1317,1317.0000000000034,359.716146,359.1,616.15,1
1318,1318.0000000000032,359.95,359.3333333333333,616.67,1
1319,1319.000000000003,360.096875,359.53333333333336,563.54,1
1320,1320.0000000000027,360.289583,359.76666666666665,522.92,1
1321,1321.0000000000023,360.507292,359.8666666666667,640.63,1
1322,1322.0000000000023,360.65625,360.03333333333336,622.92,1
1323,1323.000000000002,360.855209,360.06666666666666,788.54,1
1324,1324.0000000000016,361.044792,360.6,444.79,1
1325,1325.0000000000014,361.244792,360.6333333333333,611.46,1
1326,1326.0000000000011,361.517708,360.8666666666667,651.04,1
1327,1327.0000000000011,361.758333,361.06666666666666,691.67,1
1328,1328.000000000001,361.98177000000004,361.23333333333335,748.44,1
1329,1329.0000000000005,362.270833,361.5,770.83,1
1330,1330.0000000000002,362.528125,361.9,628.13,1
1331,1331.0,362.726042,362.03333333333336,692.71,1
1332,1332.0,362.910937,362.23333333333335,677.6,1
1333,1332.9999999999998,363.13125,362.46666666666664,664.58,1
1334,1333.9999999999995,363.33020899999997,362.73333333333335,596.88,1
1335,1334.999999999999,363.516145,362.9,616.15,1
1336,1335.9999999999989,363.730208,363.1,630.21,1
1337,1336.9999999999989,363.894791,363.3,594.79,1
1338,1337.9999999999986,364.122396,363.53333333333336,589.06,1
1339,1338.9999999999984,364.315625,363.73333333333335,582.29,1
1340,1339.999999999998,364.501042,364.0,501.04,1
1341,1340.9999999999977,364.710938,364.1,610.94,1
1342,1341.9999999999977,364.939583,364.3666666666667,572.92,1
1343,1342.9999999999973,365.109895,364.5,609.89,1
1344,1343.999999999997,365.305208,364.8333333333333,471.87,1
1345,1344.9999999999968,365.527083,365.03333333333336,493.75,1
1346,1345.9999999999966,365.696354,365.1,596.35,1
1347,1346.9999999999966,365.89322999999996,365.26666666666665,626.56,1
1348,1347.9999999999964,366.079167,365.53333333333336,545.83,1
1349,1348.9999999999961,366.27968799999996,365.6666666666667,613.02,1
1350,1349.9999999999957,366.501041,365.8666666666667,634.37,1
1351,1350.9999999999955,366.711458,366.06666666666666,644.79,1
1352,1351.9999999999955,366.901042,366.26666666666665,634.38,1
1353,1352.9999999999952,367.109896,366.46666666666664,643.23,1
1354,1353.999999999995,367.329167,366.6,729.17,1
1355,1354.9999999999948,367.508854,366.8666666666667,642.19,1
1356,1355.9999999999943,367.686979,367.1333333333333,553.65,1
1357,1356.9999999999943,367.895833,367.3,595.83,1
1358,1357.9999999999939,368.073959,367.56666666666666,507.29,1
1359,1358.9999999999936,368.270833,367.6666666666667,604.17,1
1360,1359.9999999999934,368.5,367.9,600.0,1
1361,1360.9999999999932,368.676042,368.06666666666666,609.38,1
1362,1361.9999999999932,368.876042,368.26666666666665,609.38,1
1363,1362.999999999993,369.077083,368.5,577.08,1
1364,1363.9999999999927,369.26875,368.7,568.75,1
1365,1364.9999999999923,369.472396,368.93333333333334,539.06,1
1366,1365.9999999999918,369.704167,369.3666666666667,337.5,1
1367,1366.9999999999918,369.87291600000003,369.53333333333336,339.58,1
1368,1367.9999999999918,370.080729,369.56666666666666,514.06,1
1369,1368.9999999999918,370.28281200000004,369.6666666666667,616.15,1
1370,1369.9999999999918,370.452084,369.8666666666667,585.42,1
1371,1370.9999999999918,370.648958,370.06666666666666,582.29,1
1372,1371.9999999999918,370.875,370.26666666666665,608.33,1
1373,1372.9999999999918,371.060417,370.5,560.42,1
1374,1373.9999999999918,371.257292,370.6666666666667,590.63,1
1375,1374.9999999999918,371.448958,370.8666666666667,582.29,1
1376,1375.9999999999918,371.657292,371.2,457.29,1
1377,1376.999999999992,371.936458,371.43333333333334,503.12,1
1378,1377.9999999999918,372.255208,371.73333333333335,521.87,1
1379,1378.9999999999918,372.441667,372.1333333333333,308.33,1
1380,1379.9999999999918,372.61875,372.46666666666664,152.08,1
1381,1380.9999999999918,372.803125,372.9,96.87,1
1382,1381.9999999999918,372.980208,372.93333333333334,46.87,1
1383,1382.9999999999918,373.140625,372.96666666666664,173.96,1
1384,1383.9999999999918,373.339583,373.1333333333333,206.25,1
1385,1384.9999999999918,373.526042,373.2,326.04,1
1386,1385.9999999999918,373.684375,373.53333333333336,151.04,1
1387,1386.9999999999918,373.876042,373.7,176.04,1
1388,1387.9999999999918,374.065625,373.8666666666667,198.96,1
1389,1388.9999999999918,374.233333,374.06666666666666,166.67,1
1390,1389.9999999999918,374.409375,374.26666666666665,142.71,1
1391,1390.9999999999918,374.592708,374.4,192.71,1
1392,1391.9999999999918,374.763542,374.8666666666667,103.12,1
1393,1392.9999999999918,374.967708,375.06666666666666,98.96,1
1394,1393.9999999999918,375.14375,375.1,43.75,1
1395,1394.999999999992,375.340625,375.4,59.37,1
1396,1395.999999999992,375.67222200000003,375.5,172.22,1
1397,1396.999999999992,376.00382,375.8666666666667,137.15,1
1398,1397.999999999992,376.335417,376.8333333333333,497.92,1
1399,1398.9999999999918,376.667014,377.03333333333336,366.32,1
1400,1399.9999999999918,376.998611,377.26666666666665,268.06,1
1401,1400.9999999999918,377.33020899999997,377.46666666666664,136.46,1
1402,1401.9999999999918,377.578125,377.5,78.12,1
1403,1402.9999999999918,377.772917,377.9,127.08,1
1404,1403.9999999999918,377.960417,377.93333333333334,27.08,1
1405,1404.9999999999918,378.146875,378.0,146.88,1
1406,1405.9999999999918,378.322917,379.1666666666667,843.75,1
1407,1406.9999999999918,378.376042,379.26666666666665,890.62,1
1408,1407.9999999999918,378.654167,379.3,645.83,1
1409,1408.9999999999918,378.835417,379.6333333333333,797.92,1
1410,1409.9999999999918,378.984375,379.6666666666667,682.29,1
1411,1410.9999999999918,379.170833,379.7,529.17,1
1412,1411.9999999999918,379.325,379.73333333333335,408.33,1
1413,1412.9999999999918,379.488542,379.76666666666665,278.12,1
1414,1413.9999999999918,379.6375,380.8333333333333,1195.83,1
1415,1414.9999999999918,379.816667,381.8,1983.33,1
1416,1415.9999999999918,379.96875,381.8333333333333,1864.58,1
1417,1416.9999999999918,380.175,381.8666666666667,1691.67,1
1418,1417.9999999999918,380.344792,381.9,1555.21,1
1419,1418.999999999992,380.527083,381.93333333333334,1406.25,1
1420,1419.999999999992,380.802777,381.96666666666664,1163.89,1
1421,1420.999999999992,381.07847200000003,382.0,921.53,1
1422,1421.999999999992,381.354167,382.03333333333336,679.17,1
1423,1422.9999999999918,381.629861,382.06666666666666,436.81,1
1424,1423.9999999999918,381.905555,382.1,194.45,1
1425,1424.9999999999918,382.18125,382.1333333333333,47.92,1
1426,1425.9999999999918,382.517708,382.6,82.29,1
1427,1426.9999999999918,382.742708,382.6333333333333,109.37,1
1428,1427.9999999999918,382.963542,382.6666666666667,296.88,1
1429,1428.9999999999918,383.170833,382.73333333333335,437.5,1
1430,1429.9999999999918,383.366667,382.76666666666665,600.0,1
1431,1430.9999999999918,383.588542,382.93333333333334,655.21,1
1432,1431.9999999999918,383.8125,383.1666666666667,645.83,1
1433,1432.9999999999918,383.967708,383.23333333333335,734.37,1
1434,1433.9999999999918,384.178125,383.6,578.12,1
1435,1434.9999999999918,384.329167,383.8333333333333,495.83,1
1436,1435.9999999999918,384.51875,384.03333333333336,485.42,1
1437,1436.9999999999918,384.73125,384.06666666666666,664.58,1
1438,1437.9999999999918,384.921875,384.9,21.88,1
1439,1438.9999999999918,385.097917,384.93333333333334,164.58,1
1440,1439.9999999999918,385.2875,384.96666666666664,320.83,1
1441,1440.9999999999918,385.482292,385.0,482.29,1
1442,1441.9999999999918,385.678125,385.1333333333333,544.79,1
1443,1442.9999999999918,385.8375,385.3666666666667,470.83,1
1444,1443.9999999999918,386.064583,385.46666666666664,597.92,1
1445,1444.9999999999918,386.264583,385.76666666666665,497.92,1
1446,1445.9999999999918,386.46875,385.8666666666667,602.08,1
1447,1446.9999999999918,386.654167,386.06666666666666,587.5,1
1448,1447.9999999999918,386.859375,386.1333333333333,726.04,1
1449,1448.9999999999918,387.08125,386.6,481.25,1
1450,1449.9999999999918,387.273958,386.73333333333335,540.62,1
1451,1450.9999999999918,387.455208,386.93333333333334,521.87,1
1452,1451.9999999999918,387.66875,387.1,568.75,1
1453,1452.9999999999918,387.871875,387.5,371.87,1
1454,1453.9999999999918,388.065625,387.9,165.63,1
1455,1454.9999999999918,388.275,387.93333333333334,341.67,1
1456,1455.9999999999918,388.460417,388.06666666666666,393.75,1
1457,1456.9999999999918,388.6125,388.1,512.5,1
1458,1457.9999999999918,388.804167,388.1666666666667,637.5,1
1459,1458.9999999999918,388.951042,388.9,51.04,1
1460,1459.9999999999918,389.126042,388.96666666666664,159.38,1
1461,1460.9999999999918,389.341667,389.2,141.67,1
1462,1461.9999999999918,389.469792,389.8,330.21,1
1463,1462.9999999999918,389.659375,390.1666666666667,507.29,1
1464,1463.9999999999918,389.8625,390.2,337.5,1
1465,1464.9999999999918,390.054167,390.23333333333335,179.17,1
1466,1465.9999999999918,390.247917,390.26666666666665,18.75,1
1467,1466.9999999999918,390.429167,390.3,129.17,1
1468,1467.9999999999918,390.638542,390.3333333333333,305.21,1
1469,1468.9999999999918,390.851042,390.3666666666667,484.38,1
1470,1469.9999999999918,391.083333,390.43333333333334,650.0,1
1471,1470.9999999999918,391.339583,390.6333333333333,706.25,1
1472,1471.9999999999918,391.61875,390.8666666666667,752.08,1
1473,1472.9999999999918,392.034375,391.1333333333333,901.04,1
1474,1473.9999999999918,392.45104100000003,391.3,1151.04,1
1475,1474.9999999999925,392.560417,391.6333333333333,927.08,1
1476,1475.9999999999925,392.800521,391.8,1000.52,1
1477,1476.9999999999925,393.036458,392.1666666666667,869.79,1
1478,1477.9999999999923,393.22135499999996,392.3666666666667,854.69,1
1479,1478.9999999999923,393.463542,392.4,1063.54,1
1480,1479.999999999992,393.734896,392.56666666666666,1168.23,1
1481,1480.999999999992,393.86927099999997,393.2,669.27,1
1482,1481.999999999992,394.08020899999997,393.46666666666664,613.54,1
1483,1482.999999999992,394.296875,393.7,596.88,1
1484,1483.9999999999923,394.511458,393.8666666666667,644.79,1
1485,1484.9999999999918,394.777083,394.1666666666667,610.42,1
1486,1485.9999999999918,395.023438,394.43333333333334,590.1,1
1487,1486.9999999999916,395.15052099999997,394.5,650.52,1
1488,1487.9999999999918,395.39375,394.76666666666665,627.08,1
1489,1488.9999999999916,395.604167,395.0,604.17,1
1490,1489.9999999999916,395.774479,395.1666666666667,607.81,1
1491,1490.9999999999918,396.017708,395.46666666666664,551.04,1
1492,1491.9999999999914,396.265625,395.56666666666666,698.96,1
1493,1492.9999999999916,396.41197900000003,395.8,611.98,1
1494,1493.9999999999914,396.64218700000004,396.03333333333336,608.85,1
1495,1494.9999999999916,396.875,396.23333333333335,641.67,1
1496,1495.9999999999911,397.092709,396.4,692.71,1
1497,1496.9999999999914,397.302083,396.56666666666666,735.42,1
1498,1497.9999999999905,397.524479,396.8333333333333,691.15,1
1499,1498.9999999999905,397.66614599999997,397.03333333333336,632.81,1
1500,1499.9999999999905,397.859375,397.3,559.37,1
1501,1500.9999999999905,398.084375,397.5,584.38,1
1502,1501.9999999999902,398.290625,397.7,590.62,1
1503,1502.9999999999902,398.48125,397.76666666666665,714.58,1
1504,1503.99999999999,398.71718799999996,398.06666666666666,650.52,1
1505,1504.99999999999,398.865625,398.23333333333335,632.29,1
1506,1505.99999999999,399.06406200000004,398.5,564.06,1
1507,1506.9999999999898,399.273958,398.73333333333335,540.62,1
1508,1507.9999999999898,399.47864599999997,399.23333333333335,245.31,1
1509,1508.9999999999898,399.713542,399.3,413.54,1
1510,1509.9999999999895,399.952605,399.3333333333333,619.27,1
1511,1510.9999999999895,400.051042,399.5,551.04,1
1512,1511.9999999999895,400.329166,399.7,629.17,1
1513,1512.9999999999895,400.53125,399.93333333333334,597.92,1
1514,1513.9999999999895,400.739583,400.1333333333333,606.25,1
1515,1514.9999999999893,400.966667,400.3,666.67,1
1516,1515.9999999999893,401.213542,400.5,713.54,1
1517,1516.999999999989,401.401042,400.7,701.04,1
1518,1517.9999999999893,401.621875,400.8666666666667,755.21,1
1519,1518.999999999989,401.875,401.1666666666667,708.33,1
1520,1519.999999999989,402.122917,401.3666666666667,756.25,1
1521,1520.9999999999889,402.4375,401.56666666666666,870.83,1
1522,1521.9999999999889,402.700521,401.76666666666665,933.85,1
1523,1522.9999999999884,402.81875,402.2,618.75,1
1524,1523.9999999999889,403.073959,402.3333333333333,740.63,1
1525,1524.9999999999889,403.296875,402.6333333333333,663.54,1
1526,1525.9999999999884,403.46875,402.8333333333333,635.42,1
1527,1526.9999999999884,403.672917,402.93333333333334,739.58,1
1528,1527.9999999999882,403.907291,403.3,607.29,1
1529,1528.9999999999882,404.033333,403.5,533.33,1
1530,1529.9999999999882,404.252083,403.6666666666667,585.42,1
1531,1530.9999999999882,404.473958,403.9,573.96,1
1532,1531.999999999988,404.645833,404.1333333333333,512.5,1
1533,1532.999999999988,404.859375,404.1666666666667,692.71,1
1534,1533.9999999999882,405.098437,404.3,798.44,1
1535,1534.9999999999877,405.219791,404.7,519.79,1
1536,1535.9999999999882,405.423958,404.8333333333333,590.62,1
1537,1536.9999999999877,405.640625,405.1333333333333,507.29,1
1538,1537.9999999999877,405.816667,405.3,516.67,1
1539,1538.9999999999875,405.997917,405.43333333333334,564.58,1
1540,1539.9999999999875,406.219271,405.46666666666664,752.6,1
1541,1540.9999999999875,406.347396,406.0,347.4,1
1542,1541.9999999999875,406.539063,406.1333333333333,405.73,1
1543,1542.999999999987,406.8125,406.2,612.5,1
1544,1543.999999999987,407.105209,406.26666666666665,838.54,1
1545,1544.9999999999868,407.580208,406.6,980.21,1
1546,1545.9999999999868,407.836198,406.6333333333333,1202.86,1
1547,1546.9999999999866,408.09218799999996,407.1,992.19,1
1548,1547.9999999999868,408.271875,407.26666666666665,1005.21,1
1549,1548.9999999999868,408.492708,407.8,692.71,1
1550,1549.9999999999868,408.648958,408.1333333333333,515.62,1
1551,1550.9999999999864,408.841667,408.3,541.67,1
1552,1551.9999999999864,409.0125,408.5,512.5,1
1553,1552.9999999999861,409.191667,408.6666666666667,525.0,1
1554,1553.9999999999861,409.3875,408.8666666666667,520.83,1
1555,1554.9999999999861,409.590625,409.03333333333336,557.29,1
1556,1555.9999999999861,409.79375,409.23333333333335,560.42,1
1557,1556.9999999999861,409.996875,409.46666666666664,530.21,1
1558,1557.999999999986,410.204167,409.6666666666667,537.5,1
1559,1558.999999999986,410.376042,409.76666666666665,609.38,1
1560,1559.9999999999857,410.544792,409.8333333333333,711.46,1
1561,1560.9999999999857,410.779167,410.43333333333334,345.83,1
1562,1561.9999999999857,410.944792,410.53333333333336,411.46,1
1563,1562.9999999999857,411.133333,410.56666666666666,566.67,1
1564,1563.9999999999854,411.3,410.73333333333335,566.67,1
1565,1564.9999999999854,411.466667,410.93333333333334,533.33,1
1566,1565.9999999999854,411.653125,411.1333333333333,519.79,1
1567,1566.9999999999852,411.879166,411.3,579.17,1
1568,1567.9999999999854,412.089063,411.46666666666664,622.4,1
1569,1568.9999999999852,412.339583,411.56666666666666,772.92,1
1570,1569.9999999999852,412.645312,411.9,745.31,1
1571,1570.9999999999852,412.841146,412.1,741.15,1
1572,1571.9999999999852,413.016145,412.23333333333335,782.81,1
1573,1572.9999999999852,413.198958,412.56666666666666,632.29,1
1574,1573.9999999999852,413.370313,412.8666666666667,503.65,1
1575,1574.999999999985,413.560417,413.0,560.42,1
1576,1575.999999999985,413.744792,413.1333333333333,611.46,1
1577,1576.9999999999848,413.930208,413.4,530.21,1
1578,1577.9999999999848,414.13125,413.56666666666666,564.58,1
1579,1578.9999999999848,414.34722200000004,413.7,647.22,1
1580,1579.9999999999845,414.563195,414.03333333333336,529.86,1
1581,1580.9999999999848,414.779167,414.1666666666667,612.5,1
1582,1581.9999999999843,414.95625,414.3666666666667,589.58,1
1583,1582.9999999999843,415.132292,414.6,532.29,1
1584,1583.999999999984,415.310417,414.7,610.42,1
1585,1584.9999999999843,415.5375,414.93333333333334,604.17,1
1586,1585.999999999984,415.699479,415.1333333333333,566.15,1
1587,1586.999999999984,415.891146,415.3,591.15,1
1588,1587.9999999999839,416.061458,415.43333333333334,628.12,1
1589,1588.9999999999839,416.217708,415.53333333333336,684.37,1
1590,1589.9999999999834,416.420833,415.8666666666667,554.17,1
1591,1590.9999999999834,416.635417,416.06666666666666,568.75,1
1592,1591.9999999999834,416.802083,416.2,602.08,1
1593,1592.9999999999834,417.010417,416.3333333333333,677.08,1
1594,1593.9999999999832,417.20625,416.6333333333333,572.92,1
1595,1594.9999999999832,417.378125,416.8333333333333,544.79,1
1596,1595.9999999999832,417.53281200000004,417.0,532.81,1
1597,1596.999999999983,417.73125,417.73333333333335,2.08,1
1598,1597.999999999983,417.903125,417.8,103.12,1
1599,1598.999999999983,418.057813,417.8333333333333,224.48,1
1600,1599.999999999983,418.239583,417.8666666666667,372.92,1
1601,1600.9999999999827,418.414583,417.96666666666664,447.92,1
1602,1601.9999999999827,418.577083,418.06666666666666,510.42,1
1603,1602.9999999999825,418.79947999999996,418.3333333333333,466.15,1
1604,1603.9999999999825,419.010938,418.46666666666664,544.27,1
1605,1604.9999999999823,419.291667,418.6,691.67,1
1606,1605.9999999999825,419.526042,418.8,726.04,1
1607,1606.999999999982,419.692708,419.0,692.71,1
1608,1607.999999999982,419.87343799999996,419.26666666666665,606.77,1
1609,1608.999999999982,420.039583,419.56666666666666,472.92,1
1610,1609.9999999999818,420.221875,419.73333333333335,488.54,1
1611,1610.9999999999818,420.386458,419.8333333333333,553.12,1
1612,1611.9999999999816,420.586458,419.9,686.46,1
1613,1612.9999999999816,420.767708,420.26666666666665,501.04,1
1614,1613.9999999999814,421.015625,420.3666666666667,648.96,1
1615,1614.9999999999814,421.30625,420.53333333333336,772.92,1
1616,1615.9999999999811,421.586458,420.73333333333335,853.12,1
1617,1616.9999999999811,421.955208,420.8,1155.21,1
1618,1617.999999999981,422.420833,420.96666666666664,1454.17,1
1619,1618.999999999981,422.626042,421.43333333333334,1192.71,1
1620,1619.999999999981,422.734375,421.9,834.38,1
1621,1620.9999999999807,422.852083,422.06666666666666,785.42,1
1622,1621.999999999981,423.00625,422.6,406.25,1
1623,1622.9999999999807,423.205208,422.8333333333333,371.87,1
1624,1623.9999999999807,423.324479,423.2,124.48,1
1625,1624.9999999999804,423.505208,423.3333333333333,171.87,1
1626,1625.9999999999807,423.660937,423.6333333333333,27.6,1
1627,1626.9999999999802,423.907292,423.73333333333335,173.96,1
1628,1627.9999999999804,424.2,424.3666666666667,166.67,1
1629,1628.9999999999802,425.11875,424.4,718.75,1
1630,1629.9999999999802,425.855208,424.43333333333334,1421.87,1
1631,1630.9999999999798,426.063542,424.46666666666664,1596.88,1
1632,1631.9999999999802,426.380208,425.1333333333333,1246.87,1
1633,1632.9999999999798,426.719792,425.26666666666665,1453.13,1
1634,1633.9999999999798,426.995834,426.1666666666667,829.17,1
1635,1634.9999999999798,427.26875,426.2,1068.75,1
1636,1635.9999999999795,427.59947900000003,426.5,1099.48,1
1637,1636.9999999999795,427.733333,426.96666666666664,766.67,1
1638,1637.9999999999795,427.966667,427.3,666.67,1
1639,1638.9999999999795,428.226563,427.43333333333334,793.23,1
1640,1639.9999999999793,428.422396,427.76666666666665,655.73,1
1641,1640.9999999999793,428.6625,427.93333333333334,729.17,1
1642,1641.999999999979,428.941667,428.23333333333335,708.33,1
1643,1642.999999999979,429.069792,428.43333333333334,636.46,1
1644,1643.999999999979,429.295833,428.6,695.83,1
1645,1644.999999999979,429.530208,428.93333333333334,596.87,1
1646,1645.9999999999789,429.717708,429.1666666666667,551.04,1
1647,1646.9999999999789,429.945833,429.3666666666667,579.17,1
1648,1647.9999999999789,430.20625,429.5,706.25,1
1649,1648.9999999999786,430.3375,429.73333333333335,604.17,1
1650,1649.9999999999789,430.56875,429.9,668.75,1
1651,1650.9999999999786,430.847916,430.23333333333335,614.58,1
1652,1651.9999999999786,431.114063,430.3666666666667,747.4,1
1653,1652.9999999999784,431.402084,430.5,902.08,1
1654,1653.9999999999784,431.718229,430.56666666666666,1151.56,1
1655,1654.999999999978,431.868229,431.0,868.23,1
1656,1655.9999999999784,432.20885400000003,431.43333333333334,775.52,1
1657,1656.999999999978,432.540625,431.56666666666666,973.96,1
1658,1657.999999999978,432.7875,431.9,887.5,1
1659,1658.9999999999777,432.960417,432.2,760.42,1
1660,1659.9999999999777,433.34947900000003,432.5,849.48,1
1661,1660.9999999999777,433.49375,432.8,693.75,1
1662,1661.9999999999777,433.77968799999996,433.0,779.69,1
1663,1662.9999999999777,434.094271,433.1666666666667,927.6,1
1664,1663.9999999999775,434.317708,433.46666666666664,851.04,1
1665,1664.9999999999775,434.515625,434.06666666666666,448.96,1
1666,1665.9999999999773,434.855208,434.1333333333333,721.87,1
1667,1666.9999999999773,434.988021,434.5,488.02,1
1668,1667.9999999999773,435.260417,434.7,560.42,1
1669,1668.9999999999773,435.546875,434.9,646.88,1
1670,1669.999999999977,435.799479,435.03333333333336,766.15,1
1671,1670.999999999977,435.99375,435.1333333333333,860.42,1
1672,1671.9999999999768,436.37448,435.53333333333336,841.15,1
1673,1672.9999999999768,436.494792,435.8,694.79,1
1674,1673.999999999977,436.7625,435.8333333333333,929.17,1
1675,1674.9999999999768,437.06406200000004,436.23333333333335,830.73,1
1676,1675.9999999999768,437.292188,436.5,792.19,1
1677,1676.9999999999766,437.49791600000003,436.73333333333335,764.58,1
1678,1677.9999999999766,437.8375,437.03333333333336,804.17,1
1679,1678.999999999976,437.977083,437.26666666666665,710.42,1
1680,1679.9999999999766,438.20625,437.5,706.25,1
1681,1680.999999999976,438.475,437.7,775.0,1
1682,1681.999999999976,438.7125,437.93333333333334,779.17,1
1683,1682.9999999999757,438.90625,438.06666666666666,839.58,1
1684,1683.9999999999757,439.240625,438.46666666666664,773.96,1
1685,1684.9999999999754,439.37448,438.7,674.48,1
1686,1685.9999999999757,439.614583,438.8333333333333,781.25,1
1687,1686.9999999999757,439.876042,439.23333333333335,642.71,1
1688,1687.9999999999754,440.082813,439.4,682.81,1
1689,1688.9999999999752,440.272917,439.6333333333333,639.58,1
1690,1689.9999999999752,440.621875,439.9,721.88,1
1691,1690.9999999999752,440.763542,440.03333333333336,730.21,1
1692,1691.9999999999752,440.979688,440.2,779.69,1
1693,1692.9999999999752,441.235417,440.73333333333335,502.08,1
1694,1693.999999999975,441.467708,440.76666666666665,701.04,1
1695,1694.999999999975,441.664583,440.8666666666667,797.92,1
1696,1695.9999999999748,441.991146,441.2,791.15,1
1697,1696.9999999999748,442.11927099999997,441.43333333333334,685.94,1
1698,1697.9999999999748,442.355208,441.56666666666666,788.54,1
1699,1698.9999999999748,442.614583,442.03333333333336,581.25,1
1700,1699.9999999999748,442.81875,442.3,518.75,1
1701,1700.9999999999745,443.057292,442.6333333333333,423.96,1
1702,1701.9999999999745,443.334375,442.8333333333333,501.04,1
1703,1702.9999999999743,443.460938,442.8666666666667,594.27,1
1704,1703.9999999999745,443.702083,443.06666666666666,635.42,1
1705,1704.9999999999743,443.95885400000003,443.1333333333333,825.52,1
1706,1705.9999999999743,444.155209,443.46666666666664,688.54,1
1707,1706.9999999999739,444.399479,443.6333333333333,766.15,1
1708,1707.9999999999739,444.65781200000004,444.1666666666667,491.15,1
1709,1708.9999999999736,444.780729,444.2,580.73,1
1710,1709.9999999999739,445.023438,444.46666666666664,556.77,1
1711,1710.9999999999736,445.288542,444.6,688.54,1
1712,1711.9999999999736,445.528125,444.76666666666665,761.46,1
1713,1712.9999999999736,445.869792,445.0,869.79,1
1714,1713.9999999999734,446.233334,445.43333333333334,800.0,1
1715,1714.9999999999748,446.402083,445.53333333333336,868.75,1
1716,1715.9999999999748,446.641667,445.8333333333333,808.33,1
1717,1716.9999999999748,446.88489599999997,445.93333333333334,951.56,1
1718,1717.999999999975,447.17031299999996,446.3666666666667,803.65,1
1719,1718.999999999975,447.464583,446.6333333333333,831.25,1
1720,1719.999999999975,447.796875,446.9,896.88,1
1721,1720.999999999975,447.953125,447.06666666666666,886.46,1
1722,1721.999999999975,448.186459,447.43333333333334,753.13,1
1723,1722.999999999975,448.46302099999997,447.76666666666665,696.35,1
1724,1723.999999999975,448.75989599999997,448.0,759.9,1
1725,1724.999999999975,449.145312,448.1666666666667,978.65,1
1726,1725.9999999999752,449.44747,448.3,1147.47,1
1727,1726.9999999999752,449.74962800000003,448.6666666666667,1082.96,1
1728,1727.9999999999752,450.05178600000005,449.1333333333333,918.45,1
1729,1728.9999999999752,450.353944,449.1666666666667,1187.28,1
1730,1729.9999999999752,450.656101,449.2,1456.1,1
1731,1730.999999999975,450.958259,449.26666666666665,1691.59,1
1732,1731.999999999975,451.260417,450.5,760.42,1
1733,1732.9999999999804,451.6375,450.76666666666665,870.83,1
1734,1733.9999999999802,451.93593799999996,450.96666666666664,969.27,1
1735,1734.9999999999802,452.234896,451.26666666666665,968.23,1
1736,1735.9999999999798,452.542708,451.4,1142.71,1
1737,1736.9999999999798,453.016146,451.6,1416.15,1
1738,1737.9999999999802,453.373308,452.26666666666665,1106.64,1
1739,1738.9999999999802,453.730469,452.53333333333336,1197.14,1
1740,1739.9999999999802,454.08763,453.0,1087.63,1
1741,1740.9999999999798,454.444792,453.1,1344.79,1
1742,1741.9999999999918,454.94322900000003,453.1333333333333,1809.9,1
1743,1742.9999999999918,455.668229,453.43333333333334,2234.9,1
1744,1743.9999999999918,456.10527300000007,454.43333333333334,1671.94,1
1745,1744.9999999999916,456.54231799999997,455.43333333333334,1108.98,1
1746,1745.9999999999916,456.97936200000004,455.6666666666667,1312.7,1
1747,1746.9999999999916,457.41640599999994,455.8666666666667,1549.74,1
1748,1747.9999999999916,457.85345099999995,456.1666666666667,1686.78,1
1749,1748.9999999999918,458.290495,456.4,1890.5,1
1750,1749.999999999972,458.727539,457.9,827.54,1
1751,1750.9999999999718,459.164583,458.06666666666666,1097.92,1
1752,1751.9999999999714,459.391146,458.3333333333333,1057.81,1
1753,1752.9999999999714,459.623959,458.6,1023.96,1
1754,1753.9999999999714,459.856771,459.1333333333333,723.44,1
1755,1754.9999999999704,460.109896,459.3666666666667,743.23,1
1756,1755.9999999999707,460.317622,459.4,917.62,1
1757,1756.9999999999707,460.52534699999995,459.46666666666664,1058.68,1
1758,1757.9999999999704,460.73307300000005,459.53333333333336,1199.74,1
1759,1758.9999999999704,460.940799,459.56666666666666,1374.13,1
1760,1759.9999999999704,461.148524,459.6333333333333,1515.19,1
1761,1760.99999999997,461.35625,459.6666666666667,1689.58,1
1762,1761.9999999999704,461.63923600000004,459.73333333333335,1905.9,1
1763,1762.9999999999702,461.922222,459.76666666666665,2155.56,1
1764,1763.9999999999702,462.205208,459.8666666666667,2338.54,1
1765,1764.9999999999702,462.440451,460.06666666666666,2373.78,1
1766,1765.9999999999704,462.675694,461.56666666666666,1109.03,1
1767,1766.9999999999702,462.910937,462.23333333333335,677.6,1
1768,1767.9999999999702,463.14618099999996,462.43333333333334,712.85,1
1769,1768.9999999999702,463.38142400000004,462.73333333333335,648.09,1
1770,1769.99999999997,463.616667,463.43333333333334,183.33,1
1771,1770.9999999999702,463.78333399999997,463.53333333333336,250.0,1
1772,1771.9999999999698,463.95,463.56666666666666,383.33,1
1773,1772.9999999999698,464.204167,463.6333333333333,570.83,1
1774,1773.9999999999698,464.426042,463.8333333333333,592.71,1
1775,1774.9999999999698,464.647917,463.96666666666664,681.25,1
1776,1775.9999999999684,464.85364599999997,464.1666666666667,686.98,1
1777,1776.9999999999688,465.06901100000005,464.3333333333333,735.68,1
1778,1777.9999999999686,465.284375,464.6333333333333,651.04,1
1779,1778.999999999968,465.52135400000003,464.8,721.35,1
1780,1779.9999999999677,465.72890599999994,464.8333333333333,895.57,1
1781,1780.999999999968,465.936458,464.9,1036.46,1
1782,1781.999999999968,466.14401,464.96666666666664,1177.34,1
1783,1782.999999999968,466.351563,465.0,1351.56,1
1784,1783.9999999999677,466.559115,465.06666666666666,1492.45,1
1785,1784.9999999999675,466.766667,465.1333333333333,1633.33,1
1786,1785.9999999999677,467.019097,465.2,1819.1,1
1787,1786.9999999999677,467.27152800000005,465.5,1771.53,1
1788,1787.9999999999675,467.523958,466.6,923.96,1
1789,1788.9999999999675,467.75329800000003,466.76666666666665,986.63,1
1790,1789.9999999999675,467.98263899999995,467.3333333333333,649.31,1
1791,1790.9999999999677,468.211979,467.56666666666666,645.31,1
1792,1791.9999999999675,468.441319,467.73333333333335,707.99,1
1793,1792.9999999999675,468.67065999999994,467.76666666666665,903.99,1
1794,1793.9999999999673,468.9,467.8666666666667,1033.33,1
1795,1794.9999999999673,469.059375,468.6333333333333,426.04,1
1796,1795.9999999999668,469.21875,468.8333333333333,385.42,1
1797,1796.9999999999668,469.453125,468.8666666666667,586.46,1
1798,1797.999999999967,469.629861,468.93333333333334,696.53,1
1799,1798.9999999999668,469.80659699999995,469.23333333333335,573.26,1
1800,1799.9999999999668,469.983333,469.43333333333334,550.0,1
1801,1800.999999999967,470.17326399999996,469.6333333333333,539.93,1
1802,1801.9999999999668,470.363194,469.6666666666667,696.53,1
1803,1802.9999999999668,470.553125,469.96666666666664,586.46,1
1804,1803.9999999999668,470.75972199999995,470.23333333333335,526.39,1
1805,1804.9999999999666,470.96632,470.26666666666665,699.65,1
1806,1805.9999999999663,471.172917,470.3333333333333,839.58,1
1807,1806.9999999999668,471.36793200000005,471.06666666666666,301.27,1
1808,1807.9999999999668,471.56294699999995,471.43333333333334,129.61,1
1809,1808.9999999999666,471.757961,471.7,57.96,1
1810,1809.9999999999666,471.952976,472.3333333333333,380.36,1
1811,1810.9999999999668,472.147991,473.1333333333333,985.34,1
1812,1811.9999999999668,472.34300599999995,473.2,856.99,1
1813,1812.9999999999666,472.538021,473.23333333333335,695.31,1
1814,1813.9999999999666,472.72057300000006,473.3,579.43,1
1815,1814.9999999999666,472.903125,473.3333333333333,430.21,1
1816,1815.9999999999668,473.085677,473.4,314.32,1
1817,1816.9999999999666,473.268229,473.46666666666664,198.44,1
1818,1817.9999999999666,473.45078099999995,473.56666666666666,115.89,1
1819,1818.9999999999666,473.633333,473.8333333333333,200.0,1
1820,1819.9999999999666,473.815885,474.06666666666666,250.78,1
1821,1820.9999999999668,473.998437,474.2,201.56,1
1822,1821.9999999999668,474.18098899999995,474.6333333333333,452.34,1
1823,1822.9999999999668,474.363541,474.6666666666667,303.13,1
1824,1823.999999999966,474.538542,474.73333333333335,194.79,1
1825,1824.999999999966,474.75234400000005,474.8,47.66,1
1826,1825.9999999999652,474.96614500000004,474.8333333333333,132.81,1
1827,1826.9999999999648,475.21927,474.9,319.27,1
1828,1827.9999999999645,475.424218,474.93333333333334,490.88,1
1829,1828.9999999999645,475.629166,475.0,629.17,1
1830,1829.9999999999648,475.83411399999994,475.03333333333336,800.78,1
1831,1830.9999999999648,476.039062,475.1,939.06,1
1832,1831.9999999999645,476.24400999999995,475.2,1044.01,1
1833,1832.9999999999645,476.448958,475.26666666666665,1182.29,1
1834,1833.9999999999643,476.699653,475.3,1399.65,1
1835,1834.9999999999645,476.95034699999997,475.3666666666667,1583.68,1
1836,1835.999999999964,477.201042,476.43333333333334,767.71,1
1837,1836.9999999999643,477.3875,476.6333333333333,754.17,1
1838,1837.9999999999643,477.573958,476.76666666666665,807.29,1
1839,1838.9999999999643,477.760417,477.26666666666665,493.75,1
1840,1839.9999999999645,477.946875,477.4,546.88,1
1841,1840.9999999999638,478.133333,477.7,433.33,1
1842,1841.9999999999638,478.371875,478.06666666666666,305.21,1
1843,1842.9999999999638,478.530209,478.1,430.21,1
1844,1843.9999999999636,478.688542,478.1666666666667,521.88,1
1845,1844.9999999999636,478.926042,478.26666666666665,659.38,1
1846,1845.9999999999636,479.145313,478.53333333333336,611.98,1
1847,1846.9999999999636,479.364583,478.7,664.58,1
1848,1847.9999999999627,479.563542,478.9,663.54,1
1849,1848.9999999999627,479.77526100000006,479.06666666666666,708.59,1
1850,1849.9999999999627,479.986979,479.1333333333333,853.65,1
1851,1850.9999999999616,480.234375,479.53333333333336,701.04,1
1852,1851.999999999962,480.45243,479.56666666666666,885.76,1
1853,1852.9999999999616,480.67048600000004,479.6333333333333,1037.15,1
1854,1853.9999999999616,480.88854100000003,479.7,1188.54,1
1855,1854.999999999962,481.10659699999997,479.73333333333335,1373.26,1
1856,1855.999999999962,481.324653,479.8,1524.65,1
1857,1856.9999999999616,481.542708,479.8333333333333,1709.37,1
1858,1857.9999999999616,481.79756900000007,479.9,1897.57,1
1859,1858.9999999999613,482.05243099999996,479.93333333333334,2119.1,1
1860,1859.9999999999616,482.307292,481.03333333333336,1273.96,1
1861,1860.9999999999616,482.536459,481.6666666666667,869.79,1
1862,1861.9999999999613,482.765625,482.3,465.62,1
1863,1862.9999999999613,482.994792,482.46666666666664,528.13,1
1864,1863.9999999999613,483.223959,482.5,723.96,1
1865,1864.9999999999613,483.453125,482.56666666666666,886.46,1
1866,1865.999999999961,483.682292,482.7,982.29,1
1867,1866.9999999999613,483.831771,483.2,631.77,1
1868,1867.999999999961,483.98125,483.3,681.25,1
1869,1868.9999999999607,484.22083399999997,483.6666666666667,554.17,1
1870,1869.999999999961,484.395486,483.93333333333334,462.15,1
1871,1870.999999999961,484.570139,484.1,470.14,1
1872,1871.9999999999607,484.744792,484.23333333333335,511.46,1
1873,1872.9999999999607,484.932986,484.3,632.99,1
1874,1873.9999999999607,485.121181,484.8333333333333,287.85,1
1875,1874.9999999999607,485.309375,484.96666666666664,342.71,1
1876,1875.9999999999607,485.554167,485.1666666666667,387.5,1
1877,1876.9999999999607,485.798958,485.2,598.96,1
1878,1877.9999999999604,486.04375,485.26666666666665,777.08,1
1879,1878.9999999999604,486.252517,485.43333333333334,819.18,1
1880,1879.9999999999607,486.461285,485.73333333333335,727.95,1
1881,1880.9999999999607,486.67005199999994,486.03333333333336,636.72,1
1882,1881.9999999999607,486.878819,486.3333333333333,545.49,1
1883,1882.9999999999604,487.087587,486.6,487.59,1
1884,1883.9999999999604,487.296354,486.76666666666665,529.69,1
1885,1884.9999999999607,488.04097199999995,486.8666666666667,1174.31,1
1886,1885.9999999999607,488.78559,487.2,1585.59,1
1887,1886.9999999999604,489.530208,487.3,2230.21,1
1888,1887.9979166666267,489.651389,487.53333333333336,2118.06,1
1889,1888.9979166666265,489.77256900000003,487.76666666666665,2005.9,1
1890,1889.9999999999598,489.89375,488.03333333333336,1860.42,1
1891,1890.997916666626,490.01493099999993,489.23333333333335,781.6,1
1892,1891.9979166666258,490.136111,489.43333333333334,702.78,1
1893,1892.9999999999588,490.257292,489.56666666666666,690.63,1
1894,1893.9999999999588,490.529167,489.6,929.17,1
1895,1894.999999999959,490.801042,489.6666666666667,1134.38,1
1896,1895.9999999999588,490.994792,489.8,1194.79,1
1897,1896.9999999999588,491.191667,489.8333333333333,1358.33,1
1898,1897.9999999999586,491.35,489.93333333333334,1416.67,1
1899,1898.9999999999584,491.507292,490.23333333333335,1273.96,1
1900,1899.9999999999584,491.689583,491.1666666666667,522.92,1
1901,1900.9999999999575,491.855208,491.3333333333333,521.87,1
1902,1901.9999999999575,492.026042,491.53333333333336,492.71,1
1903,1902.9999999999575,492.238195,491.6333333333333,604.86,1
1904,1903.9999999999575,492.45034699999997,491.8666666666667,583.68,1
1905,1904.9999999999575,492.6625,492.03333333333336,629.17,1
1906,1905.999999999957,492.8375,492.1,737.5,1
1907,1906.999999999957,493.003125,492.5,503.13,1
1908,1907.9999999999568,493.19322900000003,492.6,593.23,1
1909,1908.9999999999568,493.40781200000004,492.73333333333335,674.48,1
1910,1909.9999999999568,493.617708,493.06666666666666,551.04,1
1911,1910.9999999999566,493.805208,493.2,605.21,1
1912,1911.9999999999566,493.964583,493.43333333333334,531.25,1
1913,1912.9999999999563,494.1125,493.6,512.5,1
1914,1913.999999999956,494.309896,493.76666666666665,543.23,1
1915,1914.9999999999561,494.553646,493.8666666666667,686.98,1
1916,1915.999999999956,494.764583,494.03333333333336,731.25,1
1917,1916.999999999956,495.045833,494.3666666666667,679.17,1
1918,1917.999999999956,495.25598899999994,494.6333333333333,622.66,1
1919,1918.999999999956,495.46614500000004,494.73333333333335,732.81,1
1920,1919.9999999999561,495.651563,495.1333333333333,518.23,1
1921,1920.9999999999557,495.834375,495.23333333333335,601.04,1
1922,1921.9999999999557,495.980208,495.4,580.21,1
1923,1922.9999999999554,496.166667,495.6666666666667,500.0,1
1924,1923.9999999999552,496.329167,495.8666666666667,462.5,1
1925,1924.9999999999552,496.498958,495.96666666666664,532.29,1
1926,1925.9999999999543,496.671875,496.1333333333333,538.54,1
1927,1926.9999999999548,496.942187,496.3,642.19,1
1928,1927.9999999999548,497.2125,496.4,812.5,1
1929,1928.9999999999543,497.48281299999996,496.6666666666667,816.15,1
1930,1929.9999999999543,497.753125,496.8666666666667,886.46,1
1931,1930.9999999999538,497.932292,497.46666666666664,465.63,1
1932,1931.9999999999538,498.116146,497.56666666666666,549.48,1
1933,1932.9999999999538,498.296875,497.7,596.88,1
1934,1933.9999999999536,498.460417,498.0,460.42,1
1935,1934.9999999999538,498.636459,498.1333333333333,503.13,1
1936,1935.9999999999534,498.841667,498.26666666666665,575.0,1
1937,1936.9999999999534,499.009375,498.53333333333336,476.04,1
1938,1937.9999999999532,499.23125,498.6,631.25,1
1939,1938.9999999999532,499.457292,498.93333333333334,523.96,1
1940,1939.9999999999534,499.697917,498.96666666666664,731.25,1
1941,1940.9999999999532,500.207292,499.2,1007.29,1
1942,1941.999999999952,500.60625,499.5,1106.25,1
1943,1942.9999999999516,500.785416,500.06666666666666,718.75,1
1944,1943.9999999999516,500.964583,501.56666666666666,602.08,1
1945,1944.9999999999516,501.222396,501.6333333333333,410.94,1
1946,1945.9999999999516,501.409375,501.7,290.62,1
1947,1946.9999999999513,501.828125,501.73333333333335,94.79,1
1948,1947.9999999999511,502.119792,501.8,319.79,1
1949,1948.9999999999513,502.307813,501.8333333333333,474.48,1
1950,1949.9999999999516,502.495833,501.9,595.83,1
1951,1950.9999999999511,502.785417,501.96666666666664,818.75,1
1952,1951.9999999999513,502.95,502.1333333333333,816.67,1
1953,1952.9999999999518,503.114583,502.46666666666664,647.92,1
1954,1953.9999999999513,503.394792,502.6333333333333,761.46,1
1955,1954.9999999999518,503.511458,503.1666666666667,344.79,1
1956,1955.9999999999511,503.760938,503.2,560.94,1
1957,1956.9999999999511,504.0375,503.46666666666664,570.83,1
1958,1957.9999999999513,504.18125,503.56666666666666,614.58,1
1959,1958.9999999999507,504.448958,503.6333333333333,815.62,1
1960,1959.9999999999507,504.686458,504.06666666666666,619.79,1
1961,1960.9999999999513,504.921875,504.2,721.88,1
1962,1961.9999999999507,505.12239500000004,504.43333333333334,689.06,1
1963,1962.9999999999513,505.421875,504.6666666666667,755.21,1
1964,1963.9999999999502,505.644791,505.1666666666667,478.12,1
1965,1964.9999999999502,506.074479,505.4,674.48,1
1966,1965.9999999999507,506.395833,505.46666666666664,929.17,1
1967,1966.99999999995,506.607292,505.76666666666665,840.63,1
1968,1967.9999999999502,506.801042,505.96666666666664,834.38,1
1969,1968.9999999999507,507.01354100000003,506.06666666666666,946.87,1
1970,1969.9999999999498,507.23229100000003,506.6333333333333,598.96,1
1971,1970.9999999999498,507.678125,507.06666666666666,611.46,1
1972,1971.999999999949,507.903125,507.1,803.12,1
1973,1972.9999999999495,508.110416,507.5,610.42,1
1974,1973.9999999999495,508.317708,507.56666666666666,751.04,1
1975,1974.9999999999493,508.564583,507.8666666666667,697.92,1
1976,1975.9999999999495,508.734114,508.1333333333333,600.78,1
1977,1976.9999999999498,508.903646,508.3,603.65,1
1978,1977.9999999999493,509.133854,508.56666666666666,567.19,1
1979,1978.9999999999495,509.305208,508.8666666666667,438.54,1
1980,1979.9999999999486,509.54479100000003,508.93333333333334,611.46,1
1981,1980.9999999999488,509.817188,509.1,717.19,1
1982,1981.9999999999495,510.033333,509.3,733.33,1
1983,1982.9999999999486,510.3375,509.6333333333333,704.17,1
1984,1983.9999999999488,510.572917,509.73333333333335,839.58,1
1985,1984.999999999949,510.773177,510.1,673.18,1
1986,1985.9999999999486,510.973438,510.1666666666667,806.77,1
1987,1986.9999999999488,511.283333,510.56666666666666,716.67,1
1988,1987.9999999999493,511.581771,510.73333333333335,848.44,1
1989,1988.9999999999486,512.021355,510.96666666666664,1054.69,1
1990,1989.999999999949,512.348958,511.3333333333333,1015.62,1
1991,1990.9999999999486,512.5625,511.56666666666666,995.83,1
1992,1991.9999999999486,512.716667,511.8,916.67,1
1993,1992.9999999999486,512.959375,512.0,959.38,1
1994,1993.9999999999484,513.182292,512.6,582.29,1
1995,1994.9999999999484,513.553125,513.0666666666667,486.46,1
1996,1995.9999999999488,513.83125,513.2333333333333,597.92,1
1997,1996.9999999999484,514.00625,513.2666666666667,739.58,1
1998,1997.9999999999486,514.190104,513.3333333333334,856.77,1
1999,1998.9999999999482,514.389583,513.8666666666667,522.92,1
2000,1999.9999999999484,514.570833,514.1666666666666,404.17,1
2001,2000.9999999999484,514.778125,514.4,378.13,1
2002,2001.9999999999482,514.976042,514.5666666666667,409.38,1
2003,2002.9999999999484,515.155208,514.7333333333333,421.87,1
2004,2003.9999999999486,515.38125,515.0666666666667,314.58,1
2005,2004.9999999999482,515.6171879999999,515.1,517.19,1
2006,2005.9999999999484,515.858333,515.1666666666666,691.67,1
2007,2006.9999999999477,516.221354,515.3666666666667,854.69,1
2008,2007.999999999948,516.492708,515.6,892.71,1
2009,2008.9999999999486,516.7072919999999,515.8333333333334,873.96,1
2010,2009.9999999999477,516.885937,516.2333333333333,652.6,1
2011,2010.999999999948,517.103125,516.5,603.12,1
2012,2011.9999999999484,517.404687,516.6,804.69,1
2013,2012.9999999999477,517.78073,516.9666666666667,814.06,1
2014,2013.9999999999482,518.046875,517.1666666666666,880.21,1
2015,2014.9999999999475,518.2375,517.2333333333333,1004.17,1
2016,2015.9999999999477,518.480729,517.7,780.73,1
2017,2016.9999999999482,518.741146,518.0666666666667,674.48,1
2018,2017.9999999999475,518.95,518.3666666666667,583.33,1
2019,2018.9999999999475,519.231771,518.4333333333333,798.44,1
2020,2019.9999999999477,519.484375,518.6333333333333,851.04,1
2021,2020.9999999999475,519.69375,519.2666666666667,427.08,1
2022,2021.9999999999475,519.903125,519.3,603.13,1
2023,2022.9999999999477,520.141146,519.5,641.15,1
2024,2023.999999999947,520.3010419999999,519.9,401.04,1
2025,2024.9999999999475,520.578125,519.9666666666667,611.46,1
2026,2025.9999999999468,520.873438,520.1,773.44,1
2027,2026.9999999999468,521.077084,520.3,777.08,1
2028,2027.9999999999475,521.357292,520.7666666666667,590.63,1
2029,2028.999999999946,521.579687,520.9,679.69,1
2030,2029.9999999999463,521.819792,521.0666666666667,753.13,1
2031,2030.9999999999457,522.15625,521.1,1056.25,1
2032,2031.999999999946,522.43125,521.3,1131.25,1
2033,2032.9999999999463,522.655208,521.9666666666667,688.54,1
2034,2033.9999999999459,522.926563,522.0,926.56,1
2035,2034.999999999946,523.190625,522.2666666666667,923.96,1
2036,2035.9999999999466,523.432292,522.6,832.29,1
2037,2036.9999999999459,523.852604,523.1,752.6,1
2038,2037.999999999946,524.108333,523.1666666666666,941.67,1
2039,2038.999999999946,524.331771,523.3333333333334,998.44,1
2040,2039.9999999999459,524.56875,524.0,568.75,1
2041,2040.999999999946,524.811458,524.1,711.46,1
2042,2041.9999999999459,525.034375,524.3,734.38,1
2043,2042.9999999999457,525.298958,524.3666666666667,932.29,1
2044,2043.999999999946,525.539583,524.8333333333334,706.25,1
2045,2044.9999999999457,525.740625,525.0333333333333,707.29,1
2046,2045.9999999999457,525.947917,525.1333333333333,814.58,1
2047,2046.9999999999457,526.1375,525.2,937.5,1
2048,2047.9999999999457,526.330208,525.9,430.21,1
2049,2048.999999999946,526.611458,526.0666666666667,544.79,1
2050,2049.9999999999454,526.8125,526.1,712.5,1
2051,2050.9999999999454,527.01875,526.5333333333333,485.42,1
2052,2051.999999999946,527.290625,526.5666666666667,723.96,1
2053,2052.999999999945,527.510417,526.8,710.42,1
2054,2053.999999999945,527.6796879999999,526.9333333333333,746.35,1
2055,2054.999999999946,528.013542,526.9666666666667,1046.88,1
2056,2055.999999999945,528.251042,527.0333333333333,1217.71,1
2057,2056.999999999946,528.479167,527.6333333333333,845.83,1
2058,2057.9999999999454,528.657812,527.9,757.81,1
2059,2058.999999999945,528.95,528.0333333333333,916.67,1
2060,2059.9999999999454,529.190104,528.3333333333334,856.77,1
2061,2060.9999999999445,529.613021,528.6666666666666,946.35,1
2062,2061.999999999945,529.880208,528.7333333333333,1146.87,1
2063,2062.9999999999454,530.08125,528.8,1281.25,1
2064,2063.9999999999445,530.331771,528.8333333333334,1498.44,1
2065,2064.9999999999454,530.622916,529.0333333333333,1589.58,1
2066,2065.9999999999445,530.83125,530.0,831.25,1
2067,2066.9999999999445,531.138021,530.3333333333334,804.69,1
2068,2067.9999999999445,531.3947919999999,530.6333333333333,761.46,1
2069,2068.9999999999445,531.590365,530.8333333333334,757.03,1
2070,2069.9999999999445,531.785938,531.1666666666666,619.27,1
2071,2070.9999999999445,532.005729,531.3333333333334,672.4,1
2072,2071.999999999944,532.186458,531.5666666666667,619.79,1
2073,2072.999999999944,532.471875,531.8,671.88,1
2074,2073.9999999999445,532.671875,531.9666666666667,705.21,1
2075,2074.999999999944,532.8864580000001,532.1666666666666,719.79,1
2076,2075.999999999944,533.1677080000001,532.4,767.71,1
2077,2076.999999999944,533.39375,532.5,893.75,1
2078,2077.999999999944,533.573437,532.9,673.44,1
2079,2078.9999999999445,533.753125,533.1,653.12,1
2080,2079.999999999944,533.960417,533.4,560.42,1
2081,2080.999999999944,534.123958,533.7666666666667,357.29,1
2082,2081.9999999999445,534.385417,534.5666666666667,181.25,1
2083,2082.999999999944,534.573959,534.7333333333333,159.37,1
2084,2083.9999999999445,534.746875,534.8,53.12,1
2085,2084.9999999999436,534.999479,534.8666666666667,132.81,1
2086,2085.9999999999436,535.196875,534.9333333333333,263.54,1
2087,2086.999999999944,535.448437,534.9666666666667,481.77,1
2088,2087.9999999999436,535.863021,535.0333333333333,829.69,1
2089,2088.9999999999436,536.158333,535.1,1058.33,1
2090,2089.999999999944,536.3552080000001,535.4666666666667,888.54,1
2091,2090.9999999999436,536.552083,535.8333333333334,718.75,1
2092,2091.999999999944,536.735417,535.9,835.42,1
2093,2092.9999999999436,536.898958,536.1333333333333,765.62,1
2094,2093.9999999999436,537.142709,536.3333333333334,809.38,1
2095,2094.9999999999436,537.341146,536.6666666666666,674.48,1
2096,2095.999999999943,537.498958,537.1333333333333,365.62,1
2097,2096.999999999943,537.75625,537.1666666666666,589.58,1
2098,2097.9999999999436,537.945833,537.3333333333334,612.5,1
2099,2098.999999999943,538.127084,537.4666666666667,660.42,1
2100,2099.9999999999436,538.388541,537.5,888.54,1
2101,2100.999999999943,538.617708,537.7333333333333,884.37,1
2102,2101.999999999943,538.786458,538.1333333333333,653.12,1
2103,2102.999999999944,539.044791,538.3,744.79,1
2104,2103.999999999943,539.232292,538.5666666666667,665.63,1
2105,2104.999999999943,539.43125,538.7333333333333,697.92,1
2106,2105.9999999999436,539.682292,538.8,882.29,1
2107,2106.999999999943,539.882292,539.4333333333333,448.96,1
2108,2107.9999999999436,540.054167,539.6666666666666,387.5,1
2109,2108.9999999999436,540.302604,539.7333333333333,569.27,1
2110,2109.999999999943,540.507292,539.8,707.29,1
2111,2110.999999999944,540.6760419999999,540.1,576.04,1
2112,2111.999999999943,540.919271,540.1333333333333,785.94,1
2113,2112.999999999943,541.126042,540.6666666666666,459.38,1
2114,2113.9999999999436,541.298958,540.8,498.96,1
2115,2114.999999999943,541.521875,540.9333333333333,588.54,1
2116,2115.999999999943,541.732292,541.1666666666666,565.63,1
2117,2116.9999999999427,541.943229,541.3,643.23,1
2118,2117.999999999943,542.219791,541.5,719.79,1
2119,2118.9999999999436,542.4875,541.7333333333333,754.17,1
2120,2119.999999999943,542.748958,541.9666666666667,782.29,1
2121,2120.999999999943,543.149479,542.1666666666666,982.81,1
2122,2121.999999999943,543.3934889999999,542.4333333333333,960.16,1
2123,2122.9999999999427,543.6375,542.7,937.5,1
2124,2123.999999999943,543.784375,542.9,884.37,1
2125,2124.999999999943,543.982292,543.3,682.29,1
2126,2125.9999999999422,544.169792,543.7,469.79,1
2127,2126.9999999999422,544.329167,543.8666666666667,462.5,1
2128,2127.9999999999422,544.541146,544.3666666666667,174.48,1
2129,2128.999999999942,544.753125,544.5333333333333,219.79,1
2130,2129.9999999999427,544.884375,544.5666666666667,317.71,1
2131,2130.9999999999413,545.0625,544.6333333333333,429.17,1
2132,2131.999999999941,545.276042,544.6666666666666,609.38,1
2133,2132.999999999941,545.4260419999999,544.9,526.04,1
2134,2133.999999999941,545.615104,545.1333333333333,481.77,1
2135,2134.999999999941,545.804167,545.3,504.17,1
2136,2135.9999999999404,545.9625,545.4333333333333,529.17,1
2137,2136.99999999994,546.1375,545.6,537.5,1
2138,2137.99999999994,546.335417,545.8333333333334,502.08,1
2139,2138.999999999939,546.496875,546.1,396.88,1
2140,2139.99999999994,546.703646,546.5666666666667,136.98,1
2141,2140.9999999999395,546.9104169999999,546.7,210.42,1
2142,2141.999999999939,547.04375,546.7333333333333,310.42,1
2143,2142.999999999939,547.2625,546.8,462.5,1
2144,2143.999999999939,547.486458,546.8666666666667,619.79,1
2145,2144.9999999999377,548.086458,547.0666666666667,1019.79,1
2146,2145.9999999999377,548.382292,547.2666666666667,1115.63,1
2147,2146.9999999999372,548.557292,547.4,1157.29,1
2148,2147.999999999937,548.7125,547.7333333333333,979.17,1
2149,2148.9999999999363,548.895833,548.4666666666667,429.17,1
2150,2149.999999999936,549.070833,548.5666666666667,504.17,1
2151,2150.999999999936,549.229167,548.7666666666667,462.5,1
2152,2151.999999999935,549.409375,548.8333333333334,576.04,1
2153,2152.999999999935,549.539583,549.0666666666667,472.92,1
2154,2153.999999999935,549.7854169999999,549.7333333333333,52.08,1
2155,2154.9999999999354,549.979687,549.7666666666667,213.02,1
2156,2155.999999999935,550.173958,549.8333333333334,340.62,1
2157,2156.9999999999354,550.502083,549.8666666666667,635.42,1
2158,2157.999999999934,550.764583,549.9333333333333,831.25,1
2159,2158.999999999934,550.93125,550.2,731.25,1
2160,2159.999999999934,551.090625,550.5,590.63,1
2161,2160.999999999933,551.257292,550.8,457.29,1
2162,2161.999999999933,551.435417,550.9333333333333,502.08,1
2163,2162.9999999999322,551.5979169999999,551.1666666666666,431.25,1
2164,2163.999999999932,551.776562,551.2666666666667,509.9,1
2165,2164.999999999932,551.927083,552.2,272.92,1
2166,2165.9999999999313,552.1796879999999,552.2333333333333,53.65,1
2167,2166.9999999999327,552.38724,552.3,87.24,1
2168,2167.999999999931,552.594792,552.3333333333334,261.46,1
2169,2168.9999999999313,552.870312,552.4,470.31,1
2170,2169.9999999999313,553.130208,552.4333333333333,696.87,1
2171,2170.9999999999304,553.3083330000001,552.5666666666667,741.67,1
2172,2171.9999999999304,553.517188,552.7333333333333,783.85,1
2173,2172.9999999999304,553.739583,552.8,939.58,1
2174,2173.99999999993,553.913542,553.3333333333334,580.21,1
2175,2174.9999999999295,554.089584,553.4,689.58,1
2176,2175.9999999999295,554.291667,553.7,591.67,1
2177,2176.999999999929,554.460417,554.0,460.42,1
2178,2177.999999999929,554.6328129999999,554.0333333333333,599.48,1
2179,2178.999999999929,554.84375,555.2333333333333,389.58,1
2180,2179.999999999928,554.986458,555.7,713.54,1
2181,2180.999999999928,555.166146,555.7333333333333,567.19,1
2182,2181.9999999999277,555.378125,555.8,421.88,1
2183,2182.9999999999272,555.528125,555.8333333333334,305.21,1
2184,2183.9999999999272,555.699479,555.9,200.52,1
2185,2184.999999999927,555.9,555.9333333333333,33.33,1
2186,2185.999999999927,556.048958,556.0,48.96,1
2187,2186.9999999999254,556.220834,556.0333333333333,187.5,1
2188,2187.999999999926,556.415625,556.1333333333333,282.29,1
2189,2188.999999999926,556.58125,556.3666666666667,214.58,1
2190,2189.999999999925,556.779688,556.4,379.69,1
2191,2190.999999999925,557.0197919999999,556.4666666666667,553.13,1
2192,2191.999999999925,557.223958,556.7,523.96,1
2193,2192.9999999999245,557.51875,556.7666666666667,752.08,1
2194,2193.999999999925,557.683073,556.9666666666667,716.41,1
2195,2194.9999999999245,557.847396,557.1666666666666,680.73,1
2196,2195.9999999999145,557.954167,558.1,145.83,1
2197,2196.999999999915,558.1013019999999,558.3,198.7,1
2198,2197.9999999999145,558.248438,558.7,451.56,1
2199,2198.9999999999145,558.327083,559.2333333333333,906.25,1
2200,2199.9999999999145,558.492968,559.2666666666667,773.7,1
2201,2200.9999999999145,558.658854,559.3333333333334,674.48,1
2202,2201.9999999999145,558.744792,559.6666666666666,921.87,1
2203,2202.9999999999145,558.909722,559.7,790.28,1
2204,2203.9999999999145,559.074653,559.7333333333333,658.68,1
2205,2204.9999999999145,559.239583,559.7666666666667,527.08,1
2206,2205.999999999915,559.465451,559.8,334.55,1
2207,2206.9999999999145,559.691319,559.8333333333334,142.01,1
2208,2207.9999999999145,559.917187,559.8666666666667,50.52,1
2209,2208.999999999915,560.122656,559.9,222.66,1
2210,2209.999999999915,560.328125,559.9333333333333,394.79,1
2211,2210.999999999915,560.533594,559.9666666666667,566.93,1
2212,2211.999999999915,560.739063,560.3333333333334,405.73,1
2213,2212.999999999914,561.03125,560.8666666666667,164.58,1
2214,2213.999999999914,561.268229,560.9666666666667,301.56,1
2215,2214.999999999914,561.459375,561.0,459.38,1
2216,2215.999999999914,561.586979,561.0333333333333,553.65,1
2217,2216.999999999913,561.717187,561.3,417.19,1
2218,2217.9999999999127,561.889844,561.4333333333333,456.51,1
2219,2218.999999999913,562.0625,561.6,462.5,1
2220,2219.999999999913,562.152604,561.7,452.6,1
2221,2220.9999999999127,562.297396,562.0666666666667,230.73,1
2222,2221.9999999999127,562.442188,562.1333333333333,308.85,1
2223,2222.999999999913,562.519271,562.1666666666666,352.6,1
2224,2223.9999999999127,562.67526,562.2,475.26,1
2225,2224.9999999999127,562.83125,562.4333333333333,397.92,1
2226,2225.9999999999127,562.892708,563.3666666666667,473.96,1
2227,2226.9999999999127,563.049305,563.4,350.69,1
2228,2227.9999999999127,563.205903,563.7333333333333,527.43,1
2229,2228.9999999999127,563.3625,563.7666666666667,404.17,1
2230,2229.999999999913,563.573611,563.8,226.39,1
2231,2230.999999999913,563.784722,563.8333333333334,48.61,1
2232,2231.999999999913,563.995834,563.8666666666667,129.17,1
2233,2232.999999999913,564.1953129999999,563.9,295.31,1
2234,2233.999999999914,564.3947919999999,563.9333333333333,461.46,1
2235,2234.999999999913,564.594271,563.9666666666667,627.6,1
2236,2235.999999999913,564.79375,564.5333333333333,260.42,1
2237,2236.9999999999127,565.093229,564.9333333333333,159.9,1
2238,2237.9999999999127,565.321875,565.1333333333333,188.54,1
2239,2238.999999999912,565.488021,565.2666666666667,221.35,1
2240,2239.999999999912,565.622917,565.3,322.92,1
2241,2240.999999999912,565.875521,565.3333333333334,542.19,1
2242,2241.9999999999063,566.0875,565.5,587.5,1
2243,2242.9999999999063,566.299479,565.5666666666667,732.81,1
2244,2243.9999999999063,566.447396,565.7666666666667,680.73,1
2245,2244.9999999999063,566.596354,565.8,796.35,1
2246,2245.9999999999063,566.745312,565.8333333333334,911.98,1
2247,2246.9999999999063,566.863021,566.4666666666667,396.35,1
2248,2247.9999999999063,566.983333,566.7333333333333,250.0,1
2249,2248.9999999999063,567.103646,566.7666666666667,336.98,1
2250,2249.999999999906,567.2125,566.8666666666667,345.83,1
2251,2250.9999999999063,567.325521,567.1666666666666,158.85,1
2252,2251.9999999999063,567.438541,567.2,238.54,1
2253,2252.999999999906,567.539583,567.2333333333333,306.25,1
2254,2253.9999999999063,567.671094,567.4333333333333,237.76,1
2255,2254.9999999999063,567.802604,567.5,302.6,1
2256,2255.999999999906,567.910416,567.5666666666667,343.75,1
2257,2256.9999999999063,568.076823,568.0,76.82,1
2258,2257.999999999906,568.243229,568.0666666666667,176.56,1
2259,2258.999999999906,568.346875,568.1,246.87,1
2260,2259.999999999906,568.526042,568.1333333333333,392.71,1
2261,2260.999999999906,568.705209,568.2,505.21,1
2262,2261.999999999906,568.9020830000001,568.3666666666667,535.42,1
2263,2262.9999999999063,569.159375,568.6333333333333,526.04,1
2264,2263.999999999906,569.416667,568.7,716.67,1
2265,2264.999999999906,570.009375,568.8333333333334,1176.04,1
2266,2265.999999999906,570.229167,568.8666666666667,1362.5,1
2267,2266.999999999905,570.388541,569.3666666666667,1021.87,1
2268,2267.9999999999045,570.53177,570.0,531.77,1
2269,2268.9999999999045,570.6833330000001,570.1666666666666,516.67,1
2270,2269.9999999999036,570.834375,570.3666666666667,467.71,1
2271,2270.9999999999036,570.991667,570.8666666666667,125.0,1
2272,2271.999999999903,571.156771,571.0,156.77,1
2273,2272.9999999999022,571.264583,571.1666666666666,97.92,1
2274,2273.9999999999027,571.473958,571.4333333333333,40.62,1
2275,2274.9999999999022,571.6460940000001,571.6666666666666,20.57,1
2276,2275.9999999999022,571.818229,571.7,118.23,1
2277,2276.9999999999022,572.133333,571.7333333333333,400.0,1
2278,2277.9999999999022,572.340104,571.7666666666667,573.44,1
2279,2278.9999999999013,572.465104,571.8333333333334,631.77,1
2280,2279.9999999999004,572.613021,572.0333333333333,579.69,1
2281,2280.9999999999004,572.766667,572.3,466.67,1
2282,2281.9999999999,572.9177080000001,572.4666666666667,451.04,1
2283,2282.999999999899,573.077083,572.8,277.08,1
2284,2283.9999999998986,573.223438,573.1333333333333,90.1,1
2285,2284.999999999898,573.366146,573.2333333333333,132.81,1
2286,2285.999999999898,573.56198,573.5666666666667,4.69,1
2287,2286.9999999998986,573.745573,573.6333333333333,112.24,1
2288,2287.999999999898,573.929167,573.9,29.17,1
2289,2288.999999999898,574.116667,573.9333333333333,183.33,1
2290,2289.999999999898,574.260417,573.9666666666667,293.75,1
2291,2290.9999999998986,574.40625,574.0,406.25,1
2292,2291.999999999898,574.553646,574.0666666666667,486.98,1
2293,2292.999999999892,574.71875,574.1,618.75,1
2294,2293.999999999892,574.864583,574.5,364.58,1
2295,2294.9999999998927,575.0270830000001,574.5333333333333,493.75,1
2296,2295.9999999998918,575.173958,574.6,573.96,1
2297,2296.999999999892,575.311458,574.8666666666667,444.79,1
2298,2297.999999999892,575.459375,575.0666666666667,392.71,1
2299,2298.999999999892,575.608854,575.4333333333333,175.52,1
2300,2299.9999999998918,575.742708,576.0,257.29,1
2301,2300.9999999998918,575.896875,576.0333333333333,136.46,1
2302,2301.9999999998913,576.0375,576.0666666666667,29.17,1
2303,2302.9999999998913,576.1677080000001,576.1,67.71,1
2304,2303.9999999998913,576.311459,576.1333333333333,178.13,1
2305,2304.9999999998913,576.444792,576.2,244.79,1
2306,2305.9999999998913,576.582291,576.3,282.29,1
2307,2306.999999999891,576.729167,576.3333333333334,395.83,1
2308,2307.999999999891,576.8635419999999,576.4333333333333,430.21,1
2309,2308.999999999891,576.990104,576.6666666666666,323.44,1
2310,2309.999999999891,577.104167,576.7333333333333,370.83,1
2311,2310.999999999891,577.229167,576.8333333333334,395.83,1
2312,2311.9999999998913,577.3375,576.8666666666667,470.83,1
2313,2312.9999999998913,577.454687,577.0666666666667,388.02,1
2314,2313.9999999998913,577.585417,577.4,185.42,1
2315,2314.9999999998913,577.716146,577.7333333333333,17.19,1
2316,2315.999999999891,577.846875,577.8,46.88,1
2317,2316.999999999891,577.9850690000001,577.8333333333334,151.74,1
2318,2317.999999999891,578.123264,577.8666666666667,256.6,1
2319,2318.999999999891,578.2614580000001,577.9,361.46,1
2320,2319.9999999998913,578.40243,578.0666666666667,335.76,1
2321,2320.9999999998927,578.543403,578.4,143.4,1
2322,2321.9999999998913,578.684375,578.5666666666667,117.71,1
2323,2322.9999999998913,578.8440969999999,578.7666666666667,77.43,1
2324,2323.9999999998927,579.00382,578.8,203.82,1
2325,2324.9999999998913,579.163542,578.8333333333334,330.21,1
2326,2325.9999999998918,579.313542,578.9,413.54,1
2327,2326.9999999998913,579.463542,578.9666666666667,496.88,1
2328,2327.9999999998913,579.6135419999999,579.2333333333333,380.21,1
2329,2328.999999999891,579.763542,579.5333333333333,230.21,1
2330,2329.9999999998913,579.913542,579.7333333333333,180.21,1
2331,2330.99999999989,580.063542,579.9333333333333,130.21,1
2332,2331.999999999891,580.168837,580.1666666666666,2.17,1
2333,2332.9999999998913,580.274132,580.4333333333333,159.2,1
2334,2333.999999999891,580.379427,580.6,220.57,1
2335,2334.999999999891,580.4847219999999,580.7333333333333,248.61,1
2336,2335.9999999998913,580.590017,580.7666666666667,176.65,1
2337,2336.999999999891,580.6953129999999,580.8333333333334,138.02,1
