beat_idx,gt_beat,gt_time_s,pred_time_s,err_ms,ok
0,0.0,1.029688,0.0,1029.69,1
1,1.0000000000000002,1.294271,0.03333333333333333,1260.94,1
2,2.0000000000000004,1.5588540000000002,0.06666666666666667,1492.19,1
3,3.000000000000001,1.7625,0.1,1662.5,1
4,4.000000000000001,1.9697919999999998,0.16666666666666666,1803.13,1
5,5.000000000000001,2.177084,0.2,1977.08,1
6,6.000000000000001,2.3875,0.23333333333333334,2154.17,1
7,7.0,2.597222,0.26666666666666666,2330.56,1
8,8.000000000000002,2.8069439999999997,0.3333333333333333,2473.61,1
9,9.000000000000002,3.016667,0.36666666666666664,2650.0,1
10,10.000000000000002,3.2263889999999997,0.4,2826.39,1
11,11.000000000000004,3.436111,0.43333333333333335,3002.78,1
12,12.000000000000004,3.645833,0.4666666666666667,3179.17,1
13,13.000000000000004,3.875,0.5666666666666667,3308.33,1
14,14.000000000000002,4.1041669999999995,0.6,3504.17,1
15,15.000000000000002,4.333334,1.0,3333.33,1
16,16.000000000000004,4.532465,1.0333333333333334,3499.13,1
17,17.000000000000004,4.731597,1.1,3631.6,1
18,18.000000000000004,4.930729,1.1333333333333333,3797.4,1
19,19.0,5.129861,1.1666666666666667,3963.19,1
20,20.0,5.328993,1.2,4128.99,1
21,21.000000000000004,5.528125,1.2666666666666666,4261.46,1
22,22.000000000000004,5.699479,1.3,4399.48,1
23,23.000000000000007,5.870833,1.3333333333333333,4537.5,1
24,24.000000000000018,6.105208,1.3666666666666667,4738.54,1
25,25.000000000000007,6.335938,1.4333333333333333,4902.6,1
26,26.000000000000007,6.566667,1.4666666666666666,5100.0,1
27,27.000000000000014,6.7395830000000005,1.5,5239.58,1
28,28.00000000000001,6.938281,1.5333333333333334,5404.95,1
29,29.000000000000025,7.136978999999999,1.6,5536.98,1
30,30.000000000000018,7.344271000000001,1.6333333333333333,5710.94,1
31,31.000000000000018,7.524566,1.6666666666666667,5857.9,1
32,32.00000000000002,7.704861,1.7,6004.86,1
33,33.00000000000002,7.885155999999999,1.7666666666666666,6118.49,1
34,34.00000000000002,8.065452,1.8,6265.45,1
35,35.00000000000002,8.245747,1.8333333333333333,6412.41,1
36,36.00000000000002,8.426042,1.8666666666666667,6559.38,1
37,37.00000000000002,8.646875,1.9333333333333333,6713.54,1
38,38.00000000000002,8.867709,1.9666666666666666,6901.04,1
39,39.000000000000036,9.088542,2.0,7088.54,1
40,40.00000000000002,9.303993,2.033333333333333,7270.66,1
41,41.00000000000002,9.519445,2.066666666666667,7452.78,1
42,42.00000000000002,9.734896,2.1333333333333333,7601.56,1
43,43.00000000000002,9.950347,2.1666666666666665,7783.68,1
44,44.00000000000003,10.165799,2.2,7965.8,1
45,45.00000000000003,10.38125,2.2333333333333334,8147.92,1
46,46.00000000000002,10.559896,2.3,8259.9,1
47,47.000000000000036,10.738542,2.3333333333333335,8405.21,1
48,48.000000000000036,10.989583999999999,2.3666666666666667,8622.92,1
49,49.000000000000036,11.192014,2.8333333333333335,8358.68,1
50,50.000000000000036,11.394445,2.9,8494.44,1
51,51.000000000000036,11.596875,2.933333333333333,8663.54,1
52,52.000000000000036,11.807292,2.966666666666667,8840.63,1
53,53.00000000000003,12.017708,3.0,9017.71,1
54,54.000000000000036,12.228125,3.066666666666667,9161.46,1
55,55.00000000000003,12.469444000000001,3.1,9369.44,1
56,56.00000000000002,12.710764,3.1333333333333333,9577.43,1
57,57.00000000000003,12.952083,3.1666666666666665,9785.42,1
58,58.00000000000003,13.183928,3.2666666666666666,9917.26,1
59,59.00000000000003,13.415773999999999,3.466666666666667,9949.11,1
60,60.00000000000003,13.647619,3.6666666666666665,9980.95,1
61,61.00000000000002,13.879464000000002,3.8,10079.46,1
62,62.00000000000003,14.111309,3.8333333333333335,10277.98,1
63,63.00000000000003,14.343155,3.9,10443.15,1
64,64.00000000000003,14.575,3.933333333333333,10641.67,1
65,65.00000000000003,14.767344,3.966666666666667,10800.68,1
66,66.00000000000003,14.959686999999999,4.166666666666667,10793.02,1
67,67.00000000000003,15.152031,4.366666666666666,10785.36,1
68,68.00000000000003,15.344375,4.566666666666666,10777.71,1
69,69.00000000000003,15.536719,4.766666666666667,10770.05,1
70,70.00000000000003,15.729061999999999,8.9,6829.06,1
71,71.00000000000003,15.921406,9.633333333333333,6288.07,1
72,72.00000000000003,16.11375,9.7,6413.75,1
73,73.00000000000003,16.306094,9.733333333333333,6572.76,1
74,74.00000000000003,16.498438,9.766666666666667,6731.77,1
75,75.00000000000004,16.65625,9.8,6856.25,1
76,76.00000000000003,16.876042,9.866666666666667,7009.38,1
77,77.00000000000003,17.095833,9.9,7195.83,1
78,78.00000000000003,17.304688,10.0,7304.69,1
79,79.00000000000004,17.523351,10.2,7323.35,1
80,80.00000000000003,17.742014,10.333333333333334,7408.68,1
81,81.00000000000003,17.960677,10.366666666666667,7594.01,1
82,82.00000000000003,18.17934,10.733333333333333,7446.01,1
83,83.00000000000004,18.398004,10.766666666666667,7631.34,1
84,84.00000000000003,18.616667,10.8,7816.67,1
85,85.00000000000004,18.854514,10.933333333333334,7921.18,1
86,86.00000000000004,19.092361,11.0,8092.36,1
87,87.00000000000006,19.330208,11.033333333333333,8296.87,1
88,88.00000000000004,19.55125,11.066666666666666,8484.58,1
89,89.00000000000004,19.772292,11.1,8672.29,1
90,90.00000000000004,19.993333,11.166666666666666,8826.67,1
91,91.00000000000004,20.214375,11.2,9014.38,1
92,92.00000000000006,20.435417,11.233333333333333,9202.08,1
93,93.00000000000007,20.717708,11.266666666666667,9451.04,1
94,94.00000000000006,20.890104,11.3,9590.1,1
95,95.00000000000007,21.0625,11.366666666666667,9695.83,1
96,96.0000000000001,21.317708,11.4,9917.71,1
97,97.00000000000007,21.540364999999998,11.433333333333334,10107.03,1
98,98.00000000000009,21.763021,11.466666666666667,10296.35,1
99,99.00000000000009,21.933854999999998,11.533333333333333,10400.52,1
100,100.00000000000009,22.142709,11.566666666666666,10576.04,1
101,101.00000000000013,22.351563,11.6,10751.56,1
102,102.00000000000009,22.553125,11.633333333333333,10919.79,1
103,103.0000000000001,22.752951,11.7,11052.95,1
104,104.0000000000001,22.952778,11.766666666666667,11186.11,1
105,105.00000000000009,23.152604,12.533333333333333,10619.27,1
106,106.00000000000009,23.35243,12.7,10652.43,1
107,107.00000000000009,23.552257,13.6,9952.26,1
108,108.0000000000001,23.752083,13.633333333333333,10118.75,1
109,109.0000000000001,23.990278,13.666666666666666,10323.61,1
110,110.0000000000001,24.228472,14.2,10028.47,1
111,111.00000000000017,24.466667,14.6,9866.67,1
112,112.0000000000001,24.669964999999998,14.8,9869.96,1
113,113.00000000000013,24.873264000000002,15.0,9873.26,1
114,114.00000000000013,25.076563,15.233333333333333,9843.23,1
115,115.0000000000001,25.279861,15.433333333333334,9846.53,1
116,116.0000000000001,25.483159,15.633333333333333,9849.83,1
117,117.0000000000001,25.686458,15.833333333333334,9853.12,1
118,118.00000000000013,25.860937,16.033333333333335,9827.6,1
119,119.00000000000013,26.035417000000002,16.466666666666665,9568.75,1
120,120.00000000000013,26.298958000000002,16.666666666666668,9632.29,1
121,121.00000000000014,26.489929999999998,16.866666666666667,9623.26,1
122,122.00000000000013,26.680903000000004,16.9,9780.9,1
123,123.00000000000014,26.871875,17.1,9771.87,1
124,124.00000000000014,27.064931,18.233333333333334,8831.6,1
125,125.00000000000014,27.257986,18.466666666666665,8791.32,1
126,126.0000000000002,27.451041999999998,18.533333333333335,8917.71,1
127,127.00000000000014,27.682465999999998,18.566666666666666,9115.8,1
128,128.00000000000014,27.913889,18.6,9313.89,1
129,129.00000000000014,28.145312,18.633333333333333,9511.98,1
130,130.00000000000014,28.370759000000003,23.6,4770.76,1
131,131.00000000000014,28.596204999999998,23.733333333333334,4862.87,1
132,132.00000000000014,28.821652,23.8,5021.65,1
133,133.00000000000014,29.047098,24.0,5047.1,1
134,134.00000000000014,29.272545,24.2,5072.55,1
135,135.00000000000014,29.497991,24.366666666666667,5131.32,1
136,136.0000000000002,29.723438,24.566666666666666,5156.77,1
137,137.00000000000014,29.930794,25.066666666666666,4864.13,1
138,138.00000000000014,30.138151,25.3,4838.15,1
139,139.00000000000014,30.345508000000002,25.5,4845.51,1
140,140.00000000000014,30.552865,25.7,4852.87,1
141,141.00000000000014,30.760222,25.833333333333332,4926.89,1
142,142.00000000000014,30.967578000000003,25.933333333333334,5034.24,1
143,143.00000000000014,31.174934999999998,25.966666666666665,5208.27,1
144,144.00000000000014,31.382292,26.033333333333335,5348.96,1
145,145.00000000000014,31.572916999999997,26.066666666666666,5506.25,1
146,146.0000000000002,31.763541999999998,26.1,5663.54,1
147,147.00000000000014,31.928646,26.133333333333333,5795.31,1
148,148.00000000000014,32.142708,26.2,5942.71,1
149,149.00000000000017,32.240625,26.233333333333334,6007.29,1
150,150.0000000000002,32.447917,26.266666666666666,6181.25,1
151,151.00000000000028,32.620833000000005,26.3,6320.83,1
152,152.00000000000026,32.796875,26.333333333333332,6463.54,1
153,153.00000000000028,32.957291999999995,26.4,6557.29,1
154,154.00000000000028,33.158159999999995,26.433333333333334,6724.83,1
155,155.00000000000028,33.359028,26.566666666666666,6792.36,1
156,156.00000000000034,33.559896,26.666666666666668,6893.23,1
157,157.00000000000028,33.735417,26.7,7035.42,1
158,158.00000000000034,33.901042,26.766666666666666,7134.38,1
159,159.00000000000034,34.092187,26.8,7292.19,1
160,160.00000000000034,34.292708000000005,26.833333333333332,7459.37,1
161,161.00000000000034,34.454167,26.866666666666667,7587.5,1
162,162.00000000000034,34.636458000000005,26.933333333333334,7703.12,1
163,163.00000000000034,34.789583,27.066666666666666,7722.92,1
164,164.00000000000034,34.952083,27.433333333333334,7518.75,1
165,165.00000000000028,35.122916,27.733333333333334,7389.58,1
166,166.0000000000003,35.351042,27.766666666666666,7584.38,1
167,167.00000000000034,35.520833,27.833333333333332,7687.5,1
168,168.00000000000028,35.76875,28.066666666666666,7702.08,1
169,169.00000000000028,35.959114,28.566666666666666,7392.45,1
170,170.00000000000028,36.149479,28.733333333333334,7416.15,1
171,171.0000000000003,36.325521,28.966666666666665,7358.85,1
172,172.00000000000037,36.5125,29.766666666666666,6745.83,1
173,173.00000000000028,36.658333,29.8,6858.33,1
174,174.00000000000028,36.85625,29.966666666666665,6889.58,1
175,175.00000000000026,37.00625,30.6,6406.25,1
176,176.00000000000026,37.172917,31.066666666666666,6106.25,1
177,177.00000000000028,37.335417,31.533333333333335,5802.08,1
178,178.0000000000002,37.518229,31.666666666666668,5851.56,1
179,179.00000000000017,37.701042,32.7,5001.04,1
180,180.0000000000002,37.883854,32.93333333333333,4950.52,1
181,181.0000000000002,38.132292,33.7,4432.29,1
182,182.00000000000026,38.322917,33.8,4522.92,1
183,183.00000000000017,38.479687,34.06666666666667,4413.02,1
184,184.00000000000014,38.651042,34.3,4351.04,1
185,185.00000000000014,38.826042,34.36666666666667,4459.38,1
186,186.00000000000017,39.00625,34.43333333333333,4572.92,1
187,187.0000000000002,39.179167,34.666666666666664,4512.5,1
188,188.00000000000014,39.333333,34.86666666666667,4466.67,1
189,189.0000000000001,39.545313,35.0,4545.31,1
190,190.0000000000001,39.78125,35.36666666666667,4414.58,1
191,191.0000000000001,40.009375,35.63333333333333,4376.04,1
192,192.00000000000017,40.401042,35.93333333333333,4467.71,1
193,193.00000000000017,40.723958,36.266666666666666,4457.29,1
194,194.00000000000017,40.913542,36.3,4613.54,1
195,195.00000000000017,41.091667,36.46666666666667,4625.0,1
196,196.00000000000017,41.345833,36.833333333333336,4512.5,1
197,197.00000000000017,41.513542,36.86666666666667,4646.88,1
198,198.0000000000002,41.864583,36.9,4964.58,1
199,199.0000000000002,42.034375,36.93333333333333,5101.04,1
200,200.00000000000017,42.245833000000005,37.1,5145.83,1
201,201.00000000000017,42.613541999999995,37.6,5013.54,1
202,202.00000000000014,42.878125,37.96666666666667,4911.46,1
203,203.00000000000017,43.021875,38.03333333333333,4988.54,1
204,204.00000000000017,43.24375,38.63333333333333,4610.42,1
205,205.00000000000017,43.414583,38.666666666666664,4747.92,1
206,206.00000000000017,43.619792,38.7,4919.79,1
207,207.00000000000017,43.874479,38.766666666666666,5107.81,1
208,208.00000000000017,44.092709,38.833333333333336,5259.38,1
209,209.00000000000017,44.271353999999995,39.03333333333333,5238.02,1
210,210.00000000000017,44.564062,39.233333333333334,5330.73,1
211,211.00000000000017,44.720833,40.266666666666666,4454.17,1
212,212.00000000000017,44.903125,40.46666666666667,4436.46,1
213,213.0000000000002,45.228125,40.6,4628.12,1
214,214.00000000000017,45.4125,41.2,4212.5,1
215,215.0000000000002,45.661458,44.333333333333336,1328.12,1
216,216.0000000000002,46.131482,44.6,1531.48,1
217,217.0000000000002,46.369792,44.766666666666666,1603.13,1
218,218.0000000000002,46.581520000000005,45.13333333333333,1448.19,1
219,219.0000000000002,46.754166999999995,45.833333333333336,920.83,1
220,220.0000000000002,46.979828999999995,47.0,20.17,1
221,221.00000000000028,47.171225,47.166666666666664,4.56,1
222,222.0000000000003,47.463542,47.3,163.54,1
223,223.0000000000003,47.6625,47.333333333333336,329.17,1
224,224.0000000000003,47.830208,47.8,30.21,1
225,225.0000000000003,48.054167,48.03333333333333,20.83,1
226,226.0000000000003,48.244792,48.233333333333334,11.46,1
227,227.0000000000003,48.407292,48.3,107.29,1
228,228.0000000000003,48.629166,48.56666666666667,62.5,1
229,229.0000000000003,48.846354,48.833333333333336,13.02,1
230,230.0000000000003,49.067188,49.06666666666667,0.52,1
231,231.0000000000003,49.291667,49.3,8.33,1
232,232.0000000000003,49.554688,49.5,54.69,1
233,233.00000000000034,49.739583,49.53333333333333,206.25,1
234,234.00000000000037,50.054167,50.03333333333333,20.83,1
235,235.00000000000037,50.251042,50.06666666666667,184.38,1
236,236.00000000000037,50.463542,50.1,363.54,1
237,237.00000000000037,50.677603999999995,50.13333333333333,544.27,1
238,238.00000000000037,50.901042,50.2,701.04,1
239,239.00000000000037,51.1375,50.233333333333334,904.17,1
240,240.00000000000037,51.488541999999995,50.266666666666666,1221.88,1
241,241.00000000000037,51.745833000000005,50.3,1445.83,1
242,242.0000000000003,51.963542,50.36666666666667,1596.88,1
243,243.0000000000003,52.117708,51.6,517.71,1
244,244.00000000000034,52.332813,52.333333333333336,0.52,1
245,245.0000000000003,52.590625,52.6,9.37,1
246,246.00000000000034,52.848438,52.666666666666664,181.77,1
247,247.00000000000037,53.0125,53.0,12.5,1
248,248.00000000000037,53.240625,53.03333333333333,207.29,1
249,249.00000000000037,53.46875,53.36666666666667,102.08,1
250,250.0000000000004,53.673958,53.43333333333333,240.62,1
251,251.00000000000037,53.86666700000001,53.56666666666667,300.0,1
252,252.0000000000004,54.114063,53.666666666666664,447.4,1
253,253.00000000000037,54.297917000000005,53.96666666666667,331.25,1
254,254.0000000000004,54.497917,54.46666666666667,31.25,1
255,255.00000000000037,54.718229,54.5,218.23,1
256,256.0000000000004,54.926563,54.86666666666667,59.9,1
257,257.00000000000034,55.19583299999999,55.13333333333333,62.5,1
258,258.00000000000045,55.482292,55.4,82.29,1
259,259.0000000000004,55.74166700000001,55.833333333333336,91.67,1
260,260.0000000000004,55.927082999999996,55.9,27.08,1
261,261.00000000000045,56.1125,56.0,112.5,1
262,262.0000000000004,56.30416700000001,56.03333333333333,270.83,1
263,263.00000000000045,56.526042000000004,56.06666666666667,459.38,1
264,264.00000000000045,56.810938,56.233333333333334,577.6,1
265,265.0000000000004,56.998957999999995,56.43333333333333,565.62,1
266,266.0000000000004,57.19479200000001,57.266666666666666,71.87,1
267,267.00000000000045,57.447396,57.3,147.4,1
268,268.00000000000045,57.705208,57.43333333333333,271.87,1
269,269.00000000000045,57.896354,57.833333333333336,63.02,1
270,270.00000000000045,58.169792,58.06666666666667,103.13,1
271,271.0000000000004,58.451042,58.43333333333333,17.71,1
272,272.0000000000004,58.640625,58.63333333333333,7.29,1
273,273.00000000000045,58.830208,58.766666666666666,63.54,1
274,274.0000000000004,59.082291000000005,58.9,182.29,1
275,275.0000000000005,59.305209,59.43333333333333,128.12,1
276,276.0000000000005,59.561457999999995,59.53333333333333,28.12,1
277,277.0000000000005,59.838542000000004,59.56666666666667,271.88,1
278,278.0000000000005,60.045313,60.0,45.31,1
279,279.0000000000005,60.35104200000001,60.03333333333333,317.71,1
280,280.0000000000005,60.6125,60.266666666666666,345.83,1
281,281.0000000000005,60.875,60.666666666666664,208.33,1
282,282.0000000000005,61.152604000000004,61.0,152.6,1
283,283.0000000000005,61.53854200000001,61.03333333333333,505.21,1
284,284.0000000000005,61.689583,61.666666666666664,22.92,1
285,285.0000000000005,61.889582999999995,61.833333333333336,56.25,1
286,286.0000000000004,62.157292000000005,61.86666666666667,290.63,1
287,287.0000000000005,62.622917,62.0,622.92,1
288,288.0000000000004,63.115625,62.3,815.63,1
289,289.0000000000005,63.44479200000001,62.43333333333333,1011.46,1
290,290.0000000000005,63.669792,63.666666666666664,3.13,1
291,291.0000000000005,63.91354200000001,63.7,213.54,1
292,292.0000000000005,64.201042,63.766666666666666,434.38,1
293,293.00000000000057,64.389583,64.4,10.42,1
294,294.0000000000005,64.669792,64.5,169.79,1
295,295.00000000000057,64.867708,64.56666666666666,301.04,1
296,296.0000000000005,65.104167,65.33333333333333,229.17,1
297,297.00000000000057,65.378125,65.36666666666666,11.46,1
298,298.0000000000005,65.601042,65.4,201.04,1
299,299.00000000000057,65.805208,65.43333333333334,371.87,1
300,300.0000000000005,66.05573000000001,65.5,555.73,1
301,301.00000000000057,66.232292,65.56666666666666,665.63,1
302,302.0000000000005,66.491667,66.36666666666666,125.0,1
303,303.00000000000057,66.76875,66.4,368.75,1
304,304.00000000000057,66.969792,66.46666666666667,503.13,1
305,305.0000000000006,67.161458,67.13333333333334,28.12,1
306,306.00000000000057,67.51926999999999,67.2,319.27,1
307,307.0000000000006,67.74583299999999,67.6,145.83,1
308,308.0000000000006,67.92604200000001,67.73333333333333,192.71,1
309,309.0000000000006,68.181771,67.96666666666667,215.1,1
310,310.0000000000006,68.391667,68.0,391.67,1
311,311.0000000000006,68.592708,68.06666666666666,526.04,1
312,312.0000000000006,68.85260500000001,68.1,752.61,1
313,313.0000000000006,69.008333,68.5,508.33,1
314,314.0000000000006,69.2125,69.26666666666667,54.17,1
315,315.0000000000006,69.495834,69.46666666666667,29.17,1
316,316.0000000000006,69.806771,69.76666666666667,40.1,1
317,317.0000000000006,70.00416700000001,69.8,204.17,1
318,318.0000000000007,70.289063,70.26666666666667,22.4,1
319,319.0000000000007,70.567708,70.3,267.71,1
320,320.0000000000007,70.789583,70.43333333333334,356.25,1
321,321.0000000000007,71.002083,70.86666666666666,135.42,1
322,322.0000000000007,71.253125,71.2,53.12,1
323,323.0000000000007,71.439063,71.4,39.06,1
324,324.0000000000007,71.692188,71.6,92.19,1
325,325.00000000000057,71.925,71.86666666666666,58.33,1
326,326.0000000000006,72.10989599999999,72.06666666666666,43.23,1
327,327.0000000000007,72.361979,72.1,261.98,1
328,328.0000000000007,72.580208,72.73333333333333,153.13,1
329,329.0000000000007,72.752083,72.8,47.92,1
330,330.0000000000007,72.93333299999999,72.9,33.33,1
331,331.0000000000006,73.154167,73.1,54.17,1
332,332.0000000000007,73.353646,73.26666666666667,86.98,1
333,333.0000000000007,73.598958,73.36666666666666,232.29,1
334,334.00000000000074,73.81875,73.76666666666667,52.08,1
335,335.00000000000074,73.998959,73.8,198.96,1
336,336.0000000000008,74.198438,74.0,198.44,1
337,337.0000000000008,74.372917,74.1,272.92,1
338,338.0000000000008,74.608334,74.33333333333333,275.0,1
339,339.0000000000008,74.915625,74.6,315.63,1
340,340.00000000000085,75.135417,74.63333333333334,502.08,1
341,341.0000000000008,75.336458,74.83333333333333,503.12,1
342,342.00000000000085,75.48854200000001,75.46666666666667,21.88,1
343,343.00000000000085,75.675,75.7,25.0,1
344,344.0000000000009,75.834375,75.76666666666667,67.71,1
345,345.0000000000009,76.08125,75.8,281.25,1
346,346.0000000000009,76.2875,75.86666666666666,420.83,1
347,347.0000000000009,76.47448,76.43333333333334,41.15,1
348,348.00000000000097,76.748959,76.6,148.96,1
349,349.0000000000009,76.945833,76.73333333333333,212.5,1
350,350.00000000000097,77.142708,76.8,342.71,1
351,351.000000000001,77.34375,77.3,43.75,1
352,352.000000000001,77.523958,77.56666666666666,42.71,1
353,353.000000000001,77.72291700000001,77.7,22.92,1
354,354.0000000000011,77.883333,77.86666666666666,16.67,1
355,355.0000000000011,78.071875,78.33333333333333,261.46,1
356,356.0000000000011,78.260417,78.43333333333334,172.92,1
357,357.0000000000011,78.465625,78.5,34.37,1
358,358.00000000000114,78.65,78.6,50.0,1
359,359.00000000000125,78.836458,78.86666666666666,30.21,1
360,360.00000000000125,79.01979200000001,78.96666666666667,53.13,1
361,361.00000000000125,79.208334,79.3,91.67,1
362,362.00000000000114,79.396875,79.5,103.13,1
363,363.0000000000013,79.591146,79.6,8.85,1
364,364.0000000000013,79.76875,79.73333333333333,35.42,1
365,365.0000000000013,79.95625,79.9,56.25,1
366,366.0000000000014,80.135417,80.13333333333334,2.08,1
367,367.0000000000014,80.333334,80.4,66.67,1
368,368.0000000000015,80.53125,80.7,168.75,1
369,369.0000000000014,80.74947900000001,80.76666666666667,17.19,1
370,370.0000000000013,80.920833,80.9,20.83,1
371,371.00000000000165,81.102083,81.03333333333333,68.75,1
372,372.00000000000153,81.305208,81.26666666666667,38.54,1
373,373.00000000000153,81.49583299999999,81.56666666666666,70.83,1
374,374.0000000000016,81.686458,81.76666666666667,80.21,1
375,375.0000000000017,81.902084,81.9,2.08,1
376,376.0000000000015,82.077083,82.06666666666666,10.42,1
377,377.00000000000176,82.257292,82.23333333333333,23.96,1
378,378.0000000000017,82.430208,82.36666666666666,63.54,1
379,379.0000000000018,82.610417,82.56666666666666,43.75,1
380,380.00000000000176,82.76875,82.76666666666667,2.08,1
381,381.0000000000019,82.930208,82.93333333333334,3.13,1
382,382.0000000000019,83.119792,83.0,119.79,1
383,383.000000000002,83.3,83.3,0.0,1
384,384.0000000000019,83.53125,83.43333333333334,97.92,1
385,385.0000000000019,83.771181,83.73333333333333,37.85,1
386,386.0000000000019,84.011111,83.93333333333334,77.78,1
387,387.000000000002,84.251042,84.06666666666666,184.38,1
388,388.0000000000019,84.444176,84.23333333333333,210.84,1
389,389.000000000002,84.637311,84.26666666666667,370.64,1
390,390.0000000000019,84.830445,84.33333333333333,497.11,1
391,391.000000000002,85.02358000000001,84.36666666666666,656.91,1
392,392.0000000000019,85.216714,84.4,816.71,1
393,393.0000000000019,85.409849,84.43333333333334,976.52,1
394,394.0000000000019,85.602983,84.5,1102.98,1
395,395.0000000000018,85.796118,84.53333333333333,1262.78,1
396,396.0000000000019,85.98925200000001,84.56666666666666,1422.59,1
397,397.00000000000193,86.182387,84.6,1582.39,1
398,398.000000000002,86.37552099999999,85.4,975.52,1
399,399.0000000000018,86.541666,86.1,441.67,1
400,400.000000000002,86.772396,86.53333333333333,239.06,1
401,401.0000000000018,87.003125,86.6,403.13,1
402,402.00000000000205,87.216146,86.63333333333334,582.81,1
403,403.00000000000205,87.44765600000001,86.66666666666667,780.99,1
404,404.000000000002,87.679167,86.8,879.17,1
405,405.00000000000205,87.910677,86.86666666666666,1044.01,1
406,406.000000000002,88.14218699999999,88.03333333333333,108.85,1
407,407.0000000000019,88.373698,88.1,273.7,1
408,408.0000000000021,88.60520799999999,88.33333333333333,271.87,1
409,409.00000000000205,88.838194,88.8,38.19,1
410,410.000000000002,89.07118100000001,89.0,71.18,1
411,411.00000000000205,89.304167,89.2,104.17,1
412,412.000000000002,89.515799,89.26666666666667,249.13,1
413,413.0000000000019,89.72743100000001,89.53333333333333,194.1,1
414,414.00000000000216,89.939063,90.06666666666666,127.6,1
415,415.00000000000205,90.150695,90.1,50.7,1
416,416.000000000002,90.36232700000001,90.16666666666667,195.66,1
417,417.00000000000205,90.573959,90.2,373.96,1
418,418.000000000002,90.744271,90.23333333333333,510.94,1
419,419.00000000000205,90.914583,90.26666666666667,647.92,1
420,420.00000000000205,91.194792,90.56666666666666,628.13,1
421,421.0000000000021,91.423438,91.16666666666667,256.77,1
422,422.00000000000216,91.65208299999999,91.76666666666667,114.58,1
423,423.0000000000021,91.823959,91.83333333333333,9.37,1
424,424.0000000000021,92.030469,91.86666666666666,163.8,1
425,425.00000000000216,92.236979,92.0,236.98,1
426,426.00000000000233,92.430208,92.06666666666666,363.54,1
427,427.00000000000216,92.634895,92.1,534.9,1
428,428.00000000000233,92.83958299999999,92.13333333333334,706.25,1
429,429.00000000000216,93.04427,92.3,744.27,1
430,430.0000000000021,93.248958,93.4,151.04,1
431,431.00000000000216,93.453645,93.83333333333333,379.69,1
432,432.00000000000233,93.658333,93.86666666666666,208.33,1
433,433.00000000000216,93.87118000000001,93.9,28.82,1
434,434.00000000000233,94.084028,94.16666666666667,82.64,1
435,435.00000000000216,94.296875,94.33333333333333,36.46,1
436,436.00000000000216,94.53316,94.5,33.16,1
437,437.00000000000216,94.769444,94.56666666666666,202.78,1
438,438.00000000000205,95.005729,94.6,405.73,1
439,439.00000000000216,95.242014,94.63333333333334,608.68,1
440,440.0000000000022,95.478298,94.66666666666667,811.63,1
441,441.00000000000233,95.71458299999999,95.7,14.58,1
442,442.0000000000022,96.08541600000001,96.1,14.58,1
443,443.0000000000022,96.45625,96.53333333333333,77.08,1
444,444.0000000000021,96.827083,96.8,27.08,1
445,445.0000000000022,97.00868,96.9,108.68,1
446,446.00000000000233,97.190278,96.93333333333334,256.94,1
447,447.00000000000233,97.371875,97.0,371.88,1
448,448.00000000000233,97.583333,97.36666666666666,216.67,1
449,449.0000000000022,97.794792,97.43333333333334,361.46,1
450,450.0000000000021,98.00625,97.46666666666667,539.58,1
451,451.0000000000022,98.22378499999999,97.53333333333333,690.45,1
452,452.0000000000022,98.44131999999999,98.33333333333333,107.99,1
453,453.0000000000025,98.658855,98.43333333333334,225.52,1
454,454.00000000000233,98.89144399999999,98.8,91.44,1
455,455.0000000000022,99.124033,99.23333333333333,109.3,1
456,456.00000000000233,99.356622,99.26666666666667,89.96,1
457,457.0000000000022,99.589212,99.46666666666667,122.55,1
458,458.00000000000233,99.82180100000001,99.66666666666667,155.13,1
459,459.0000000000022,100.05439,99.73333333333333,321.06,1
460,460.00000000000233,100.28698,99.83333333333333,453.65,1
461,461.0000000000022,100.480104,99.9,580.1,1
462,462.00000000000233,100.673229,100.06666666666666,606.56,1
463,463.0000000000022,100.866354,102.43333333333334,1566.98,1
464,464.00000000000233,101.05947900000001,102.63333333333334,1573.85,1
465,465.00000000000233,101.252604,102.83333333333333,1580.73,1
466,466.00000000000233,101.445729,102.93333333333334,1487.6,1
467,467.0000000000022,101.63885400000001,103.0,1361.15,1
468,468.00000000000233,101.831979,103.03333333333333,1201.35,1
469,469.0000000000022,102.025104,103.06666666666666,1041.56,1
470,470.00000000000233,102.21822900000001,103.1,881.77,1
471,471.0000000000024,102.389584,103.13333333333334,743.75,1
472,472.0000000000024,102.60989599999999,103.2,590.1,1
473,473.00000000000233,102.830208,103.23333333333333,403.13,1
474,474.0000000000024,103.04635400000001,103.26666666666667,220.31,1
475,475.0000000000024,103.27578100000001,103.3,24.22,1
476,476.0000000000024,103.505208,103.6,94.79,1
477,477.00000000000244,103.734635,103.83333333333333,98.7,1
478,478.0000000000024,103.964063,104.03333333333333,69.27,1
479,479.0000000000024,104.19349,104.23333333333333,39.84,1
480,480.0000000000024,104.422917,104.33333333333333,89.58,1
481,481.00000000000233,104.657986,104.6,57.99,1
482,482.0000000000024,104.893056,104.73333333333333,159.72,1
483,483.00000000000244,105.128125,105.2,71.88,1
484,484.0000000000024,105.35166699999999,105.26666666666667,85.0,1
485,485.00000000000244,105.575208,105.3,275.21,1
486,486.00000000000244,105.79875,105.33333333333333,465.42,1
487,487.0000000000024,106.022291,105.76666666666667,255.62,1
488,488.00000000000244,106.245833,106.13333333333334,112.5,1
489,489.0000000000025,106.49270800000001,106.16666666666667,326.04,1
490,490.00000000000244,106.66406299999998,106.2,464.06,1
491,491.0000000000025,106.83541699999999,106.76666666666667,68.75,1
492,492.0000000000025,107.08333300000001,106.96666666666667,116.67,1
493,493.00000000000256,107.28645800000001,107.06666666666666,219.79,1
494,494.0000000000025,107.48958300000001,107.56666666666666,77.08,1
495,495.00000000000256,107.65468700000001,107.66666666666667,11.98,1
496,496.0000000000027,107.868229,107.7,168.23,1
497,497.00000000000256,108.081771,107.83333333333333,248.44,1
498,498.00000000000256,108.30208300000001,107.96666666666667,335.42,1
499,499.0000000000027,108.48628500000001,108.0,486.29,1
500,500.0000000000026,108.67048600000001,108.03333333333333,637.15,1
501,501.00000000000256,108.854688,108.83333333333333,21.35,1
502,502.0000000000027,109.03888899999998,109.03333333333333,5.56,1
503,503.0000000000026,109.223091,109.4,176.91,1
504,504.00000000000256,109.407292,109.56666666666666,159.37,1
505,505.0000000000026,109.640625,109.6,40.63,1
506,506.0000000000026,109.87395900000001,109.73333333333333,140.63,1
507,507.00000000000273,110.10729199999999,109.96666666666667,140.63,1
508,508.0000000000027,110.321702,110.26666666666667,55.04,1
509,509.0000000000027,110.536111,110.36666666666666,169.44,1
510,510.0000000000026,110.75052099999999,110.5,250.52,1
511,511.0000000000027,110.964931,110.53333333333333,431.6,1
512,512.0000000000026,111.17934,110.56666666666666,612.67,1
513,513.0000000000026,111.39375,110.63333333333334,760.42,1
514,514.0000000000026,111.731597,110.7,1031.6,1
515,515.0000000000026,112.069445,110.83333333333333,1236.11,1
516,516.0000000000026,112.407292,110.86666666666666,1540.63,1
517,517.0000000000026,112.587153,111.16666666666667,1420.49,1
518,518.0000000000026,112.76701399999999,111.36666666666666,1400.35,1
519,519.0000000000026,112.946875,111.56666666666666,1380.21,1
520,520.0000000000026,113.137847,111.73333333333333,1404.51,1
521,521.0000000000026,113.32882,112.56666666666666,762.15,1
522,522.0000000000026,113.519792,113.03333333333333,486.46,1
523,523.0000000000026,113.747049,113.13333333333334,613.72,1
524,524.0000000000025,113.974306,113.56666666666666,407.64,1
525,525.0000000000026,114.20156200000001,114.53333333333333,331.77,1
526,526.0000000000025,114.404253,114.73333333333333,329.08,1
527,527.0000000000026,114.606944,114.93333333333334,326.39,1
528,528.0000000000026,114.80963500000001,115.0,190.36,1
529,529.0000000000026,115.012327,115.03333333333333,21.01,1
530,530.0000000000026,115.21501799999999,115.13333333333334,81.68,1
531,531.0000000000025,115.417709,115.43333333333334,15.62,1
532,532.0000000000025,115.92882,115.63333333333334,295.49,1
533,533.0000000000026,116.439931,115.83333333333333,606.6,1
534,534.0000000000026,116.95104199999999,117.06666666666666,115.62,1
535,534.9979166666692,117.038959,117.26666666666667,227.71,1
536,535.9979166666691,117.126875,117.3,173.12,1
537,537.0000000000024,117.21479199999999,117.36666666666666,151.87,1
538,537.9979166666689,117.30270800000001,117.43333333333334,130.63,1
539,538.9979166666687,117.390625,117.46666666666667,76.04,1
540,540.000000000002,117.49270800000001,117.5,7.29,1
541,541.0000000000019,117.676302,117.53333333333333,142.97,1
542,542.000000000002,117.85989599999999,117.9,40.1,1
543,543.0000000000019,118.04843799999999,118.03333333333333,15.1,1
544,544.000000000002,118.25729199999999,118.26666666666667,9.37,1
545,545.000000000002,118.36666699999999,118.33333333333333,33.33,1
546,546.000000000002,118.582292,118.6,17.71,1
547,547.000000000002,118.753125,118.73333333333333,19.79,1
548,548.0000000000022,118.936458,118.93333333333334,3.12,1
549,549.0000000000022,119.097917,119.13333333333334,35.42,1
550,550.0000000000022,119.30069499999999,119.16666666666667,134.03,1
551,551.0000000000022,119.503472,119.7,196.53,1
552,552.0000000000022,119.70625,119.73333333333333,27.08,1
553,553.0000000000023,119.86875,119.83333333333333,35.42,1
554,554.0000000000023,120.034375,119.93333333333334,101.04,1
555,555.0000000000023,120.23333400000001,120.43333333333334,200.0,1
556,556.0000000000023,120.44791699999999,120.53333333333333,85.42,1
557,557.0000000000023,120.608333,120.66666666666667,58.33,1
558,558.0000000000023,120.77604199999999,120.7,76.04,1
559,559.0000000000023,120.92916699999999,120.9,29.17,1
560,560.0000000000024,121.096875,121.06666666666666,30.21,1
561,561.0000000000025,121.271354,121.26666666666667,4.69,1
562,562.0000000000024,121.49375,121.56666666666666,72.92,1
563,563.0000000000025,121.67395800000001,121.7,26.04,1
564,564.0000000000025,121.92708300000001,121.96666666666667,39.58,1
565,565.0000000000025,122.111979,122.16666666666667,54.69,1
566,566.0000000000025,122.296875,122.4,103.13,1
567,567.0000000000025,122.47395800000001,122.53333333333333,59.38,1
568,568.0000000000025,122.66458300000001,122.6,64.58,1
569,569.0000000000025,122.796875,122.96666666666667,169.79,1
570,570.0000000000025,122.99166699999999,123.0,8.33,1
571,571.0000000000026,123.15,123.06666666666666,83.33,1
572,572.0000000000025,123.31770800000001,123.26666666666667,51.04,1
573,573.0000000000026,123.475,123.46666666666667,8.33,1
574,574.0000000000028,123.668403,123.5,168.4,1
575,575.0000000000028,123.861805,123.9,38.2,1
576,576.0000000000028,124.05520800000001,124.1,44.79,1
577,577.0000000000028,124.33020800000001,124.23333333333333,96.87,1
578,578.0000000000028,124.521875,124.5,21.87,1
579,579.000000000003,124.66875,124.66666666666667,2.08,1
580,580.0000000000028,124.82604199999999,124.8,26.04,1
581,581.000000000003,124.99791699999999,125.06666666666666,68.75,1
582,582.000000000003,125.183854,125.1,83.85,1
583,583.000000000003,125.36145800000001,125.36666666666666,5.21,1
584,584.000000000003,125.52916699999999,125.56666666666666,37.5,1
585,585.0000000000031,125.746875,125.73333333333333,13.54,1
586,586.0000000000031,125.97395800000001,125.96666666666667,7.29,1
587,587.0000000000031,126.20833300000001,126.13333333333334,75.0,1
588,588.0000000000031,126.691667,126.63333333333334,58.33,1
589,589.0000000000031,126.996875,126.86666666666666,130.21,1
590,590.0000000000031,127.230208,126.96666666666667,263.54,1
591,591.0000000000031,127.37291699999999,127.36666666666666,6.25,1
592,592.0000000000031,127.62291699999999,127.5,122.92,1
593,593.0000000000031,127.80520800000001,127.73333333333333,71.87,1
594,594.0000000000031,128.102083,127.93333333333334,168.75,1
595,595.0000000000031,128.26875,127.96666666666667,302.08,1
596,596.0000000000031,128.460417,128.03333333333333,427.08,1
597,597.0000000000031,128.75,128.73333333333332,16.67,1
598,598.0000000000031,128.972917,128.76666666666668,206.25,1
599,599.0000000000032,129.153125,129.0,153.12,1
600,600.0000000000031,129.373438,129.4,26.56,1
601,601.0000000000031,129.585417,129.53333333333333,52.08,1
602,602.0000000000031,129.804688,129.76666666666668,38.02,1
603,603.0000000000031,130.035417,129.8,235.42,1
604,604.0000000000032,130.272396,129.86666666666667,405.73,1
605,605.0000000000032,130.444792,130.26666666666668,178.13,1
606,606.0000000000033,130.738021,130.46666666666667,271.35,1
607,607.0000000000032,130.917708,130.53333333333333,384.37,1
608,608.0000000000033,131.096875,130.66666666666666,430.21,1
609,609.0000000000033,131.425,131.56666666666666,141.67,1
610,610.0000000000033,131.645833,131.6,45.83,1
611,611.0000000000033,131.84843700000002,131.8,48.44,1
612,612.0000000000033,132.249099,131.86666666666667,382.43,1
613,613.0000000000033,132.520833,132.1,420.83,1
614,614.0000000000033,132.683619,132.23333333333332,450.29,1
615,615.0000000000033,132.879167,132.7,179.17,1
616,616.0000000000033,133.112965,133.53333333333333,420.37,1
617,617.0000000000033,133.309534,133.63333333333333,323.8,1
618,618.0000000000033,133.604167,133.66666666666666,62.5,1
619,619.0000000000032,133.785417,133.73333333333332,52.08,1
620,620.0000000000033,133.958333,133.93333333333334,25.0,1
621,621.0000000000033,134.194792,134.06666666666666,128.13,1
622,622.0000000000033,134.425,134.36666666666667,58.33,1
623,623.0000000000032,134.613542,134.6,13.54,1
624,624.0000000000033,134.834896,134.83333333333334,1.56,1
625,625.0000000000033,135.07343799999998,135.03333333333333,40.1,1
626,626.0000000000033,135.26875,135.23333333333332,35.42,1
627,627.0000000000034,135.510417,135.46666666666667,43.75,1
628,628.0000000000034,135.76666699999998,135.76666666666668,0.0,1
629,629.0000000000033,135.95208300000002,135.8,152.08,1
630,630.0000000000034,136.236458,136.0,236.46,1
631,631.0000000000034,136.445833,136.26666666666668,179.17,1
632,632.0000000000034,136.66536499999998,136.5,165.36,1
633,633.0000000000034,136.884896,136.83333333333334,51.56,1
634,634.0000000000034,137.1125,136.86666666666667,245.83,1
635,635.0000000000034,137.325,137.06666666666666,258.33,1
636,636.0000000000035,137.673958,137.1,573.96,1
637,637.0000000000035,137.98125,137.16666666666666,814.58,1
638,638.0000000000034,138.213542,138.23333333333332,19.79,1
639,639.0000000000035,138.386458,138.4,13.54,1
640,640.0000000000034,138.624479,138.5,124.48,1
641,641.0000000000035,138.816667,138.9,83.33,1
642,642.0000000000034,139.111458,138.96666666666667,144.79,1
643,643.0000000000034,139.279167,139.26666666666668,12.5,1
644,644.0000000000034,139.517448,139.53333333333333,15.89,1
645,645.0000000000034,139.755729,139.73333333333332,22.4,1
646,646.0000000000034,139.932292,139.96666666666667,34.37,1
647,647.0000000000034,140.167708,140.33333333333334,165.63,1
648,648.0000000000034,140.394792,140.5,105.21,1
649,649.0000000000034,140.576042,140.53333333333333,42.71,1
650,650.0000000000034,140.79583300000002,140.76666666666668,29.17,1
651,651.0000000000034,141.01875,140.8,218.75,1
652,652.0000000000034,141.230729,141.2,30.73,1
653,653.0000000000035,141.421875,141.4,21.87,1
654,654.0000000000034,141.75156299999998,141.73333333333332,18.23,1
655,655.0000000000034,141.980208,142.06666666666666,86.46,1
656,656.0000000000034,142.178125,142.26666666666668,88.54,1
657,657.0000000000034,142.373438,142.7,326.56,1
658,658.0000000000034,142.571875,142.76666666666668,194.79,1
659,659.0000000000034,142.770833,142.8,29.17,1
660,660.0000000000031,143.029688,143.03333333333333,3.65,1
661,661.0000000000032,143.220833,143.33333333333334,112.5,1
662,662.0000000000033,143.429167,143.5,70.83,1
663,663.0000000000033,143.718229,143.7,18.23,1
664,664.0000000000031,144.040625,143.96666666666667,73.96,1
665,665.000000000003,144.255729,144.16666666666666,89.06,1
666,666.0000000000028,144.551042,144.5,51.04,1
667,667.000000000003,144.823958,144.8,23.96,1
668,668.000000000003,145.0125,145.03333333333333,20.83,1
669,669.0000000000028,145.231771,145.23333333333332,1.56,1
670,670.0000000000028,145.465625,145.43333333333334,32.29,1
671,671.0000000000025,145.66875,145.6,68.75,1
672,672.0000000000023,145.91093700000002,145.7,210.94,1
673,673.0000000000023,146.161458,146.13333333333333,28.12,1
674,674.0000000000023,146.348958,146.36666666666667,17.71,1
675,675.0000000000022,146.621875,146.4,221.87,1
676,676.0000000000016,146.8875,146.6,287.5,1
677,677.0000000000016,147.114583,147.26666666666668,152.08,1
678,678.0000000000016,147.413021,147.3,113.02,1
679,679.0000000000015,147.746875,147.4,346.87,1
680,680.0000000000016,147.929167,147.96666666666667,37.5,1
681,681.0000000000015,148.124479,148.1,24.48,1
682,682.0000000000015,148.35,148.33333333333334,16.67,1
683,683.0000000000015,148.573958,148.5,73.96,1
684,684.0000000000014,149.26093799999998,148.8,460.94,1
685,685.0000000000015,149.55625,149.53333333333333,22.92,1
686,686.0000000000015,149.799479,149.8,0.52,1
687,687.0000000000013,150.028125,150.06666666666666,38.54,1
688,688.0000000000013,150.34375,150.13333333333333,210.42,1
689,689.0000000000013,150.53229199999998,150.56666666666666,34.37,1
690,690.000000000001,150.820833,150.7,120.83,1
691,691.0000000000011,151.010417,150.76666666666668,243.75,1
692,692.0000000000011,151.208333,151.23333333333332,25.0,1
693,693.000000000001,151.528125,151.43333333333334,94.79,1
694,694.0000000000011,151.727083,151.5,227.08,1
695,695.000000000001,151.940625,151.56666666666666,373.96,1
696,696.000000000001,152.179167,151.73333333333332,445.83,1
697,697.0000000000013,152.363542,152.23333333333332,130.21,1
698,698.0000000000008,152.607292,152.53333333333333,73.96,1
699,699.0000000000008,152.882292,152.6,282.29,1
700,700.0000000000008,153.038542,152.66666666666666,371.88,1
701,701.0000000000007,153.28125,153.26666666666668,14.58,1
702,702.0000000000007,153.611979,153.56666666666666,45.31,1
703,703.0000000000007,153.840625,153.76666666666668,73.96,1
704,704.0000000000007,153.995833,153.93333333333334,62.5,1
705,705.0000000000007,154.25468700000002,154.26666666666668,11.98,1
706,706.0000000000006,154.461458,154.3,161.46,1
707,707.0000000000005,154.676041,154.36666666666667,309.37,1
708,708.0000000000005,154.93645800000002,154.4,536.46,1
709,709.0000000000003,155.1,154.5,600.0,1
710,710.0000000000005,155.278125,155.33333333333334,55.21,1
711,711.0000000000005,155.54218799999998,155.5,42.19,1
712,712.0000000000002,155.841667,155.76666666666668,75.0,1
713,713.0000000000005,156.01458300000002,155.83333333333334,181.25,1
714,714.0000000000002,156.316666,156.3,16.67,1
715,715.0000000000002,156.578125,156.36666666666667,211.46,1
716,716.0000000000002,156.794792,156.73333333333332,61.46,1
717,717.0000000000001,157.011458,156.9,111.46,1
718,718.0000000000001,157.247917,157.23333333333332,14.58,1
719,719.0,157.44218700000002,157.4,42.19,1
720,719.9999999999999,157.70781200000002,157.66666666666666,41.15,1
721,721.0000000000001,157.991667,157.8,191.67,1
722,721.9999999999998,158.1,158.03333333333333,66.67,1
723,722.9999999999994,158.353125,158.3,53.12,1
724,723.9999999999997,158.6,158.6,0.0,1
725,724.9999999999999,158.77656299999998,158.76666666666668,9.9,1
726,725.9999999999999,158.953125,159.0,46.88,1
727,726.9999999999997,159.15729199999998,159.13333333333333,23.96,1
728,727.9999999999995,159.3375,159.3,37.5,1
729,728.9999999999998,159.575,159.53333333333333,41.67,1
730,729.9999999999993,159.76875,159.63333333333333,135.42,1
731,730.9999999999993,159.94843799999998,159.8,148.44,1
732,731.9999999999992,160.13958300000002,159.93333333333334,206.25,1
733,732.999999999999,160.308333,160.1,208.33,1
734,733.9999999999992,160.555729,160.5,55.73,1
735,734.9999999999986,160.855729,160.56666666666666,289.06,1
736,735.9999999999989,161.07916699999998,160.6,479.17,1
737,736.9999999999992,161.278125,160.7,578.12,1
738,737.999999999999,161.402083,161.46666666666667,64.58,1
739,738.999999999999,161.575,161.66666666666666,91.67,1
740,739.999999999999,161.739583,161.7,39.58,1
741,740.9999999999986,161.981771,161.76666666666668,215.1,1
742,741.9999999999987,162.15625,161.83333333333334,322.92,1
743,742.9999999999986,162.363542,162.33333333333334,30.21,1
744,743.9999999999985,162.630209,162.6,30.21,1
745,744.9999999999985,162.817188,162.63333333333333,183.85,1
746,745.9999999999983,163.004167,162.8,204.17,1
747,746.9999999999985,163.18645800000002,163.3,113.54,1
748,747.9999999999985,163.348958,163.4,51.04,1
749,748.9999999999985,163.536458,163.5,36.46,1
750,749.9999999999982,163.714583,163.66666666666666,47.92,1
751,750.9999999999982,163.909375,164.16666666666666,257.29,1
752,751.9999999999982,164.104167,164.3,195.83,1
753,752.9999999999984,164.305729,164.4,94.27,1
754,753.9999999999981,164.46875,164.43333333333334,35.42,1
755,754.999999999998,164.65520800000002,164.56666666666666,88.54,1
756,755.999999999998,164.85,164.8,50.0,1
757,756.9999999999977,165.040625,165.13333333333333,92.71,1
758,757.9999999999976,165.23125,165.33333333333334,102.08,1
759,758.9999999999978,165.42656200000002,165.76666666666668,340.1,1
760,759.9999999999977,165.597917,165.8,202.08,1
761,760.9999999999978,165.78020800000002,165.86666666666667,86.46,1
762,761.9999999999975,165.95,165.9,50.0,1
763,762.9999999999975,166.128646,166.43333333333334,304.69,1
764,763.9999999999977,166.307292,166.6,292.71,1
765,764.9999999999977,166.509896,166.8,290.1,1
766,765.9999999999974,166.675,166.83333333333334,158.33,1
767,766.9999999999972,166.86041699999998,166.9,39.58,1
768,767.999999999997,167.065625,167.0,65.63,1
769,768.9999999999969,167.255729,167.26666666666668,10.94,1
770,769.999999999997,167.445833,167.6,154.17,1
771,770.999999999997,167.65156299999998,167.7,48.44,1
772,771.9999999999972,167.823958,167.8,23.96,1
773,772.9999999999967,168.01458300000002,167.96666666666667,47.92,1
774,773.9999999999967,168.184375,168.5,315.63,1
775,774.9999999999966,168.361458,168.56666666666666,205.21,1
776,775.9999999999965,168.503125,168.7,196.87,1
777,776.9999999999965,168.694792,168.73333333333332,38.54,1
778,777.9999999999964,168.883333,169.13333333333333,250.0,1
779,778.9999999999962,169.059375,169.26666666666668,207.29,1
780,779.9999999999964,169.273438,169.46666666666667,193.23,1
781,780.9999999999959,169.518229,169.53333333333333,15.1,1
782,781.9999999999962,169.763021,169.66666666666666,96.35,1
783,782.9999999999964,170.007813,169.96666666666667,41.15,1
784,783.9999999999961,170.311574,170.0,311.57,1
785,784.999999999996,170.615336,170.06666666666666,548.67,1
786,785.9999999999962,170.919097,170.13333333333333,785.76,1
787,786.9999999999961,171.222859,170.16666666666666,1056.19,1
788,787.9999999999964,171.526621,170.23333333333332,1293.29,1
789,788.9999999999962,171.83038200000001,170.26666666666668,1563.72,1
790,789.9999999999961,172.134144,170.33333333333334,1800.81,1
791,790.9999999999961,172.437905,170.36666666666667,2071.24,1
792,791.999999999996,172.741667,170.43333333333334,2308.33,1
793,792.9999999999977,173.06875,170.46666666666667,2602.08,1
794,793.9999999999976,173.395834,171.2,2195.83,1
795,794.9999999999977,173.722917,171.36666666666667,2356.25,1
796,795.9999999999977,174.211979,172.73333333333332,1478.65,1
797,796.9999999999976,174.701042,172.8,1901.04,1
798,797.9999999999977,175.19010500000002,173.7,1490.11,1
799,798.9999999999976,175.679167,173.9,1779.17,1
800,799.9999999999976,176.15625,174.13333333333333,2022.92,1
801,800.9999999999976,176.455208,174.33333333333334,2121.87,1
802,801.9999999999975,176.73125,175.7,1031.25,1
803,802.9999999999976,177.301042,175.8,1501.04,1
804,803.9999999999976,177.565625,176.43333333333334,1132.29,1
805,804.9999999999976,177.918055,176.73333333333332,1184.72,1
806,805.9999999999977,178.270486,176.9,1370.49,1
807,806.9999999999976,178.622917,177.56666666666666,1056.25,1
808,807.9999999999976,179.042187,177.6,1442.19,1
809,808.9999999999977,179.461458,177.66666666666666,1794.79,1
810,809.9999999999976,179.880729,178.56666666666666,1314.06,1
811,810.9999999999976,180.3,178.76666666666668,1533.33,1
812,811.9999999999975,180.713542,178.96666666666667,1746.88,1
813,812.9999999999972,181.0,179.13333333333333,1866.67,1
814,813.9999999999974,181.352083,180.36666666666667,985.42,1
815,814.9999999999975,181.810677,180.63333333333333,1177.34,1
816,815.9999999999972,182.269271,181.0,1269.27,1
817,816.9999999999974,182.653472,181.33333333333334,1320.14,1
818,817.9999999999974,183.037674,181.53333333333333,1504.34,1
819,818.9999999999972,183.421875,182.26666666666668,1155.21,1
820,819.9999999999974,184.16093700000002,182.5,1660.94,1
821,820.999999999997,184.9,182.66666666666666,2233.33,1
822,821.9999999999972,185.284896,183.53333333333333,1751.56,1
823,822.9999999999972,185.670052,183.56666666666666,2103.39,1
824,823.9999999999972,186.055208,184.7,1355.21,1
825,824.9999999999972,186.440364,184.93333333333334,1507.03,1
826,825.9999999999972,186.825521,185.3,1525.52,1
827,826.9999999999972,187.210677,185.33333333333334,1877.34,1
828,827.9999999999972,187.595833,186.13333333333333,1462.5,1
829,828.9999999999972,187.95468799999998,186.56666666666666,1388.02,1
830,829.999999999997,188.31354199999998,186.66666666666666,1646.88,1
831,830.9999999999974,188.725521,187.1,1625.52,1
832,831.9999999999972,189.026042,187.36666666666667,1659.38,1
833,832.9999999999969,189.32656200000002,187.4,1926.56,1
834,833.9999999999969,189.675,188.6,1075.0,1
835,834.999999999997,189.982031,188.86666666666667,1115.36,1
836,835.9999999999969,190.289063,189.33333333333334,955.73,1
837,836.9999999999969,190.689583,189.53333333333333,1156.25,1
838,837.9999999999967,190.69375,189.8,893.75,1
839,838.9999999999967,191.386979,190.36666666666667,1020.31,1
840,839.9999999999967,191.853125,190.8,1053.12,1
841,840.9999999999965,193.09270800000002,190.93333333333334,2159.37,1
842,841.9999999999966,193.448958,191.3,2148.96,1
843,842.9999999999964,193.720833,191.43333333333334,2287.5,1
844,843.9999999999966,193.986458,191.73333333333332,2253.12,1
845,844.9999999999966,194.2,192.03333333333333,2166.67,1
846,845.9999999999966,194.466667,193.16666666666666,1300.0,1
847,846.9999999999966,194.701042,193.83333333333334,867.71,1
848,847.9999999999966,195.007292,193.9,1107.29,1
849,848.9999999999965,195.520833,193.96666666666667,1554.17,1
850,849.9999999999967,196.253472,194.06666666666666,2186.81,1
851,850.9999999999967,196.98611100000002,194.1,2886.11,1
852,851.9999999999967,197.71875,194.16666666666666,3552.08,1
853,852.9999999999966,198.05,194.56666666666666,3483.33,1
854,853.9999999999967,198.38125,196.56666666666666,1814.58,1
855,854.9999999999965,198.7125,196.8,1912.5,1
856,855.9999999999966,199.11406200000002,197.0,2114.06,1
857,856.9999999999966,199.515625,197.06666666666666,2448.96,1
858,857.9999999999966,199.91718799999998,198.66666666666666,1250.52,1
859,858.9999999999966,200.31875,198.86666666666667,1452.08,1
860,859.9999999999965,200.744792,199.06666666666666,1678.13,1
861,860.9999999999965,201.046875,199.26666666666668,1780.21,1
862,861.9999999999967,201.332292,200.33333333333334,998.96,1
863,862.9999999999967,201.64166699999998,200.66666666666666,975.0,1
864,863.9999999999967,202.070833,200.73333333333332,1337.5,1
865,864.9999999999968,202.455208,201.3,1155.21,1
866,865.9999999999965,202.839583,201.43333333333334,1406.25,1
867,866.9999999999965,203.223958,202.03333333333333,1190.62,1
868,867.9999999999966,203.62473899999998,202.06666666666666,1558.07,1
869,868.9999999999966,204.025521,202.1,1925.52,1
870,869.9999999999966,204.426302,202.2,2226.3,1
871,870.9999999999966,204.82708300000002,203.2,1627.08,1
872,871.9999999999967,205.292708,203.4,1892.71,1
873,872.9999999999967,205.571875,203.63333333333333,1938.54,1
874,873.9999999999967,205.855208,204.96666666666667,888.54,1
875,874.9999999999967,206.307031,205.26666666666668,1040.36,1
876,875.9999999999967,206.758854,205.53333333333333,1225.52,1
877,876.9999999999967,207.132292,205.83333333333334,1298.96,1
878,877.9999999999967,207.442708,205.93333333333334,1509.37,1
879,878.9999999999967,208.03229199999998,206.3,1732.29,1
880,879.9999999999967,208.450174,206.76666666666668,1683.51,1
881,880.9999999999967,208.868056,207.43333333333334,1434.72,1
882,881.9999999999967,209.28593700000002,208.26666666666668,1019.27,1
883,882.9999999999967,209.960677,208.5,1460.68,1
884,883.9999999999967,210.635417,208.7,1935.42,1
885,884.9999999999967,211.01666699999998,209.26666666666668,1750.0,1
886,885.9999999999967,211.362616,209.46666666666667,1895.95,1
887,886.9999999999967,211.708565,209.56666666666666,2141.9,1
888,887.9999999999967,212.054514,210.83333333333334,1221.18,1
889,888.9999999999967,212.400463,211.0,1400.46,1
890,889.9999999999967,212.74641200000002,211.03333333333333,1713.08,1
891,890.9999999999967,213.09236099999998,211.06666666666666,2025.69,1
892,891.9999999999967,213.43831,211.93333333333334,1504.98,1
893,892.9999999999967,213.784259,212.33333333333334,1450.93,1
894,893.9999999999967,214.130208,212.66666666666666,1463.54,1
895,894.9999999999967,214.451785,212.86666666666667,1585.12,1
896,895.9999999999967,214.773363,213.06666666666666,1706.7,1
897,896.9999999999968,215.09493999999998,213.23333333333332,1861.61,1
898,897.9999999999968,215.41651800000002,214.1,1316.52,1
899,898.9999999999967,215.73809500000002,214.13333333333333,1604.76,1
900,899.9999999999967,216.059673,214.2,1859.67,1
901,900.9999999999968,216.38125,214.23333333333332,2147.92,1
902,901.9999999999967,216.758333,215.93333333333334,825.0,1
903,902.9999999999966,217.002083,216.06666666666666,935.42,1
904,903.9979166666633,217.121875,216.2,921.88,1
905,904.9999999999966,218.18593700000002,216.76666666666668,1419.27,1
906,905.9999999999966,218.60625,217.0,1606.25,1
907,906.9999999999966,218.935417,217.1,1835.42,1
908,907.9999999999964,219.26458300000002,218.2,1064.58,1
909,908.9999999999964,219.62604199999998,218.4,1226.04,1
910,909.9999999999965,219.93125,218.46666666666667,1464.58,1
911,910.9999999999964,220.236458,219.26666666666668,969.79,1
912,911.9999999999964,220.64010499999998,219.6,1040.1,1
913,912.9999999999964,220.99505200000002,219.66666666666666,1328.39,1
914,913.9999999999961,221.35,220.26666666666668,1083.33,1
915,914.9999999999961,221.866667,220.4,1466.67,1
916,915.9999999999961,222.275694,220.9,1375.69,1
917,916.9999999999961,222.68472200000002,221.36666666666667,1318.06,1
918,917.9999999999961,223.09375,221.73333333333332,1360.42,1
919,918.9999999999961,223.60781200000002,221.93333333333334,1674.48,1
920,919.9999999999961,224.121875,222.0,2121.87,1
921,920.9999999999959,224.552083,222.03333333333333,2518.75,1
922,921.9999999999959,224.835417,222.4,2435.42,1
923,922.9999999999958,225.11875,222.43333333333334,2685.42,1
924,923.9999999999956,225.571875,222.5,3071.88,1
925,924.9999999999956,226.590625,222.53333333333333,4057.29,1
926,925.9999999999956,227.223958,223.03333333333333,4190.62,1
927,926.9999999999956,227.71718700000002,223.13333333333333,4583.85,1
928,927.9999999999956,228.372396,223.23333333333332,5139.06,1
929,928.9999999999953,228.788021,224.36666666666667,4421.35,1
930,929.9999999999953,229.152083,224.9,4252.08,1
931,930.9999999999953,229.503646,228.43333333333334,1070.31,1
932,931.9999999999953,229.825521,228.56666666666666,1258.85,1
933,932.9999999999952,230.189583,228.8,1389.58,1
934,933.9999999999952,230.621875,229.46666666666667,1155.21,1
935,934.9999999999952,230.928125,229.8,1128.12,1
936,935.9999999999952,231.244271,230.16666666666666,1077.6,1
937,936.9999999999952,231.604167,230.6,1004.17,1
938,937.9999999999951,231.908854,230.83333333333334,1075.52,1
939,938.9999999999951,232.278125,230.9,1378.12,1
940,939.9999999999951,232.72343700000002,230.93333333333334,1790.1,1
941,940.999999999995,233.04218799999998,231.93333333333334,1108.85,1
942,941.999999999995,233.386458,232.06666666666666,1319.79,1
943,942.999999999995,233.706771,232.73333333333332,973.44,1
944,943.999999999995,233.992188,233.1,892.19,1
945,944.999999999995,234.315104,233.33333333333334,981.77,1
946,945.9999999999949,234.690104,233.66666666666666,1023.44,1
947,946.9999999999948,234.94166600000003,233.83333333333334,1108.33,1
948,947.9999999999949,235.272917,234.26666666666668,1006.25,1
949,948.9999999999948,235.65729199999998,234.43333333333334,1223.96,1
950,949.9999999999948,235.99843700000002,234.63333333333333,1365.1,1
951,950.9999999999948,236.363542,235.16666666666666,1196.88,1
952,951.9999999999947,236.963021,235.3,1663.02,1
953,952.9999999999947,237.32760499999998,235.96666666666667,1360.94,1
954,953.9999999999947,237.654167,236.06666666666666,1587.5,1
955,954.9999999999947,237.989583,236.5,1489.58,1
956,955.9999999999947,238.275521,237.3,975.52,1
957,956.9999999999947,238.595833,237.66666666666666,929.17,1
958,957.9999999999945,238.96770800000002,237.93333333333334,1034.37,1
959,958.9999999999944,239.207292,238.13333333333333,1073.96,1
960,959.9999999999945,239.48333300000002,238.3,1183.33,1
961,960.9999999999944,239.810417,239.0,810.42,1
962,961.9999999999944,240.081771,239.16666666666666,915.1,1
963,962.9999999999944,240.390625,239.43333333333334,957.29,1
964,963.9999999999944,240.897917,239.53333333333333,1364.58,1
965,964.9999999999943,241.19322999999997,240.06666666666666,1126.56,1
966,965.9999999999943,241.541667,240.4,1141.67,1
967,966.9999999999943,241.857292,240.5,1357.29,1
968,967.9999999999942,242.13593799999998,240.83333333333334,1302.6,1
969,968.9999999999942,242.44791600000002,241.13333333333333,1314.58,1
970,969.9999999999942,242.783854,241.23333333333332,1550.52,1
971,970.9999999999941,243.002083,242.1,902.08,1
972,971.9999999999941,243.297396,242.26666666666668,1030.73,1
973,972.9999999999941,243.65781299999998,242.73333333333332,924.48,1
974,973.9999999999941,243.88072999999997,243.03333333333333,847.4,1
975,974.9999999999941,244.25625,243.23333333333332,1022.92,1
976,975.9999999999941,244.789583,243.5,1289.58,1
977,976.9999999999939,245.09479199999998,243.83333333333334,1261.46,1
978,977.9999999999941,245.465625,244.1,1365.62,1
979,978.9999999999939,245.68906299999998,244.8,889.06,1
980,979.9999999999939,245.9625,245.0,962.5,1
981,980.9999999999939,246.26666699999998,245.26666666666668,1000.0,1
982,981.9999999999939,246.75520899999998,245.66666666666666,1088.54,1
983,982.9999999999937,247.005729,245.93333333333334,1072.4,1
984,983.9999999999939,247.306771,246.0,1306.77,1
985,984.9999999999937,247.58958399999997,246.76666666666668,822.92,1
986,985.9999999999937,247.87343700000002,247.03333333333333,840.1,1
987,986.9999999999937,248.205208,247.23333333333332,971.87,1
988,987.9999999999935,248.578646,247.43333333333334,1145.31,1
989,988.9999999999935,248.86875,247.86666666666667,1002.08,1
990,989.9999999999935,249.18229100000002,248.2,982.29,1
991,990.9999999999935,249.519792,248.53333333333333,986.46,1
992,991.9999999999935,249.84531299999998,248.86666666666667,978.65,1
993,992.9999999999934,250.231771,249.16666666666666,1065.1,1
994,993.9999999999934,250.783854,249.5,1283.85,1
995,994.9999999999933,251.158854,249.8,1358.85,1
996,995.9999999999933,251.542708,250.26666666666668,1276.04,1
997,996.9999999999934,252.004167,250.73333333333332,1270.83,1
998,997.9999999999932,252.69375,251.16666666666666,1527.08,1
999,998.9999999999932,253.21354100000002,251.46666666666667,1746.87,1
1000,999.9999999999887,253.529167,251.73333333333332,1795.83,1
1001,1000.999999999989,253.721875,251.93333333333334,1788.54,1
1002,1001.999999999989,253.90468700000002,253.13333333333333,771.35,1
1003,1002.9999999999891,254.132292,253.43333333333334,698.96,1
1004,1003.9999999999891,254.30156200000002,253.46666666666667,834.9,1
1005,1004.9999999999891,254.50156299999998,253.6,901.56,1
1006,1005.9999999999892,254.715625,253.76666666666668,948.96,1
1007,1006.9999999999892,254.913542,254.26666666666668,646.88,1
1008,1007.9999999999893,255.134896,254.5,634.9,1
1009,1008.9999999999893,255.359375,254.73333333333332,626.04,1
1010,1009.9999999999893,255.535417,254.96666666666667,568.75,1
1011,1010.9999999999894,255.715104,255.16666666666666,548.44,1
1012,1011.9999999999894,255.940625,255.33333333333334,607.29,1
1013,1012.9999999999895,256.134375,255.43333333333334,701.04,1
1014,1013.9999999999895,256.324479,255.73333333333332,591.15,1
1015,1014.9999999999895,256.542708,255.93333333333334,609.37,1
1016,1015.9999999999898,256.720833,256.1,620.83,1
1017,1016.9999999999898,256.921354,256.26666666666665,654.69,1
1018,1017.9999999999899,257.153125,256.56666666666666,586.46,1
1019,1018.9999999999899,257.341667,256.6666666666667,675.0,1
1020,1019.9999999999899,257.5375,256.9,637.5,1
1021,1020.9999999999901,257.74375,257.1,643.75,1
1022,1021.9999999999901,257.93125,257.3333333333333,597.92,1
1023,1022.9999999999902,258.144791,257.53333333333336,611.46,1
1024,1023.9999999999902,258.371875,257.76666666666665,605.21,1
1025,1024.9999999999902,258.56458399999997,257.96666666666664,597.92,1
1026,1025.9999999999902,258.758333,258.1,658.33,1
1027,1026.9999999999902,258.9625,258.1333333333333,829.17,1
1028,1027.9999999999905,259.156771,258.5,656.77,1
1029,1028.9999999999905,259.34583399999997,258.76666666666665,579.17,1
1030,1029.9999999999905,259.525,258.8666666666667,658.33,1
1031,1030.9999999999907,259.72864599999997,259.1333333333333,595.31,1
1032,1031.9999999999907,259.95520899999997,259.3,655.21,1
1033,1032.9999999999907,260.165625,259.56666666666666,598.96,1
1034,1033.9999999999907,260.345833,259.93333333333334,412.5,1
1035,1034.9999999999907,260.526562,259.96666666666664,559.9,1
1036,1035.999999999991,260.74375,260.1333333333333,610.42,1
1037,1036.999999999991,260.930729,260.3333333333333,597.4,1
1038,1037.9999999999911,261.125521,260.53333333333336,592.19,1
1039,1038.9999999999911,261.321875,260.73333333333335,588.54,1
1040,1039.9999999999911,261.51822999999996,260.9,618.23,1
1041,1040.9999999999911,261.71302099999997,261.1,613.02,1
1042,1041.9999999999911,261.914583,261.3666666666667,547.92,1
1043,1042.9999999999914,262.108854,261.46666666666664,642.19,1
1044,1043.9999999999914,262.316146,261.76666666666665,549.48,1
1045,1044.9999999999914,262.514583,261.9,614.58,1
1046,1045.9999999999916,262.695834,262.1,595.83,1
1047,1046.9999999999916,262.89635400000003,262.2,696.35,1
1048,1047.9999999999916,263.119792,262.46666666666664,653.13,1
1049,1048.9999999999916,263.285938,262.73333333333335,552.6,1
1050,1049.9999999999916,263.473958,262.8666666666667,607.29,1
1051,1050.9999999999918,263.666667,262.93333333333334,733.33,1
1052,1051.9999999999918,263.852604,263.3,552.6,1
1053,1052.9999999999918,264.051042,263.3666666666667,684.38,1
1054,1053.9999999999918,264.261458,263.6666666666667,594.79,1
1055,1054.9999999999918,264.479167,263.8333333333333,645.83,1
1056,1055.999999999992,264.697917,264.03333333333336,664.58,1
1057,1056.999999999992,264.882292,264.3,582.29,1
1058,1057.9999999999923,265.083333,264.56666666666666,516.67,1
1059,1058.9999999999923,265.26875,264.7,568.75,1
1060,1059.9999999999916,265.476563,264.9,576.56,1
1061,1060.9999999999916,265.652084,265.06666666666666,585.42,1
1062,1061.9999999999916,265.86093700000004,265.3,560.94,1
1063,1062.9999999999916,266.052083,265.3666666666667,685.42,1
1064,1063.9999999999916,266.223437,265.6333333333333,590.1,1
1065,1064.9999999999916,266.407292,265.8333333333333,573.96,1
1066,1065.9999999999916,266.635417,265.93333333333334,702.08,1
1067,1066.9999999999916,266.839583,266.23333333333335,606.25,1
1068,1067.9999999999916,267.053125,266.5,553.13,1
1069,1068.9999999999916,267.252083,266.53333333333336,718.75,1
1070,1069.9999999999916,267.45,266.9,550.0,1
1071,1070.9999999999916,267.607292,267.06666666666666,540.63,1
1072,1071.9999999999916,267.9125,267.23333333333335,679.17,1
1073,1072.9999999999916,268.103125,267.73333333333335,369.79,1
1074,1073.9999999999916,268.291667,267.8666666666667,425.0,1
1075,1074.9999999999916,268.471875,268.6333333333333,161.46,1
1076,1075.9999999999916,268.667708,268.6666666666667,1.04,1
1077,1076.9999999999916,268.94375,268.7,243.75,1
1078,1077.9999999999916,269.054167,268.73333333333335,320.83,1
1079,1078.9999999999916,269.235417,268.76666666666665,468.75,1
1080,1079.9999999999916,269.433333,269.2,233.33,1
1081,1080.9999999999916,269.623958,269.26666666666665,357.29,1
1082,1081.9999999999916,269.80625,269.3333333333333,472.92,1
1083,1082.9999999999916,269.992708,269.46666666666664,526.04,1
1084,1083.9999999999916,270.173958,269.53333333333336,640.62,1
1085,1084.9999999999916,270.357292,269.73333333333335,623.96,1
1086,1085.9999999999916,270.53125,269.8,731.25,1
1087,1086.9999999999916,270.738542,270.1333333333333,605.21,1
1088,1087.9999999999916,270.909375,270.23333333333335,676.04,1
1089,1088.9999999999916,271.120833,270.53333333333336,587.5,1
1090,1089.9999999999916,271.36059,270.76666666666665,593.92,1
1091,1090.9999999999916,271.600347,270.93333333333334,667.01,1
1092,1091.9999999999916,271.840104,271.2,640.1,1
1093,1092.9999999999918,272.079861,271.26666666666665,813.19,1
1094,1093.9999999999918,272.319618,271.6,719.62,1
1095,1094.9999999999918,272.559375,271.8,759.37,1
1096,1095.9999999999955,272.894271,272.0,894.27,1
1097,1096.9999999999955,273.229167,272.2,1029.17,1
1098,1097.9999999999955,273.56406200000004,272.23333333333335,1330.73,1
1099,1098.9999999999955,273.97382799999997,272.43333333333334,1540.49,1
1100,1099.9999999999955,274.383594,272.53333333333336,1850.26,1
1101,1100.9999999999955,274.793359,273.53333333333336,1260.03,1
1102,1101.9999999999955,275.203125,273.73333333333335,1469.79,1
1103,1102.9999999999952,275.664583,273.93333333333334,1731.25,1
1104,1103.9999999999952,275.94375,274.1333333333333,1810.42,1
1105,1104.9999999999952,276.213542,274.26666666666665,1946.88,1
1106,1105.9999999999952,276.618229,274.3,2318.23,1
1107,1106.9999999999952,277.022917,275.4,1622.92,1
1108,1107.9999999999952,277.360243,275.93333333333334,1426.91,1
1109,1108.9999999999952,277.69757000000004,276.3333333333333,1364.24,1
1110,1109.9999999999952,278.034896,277.0,1034.9,1
1111,1110.9999999999952,278.41862000000003,277.03333333333336,1385.29,1
1112,1111.9999999999952,278.802344,277.06666666666666,1735.68,1
1113,1112.9999999999952,279.18606800000003,278.0,1186.07,1
1114,1113.9999999999952,279.569792,278.1333333333333,1436.46,1
1115,1114.9999999999952,279.975,278.43333333333334,1541.67,1
1116,1115.9999999999952,280.254167,278.6,1654.17,1
1117,1116.999999999995,280.56875,279.56666666666666,1002.08,1
1118,1117.9999999999952,280.971875,279.76666666666665,1205.21,1
1119,1118.999999999995,281.375,280.26666666666665,1108.33,1
1120,1119.999999999995,281.758333,280.53333333333336,1225.0,1
1121,1120.999999999995,282.039583,280.56666666666666,1472.92,1
1122,1121.999999999995,282.602083,281.0,1602.08,1
1123,1122.999999999995,282.985416,281.43333333333334,1552.08,1
1124,1123.999999999995,283.36875,281.96666666666664,1402.08,1
1125,1124.999999999995,283.75208399999997,282.6,1152.08,1
1126,1125.999999999995,284.417188,282.8,1617.19,1
1127,1126.999999999995,285.082292,283.0,2082.29,1
1128,1127.9999999999948,285.46875,283.2,2268.75,1
1129,1128.9999999999948,285.88993,283.3333333333333,2556.6,1
1130,1129.9999999999948,286.311111,283.9,2411.11,1
1131,1130.9999999999948,286.732292,285.3333333333333,1398.96,1
1132,1131.9999999999948,287.153472,285.6333333333333,1520.14,1
1133,1132.9999999999948,287.57465299999996,285.6666666666667,1907.99,1
1134,1133.9999999999948,287.995833,286.1,1895.83,1
1135,1134.9999999999948,288.348437,287.3666666666667,981.77,1
1136,1135.9999999999948,288.701042,287.53333333333336,1167.71,1
1137,1136.999999999995,289.141666,287.6666666666667,1475.0,1
1138,1137.9999999999948,289.452604,287.96666666666664,1485.94,1
1139,1138.9999999999943,289.763542,288.7,1063.54,1
1140,1139.9999999999948,290.15052099999997,289.03333333333336,1117.19,1
1141,1140.9999999999948,290.451042,289.23333333333335,1217.71,1
1142,1141.999999999995,290.75156200000004,289.6666666666667,1084.9,1
1143,1142.999999999995,291.149479,290.0,1149.48,1
1144,1143.999999999995,291.508854,290.56666666666666,942.19,1
1145,1144.999999999995,291.868229,290.76666666666665,1101.56,1
1146,1145.9999999999952,292.307813,290.8,1507.81,1
1147,1146.9999999999948,293.871875,291.2,2671.88,1
1148,1147.999999999995,294.286458,291.5,2786.46,1
1149,1148.999999999995,294.596875,291.9,2696.88,1
1150,1149.9999999999948,294.888542,292.06666666666666,2821.88,1
1151,1150.9999999999948,295.122917,292.1666666666667,2956.25,1
1152,1151.9999999999948,295.3875,292.4,2987.5,1
1153,1152.999999999995,295.655208,292.5,3155.21,1
1154,1153.999999999995,295.95625,292.76666666666665,3189.58,1
1155,1154.999999999995,296.528125,293.8333333333333,2694.79,1
1156,1155.9999999999952,297.32170099999996,294.8666666666667,2455.03,1
1157,1156.999999999995,298.115278,294.9,3215.28,1
1158,1157.9999999999948,298.908854,295.0,3908.85,1
1159,1158.999999999995,299.22638900000004,295.96666666666664,3259.72,1
1160,1159.999999999995,299.543923,297.6333333333333,1910.59,1
1161,1160.9999999999948,299.861458,298.0,1861.46,1
1162,1161.999999999995,300.304167,299.03333333333336,1270.83,1
1163,1162.999999999995,300.746875,299.23333333333335,1513.54,1
1164,1163.999999999995,301.18958399999997,299.8333333333333,1356.25,1
1165,1164.999999999995,301.632292,300.06666666666666,1565.63,1
1166,1165.999999999995,302.076042,300.1666666666667,1909.38,1
1167,1166.9999999999952,302.355208,300.4,1955.21,1
1168,1167.999999999995,302.621875,302.06666666666666,555.21,1
1169,1168.999999999995,303.022396,302.1,922.4,1
1170,1169.9999999999952,303.422917,302.3333333333333,1089.58,1
1171,1170.9999999999952,303.790625,302.3666666666667,1423.96,1
1172,1171.999999999995,304.15833399999997,302.73333333333335,1425.0,1
1173,1172.999999999995,304.526042,303.4,1126.04,1
1174,1173.9999999999952,304.910677,303.43333333333334,1477.34,1
1175,1174.9999999999952,305.29531299999996,303.46666666666664,1828.65,1
1176,1175.9999999999952,305.679948,304.46666666666664,1213.28,1
1177,1176.9999999999952,306.064583,304.7,1364.58,1
1178,1177.9999999999952,306.557292,304.9,1657.29,1
1179,1178.9999999999952,306.878125,305.1,1778.12,1
1180,1179.9999999999952,307.190625,305.8,1390.62,1
1181,1180.9999999999952,307.567969,305.8333333333333,1734.64,1
1182,1181.9999999999955,307.945313,306.6333333333333,1311.98,1
1183,1182.9999999999952,308.635417,307.1666666666667,1468.75,1
1184,1183.9999999999955,309.021875,307.3666666666667,1655.21,1
1185,1184.9999999999952,309.732292,307.6666666666667,2065.63,1
1186,1185.9999999999955,310.155035,307.96666666666664,2188.37,1
1187,1186.9999999999952,310.57777799999997,308.4,2177.78,1
1188,1187.9999999999952,311.000521,309.53333333333336,1467.19,1
1189,1188.9999999999955,311.649219,309.76666666666665,1882.55,1
1190,1189.9999999999955,312.297917,309.8,2497.92,1
1191,1190.9999999999955,312.678125,309.8666666666667,2811.46,1
1192,1191.9999999999955,312.999769,311.1666666666667,1833.1,1
1193,1192.9999999999955,313.321412,312.26666666666665,1054.75,1
1194,1193.9999999999955,313.643056,312.53333333333336,1109.72,1
1195,1194.9999999999955,313.964699,312.6666666666667,1298.03,1
1196,1195.9999999999955,314.28634300000004,312.7,1586.34,1
1197,1196.9999999999955,314.607986,312.8333333333333,1774.65,1
1198,1197.9999999999955,314.92963,314.06666666666666,862.96,1
1199,1198.9999999999955,315.251273,314.3333333333333,917.94,1
1200,1199.9999999999952,315.572917,314.53333333333336,1039.58,1
1201,1200.9999999999955,315.876191,314.73333333333335,1142.86,1
1202,1201.9999999999952,316.179464,315.1333333333333,1046.13,1
1203,1202.9999999999955,316.482738,315.53333333333336,949.4,1
1204,1203.9999999999952,316.786012,315.56666666666666,1219.35,1
1205,1204.9999999999952,317.08928599999996,315.6,1489.29,1
1206,1205.9999999999955,317.392559,315.6666666666667,1725.89,1
1207,1206.9999999999957,317.695833,315.73333333333335,1962.5,1
1208,1207.9999999999961,318.03125,317.3,731.25,1
1209,1208.9999999999961,318.25625,317.53333333333336,722.92,1
1210,1209.9979166666628,318.379167,317.56666666666666,812.5,1
1211,1210.9999999999961,319.460417,318.06666666666666,1393.75,1
1212,1211.9999999999961,319.897396,318.26666666666665,1630.73,1
1213,1212.999999999996,320.209375,318.3333333333333,1876.04,1
1214,1213.9999999999961,320.52135400000003,319.46666666666664,1054.69,1
1215,1214.9999999999961,320.859375,319.6666666666667,1192.71,1
1216,1215.9999999999961,321.18177099999997,319.7,1481.77,1
1217,1216.9999999999964,321.504166,320.53333333333336,970.83,1
1218,1217.9999999999964,321.897917,320.8333333333333,1064.58,1
1219,1218.9999999999964,322.24010400000003,320.9,1340.1,1
1220,1219.9999999999964,322.582291,321.5,1082.29,1
1221,1220.9999999999964,323.135417,321.73333333333335,1402.08,1
1222,1221.9999999999964,323.634375,321.76666666666665,1867.71,1
1223,1222.9999999999964,324.133333,322.6333333333333,1500.0,1
1224,1223.9999999999964,324.632292,323.03333333333336,1598.96,1
1225,1224.9999999999964,325.054167,323.2,1854.17,1
1226,1225.9999999999964,325.476042,323.23333333333335,2242.71,1
1227,1226.9999999999968,325.88125,323.3,2581.25,1
1228,1227.9999999999968,326.170833,323.73333333333335,2437.5,1
1229,1228.999999999997,326.464583,323.76666666666665,2697.92,1
1230,1229.9999999999973,326.985417,323.8333333333333,3152.08,1
1231,1230.9999999999975,327.990625,323.8666666666667,4123.96,1
1232,1231.9999999999973,328.594792,324.23333333333335,4361.46,1
1233,1232.999999999998,329.05625,324.4,4656.25,1
1234,1233.9999999999975,329.799479,324.6333333333333,5166.15,1
1235,1234.9999999999975,330.221354,325.73333333333335,4488.02,1
1236,1235.999999999998,330.5875,328.56666666666666,2020.83,1
1237,1236.9999999999984,330.927083,329.8333333333333,1093.75,1
1238,1237.999999999998,331.219792,330.2,1019.79,1
1239,1238.999999999998,331.602083,330.43333333333334,1168.75,1
1240,1239.999999999998,332.023438,330.93333333333334,1090.1,1
1241,1240.9999999999986,332.327604,331.06666666666666,1260.94,1
1242,1241.9999999999984,332.638021,331.3666666666667,1271.35,1
1243,1242.9999999999986,332.996354,331.8333333333333,1163.02,1
1244,1243.9999999999986,333.290625,332.3333333333333,957.29,1
1245,1244.9999999999986,333.64635499999997,332.46666666666664,1179.69,1
1246,1245.9999999999986,334.04895899999997,332.8666666666667,1182.29,1
1247,1246.9999999999989,334.34583399999997,333.26666666666665,1079.17,1
1248,1247.9999999999989,334.701042,333.4,1301.04,1
1249,1248.999999999999,335.0,334.06666666666666,933.33,1
1250,1249.999999999999,335.288542,334.2,1088.54,1
1251,1250.999999999999,335.609896,334.43333333333334,1176.56,1
1252,1251.999999999999,335.967709,334.96666666666664,1001.04,1
1253,1252.9999999999993,336.21875,335.26666666666665,952.08,1
1254,1253.9999999999993,336.534375,335.43333333333334,1101.04,1
1255,1254.9999999999995,336.882292,335.73333333333335,1148.96,1
1256,1255.9999999999998,337.18177099999997,335.8666666666667,1315.1,1
1257,1256.9999999999993,337.532292,336.5,1032.29,1
1258,1257.9999999999998,337.995833,336.53333333333336,1462.5,1
1259,1258.9999999999998,338.277084,337.1666666666667,1110.42,1
1260,1260.0,338.584375,337.53333333333336,1051.04,1
1261,1261.0,338.86510499999997,337.6333333333333,1231.77,1
1262,1262.0000000000002,339.133333,338.26666666666665,866.67,1
1263,1263.0000000000002,339.434375,338.56666666666666,867.71,1
1264,1264.0000000000002,339.753125,338.8333333333333,919.79,1
1265,1265.0000000000002,339.980208,338.96666666666664,1013.54,1
1266,1266.0000000000005,340.247917,339.1666666666667,1081.25,1
1267,1267.0000000000002,340.55260400000003,339.53333333333336,1019.27,1
1268,1268.0000000000005,340.820313,339.8666666666667,953.65,1
1269,1269.0000000000007,341.126042,340.2,926.04,1
1270,1270.0000000000005,341.58385400000003,340.3,1283.85,1
1271,1271.000000000001,341.902083,340.8,1102.08,1
1272,1272.000000000001,342.211458,341.1,1111.46,1
1273,1273.000000000001,342.492188,341.3,1192.19,1
1274,1274.000000000001,342.76718700000004,341.9,867.19,1
1275,1275.0000000000011,343.055729,342.23333333333335,822.4,1
1276,1276.000000000001,343.364063,342.26666666666665,1097.4,1
1277,1277.0000000000014,343.59427,342.6333333333333,960.94,1
1278,1278.0000000000014,343.886459,342.8666666666667,1019.79,1
1279,1279.0000000000014,344.216667,343.3666666666667,850.0,1
1280,1280.0000000000014,344.53125,343.6,931.25,1
1281,1281.000000000002,344.982292,343.73333333333335,1248.96,1
1282,1282.0000000000014,345.51406299999996,343.8666666666667,1647.4,1
1283,1283.000000000002,345.81875,344.5,1318.75,1
1284,1284.000000000002,346.109375,344.96666666666664,1142.71,1
1285,1285.000000000002,346.403125,345.53333333333336,869.79,1
1286,1286.000000000002,346.672917,345.73333333333335,939.58,1
1287,1287.000000000002,346.990625,345.96666666666664,1023.96,1
1288,1288.0000000000023,347.414583,346.3666666666667,1047.92,1
1289,1289.0000000000023,347.647917,346.53333333333336,1114.58,1
1290,1290.0000000000025,347.906771,347.0,906.77,1
1291,1291.0000000000025,348.1875,347.4,787.5,1
1292,1292.0000000000025,348.454167,347.6333333333333,820.83,1
1293,1293.0000000000027,348.765625,347.8666666666667,898.96,1
1294,1294.0000000000027,349.09947999999997,348.1666666666667,932.81,1
1295,1295.0000000000027,349.390104,348.46666666666664,923.44,1
1296,1296.000000000003,349.714584,348.56666666666666,1147.92,1
1297,1297.000000000003,350.044792,348.8,1244.79,1
1298,1298.000000000003,350.344791,349.43333333333334,911.46,1
1299,1299.0000000000032,350.701042,349.6,1101.04,1
1300,1300.0000000000032,351.171875,350.0,1171.88,1
1301,1301.0000000000032,351.558334,350.3,1258.33,1
1302,1302.0000000000034,351.938541,350.73333333333335,1205.21,1
1303,1303.0000000000034,352.432292,351.2,1232.29,1
1304,1304.0000000000032,353.033333,351.56666666666666,1466.67,1
1305,1305.0000000000061,353.593229,351.93333333333334,1659.9,1
1306,1306.0000000000057,353.942708,352.1333333333333,1809.37,1
1307,1307.0000000000057,354.11510400000003,352.3333333333333,1781.77,1
1308,1308.0000000000052,354.321875,353.53333333333336,788.54,1
1309,1309.000000000005,354.54375,353.8333333333333,710.42,1
1310,1310.0000000000048,354.725521,353.8666666666667,858.85,1
1311,1311.0000000000045,354.91197900000003,353.9,1011.98,1
1312,1312.0000000000045,355.113542,354.2,913.54,1
1313,1313.0000000000043,355.297396,354.7,597.4,1
1314,1314.0000000000039,355.506771,354.8666666666667,640.1,1
1315,1315.0000000000036,355.708333,355.1,608.33,1
1316,1316.0000000000034,355.888542,355.5,388.54,1
1317,1317.0000000000034,356.071354,355.56666666666666,504.69,1
1318,1318.0000000000032,356.303125,355.7,603.13,1
1319,1319.000000000003,356.48593700000004,355.8666666666667,619.27,1
1320,1320.0000000000027,356.675521,356.06666666666666,608.85,1
1321,1321.0000000000023,356.903125,356.2,703.12,1
1322,1322.0000000000023,357.069792,356.46666666666664,603.13,1
1323,1323.000000000002,357.26770899999997,356.56666666666666,701.04,1
1324,1324.0000000000016,357.514583,356.93333333333334,581.25,1
1325,1325.0000000000014,357.683333,357.03333333333336,650.0,1
1326,1326.0000000000011,357.875521,357.3333333333333,542.19,1
1327,1327.0000000000011,358.079166,357.5,579.17,1
1328,1328.000000000001,358.273438,357.7,573.44,1
1329,1329.0000000000005,358.466146,357.76666666666665,699.48,1
1330,1330.0000000000002,358.691667,357.96666666666664,725.0,1
1331,1331.0,358.87343799999996,358.26666666666665,606.77,1
1332,1332.0,359.044792,358.43333333333334,611.46,1
1333,1332.9999999999998,359.266667,358.7,566.67,1
1334,1333.9999999999995,359.440625,358.8666666666667,573.96,1
1335,1334.999999999999,359.62239500000004,358.93333333333334,689.06,1
1336,1335.9999999999989,359.825,359.2,625.0,1
1337,1336.9999999999989,360.007292,359.43333333333334,573.96,1
1338,1337.9999999999986,360.230729,359.6,630.73,1
1339,1338.9999999999984,360.430208,359.8666666666667,563.54,1
1340,1339.999999999998,360.632292,360.23333333333335,398.96,1
1341,1340.9999999999977,360.807813,360.3,507.81,1
1342,1341.9999999999977,361.02968799999996,360.4,629.69,1
1343,1342.9999999999973,361.20468700000004,360.6,604.69,1
1344,1343.999999999997,361.410938,360.8,610.94,1
1345,1344.9999999999968,361.598958,360.96666666666664,632.29,1
1346,1345.9999999999966,361.780209,361.2,580.21,1
1347,1346.9999999999966,361.977083,361.3666666666667,610.42,1
1348,1347.9999999999964,362.190625,361.6333333333333,557.29,1
1349,1348.9999999999961,362.376042,361.73333333333335,642.71,1
1350,1349.9999999999957,362.567708,362.03333333333336,534.37,1
1351,1350.9999999999955,362.76406299999996,362.2,564.06,1
1352,1351.9999999999955,362.93593799999996,362.3666666666667,569.27,1
1353,1352.9999999999952,363.132292,362.53333333333336,598.96,1
1354,1353.999999999995,363.335417,362.6333333333333,702.08,1
1355,1354.9999999999948,363.50989599999997,362.96666666666664,543.23,1
1356,1355.9999999999943,363.690104,363.1,590.1,1
1357,1356.9999999999943,363.883333,363.46666666666664,416.67,1
1358,1357.9999999999939,364.058854,363.53333333333336,525.52,1
1359,1358.9999999999936,364.25,363.6666666666667,583.33,1
1360,1359.9999999999934,364.478125,363.8666666666667,611.46,1
1361,1360.9999999999932,364.672917,364.06666666666666,606.25,1
1362,1361.9999999999932,364.895833,364.3,595.83,1
1363,1362.999999999993,365.084375,364.5,584.38,1
1364,1363.9999999999927,365.290625,364.7,590.62,1
1365,1364.9999999999923,365.502083,364.9,602.08,1
1366,1365.9999999999918,365.7125,365.1333333333333,579.17,1
1367,1366.9999999999918,365.885417,365.26666666666665,618.75,1
1368,1367.9999999999918,366.075521,365.5,575.52,1
1369,1368.9999999999918,366.263021,365.7,563.02,1
1370,1369.9999999999918,366.436458,365.8666666666667,569.79,1
1371,1370.9999999999918,366.623958,366.06666666666666,557.29,1
1372,1371.9999999999918,366.848958,366.1,748.96,1
1373,1372.9999999999918,367.036458,366.43333333333334,603.12,1
1374,1373.9999999999918,367.25,366.6333333333333,616.67,1
1375,1374.9999999999918,367.435417,366.8333333333333,602.08,1
1376,1375.9999999999918,367.638542,367.1333333333333,505.21,1
1377,1376.999999999992,367.835417,367.43333333333334,402.08,1
1378,1377.9999999999918,368.120833,367.6,520.83,1
1379,1378.9999999999918,368.303125,367.6666666666667,636.46,1
1380,1379.9999999999918,368.484375,367.8666666666667,617.71,1
1381,1380.9999999999918,368.664583,368.1,564.58,1
1382,1381.9999999999918,368.859375,368.3666666666667,492.71,1
1383,1382.9999999999918,369.180208,368.6,580.21,1
1384,1383.9999999999918,369.238542,368.73333333333335,505.21,1
1385,1384.9999999999918,369.428125,369.26666666666665,161.46,1
1386,1385.9999999999918,369.625,369.3333333333333,291.67,1
1387,1386.9999999999918,369.8125,369.4,412.5,1
1388,1387.9999999999918,369.991667,369.43333333333334,558.33,1
1389,1388.9999999999918,370.184375,369.5,684.37,1
1390,1389.9999999999918,370.36875,369.76666666666665,602.08,1
1391,1390.9999999999918,370.566667,369.96666666666664,600.0,1
1392,1391.9999999999918,370.741667,370.26666666666665,475.0,1
1393,1392.9999999999918,370.95625,370.3666666666667,589.58,1
1394,1393.9999999999918,371.134375,370.6333333333333,501.04,1
1395,1394.999999999992,371.328125,370.8666666666667,461.46,1
1396,1395.999999999992,371.582899,371.2,382.9,1
1397,1396.999999999992,371.83767400000005,371.46666666666664,371.01,1
1398,1397.999999999992,372.092448,373.3666666666667,1274.22,1
1399,1398.9999999999918,372.34722200000004,374.1333333333333,1786.11,1
1400,1399.9999999999918,372.60199700000004,374.2,1598.0,1
1401,1400.9999999999918,372.856771,374.23333333333335,1376.56,1
1402,1401.9999999999918,373.210417,374.26666666666665,1056.25,1
1403,1402.9999999999918,373.413542,374.3,886.46,1
1404,1403.9999999999918,373.59375,374.3333333333333,739.58,1
1405,1404.9999999999918,373.773958,374.3666666666667,592.71,1
1406,1405.9999999999918,373.966667,374.4,433.33,1
1407,1406.9999999999918,374.204167,374.43333333333334,229.17,1
1408,1407.9999999999918,374.295833,374.46666666666664,170.83,1
1409,1408.9999999999918,374.479167,374.5,20.83,1
1410,1409.9999999999918,374.661458,374.53333333333336,128.12,1
1411,1410.9999999999918,374.85625,374.8333333333333,22.92,1
1412,1411.9999999999918,375.032292,374.8666666666667,165.63,1
1413,1412.9999999999918,375.229167,375.1,129.17,1
1414,1413.9999999999918,375.397917,375.26666666666665,131.25,1
1415,1414.9999999999918,375.590625,375.43333333333334,157.29,1
1416,1415.9999999999918,375.76875,375.6,168.75,1
1417,1416.9999999999918,375.954167,375.7,254.17,1
1418,1417.9999999999918,376.119792,375.73333333333335,386.46,1
1419,1418.999999999992,376.290625,375.8,490.62,1
1420,1419.999999999992,376.50651,376.03333333333336,473.18,1
1421,1420.999999999992,376.722396,376.2,522.4,1
1422,1421.999999999992,376.938281,376.4,538.28,1
1423,1422.9999999999918,377.154167,376.5,654.17,1
1424,1423.9999999999918,377.370052,376.8666666666667,503.39,1
1425,1424.9999999999918,377.585938,378.3,714.06,1
1426,1425.9999999999918,377.864583,378.3666666666667,502.08,1
1427,1426.9999999999918,378.052083,378.4,347.92,1
1428,1427.9999999999918,378.267708,378.43333333333334,165.63,1
1429,1428.9999999999918,378.476042,378.46666666666664,9.38,1
1430,1429.9999999999918,378.653125,378.5,153.12,1
1431,1430.9999999999918,378.855208,378.7,155.21,1
1432,1431.9999999999918,379.048958,378.73333333333335,315.62,1
1433,1432.9999999999918,379.233333,378.76666666666665,466.67,1
1434,1433.9999999999918,379.440625,378.8333333333333,607.29,1
1435,1434.9999999999918,379.6125,379.1333333333333,479.17,1
1436,1435.9999999999918,379.797917,379.3333333333333,464.58,1
1437,1436.9999999999918,380.013542,379.3666666666667,646.88,1
1438,1437.9999999999918,380.208333,379.56666666666666,641.67,1
1439,1438.9999999999918,380.39375,379.8333333333333,560.42,1
1440,1439.9999999999918,380.598958,379.9,698.96,1
1441,1440.9999999999918,380.822917,380.3,522.92,1
1442,1441.9999999999918,381.002083,380.4,602.08,1
1443,1442.9999999999918,381.179167,380.6333333333333,545.83,1
1444,1443.9999999999918,381.38125,380.8666666666667,514.58,1
1445,1444.9999999999918,381.577083,381.03333333333336,543.75,1
1446,1445.9999999999918,381.742708,381.1,642.71,1
1447,1446.9999999999918,381.951042,381.4,551.04,1
1448,1447.9999999999918,382.132292,381.56666666666666,565.63,1
1449,1448.9999999999918,382.34375,381.76666666666665,577.08,1
1450,1449.9999999999918,382.552083,382.0,552.08,1
1451,1450.9999999999918,382.74375,382.1333333333333,610.42,1
1452,1451.9999999999918,382.917708,382.3666666666667,551.04,1
1453,1452.9999999999918,383.157292,382.46666666666664,690.63,1
1454,1453.9999999999918,383.354167,383.1666666666667,187.5,1
1455,1454.9999999999918,383.5625,383.2,362.5,1
1456,1455.9999999999918,383.796875,383.23333333333335,563.54,1
1457,1456.9999999999918,383.979167,383.3333333333333,645.83,1
1458,1457.9999999999918,384.158333,383.6,558.33,1
1459,1458.9999999999918,384.371875,383.76666666666665,605.21,1
1460,1459.9999999999918,384.567708,383.93333333333334,634.37,1
1461,1460.9999999999918,384.776042,384.1333333333333,642.71,1
1462,1461.9999999999918,384.998958,384.3333333333333,665.62,1
1463,1462.9999999999918,385.192708,384.8666666666667,326.04,1
1464,1463.9999999999918,385.375,384.9,475.0,1
1465,1464.9999999999918,385.614583,385.03333333333336,581.25,1
1466,1465.9999999999918,385.79375,385.23333333333335,560.42,1
1467,1466.9999999999918,385.991667,385.4,591.67,1
1468,1467.9999999999918,386.230208,385.6333333333333,596.87,1
1469,1468.9999999999918,386.440625,385.8,640.62,1
1470,1469.9999999999918,386.644792,385.93333333333334,711.46,1
1471,1470.9999999999918,386.84375,386.2,643.75,1
1472,1471.9999999999918,387.040625,386.43333333333334,607.29,1
1473,1472.9999999999918,387.398958,386.73333333333335,665.62,1
1474,1473.9999999999918,387.797916,386.8333333333333,964.58,1
1475,1474.9999999999925,388.019792,387.06666666666666,953.13,1
1476,1475.9999999999925,388.248958,387.3,948.96,1
1477,1476.9999999999925,388.488542,387.6,888.54,1
1478,1477.9999999999923,388.68125,387.7,981.25,1
1479,1478.9999999999923,388.929167,387.8,1129.17,1
1480,1479.999999999992,389.20885400000003,387.93333333333334,1275.52,1
1481,1480.999999999992,389.373958,388.7,673.96,1
1482,1481.999999999992,389.613021,388.9,713.02,1
1483,1482.999999999992,389.84375,389.23333333333335,610.42,1
1484,1483.9999999999923,390.05,389.3666666666667,683.33,1
1485,1484.9999999999918,390.290625,389.46666666666664,823.96,1
1486,1485.9999999999918,390.54427000000004,389.56666666666666,977.6,1
1487,1486.9999999999916,390.71875,389.8,918.75,1
1488,1487.9999999999918,390.963542,390.23333333333335,730.21,1
1489,1488.9999999999916,391.178125,390.56666666666666,611.46,1
1490,1489.9999999999916,391.379167,390.6666666666667,712.5,1
1491,1490.9999999999918,391.585417,390.8,785.42,1
1492,1491.9999999999914,391.834896,390.8666666666667,968.23,1
1493,1492.9999999999916,391.983855,391.3666666666667,617.19,1
1494,1493.9999999999914,392.225,391.56666666666666,658.33,1
1495,1494.9999999999916,392.476042,391.6333333333333,842.71,1
1496,1495.9999999999911,392.66875,391.9,768.75,1
1497,1496.9999999999914,392.919792,392.26666666666665,653.13,1
1498,1497.9999999999905,393.172395,392.7,472.4,1
1499,1498.9999999999905,393.340625,392.8333333333333,507.29,1
1500,1499.9999999999905,393.578645,392.9,678.65,1
1501,1500.9999999999905,393.814583,393.1666666666667,647.92,1
1502,1501.9999999999902,394.027083,393.3333333333333,693.75,1
1503,1502.9999999999902,394.247917,393.43333333333334,814.58,1
1504,1503.99999999999,394.515104,393.8333333333333,681.77,1
1505,1504.99999999999,394.717708,394.03333333333336,684.37,1
1506,1505.99999999999,394.959896,394.23333333333335,726.56,1
1507,1506.9999999999898,395.204167,394.5,704.17,1
1508,1507.9999999999898,395.434896,394.7,734.9,1
1509,1508.9999999999898,395.726042,394.9,826.04,1
1510,1509.9999999999895,395.995834,395.1666666666667,829.17,1
1511,1510.9999999999895,396.197917,395.4,797.92,1
1512,1511.9999999999895,396.4375,395.43333333333334,1004.17,1
1513,1512.9999999999895,396.683333,396.0,683.33,1
1514,1513.9999999999895,396.907291,396.26666666666665,640.62,1
1515,1514.9999999999893,397.191667,396.4,791.67,1
1516,1515.9999999999893,397.447917,396.53333333333336,914.58,1
1517,1516.999999999989,397.642708,396.6666666666667,976.04,1
1518,1517.9999999999893,397.883854,397.23333333333335,650.52,1
1519,1518.999999999989,398.146875,397.4,746.88,1
1520,1519.999999999989,398.361458,397.6333333333333,728.12,1
1521,1520.9999999999889,398.59375,397.8,793.75,1
1522,1521.9999999999889,398.85,397.96666666666664,883.33,1
1523,1522.9999999999884,399.075,398.3666666666667,708.33,1
1524,1523.9999999999889,399.30677099999997,398.6,706.77,1
1525,1524.9999999999889,399.55,398.73333333333335,816.67,1
1526,1525.9999999999884,399.775,399.06666666666666,708.33,1
1527,1526.9999999999884,400.009375,399.1333333333333,876.04,1
1528,1527.9999999999882,400.25989599999997,399.23333333333335,1026.56,1
1529,1528.9999999999882,400.467709,399.76666666666665,701.04,1
1530,1529.9999999999882,400.67760400000003,400.0,677.6,1
1531,1530.9999999999882,400.917708,400.23333333333335,684.37,1
1532,1531.999999999988,401.140625,400.46666666666664,673.96,1
1533,1532.999999999988,401.445833,400.56666666666666,879.17,1
1534,1533.9999999999882,401.730209,400.6333333333333,1096.88,1
1535,1534.9999999999877,401.915625,401.1,815.62,1
1536,1535.9999999999882,402.165625,401.4,765.62,1
1537,1536.9999999999877,402.401042,401.7,701.04,1
1538,1537.9999999999877,402.625,401.9,725.0,1
1539,1538.9999999999875,402.85,402.03333333333336,816.67,1
1540,1539.9999999999875,403.11093700000004,402.1,1010.94,1
1541,1540.9999999999875,403.30677099999997,402.6333333333333,673.44,1
1542,1541.9999999999875,403.527084,402.8666666666667,660.42,1
1543,1542.999999999987,403.785417,403.1,685.42,1
1544,1543.999999999987,404.054167,403.3,754.17,1
1545,1544.9999999999868,404.465625,403.4,1065.63,1
1546,1545.9999999999868,404.67031299999996,403.8,870.31,1
1547,1546.9999999999866,404.875,403.96666666666664,908.33,1
1548,1547.9999999999868,405.142708,404.3333333333333,809.37,1
1549,1548.9999999999868,405.376042,404.6,776.04,1
1550,1549.9999999999868,405.571875,404.93333333333334,638.54,1
1551,1550.9999999999864,405.78125,405.1666666666667,614.58,1
1552,1551.9999999999864,405.979167,405.3333333333333,645.83,1
1553,1552.9999999999861,406.18125,405.56666666666666,614.58,1
1554,1553.9999999999861,406.404167,405.73333333333335,670.83,1
1555,1554.9999999999861,406.63125,405.76666666666665,864.58,1
1556,1555.9999999999861,406.858334,405.8,1058.33,1
1557,1556.9999999999861,407.085417,406.4,685.42,1
1558,1557.999999999986,407.34375,406.46666666666664,877.08,1
1559,1558.999999999986,407.53125,406.53333333333336,997.92,1
1560,1559.9999999999857,407.736979,406.76666666666665,970.31,1
1561,1560.9999999999857,407.925,407.03333333333336,891.67,1
1562,1561.9999999999857,408.155729,407.5,655.73,1
1563,1562.9999999999857,408.390625,407.7,690.63,1
1564,1563.9999999999854,408.559375,407.93333333333334,626.04,1
1565,1564.9999999999854,408.755208,408.1333333333333,621.87,1
1566,1565.9999999999854,408.9875,408.3333333333333,654.17,1
1567,1566.9999999999852,409.219791,408.53333333333336,686.46,1
1568,1567.9999999999854,409.419271,408.73333333333335,685.94,1
1569,1568.9999999999852,409.666667,408.8666666666667,800.0,1
1570,1569.9999999999852,409.911458,409.3333333333333,578.12,1
1571,1570.9999999999852,410.120833,409.53333333333336,587.5,1
1572,1571.9999999999852,410.32656299999996,409.56666666666666,759.9,1
1573,1572.9999999999852,410.533333,409.8666666666667,666.67,1
1574,1573.9999999999852,410.839583,409.9,939.58,1
1575,1574.999999999985,410.965625,410.3333333333333,632.29,1
1576,1575.999999999985,411.095833,410.46666666666664,629.17,1
1577,1576.9999999999848,411.305208,410.7,605.21,1
1578,1577.9999999999848,411.544792,410.9,644.79,1
1579,1578.9999999999848,411.752431,411.06666666666666,685.76,1
1580,1579.9999999999845,411.960069,411.26666666666665,693.4,1
1581,1580.9999999999848,412.167708,411.56666666666666,601.04,1
1582,1581.9999999999843,412.407292,411.6333333333333,773.96,1
1583,1582.9999999999843,412.583333,411.7,883.33,1
1584,1583.999999999984,412.778125,411.96666666666664,811.46,1
1585,1584.9999999999843,412.991667,412.3,691.67,1
1586,1585.999999999984,413.191667,412.6,591.67,1
1587,1586.999999999984,413.395833,412.76666666666665,629.17,1
1588,1587.9999999999839,413.596875,412.96666666666664,630.21,1
1589,1588.9999999999839,413.755208,413.2,555.21,1
1590,1589.9999999999834,413.988542,413.4,588.54,1
1591,1590.9999999999834,414.20468700000004,413.56666666666666,638.02,1
1592,1591.9999999999834,414.395312,413.6666666666667,728.65,1
1593,1592.9999999999834,414.636458,414.0,636.46,1
1594,1593.9999999999832,414.81875,414.2,618.75,1
1595,1594.9999999999832,415.009375,414.43333333333334,576.04,1
1596,1595.9999999999832,415.24791600000003,414.56666666666666,681.25,1
1597,1596.999999999983,415.459375,414.73333333333335,726.04,1
1598,1597.999999999983,415.65625,415.0,656.25,1
1599,1598.999999999983,415.864063,415.3,564.06,1
1600,1599.999999999983,416.059375,415.46666666666664,592.71,1
1601,1600.9999999999827,416.227083,415.6333333333333,593.75,1
1602,1601.9999999999827,416.436458,415.8,636.46,1
1603,1602.9999999999825,416.648958,415.96666666666664,682.29,1
1604,1603.9999999999825,416.83125,416.1333333333333,697.92,1
1605,1604.9999999999823,417.036458,416.43333333333334,603.12,1
1606,1605.9999999999825,417.242708,416.6333333333333,609.37,1
1607,1606.999999999982,417.43125,416.76666666666665,664.58,1
1608,1607.999999999982,417.652083,417.03333333333336,618.75,1
1609,1608.999999999982,417.851042,417.3,551.04,1
1610,1609.9999999999818,418.03125,417.46666666666664,564.58,1
1611,1610.9999999999818,418.241667,417.6333333333333,608.33,1
1612,1611.9999999999816,418.452083,417.7,752.08,1
1613,1612.9999999999816,418.695833,418.06666666666666,629.17,1
1614,1613.9999999999814,418.94375,418.2,743.75,1
1615,1614.9999999999814,419.146875,418.46666666666664,680.21,1
1616,1615.9999999999811,419.1625,418.6666666666667,495.83,1
1617,1616.9999999999811,419.398958,418.7,698.96,1
1618,1617.999999999981,419.79114599999997,418.76666666666665,1024.48,1
1619,1618.999999999981,420.183333,419.1333333333333,1050.0,1
1620,1619.999999999981,420.393229,419.3666666666667,1026.56,1
1621,1620.9999999999807,420.580208,419.73333333333335,846.87,1
1622,1621.999999999981,420.780729,420.06666666666666,714.06,1
1623,1622.9999999999807,420.9875,420.3666666666667,620.83,1
1624,1623.9999999999807,421.171354,420.6,571.35,1
1625,1624.9999999999804,421.335417,420.76666666666665,568.75,1
1626,1625.9999999999807,421.5625,420.96666666666664,595.83,1
1627,1626.9999999999802,421.842708,421.2,642.71,1
1628,1627.9999999999804,422.09375,421.3333333333333,760.42,1
1629,1628.9999999999802,422.603125,421.46666666666664,1136.46,1
1630,1629.9999999999802,423.15,421.8333333333333,1316.67,1
1631,1630.9999999999798,423.402083,422.0,1402.08,1
1632,1631.9999999999802,423.654167,422.6,1054.17,1
1633,1632.9999999999798,423.939583,422.76666666666665,1172.92,1
1634,1633.9999999999798,424.214583,422.96666666666664,1247.92,1
1635,1634.9999999999798,424.600521,423.2,1400.52,1
1636,1635.9999999999795,424.95,423.5,1450.0,1
1637,1636.9999999999795,425.145833,423.53333333333336,1612.5,1
1638,1637.9999999999795,425.402083,424.3666666666667,1035.42,1
1639,1638.9999999999795,425.673958,424.93333333333334,740.62,1
1640,1639.9999999999793,425.914063,425.1666666666667,747.4,1
1641,1640.9999999999793,426.182292,425.23333333333335,948.96,1
1642,1641.999999999979,426.455208,425.6666666666667,788.54,1
1643,1642.999999999979,426.659375,425.8666666666667,792.71,1
1644,1643.999999999979,426.8875,426.1,787.5,1
1645,1644.999999999979,427.13072900000003,426.43333333333334,697.4,1
1646,1645.9999999999789,427.363542,426.6666666666667,696.88,1
1647,1646.9999999999789,427.62343799999996,426.8333333333333,790.1,1
1648,1647.9999999999789,427.914583,427.1,814.58,1
1649,1648.9999999999786,428.116667,427.1666666666667,950.0,1
1650,1649.9999999999789,428.3375,427.6,737.5,1
1651,1650.9999999999786,428.580208,427.9,680.21,1
1652,1651.9999999999786,428.81093799999996,428.1333333333333,677.6,1
1653,1652.9999999999784,429.04427000000004,428.26666666666665,777.6,1
1654,1653.9999999999784,429.364063,428.56666666666666,797.4,1
1655,1654.999999999978,429.580729,428.76666666666665,814.06,1
1656,1655.9999999999784,429.883854,428.93333333333334,950.52,1
1657,1656.999999999978,430.210417,429.43333333333334,777.08,1
1658,1657.999999999978,430.441667,429.56666666666666,875.0,1
1659,1658.9999999999777,430.633333,429.8666666666667,766.67,1
1660,1659.9999999999777,430.973437,430.06666666666666,906.77,1
1661,1660.9999999999777,431.148438,430.4,748.44,1
1662,1661.9999999999777,431.480729,430.6666666666667,814.06,1
1663,1662.9999999999777,431.767708,430.8666666666667,901.04,1
1664,1663.9999999999775,431.991667,431.1666666666667,825.0,1
1665,1664.9999999999775,432.15625,431.43333333333334,722.92,1
1666,1665.9999999999773,432.507292,431.6333333333333,873.96,1
1667,1666.9999999999773,432.660416,431.96666666666664,693.75,1
1668,1667.9999999999773,432.95885400000003,432.1666666666667,792.19,1
1669,1668.9999999999773,433.269792,432.3333333333333,936.46,1
1670,1669.999999999977,433.492708,432.8,692.71,1
1671,1670.999999999977,433.70104100000003,432.8666666666667,834.37,1
1672,1671.9999999999768,434.011979,433.26666666666665,745.31,1
1673,1672.9999999999768,434.153125,433.46666666666664,686.46,1
1674,1673.999999999977,434.45052000000004,433.7,750.52,1
1675,1674.9999999999768,434.753646,433.96666666666664,786.98,1
1676,1675.9999999999768,434.975521,434.26666666666665,708.85,1
1677,1676.9999999999766,435.165625,434.3666666666667,798.96,1
1678,1677.9999999999766,435.552083,434.73333333333335,818.75,1
1679,1678.999999999976,435.727083,434.76666666666665,960.42,1
1680,1679.9999999999766,435.953645,435.2,753.65,1
1681,1680.999999999976,436.2125,435.43333333333334,779.17,1
1682,1681.999999999976,436.441667,435.7,741.67,1
1683,1682.9999999999757,436.645312,435.8333333333333,811.98,1
1684,1683.9999999999757,437.000521,435.8666666666667,1133.85,1
1685,1684.9999999999754,437.15416600000003,436.4,754.17,1
1686,1685.9999999999757,437.39375,436.6666666666667,727.08,1
1687,1686.9999999999757,437.63802000000004,436.96666666666664,671.35,1
1688,1687.9999999999754,437.828646,437.1666666666667,661.98,1
1689,1688.9999999999752,438.10625,437.3333333333333,772.92,1
1690,1689.9999999999752,438.420834,437.7,720.83,1
1691,1690.9999999999752,438.595833,437.8666666666667,729.17,1
1692,1691.9999999999752,438.82604100000003,438.06666666666666,759.37,1
1693,1692.9999999999752,439.092708,438.1666666666667,926.04,1
1694,1693.999999999975,439.31875,438.6,718.75,1
1695,1694.999999999975,439.52135400000003,438.76666666666665,754.69,1
1696,1695.9999999999748,439.882813,438.8666666666667,1016.15,1
1697,1696.9999999999748,440.031771,439.1,931.77,1
1698,1697.9999999999748,440.291667,439.5,791.67,1
1699,1698.9999999999748,440.553646,439.93333333333334,620.31,1
1700,1699.9999999999748,440.75572900000003,440.06666666666666,689.06,1
1701,1700.9999999999745,441.063021,440.23333333333335,829.69,1
1702,1701.9999999999745,441.363021,440.6,763.02,1
1703,1702.9999999999743,441.520833,440.8,720.83,1
1704,1703.9999999999745,441.783333,441.03333333333336,750.0,1
1705,1704.9999999999743,442.040625,441.43333333333334,607.29,1
1706,1705.9999999999743,442.243229,441.56666666666666,676.56,1
1707,1706.9999999999739,442.534896,441.76666666666665,768.23,1
1708,1707.9999999999739,442.865625,441.96666666666664,898.96,1
1709,1708.9999999999736,443.01406299999996,442.3333333333333,680.73,1
1710,1709.9999999999739,443.283333,442.7,583.33,1
1711,1710.9999999999736,443.539583,442.9,639.58,1
1712,1711.9999999999736,443.761979,443.06666666666666,695.31,1
1713,1712.9999999999736,444.10781299999996,443.23333333333335,874.48,1
1714,1713.9999999999734,444.586979,443.56666666666666,1020.31,1
1715,1714.9999999999748,444.870313,443.73333333333335,1136.98,1
1716,1715.9999999999748,445.128125,444.3333333333333,794.79,1
1717,1716.9999999999748,445.408854,444.5,908.85,1
1718,1717.999999999975,445.7,444.8666666666667,833.33,1
1719,1718.999999999975,446.041667,445.06666666666666,975.0,1
1720,1719.999999999975,446.766146,445.43333333333334,1332.81,1
1721,1720.999999999975,447.104167,445.6,1504.17,1
1722,1721.999999999975,447.390625,445.73333333333335,1657.29,1
1723,1722.999999999975,447.702605,446.73333333333335,969.27,1
1724,1723.999999999975,448.052083,447.03333333333336,1018.75,1
1725,1724.999999999975,448.508333,447.3666666666667,1141.67,1
1726,1725.9999999999752,448.729166,447.76666666666665,962.5,1
1727,1726.9999999999752,448.95,448.03333333333336,916.67,1
1728,1727.9999999999752,449.170833,448.43333333333334,737.5,1
1729,1728.9999999999752,449.391666,448.5,891.67,1
1730,1729.9999999999752,449.6125,448.53333333333336,1079.17,1
1731,1730.999999999975,449.833333,449.06666666666666,766.67,1
1732,1731.999999999975,450.054167,449.7,354.17,1
1733,1732.9999999999804,450.523958,449.8666666666667,657.29,1
1734,1733.9999999999802,450.838542,449.9,938.54,1
1735,1734.9999999999802,451.20468700000004,450.06666666666666,1138.02,1
1736,1735.9999999999798,451.602083,450.43333333333334,1168.75,1
1737,1736.9999999999798,452.113021,450.76666666666665,1346.35,1
1738,1737.9999999999802,452.532291,450.8666666666667,1665.62,1
1739,1738.9999999999802,452.95156299999996,451.3,1651.56,1
1740,1739.9999999999802,453.370834,451.4,1970.83,1
1741,1740.9999999999798,453.790104,451.46666666666664,2323.44,1
1742,1741.9999999999918,454.41197900000003,451.6,2811.98,1
1743,1742.9999999999918,455.432292,452.8,2632.29,1
1744,1743.9999999999918,455.85722699999997,453.76666666666665,2090.56,1
1745,1744.9999999999916,456.282162,454.2,2082.16,1
1746,1745.9999999999916,456.707097,454.46666666666664,2240.43,1
1747,1746.9999999999916,457.13203200000004,454.73333333333335,2398.7,1
1748,1747.9999999999916,457.556966,455.96666666666664,1590.3,1
1749,1748.9999999999918,457.981901,456.56666666666666,1415.23,1
1750,1749.999999999972,458.40683600000006,456.6,1806.84,1
1751,1750.9999999999718,458.831771,456.6666666666667,2165.1,1
1752,1751.9999999999714,459.04895899999997,456.7,2348.96,1
1753,1752.9999999999714,459.279167,456.9,2379.17,1
1754,1753.9999999999714,459.509375,456.93333333333334,2576.04,1
1755,1754.9999999999704,459.730729,457.46666666666664,2264.06,1
1756,1755.9999999999707,459.99400999999995,457.6,2394.01,1
1757,1756.9999999999707,460.257292,457.73333333333335,2523.96,1
1758,1757.9999999999704,460.52057300000007,458.8333333333333,1687.24,1
1759,1758.9999999999704,460.783854,459.1,1683.85,1
1760,1759.9999999999704,461.047136,459.1333333333333,1913.8,1
1761,1760.99999999997,461.310417,459.2,2110.42,1
1762,1761.9999999999704,461.54930599999994,459.23333333333335,2315.97,1
1763,1762.9999999999702,461.78819500000003,459.3,2488.2,1
1764,1763.9999999999702,462.027084,459.46666666666664,2560.42,1
1765,1764.9999999999702,462.23993099999996,461.6666666666667,573.26,1
1766,1765.9999999999704,462.452778,461.73333333333335,719.44,1
1767,1766.9999999999702,462.665625,462.03333333333336,632.29,1
1768,1767.9999999999702,462.878472,462.23333333333335,645.14,1
1769,1768.9999999999702,463.09131900000006,462.56666666666666,524.65,1
1770,1769.99999999997,463.304167,463.03333333333336,270.83,1
1771,1770.9999999999702,463.483333,463.06666666666666,416.67,1
1772,1771.9999999999698,463.6625,463.1666666666667,495.83,1
1773,1772.9999999999698,463.911458,463.3,611.46,1
1774,1773.9999999999698,464.160416,463.3666666666667,793.75,1
1775,1774.9999999999698,464.409375,463.6,809.37,1
1776,1775.9999999999684,464.608334,463.8666666666667,741.67,1
1777,1776.9999999999688,464.820573,464.0,820.57,1
1778,1777.9999999999686,465.03281200000004,464.03333333333336,999.48,1
1779,1778.999999999968,465.245833,464.6666666666667,579.17,1
1780,1779.9999999999677,465.50625,464.7,806.25,1
1781,1780.999999999968,465.766666,464.76666666666665,1000.0,1
1782,1781.999999999968,466.027083,464.8,1227.08,1
1783,1782.999999999968,466.2875,464.8666666666667,1420.83,1
1784,1783.9999999999677,466.547916,464.9,1647.92,1
1785,1784.9999999999675,466.808333,464.96666666666664,1841.67,1
1786,1785.9999999999677,467.03194400000007,465.03333333333336,1998.61,1
1787,1786.9999999999677,467.25555599999996,465.06666666666666,2188.89,1
1788,1787.9999999999675,467.479167,466.1666666666667,1312.5,1
1789,1788.9999999999675,467.715104,466.8333333333333,881.77,1
1790,1789.9999999999675,467.951042,467.3333333333333,617.71,1
1791,1790.9999999999677,468.18698,467.56666666666666,620.31,1
1792,1791.9999999999675,468.422917,467.6666666666667,756.25,1
1793,1792.9999999999675,468.65885499999996,467.7,958.85,1
1794,1793.9999999999673,468.894792,467.76666666666665,1128.13,1
1795,1794.9999999999673,469.078125,467.93333333333334,1144.79,1
1796,1795.9999999999668,469.261458,468.1666666666667,1094.79,1
1797,1796.9999999999668,469.5,468.2,1300.0,1
1798,1797.999999999967,469.685417,468.4,1285.42,1
1799,1798.9999999999668,469.870833,468.6,1270.83,1
1800,1799.9999999999668,470.05625,468.8,1256.25,1
1801,1800.999999999967,470.255208,468.96666666666664,1288.54,1
1802,1801.9999999999668,470.454167,469.6666666666667,787.5,1
1803,1802.9999999999668,470.653125,470.06666666666666,586.46,1
1804,1803.9999999999668,470.889583,470.1,789.58,1
1805,1804.9999999999666,471.126042,470.1666666666667,959.38,1
1806,1805.9999999999663,471.3625,470.2,1162.5,1
1807,1806.9999999999668,471.612351,470.3,1312.35,1
1808,1807.9999999999668,471.86220199999997,470.93333333333334,928.87,1
1809,1808.9999999999666,472.112054,471.3666666666667,745.39,1
1810,1809.9999999999666,472.361905,471.56666666666666,795.24,1
1811,1810.9999999999668,472.61175599999996,471.9,711.76,1
1812,1811.9999999999668,472.86160700000005,472.1,761.61,1
1813,1812.9999999999666,473.11145899999997,472.3,811.46,1
1814,1813.9999999999666,473.28161500000004,472.5,781.62,1
1815,1814.9999999999666,473.451771,472.73333333333335,718.44,1
1816,1815.9999999999668,473.62192699999997,472.93333333333334,688.59,1
1817,1816.9999999999666,473.792083,473.2,592.08,1
1818,1817.9999999999666,473.96224000000007,473.5,462.24,1
1819,1818.9999999999666,474.13239599999997,475.2,1067.6,1
1820,1819.9999999999666,474.30255199999993,475.3,997.45,1
1821,1820.9999999999668,474.472708,475.6666666666667,1193.96,1
1822,1821.9999999999668,474.642864,475.7,1057.14,1
1823,1822.9999999999668,474.81302,475.76666666666665,953.65,1
1824,1823.999999999966,474.991146,475.8,808.85,1
1825,1824.999999999966,475.23515599999996,475.8666666666667,631.51,1
1826,1825.9999999999652,475.479167,475.9,420.83,1
1827,1826.9999999999648,475.704167,475.96666666666664,262.5,1
1828,1827.9999999999645,475.96302099999997,476.0,36.98,1
1829,1828.9999999999645,476.221875,476.06666666666666,155.21,1
1830,1829.9999999999648,476.480729,476.1333333333333,347.4,1
1831,1830.9999999999648,476.739584,476.1666666666667,572.92,1
1832,1831.9999999999645,476.99843799999996,476.23333333333335,765.1,1
1833,1832.9999999999645,477.257292,476.26666666666665,990.63,1
1834,1833.9999999999643,477.47882000000004,476.3333333333333,1145.49,1
1835,1834.9999999999645,477.70034699999997,476.3666666666667,1333.68,1
1836,1835.999999999964,477.921875,477.23333333333335,688.54,1
1837,1836.9999999999643,478.16125,477.8333333333333,327.92,1
1838,1837.9999999999643,478.400625,478.0,400.62,1
1839,1838.9999999999643,478.64,478.03333333333336,606.67,1
1840,1839.9999999999645,478.879375,478.1,779.37,1
1841,1840.9999999999638,479.11875,478.3333333333333,785.42,1
1842,1841.9999999999638,479.384375,479.0,384.37,1
1843,1842.9999999999638,479.55677099999997,479.03333333333336,523.44,1
1844,1843.9999999999636,479.729167,479.1,629.17,1
1845,1844.9999999999636,479.970833,479.1666666666667,804.17,1
1846,1845.9999999999636,480.20442699999995,479.3333333333333,871.09,1
1847,1846.9999999999636,480.438021,479.6666666666667,771.35,1
1848,1847.9999999999627,480.590104,479.93333333333334,656.77,1
1849,1848.9999999999627,480.79531299999996,480.03333333333336,761.98,1
1850,1849.9999999999627,481.000521,480.1,900.52,1
1851,1850.9999999999616,481.244792,480.6666666666667,578.13,1
1852,1851.999999999962,481.496875,480.7,796.88,1
1853,1852.9999999999616,481.748958,480.76666666666665,982.29,1
1854,1853.9999999999616,482.001042,480.8,1201.04,1
1855,1854.999999999962,482.253125,480.8666666666667,1386.46,1
1856,1855.999999999962,482.505209,480.9,1605.21,1
1857,1856.9999999999616,482.757292,480.96666666666664,1790.63,1
1858,1857.9999999999616,482.995486,481.1,1895.49,1
1859,1858.9999999999613,483.23368099999993,481.26666666666665,1967.01,1
1860,1859.9999999999616,483.471875,482.76666666666665,705.21,1
1861,1860.9999999999616,483.683507,482.96666666666664,716.84,1
1862,1861.9999999999613,483.895139,483.2,695.14,1
1863,1862.9999999999613,484.106771,483.46666666666664,640.1,1
1864,1863.9999999999613,484.31840300000005,483.8333333333333,485.07,1
1865,1864.9999999999613,484.53003499999994,484.76666666666665,236.63,1
1866,1865.999999999961,484.741667,484.8666666666667,125.0,1
1867,1866.9999999999613,484.917188,485.1,182.81,1
1868,1867.999999999961,485.092708,485.2,107.29,1
1869,1868.9999999999607,485.360417,485.3,60.42,1
1870,1869.999999999961,485.54930599999994,485.5,49.31,1
1871,1870.999999999961,485.738194,485.53333333333336,204.86,1
1872,1871.9999999999607,485.927083,485.6,327.08,1
1873,1872.9999999999607,486.121528,485.6333333333333,488.19,1
1874,1873.9999999999607,486.315972,485.73333333333335,582.64,1
1875,1874.9999999999607,486.510417,486.0,510.42,1
1876,1875.9999999999607,486.75590300000005,486.06666666666666,689.24,1
1877,1876.9999999999607,487.00138899999996,486.1,901.39,1
1878,1877.9999999999604,487.246875,486.1666666666667,1080.21,1
1879,1878.9999999999604,487.45286500000003,486.23333333333335,1219.53,1
1880,1879.9999999999607,487.658854,486.7,958.85,1
1881,1880.9999999999607,487.86484400000006,487.1,764.84,1
1882,1881.9999999999607,488.070833,488.53333333333336,462.5,1
1883,1882.9999999999604,488.27682300000004,488.8333333333333,556.51,1
1884,1883.9999999999604,488.48281299999996,489.0,517.19,1
1885,1884.9999999999607,489.00173600000005,489.2,198.26,1
1886,1885.9999999999607,489.52065999999996,489.5,20.66,1
1887,1886.9999999999604,490.039583,489.7,339.58,1
1888,1887.9979166666267,490.123958,490.3666666666667,242.71,1
1889,1888.9979166666265,490.208333,490.5,291.67,1
1890,1889.9999999999598,490.292708,490.73333333333335,440.63,1
1891,1890.997916666626,490.377083,490.96666666666664,589.58,1
1892,1891.9979166666258,490.461458,491.06666666666666,605.21,1
1893,1892.9999999999588,490.545833,491.1333333333333,587.5,1
1894,1893.9999999999588,490.73776,491.1666666666667,428.91,1
1895,1894.999999999959,490.929688,491.23333333333335,303.65,1
1896,1895.9999999999588,491.083333,491.26666666666665,183.33,1
1897,1896.9999999999588,491.29375,491.3333333333333,39.58,1
1898,1897.9999999999586,491.404167,491.3666666666667,37.5,1
1899,1898.9999999999584,491.586458,491.43333333333334,153.12,1
1900,1899.9999999999584,491.784375,491.46666666666664,317.71,1
1901,1900.9999999999575,491.958333,491.53333333333336,425.0,1
1902,1901.9999999999575,492.120833,491.6333333333333,487.5,1
1903,1902.9999999999575,492.311805,491.73333333333335,578.47,1
1904,1903.9999999999575,492.50277800000003,491.93333333333334,569.44,1
1905,1904.9999999999575,492.69375,492.1,593.75,1
1906,1905.999999999957,492.929167,492.1333333333333,795.83,1
1907,1906.999999999957,493.090625,492.73333333333335,357.29,1
1908,1907.9999999999568,493.25156200000004,492.76666666666665,484.9,1
1909,1908.9999999999568,493.45,492.9,550.0,1
1910,1909.9999999999568,493.664583,493.06666666666666,597.92,1
1911,1910.9999999999566,493.84375,493.43333333333334,410.42,1
1912,1911.9999999999566,494.009375,493.6,409.37,1
1913,1912.9999999999563,494.194792,493.73333333333335,461.46,1
1914,1913.999999999956,494.382813,493.8,582.81,1
1915,1914.9999999999561,494.613542,493.9,713.54,1
1916,1915.999999999956,494.796875,494.06666666666666,730.21,1
1917,1916.999999999956,495.059375,494.4,659.38,1
1918,1917.999999999956,495.24036399999994,494.76666666666665,473.7,1
1919,1918.999999999956,495.421354,494.93333333333334,488.02,1
1920,1919.9999999999561,495.608855,495.03333333333336,575.52,1
1921,1920.9999999999557,495.807292,495.26666666666665,540.63,1
1922,1921.9999999999557,495.919792,495.4,519.79,1
1923,1922.9999999999554,496.127083,495.6,527.08,1
1924,1923.9999999999552,496.29375,495.8,493.75,1
1925,1924.9999999999552,496.473958,495.96666666666664,507.29,1
1926,1925.9999999999543,496.629167,496.1,529.17,1
1927,1926.9999999999548,496.79930599999994,496.26666666666665,532.64,1
1928,1927.9999999999548,496.969445,496.46666666666664,502.78,1
1929,1928.9999999999543,497.139584,496.6666666666667,472.92,1
1930,1929.9999999999543,497.410417,496.7,710.42,1
1931,1930.9999999999538,497.603125,497.1333333333333,469.79,1
1932,1931.9999999999538,497.742708,497.26666666666665,476.04,1
1933,1932.9999999999538,497.901042,497.3666666666667,534.38,1
1934,1933.9999999999536,498.077083,497.6333333333333,443.75,1
1935,1934.9999999999538,498.26770899999997,497.7,567.71,1
1936,1935.9999999999534,498.415625,497.93333333333334,482.29,1
1937,1936.9999999999534,498.592708,498.1333333333333,459.37,1
1938,1937.9999999999532,498.83802099999997,498.1666666666667,671.35,1
1939,1938.9999999999532,499.102083,498.46666666666664,635.42,1
1940,1939.9999999999534,499.333333,498.6333333333333,700.0,1
1941,1940.9999999999532,499.809375,498.8333333333333,976.04,1
1942,1941.999999999952,500.109375,499.06666666666666,1042.71,1
1943,1942.9999999999516,500.31875,499.2,1118.75,1
1944,1943.9999999999516,500.484375,499.46666666666664,1017.71,1
1945,1944.9999999999516,500.741667,499.9,841.67,1
1946,1945.9999999999516,500.911458,500.1,811.46,1
1947,1946.9999999999513,501.270833,500.6333333333333,637.5,1
1948,1947.9999999999511,501.427083,500.73333333333335,693.75,1
1949,1948.9999999999513,501.6125,500.96666666666664,645.83,1
1950,1949.9999999999516,501.917708,501.1,817.71,1
1951,1950.9999999999511,502.14375,501.1333333333333,1010.42,1
1952,1951.9999999999513,502.31406200000004,501.3,1014.06,1
1953,1952.9999999999518,502.484375,501.9,584.38,1
1954,1953.9999999999513,502.665625,502.1,565.62,1
1955,1954.9999999999518,502.855208,502.23333333333335,621.87,1
1956,1955.9999999999511,503.105729,502.8666666666667,239.06,1
1957,1956.9999999999511,503.334896,502.93333333333334,401.56,1
1958,1957.9999999999513,503.514583,502.96666666666664,547.92,1
1959,1958.9999999999507,503.819792,503.03333333333336,786.46,1
1960,1959.9999999999507,503.985417,503.4,585.42,1
1961,1960.9999999999513,504.190625,503.5,690.63,1
1962,1961.9999999999507,504.50572900000003,503.76666666666665,739.06,1
1963,1962.9999999999513,504.728125,504.0,728.12,1
1964,1963.9999999999502,504.914583,504.1333333333333,781.25,1
1965,1964.9999999999502,505.35647,504.46666666666664,889.8,1
1966,1965.9999999999507,505.641667,504.76666666666665,875.0,1
1967,1966.99999999995,505.85306399999996,504.9,953.06,1
1968,1967.9999999999502,506.0,505.2,800.0,1
1969,1968.9999999999507,506.23585499999996,505.3666666666667,869.19,1
1970,1969.9999999999498,506.42207699999994,505.8,622.08,1
1971,1970.9999999999498,506.722917,505.8666666666667,856.25,1
1972,1971.999999999949,506.954167,506.5,454.17,1
1973,1972.9999999999495,507.13125,506.6333333333333,497.92,1
1974,1973.9999999999495,507.357292,506.6666666666667,690.63,1
1975,1974.9999999999493,507.567708,506.73333333333335,834.37,1
1976,1975.9999999999495,507.732292,507.1,632.29,1
1977,1976.9999999999498,507.979688,507.3666666666667,613.02,1
1978,1977.9999999999493,508.194271,507.56666666666666,627.6,1
1979,1978.9999999999495,508.3875,507.6333333333333,754.17,1
1980,1979.9999999999486,508.624479,507.96666666666664,657.81,1
1981,1980.9999999999488,508.901042,508.1666666666667,734.38,1
1982,1981.9999999999495,509.09375,508.3666666666667,727.08,1
1983,1982.9999999999486,509.417708,508.6333333333333,784.37,1
1984,1983.9999999999488,509.651042,508.8666666666667,784.38,1
1985,1984.999999999949,509.883073,509.06666666666666,816.41,1
1986,1985.9999999999486,510.11510400000003,509.4,715.1,1
1987,1986.9999999999488,510.365625,509.46666666666664,898.96,1
1988,1987.9999999999493,510.577604,509.8666666666667,710.94,1
1989,1988.9999999999486,510.93906200000004,510.06666666666666,872.4,1
1990,1989.999999999949,511.197917,510.3333333333333,864.58,1
1991,1990.9999999999486,511.422917,510.46666666666664,956.25,1
1992,1991.9999999999486,511.59375,510.8,793.75,1
1993,1992.9999999999486,511.81406200000004,511.1666666666667,647.4,1
1994,1993.9999999999484,512.072917,511.43333333333334,639.58,1
1995,1994.9999999999484,512.3166669999999,511.6333333333333,683.33,1
1996,1995.9999999999488,512.498958,511.8,698.96,1
1997,1996.9999999999484,512.719792,512.0666666666667,653.13,1
1998,1997.9999999999486,512.933854,512.2,733.85,1
1999,1998.9999999999482,513.11875,512.5,618.75,1
2000,1999.9999999999484,513.31875,512.7,618.75,1
2001,2000.9999999999484,513.571354,512.9,671.35,1
2002,2001.9999999999482,513.771875,513.1666666666666,605.21,1
2003,2002.9999999999484,513.973958,513.7666666666667,207.29,1
2004,2003.9999999999486,514.202604,513.8333333333334,369.27,1
2005,2004.9999999999482,514.4125,513.8666666666667,545.83,1
2006,2005.9999999999484,514.6291669999999,513.9333333333333,695.83,1
2007,2006.9999999999477,514.975,514.0333333333333,941.67,1
2008,2007.999999999948,515.219792,514.3666666666667,853.13,1
2009,2008.9999999999486,515.425,514.6333333333333,791.67,1
2010,2009.9999999999477,515.5895830000001,514.7666666666667,822.92,1
2011,2010.999999999948,515.80625,515.3333333333334,472.92,1
2012,2011.9999999999484,515.992708,515.5,492.71,1
2013,2012.9999999999477,516.247396,515.5666666666667,680.73,1
2014,2013.9999999999482,516.421875,515.8666666666667,555.21,1
2015,2014.9999999999475,516.645833,515.9666666666667,679.17,1
2016,2015.9999999999477,516.846875,516.6,246.87,1
2017,2016.9999999999482,517.126042,516.8333333333334,292.71,1
2018,2017.9999999999475,517.327605,516.9,427.6,1
2019,2018.9999999999475,517.629688,517.0333333333333,596.35,1
2020,2019.9999999999477,517.934375,517.1,834.38,1
2021,2020.9999999999475,518.14375,517.2666666666667,877.08,1
2022,2021.9999999999475,518.391146,517.6,791.15,1
2023,2022.9999999999477,518.647396,517.8666666666667,780.73,1
2024,2023.999999999947,518.849479,518.3,549.48,1
2025,2024.9999999999475,519.096875,518.3666666666667,730.21,1
2026,2025.9999999999468,519.344791,518.6,744.79,1
2027,2026.9999999999468,519.526042,518.8333333333334,692.71,1
2028,2027.9999999999475,519.800521,519.0,800.52,1
2029,2028.999999999946,520.073437,519.3,773.44,1
2030,2029.9999999999463,520.288542,519.5,788.54,1
2031,2030.9999999999457,520.559896,519.5666666666667,993.23,1
2032,2031.999999999946,520.888542,520.1,788.54,1
2033,2032.9999999999463,521.083333,520.5666666666667,516.67,1
2034,2033.9999999999459,521.279167,520.6333333333333,645.83,1
2035,2034.999999999946,521.49375,520.7,793.75,1
2036,2035.9999999999466,521.738541,521.1333333333333,605.21,1
2037,2036.9999999999459,522.394791,521.2666666666667,1128.12,1
2038,2037.999999999946,522.713542,521.4666666666667,1246.88,1
2039,2038.999999999946,522.938541,521.6666666666666,1271.87,1
2040,2039.9999999999459,523.196354,522.1333333333333,1063.02,1
2041,2040.999999999946,523.51875,522.7,818.75,1
2042,2041.9999999999459,523.6625,522.9333333333333,729.17,1
2043,2042.9999999999457,524.005208,523.0333333333333,971.87,1
2044,2043.999999999946,524.185417,523.1333333333333,1052.08,1
2045,2044.9999999999457,524.390625,523.5333333333333,857.29,1
2046,2045.9999999999457,524.663542,523.8666666666667,796.88,1
2047,2046.9999999999457,524.864583,523.9666666666667,897.92,1
2048,2047.9999999999457,525.040625,524.4333333333333,607.29,1
2049,2048.999999999946,525.279167,524.6666666666666,612.5,1
2050,2049.9999999999454,525.4625,524.7,762.5,1
2051,2050.9999999999454,525.7385419999999,525.0333333333333,705.21,1
2052,2051.999999999946,526.002083,525.3,702.08,1
2053,2052.999999999945,526.192708,525.4666666666667,726.04,1
2054,2053.999999999945,526.397917,525.5666666666667,831.25,1
2055,2054.999999999946,526.745834,525.6333333333333,1112.5,1
2056,2055.999999999945,527.0114580000001,525.6666666666666,1344.79,1
2057,2056.999999999946,527.189583,526.0666666666667,1122.92,1
2058,2057.9999999999454,527.395833,526.7666666666667,629.17,1
2059,2058.999999999945,527.590625,526.9333333333333,657.29,1
2060,2059.9999999999454,527.8010419999999,527.4333333333333,367.71,1
2061,2060.9999999999445,528.059375,527.6666666666666,392.71,1
2062,2061.999999999945,528.203125,527.8,403.13,1
2063,2062.9999999999454,528.4,527.8333333333334,566.67,1
2064,2063.9999999999445,528.694271,527.9,794.27,1
2065,2064.9999999999454,529.017708,527.9666666666667,1051.04,1
2066,2065.9999999999445,529.1916669999999,528.3666666666667,825.0,1
2067,2066.9999999999445,529.455208,528.6,855.21,1
2068,2067.9999999999445,529.717708,529.0,717.71,1
2069,2068.9999999999445,529.927083,529.1666666666666,760.42,1
2070,2069.9999999999445,530.202083,529.4333333333333,768.75,1
2071,2070.9999999999445,530.439584,529.5333333333333,906.25,1
2072,2071.999999999944,530.61875,529.9666666666667,652.08,1
2073,2072.999999999944,530.86875,530.1666666666666,702.08,1
2074,2073.9999999999445,531.0875,530.4,687.5,1
2075,2074.999999999944,531.313541,530.5666666666667,746.87,1
2076,2075.999999999944,531.566146,530.8666666666667,699.48,1
2077,2076.999999999944,531.744792,531.0666666666667,678.13,1
2078,2077.999999999944,531.927604,531.2666666666667,660.94,1
2079,2078.9999999999445,532.110417,531.5333333333333,577.08,1
2080,2079.999999999944,532.338542,531.7333333333333,605.21,1
2081,2080.999999999944,532.509375,532.0666666666667,442.71,1
2082,2081.9999999999445,532.756771,532.1,656.77,1
2083,2082.999999999944,532.955729,532.5333333333333,422.4,1
2084,2083.9999999999445,533.142708,532.6,542.71,1
2085,2084.9999999999436,533.334375,532.6666666666666,667.71,1
2086,2085.9999999999436,533.5197919999999,532.8,719.79,1
2087,2086.999999999944,533.70625,533.1,606.25,1
2088,2087.9999999999436,534.03125,533.1666666666666,864.58,1
2089,2088.9999999999436,534.359375,533.2666666666667,1092.71,1
2090,2089.999999999944,534.5125,533.6666666666666,845.83,1
2091,2090.9999999999436,534.665625,533.7333333333333,932.29,1
2092,2091.999999999944,534.89375,534.0333333333333,860.42,1
2093,2092.9999999999436,535.0114580000001,534.3666666666667,644.79,1
2094,2093.9999999999436,535.248959,534.9,348.96,1
2095,2094.9999999999436,535.449479,535.0666666666667,382.81,1
2096,2095.999999999943,535.614583,535.2666666666667,347.92,1
2097,2096.999999999943,535.819792,535.3,519.79,1
2098,2097.9999999999436,536.030208,535.4,630.21,1
2099,2098.999999999943,536.172395,535.6,572.4,1
2100,2099.9999999999436,536.413542,535.6666666666666,746.88,1
2101,2100.999999999943,536.602083,535.7666666666667,835.42,1
2102,2101.999999999943,536.802083,536.2,602.08,1
2103,2102.999999999944,537.0354169999999,536.3666666666667,668.75,1
2104,2103.999999999943,537.189583,536.4333333333333,756.25,1
2105,2104.999999999943,537.411458,536.7666666666667,644.79,1
2106,2105.9999999999436,537.636979,536.8333333333334,803.65,1
2107,2106.999999999943,537.838542,536.9333333333333,905.21,1
2108,2107.9999999999436,538.015625,537.4666666666667,548.96,1
2109,2108.9999999999436,538.233333,537.6,633.33,1
2110,2109.999999999943,538.432292,537.7666666666667,665.63,1
2111,2110.999999999944,538.61875,538.1666666666666,452.08,1
2112,2111.999999999943,538.85625,538.2,656.25,1
2113,2112.999999999943,539.054167,538.4333333333333,620.83,1
2114,2113.9999999999436,539.273958,538.6,673.96,1
2115,2114.999999999943,539.538542,538.8666666666667,671.88,1
2116,2115.999999999943,539.844792,539.2,644.79,1
2117,2116.9999999999427,540.069271,539.3666666666667,702.6,1
2118,2117.999999999943,540.364583,539.4333333333333,931.25,1
2119,2118.9999999999436,540.6447919999999,539.8333333333334,811.46,1
2120,2119.999999999943,540.913542,540.0666666666667,846.88,1
2121,2120.999999999943,541.233333,540.3,933.33,1
2122,2121.999999999943,541.430729,540.6333333333333,797.4,1
2123,2122.9999999999427,541.628125,540.8666666666667,761.46,1
2124,2123.999999999943,541.828646,541.1666666666666,661.98,1
2125,2124.999999999943,542.003125,541.2333333333333,769.79,1
2126,2125.9999999999422,542.205208,541.3333333333334,871.87,1
2127,2126.9999999999422,542.391667,542.0,391.67,1
2128,2127.9999999999422,542.574479,542.0333333333333,541.15,1
2129,2128.999999999942,542.757292,542.1666666666666,590.63,1
2130,2129.9999999999427,542.974479,542.3,674.48,1
2131,2130.9999999999413,543.142708,542.8333333333334,309.37,1
2132,2131.999999999941,543.320833,543.0,320.83,1
2133,2132.999999999941,543.5270830000001,543.1,427.08,1
2134,2133.999999999941,543.720313,543.1666666666666,553.65,1
2135,2134.999999999941,543.913542,543.3333333333334,580.21,1
2136,2135.9999999999404,544.117708,543.5,617.71,1
2137,2136.99999999994,544.30625,543.7333333333333,572.92,1
2138,2137.99999999994,544.497917,544.0666666666667,431.25,1
2139,2138.999999999939,544.6604169999999,544.1333333333333,527.08,1
2140,2139.99999999994,544.834375,544.3,534.38,1
2141,2140.9999999999395,545.008333,544.4666666666667,541.67,1
2142,2141.999999999939,545.227083,544.6333333333333,593.75,1
2143,2142.999999999939,545.403125,545.0333333333333,369.79,1
2144,2143.999999999939,545.596875,545.1666666666666,430.21,1
2145,2144.9999999999377,545.938542,545.3,638.54,1
2146,2145.9999999999377,546.219792,545.3666666666667,853.13,1
2147,2146.9999999999372,546.413542,545.6,813.54,1
2148,2147.999999999937,546.595833,545.8,795.83,1
2149,2148.9999999999363,546.797917,546.2333333333333,564.58,1
2150,2149.999999999936,547.0,546.4333333333333,566.67,1
2151,2150.999999999936,547.175,546.6333333333333,541.67,1
2152,2151.999999999935,547.346875,546.7,646.87,1
2153,2152.999999999935,547.525,547.2,325.0,1
2154,2153.999999999935,547.732292,547.2333333333333,498.96,1
2155,2154.9999999999354,547.903646,547.4,503.65,1
2156,2155.999999999935,548.075,547.5333333333333,541.67,1
2157,2156.9999999999354,548.354167,547.7333333333333,620.83,1
2158,2157.999999999934,548.6,547.7666666666667,833.33,1
2159,2158.999999999934,548.786458,547.8333333333334,953.12,1
2160,2159.999999999934,548.967708,548.2666666666667,701.04,1
2161,2160.999999999933,549.155208,548.6,555.21,1
2162,2161.999999999933,549.338542,548.7666666666667,571.88,1
2163,2162.9999999999322,549.5041669999999,548.9666666666667,537.5,1
2164,2163.999999999932,549.701563,549.1333333333333,568.23,1
2165,2164.999999999932,549.859375,549.4666666666667,392.71,1
2166,2165.9999999999313,550.033333,549.6,433.33,1
2167,2166.9999999999327,550.21875,549.7666666666667,452.08,1
2168,2167.999999999931,550.404167,550.0666666666667,337.5,1
2169,2168.9999999999313,550.621875,550.1,521.88,1
2170,2169.9999999999313,550.851042,550.2666666666667,584.38,1
2171,2170.9999999999304,551.026042,550.4,626.04,1
2172,2171.9999999999304,551.199479,550.4666666666667,732.81,1
2173,2172.9999999999304,551.4177080000001,550.6,817.71,1
2174,2173.99999999993,551.619792,551.0666666666667,553.13,1
2175,2174.9999999999295,551.780208,551.2333333333333,546.87,1
2176,2175.9999999999295,551.9958330000001,551.3,695.83,1
2177,2176.999999999929,552.188542,551.6333333333333,555.21,1
2178,2177.999999999929,552.35,551.7666666666667,583.33,1
2179,2178.999999999929,552.577083,551.9666666666667,610.42,1
2180,2179.999999999928,552.741667,552.1,641.67,1
2181,2180.999999999928,552.900521,552.4,500.52,1
2182,2181.9999999999277,553.127083,552.5666666666667,560.42,1
2183,2182.9999999999272,553.296875,552.6666666666666,630.21,1
2184,2183.9999999999272,553.468229,552.8333333333334,634.9,1
2185,2184.999999999927,553.7125,553.0,712.5,1
2186,2185.999999999927,553.866667,553.3333333333334,533.33,1
2187,2186.9999999999254,554.039583,553.4333333333333,606.25,1
2188,2187.999999999926,554.272917,553.6,672.92,1
2189,2188.999999999926,554.479167,553.8666666666667,612.5,1
2190,2189.999999999925,554.652604,554.1,552.6,1
2191,2190.999999999925,554.928125,554.2,728.12,1
2192,2191.999999999925,555.107292,554.4333333333333,673.96,1
2193,2192.9999999999245,555.470833,554.6333333333333,837.5,1
2194,2193.999999999925,555.722916,554.9333333333333,789.58,1
2195,2194.9999999999245,555.975,555.1,875.0,1
2196,2195.9999999999145,556.098438,555.4333333333333,665.1,1
2197,2196.999999999915,556.242969,555.6666666666666,576.3,1
2198,2197.9999999999145,556.3875,555.8333333333334,554.17,1
2199,2198.9999999999145,556.510937,556.1,410.94,1
2200,2199.9999999999145,556.655469,556.3,355.47,1
2201,2200.9999999999145,556.8,556.4333333333333,366.67,1
2202,2201.9999999999145,556.90625,556.5666666666667,339.58,1
2203,2202.9999999999145,557.029514,556.7333333333333,296.18,1
2204,2203.9999999999145,557.152778,556.8666666666667,286.11,1
2205,2204.9999999999145,557.276042,556.9333333333333,342.71,1
2206,2205.999999999915,557.484375,557.1333333333333,351.04,1
2207,2206.9999999999145,557.692709,557.1666666666666,526.04,1
2208,2207.9999999999145,557.901042,557.2,701.04,1
2209,2208.999999999915,558.126432,557.3333333333334,793.1,1
2210,2209.999999999915,558.3518230000001,557.4,951.82,1
2211,2210.999999999915,558.577213,557.9,677.21,1
2212,2211.999999999915,558.802604,558.1666666666666,635.94,1
2213,2212.999999999914,559.126563,558.9,226.56,1
2214,2213.999999999914,559.332813,559.0333333333333,299.48,1
2215,2214.999999999914,559.509375,559.0666666666667,442.71,1
2216,2215.999999999914,559.658333,559.1,558.33,1
2217,2216.999999999913,559.802083,559.3333333333334,468.75,1
2218,2217.9999999999127,559.995312,559.5,495.31,1
2219,2218.999999999913,560.188541,559.7333333333333,455.21,1
2220,2219.999999999913,560.330208,559.8,530.21,1
2221,2220.9999999999127,560.469531,560.0333333333333,436.2,1
2222,2221.9999999999127,560.608855,560.2,408.85,1
2223,2222.999999999913,560.746875,560.3666666666667,380.21,1
2224,2223.9999999999127,560.892708,560.5333333333333,359.37,1
2225,2224.9999999999127,561.038542,560.6666666666666,371.88,1
2226,2225.9999999999127,561.159375,560.7666666666667,392.71,1
2227,2226.9999999999127,561.282292,560.8,482.29,1
2228,2227.9999999999127,561.405208,561.0666666666667,338.54,1
2229,2228.9999999999127,561.528125,561.2,328.12,1
2230,2229.999999999913,561.717882,561.6,117.88,1
2231,2230.999999999913,561.907639,561.8,107.64,1
2232,2231.999999999913,562.097396,561.8333333333334,264.06,1
2233,2232.999999999913,562.337761,562.1666666666666,171.09,1
2234,2233.999999999914,562.578125,562.4333333333333,144.79,1
2235,2234.999999999913,562.818489,562.5,318.49,1
2236,2235.999999999913,563.058854,562.8666666666667,192.19,1
2237,2236.9999999999127,563.359896,563.8333333333334,473.44,1
2238,2237.9999999999127,563.556771,563.8666666666667,309.9,1
2239,2238.999999999912,563.6989580000001,563.9,201.04,1
2240,2239.999999999912,563.842708,563.9333333333333,90.63,1
2241,2240.999999999912,564.028646,564.0,28.65,1
2242,2241.9999999999063,564.2072919999999,564.0333333333333,173.96,1
2243,2242.9999999999063,564.385937,564.1666666666666,219.27,1
2244,2243.9999999999063,564.530209,564.3666666666667,163.54,1
2245,2244.9999999999063,564.691146,564.4,291.15,1
2246,2245.9999999999063,564.852083,564.4333333333333,418.75,1
2247,2246.9999999999063,564.9958330000001,564.5333333333333,462.5,1
2248,2247.9999999999063,565.140104,564.8,340.1,1
2249,2248.9999999999063,565.284375,564.8666666666667,417.71,1
2250,2249.999999999906,565.4125,565.0,412.5,1
2251,2250.9999999999063,565.555208,565.2,355.21,1
2252,2251.9999999999063,565.697917,565.2666666666667,431.25,1
2253,2252.999999999906,565.81875,565.4,418.75,1
2254,2253.9999999999063,565.95625,565.6666666666666,289.58,1
2255,2254.9999999999063,566.09375,565.7333333333333,360.42,1
2256,2255.999999999906,566.223438,565.8333333333334,390.1,1
2257,2256.9999999999063,566.3552080000001,566.1,255.21,1
2258,2257.999999999906,566.486979,566.1333333333333,353.65,1
2259,2258.999999999906,566.6135419999999,566.2,413.54,1
2260,2259.999999999906,566.745052,566.2666666666667,478.39,1
2261,2260.999999999906,566.876563,566.4,476.56,1
2262,2261.999999999906,567.015625,566.6,415.62,1
2263,2262.9999999999063,567.1559900000001,566.8333333333334,322.66,1
2264,2263.999999999906,567.296355,566.8666666666667,429.69,1
2265,2264.999999999906,567.6052080000001,566.9666666666667,638.54,1
2266,2265.999999999906,567.797916,567.0,797.92,1
2267,2266.999999999905,567.942708,567.2666666666667,676.04,1
2268,2267.9999999999045,568.092709,567.6333333333333,459.38,1
2269,2268.9999999999045,568.248958,567.8666666666667,382.29,1
2270,2269.9999999999036,568.3947919999999,568.1,294.79,1
2271,2270.9999999999036,568.54375,568.2,343.75,1
2272,2271.999999999903,568.692188,568.5333333333333,158.85,1
2273,2272.9999999999022,568.827604,568.5666666666667,260.94,1
2274,2273.9999999999027,568.990625,568.9,90.63,1
2275,2274.9999999999022,569.146875,569.0666666666667,80.21,1
2276,2275.9999999999022,569.303125,569.1,203.12,1
2277,2276.9999999999022,569.56875,569.1333333333333,435.42,1
2278,2277.9999999999022,569.764583,569.2,564.58,1
2279,2278.9999999999013,569.9,569.3,600.0,1
2280,2279.9999999999004,570.048958,569.4,648.96,1
2281,2280.9999999999004,570.21875,569.8,418.75,1
2282,2281.9999999999,570.3552080000001,569.9666666666667,388.54,1
2283,2282.999999999899,570.498958,570.0333333333333,465.62,1
2284,2283.9999999998986,570.640104,570.2,440.1,1
2285,2284.999999999898,570.766666,570.4,366.67,1
2286,2285.999999999898,570.959375,570.6333333333333,326.04,1
2287,2286.9999999998986,571.115104,570.6666666666666,448.44,1
2288,2287.999999999898,571.270833,570.8666666666667,404.17,1
2289,2288.999999999898,571.435417,571.0,435.42,1
2290,2289.999999999898,571.5739580000001,571.0333333333333,540.62,1
2291,2290.9999999998986,571.704167,571.2666666666667,437.5,1
2292,2291.999999999898,571.848438,571.3,548.44,1
2293,2292.999999999892,571.958854,571.6,358.85,1
2294,2293.999999999892,572.117708,571.8,317.71,1
2295,2294.9999999998927,572.248958,571.8666666666667,382.29,1
2296,2295.9999999998918,572.382292,571.9,482.29,1
2297,2296.999999999892,572.501042,572.1,401.04,1
2298,2297.999999999892,572.633854,572.2333333333333,400.52,1
2299,2298.999999999892,572.766146,572.4666666666667,299.48,1
2300,2299.9999999998918,572.90625,572.6,306.25,1
2301,2300.9999999998918,573.03125,572.7,331.25,1
2302,2301.9999999998913,573.155208,572.7333333333333,421.87,1
2303,2302.9999999998913,573.2770830000001,572.8666666666667,410.42,1
2304,2303.9999999998913,573.4375,572.9666666666667,470.83,1
2305,2304.9999999998913,573.572396,573.2333333333333,339.06,1
2306,2305.9999999998913,573.708333,573.6333333333333,75.0,1
2307,2306.999999999891,573.844792,573.7666666666667,78.13,1
2308,2307.999999999891,573.978125,573.8,178.13,1
2309,2308.999999999891,574.111458,573.8666666666667,244.79,1
2310,2309.999999999891,574.228646,573.9,328.65,1
2311,2310.999999999891,574.364583,574.0,364.58,1
2312,2311.9999999998913,574.488541,574.0666666666667,421.87,1
2313,2312.9999999998913,574.607292,574.2,407.29,1
2314,2313.9999999998913,574.7541669999999,574.3333333333334,420.83,1
2315,2314.9999999998913,574.901042,574.4666666666667,434.38,1
2316,2315.999999999891,575.047917,574.6,447.92,1
2317,2316.999999999891,575.206597,574.8,406.6,1
2318,2317.999999999891,575.365278,574.9333333333333,431.94,1
2319,2318.999999999891,575.523958,575.0666666666667,457.29,1
2320,2319.9999999998913,575.691319,575.2333333333333,457.99,1
2321,2320.9999999998927,575.8586809999999,575.6333333333333,225.35,1
2322,2321.9999999998913,576.026042,575.6666666666666,359.38,1
2323,2322.9999999998913,576.212847,575.7666666666667,446.18,1
2324,2323.9999999998927,576.3996530000001,575.9666666666667,432.99,1
2325,2324.9999999998913,576.586458,576.0666666666667,519.79,1
2326,2325.9999999998918,576.7539929999999,576.2333333333333,520.66,1
2327,2326.9999999998913,576.9215280000001,576.2666666666667,654.86,1
2328,2327.9999999998913,577.089062,576.6333333333333,455.73,1
2329,2328.999999999891,577.2565969999999,576.8333333333334,423.26,1
2330,2329.9999999998913,577.424132,577.0333333333333,390.8,1
2331,2330.99999999989,577.591667,577.7333333333333,141.67,1
2332,2331.999999999891,577.7265629999999,577.7666666666667,40.1,1
2333,2332.9999999998913,577.861459,577.8,61.46,1
2334,2333.999999999891,577.996354,577.8333333333334,163.02,1
2335,2334.999999999891,578.13125,577.8666666666667,264.58,1
2336,2335.9999999998913,578.266146,577.9,366.15,1
2337,2336.999999999891,578.401042,577.9333333333333,467.71,1
