beat_idx,gt_beat,gt_time_s,pred_time_s,err_ms,ok
0,0.0,0.9433600000000001,0.0,943.36,1
1,1.0000000000000002,1.182943,0.0,1182.94,1
2,2.0000000000000004,1.422527,0.03333333333333333,1389.19,1
3,3.000000000000001,1.626953,0.06666666666666667,1560.29,1
4,4.000000000000001,1.853841,0.1,1753.84,1
5,5.000000000000001,2.0807290000000003,0.1,1980.73,1
6,6.000000000000001,2.267578,0.13333333333333333,2134.24,1
7,7.0,2.465386,0.13333333333333333,2332.05,1
8,8.000000000000002,2.663194,0.16666666666666666,2496.53,1
9,9.000000000000002,2.8610029999999997,0.2,2661.0,1
10,10.000000000000002,3.058811,0.2,2858.81,1
11,11.000000000000004,3.2566189999999997,0.23333333333333334,3023.29,1
12,12.000000000000004,3.4544269999999995,0.26666666666666666,3187.76,1
13,13.000000000000004,3.671007,0.26666666666666666,3404.34,1
14,14.000000000000002,3.8875870000000003,0.3,3587.59,1
15,15.000000000000002,4.1041669999999995,0.3,3804.17,1
16,16.000000000000004,4.312283,0.3333333333333333,3978.95,1
17,17.000000000000004,4.5204,0.9,3620.4,1
18,18.000000000000004,4.728516,0.9,3828.52,1
19,19.0,4.936632,0.9333333333333333,4003.3,1
20,20.0,5.144749,0.9666666666666667,4178.08,1
21,21.000000000000004,5.352865,0.9666666666666667,4386.2,1
22,22.000000000000004,5.514323,1.0,4514.32,1
23,23.000000000000007,5.675781,1.0,4675.78,1
24,24.000000000000018,5.9166669999999995,1.0333333333333334,4883.33,1
25,25.000000000000007,6.158203,1.0666666666666667,5091.54,1
26,26.000000000000007,6.399739,1.0666666666666667,5333.07,1
27,27.000000000000014,6.582031,1.1,5482.03,1
28,28.00000000000001,6.797851,1.1333333333333333,5664.52,1
29,29.000000000000025,7.013672,1.1333333333333333,5880.34,1
30,30.000000000000018,7.204427000000001,1.1666666666666667,6037.76,1
31,31.000000000000018,7.400174000000001,1.1666666666666667,6233.51,1
32,32.00000000000002,7.59592,1.2,6395.92,1
33,33.00000000000002,7.7916669999999995,1.2333333333333334,6558.33,1
34,34.00000000000002,7.987413,1.2333333333333334,6754.08,1
35,35.00000000000002,8.18316,1.5333333333333334,6649.83,1
36,36.00000000000002,8.378906,1.5333333333333334,6845.57,1
37,37.00000000000002,8.583984,1.5666666666666667,7017.32,1
38,38.00000000000002,8.789062,2.2333333333333334,6555.73,1
39,39.000000000000036,8.994141,2.2333333333333334,6760.81,1
40,40.00000000000002,9.20128,3.2666666666666666,5934.61,1
41,41.00000000000002,9.40842,3.3,6108.42,1
42,42.00000000000002,9.61556,3.3,6315.56,1
43,43.00000000000002,9.8227,3.3333333333333335,6489.37,1
44,44.00000000000003,10.029838999999999,3.3333333333333335,6696.51,1
45,45.00000000000003,10.236979,3.3666666666666667,6870.31,1
46,46.00000000000002,10.41569,3.4,7015.69,1
47,47.000000000000036,10.594401,3.4,7194.4,1
48,48.000000000000036,10.795573,6.533333333333333,4262.24,1
49,49.000000000000036,10.96658,6.533333333333333,4433.25,1
50,50.000000000000036,11.137587,7.0,4137.59,1
51,51.000000000000036,11.308594,7.033333333333333,4275.26,1
52,52.000000000000036,11.470486,7.033333333333333,4437.15,1
53,53.00000000000003,11.632379,7.066666666666666,4565.71,1
54,54.000000000000036,11.794271,7.066666666666666,4727.6,1
55,55.00000000000003,11.978299,7.1,4878.3,1
56,56.00000000000002,12.162326,7.133333333333334,5028.99,1
57,57.00000000000003,12.346354,7.333333333333333,5013.02,1
58,58.00000000000003,12.574219,8.366666666666667,4207.55,1
59,59.00000000000003,12.802083,8.566666666666666,4235.42,1
60,60.00000000000003,13.029948,12.766666666666667,263.28,1
61,61.00000000000002,13.257812,16.6,3342.19,1
62,62.00000000000003,13.485676999999999,16.666666666666668,3180.99,1
63,63.00000000000003,13.713541000000001,16.7,2986.46,1
64,64.00000000000003,13.941406,16.7,2758.59,1
65,65.00000000000003,14.163607,16.733333333333334,2569.73,1
66,66.00000000000003,14.385807000000002,16.933333333333334,2547.53,1
67,67.00000000000003,14.608007999999998,17.133333333333333,2525.33,1
68,68.00000000000003,14.830207999999999,17.333333333333332,2503.13,1
69,69.00000000000003,15.052408999999999,17.533333333333335,2480.92,1
70,70.00000000000003,15.274609,17.533333333333335,2258.72,1
71,71.00000000000003,15.49681,17.566666666666666,2069.86,1
72,72.00000000000003,15.71901,17.566666666666666,1847.66,1
73,73.00000000000003,15.941211,17.6,1658.79,1
74,74.00000000000003,16.163412,17.633333333333333,1469.92,1
75,75.00000000000004,16.330729,17.633333333333333,1302.6,1
76,76.00000000000003,16.601563,17.666666666666668,1065.1,1
77,77.00000000000003,16.872396,17.7,827.6,1
78,78.00000000000003,17.044271,17.7,655.73,1
79,79.00000000000004,17.241971,17.733333333333334,491.36,1
80,80.00000000000003,17.43967,17.733333333333334,293.66,1
81,81.00000000000003,17.63737,17.866666666666667,229.3,1
82,82.00000000000003,17.83507,17.866666666666667,31.6,1
83,83.00000000000004,18.032769000000002,17.9,132.77,1
84,84.00000000000003,18.230469,17.966666666666665,263.8,1
85,85.00000000000004,18.439019000000002,17.966666666666665,472.35,1
86,86.00000000000004,18.64757,18.1,547.57,1
87,87.00000000000006,18.85612,18.233333333333334,622.79,1
88,88.00000000000004,19.038672000000002,18.3,738.67,1
89,89.00000000000004,19.221224,18.633333333333333,587.89,1
90,90.00000000000004,19.403776,18.733333333333334,670.44,1
91,91.00000000000004,19.586327999999998,18.766666666666666,819.66,1
92,92.00000000000006,19.76888,18.8,968.88,1
93,93.00000000000007,19.996094,19.7,296.09,1
94,94.00000000000006,20.156901,19.7,456.9,1
95,95.00000000000007,20.317708,20.333333333333332,15.63,1
96,96.0000000000001,20.540364999999998,20.5,40.36,1
97,97.00000000000007,20.776367,20.5,276.37,1
98,98.00000000000009,21.01237,20.6,412.37,1
99,99.00000000000009,21.166016,20.866666666666667,299.35,1
100,100.00000000000009,21.387695,20.866666666666667,521.03,1
101,101.00000000000013,21.609375,21.033333333333335,576.04,1
102,102.00000000000009,21.787761,21.1,687.76,1
103,103.0000000000001,21.980469,21.1,880.47,1
104,104.0000000000001,22.173177,21.266666666666666,906.51,1
105,105.00000000000009,22.365885000000002,22.7,334.11,1
106,106.00000000000009,22.558594,22.9,341.41,1
107,107.00000000000009,22.751302,23.066666666666666,315.36,1
108,108.0000000000001,22.944010000000002,23.2,255.99,1
109,109.0000000000001,23.161892,23.466666666666665,304.77,1
110,110.0000000000001,23.379773999999998,23.466666666666665,86.89,1
111,111.00000000000017,23.597656,23.566666666666666,30.99,1
112,112.0000000000001,23.798177,24.666666666666668,868.49,1
113,113.00000000000013,23.998698,24.933333333333334,934.64,1
114,114.00000000000013,24.199219,24.933333333333334,734.11,1
115,115.0000000000001,24.399739,24.966666666666665,566.93,1
116,116.0000000000001,24.600260000000002,25.0,399.74,1
117,117.0000000000001,24.800781,25.0,199.22,1
118,118.00000000000013,24.965494,25.033333333333335,67.84,1
119,119.00000000000013,25.130208,25.066666666666666,63.54,1
120,120.00000000000013,25.352864999999998,25.1,252.86,1
121,121.00000000000014,25.530816,25.466666666666665,64.15,1
122,122.00000000000013,25.708768,25.766666666666666,57.9,1
123,123.00000000000014,25.886719,25.766666666666666,120.05,1
124,124.00000000000014,26.048177,25.833333333333332,214.84,1
125,125.00000000000014,26.209636,25.9,309.64,1
126,126.0000000000002,26.371094,25.9,471.09,1
127,127.00000000000014,26.549262,25.933333333333334,615.93,1
128,128.00000000000014,26.727431,26.766666666666666,39.24,1
129,129.00000000000014,26.905599,27.0,94.4,1
130,130.00000000000014,27.0891,27.166666666666668,77.57,1
131,131.00000000000014,27.2726,27.366666666666667,94.07,1
132,132.00000000000014,27.456101,27.533333333333335,77.23,1
133,133.00000000000014,27.639602000000004,27.666666666666668,27.06,1
134,134.00000000000014,27.823103000000003,29.066666666666666,1243.56,1
135,135.00000000000014,28.006603000000002,29.066666666666666,1060.06,1
136,136.0000000000002,28.190103999999998,29.166666666666668,976.56,1
137,137.00000000000014,28.388021000000002,29.3,911.98,1
138,138.00000000000014,28.585938,29.6,1014.06,1
139,139.00000000000014,28.783853999999998,29.9,1116.15,1
140,140.00000000000014,28.981771000000002,30.133333333333333,1151.56,1
141,141.00000000000014,29.179688,30.333333333333332,1153.65,1
142,142.00000000000014,29.377605,30.533333333333335,1155.73,1
143,143.00000000000014,29.575521000000002,30.766666666666666,1191.15,1
144,144.00000000000014,29.773438,31.0,1226.56,1
145,145.00000000000014,29.95638,31.1,1143.62,1
146,146.0000000000002,30.139322999999997,31.166666666666668,1027.34,1
147,147.00000000000014,30.315103999999998,31.166666666666668,851.56,1
148,148.00000000000014,30.52474,31.2,675.26,1
149,149.00000000000017,30.642578000000004,31.2,557.42,1
150,150.0000000000002,30.824219,31.233333333333334,409.11,1
151,151.00000000000028,30.967447999999997,31.266666666666666,299.22,1
152,152.00000000000026,31.141927000000003,31.266666666666666,124.74,1
153,153.00000000000028,31.30599,31.3,5.99,1
154,154.00000000000028,31.494358000000002,31.333333333333332,161.02,1
155,155.00000000000028,31.682726000000002,31.333333333333332,349.39,1
156,156.00000000000034,31.871094,31.366666666666667,504.43,1
157,157.00000000000028,32.03125,31.366666666666667,664.58,1
158,158.00000000000034,32.201823,32.2,1.82,1
159,159.00000000000034,32.381510999999996,32.36666666666667,14.84,1
160,160.00000000000034,32.55599,32.46666666666667,89.32,1
161,161.00000000000034,32.733724,32.666666666666664,67.06,1
162,162.00000000000034,32.907552,32.833333333333336,74.22,1
163,163.00000000000034,33.066406,32.96666666666667,99.74,1
164,164.00000000000034,33.231771,33.233333333333334,1.56,1
165,165.00000000000028,33.426433,33.4,26.43,1
166,166.0000000000003,33.627604,33.9,272.4,1
167,167.00000000000034,33.792318,34.13333333333333,341.02,1
168,168.00000000000028,34.015625,34.3,284.37,1
169,169.00000000000028,34.205729,34.3,94.27,1
170,170.00000000000028,34.395833,34.5,104.17,1
171,171.0000000000003,34.559245000000004,34.666666666666664,107.42,1
172,172.00000000000037,34.760417,34.86666666666667,106.25,1
173,173.00000000000028,34.880208,34.86666666666667,13.54,1
174,174.00000000000028,35.075521,35.1,24.48,1
175,175.00000000000026,35.205729,35.13333333333333,72.4,1
176,176.00000000000026,35.376302,35.833333333333336,457.03,1
177,177.00000000000028,35.552083,35.833333333333336,281.25,1
178,178.0000000000002,35.749565999999994,36.06666666666667,317.1,1
179,179.00000000000017,35.947049,36.1,152.95,1
180,180.0000000000002,36.144531,36.2,55.47,1
181,181.0000000000002,36.359375,36.3,59.38,1
182,182.00000000000026,36.528646,36.5,28.65,1
183,183.00000000000017,36.665365,36.666666666666664,1.3,1
184,184.00000000000014,36.829427,36.8,29.43,1
185,185.00000000000014,36.988281,37.0,11.72,1
186,186.00000000000017,37.168620000000004,37.1,68.62,1
187,187.0000000000002,37.339844,37.233333333333334,106.51,1
188,188.00000000000014,37.511719,37.5,11.72,1
189,189.0000000000001,37.698567,37.7,1.43,1
190,190.0000000000001,37.910156,38.0,89.84,1
191,191.0000000000001,38.127604,38.166666666666664,39.06,1
192,192.00000000000017,38.614583,38.4,214.58,1
193,193.00000000000017,38.895833,38.56666666666667,329.17,1
194,194.00000000000017,39.08724,38.7,387.24,1
195,195.00000000000017,39.240885,38.7,540.88,1
196,196.00000000000017,39.470703,39.63333333333333,162.63,1
197,197.00000000000017,39.661458,39.86666666666667,205.21,1
198,198.0000000000002,39.923177,40.0,76.82,1
199,199.0000000000002,40.106771,40.166666666666664,59.9,1
200,200.00000000000017,40.296875,40.2,96.87,1
201,201.00000000000017,40.63151,40.6,31.51,1
202,202.00000000000014,40.898438,40.833333333333336,65.1,1
203,203.00000000000017,41.059896,40.833333333333336,226.56,1
204,204.00000000000017,41.236328,41.233333333333334,2.99,1
205,205.00000000000017,41.404948,41.4,4.95,1
206,206.00000000000017,41.619792,41.733333333333334,113.54,1
207,207.00000000000017,41.834635999999996,42.0,165.36,1
208,208.00000000000017,42.042318,42.03333333333333,8.98,1
209,209.00000000000017,42.232422,42.266666666666666,34.24,1
210,210.00000000000017,42.527344,42.46666666666667,60.68,1
211,211.00000000000017,42.704427,42.7,4.43,1
212,212.00000000000017,42.893229,42.766666666666666,126.56,1
213,213.0000000000002,43.120443,43.1,20.44,1
214,214.00000000000017,43.299479,43.1,199.48,1
215,215.0000000000002,43.495442,43.2,295.44,1
216,216.0000000000002,43.833333,43.266666666666666,566.67,1
217,217.0000000000002,44.052083,43.4,652.08,1
218,218.0000000000002,44.25,43.9,350.0,1
219,219.0000000000002,44.445312,44.333333333333336,111.98,1
220,220.0000000000002,44.589193,44.8,210.81,1
221,221.00000000000028,44.817709,44.8,17.71,1
222,222.0000000000003,45.147135,45.4,252.86,1
223,223.0000000000003,45.36849,45.4,31.51,1
224,224.0000000000003,45.579427,45.43333333333333,146.09,1
225,225.0000000000003,45.856771,45.833333333333336,23.44,1
226,226.0000000000003,46.105469,45.93333333333333,172.14,1
227,227.0000000000003,46.296875,45.96666666666667,330.21,1
228,228.0000000000003,46.449219,46.56666666666667,117.45,1
229,229.0000000000003,46.666667,46.6,66.67,1
230,230.0000000000003,46.829427,46.833333333333336,3.91,1
231,231.0000000000003,47.040365,47.06666666666667,26.3,1
232,232.0000000000003,47.265625,47.3,34.37,1
233,233.00000000000034,47.466146,47.333333333333336,132.81,1
234,234.00000000000037,47.66276,47.63333333333333,29.43,1
235,235.00000000000037,47.884115,47.63333333333333,250.78,1
236,236.00000000000037,48.066406,47.7,366.41,1
237,237.00000000000037,48.242839000000004,47.8,442.84,1
238,238.00000000000037,48.447917,47.8,647.92,1
239,239.00000000000037,48.636719,47.833333333333336,803.39,1
240,240.00000000000037,48.986328,47.96666666666667,1019.66,1
241,241.00000000000037,49.175781,47.96666666666667,1209.11,1
242,242.0000000000003,49.373698,48.0,1373.7,1
243,243.0000000000003,49.542969,49.03333333333333,509.64,1
244,244.00000000000034,49.751953,49.166666666666664,585.29,1
245,245.0000000000003,49.923177,49.766666666666666,156.51,1
246,246.00000000000034,50.180339000000004,50.06666666666667,113.67,1
247,247.00000000000037,50.341146,50.333333333333336,7.81,1
248,248.00000000000037,50.527344,50.53333333333333,5.99,1
249,249.00000000000037,50.745443,50.766666666666666,21.22,1
250,250.0000000000004,50.90625,50.766666666666666,139.58,1
251,251.00000000000037,51.091146,51.03333333333333,57.81,1
252,252.0000000000004,51.358073,51.5,141.93,1
253,253.00000000000037,51.56901,51.7,130.99,1
254,254.0000000000004,51.776693,51.766666666666666,10.03,1
255,255.00000000000037,52.014974,51.86666666666667,148.31,1
256,256.0000000000004,52.222656,51.96666666666667,255.99,1
257,257.00000000000034,52.432292000000004,52.46666666666667,34.37,1
258,258.00000000000045,52.664063,52.63333333333333,30.73,1
259,259.0000000000004,52.877604000000005,53.06666666666667,189.06,1
260,260.0000000000004,53.05859399999999,53.1,41.41,1
261,261.00000000000045,53.257813,53.2,57.81,1
262,262.0000000000004,53.467448,53.53333333333333,65.89,1
263,263.00000000000045,53.66796899999999,53.53333333333333,134.64,1
264,264.00000000000045,54.025391000000006,53.833333333333336,192.06,1
265,265.0000000000004,54.210938,54.333333333333336,122.4,1
266,266.0000000000004,54.446615,54.36666666666667,79.95,1
267,267.00000000000045,54.64388100000001,54.63333333333333,10.55,1
268,268.00000000000045,54.861979000000005,54.833333333333336,28.65,1
269,269.00000000000045,55.057943,55.1,42.06,1
270,270.00000000000045,55.309895,55.333333333333336,23.44,1
271,271.0000000000004,55.523438,55.53333333333333,9.9,1
272,272.0000000000004,55.695312,55.733333333333334,38.02,1
273,273.00000000000045,55.89974,55.8,99.74,1
274,274.0000000000004,56.098958999999994,56.06666666666667,32.29,1
275,275.0000000000005,56.296875,56.4,103.12,1
276,276.0000000000005,56.50651,56.43333333333333,73.18,1
277,277.0000000000005,56.722005,56.7,22.01,1
278,278.0000000000005,56.883464000000004,56.86666666666667,16.8,1
279,279.0000000000005,57.141927,56.86666666666667,275.26,1
280,280.0000000000005,57.283854000000005,57.333333333333336,49.48,1
281,281.0000000000005,57.440104000000005,57.46666666666667,26.56,1
282,282.0000000000005,57.716145999999995,57.733333333333334,17.19,1
283,283.0000000000005,57.947917000000004,57.96666666666667,18.75,1
284,284.0000000000005,58.14974,58.233333333333334,83.59,1
285,285.0000000000005,58.367839000000004,58.4,32.16,1
286,286.0000000000004,58.584635,58.4,184.64,1
287,287.0000000000005,58.848957999999996,58.46666666666667,382.29,1
288,288.0000000000004,59.200520999999995,58.7,500.52,1
289,289.0000000000005,59.376302,58.833333333333336,542.97,1
290,290.0000000000005,59.58984399999999,59.53333333333333,56.51,1
291,291.0000000000005,59.880208999999994,59.53333333333333,346.88,1
292,292.0000000000005,60.114582999999996,59.6,514.58,1
293,293.00000000000057,60.28125,59.6,681.25,1
294,294.0000000000005,60.507812,60.46666666666667,41.15,1
295,295.00000000000057,60.705729000000005,60.7,5.73,1
296,296.0000000000005,60.882812,61.03333333333333,150.52,1
297,297.00000000000057,61.063802,61.03333333333333,30.47,1
298,298.0000000000005,61.273438,61.06666666666667,206.77,1
299,299.00000000000057,61.473957999999996,61.06666666666667,407.29,1
300,300.0000000000005,61.69140600000001,61.1,591.41,1
301,301.00000000000057,61.888020999999995,61.13333333333333,754.69,1
302,302.0000000000005,62.110677,61.166666666666664,944.01,1
303,303.00000000000057,62.352865,62.1,252.86,1
304,304.00000000000057,62.59375,62.1,493.75,1
305,305.0000000000006,62.729167000000004,62.13333333333333,595.83,1
306,306.00000000000057,63.014323,62.833333333333336,180.99,1
307,307.0000000000006,63.209635,63.266666666666666,57.03,1
308,308.0000000000006,63.407552,63.5,92.45,1
309,309.0000000000006,63.621745,63.56666666666667,55.08,1
310,310.0000000000006,63.811198,63.6,211.2,1
311,311.0000000000006,64.005859,63.6,405.86,1
312,312.0000000000006,64.40950600000001,63.666666666666664,742.84,1
313,313.0000000000006,64.623698,64.2,423.7,1
314,314.0000000000006,64.84375,64.83333333333333,10.42,1
315,315.0000000000006,65.091145,65.0,91.14,1
316,316.0000000000006,65.320964,65.33333333333333,12.37,1
317,317.0000000000006,65.552083,65.56666666666666,14.58,1
318,318.0000000000007,65.761719,65.76666666666667,4.95,1
319,319.0000000000007,65.955729,65.96666666666667,10.94,1
320,320.0000000000007,66.106771,66.03333333333333,73.44,1
321,321.0000000000007,66.34700500000001,66.36666666666666,19.66,1
322,322.0000000000007,66.564453,66.56666666666666,2.21,1
323,323.0000000000007,66.757812,66.76666666666667,8.85,1
324,324.0000000000007,66.969401,66.96666666666667,2.73,1
325,325.00000000000057,67.17838499999999,67.2,21.62,1
326,326.0000000000006,67.354167,67.4,45.83,1
327,327.0000000000007,67.589844,67.56666666666666,23.18,1
328,328.0000000000007,67.77213499999999,67.8,27.87,1
329,329.0000000000007,67.953125,67.93333333333334,19.79,1
330,330.0000000000007,68.136719,68.33333333333333,196.61,1
331,331.0000000000006,68.345052,68.53333333333333,188.28,1
332,332.0000000000007,68.519531,68.56666666666666,47.14,1
333,333.0000000000007,68.723958,68.73333333333333,9.38,1
334,334.00000000000074,68.910156,68.86666666666666,43.49,1
335,335.00000000000074,69.08463499999999,69.1,15.37,1
336,336.0000000000008,69.32161500000001,69.26666666666667,54.95,1
337,337.0000000000008,69.52474000000001,69.56666666666666,41.93,1
338,338.0000000000008,69.69986999999999,69.66666666666667,33.2,1
339,339.0000000000008,69.978516,69.66666666666667,311.85,1
340,340.00000000000085,70.164062,69.7,464.06,1
341,341.0000000000008,70.38411500000001,70.4,15.88,1
342,342.00000000000085,70.542969,70.56666666666666,23.7,1
343,343.00000000000085,70.726562,70.76666666666667,40.1,1
344,344.0000000000009,70.89518199999999,70.76666666666667,128.52,1
345,345.0000000000009,71.11393199999999,70.8,313.93,1
346,346.0000000000009,71.402344,70.8,602.34,1
347,347.0000000000009,71.483724,71.5,16.28,1
348,348.00000000000097,71.768229,71.76666666666667,1.56,1
349,349.0000000000009,71.95963499999999,71.76666666666667,192.97,1
350,350.00000000000097,72.151042,72.23333333333333,82.29,1
351,351.000000000001,72.326172,72.36666666666666,40.49,1
352,352.000000000001,72.52474000000001,72.46666666666667,58.07,1
353,353.000000000001,72.686198,72.9,213.8,1
354,354.0000000000011,72.83463499999999,72.96666666666667,132.03,1
355,355.0000000000011,73.028645,73.0,28.64,1
356,356.0000000000011,73.222656,73.3,77.34,1
357,357.0000000000011,73.392578,73.4,7.42,1
358,358.00000000000114,73.566406,73.46666666666667,99.74,1
359,359.00000000000125,73.765625,73.73333333333333,32.29,1
360,360.00000000000125,73.947917,73.73333333333333,214.58,1
361,361.00000000000125,74.136719,74.26666666666667,129.95,1
362,362.00000000000114,74.325521,74.36666666666666,41.15,1
363,363.0000000000013,74.509114,74.36666666666666,142.45,1
364,364.0000000000013,74.648438,74.7,51.56,1
365,365.0000000000013,74.828125,74.76666666666667,61.46,1
366,366.0000000000014,75.036458,74.76666666666667,269.79,1
367,367.0000000000014,75.225911,75.13333333333334,92.58,1
368,368.0000000000015,75.41536500000001,75.36666666666666,48.7,1
369,369.0000000000014,75.59700500000001,75.56666666666666,30.34,1
370,370.0000000000013,75.766927,75.7,66.93,1
371,371.00000000000165,75.970052,75.93333333333334,36.72,1
372,372.00000000000153,76.153646,76.1,53.65,1
373,373.00000000000153,76.347656,76.46666666666667,119.01,1
374,374.0000000000016,76.541667,76.56666666666666,25.0,1
375,375.0000000000017,76.712239,76.56666666666666,145.57,1
376,376.0000000000015,76.85025999999999,76.8,50.26,1
377,377.00000000000176,77.027344,77.03333333333333,5.99,1
378,378.0000000000017,77.239583,77.2,39.58,1
379,379.0000000000018,77.391927,77.36666666666666,25.26,1
380,380.00000000000176,77.552083,77.63333333333334,81.25,1
381,381.0000000000019,77.752604,77.66666666666667,85.94,1
382,382.0000000000019,77.911458,77.96666666666667,55.21,1
383,383.000000000002,78.106771,78.03333333333333,73.44,1
384,384.0000000000019,78.300781,78.83333333333333,532.55,1
385,385.0000000000019,78.533637,78.9,366.36,1
386,386.0000000000019,78.76649300000001,78.96666666666667,200.17,1
387,387.000000000002,78.999349,78.96666666666667,32.68,1
388,388.0000000000019,79.321733,79.0,321.73,1
389,389.000000000002,79.64411700000001,79.0,644.12,1
390,390.0000000000019,79.966501,79.03333333333333,933.17,1
391,391.000000000002,80.288885,79.06666666666666,1222.22,1
392,392.0000000000019,80.611269,79.06666666666666,1544.6,1
393,393.0000000000019,80.933653,79.1,1833.65,1
394,394.0000000000019,81.256037,79.13333333333334,2122.7,1
395,395.0000000000018,81.57842099999999,79.13333333333334,2445.09,1
396,396.0000000000019,81.900805,79.16666666666667,2734.14,1
397,397.00000000000193,82.223189,79.16666666666667,3056.52,1
398,398.000000000002,82.545573,79.43333333333334,3112.24,1
399,399.0000000000018,82.729167,81.0,1729.17,1
400,400.000000000002,82.966146,81.03333333333333,1932.81,1
401,401.0000000000018,83.203125,82.06666666666666,1136.46,1
402,402.00000000000205,83.38150999999999,82.06666666666666,1314.84,1
403,403.00000000000205,83.58615400000001,82.1,1486.15,1
404,404.000000000002,83.790798,82.13333333333334,1657.46,1
405,405.00000000000205,83.99544300000001,82.13333333333334,1862.11,1
406,406.000000000002,84.200087,82.16666666666667,2033.42,1
407,407.0000000000019,84.40473100000001,82.16666666666667,2238.06,1
408,408.0000000000021,84.609375,82.23333333333333,2376.04,1
409,409.00000000000205,84.828776,82.7,2128.78,1
410,410.000000000002,85.048177,82.7,2348.18,1
411,411.00000000000205,85.267578,83.26666666666667,2000.91,1
412,412.000000000002,85.48079399999999,85.33333333333333,147.46,1
413,413.0000000000019,85.69400999999999,85.33333333333333,360.68,1
414,414.00000000000216,85.907227,85.36666666666666,540.56,1
415,415.00000000000205,86.12044300000001,85.4,720.44,1
416,416.000000000002,86.333659,85.4,933.66,1
417,417.00000000000205,86.546875,86.53333333333333,13.54,1
418,418.000000000002,86.703125,86.73333333333333,30.21,1
419,419.00000000000205,86.859375,86.93333333333334,73.96,1
420,420.00000000000205,87.088542,87.06666666666666,21.88,1
421,421.0000000000021,87.364584,87.06666666666666,297.92,1
422,422.00000000000216,87.640625,87.3,340.63,1
423,423.0000000000021,87.817709,87.3,517.71,1
424,424.0000000000021,88.029623,87.43333333333334,596.29,1
425,425.00000000000216,88.241536,87.63333333333334,608.2,1
426,426.00000000000233,88.451823,87.76666666666667,685.16,1
427,427.00000000000216,88.64474799999999,87.76666666666667,878.08,1
428,428.00000000000233,88.83767399999999,87.83333333333333,1004.34,1
429,429.00000000000216,89.030599,89.03333333333333,2.73,1
430,430.0000000000021,89.223524,89.03333333333333,190.19,1
431,431.00000000000216,89.41645,89.53333333333333,116.88,1
432,432.00000000000233,89.609375,89.53333333333333,76.04,1
433,433.00000000000216,89.80816,89.56666666666666,241.49,1
434,434.00000000000233,90.00694399999999,89.6,406.94,1
435,435.00000000000216,90.205729,89.6,605.73,1
436,436.00000000000216,90.382161,89.63333333333334,748.83,1
437,437.00000000000216,90.558594,89.63333333333334,925.26,1
438,438.00000000000205,90.735026,89.66666666666667,1068.36,1
439,439.00000000000216,90.911458,89.7,1211.46,1
440,440.0000000000022,91.087891,89.7,1387.89,1
441,441.00000000000233,91.264323,89.76666666666667,1497.66,1
442,442.0000000000022,91.52322,90.73333333333333,789.89,1
443,443.0000000000022,91.78211800000001,91.3,482.12,1
444,444.0000000000021,92.041016,92.03333333333333,7.68,1
445,445.0000000000022,92.208333,92.06666666666666,141.67,1
446,446.00000000000233,92.375651,92.13333333333334,242.32,1
447,447.00000000000233,92.542969,92.5,42.97,1
448,448.00000000000233,92.703559,92.5,203.56,1
449,449.0000000000022,92.86415,92.53333333333333,330.82,1
450,450.0000000000021,93.02474000000001,92.63333333333334,391.41,1
451,451.0000000000022,93.21506099999999,92.86666666666666,348.39,1
452,452.0000000000022,93.40538199999999,93.2,205.38,1
453,453.0000000000025,93.595703,93.4,195.7,1
454,454.00000000000233,93.814918,95.6,1785.08,1
455,455.0000000000022,94.034133,97.13333333333334,3099.2,1
456,456.00000000000233,94.253348,97.33333333333333,3079.99,1
457,457.0000000000022,94.472563,97.56666666666666,3094.1,1
458,458.00000000000233,94.691778,97.76666666666667,3074.89,1
459,459.0000000000022,94.910993,97.96666666666667,3055.67,1
460,460.00000000000233,95.130208,97.96666666666667,2836.46,1
461,461.0000000000022,95.336198,98.13333333333334,2797.14,1
462,462.00000000000233,95.542187,99.06666666666666,3524.48,1
463,463.0000000000022,95.748177,99.06666666666666,3318.49,1
464,464.00000000000233,95.954166,99.4,3445.83,1
465,465.00000000000233,96.160156,99.4,3239.84,1
466,466.00000000000233,96.366146,99.43333333333334,3067.19,1
467,467.0000000000022,96.572135,99.46666666666667,2894.53,1
468,468.00000000000233,96.778125,99.46666666666667,2688.54,1
469,469.0000000000022,96.984114,99.5,2515.89,1
470,470.00000000000233,97.190104,99.5,2309.9,1
471,471.0000000000024,97.33138000000001,99.53333333333333,2201.95,1
472,472.0000000000024,97.570638,99.56666666666666,1996.03,1
473,473.00000000000233,97.809896,99.56666666666666,1756.77,1
474,474.0000000000024,97.967448,99.6,1632.55,1
475,475.0000000000024,98.161675,99.63333333333334,1471.66,1
476,476.0000000000024,98.355903,99.66666666666667,1310.76,1
477,477.00000000000244,98.55013000000001,100.13333333333334,1583.2,1
478,478.0000000000024,98.744357,100.46666666666667,1722.31,1
479,479.0000000000024,98.938585,100.7,1761.41,1
480,480.0000000000024,99.132812,100.96666666666667,1833.85,1
481,481.00000000000233,99.35177900000001,101.0,1648.22,1
482,482.0000000000024,99.570746,101.0,1429.25,1
483,483.00000000000244,99.789714,101.03333333333333,1243.62,1
484,484.0000000000024,99.964062,101.03333333333333,1069.27,1
485,485.00000000000244,100.138411,101.06666666666666,928.26,1
486,486.00000000000244,100.31276,101.1,787.24,1
487,487.0000000000024,100.487109,101.1,612.89,1
488,488.00000000000244,100.661458,101.13333333333334,471.88,1
489,489.0000000000025,100.889974,101.13333333333334,243.36,1
490,490.00000000000244,101.05761700000001,101.16666666666667,109.05,1
491,491.0000000000025,101.22525999999999,101.3,74.74,1
492,492.0000000000025,101.432292,101.33333333333333,98.96,1
493,493.00000000000256,101.692708,101.33333333333333,359.37,1
494,494.0000000000025,101.953125,101.6,353.13,1
495,495.00000000000256,102.104167,101.7,404.17,1
496,496.0000000000027,102.336263,102.1,236.26,1
497,497.00000000000256,102.568359,102.2,368.36,1
498,498.00000000000256,102.763672,102.2,563.67,1
499,499.0000000000027,102.959744,102.23333333333333,726.41,1
500,500.0000000000026,103.155816,102.23333333333333,922.48,1
501,501.00000000000256,103.351888,103.73333333333333,381.45,1
502,502.0000000000027,103.54796,103.9,352.04,1
503,503.0000000000026,103.74403199999999,104.1,355.97,1
504,504.00000000000256,103.940104,104.26666666666667,326.56,1
505,505.0000000000026,104.145833,104.56666666666666,420.83,1
506,506.0000000000026,104.351563,104.56666666666666,215.1,1
507,507.00000000000273,104.557292,104.7,142.71,1
508,508.0000000000027,104.73350699999999,104.93333333333334,199.83,1
509,509.0000000000027,104.909722,105.13333333333334,223.61,1
510,510.0000000000026,105.08593799999998,105.36666666666666,280.73,1
511,511.0000000000027,105.262153,105.56666666666666,304.51,1
512,512.0000000000026,105.438368,105.63333333333334,194.97,1
513,513.0000000000026,105.61458300000001,105.76666666666667,152.08,1
514,514.0000000000026,105.90060700000001,105.86666666666666,33.94,1
515,515.0000000000026,106.186632,106.23333333333333,46.7,1
516,516.0000000000026,106.472656,106.46666666666667,5.99,1
517,517.0000000000026,106.644097,106.5,144.1,1
518,518.0000000000026,106.81553799999999,106.8,15.54,1
519,519.0000000000026,106.986979,107.0,13.02,1
520,520.0000000000026,107.15104199999999,107.03333333333333,117.71,1
521,521.0000000000026,107.315104,107.03333333333333,281.77,1
522,522.0000000000026,107.47916699999999,107.5,20.83,1
523,523.0000000000026,107.655165,107.66666666666667,11.5,1
524,524.0000000000025,107.83116299999999,107.7,131.16,1
525,525.0000000000026,108.00716100000001,107.83333333333333,173.83,1
526,526.0000000000025,108.18413600000001,108.4,215.86,1
527,527.0000000000026,108.36111100000001,108.6,238.89,1
528,528.0000000000026,108.538086,108.6,61.91,1
529,529.0000000000026,108.715061,108.66666666666667,48.39,1
530,530.0000000000026,108.892035,109.0,107.96,1
531,531.0000000000025,109.06901,109.0,69.01,1
532,532.0000000000025,109.57769099999999,109.3,277.69,1
533,533.0000000000026,110.086371,109.6,486.37,1
534,534.0000000000026,110.595052,109.83333333333333,761.72,1
535,534.9979166666692,110.639974,110.03333333333333,606.64,1
536,535.9979166666691,110.684896,110.26666666666667,418.23,1
537,537.0000000000024,110.729817,110.5,229.82,1
538,537.9979166666689,110.774739,110.73333333333333,41.41,1
539,538.9979166666687,110.81966100000001,110.96666666666667,147.01,1
540,540.000000000002,110.86458300000001,111.0,135.42,1
541,541.0000000000019,111.06835900000002,111.0,68.36,1
542,542.000000000002,111.272135,111.03333333333333,238.8,1
543,543.0000000000019,111.44726599999998,111.23333333333333,213.93,1
544,544.000000000002,111.674479,111.66666666666667,7.81,1
545,545.000000000002,111.765625,111.73333333333333,32.29,1
546,546.000000000002,111.951823,111.93333333333334,18.49,1
547,547.000000000002,112.113281,112.06666666666666,46.61,1
548,548.0000000000022,112.28776,112.6,312.24,1
549,549.0000000000022,112.454427,112.7,245.57,1
550,550.0000000000022,112.65451399999999,112.86666666666666,212.15,1
551,551.0000000000022,112.854601,112.86666666666666,12.07,1
552,552.0000000000022,113.05468799999998,113.0,54.69,1
553,553.0000000000023,113.22395800000001,113.2,23.96,1
554,554.0000000000023,113.390625,113.53333333333333,142.71,1
555,555.0000000000023,113.561849,113.56666666666666,4.82,1
556,556.0000000000023,113.721354,113.73333333333333,11.98,1
557,557.0000000000023,113.90104199999999,113.83333333333333,67.71,1
558,558.0000000000023,114.059896,113.86666666666666,193.23,1
559,559.0000000000023,114.222656,114.13333333333334,89.32,1
560,560.0000000000024,114.376302,114.4,23.7,1
561,561.0000000000025,114.548177,114.46666666666667,81.51,1
562,562.0000000000024,114.74218799999998,115.0,257.81,1
563,563.0000000000025,114.924479,115.2,275.52,1
564,564.0000000000025,115.14843799999998,115.4,251.56,1
565,565.0000000000025,115.339193,115.4,60.81,1
566,566.0000000000025,115.529948,115.53333333333333,3.39,1
567,567.0000000000025,115.692057,115.8,107.94,1
568,568.0000000000025,115.90104199999999,116.0,98.96,1
569,569.0000000000025,115.988281,116.0,11.72,1
570,570.0000000000025,116.184896,116.33333333333333,148.44,1
571,571.0000000000026,116.33593799999998,116.36666666666666,30.73,1
572,572.0000000000025,116.522135,116.86666666666666,344.53,1
573,573.0000000000026,116.705729,116.86666666666666,160.94,1
574,574.0000000000028,116.887804,117.53333333333333,645.53,1
575,575.0000000000028,117.069878,117.56666666666666,496.79,1
576,576.0000000000028,117.251953,117.56666666666666,314.71,1
577,577.0000000000028,117.477865,117.6,122.14,1
578,578.0000000000028,117.65625,117.63333333333334,22.92,1
579,579.000000000003,117.792969,117.83333333333333,40.36,1
580,580.0000000000028,117.925781,117.9,25.78,1
581,581.000000000003,118.095052,118.2,104.95,1
582,582.000000000003,118.27604199999999,118.26666666666667,9.38,1
583,583.000000000003,118.455729,118.43333333333334,22.4,1
584,584.000000000003,118.63151,118.66666666666667,35.16,1
585,585.0000000000031,118.78776,118.8,12.24,1
586,586.0000000000031,119.002604,119.1,97.4,1
587,587.0000000000031,119.246094,119.26666666666667,20.57,1
588,588.0000000000031,119.727865,119.5,227.86,1
589,589.0000000000031,119.98958300000001,120.0,10.42,1
590,590.0000000000031,120.1875,120.2,12.5,1
591,591.0000000000031,120.36458300000001,120.56666666666666,202.08,1
592,592.0000000000031,120.63216100000001,120.76666666666667,134.51,1
593,593.0000000000031,120.766927,121.03333333333333,266.41,1
594,594.0000000000031,121.09895800000001,121.2,101.04,1
595,595.0000000000031,121.290365,121.4,109.64,1
596,596.0000000000031,121.46354199999999,121.5,36.46,1
597,597.0000000000031,121.816406,121.76666666666667,49.74,1
598,598.0000000000031,122.109375,121.8,309.38,1
599,599.0000000000032,122.292969,121.8,492.97,1
600,600.0000000000031,122.497396,122.46666666666667,30.73,1
601,601.0000000000031,122.686198,122.76666666666667,80.47,1
602,602.0000000000031,122.828125,123.13333333333334,305.21,1
603,603.0000000000031,123.05013000000001,123.26666666666667,216.54,1
604,604.0000000000032,123.251302,123.3,48.7,1
605,605.0000000000032,123.41861999999999,123.6,181.38,1
606,606.0000000000033,123.738281,123.7,38.28,1
607,607.0000000000032,123.93229199999999,124.03333333333333,101.04,1
608,608.0000000000033,124.113281,124.23333333333333,120.05,1
609,609.0000000000033,124.290364,124.53333333333333,242.97,1
610,610.0000000000033,124.52604199999999,124.63333333333334,107.29,1
611,611.0000000000033,124.75604799999999,124.63333333333334,122.71,1
612,612.0000000000033,125.11969599999999,124.76666666666667,353.03,1
613,613.0000000000033,125.35156200000002,124.86666666666666,484.9,1
614,614.0000000000033,125.603742,125.13333333333334,470.41,1
615,615.0000000000033,125.75,125.9,150.0,1
616,616.0000000000033,126.01898899999999,126.1,81.01,1
617,617.0000000000033,126.276983,126.33333333333333,56.35,1
618,618.0000000000033,126.455729,126.33333333333333,122.4,1
619,619.0000000000032,126.690104,126.36666666666666,323.44,1
620,620.0000000000033,126.890625,126.63333333333334,257.29,1
621,621.0000000000033,127.152344,127.06666666666666,85.68,1
622,622.0000000000033,127.40104199999999,127.36666666666666,34.38,1
623,623.0000000000032,127.58854199999999,127.36666666666666,221.88,1
624,624.0000000000033,127.761719,127.73333333333333,28.39,1
625,625.0000000000033,127.96028600000001,127.9,60.29,1
626,626.0000000000033,128.10286499999998,128.16666666666666,63.8,1
627,627.0000000000034,128.328125,128.3,28.12,1
628,628.0000000000034,128.563802,128.56666666666666,2.86,1
629,629.0000000000033,128.765625,128.73333333333332,32.29,1
630,630.0000000000034,128.971354,128.93333333333334,38.02,1
631,631.0000000000034,129.18098999999998,128.93333333333334,247.66,1
632,632.0000000000034,129.356771,129.03333333333333,323.44,1
633,633.0000000000034,129.57617199999999,129.1,476.17,1
634,634.0000000000034,129.78776000000002,129.1,687.76,1
635,635.0000000000034,129.964193,129.13333333333333,830.86,1
636,636.0000000000035,130.35286499999998,129.13333333333333,1219.53,1
637,637.0000000000035,130.583333,129.16666666666666,1416.67,1
638,638.0000000000034,130.820312,129.56666666666666,1253.65,1
639,639.0000000000035,131.04036499999998,129.8,1240.36,1
640,640.0000000000034,131.277995,130.63333333333333,644.66,1
641,641.0000000000035,131.501302,131.46666666666667,34.64,1
642,642.0000000000034,131.845052,131.63333333333333,211.72,1
643,643.0000000000034,132.05338500000002,132.03333333333333,20.05,1
644,644.0000000000034,132.238281,132.3,61.72,1
645,645.0000000000034,132.421875,132.36666666666667,55.21,1
646,646.0000000000034,132.61588500000002,132.56666666666666,49.22,1
647,647.0000000000034,132.833333,132.73333333333332,100.0,1
648,648.0000000000034,133.04492199999999,132.96666666666667,78.26,1
649,649.0000000000034,133.235677,133.36666666666667,130.99,1
650,650.0000000000034,133.470052,133.43333333333334,36.72,1
651,651.0000000000034,133.694661,133.46666666666667,227.99,1
652,652.0000000000034,133.90039099999998,133.73333333333332,167.06,1
653,653.0000000000035,134.119792,133.8,319.79,1
654,654.0000000000034,134.356771,134.33333333333334,23.44,1
655,655.0000000000034,134.561198,134.6,38.8,1
656,656.0000000000034,134.764323,134.83333333333334,69.01,1
657,657.0000000000034,134.9375,134.86666666666667,70.83,1
658,658.0000000000034,135.132812,135.26666666666668,133.85,1
659,659.0000000000034,135.322917,135.26666666666668,56.25,1
660,660.0000000000031,135.69987,135.63333333333333,66.54,1
661,661.0000000000032,135.90625,136.03333333333333,127.08,1
662,662.0000000000033,136.132812,136.3,167.19,1
663,663.0000000000033,136.39973999999998,136.3,99.74,1
664,664.0000000000031,136.68554699999999,136.36666666666667,318.88,1
665,665.000000000003,136.899089,136.9,0.91,1
666,666.0000000000028,137.128906,137.1,28.91,1
667,667.000000000003,137.317708,137.33333333333334,15.63,1
668,668.000000000003,137.476562,137.4,76.56,1
669,669.0000000000028,137.703776,137.53333333333333,170.44,1
670,670.0000000000028,137.907552,137.8,107.55,1
671,671.0000000000025,138.101562,138.16666666666666,65.1,1
672,672.0000000000023,138.296875,138.3,3.13,1
673,673.0000000000023,138.530599,138.5,30.6,1
674,674.0000000000023,138.69335900000002,138.7,6.64,1
675,675.0000000000022,138.93098999999998,138.9,30.99,1
676,676.0000000000016,139.10351599999998,139.2,96.48,1
677,677.0000000000016,139.268229,139.26666666666668,1.56,1
678,678.0000000000016,139.583333,139.5,83.33,1
679,679.0000000000015,139.848958,139.6,248.96,1
680,680.0000000000016,140.052083,140.06666666666666,14.58,1
681,681.0000000000015,140.263021,140.26666666666668,3.65,1
682,682.0000000000015,140.451823,140.53333333333333,81.51,1
683,683.0000000000015,140.74088500000002,140.56666666666666,174.22,1
684,684.0000000000014,141.04948000000002,141.03333333333333,16.15,1
685,685.0000000000015,141.22526000000002,141.3,74.74,1
686,686.0000000000015,141.440104,141.4,40.1,1
687,687.0000000000013,141.761719,141.4,361.72,1
688,688.0000000000013,142.02473999999998,142.0,24.74,1
689,689.0000000000013,142.152344,142.1,52.34,1
690,690.000000000001,142.42838500000002,142.3,128.39,1
691,691.0000000000011,142.617188,142.33333333333334,283.85,1
692,692.0000000000011,142.79036499999998,142.83333333333334,42.97,1
693,693.000000000001,143.014323,142.96666666666667,47.66,1
694,694.0000000000011,143.174479,142.96666666666667,207.81,1
695,695.000000000001,143.39973999999998,143.0,399.74,1
696,696.000000000001,143.641927,143.03333333333333,608.59,1
697,697.0000000000013,143.828125,143.6,228.13,1
698,698.0000000000008,144.052083,143.63333333333333,418.75,1
699,699.0000000000008,144.300781,144.0,300.78,1
700,700.0000000000008,144.567708,144.26666666666668,301.04,1
701,701.0000000000007,144.70507800000001,144.76666666666668,61.59,1
702,702.0000000000007,144.979167,144.93333333333334,45.83,1
703,703.0000000000007,145.208333,145.2,8.33,1
704,704.0000000000007,145.389323,145.53333333333333,144.01,1
705,705.0000000000007,145.58789099999998,145.53333333333333,54.56,1
706,706.0000000000006,145.799479,145.6,199.48,1
707,707.0000000000005,146.00195300000001,145.6,401.95,1
708,708.0000000000005,146.434245,145.63333333333333,800.91,1
709,709.0000000000003,146.701823,146.7,1.82,1
710,710.0000000000005,146.92838500000002,146.96666666666667,38.28,1
711,711.0000000000005,147.223307,147.23333333333332,10.03,1
712,712.0000000000002,147.488281,147.36666666666667,121.61,1
713,713.0000000000005,147.69401000000002,147.46666666666667,227.34,1
714,714.0000000000002,147.930339,147.93333333333334,2.99,1
715,715.0000000000002,148.121094,148.13333333333333,12.24,1
716,716.0000000000002,148.30338500000002,148.33333333333334,29.95,1
717,717.0000000000001,148.522786,148.4,122.79,1
718,718.0000000000001,148.725911,148.76666666666668,40.76,1
719,719.0,148.913411,149.0,86.59,1
720,719.9999999999999,149.143229,149.16666666666666,23.44,1
721,721.0000000000001,149.348958,149.23333333333332,115.62,1
722,721.9999999999998,149.54362,149.53333333333333,10.29,1
723,722.9999999999994,149.777995,149.8,22.01,1
724,723.9999999999997,149.971354,149.96666666666667,4.69,1
725,724.9999999999999,150.154948,150.2,45.05,1
726,725.9999999999999,150.347656,150.8,452.34,1
727,726.9999999999997,150.566406,150.8,233.59,1
728,727.9999999999995,150.705729,150.83333333333334,127.6,1
729,728.9999999999998,150.903646,150.9,3.65,1
730,729.9999999999993,151.085938,151.1,14.06,1
731,730.9999999999993,151.252604,151.23333333333332,19.27,1
732,731.9999999999992,151.50585900000002,151.33333333333334,172.53,1
733,732.999999999999,151.707031,151.86666666666667,159.64,1
734,733.9999999999992,151.870443,151.9,29.56,1
735,734.9999999999986,152.14648400000002,151.93333333333334,213.15,1
736,735.9999999999989,152.33463500000002,151.93333333333334,401.3,1
737,736.9999999999992,152.563802,152.53333333333333,30.47,1
738,737.999999999999,152.699219,152.73333333333332,34.11,1
739,738.999999999999,152.934896,152.9,34.9,1
740,739.999999999999,153.070312,152.96666666666667,103.65,1
741,740.9999999999986,153.29362,153.0,293.62,1
742,741.9999999999987,153.595052,153.0,595.05,1
743,742.9999999999986,153.674479,153.7,25.52,1
744,743.9999999999985,153.944661,153.93333333333334,11.33,1
745,744.9999999999985,154.135742,153.93333333333334,202.41,1
746,745.9999999999983,154.326823,154.0,326.82,1
747,746.9999999999985,154.526693,154.0,526.69,1
748,747.9999999999985,154.67838500000002,154.63333333333333,45.05,1
749,748.9999999999985,154.863281,154.9,36.72,1
750,749.9999999999982,155.058594,155.06666666666666,8.07,1
751,750.9999999999982,155.25,155.16666666666666,83.33,1
752,751.9999999999982,155.441406,155.43333333333334,8.07,1
753,752.9999999999984,155.616536,155.6,16.54,1
754,753.9999999999981,155.792969,155.73333333333332,59.64,1
755,754.999999999998,155.980469,156.03333333333333,52.86,1
756,755.999999999998,156.148438,156.1,48.44,1
757,756.9999999999977,156.35286499999998,156.46666666666667,113.8,1
758,757.9999999999976,156.557292,156.63333333333333,76.04,1
759,758.9999999999978,156.73112,156.63333333333333,97.79,1
760,759.9999999999977,156.86588500000002,156.83333333333334,32.55,1
761,760.9999999999978,157.049479,157.03333333333333,16.15,1
762,761.9999999999975,157.253906,157.16666666666666,87.24,1
763,762.9999999999975,157.440755,157.36666666666667,74.09,1
764,763.9999999999977,157.627604,157.7,72.4,1
765,764.9999999999977,157.792969,157.8,7.03,1
766,765.9999999999974,157.95963500000002,157.86666666666667,92.97,1
767,766.9999999999972,158.188802,158.16666666666666,22.14,1
768,767.999999999997,158.390625,158.33333333333334,57.29,1
769,768.9999999999969,158.590495,158.7,109.5,1
770,769.999999999997,158.79036499999998,158.93333333333334,142.97,1
771,770.999999999997,158.94401000000002,158.93333333333334,10.68,1
772,771.9999999999972,159.08463500000002,159.06666666666666,17.97,1
773,772.9999999999967,159.260417,159.3,39.58,1
774,773.9999999999967,159.464844,159.43333333333334,31.51,1
775,774.9999999999966,159.617188,159.56666666666666,50.52,1
776,775.9999999999965,159.78125,159.73333333333332,47.92,1
777,776.9999999999965,159.97786499999998,160.46666666666667,488.8,1
778,777.9999999999964,160.135417,160.46666666666667,331.25,1
779,778.9999999999962,160.346354,160.53333333333333,186.98,1
780,779.9999999999964,160.535807,160.7,164.19,1
781,780.9999999999959,160.76388899999998,160.9,136.11,1
782,781.9999999999962,160.99197,161.1,108.03,1
783,782.9999999999964,161.220052,161.16666666666666,53.39,1
784,783.9999999999961,161.630932,161.16666666666666,464.27,1
785,784.999999999996,162.04181100000002,161.2,841.81,1
786,785.9999999999962,162.452691,161.23333333333332,1219.36,1
787,786.9999999999961,162.863571,161.23333333333332,1630.24,1
788,787.9999999999964,163.27445,161.26666666666668,2007.78,1
789,788.9999999999962,163.68533,161.26666666666668,2418.66,1
790,789.9999999999961,164.09621,161.3,2796.21,1
791,790.9999999999961,164.50708899999998,161.33333333333334,3173.76,1
792,791.999999999996,164.917969,161.33333333333334,3584.64,1
793,792.9999999999977,165.280382,161.36666666666667,3913.72,1
794,793.9999999999976,165.642795,162.16666666666666,3476.13,1
795,794.9999999999977,166.005208,162.3,3705.21,1
796,795.9999999999977,166.35318999999998,162.93333333333334,3419.86,1
797,796.9999999999976,166.70117199999999,165.26666666666668,1434.51,1
798,797.9999999999977,167.049153,165.96666666666667,1082.49,1
799,798.9999999999976,167.39713500000002,166.16666666666666,1230.47,1
800,799.9999999999976,167.699219,166.33333333333334,1365.89,1
801,800.9999999999976,167.963542,166.46666666666667,1496.88,1
802,801.9999999999975,168.239583,166.73333333333332,1506.25,1
803,802.9999999999976,168.527344,167.66666666666666,860.68,1
804,803.9999999999976,169.003906,167.93333333333334,1070.57,1
805,804.9999999999976,169.40408,168.23333333333332,1170.75,1
806,805.9999999999977,169.80425300000002,168.3,1504.25,1
807,806.9999999999976,170.204427,168.56666666666666,1637.76,1
808,807.9999999999976,170.552409,168.56666666666666,1985.74,1
809,808.9999999999977,170.90039099999998,168.96666666666667,1933.72,1
810,809.9999999999976,171.248372,170.2,1048.37,1
811,810.9999999999976,171.596354,170.4,1196.35,1
812,811.9999999999975,171.867188,170.6,1267.19,1
813,812.9999999999972,172.166667,170.76666666666668,1400.0,1
814,813.9999999999974,172.5,170.96666666666667,1533.33,1
815,814.9999999999975,172.944661,171.86666666666667,1077.99,1
816,815.9999999999972,173.389323,172.23333333333332,1155.99,1
817,816.9999999999974,173.81033,172.46666666666667,1343.66,1
818,817.9999999999974,174.23133700000002,172.56666666666666,1664.67,1
819,818.9999999999972,174.652344,173.36666666666667,1285.68,1
820,819.9999999999974,175.190104,173.56666666666666,1623.44,1
821,820.999999999997,175.72786499999998,173.76666666666668,1961.2,1
822,821.9999999999972,176.18945300000001,174.1,2089.45,1
823,822.9999999999972,176.795031,174.6,2195.03,1
824,823.9999999999972,177.400608,175.7,1700.61,1
825,824.9999999999972,178.00618500000002,176.23333333333332,1772.85,1
826,825.9999999999972,178.611762,176.43333333333334,2178.43,1
827,826.9999999999972,179.21733999999998,176.6,2617.34,1
828,827.9999999999972,179.822917,176.93333333333334,2889.58,1
829,828.9999999999972,180.207031,177.4,2807.03,1
830,829.999999999997,180.591146,179.5,1091.15,1
831,830.9999999999974,180.999348,179.5,1499.35,1
832,831.9999999999972,181.277018,180.33333333333334,943.68,1
833,832.9999999999969,181.554688,180.56666666666666,988.02,1
834,833.9999999999969,181.902344,180.73333333333332,1169.01,1
835,834.999999999997,182.16601599999998,181.2,966.02,1
836,835.9999999999969,182.429688,181.53333333333333,896.35,1
837,836.9999999999969,182.845052,182.0,845.05,1
838,837.9999999999967,182.872396,182.2,672.4,1
839,838.9999999999967,183.667969,182.5,1167.97,1
840,839.9999999999967,184.15039099999998,182.7,1450.39,1
841,840.9999999999965,184.880208,182.73333333333332,2146.87,1
842,841.9999999999966,185.203125,183.43333333333334,1769.79,1
843,842.9999999999964,185.489584,184.1,1389.58,1
844,843.9999999999966,185.808594,184.16666666666666,1641.93,1
845,844.9999999999966,186.101562,184.23333333333332,1868.23,1
846,845.9999999999966,186.419271,184.43333333333334,1985.94,1
847,846.9999999999966,186.783854,184.56666666666666,2217.19,1
848,847.9999999999966,187.197917,185.06666666666666,2131.25,1
849,848.9999999999965,187.838542,185.33333333333334,2505.21,1
850,849.9999999999967,188.711806,185.43333333333334,3278.47,1
851,850.9999999999967,189.58507,185.56666666666666,4018.4,1
852,851.9999999999967,190.458334,185.76666666666668,4691.67,1
853,852.9999999999966,191.062066,186.23333333333332,4828.73,1
854,853.9999999999967,191.665798,189.66666666666666,1999.13,1
855,854.9999999999965,192.269531,190.0,2269.53,1
856,855.9999999999966,192.655273,190.23333333333332,2421.94,1
857,856.9999999999966,193.04101599999998,190.43333333333334,2607.68,1
858,857.9999999999966,193.426758,191.03333333333333,2393.42,1
859,858.9999999999966,193.8125,191.33333333333334,2479.17,1
860,859.9999999999965,194.105469,191.43333333333334,2672.14,1
861,860.9999999999965,194.390625,192.36666666666667,2023.96,1
862,861.9999999999967,194.730469,193.26666666666668,1463.8,1
863,862.9999999999967,195.019531,193.8,1219.53,1
864,863.9999999999967,195.58723999999998,194.4,1187.24,1
865,864.9999999999968,196.00347299999999,194.7,1303.47,1
866,865.9999999999965,196.419705,195.03333333333333,1386.37,1
867,866.9999999999965,196.835938,195.56666666666666,1269.27,1
868,867.9999999999966,197.19401100000002,195.8,1394.01,1
869,868.9999999999966,197.552084,195.83333333333334,1718.75,1
870,869.9999999999966,197.910156,196.8,1110.16,1
871,870.9999999999966,198.268229,196.93333333333334,1334.9,1
872,871.9999999999967,198.554688,197.0,1554.69,1
873,872.9999999999967,198.873698,197.2,1673.7,1
874,873.9999999999967,199.268229,198.0,1268.23,1
875,874.9999999999967,199.632161,198.23333333333332,1398.83,1
876,875.9999999999967,199.996094,198.9,1096.09,1
877,876.9999999999967,200.574219,199.26666666666668,1307.55,1
878,877.9999999999967,200.95963500000002,199.33333333333334,1626.3,1
879,878.9999999999967,201.511719,199.76666666666668,1745.05,1
880,879.9999999999967,201.956597,200.56666666666666,1389.93,1
881,880.9999999999967,202.401476,200.93333333333334,1468.14,1
882,881.9999999999967,202.846354,201.5,1346.35,1
883,882.9999999999967,203.369792,201.76666666666668,1603.13,1
884,883.9999999999967,203.893229,202.1,1793.23,1
885,884.9999999999967,204.526041,202.16666666666666,2359.37,1
886,885.9999999999967,205.09678799999998,203.0,2096.79,1
887,886.9999999999967,205.66753400000002,203.93333333333334,1734.2,1
888,887.9999999999967,206.238281,204.5,1738.28,1
889,888.9999999999967,206.809028,204.73333333333332,2075.69,1
890,889.9999999999967,207.379774,204.93333333333334,2446.44,1
891,890.9999999999967,207.950521,205.03333333333333,2917.19,1
892,891.9999999999967,208.521267,205.36666666666667,3154.6,1
893,892.9999999999967,209.09201399999998,206.03333333333333,3058.68,1
894,893.9999999999967,209.66276000000002,206.46666666666667,3196.09,1
895,894.9999999999967,210.084077,206.63333333333333,3450.74,1
896,895.9999999999967,210.505394,207.73333333333332,2772.06,1
897,896.9999999999968,210.92671099999998,209.1,1826.71,1
898,897.9999999999968,211.34802799999997,209.63333333333333,1714.69,1
899,898.9999999999967,211.76934500000002,209.66666666666666,2102.68,1
900,899.9999999999967,212.190662,209.7,2490.66,1
901,900.9999999999968,212.611979,209.73333333333332,2878.65,1
902,901.9999999999967,213.101562,210.43333333333334,2668.23,1
903,902.9999999999966,213.40625,210.86666666666667,2539.58,1
904,903.9979166666633,213.519531,212.2,1319.53,1
905,904.9999999999966,214.408204,213.06666666666666,1341.54,1
906,905.9999999999966,214.761719,213.23333333333332,1528.39,1
907,906.9999999999966,214.778646,213.5,1278.65,1
908,907.9999999999964,215.308594,214.43333333333334,875.26,1
909,908.9999999999964,215.62955699999998,214.66666666666666,962.89,1
910,909.9999999999965,215.87174500000003,214.86666666666667,1005.08,1
911,910.9999999999964,216.11393199999998,214.93333333333334,1180.6,1
912,911.9999999999964,216.508464,215.3,1208.46,1
913,912.9999999999964,216.548177,215.3,1248.18,1
914,913.9999999999961,217.30794300000002,216.2,1107.94,1
915,914.9999999999961,217.883464,216.46666666666667,1416.8,1
916,915.9999999999961,218.38975699999997,216.6,1789.76,1
917,916.9999999999961,218.89605099999997,217.3,1596.05,1
918,917.9999999999961,219.402344,217.53333333333333,1869.01,1
919,918.9999999999961,219.720703,217.63333333333333,2087.37,1
920,919.9999999999961,220.039062,217.63333333333333,2405.73,1
921,920.9999999999959,220.432292,217.7,2732.29,1
922,921.9999999999959,220.846354,217.7,3146.35,1
923,922.9999999999958,221.328125,217.93333333333334,3394.79,1
924,923.9999999999956,221.986979,217.96666666666667,4020.31,1
925,924.9999999999956,222.578125,217.96666666666667,4611.46,1
926,925.9999999999956,223.02213500000002,218.03333333333333,4988.8,1
927,926.9999999999956,223.485027,218.06666666666666,5418.36,1
928,927.9999999999956,223.917969,218.06666666666666,5851.3,1
929,928.9999999999953,224.19856800000002,219.16666666666666,5031.9,1
930,929.9999999999953,224.519531,223.46666666666667,1052.86,1
931,930.9999999999953,224.841797,223.5,1341.8,1
932,931.9999999999953,225.123047,224.0,1123.05,1
933,932.9999999999952,225.44336,224.5,943.36,1
934,933.9999999999952,225.746094,224.83333333333334,912.76,1
935,934.9999999999952,225.958333,225.1,858.33,1
936,935.9999999999952,226.216797,225.5,716.8,1
937,936.9999999999952,226.507813,225.7,807.81,1
938,937.9999999999951,226.772786,225.93333333333334,839.45,1
939,938.9999999999951,227.05598999999998,226.23333333333332,822.66,1
940,939.9999999999951,227.332031,226.3,1032.03,1
941,940.999999999995,227.52539,226.46666666666667,1058.72,1
942,941.999999999995,227.77213500000002,227.03333333333333,738.8,1
943,942.999999999995,228.018229,227.06666666666666,951.56,1
944,943.999999999995,228.245442,227.23333333333332,1012.11,1
945,944.999999999995,228.488281,227.8,688.28,1
946,945.9999999999949,228.730469,228.0,730.47,1
947,946.9999999999948,228.903646,228.23333333333332,670.31,1
948,947.9999999999949,229.264323,228.6,664.32,1
949,948.9999999999948,229.705078,228.7,1005.08,1
950,949.9999999999948,230.041015,228.9,1141.01,1
951,950.9999999999948,230.4375,229.4,1037.5,1
952,951.9999999999947,230.761719,229.6,1161.72,1
953,952.9999999999947,230.93229100000002,229.9,1032.29,1
954,953.9999999999947,231.222656,230.43333333333334,789.32,1
955,954.9999999999947,231.482421,230.66666666666666,815.75,1
956,955.9999999999947,231.72916600000002,230.93333333333334,795.83,1
957,956.9999999999947,231.981771,231.23333333333332,748.44,1
958,957.9999999999945,232.23502599999998,231.43333333333334,801.69,1
959,958.9999999999944,232.41276000000002,231.7,712.76,1
960,959.9999999999945,232.70377599999998,231.93333333333334,770.44,1
961,960.9999999999944,232.958985,232.0,958.99,1
962,961.9999999999944,233.213542,232.4,813.54,1
963,962.9999999999944,233.529948,232.63333333333333,896.61,1
964,963.9999999999944,233.888021,232.7,1188.02,1
965,964.9999999999943,234.095052,233.13333333333333,961.72,1
966,965.9999999999943,234.346354,233.56666666666666,779.69,1
967,966.9999999999943,234.591797,233.76666666666668,825.13,1
968,967.9999999999942,234.835938,234.1,735.94,1
969,968.9999999999942,235.11848999999998,234.26666666666668,851.82,1
970,969.9999999999942,235.40039,234.6,800.39,1
971,970.9999999999941,235.586589,234.73333333333332,853.26,1
972,971.9999999999941,235.935547,235.03333333333333,902.21,1
973,972.9999999999941,236.230469,235.2,1030.47,1
974,973.9999999999941,236.548177,235.6,948.18,1
975,974.9999999999941,236.963542,236.06666666666666,896.88,1
976,975.9999999999941,237.291667,236.16666666666666,1125.0,1
977,976.9999999999939,237.42122400000002,236.53333333333333,887.89,1
978,977.9999999999941,237.67252599999998,236.93333333333334,739.19,1
979,978.9999999999939,237.919271,237.43333333333334,485.94,1
980,979.9999999999939,238.126953,237.63333333333333,493.62,1
981,980.9999999999939,238.470052,237.66666666666666,803.39,1
982,981.9999999999939,238.785808,237.9,885.81,1
983,982.9999999999937,238.93229100000002,238.13333333333333,798.96,1
984,983.9999999999939,239.20247400000002,238.36666666666667,835.81,1
985,984.9999999999937,239.457031,238.56666666666666,890.36,1
986,985.9999999999937,239.693359,238.96666666666667,726.69,1
987,986.9999999999937,240.046875,239.2,846.88,1
988,987.9999999999935,240.34961,239.4,949.61,1
989,988.9999999999935,240.51237000000003,239.76666666666668,745.7,1
990,989.9999999999935,240.815104,240.0,815.1,1
991,990.9999999999935,241.07747400000002,240.23333333333332,844.14,1
992,991.9999999999935,241.361979,240.5,861.98,1
993,992.9999999999934,241.796875,240.76666666666668,1030.21,1
994,993.9999999999934,242.148438,241.03333333333333,1115.1,1
995,994.9999999999933,242.515625,241.36666666666667,1148.96,1
996,995.9999999999933,243.085286,241.56666666666666,1518.62,1
997,996.9999999999934,243.544271,241.93333333333334,1610.94,1
998,997.9999999999932,244.139323,242.6,1539.32,1
999,998.9999999999932,244.865235,242.83333333333334,2031.9,1
1000,999.9999999999887,245.175781,243.56666666666666,1609.11,1
1001,1000.999999999989,245.34375,243.6,1743.75,1
1002,1001.999999999989,245.549479,244.83333333333334,716.15,1
1003,1002.9999999999891,245.768229,245.13333333333333,634.9,1
1004,1003.9999999999891,245.945313,245.36666666666667,578.65,1
1005,1004.9999999999891,246.132813,245.5,632.81,1
1006,1005.9999999999892,246.33789,245.7,637.89,1
1007,1006.9999999999892,246.49348999999998,245.76666666666668,726.82,1
1008,1007.9999999999893,246.69075499999997,246.16666666666666,524.09,1
1009,1008.9999999999893,246.873698,246.36666666666667,507.03,1
1010,1009.9999999999893,247.028646,246.46666666666667,561.98,1
1011,1010.9999999999894,247.220703,246.7,520.7,1
1012,1011.9999999999894,247.441406,246.8,641.41,1
1013,1012.9999999999895,247.582031,246.96666666666667,615.36,1
1014,1013.9999999999895,247.772786,247.2,572.79,1
1015,1014.9999999999895,247.988281,247.33333333333334,654.95,1
1016,1015.9999999999898,248.123698,247.6,523.7,1
1017,1016.9999999999898,248.313802,247.76666666666668,547.14,1
1018,1017.9999999999899,248.52473999999998,247.96666666666667,558.07,1
1019,1018.9999999999899,248.703125,248.13333333333333,569.79,1
1020,1019.9999999999899,248.872396,248.3,572.4,1
1021,1020.9999999999901,249.074219,248.5,574.22,1
1022,1021.9999999999901,249.23958399999998,248.66666666666666,572.92,1
1023,1022.9999999999902,249.419922,248.86666666666667,553.26,1
1024,1023.9999999999902,249.639323,249.06666666666666,572.66,1
1025,1024.9999999999902,249.77083399999998,249.06666666666666,704.17,1
1026,1025.9999999999902,249.951823,249.46666666666667,485.16,1
1027,1026.9999999999902,250.161458,249.63333333333333,528.12,1
1028,1027.9999999999905,250.324219,249.86666666666667,457.55,1
1029,1028.9999999999905,250.50520899999998,249.86666666666667,638.54,1
1030,1029.9999999999905,250.703125,250.16666666666666,536.46,1
1031,1030.9999999999907,250.839844,250.2,639.84,1
1032,1031.9999999999907,251.029948,250.6,429.95,1
1033,1032.9999999999907,251.201823,250.73333333333332,468.49,1
1034,1033.9999999999907,251.363281,250.86666666666667,496.61,1
1035,1034.9999999999907,251.55664,251.0,556.64,1
1036,1035.999999999991,251.773438,251.13333333333333,640.1,1
1037,1036.999999999991,251.90104100000002,251.66666666666666,234.37,1
1038,1037.9999999999911,252.086589,251.7,386.59,1
1039,1038.9999999999911,252.289062,252.0,289.06,1
1040,1039.9999999999911,252.427083,252.2,227.08,1
1041,1040.9999999999911,252.61588500000002,252.4,215.89,1
1042,1041.9999999999911,252.811198,252.63333333333333,177.86,1
1043,1042.9999999999914,252.982422,252.66666666666666,315.76,1
1044,1043.9999999999914,253.15625,252.7,456.25,1
1045,1044.9999999999914,253.355469,252.76666666666668,588.8,1
1046,1045.9999999999916,253.52473999999998,252.96666666666667,558.07,1
1047,1046.9999999999916,253.70637999999997,253.16666666666666,539.71,1
1048,1047.9999999999916,253.903646,253.36666666666667,536.98,1
1049,1048.9999999999916,254.038411,253.36666666666667,671.74,1
1050,1049.9999999999916,254.21223999999998,253.86666666666667,345.57,1
1051,1050.9999999999918,254.417969,253.93333333333334,484.64,1
1052,1051.9999999999918,254.554688,254.13333333333333,421.35,1
1053,1052.9999999999918,254.713542,254.2,513.54,1
1054,1053.9999999999918,254.916667,254.36666666666667,550.0,1
1055,1054.9999999999918,255.050781,254.36666666666667,684.11,1
1056,1055.999999999992,255.223958,254.76666666666668,457.29,1
1057,1056.999999999992,255.364583,254.93333333333334,431.25,1
1058,1057.9999999999923,255.539062,254.96666666666667,572.4,1
1059,1058.9999999999923,255.67512999999997,255.73333333333332,58.2,1
1060,1059.9999999999916,255.883464,255.73333333333332,150.13,1
1061,1060.9999999999916,256.010417,255.86666666666667,143.75,1
1062,1061.9999999999916,256.18099,256.0,180.99,1
1063,1062.9999999999916,256.375,256.43333333333334,58.33,1
1064,1063.9999999999916,256.51367200000004,256.53333333333336,19.66,1
1065,1064.9999999999916,256.666667,256.76666666666665,100.0,1
1066,1065.9999999999916,256.865885,256.96666666666664,100.78,1
1067,1066.9999999999916,256.98828100000003,256.96666666666664,21.61,1
1068,1067.9999999999916,257.188802,257.06666666666666,122.14,1
1069,1068.9999999999916,257.295573,257.43333333333334,137.76,1
1070,1069.9999999999916,257.460938,257.7,239.06,1
1071,1070.9999999999916,257.60546899999997,257.7,94.53,1
1072,1071.9999999999916,257.854167,257.8,54.17,1
1073,1072.9999999999916,257.998698,257.8333333333333,165.36,1
1074,1073.9999999999916,258.200521,257.8333333333333,367.19,1
1075,1074.9999999999916,258.33203100000003,258.1666666666667,165.36,1
1076,1075.9999999999916,258.52734399999997,258.73333333333335,205.99,1
1077,1076.9999999999916,258.639322,258.8666666666667,227.34,1
1078,1077.9999999999916,258.873698,259.06666666666666,192.97,1
1079,1078.9999999999916,259.03515600000003,259.1,64.84,1
1080,1079.9999999999916,259.188802,259.1333333333333,55.47,1
1081,1080.9999999999916,259.375,259.1666666666667,208.33,1
1082,1081.9999999999916,259.52734399999997,259.93333333333334,405.99,1
1083,1082.9999999999916,259.710938,260.3333333333333,622.4,1
1084,1083.9999999999916,259.860677,260.3333333333333,472.66,1
1085,1084.9999999999916,260.063802,260.3666666666667,302.86,1
1086,1085.9999999999916,260.226562,260.4,173.44,1
1087,1086.9999999999916,260.440104,260.5,59.9,1
1088,1087.9999999999916,260.610677,260.5,110.68,1
1089,1088.9999999999916,260.733073,260.6,133.07,1
1090,1089.9999999999916,260.98220499999996,260.6,382.2,1
1091,1090.9999999999916,261.231337,260.73333333333335,498.0,1
1092,1091.9999999999916,261.48046899999997,260.93333333333334,547.14,1
1093,1092.9999999999918,261.729601,261.26666666666665,462.93,1
1094,1093.9999999999918,261.97873300000003,261.46666666666664,512.07,1
1095,1094.9999999999918,262.227865,261.7,527.87,1
1096,1095.9999999999955,262.536459,261.9,636.46,1
1097,1096.9999999999955,262.845052,262.1,745.05,1
1098,1097.9999999999955,263.153646,262.3,853.65,1
1099,1098.9999999999955,263.474284,263.03333333333336,440.95,1
1100,1099.9999999999955,263.79492200000004,263.1333333333333,661.59,1
1101,1100.9999999999955,264.11556,263.1666666666667,948.89,1
1102,1101.9999999999955,264.436198,263.2,1236.2,1
1103,1102.9999999999952,264.69140600000003,263.26666666666665,1424.74,1
1104,1103.9999999999952,264.976562,263.26666666666665,1709.9,1
1105,1104.9999999999952,265.272135,264.26666666666665,1005.47,1
1106,1105.9999999999952,265.576171,264.73333333333335,842.84,1
1107,1106.9999999999952,265.880208,264.96666666666664,913.54,1
1108,1107.9999999999952,266.209635,265.23333333333335,976.3,1
1109,1108.9999999999952,266.539063,265.3333333333333,1205.73,1
1110,1109.9999999999952,266.86849,265.8666666666667,1001.82,1
1111,1110.9999999999952,267.18359399999997,265.8666666666667,1316.93,1
1112,1111.9999999999952,267.498698,265.9,1598.7,1
1113,1112.9999999999952,267.813802,266.8333333333333,980.47,1
1114,1113.9999999999952,268.12890600000003,267.03333333333336,1095.57,1
1115,1114.9999999999952,268.375,267.26666666666665,1108.33,1
1116,1115.9999999999952,268.679688,267.26666666666665,1413.02,1
1117,1116.999999999995,268.97265600000003,268.1333333333333,839.32,1
1118,1117.9999999999952,269.280924,268.3666666666667,914.26,1
1119,1118.999999999995,269.58919199999997,268.7,889.19,1
1120,1119.999999999995,269.998698,268.96666666666664,1032.03,1
1121,1120.999999999995,270.39453100000003,269.0,1394.53,1
1122,1121.999999999995,270.97265600000003,269.46666666666664,1505.99,1
1123,1122.999999999995,271.37825499999997,270.0,1378.25,1
1124,1123.999999999995,271.783854,270.3666666666667,1417.19,1
1125,1124.999999999995,272.18945299999996,271.03333333333336,1156.12,1
1126,1125.999999999995,272.653972,271.23333333333335,1420.64,1
1127,1126.999999999995,273.11849,271.43333333333334,1685.16,1
1128,1127.9999999999948,273.601562,271.6333333333333,1968.23,1
1129,1128.9999999999948,274.109375,271.8666666666667,2242.71,1
1130,1129.9999999999948,274.617187,272.06666666666666,2550.52,1
1131,1130.9999999999948,275.125,273.6,1525.0,1
1132,1131.9999999999948,275.632813,273.8333333333333,1799.48,1
1133,1132.9999999999948,276.140625,274.03333333333336,2107.29,1
1134,1133.9999999999948,276.648438,274.1,2548.44,1
1135,1134.9999999999948,277.024089,275.1,1924.09,1
1136,1135.9999999999948,277.39974,275.3333333333333,2066.41,1
1137,1136.999999999995,277.790365,276.3333333333333,1457.03,1
1138,1137.9999999999948,278.054036,276.3333333333333,1720.7,1
1139,1138.9999999999943,278.317708,277.4,917.71,1
1140,1139.9999999999948,278.64453100000003,277.46666666666664,1177.86,1
1141,1140.9999999999948,278.897135,278.23333333333335,663.8,1
1142,1141.999999999995,279.14974,278.3333333333333,816.41,1
1143,1142.999999999995,279.538411,278.76666666666665,771.74,1
1144,1143.999999999995,279.92578100000003,279.0,925.78,1
1145,1144.999999999995,280.313151,279.4,913.15,1
1146,1145.9999999999952,280.759115,279.43333333333334,1325.78,1
1147,1146.9999999999948,281.423177,279.5,1923.18,1
1148,1147.999999999995,281.721354,280.3666666666667,1354.69,1
1149,1148.999999999995,281.97461,280.8,1174.61,1
1150,1149.9999999999948,282.294271,280.8,1494.27,1
1151,1150.9999999999948,282.602865,280.96666666666664,1636.2,1
1152,1151.9999999999948,282.914062,281.0,1914.06,1
1153,1152.999999999995,283.279948,281.23333333333335,2046.61,1
1154,1153.999999999995,283.692708,281.3666666666667,2326.04,1
1155,1154.999999999995,284.342448,281.4,2942.45,1
1156,1155.9999999999952,285.229384,282.0,3229.38,1
1157,1156.999999999995,286.116319,282.1666666666667,3949.65,1
1158,1157.9999999999948,287.00325499999997,282.6,4403.25,1
1159,1158.999999999995,287.591146,282.6666666666667,4924.48,1
1160,1159.999999999995,288.179036,285.96666666666664,2212.37,1
1161,1160.9999999999948,288.766927,286.2,2566.93,1
1162,1161.999999999995,289.15950499999997,286.53333333333336,2626.17,1
1163,1162.999999999995,289.552083,286.93333333333334,2618.75,1
1164,1163.999999999995,289.944662,288.6,1344.66,1
1165,1164.999999999995,290.33724,288.9,1437.24,1
1166,1165.999999999995,290.651042,288.96666666666664,1684.38,1
1167,1166.9999999999952,290.915365,288.96666666666664,1948.7,1
1168,1167.999999999995,291.205729,289.3666666666667,1839.06,1
1169,1168.999999999995,291.608073,290.6666666666667,941.41,1
1170,1169.9999999999952,292.010417,290.9,1110.42,1
1171,1170.9999999999952,292.37066,291.1666666666667,1203.99,1
1172,1171.999999999995,292.73090299999996,291.1666666666667,1564.24,1
1173,1172.999999999995,293.091146,292.1,991.15,1
1174,1173.9999999999952,293.401693,292.3,1101.69,1
1175,1174.9999999999952,293.71224,292.5,1212.24,1
1176,1175.9999999999952,294.022786,293.06666666666666,956.12,1
1177,1176.9999999999952,294.333333,293.1,1233.33,1
1178,1177.9999999999952,294.610677,293.1,1510.68,1
1179,1178.9999999999952,294.877604,293.1333333333333,1744.27,1
1180,1179.9999999999952,295.111979,294.3,811.98,1
1181,1180.9999999999952,295.400065,294.6,800.06,1
1182,1181.9999999999955,295.688151,294.9,788.15,1
1183,1182.9999999999952,296.272135,295.1333333333333,1138.8,1
1184,1183.9999999999955,296.688802,295.1333333333333,1555.47,1
1185,1184.9999999999952,297.63151,295.3666666666667,2264.84,1
1186,1185.9999999999955,298.055338,295.9,2155.34,1
1187,1186.9999999999952,298.479167,296.1333333333333,2345.83,1
1188,1187.9999999999952,298.90299500000003,297.6666666666667,1236.33,1
1189,1188.9999999999955,299.417644,297.8666666666667,1550.98,1
1190,1189.9999999999955,299.932292,298.06666666666666,1865.63,1
1191,1190.9999999999955,300.41731699999997,298.26666666666665,2150.65,1
1192,1191.9999999999955,300.943866,298.5,2443.87,1
1193,1192.9999999999955,301.470414,299.9,1570.41,1
1194,1193.9999999999955,301.996962,300.43333333333334,1563.63,1
1195,1194.9999999999955,302.52351,300.6333333333333,1890.18,1
1196,1195.9999999999955,303.05005800000004,300.8333333333333,2216.72,1
1197,1196.9999999999955,303.576606,301.06666666666666,2509.94,1
1198,1197.9999999999955,304.103154,301.26666666666665,2836.49,1
1199,1198.9999999999955,304.629702,301.43333333333334,3196.37,1
1200,1199.9999999999952,305.15625,301.6666666666667,3489.58,1
1201,1200.9999999999955,305.555804,301.8666666666667,3689.14,1
1202,1201.9999999999952,305.955357,302.1666666666667,3788.69,1
1203,1202.9999999999955,306.35491099999996,304.56666666666666,1788.24,1
1204,1203.9999999999952,306.75446400000004,305.1333333333333,1621.13,1
1205,1204.9999999999952,307.154018,305.1333333333333,2020.68,1
1206,1205.9999999999955,307.553571,305.1666666666667,2386.9,1
1207,1206.9999999999957,307.953125,305.2,2753.13,1
1208,1207.9999999999961,308.367188,305.8,2567.19,1
1209,1208.9999999999961,308.61328100000003,306.23333333333335,2379.95,1
1210,1209.9979166666628,308.734375,307.93333333333334,801.04,1
1211,1210.9999999999961,309.641927,308.3666666666667,1275.26,1
1212,1211.9999999999961,310.046875,308.7,1346.88,1
1213,1212.999999999996,310.078125,308.7,1378.13,1
1214,1213.9999999999961,310.610027,309.6333333333333,976.69,1
1215,1214.9999999999961,310.946615,309.93333333333334,1013.28,1
1216,1215.9999999999961,311.192709,310.1666666666667,1026.04,1
1217,1216.9999999999964,311.438803,310.6,838.8,1
1218,1217.9999999999964,311.835938,310.76666666666665,1069.27,1
1219,1218.9999999999964,311.875,310.76666666666665,1108.33,1
1220,1219.9999999999964,312.653646,311.4,1253.65,1
1221,1220.9999999999964,313.331381,311.76666666666665,1564.71,1
1222,1221.9999999999964,313.85199700000004,311.8333333333333,2018.66,1
1223,1222.9999999999964,314.372613,312.56666666666666,1805.95,1
1224,1223.9999999999964,314.893229,312.9,1993.23,1
1225,1224.9999999999964,315.21484399999997,313.0,2214.84,1
1226,1225.9999999999964,315.536458,313.03333333333336,2503.12,1
1227,1226.9999999999968,315.938802,313.06666666666666,2872.14,1
1228,1227.9999999999968,316.372396,313.06666666666666,3305.73,1
1229,1228.999999999997,316.884115,313.46666666666664,3417.45,1
1230,1229.9999999999973,317.763021,313.5,4263.02,1
1231,1230.9999999999975,318.490885,313.5,4990.88,1
1232,1231.9999999999973,318.96224,313.53333333333336,5428.91,1
1233,1232.999999999998,319.477213,313.53333333333336,5943.88,1
1234,1233.9999999999975,319.900391,313.56666666666666,6333.72,1
1235,1234.9999999999975,320.179036,314.26666666666665,5912.37,1
1236,1235.999999999998,320.515625,318.26666666666665,2248.96,1
1237,1236.9999999999984,320.87955800000003,318.26666666666665,2612.89,1
1238,1237.999999999998,321.15625,318.4,2756.25,1
1239,1238.999999999998,321.49349,318.4,3093.49,1
1240,1239.999999999998,321.789063,320.9,889.06,1
1241,1240.9999999999986,322.009765,321.1666666666667,843.1,1
1242,1241.9999999999984,322.30599,321.56666666666666,739.32,1
1243,1242.9999999999986,322.627604,321.76666666666665,860.94,1
1244,1243.9999999999986,322.91080800000003,321.96666666666664,944.14,1
1245,1244.9999999999986,323.19987000000003,322.3333333333333,866.54,1
1246,1245.9999999999986,323.509115,322.53333333333336,975.78,1
1247,1246.9999999999989,323.717448,323.0,717.45,1
1248,1247.9999999999989,323.992188,323.1666666666667,825.52,1
1249,1248.999999999999,324.274089,323.3333333333333,940.76,1
1250,1249.999999999999,324.539063,323.56666666666666,972.4,1
1251,1250.999999999999,324.806641,323.56666666666666,1239.97,1
1252,1251.999999999999,325.08203100000003,324.26666666666665,815.36,1
1253,1252.9999999999993,325.272135,324.4,872.14,1
1254,1253.9999999999993,325.64974,324.8333333333333,816.41,1
1255,1254.9999999999995,325.947266,325.06666666666666,880.6,1
1256,1255.9999999999998,326.223958,325.3,923.96,1
1257,1256.9999999999993,326.591146,325.73333333333335,857.81,1
1258,1257.9999999999998,326.915365,325.8333333333333,1082.03,1
1259,1258.9999999999998,327.09570299999996,326.03333333333336,1062.37,1
1260,1260.0,327.372396,326.6333333333333,739.06,1
1261,1261.0,327.63086,326.9,730.86,1
1262,1262.0000000000002,327.874349,327.1,774.35,1
1263,1263.0000000000002,328.133463,327.43333333333334,700.13,1
1264,1264.0000000000002,328.38867200000004,327.6333333333333,755.34,1
1265,1265.0000000000002,328.59961,327.8666666666667,732.94,1
1266,1266.0000000000005,328.898437,328.06666666666666,831.77,1
1267,1267.0000000000002,329.21224,328.1666666666667,1045.57,1
1268,1268.0000000000005,329.486979,328.56666666666666,920.31,1
1269,1269.0000000000007,329.87109399999997,329.03333333333336,837.76,1
1270,1270.0000000000005,330.33268300000003,329.2,1132.68,1
1271,1271.000000000001,330.588542,329.43333333333334,1155.21,1
1272,1272.000000000001,330.861979,329.73333333333335,1128.65,1
1273,1273.000000000001,331.133464,330.3,833.46,1
1274,1274.000000000001,331.383463,330.56666666666666,816.8,1
1275,1275.0000000000011,331.679036,330.93333333333334,745.7,1
1276,1276.000000000001,331.96679700000004,331.1333333333333,833.46,1
1277,1277.0000000000014,332.16276,331.3333333333333,829.43,1
1278,1278.0000000000014,332.549479,331.6666666666667,882.81,1
1279,1279.0000000000014,332.858073,331.7,1158.07,1
1280,1280.0000000000014,333.151693,332.1666666666667,985.03,1
1281,1281.000000000002,333.559896,332.7,859.9,1
1282,1282.0000000000014,333.89453100000003,332.8666666666667,1027.86,1
1283,1283.000000000002,334.05078100000003,332.96666666666664,1084.11,1
1284,1284.000000000002,334.328125,333.53333333333336,794.79,1
1285,1285.000000000002,334.604167,333.96666666666664,637.5,1
1286,1286.000000000002,334.821615,334.1666666666667,654.95,1
1287,1287.000000000002,335.151042,334.3,851.04,1
1288,1288.0000000000023,335.498046,334.6666666666667,831.38,1
1289,1289.0000000000023,335.64974,334.8666666666667,783.07,1
1290,1290.0000000000025,335.945313,335.1333333333333,811.98,1
1291,1291.0000000000025,336.202474,335.23333333333335,969.14,1
1292,1292.0000000000025,336.460938,335.7,760.94,1
1293,1293.0000000000027,336.86328100000003,335.96666666666664,896.61,1
1294,1294.0000000000027,337.19336,336.1666666666667,1026.69,1
1295,1295.0000000000027,337.35546899999997,336.5,855.47,1
1296,1296.000000000003,337.69205800000003,336.73333333333335,958.72,1
1297,1297.000000000003,337.967448,337.03333333333336,934.11,1
1298,1298.000000000003,338.258463,337.3666666666667,891.8,1
1299,1299.0000000000032,338.708333,337.7,1008.33,1
1300,1300.0000000000032,339.102213,337.8666666666667,1235.55,1
1301,1301.0000000000032,339.49349,338.1,1393.49,1
1302,1302.0000000000034,340.09179700000004,338.43333333333334,1658.46,1
1303,1303.0000000000034,340.579427,338.8666666666667,1712.76,1
1304,1304.0000000000032,341.179688,339.6,1579.69,1
1305,1305.0000000000061,341.84179700000004,339.8,2041.8,1
1306,1306.0000000000057,342.164062,340.26666666666665,1897.4,1
1307,1307.0000000000057,342.335938,340.56666666666666,1769.27,1
1308,1308.0000000000052,342.552083,341.8333333333333,718.75,1
1309,1309.000000000005,342.773438,342.23333333333335,540.1,1
1310,1310.0000000000048,342.947917,342.3333333333333,614.58,1
1311,1311.0000000000045,343.15299500000003,342.5,653.0,1
1312,1312.0000000000045,343.369141,342.73333333333335,635.81,1
1313,1313.0000000000043,343.51237000000003,342.96666666666664,545.7,1
1314,1314.0000000000039,343.72265600000003,343.1333333333333,589.32,1
1315,1315.0000000000036,343.90234399999997,343.26666666666665,635.68,1
1316,1316.0000000000034,344.076823,343.53333333333336,543.49,1
1317,1317.0000000000034,344.26887999999997,343.8,468.88,1
1318,1318.0000000000032,344.501302,343.8666666666667,634.64,1
1319,1319.000000000003,344.630208,344.3333333333333,296.87,1
1320,1320.0000000000027,344.833333,344.3333333333333,500.0,1
1321,1321.0000000000023,345.03776,344.6333333333333,404.43,1
1322,1322.0000000000023,345.17578100000003,344.6666666666667,509.11,1
1323,1323.000000000002,345.36328100000003,344.8666666666667,496.61,1
1324,1324.0000000000016,345.571615,345.03333333333336,538.28,1
1325,1325.0000000000014,345.760417,345.2,560.42,1
1326,1326.0000000000011,345.936198,345.3666666666667,569.53,1
1327,1327.0000000000011,346.132161,345.56666666666666,565.49,1
1328,1328.000000000001,346.296875,345.73333333333335,563.54,1
1329,1329.0000000000005,346.492188,345.96666666666664,525.52,1
1330,1330.0000000000002,346.686198,346.1666666666667,519.53,1
1331,1331.0,346.829427,346.23333333333335,596.09,1
1332,1332.0,347.000652,346.56666666666666,433.99,1
1333,1332.9999999999998,347.186198,346.6666666666667,519.53,1
1334,1333.9999999999995,347.358073,346.7,658.07,1
1335,1334.999999999999,347.52929700000004,346.7,829.3,1
1336,1335.9999999999989,347.723958,347.2,523.96,1
1337,1336.9999999999989,347.86328100000003,347.3666666666667,496.61,1
1338,1337.9999999999986,348.053385,347.46666666666664,586.72,1
1339,1338.9999999999984,348.226562,347.6333333333333,593.23,1
1340,1339.999999999998,348.38671899999997,347.8666666666667,520.05,1
1341,1340.9999999999977,348.573568,348.06666666666666,506.9,1
1342,1341.9999999999977,348.786458,348.06666666666666,719.79,1
1343,1342.9999999999973,348.920573,348.7,220.57,1
1344,1343.999999999997,349.106119,348.8,306.12,1
1345,1344.9999999999968,349.30078100000003,349.1,200.78,1
1346,1345.9999999999966,349.450521,349.3,150.52,1
1347,1346.9999999999966,349.633464,349.53333333333336,100.13,1
1348,1347.9999999999964,349.838542,349.8,38.54,1
1349,1348.9999999999961,350.00455800000003,349.8333333333333,171.22,1
1350,1349.9999999999957,350.166016,349.9,266.02,1
1351,1350.9999999999955,350.370443,349.9,470.44,1
1352,1351.9999999999955,350.552735,350.03333333333336,519.4,1
1353,1352.9999999999952,350.770833,350.23333333333335,537.5,1
1354,1353.999999999995,350.97265600000003,350.23333333333335,739.32,1
1355,1354.9999999999948,351.115235,350.93333333333334,181.9,1
1356,1355.9999999999943,351.288411,350.96666666666664,321.74,1
1357,1356.9999999999943,351.497396,350.96666666666664,530.73,1
1358,1357.9999999999939,351.630208,351.1,530.21,1
1359,1358.9999999999936,351.796875,351.26666666666665,530.21,1
1360,1359.9999999999934,351.998698,351.8,198.7,1
1361,1360.9999999999932,352.143229,352.03333333333336,109.9,1
1362,1361.9999999999932,352.311198,352.03333333333336,277.86,1
1363,1362.999999999993,352.450521,352.06666666666666,383.85,1
1364,1363.9999999999927,352.614583,352.1,514.58,1
1365,1364.9999999999923,352.752604,352.43333333333334,319.27,1
1366,1365.9999999999918,352.960938,352.43333333333334,527.6,1
1367,1366.9999999999918,353.09049500000003,352.8666666666667,223.83,1
1368,1367.9999999999918,353.262369,353.03333333333336,229.04,1
1369,1368.9999999999918,353.453125,353.26666666666665,186.46,1
1370,1369.9999999999918,353.608073,353.56666666666666,41.41,1
1371,1370.9999999999918,353.766927,353.56666666666666,200.26,1
1372,1371.9999999999918,353.970052,353.76666666666665,203.39,1
1373,1372.9999999999918,354.076823,353.96666666666664,110.16,1
1374,1373.9999999999918,354.252604,354.03333333333336,219.27,1
1375,1374.9999999999918,354.393229,354.3333333333333,59.9,1
1376,1375.9999999999918,354.56901,354.5,69.01,1
1377,1376.999999999992,354.710938,354.8666666666667,155.73,1
1378,1377.9999999999918,355.015625,354.9,115.63,1
1379,1378.9999999999918,355.098958,355.1666666666667,67.71,1
1380,1379.9999999999918,355.302083,355.46666666666664,164.58,1
1381,1380.9999999999918,355.44921899999997,355.53333333333336,84.11,1
1382,1381.9999999999918,355.639323,355.8,160.68,1
1383,1382.9999999999918,355.727213,355.96666666666664,239.45,1
1384,1383.9999999999918,355.985677,356.1666666666667,180.99,1
1385,1384.9999999999918,356.138021,356.3333333333333,195.31,1
1386,1385.9999999999918,356.296875,356.43333333333334,136.46,1
1387,1386.9999999999918,356.490885,356.6333333333333,142.45,1
1388,1387.9999999999918,356.632812,357.0,367.19,1
1389,1388.9999999999918,356.829427,357.1666666666667,337.24,1
1390,1389.9999999999918,356.973958,357.26666666666665,292.71,1
1391,1390.9999999999918,357.174479,357.43333333333334,258.85,1
1392,1391.9999999999918,357.328125,357.43333333333334,105.21,1
1393,1392.9999999999918,357.561198,357.7,138.8,1
1394,1393.9999999999918,357.703125,357.73333333333335,30.21,1
1395,1394.999999999992,357.820312,357.8333333333333,13.02,1
1396,1395.999999999992,358.061523,357.8333333333333,228.19,1
1397,1396.999999999992,358.302734,357.9,402.73,1
1398,1397.999999999992,358.543945,358.0,543.95,1
1399,1398.9999999999918,358.78515600000003,358.2,585.16,1
1400,1399.9999999999918,359.026367,358.56666666666666,459.7,1
1401,1400.9999999999918,359.26757799999996,358.7,567.58,1
1402,1401.9999999999918,359.53515600000003,358.96666666666664,568.49,1
1403,1402.9999999999918,359.682292,359.2,482.29,1
1404,1403.9999999999918,359.895833,359.53333333333336,362.5,1
1405,1404.9999999999918,360.059896,359.73333333333335,326.56,1
1406,1405.9999999999918,360.239583,359.8,439.58,1
1407,1406.9999999999918,360.298177,360.2,98.18,1
1408,1407.9999999999918,360.59765600000003,360.4,197.66,1
1409,1408.9999999999918,360.768229,360.4,368.23,1
1410,1409.9999999999918,360.924479,360.9,24.48,1
1411,1410.9999999999918,361.11328100000003,360.96666666666664,146.61,1
1412,1411.9999999999918,361.24609399999997,361.1666666666667,79.43,1
1413,1412.9999999999918,361.424479,361.23333333333335,191.15,1
1414,1413.9999999999918,361.58203100000003,361.46666666666664,115.36,1
1415,1414.9999999999918,361.778646,361.5,278.65,1
1416,1415.9999999999918,361.929688,361.8,129.69,1
1417,1416.9999999999918,362.13151,362.1666666666667,35.16,1
1418,1417.9999999999918,362.276042,362.26666666666665,9.38,1
1419,1418.999999999992,362.442708,362.4,42.71,1
1420,1419.999999999992,362.657877,362.5,157.88,1
1421,1420.999999999992,362.873046,362.73333333333335,139.71,1
1422,1421.999999999992,363.088216,362.8,288.22,1
1423,1422.9999999999918,363.303385,363.06666666666666,236.72,1
1424,1423.9999999999918,363.518554,363.26666666666665,251.89,1
1425,1424.9999999999918,363.733723,363.6333333333333,100.39,1
1426,1425.9999999999918,363.875,363.93333333333334,58.33,1
1427,1426.9999999999918,364.079427,364.03333333333336,46.09,1
1428,1427.9999999999918,364.200521,364.23333333333335,32.81,1
1429,1428.9999999999918,364.39974,364.23333333333335,166.41,1
1430,1429.9999999999918,364.576823,364.43333333333334,143.49,1
1431,1430.9999999999918,364.77474,364.43333333333334,341.41,1
1432,1431.9999999999918,364.942708,364.46666666666664,476.04,1
1433,1432.9999999999918,365.078125,364.5,578.12,1
1434,1433.9999999999918,365.299479,364.73333333333335,566.15,1
1435,1434.9999999999918,365.41276,364.93333333333334,479.43,1
1436,1435.9999999999918,365.626302,365.46666666666664,159.64,1
1437,1436.9999999999918,365.85026,365.6666666666667,183.59,1
1438,1437.9999999999918,365.985677,366.3,314.32,1
1439,1438.9999999999918,366.19140600000003,366.5,308.59,1
1440,1439.9999999999918,366.360026,366.5,139.97,1
1441,1440.9999999999918,366.580729,366.8666666666667,285.94,1
1442,1441.9999999999918,366.765625,367.0,234.38,1
1443,1442.9999999999918,366.927083,367.03333333333336,106.25,1
1444,1443.9999999999918,367.126302,367.03333333333336,92.97,1
1445,1444.9999999999918,367.283854,367.06666666666666,217.19,1
1446,1445.9999999999918,367.46484399999997,367.06666666666666,398.18,1
1447,1446.9999999999918,367.65625,367.1333333333333,522.92,1
1448,1447.9999999999918,367.84765600000003,367.1333333333333,714.32,1
1449,1448.9999999999918,368.075521,368.23333333333335,157.81,1
1450,1449.9999999999918,368.240885,368.3333333333333,92.45,1
1451,1450.9999999999918,368.428385,368.43333333333334,4.95,1
1452,1451.9999999999918,368.598958,368.43333333333334,165.62,1
1453,1452.9999999999918,368.78515600000003,369.26666666666665,481.51,1
1454,1453.9999999999918,368.985677,369.3333333333333,347.66,1
1455,1454.9999999999918,369.19401,369.3666666666667,172.66,1
1456,1455.9999999999918,369.39453100000003,369.3666666666667,27.86,1
1457,1456.9999999999918,369.54296899999997,369.4,142.97,1
1458,1457.9999999999918,369.71875,369.4,318.75,1
1459,1458.9999999999918,369.891927,369.6,291.93,1
1460,1459.9999999999918,370.08984399999997,369.9,189.84,1
1461,1460.9999999999918,370.242188,369.9,342.19,1
1462,1461.9999999999918,370.43099,370.46666666666664,35.68,1
1463,1462.9999999999918,370.640625,370.46666666666664,173.96,1
1464,1463.9999999999918,370.78776,370.76666666666665,21.09,1
1465,1464.9999999999918,370.984375,371.2,215.62,1
1466,1465.9999999999918,371.18359399999997,371.56666666666666,383.07,1
1467,1466.9999999999918,371.358073,371.56666666666666,208.59,1
1468,1467.9999999999918,371.580729,371.6,19.27,1
1469,1468.9999999999918,371.77734399999997,371.6333333333333,144.01,1
1470,1469.9999999999918,372.009115,371.6333333333333,375.78,1
1471,1470.9999999999918,372.26953100000003,371.7,569.53,1
1472,1471.9999999999918,372.580729,372.2,380.73,1
1473,1472.9999999999918,372.93359399999997,372.7,233.59,1
1474,1473.9999999999918,373.25260499999996,372.8,452.6,1
1475,1474.9999999999925,373.388021,373.1,288.02,1
1476,1475.9999999999925,373.613932,373.1,513.93,1
1477,1476.9999999999925,373.821615,373.6666666666667,154.95,1
1478,1477.9999999999923,374.00651,373.7,306.51,1
1479,1478.9999999999923,374.216146,373.7,516.15,1
1480,1479.999999999992,374.45572999999996,373.76666666666665,689.06,1
1481,1480.999999999992,374.61849,374.03333333333336,585.16,1
1482,1481.999999999992,374.83137999999997,374.26666666666665,564.71,1
1483,1482.999999999992,375.02734399999997,374.46666666666664,560.68,1
1484,1483.9999999999923,375.22526,374.6666666666667,558.59,1
1485,1484.9999999999918,375.46224,374.8333333333333,628.91,1
1486,1485.9999999999918,375.707682,375.03333333333336,674.35,1
1487,1486.9999999999916,375.86849,375.3666666666667,501.82,1
1488,1487.9999999999918,376.077474,375.5,577.47,1
1489,1488.9999999999916,376.311198,375.73333333333335,577.86,1
1490,1489.9999999999916,376.479167,375.93333333333334,545.83,1
1491,1490.9999999999918,376.710938,376.0,710.94,1
1492,1491.9999999999914,376.976563,376.1333333333333,843.23,1
1493,1492.9999999999916,377.129557,376.7,429.56,1
1494,1493.9999999999914,377.35546899999997,376.76666666666665,588.8,1
1495,1494.9999999999916,377.615885,376.93333333333334,682.55,1
1496,1495.9999999999911,377.81901,377.1333333333333,685.68,1
1497,1496.9999999999914,378.026042,377.4,626.04,1
1498,1497.9999999999905,378.258464,377.5,758.46,1
1499,1498.9999999999905,378.397786,377.8666666666667,531.12,1
1500,1499.9999999999905,378.625651,378.03333333333336,592.32,1
1501,1500.9999999999905,378.83984399999997,378.2,639.84,1
1502,1501.9999999999902,379.026042,378.46666666666664,559.38,1
1503,1502.9999999999902,379.234375,378.56666666666666,667.71,1
1504,1503.99999999999,379.460938,378.8333333333333,627.6,1
1505,1504.99999999999,379.64453100000003,378.96666666666664,677.86,1
1506,1505.99999999999,379.84375,379.3,543.75,1
1507,1506.9999999999898,380.059896,379.5,559.9,1
1508,1507.9999999999898,380.26171899999997,379.6666666666667,595.05,1
1509,1508.9999999999898,380.536458,380.03333333333336,503.12,1
1510,1509.9999999999895,380.807292,380.03333333333336,773.96,1
1511,1510.9999999999895,380.929688,380.3333333333333,596.35,1
1512,1511.9999999999895,381.174479,380.56666666666666,607.81,1
1513,1512.9999999999895,381.380208,380.8333333333333,546.87,1
1514,1513.9999999999895,381.579428,381.0,579.43,1
1515,1514.9999999999893,381.788411,381.2,588.41,1
1516,1515.9999999999893,382.015625,381.6666666666667,348.96,1
1517,1516.999999999989,382.157552,381.8666666666667,290.89,1
1518,1517.9999999999893,382.38671899999997,381.9,486.72,1
1519,1518.999999999989,382.638021,382.06666666666666,571.35,1
1520,1519.999999999989,382.82617200000004,382.2,626.17,1
1521,1520.9999999999889,383.03776,382.4,637.76,1
1522,1521.9999999999889,383.274089,382.7,574.09,1
1523,1522.9999999999884,383.386068,383.03333333333336,352.73,1
1524,1523.9999999999889,383.614583,383.1,514.58,1
1525,1524.9999999999889,383.815104,383.4,415.1,1
1526,1525.9999999999884,383.98828100000003,383.6,388.28,1
1527,1526.9999999999884,384.208333,383.6,608.33,1
1528,1527.9999999999882,384.445313,383.8,645.31,1
1529,1528.9999999999882,384.552734,383.8333333333333,719.4,1
1530,1529.9999999999882,384.790365,384.26666666666665,523.7,1
1531,1530.9999999999882,385.00651,384.3,706.51,1
1532,1531.999999999988,385.21875,384.56666666666666,652.08,1
1533,1532.999999999988,385.619792,384.6333333333333,986.46,1
1534,1533.9999999999882,385.958333,384.76666666666665,1191.67,1
1535,1534.9999999999877,386.109375,385.23333333333335,876.04,1
1536,1535.9999999999882,386.39257799999996,385.56666666666666,825.91,1
1537,1536.9999999999877,386.584635,385.8,784.63,1
1538,1537.9999999999877,386.747396,385.93333333333334,814.06,1
1539,1538.9999999999875,386.94140600000003,386.2,741.41,1
1540,1539.9999999999875,387.154948,386.43333333333334,721.61,1
1541,1540.9999999999875,387.272787,386.73333333333335,539.45,1
1542,1541.9999999999875,387.491536,386.96666666666664,524.87,1
1543,1542.999999999987,387.888021,387.1333333333333,754.69,1
1544,1543.999999999987,388.01757799999996,387.3,717.58,1
1545,1544.9999999999868,388.414062,387.7,714.06,1
1546,1545.9999999999868,388.610026,387.8333333333333,776.69,1
1547,1546.9999999999866,388.80599,388.1333333333333,672.66,1
1548,1547.9999999999868,388.938802,388.43333333333334,505.47,1
1549,1548.9999999999868,389.138021,388.5,638.02,1
1550,1549.9999999999868,389.268229,388.76666666666665,501.56,1
1551,1550.9999999999864,389.463542,388.93333333333334,530.21,1
1552,1551.9999999999864,389.651042,389.23333333333335,417.71,1
1553,1552.9999999999861,389.817708,389.3,517.71,1
1554,1553.9999999999861,390.018229,389.43333333333334,584.9,1
1555,1554.9999999999861,390.219184,389.56666666666666,652.52,1
1556,1555.9999999999861,390.420139,389.6,820.14,1
1557,1556.9999999999861,390.62109399999997,390.06666666666666,554.43,1
1558,1557.999999999986,390.81901,390.06666666666666,752.34,1
1559,1558.999999999986,390.986979,390.1,886.98,1
1560,1559.9999999999857,391.140625,390.4,740.63,1
1561,1560.9999999999857,391.338542,390.8666666666667,471.88,1
1562,1561.9999999999857,391.548177,391.0,548.18,1
1563,1562.9999999999857,391.744792,391.1666666666667,578.13,1
1564,1563.9999999999854,391.89453100000003,391.4,494.53,1
1565,1564.9999999999854,392.057292,391.6,457.29,1
1566,1565.9999999999854,392.223958,391.6666666666667,557.29,1
1567,1566.9999999999852,392.434896,391.9,534.9,1
1568,1567.9999999999854,392.64453100000003,392.1333333333333,511.2,1
1569,1568.9999999999852,392.795573,392.26666666666665,528.91,1
1570,1569.9999999999852,393.0625,392.6,462.5,1
1571,1570.9999999999852,393.210286,392.73333333333335,476.95,1
1572,1571.9999999999852,393.36132799999996,392.8,561.33,1
1573,1572.9999999999852,393.546875,393.23333333333335,313.54,1
1574,1573.9999999999852,393.69856699999997,393.3666666666667,331.9,1
1575,1574.999999999985,393.91796899999997,393.3666666666667,551.3,1
1576,1575.999999999985,394.108073,393.43333333333334,674.74,1
1577,1576.9999999999848,394.28515600000003,393.7,585.16,1
1578,1577.9999999999848,394.498698,393.9,598.7,1
1579,1578.9999999999848,394.704427,393.93333333333334,771.09,1
1580,1579.9999999999845,394.91015600000003,393.96666666666664,943.49,1
1581,1580.9999999999848,395.115885,394.43333333333334,682.55,1
1582,1581.9999999999843,395.27734399999997,394.43333333333334,844.01,1
1583,1582.9999999999843,395.47526,394.5,975.26,1
1584,1583.999999999984,395.630859,395.2,430.86,1
1585,1584.9999999999843,395.830729,395.26666666666665,564.06,1
1586,1585.999999999984,396.022135,395.5,522.13,1
1587,1586.999999999984,396.225911,395.6,625.91,1
1588,1587.9999999999839,396.393229,395.76666666666665,626.56,1
1589,1588.9999999999839,396.596354,396.1,496.35,1
1590,1589.9999999999834,396.751302,396.3666666666667,384.64,1
1591,1590.9999999999834,396.972006,396.4,572.01,1
1592,1591.9999999999834,397.117188,396.53333333333336,583.85,1
1593,1592.9999999999834,397.317708,396.76666666666665,551.04,1
1594,1593.9999999999832,397.476562,396.93333333333334,543.23,1
1595,1594.9999999999832,397.658854,397.1,558.85,1
1596,1595.9999999999832,397.797527,397.3,497.53,1
1597,1596.999999999983,397.992188,397.56666666666666,425.52,1
1598,1597.999999999983,398.16015600000003,398.3333333333333,173.18,1
1599,1598.999999999983,398.353516,398.3666666666667,13.15,1
1600,1599.999999999983,398.51171899999997,398.6,88.28,1
1601,1600.9999999999827,398.69140600000003,398.8,108.59,1
1602,1601.9999999999827,398.85026,398.8333333333333,16.93,1
1603,1602.9999999999825,399.052083,399.2,147.92,1
1604,1603.9999999999825,399.20637999999997,399.2,6.38,1
1605,1604.9999999999823,399.390625,399.3,90.62,1
1606,1605.9999999999825,399.570312,399.3,270.31,1
1607,1606.999999999982,399.76171899999997,399.3666666666667,395.05,1
1608,1607.999999999982,399.950521,399.46666666666664,483.85,1
1609,1608.999999999982,400.110677,399.7,410.68,1
1610,1609.9999999999818,400.28515600000003,399.7,585.16,1
1611,1610.9999999999818,400.450521,400.06666666666666,383.85,1
1612,1611.9999999999816,400.64453100000003,400.26666666666665,377.86,1
1613,1612.9999999999816,400.852865,400.3666666666667,486.2,1
1614,1613.9999999999814,401.078125,400.43333333333334,644.79,1
1615,1614.9999999999814,401.31640600000003,400.56666666666666,749.74,1
1616,1615.9999999999811,401.56640600000003,400.8333333333333,733.07,1
1617,1616.9999999999811,401.817708,401.0,817.71,1
1618,1617.999999999981,402.22265600000003,401.0,1222.66,1
1619,1618.999999999981,402.415365,401.46666666666664,948.7,1
1620,1619.999999999981,402.580729,401.73333333333335,847.4,1
1621,1620.9999999999807,402.709635,401.96666666666664,742.97,1
1622,1621.999999999981,402.83007799999996,402.3333333333333,496.74,1
1623,1622.9999999999807,402.983073,402.53333333333336,449.74,1
1624,1623.9999999999807,403.108724,402.8,308.72,1
1625,1624.9999999999804,403.251302,403.1,151.3,1
1626,1625.9999999999807,403.399089,403.3333333333333,65.76,1
1627,1626.9999999999802,403.563802,403.6,36.2,1
1628,1627.9999999999804,403.723958,403.6666666666667,57.29,1
1629,1628.9999999999802,404.225911,403.73333333333335,492.58,1
1630,1629.9999999999802,404.593099,403.9,693.1,1
1631,1630.9999999999798,404.758464,403.9,858.46,1
1632,1631.9999999999802,404.986979,404.23333333333335,753.65,1
1633,1632.9999999999798,405.226562,404.3,926.56,1
1634,1633.9999999999798,405.486979,405.0,486.98,1
1635,1634.9999999999798,405.84049500000003,405.0,840.5,1
1636,1635.9999999999795,406.12890600000003,405.1333333333333,995.57,1
1637,1636.9999999999795,406.25651,405.2,1056.51,1
1638,1637.9999999999795,406.50390600000003,405.8333333333333,670.57,1
1639,1638.9999999999795,406.74349,406.1333333333333,610.16,1
1640,1639.9999999999793,406.959635,406.1333333333333,826.3,1
1641,1640.9999999999793,407.29362000000003,406.5,793.62,1
1642,1641.999999999979,407.57421899999997,406.5,1074.22,1
1643,1642.999999999979,407.71875,406.76666666666665,952.08,1
1644,1643.999999999979,407.932292,407.26666666666665,665.63,1
1645,1644.999999999979,408.147135,407.43333333333334,713.8,1
1646,1645.9999999999789,408.349609,407.93333333333334,416.28,1
1647,1646.9999999999789,408.647786,408.03333333333336,614.45,1
1648,1647.9999999999789,408.908854,408.03333333333336,875.52,1
1649,1648.9999999999786,409.045573,408.3333333333333,712.24,1
1650,1649.9999999999789,409.265625,408.6333333333333,632.29,1
1651,1650.9999999999786,409.507813,408.76666666666665,741.15,1
1652,1651.9999999999786,409.734375,409.26666666666665,467.71,1
1653,1652.9999999999784,409.97265600000003,409.3666666666667,605.99,1
1654,1653.9999999999784,410.264323,409.53333333333336,730.99,1
1655,1654.999999999978,410.404296,409.7,704.3,1
1656,1655.9999999999784,410.651042,410.06666666666666,584.38,1
1657,1656.999999999978,410.958984,410.1666666666667,792.32,1
1658,1657.999999999978,411.209635,410.6,609.63,1
1659,1658.9999999999777,411.429036,410.76666666666665,662.37,1
1660,1659.9999999999777,411.790365,410.9,890.37,1
1661,1660.9999999999777,411.91992200000004,411.23333333333335,686.59,1
1662,1661.9999999999777,412.164063,411.46666666666664,697.4,1
1663,1662.9999999999777,412.454427,411.7,754.43,1
1664,1663.9999999999775,412.676432,411.93333333333334,743.1,1
1665,1664.9999999999775,412.882813,412.06666666666666,816.15,1
1666,1665.9999999999773,413.223958,412.7,523.96,1
1667,1666.9999999999773,413.358073,412.73333333333335,624.74,1
1668,1667.9999999999773,413.625,412.96666666666664,658.33,1
1669,1668.9999999999773,413.91796899999997,413.2,717.97,1
1670,1669.999999999977,414.13737000000003,413.4,737.37,1
1671,1670.999999999977,414.335938,413.73333333333335,602.6,1
1672,1671.9999999999768,414.68359399999997,413.8666666666667,816.93,1
1673,1672.9999999999768,414.795573,414.1666666666667,628.91,1
1674,1673.999999999977,415.04427000000004,414.1666666666667,877.6,1
1675,1674.9999999999768,415.329427,414.6666666666667,662.76,1
1676,1675.9999999999768,415.547526,414.8333333333333,714.19,1
1677,1676.9999999999766,415.740235,415.1666666666667,573.57,1
1678,1677.9999999999766,416.09830800000003,415.3333333333333,764.97,1
1679,1678.999999999976,416.23828100000003,415.53333333333336,704.95,1
1680,1679.9999999999766,416.472006,415.8333333333333,638.67,1
1681,1680.999999999976,416.733073,416.03333333333336,699.74,1
1682,1681.999999999976,416.938802,416.26666666666665,672.14,1
1683,1682.9999999999757,417.111979,416.3333333333333,778.65,1
1684,1683.9999999999757,417.45117200000004,416.73333333333335,717.84,1
1685,1684.9999999999754,417.616537,416.96666666666664,649.87,1
1686,1685.9999999999757,417.854167,417.1,754.17,1
1687,1686.9999999999757,418.085286,417.3,785.29,1
1688,1687.9999999999754,418.270833,417.6,670.83,1
1689,1688.9999999999752,418.44075499999997,417.7,740.75,1
1690,1689.9999999999752,418.793619,417.7,1093.62,1
1691,1690.9999999999752,418.940104,418.3666666666667,573.44,1
1692,1691.9999999999752,419.098958,418.43333333333334,665.62,1
1693,1692.9999999999752,419.352865,418.6666666666667,686.2,1
1694,1693.999999999975,419.567708,418.93333333333334,634.37,1
1695,1694.999999999975,419.748047,419.06666666666666,681.38,1
1696,1695.9999999999748,420.104167,419.1,1004.17,1
1697,1696.9999999999748,420.27474000000007,419.3666666666667,908.07,1
1698,1697.9999999999748,420.539063,419.76666666666665,772.4,1
1699,1698.9999999999748,420.777343,420.0,777.34,1
1700,1699.9999999999748,420.964843,420.26666666666665,698.18,1
1701,1700.9999999999745,421.150391,420.5,650.39,1
1702,1701.9999999999745,421.499349,420.5,999.35,1
1703,1702.9999999999743,421.638672,421.0,638.67,1
1704,1703.9999999999745,421.874349,421.2,674.35,1
1705,1704.9999999999743,422.095703,421.4,695.7,1
1706,1705.9999999999743,422.27994800000005,421.6333333333333,646.61,1
1707,1706.9999999999739,422.49544299999997,421.8666666666667,628.78,1
1708,1707.9999999999739,422.86849000000007,421.8666666666667,1001.82,1
1709,1708.9999999999736,423.09375,422.43333333333334,660.42,1
1710,1709.9999999999739,423.34505199999995,422.7,645.05,1
1711,1710.9999999999736,423.651042,423.0,651.04,1
1712,1711.9999999999736,423.90755199999995,423.03333333333336,874.22,1
1713,1712.9999999999736,424.15885499999996,423.1666666666667,992.19,1
1714,1713.9999999999734,424.713542,423.1666666666667,1546.88,1
1715,1714.9999999999748,425.022787,424.06666666666666,956.12,1
1716,1715.9999999999748,425.235026,424.2,1035.03,1
1717,1716.9999999999748,425.52474000000007,424.4,1124.74,1
1718,1717.999999999975,425.79036500000007,424.7,1090.37,1
1719,1718.999999999975,426.072266,425.23333333333335,838.93,1
1720,1719.999999999975,426.365234,425.23333333333335,1131.9,1
1721,1720.999999999975,426.64713600000005,426.06666666666666,580.47,1
1722,1721.999999999975,426.882162,426.06666666666666,815.5,1
1723,1722.999999999975,427.174479,426.3333333333333,841.15,1
1724,1723.999999999975,427.46028600000005,426.6666666666667,793.62,1
1725,1724.999999999975,427.81119800000005,426.8,1011.2,1
1726,1725.9999999999752,428.03599299999996,427.06666666666666,969.33,1
1727,1726.9999999999752,428.260789,427.43333333333334,827.46,1
1728,1727.9999999999752,428.48558399999996,427.73333333333335,752.25,1
1729,1728.9999999999752,428.71038,427.73333333333335,977.05,1
1730,1729.9999999999752,428.935175,427.8,1135.18,1
1731,1730.999999999975,429.159971,428.3,859.97,1
1732,1731.999999999975,429.384766,429.26666666666665,118.1,1
1733,1732.9999999999804,429.753907,429.43333333333334,320.57,1
1734,1733.9999999999802,430.005208,429.43333333333334,571.87,1
1735,1734.9999999999802,430.294922,429.46666666666664,828.26,1
1736,1735.9999999999798,430.607422,429.56666666666666,1040.76,1
1737,1736.9999999999798,430.99088600000005,429.96666666666664,1024.22,1
1738,1737.9999999999802,431.325358,430.0,1325.36,1
1739,1738.9999999999802,431.65983099999994,430.56666666666666,1093.16,1
1740,1739.9999999999802,431.994303,430.8,1194.3,1
1741,1740.9999999999798,432.328776,430.8,1528.78,1
1742,1741.9999999999918,432.82161500000007,430.96666666666664,1854.95,1
1743,1742.9999999999918,433.520833,431.6,1920.83,1
1744,1743.9999999999918,434.10286500000007,432.2,1902.87,1
1745,1744.9999999999916,434.684896,432.53333333333336,2151.56,1
1746,1745.9999999999916,435.26692699999995,432.73333333333335,2533.59,1
1747,1746.9999999999916,435.848958,432.9,2948.96,1
1748,1747.9999999999916,436.43099000000007,434.23333333333335,2197.66,1
1749,1748.9999999999918,437.013021,437.3333333333333,320.31,1
1750,1749.999999999972,437.59505199999995,437.3333333333333,261.72,1
1751,1750.9999999999718,438.177083,438.2,22.92,1
1752,1751.9999999999714,438.338542,438.23333333333335,105.21,1
1753,1752.9999999999714,438.582032,438.23333333333335,348.7,1
1754,1753.9999999999714,438.825521,438.26666666666665,558.85,1
1755,1754.9999999999704,439.026042,438.3,726.04,1
1756,1755.9999999999707,439.230903,438.3,930.9,1
1757,1756.9999999999707,439.43576399999995,438.3333333333333,1102.43,1
1758,1757.9999999999704,439.640625,438.3666666666667,1273.96,1
1759,1758.9999999999704,439.84548600000005,438.3666666666667,1478.82,1
1760,1759.9999999999704,440.050347,438.4,1650.35,1
1761,1760.99999999997,440.255208,438.4,1855.21,1
1762,1761.9999999999704,440.476779,438.43333333333334,2043.45,1
1763,1762.9999999999702,440.698351,438.46666666666664,2231.68,1
1764,1763.9999999999702,440.919922,438.5,2419.92,1
1765,1764.9999999999702,441.132487,438.6666666666667,2465.82,1
1766,1765.9999999999704,441.34505199999995,438.8333333333333,2511.72,1
1767,1766.9999999999702,441.557617,439.93333333333334,1624.28,1
1768,1767.9999999999702,441.77018200000003,440.96666666666664,803.52,1
1769,1768.9999999999702,441.98274699999996,441.0,982.75,1
1770,1769.99999999997,442.195312,441.0,1195.31,1
1771,1770.9999999999702,442.363281,441.03333333333336,1329.95,1
1772,1771.9999999999698,442.53125,441.06666666666666,1464.58,1
1773,1772.9999999999698,442.761719,442.23333333333335,528.39,1
1774,1773.9999999999698,443.019857,442.43333333333334,586.52,1
1775,1774.9999999999698,443.27799500000003,442.46666666666664,811.33,1
1776,1775.9999999999684,443.444662,442.73333333333335,711.33,1
1777,1776.9999999999688,443.66080700000003,442.93333333333334,727.47,1
1778,1777.9999999999686,443.876953,443.1,776.95,1
1779,1778.999999999968,444.08137999999997,443.1,981.38,1
1780,1779.9999999999677,444.29524699999996,443.1333333333333,1161.91,1
1781,1780.999999999968,444.50911399999995,443.1666666666667,1342.45,1
1782,1781.999999999968,444.722982,443.1666666666667,1556.32,1
1783,1782.999999999968,444.936849,443.2,1736.85,1
1784,1783.9999999999677,445.150716,443.2,1950.72,1
1785,1784.9999999999675,445.364583,443.23333333333335,2131.25,1
1786,1785.9999999999677,445.572917,443.26666666666665,2306.25,1
1787,1786.9999999999677,445.78125,443.26666666666665,2514.58,1
1788,1787.9999999999675,445.989583,443.56666666666666,2422.92,1
1789,1788.9999999999675,446.197917,444.03333333333336,2164.58,1
1790,1789.9999999999675,446.40625,444.06666666666666,2339.58,1
1791,1790.9999999999677,446.614583,445.1333333333333,1481.25,1
1792,1791.9999999999675,446.822917,446.1666666666667,656.25,1
1793,1792.9999999999675,447.03125,446.26666666666665,764.58,1
1794,1793.9999999999673,447.239583,446.26666666666665,972.92,1
1795,1794.9999999999673,447.406901,446.3,1106.9,1
1796,1795.9999999999668,447.574218,446.3333333333333,1240.88,1
1797,1796.9999999999668,447.796875,446.5,1296.88,1
1798,1797.999999999967,447.97569400000003,446.6666666666667,1309.03,1
1799,1798.9999999999668,448.15451399999995,447.23333333333335,921.18,1
1800,1799.9999999999668,448.333333,447.8,533.33,1
1801,1800.999999999967,448.503906,447.8333333333333,670.57,1
1802,1801.9999999999668,448.674479,447.8666666666667,807.81,1
1803,1802.9999999999668,448.84505199999995,448.3333333333333,511.72,1
1804,1803.9999999999668,449.04058200000003,448.3333333333333,707.25,1
1805,1804.9999999999666,449.23611100000005,448.73333333333335,502.78,1
1806,1805.9999999999663,449.431641,448.8,631.64,1
1807,1806.9999999999668,449.66118,449.43333333333334,227.85,1
1808,1807.9999999999668,449.890718,450.1,209.28,1
1809,1808.9999999999666,450.12025700000004,451.1666666666667,1046.41,1
1810,1809.9999999999666,450.34979500000003,451.3666666666667,1016.87,1
1811,1810.9999999999668,450.57933399999996,452.56666666666666,1987.33,1
1812,1811.9999999999668,450.80887199999995,452.6666666666667,1857.79,1
1813,1812.9999999999666,451.03841100000005,452.6666666666667,1628.26,1
1814,1813.9999999999666,451.26744800000006,452.7,1432.55,1
1815,1814.9999999999666,451.496484,452.73333333333335,1236.85,1
1816,1815.9999999999668,451.725521,452.73333333333335,1007.81,1
1817,1816.9999999999666,451.954557,452.9,945.44,1
1818,1817.9999999999666,452.183593,453.3666666666667,1183.07,1
1819,1818.9999999999666,452.41263,453.3666666666667,954.04,1
1820,1819.9999999999666,452.641666,453.6,958.33,1
1821,1820.9999999999668,452.87070300000005,453.8,929.3,1
1822,1821.9999999999668,453.09973899999994,454.03333333333336,933.59,1
1823,1822.9999999999668,453.328776,454.06666666666666,737.89,1
1824,1823.999999999966,453.523438,454.3666666666667,843.23,1
1825,1824.999999999966,453.77180999999996,454.3666666666667,594.86,1
1826,1825.9999999999652,454.02018200000003,454.4,379.82,1
1827,1826.9999999999648,454.239583,454.43333333333334,193.75,1
1828,1827.9999999999645,454.43967000000004,454.43333333333334,6.34,1
1829,1828.9999999999645,454.63975700000003,454.46666666666664,173.09,1
1830,1829.9999999999648,454.839843,454.46666666666664,373.18,1
1831,1830.9999999999648,455.03992999999997,454.5,539.93,1
1832,1831.9999999999645,455.24001699999997,454.53333333333336,706.68,1
1833,1832.9999999999645,455.440104,454.53333333333336,906.77,1
1834,1833.9999999999643,455.66579900000005,454.56666666666666,1099.13,1
1835,1834.9999999999645,455.89149299999997,454.6,1291.49,1
1836,1835.999999999964,456.117188,455.43333333333334,683.85,1
1837,1836.9999999999643,456.301042,455.46666666666664,834.38,1
1838,1837.9999999999643,456.484896,455.6333333333333,851.56,1
1839,1838.9999999999643,456.66875,456.73333333333335,64.58,1
1840,1839.9999999999645,456.852604,456.73333333333335,119.27,1
1841,1840.9999999999638,457.036458,456.76666666666665,269.79,1
1842,1841.9999999999638,457.24349000000007,456.8,443.49,1
1843,1842.9999999999638,457.41080800000003,456.8,610.81,1
1844,1843.9999999999636,457.578125,457.3666666666667,211.46,1
1845,1844.9999999999636,457.792969,457.56666666666666,226.3,1
1846,1845.9999999999636,458.04557300000005,457.76666666666665,278.91,1
1847,1846.9999999999636,458.298178,457.96666666666664,331.51,1
1848,1847.9999999999627,458.44401100000005,458.1333333333333,310.68,1
1849,1848.9999999999627,458.6546230000001,458.1666666666667,487.96,1
1850,1849.9999999999627,458.865234,458.3333333333333,531.9,1
1851,1850.9999999999616,459.050782,458.4,650.78,1
1852,1851.999999999962,459.25325499999997,458.4,853.25,1
1853,1852.9999999999616,459.455729,458.43333333333334,1022.4,1
1854,1853.9999999999616,459.658203,458.46666666666664,1191.54,1
1855,1854.999999999962,459.86067699999995,458.46666666666664,1394.01,1
1856,1855.999999999962,460.063151,458.5,1563.15,1
1857,1856.9999999999616,460.265625,458.5,1765.62,1
1858,1857.9999999999616,460.476563,459.03333333333336,1443.23,1
1859,1858.9999999999613,460.6875,459.06666666666666,1620.83,1
1860,1859.9999999999616,460.898438,460.26666666666665,631.77,1
1861,1860.9999999999616,461.10069500000003,460.46666666666664,634.03,1
1862,1861.9999999999613,461.30295199999995,460.6666666666667,636.29,1
1863,1862.9999999999613,461.505208,460.6666666666667,838.54,1
1864,1863.9999999999613,461.707465,462.1333333333333,425.87,1
1865,1864.9999999999613,461.909722,462.3333333333333,423.61,1
1866,1865.999999999961,462.111979,462.3333333333333,221.35,1
1867,1866.9999999999613,462.27213600000005,462.3666666666667,94.53,1
1868,1867.999999999961,462.432292,462.5,67.71,1
1869,1868.9999999999607,462.66275999999993,462.53333333333336,129.43,1
1870,1869.999999999961,462.83376699999997,462.56666666666666,267.1,1
1871,1870.999999999961,463.004774,462.56666666666666,438.11,1
1872,1871.9999999999607,463.175781,462.6333333333333,542.45,1
1873,1872.9999999999607,463.341146,462.6333333333333,707.81,1
1874,1873.9999999999607,463.50650999999993,463.1333333333333,373.18,1
1875,1874.9999999999607,463.671875,463.23333333333335,438.54,1
1876,1875.9999999999607,463.84830700000003,463.26666666666665,581.64,1
1877,1876.9999999999607,464.02474000000007,463.6,424.74,1
1878,1877.9999999999604,464.201172,463.6333333333333,567.84,1
1879,1878.9999999999604,464.37662800000004,463.6666666666667,709.96,1
1880,1879.9999999999607,464.552083,463.76666666666665,785.42,1
1881,1880.9999999999607,464.727539,464.0,727.54,1
1882,1881.9999999999607,464.90299500000003,464.3666666666667,536.33,1
1883,1882.9999999999604,465.07845,464.73333333333335,345.12,1
1884,1883.9999999999604,465.253906,464.93333333333334,320.57,1
1885,1884.9999999999607,465.687066,465.0,687.07,1
1886,1885.9999999999607,466.120225,465.3666666666667,753.56,1
1887,1886.9999999999604,466.55338499999993,465.3666666666667,1186.72,1
1888,1887.9979166666267,466.65039,465.43333333333334,1217.06,1
1889,1888.9979166666265,466.747396,465.53333333333336,1214.06,1
1890,1889.9999999999598,466.844401,465.7,1144.4,1
1891,1890.997916666626,466.941406,465.9,1041.41,1
1892,1891.9979166666258,467.038412,466.3,738.41,1
1893,1892.9999999999588,467.135417,466.4,735.42,1
1894,1893.9999999999588,467.33756500000004,466.4,937.57,1
1895,1894.999999999959,467.53971399999995,466.8666666666667,673.05,1
1896,1895.9999999999588,467.70377699999995,466.8666666666667,837.11,1
1897,1896.9999999999588,467.910156,466.93333333333334,976.82,1
1898,1897.9999999999586,468.019531,467.3,719.53,1
1899,1898.9999999999584,468.21224000000007,467.8,412.24,1
1900,1899.9999999999584,468.35286500000007,468.0,352.87,1
1901,1900.9999999999575,468.535156,468.1333333333333,401.82,1
1902,1901.9999999999575,468.70182300000005,468.26666666666665,435.16,1
1903,1902.9999999999575,468.908854,468.3333333333333,575.52,1
1904,1903.9999999999575,469.11588600000005,468.3666666666667,749.22,1
1905,1904.9999999999575,469.322917,469.4,77.08,1
1906,1905.999999999957,469.510417,469.4,110.42,1
1907,1906.999999999957,469.682292,469.43333333333334,248.96,1
1908,1907.9999999999568,469.847657,469.46666666666664,380.99,1
1909,1908.9999999999568,470.003906,469.5,503.91,1
1910,1909.9999999999568,470.190104,469.7,490.1,1
1911,1910.9999999999566,470.361979,469.73333333333335,628.65,1
1912,1911.9999999999566,470.54036500000007,470.0,540.37,1
1913,1912.9999999999563,470.703125,470.0,703.12,1
1914,1913.999999999956,470.861328,470.06666666666666,794.66,1
1915,1914.9999999999561,471.052083,470.1666666666667,885.42,1
1916,1915.999999999956,471.230469,470.7,530.47,1
1917,1916.999999999956,471.453125,470.8666666666667,586.46,1
1918,1917.999999999956,471.6422519999999,471.2,442.25,1
1919,1918.999999999956,471.83137999999997,471.46666666666664,364.71,1
1920,1919.9999999999561,472.005208,471.6333333333333,371.87,1
1921,1920.9999999999557,472.213542,471.73333333333335,480.21,1
1922,1921.9999999999557,472.296875,472.1,196.87,1
1923,1922.9999999999554,472.507812,472.1,407.81,1
1924,1923.9999999999552,472.653646,472.3,353.65,1
1925,1924.9999999999552,472.82161500000007,472.3666666666667,454.95,1
1926,1925.9999999999543,472.97786500000007,472.53333333333336,444.53,1
1927,1926.9999999999548,473.17361100000005,472.6,573.61,1
1928,1927.9999999999548,473.36935800000003,473.93333333333334,563.98,1
1929,1928.9999999999543,473.565104,473.93333333333334,368.23,1
1930,1929.9999999999543,473.802083,473.96666666666664,164.58,1
1931,1930.9999999999538,473.96875,474.0,31.25,1
1932,1931.9999999999538,474.09505199999995,474.0,95.05,1
1933,1932.9999999999538,474.234375,474.03333333333336,201.04,1
1934,1933.9999999999536,474.395833,474.03333333333336,362.5,1
1935,1934.9999999999538,474.576172,474.1,476.17,1
1936,1935.9999999999534,474.739583,474.23333333333335,506.25,1
1937,1936.9999999999534,474.914062,474.46666666666664,447.4,1
1938,1937.9999999999532,475.07356799999997,474.5,573.57,1
1939,1938.9999999999532,475.273438,474.76666666666665,506.77,1
1940,1939.9999999999534,475.503906,474.96666666666664,537.24,1
1941,1940.9999999999532,475.911458,475.1,811.46,1
1942,1941.999999999952,476.203125,475.4,803.13,1
1943,1942.9999999999516,476.40755199999995,475.73333333333335,674.22,1
1944,1943.9999999999516,476.5625,475.93333333333334,629.17,1
1945,1944.9999999999516,476.80924500000003,476.2,609.25,1
1946,1945.9999999999516,476.942708,476.5,442.71,1
1947,1946.9999999999513,477.315104,476.76666666666665,548.44,1
1948,1947.9999999999511,477.49869800000005,476.9,598.7,1
1949,1948.9999999999513,477.682292,477.1333333333333,548.96,1
1950,1949.9999999999516,478.06380199999995,477.26666666666665,797.14,1
1951,1950.9999999999511,478.330729,477.56666666666666,764.06,1
1952,1951.9999999999513,478.549479,477.7,849.48,1
1953,1952.9999999999518,478.68294299999997,478.03333333333336,649.61,1
1954,1953.9999999999513,478.872396,478.46666666666664,405.73,1
1955,1954.9999999999518,479.07161500000007,478.6666666666667,404.95,1
1956,1955.9999999999511,479.270833,478.7,570.83,1
1957,1956.9999999999511,479.484375,479.0,484.38,1
1958,1957.9999999999513,479.65299400000004,479.06666666666666,586.33,1
1959,1958.9999999999507,479.94400999999993,479.3666666666667,577.34,1
1960,1959.9999999999507,480.161458,479.5,661.46,1
1961,1960.9999999999513,480.34505199999995,479.7,645.05,1
1962,1961.9999999999507,480.530599,479.73333333333335,797.27,1
1963,1962.9999999999513,480.73567699999995,480.1333333333333,602.34,1
1964,1963.9999999999502,480.969528,480.43333333333334,536.19,1
1965,1964.9999999999502,481.325805,480.46666666666664,859.14,1
1966,1965.9999999999507,481.539062,480.46666666666664,1072.4,1
1967,1966.99999999995,481.753338,480.5,1253.34,1
1968,1967.9999999999502,481.93024800000006,481.06666666666666,863.58,1
1969,1968.9999999999507,482.19315599999993,481.3,893.16,1
1970,1969.9999999999498,482.44623600000006,481.7,746.24,1
1971,1970.9999999999498,482.669271,482.1333333333333,535.94,1
1972,1971.999999999949,482.872396,482.26666666666665,605.73,1
1973,1972.9999999999495,483.083333,482.46666666666664,616.67,1
1974,1973.9999999999495,483.43880199999995,482.6666666666667,772.14,1
1975,1974.9999999999493,483.683594,482.8333333333333,850.26,1
1976,1975.9999999999495,483.880859,482.8666666666667,1014.19,1
1977,1976.9999999999498,484.078125,483.4,678.13,1
1978,1977.9999999999493,484.285157,483.6666666666667,618.49,1
1979,1978.9999999999495,484.481771,483.8333333333333,648.44,1
1980,1979.9999999999486,484.67838600000005,484.1,578.39,1
1981,1980.9999999999488,484.907553,484.2,707.55,1
1982,1981.9999999999495,485.098958,484.6666666666667,432.29,1
1983,1982.9999999999486,485.335938,484.73333333333335,602.6,1
1984,1983.9999999999488,485.544271,484.96666666666664,577.6,1
1985,1984.999999999949,485.72786500000007,485.1333333333333,594.53,1
1986,1985.9999999999486,485.93880199999995,485.23333333333335,705.47,1
1987,1986.9999999999488,486.14713499999993,485.23333333333335,913.8,1
1988,1987.9999999999493,486.351563,485.3333333333333,1018.23,1
1989,1988.9999999999486,486.766276,485.96666666666664,799.61,1
1990,1989.999999999949,487.003906,485.96666666666664,1037.24,1
1991,1990.9999999999486,487.210938,486.03333333333336,1177.6,1
1992,1991.9999999999486,487.427083,486.06666666666666,1360.42,1
1993,1992.9999999999486,487.648438,486.1333333333333,1515.1,1
1994,1993.9999999999484,487.867188,486.3666666666667,1500.52,1
1995,1994.9999999999484,488.119141,486.6666666666667,1452.47,1
1996,1995.9999999999488,488.32682300000005,487.6666666666667,660.16,1
1997,1996.9999999999484,488.519531,487.8666666666667,652.86,1
1998,1997.9999999999486,488.72200499999997,487.96666666666664,755.34,1
1999,1998.9999999999482,488.917969,488.3333333333333,584.64,1
2000,1999.9999999999484,489.13411500000007,488.6,534.12,1
2001,2000.9999999999484,489.359375,488.73333333333335,626.04,1
2002,2001.9999999999482,489.567708,488.9,667.71,1
2003,2002.9999999999484,489.794271,489.03333333333336,760.94,1
2004,2003.9999999999486,490.020833,489.03333333333336,987.5,1
2005,2004.9999999999482,490.236328,489.5,736.33,1
2006,2005.9999999999484,490.507812,489.9,607.81,1
2007,2006.9999999999477,490.70963600000005,489.93333333333334,776.3,1
2008,2007.999999999948,490.93880199999995,490.2,738.8,1
2009,2008.9999999999486,491.11067699999995,490.4,710.68,1
2010,2009.9999999999477,491.30338600000005,490.53333333333336,770.05,1
2011,2010.999999999948,491.507812,490.96666666666664,541.15,1
2012,2011.9999999999484,491.693359,491.06666666666666,626.69,1
2013,2012.9999999999477,492.00911500000007,491.23333333333335,775.78,1
2014,2013.9999999999482,492.21224000000007,491.6,612.24,1
2015,2014.9999999999475,492.41275999999993,491.6,812.76,1
2016,2015.9999999999477,492.64974000000007,491.9,749.74,1
2017,2016.9999999999482,492.87174500000003,492.3333333333333,538.41,1
2018,2017.9999999999475,493.094401,492.5,594.4,1
2019,2018.9999999999475,493.30533899999995,492.5,805.34,1
2020,2019.9999999999477,493.52474000000007,492.9,624.74,1
2021,2020.9999999999475,493.692708,493.1333333333333,559.37,1
2022,2021.9999999999475,493.898438,493.3,598.44,1
2023,2022.9999999999477,494.103516,493.53333333333336,570.18,1
2024,2023.999999999947,494.29557300000005,493.56666666666666,728.91,1
2025,2024.9999999999475,494.507162,494.0,507.16,1
2026,2025.9999999999468,494.723958,494.06666666666666,657.29,1
2027,2026.9999999999468,494.891276,494.1,791.28,1
2028,2027.9999999999475,495.099609,494.5,599.61,1
2029,2028.999999999946,495.31380199999995,494.6666666666667,647.14,1
2030,2029.9999999999463,495.51692699999995,494.7,816.93,1
2031,2030.9999999999457,495.81119800000005,494.96666666666664,844.53,1
2032,2031.999999999946,496.067708,495.1333333333333,934.37,1
2033,2032.9999999999463,496.29036500000007,496.0,290.37,1
2034,2033.9999999999459,496.50651100000005,496.1,406.51,1
2035,2034.999999999946,496.716146,496.1,616.15,1
2036,2035.9999999999466,496.955078,496.3,655.08,1
2037,2036.9999999999459,497.308594,496.5,808.59,1
2038,2037.999999999946,497.511719,496.6333333333333,878.39,1
2039,2038.999999999946,497.742187,496.6333333333333,1108.85,1
2040,2039.9999999999459,498.085287,496.73333333333335,1351.95,1
2041,2040.999999999946,498.375,497.56666666666666,808.33,1
2042,2041.9999999999459,498.60286500000007,497.6666666666667,936.2,1
2043,2042.9999999999457,498.830729,497.6666666666667,1164.06,1
2044,2043.999999999946,499.03125,498.0,1031.25,1
2045,2044.9999999999457,499.200521,498.46666666666664,733.85,1
2046,2045.9999999999457,499.41536500000007,498.6666666666667,748.7,1
2047,2046.9999999999457,499.627604,498.8333333333333,794.27,1
2048,2047.9999999999457,499.824219,499.23333333333335,590.89,1
2049,2048.999999999946,500.054688,499.23333333333335,821.35,1
2050,2049.9999999999454,500.236979,499.43333333333334,803.65,1
2051,2050.9999999999454,500.473958,499.6,873.96,1
2052,2051.999999999946,500.699219,499.8,899.22,1
2053,2052.999999999945,500.942708,500.3333333333333,609.37,1
2054,2053.999999999945,501.059896,500.43333333333334,626.56,1
2055,2054.999999999946,501.36067699999995,500.43333333333334,927.34,1
2056,2055.999999999945,501.546875,500.8,746.87,1
2057,2056.999999999946,501.738281,501.23333333333335,504.95,1
2058,2057.9999999999454,501.95963600000005,501.3666666666667,592.97,1
2059,2058.999999999945,502.136719,501.56666666666666,570.05,1
2060,2059.9999999999454,502.343099,501.6333333333333,709.77,1
2061,2060.9999999999445,502.719401,501.96666666666664,752.73,1
2062,2061.999999999945,502.917969,502.1666666666667,751.3,1
2063,2062.9999999999454,503.128906,502.3666666666667,762.24,1
2064,2063.9999999999445,503.37369800000005,502.46666666666664,907.03,1
2065,2064.9999999999454,503.60807300000005,503.1,508.07,1
2066,2065.9999999999445,503.848958,503.3,548.96,1
2067,2066.9999999999445,504.02474000000007,503.4,624.74,1
2068,2067.9999999999445,504.25130199999995,503.6333333333333,617.97,1
2069,2068.9999999999445,504.424479,503.8333333333333,591.15,1
2070,2069.9999999999445,504.62044299999997,504.03333333333336,587.11,1
2071,2070.9999999999445,504.816406,504.1,716.41,1
2072,2071.999999999944,504.99544299999997,504.46666666666664,528.78,1
2073,2072.999999999944,505.22200499999997,504.6333333333333,588.67,1
2074,2073.9999999999445,505.38932300000005,504.8,589.32,1
2075,2074.999999999944,505.611979,505.0,611.98,1
2076,2075.999999999944,505.828125,505.23333333333335,594.79,1
2077,2076.999999999944,505.99349000000007,505.43333333333334,560.16,1
2078,2077.999999999944,506.182292,505.6333333333333,548.96,1
2079,2078.9999999999445,506.38150999999993,505.8333333333333,548.18,1
2080,2079.999999999944,506.588542,506.0,588.54,1
2081,2080.999999999944,506.74088499999993,506.3333333333333,407.55,1
2082,2081.9999999999445,506.93294199999997,506.43333333333334,499.61,1
2083,2082.999999999944,507.107421,506.56666666666666,540.75,1
2084,2083.9999999999445,507.278646,506.8,478.65,1
2085,2084.9999999999436,507.52474000000007,506.9,624.74,1
2086,2085.9999999999436,507.71744800000005,507.1333333333333,584.11,1
2087,2086.999999999944,507.88150999999993,507.26666666666665,614.84,1
2088,2087.9999999999436,508.266276,507.43333333333334,832.94,1
2089,2088.9999999999436,508.480469,507.8333333333333,647.14,1
2090,2089.999999999944,508.65494800000005,508.0,654.95,1
2091,2090.9999999999436,508.82942699999995,508.3333333333333,496.09,1
2092,2091.999999999944,508.99544199999997,508.53333333333336,462.11,1
2093,2092.9999999999436,509.161458,508.6666666666667,494.79,1
2094,2093.9999999999436,509.36393200000003,508.7,663.93,1
2095,2094.9999999999436,509.57356799999997,508.93333333333334,640.23,1
2096,2095.999999999943,509.736979,509.1666666666667,570.31,1
2097,2096.999999999943,509.934896,509.3666666666667,568.23,1
2098,2097.9999999999436,510.09505199999995,509.43333333333334,661.72,1
2099,2098.999999999943,510.266276,509.56666666666666,699.61,1
2100,2099.9999999999436,510.494792,509.76666666666665,728.13,1
2101,2100.999999999943,510.652344,509.8333333333333,819.01,1
2102,2101.999999999943,510.849609,510.3,549.61,1
2103,2102.999999999944,511.05143200000003,510.46666666666664,584.77,1
2104,2103.999999999943,511.22525999999993,510.53333333333336,691.93,1
2105,2104.999999999943,511.403646,510.53333333333336,870.31,1
2106,2105.9999999999436,511.623047,510.6333333333333,989.71,1
2107,2106.999999999943,511.789062,510.7,1089.06,1
2108,2107.9999999999436,511.96744800000005,511.4,567.45,1
2109,2108.9999999999436,512.170573,511.6,570.57,1
2110,2109.999999999943,512.3125,511.8333333333333,479.17,1
2111,2110.999999999944,512.53125,511.9,631.25,1
2112,2111.999999999943,512.712891,511.96666666666664,746.22,1
2113,2112.999999999943,512.903646,512.2333333333333,670.31,1
2114,2113.9999999999436,513.0664059999999,512.5333333333333,533.07,1
2115,2114.999999999943,513.274089,512.6666666666666,607.42,1
2116,2115.999999999943,513.4453120000001,512.8666666666667,578.65,1
2117,2116.9999999999427,513.63737,512.8666666666667,770.7,1
2118,2117.999999999943,513.8671879999999,513.3333333333334,533.85,1
2119,2118.9999999999436,514.0559900000001,513.5666666666667,489.32,1
2120,2119.999999999943,514.2363280000001,513.6666666666666,569.66,1
2121,2120.999999999943,514.492839,513.8666666666667,626.17,1
2122,2121.999999999943,514.67806,514.1,578.06,1
2123,2122.9999999999427,514.8632809999999,514.2,663.28,1
2124,2123.999999999943,515.0546879999999,514.3333333333334,721.35,1
2125,2124.999999999943,515.200521,514.5,700.52,1
2126,2125.9999999999422,515.380208,514.5333333333333,846.87,1
2127,2126.9999999999422,515.580729,515.0666666666667,514.06,1
2128,2127.9999999999422,515.780599,515.5,280.6,1
2129,2128.999999999942,515.9804690000001,515.7333333333333,247.14,1
2130,2129.9999999999427,516.149089,515.8,349.09,1
2131,2130.9999999999413,516.3203120000001,515.9333333333333,386.98,1
2132,2131.999999999941,516.533854,516.0333333333333,500.52,1
2133,2132.999999999941,516.7122400000001,516.1333333333333,578.91,1
2134,2133.999999999941,516.895833,516.3,595.83,1
2135,2134.999999999941,517.079427,516.6,479.43,1
2136,2135.9999999999404,517.255208,516.6666666666666,588.54,1
2137,2136.99999999994,517.3971349999999,517.0,397.13,1
2138,2137.99999999994,517.6002599999999,517.2333333333333,366.93,1
2139,2138.999999999939,517.7903650000001,517.2333333333333,557.03,1
2140,2139.99999999994,517.96875,517.4333333333333,535.42,1
2141,2140.9999999999395,518.1471349999999,517.6,547.13,1
2142,2141.999999999939,518.319661,517.6333333333333,686.33,1
2143,2142.999999999939,518.485677,517.8666666666667,619.01,1
2144,2143.999999999939,518.673177,518.3,373.18,1
2145,2144.9999999999377,518.848958,518.3333333333334,515.62,1
2146,2145.9999999999377,519.059896,518.4333333333333,626.56,1
2147,2146.9999999999372,519.2539059999999,518.6666666666666,587.24,1
2148,2147.999999999937,519.401042,518.8333333333334,567.71,1
2149,2148.9999999999363,519.619792,519.1,519.79,1
2150,2149.999999999936,519.8007809999999,519.2666666666667,534.11,1
2151,2150.999999999936,519.950521,519.3333333333334,617.19,1
2152,2151.999999999935,520.072917,519.5666666666667,506.25,1
2153,2152.999999999935,520.2304690000001,520.5,269.53,1
2154,2153.999999999935,520.434245,520.5,65.75,1
2155,2154.9999999999354,520.629557,520.5333333333333,96.22,1
2156,2155.999999999935,520.824869,520.5666666666667,258.2,1
2157,2156.9999999999354,521.1328120000001,520.5666666666667,566.15,1
2158,2157.999999999934,521.3515620000001,520.6333333333333,718.23,1
2159,2158.999999999934,521.552083,520.8333333333334,718.75,1
2160,2159.999999999934,521.7122400000001,520.8666666666667,845.57,1
2161,2160.999999999933,521.8671879999999,521.0,867.19,1
2162,2161.999999999933,522.049479,521.4666666666667,582.81,1
2163,2162.9999999999322,522.1783849999999,521.7333333333333,445.05,1
2164,2163.999999999932,522.313802,521.8,513.8,1
2165,2164.999999999932,522.484375,522.0666666666667,417.71,1
2166,2165.9999999999313,522.7011719999999,522.1,601.17,1
2167,2166.9999999999327,522.882161,522.4666666666667,415.49,1
2168,2167.999999999931,523.063151,522.7,363.15,1
2169,2168.9999999999313,523.233724,522.7666666666667,467.06,1
2170,2169.9999999999313,523.376302,523.0,376.3,1
2171,2170.9999999999304,523.5546879999999,523.1,454.69,1
2172,2171.9999999999304,523.7278650000001,523.1,627.87,1
2173,2172.9999999999304,523.911458,523.2333333333333,678.12,1
2174,2173.99999999993,524.0690099999999,523.6,469.01,1
2175,2174.9999999999295,524.248698,523.7333333333333,515.36,1
2176,2175.9999999999295,524.421875,523.8666666666667,555.21,1
2177,2176.999999999929,524.6015620000001,524.0666666666667,534.9,1
2178,2177.999999999929,524.802083,524.2666666666667,535.42,1
2179,2178.999999999929,524.955729,524.4666666666667,489.06,1
2180,2179.999999999928,525.130208,524.7,430.21,1
2181,2180.999999999928,525.309244,524.9,409.24,1
2182,2181.9999999999277,525.5,525.0333333333333,466.67,1
2183,2182.9999999999272,525.643229,525.1666666666666,476.56,1
2184,2183.9999999999272,525.835287,525.3333333333334,501.95,1
2185,2184.999999999927,526.014323,525.4666666666667,547.66,1
2186,2185.999999999927,526.154948,525.7333333333333,421.61,1
2187,2186.9999999999254,526.3398440000001,525.9,439.84,1
2188,2187.999999999926,526.516927,526.1333333333333,383.59,1
2189,2188.999999999926,526.690104,526.2666666666667,423.44,1
2190,2189.999999999925,526.891276,526.4333333333333,457.94,1
2191,2190.999999999925,527.0690099999999,526.6666666666666,402.34,1
2192,2191.999999999925,527.2460940000001,526.8333333333334,412.76,1
2193,2192.9999999999245,527.548177,527.0,548.18,1
2194,2193.999999999925,527.7382809999999,527.2,538.28,1
2195,2194.9999999999245,527.9283849999999,527.2666666666667,661.72,1
2196,2195.9999999999145,527.9778650000001,527.3666666666667,611.2,1
2197,2196.999999999915,528.136393,527.5666666666667,569.73,1
2198,2197.9999999999145,528.2949219999999,528.0666666666667,228.26,1
2199,2198.9999999999145,528.35612,528.0666666666667,289.45,1
2200,2199.9999999999145,528.535482,528.2,335.48,1
2201,2200.9999999999145,528.714843,528.2333333333333,481.51,1
2202,2201.9999999999145,528.777995,528.3666666666667,411.33,1
2203,2202.9999999999145,528.919271,528.3666666666667,552.6,1
2204,2203.9999999999145,529.0605469999999,528.7333333333333,327.21,1
2205,2204.9999999999145,529.201823,528.8333333333334,368.49,1
2206,2205.999999999915,529.385634,528.8666666666667,518.97,1
2207,2206.9999999999145,529.5694440000001,528.8666666666667,702.78,1
2208,2207.9999999999145,529.753255,528.9,853.25,1
2209,2208.999999999915,529.9339190000001,528.9,1033.92,1
2210,2209.999999999915,530.114583,529.6333333333333,481.25,1
2211,2210.999999999915,530.295247,529.7,595.25,1
2212,2211.999999999915,530.475912,532.6333333333333,2157.42,1
2213,2212.999999999914,530.701823,536.0333333333333,5331.51,1
2214,2213.999999999914,530.8671879999999,536.2333333333333,5366.15,1
2215,2214.999999999914,531.0221349999999,536.6,5577.87,1
2216,2215.999999999914,531.1640629999999,536.6,5435.94,1
2217,2216.999999999913,531.3300780000001,536.8666666666667,5536.59,1
2218,2217.9999999999127,531.502278,537.0666666666667,5564.39,1
2219,2218.999999999913,531.674479,537.2666666666667,5592.19,1
2220,2219.999999999913,531.7578129999999,537.4666666666667,5708.85,1
2221,2220.9999999999127,531.920573,537.6666666666666,5746.09,1
2222,2221.9999999999127,532.083333,537.6666666666666,5583.33,1
2223,2222.999999999913,532.1341150000001,537.7,5565.88,1
2224,2223.9999999999127,532.311198,537.7,5388.8,1
2225,2224.9999999999127,532.4882809999999,537.7333333333333,5245.05,1
2226,2225.9999999999127,532.5377599999999,537.7666666666667,5228.91,1
2227,2226.9999999999127,532.6762150000001,537.7666666666667,5090.45,1
2228,2227.9999999999127,532.81467,537.8666666666667,5052.0,1
2229,2228.9999999999127,532.953125,537.8666666666667,4913.54,1
2230,2229.999999999913,533.133898,538.0666666666667,4932.77,1
2231,2230.999999999913,533.31467,538.1,4785.33,1
2232,2231.999999999913,533.495443,538.1333333333333,4637.89,1
2233,2232.999999999913,533.666016,538.4666666666667,4800.65,1
2234,2233.999999999914,533.836589,538.7666666666667,4930.08,1
2235,2234.999999999913,534.007162,539.4333333333333,5426.17,1
2236,2235.999999999913,534.177734,539.6666666666666,5488.93,1
2237,2236.9999999999127,534.399089,540.8333333333334,6434.24,1
2238,2237.9999999999127,534.5429690000001,542.5,7957.03,1
2239,2238.999999999912,534.6679690000001,542.7,8032.03,1
2240,2239.999999999912,534.817057,542.9,8082.94,1
2241,2240.999999999912,534.940755,547.1,12159.25,1
2242,2241.9999999999063,535.092448,547.1,12007.55,1
2243,2242.9999999999063,535.244141,548.0,12755.86,1
2244,2243.9999999999063,535.3789059999999,548.0,12621.09,1
2245,2244.9999999999063,535.533854,548.2333333333333,12699.48,1
2246,2245.9999999999063,535.688802,549.4333333333333,13744.53,1
2247,2246.9999999999063,535.802083,549.4333333333333,13631.25,1
2248,2247.9999999999063,535.9482419999999,549.6333333333333,13685.09,1
2249,2248.9999999999063,536.094401,550.8333333333334,14738.93,1
2250,2249.999999999906,536.2096349999999,550.8333333333334,14623.7,1
2251,2250.9999999999063,536.3597,550.9666666666667,14606.97,1
2252,2251.9999999999063,536.509766,550.9666666666667,14456.9,1
2253,2252.999999999906,536.645182,551.0,14354.82,1
2254,2253.9999999999063,536.7877599999999,551.0333333333333,14245.57,1
2255,2254.9999999999063,536.930338,551.0333333333333,14103.0,1
2256,2255.999999999906,537.061198,551.0666666666667,14005.47,1
2257,2256.9999999999063,537.216146,551.1,13883.85,1
2258,2257.999999999906,537.3710940000001,552.1666666666666,14795.57,1
2259,2258.999999999906,537.522786,552.1666666666666,14643.88,1
2260,2259.999999999906,537.6992190000001,552.6666666666666,14967.45,1
2261,2260.999999999906,537.875651,552.6666666666666,14791.02,1
2262,2261.999999999906,538.077474,552.7,14622.53,1
2263,2262.9999999999063,538.259114,552.7333333333333,14474.22,1
2264,2263.999999999906,538.440755,552.7333333333333,14292.58,1
2265,2264.999999999906,538.799479,552.7666666666667,13967.19,1
2266,2265.999999999906,538.982421,552.8,13817.58,1
2267,2266.999999999905,539.109375,552.8,13690.62,1
2268,2267.9999999999045,539.2792969999999,552.8333333333334,13554.04,1
2269,2268.9999999999045,539.421875,552.8333333333334,13411.46,1
2270,2269.9999999999036,539.59375,552.8666666666667,13272.92,1
2271,2270.9999999999036,539.752604,552.8666666666667,13114.06,1
2272,2271.999999999903,539.9101559999999,552.8666666666667,12956.51,1
2273,2272.9999999999022,540.032552,552.8666666666667,12834.11,1
2274,2273.9999999999027,540.257161,552.8666666666667,12609.51,1
2275,2274.9999999999022,540.417643,552.8666666666667,12449.02,1
2276,2275.9999999999022,540.578125,552.8666666666667,12288.54,1
2277,2276.9999999999022,540.8841150000001,552.8666666666667,11982.55,1
2278,2277.9999999999022,541.07487,552.8666666666667,11791.8,1
2279,2278.9999999999013,541.211589,552.8666666666667,11655.08,1
2280,2279.9999999999004,541.379557,552.8666666666667,11487.11,1
2281,2280.9999999999004,541.5546879999999,552.8666666666667,11311.98,1
2282,2281.9999999999,541.713542,552.8666666666667,11153.12,1
2283,2282.999999999899,541.8658849999999,552.8666666666667,11000.78,1
2284,2283.9999999998986,542.0078129999999,552.8666666666667,10858.85,1
2285,2284.999999999898,542.130208,552.8666666666667,10736.46,1
2286,2285.999999999898,542.337891,552.8666666666667,10528.78,1
2287,2286.9999999998986,542.492513,552.8666666666667,10374.15,1
2288,2287.999999999898,542.6471349999999,552.8666666666667,10219.53,1
2289,2288.999999999898,542.7929690000001,552.8666666666667,10073.7,1
2290,2289.999999999898,542.908854,552.8666666666667,9957.81,1
2291,2290.9999999998986,543.028646,552.8666666666667,9838.02,1
2292,2291.999999999898,543.173177,552.8666666666667,9693.49,1
2293,2292.999999999892,543.302083,552.8666666666667,9564.58,1
2294,2293.999999999892,543.427734,552.8666666666667,9438.93,1
2295,2294.9999999998927,543.579427,552.8666666666667,9287.24,1
2296,2295.9999999998918,543.708333,552.8666666666667,9158.33,1
2297,2296.999999999892,543.828125,552.8666666666667,9038.54,1
2298,2297.999999999892,543.957682,552.8666666666667,8908.98,1
2299,2298.999999999892,544.08138,552.8666666666667,8785.29,1
2300,2299.9999999998918,544.203125,552.8666666666667,8663.54,1
2301,2300.9999999998918,544.3398440000001,552.8666666666667,8526.82,1
2302,2301.9999999998913,544.470052,552.8666666666667,8396.61,1
2303,2302.9999999998913,544.5820309999999,552.8666666666667,8284.64,1
2304,2303.9999999998913,544.730468,552.8666666666667,8136.2,1
2305,2304.9999999998913,544.853516,552.8666666666667,8013.15,1
2306,2305.9999999998913,544.971354,552.8666666666667,7895.31,1
2307,2306.999999999891,545.109375,552.8666666666667,7757.29,1
2308,2307.999999999891,545.2382809999999,552.8666666666667,7628.39,1
2309,2308.999999999891,545.376302,552.8666666666667,7490.36,1
2310,2309.999999999891,545.5221349999999,552.8666666666667,7344.53,1
2311,2310.999999999891,545.654948,552.8666666666667,7211.72,1
2312,2311.9999999998913,545.7851559999999,552.8666666666667,7081.51,1
2313,2312.9999999998913,545.9153650000001,552.8666666666667,6951.3,1
2314,2313.9999999998913,546.0555559999999,552.8666666666667,6811.11,1
2315,2314.9999999998913,546.195747,552.8666666666667,6670.92,1
2316,2315.999999999891,546.3359379999999,552.8666666666667,6530.73,1
2317,2316.999999999891,546.473525,552.8666666666667,6393.14,1
2318,2317.999999999891,546.611111,552.8666666666667,6255.56,1
2319,2318.999999999891,546.748698,552.8666666666667,6117.97,1
2320,2319.9999999998913,546.888238,552.8666666666667,5978.43,1
2321,2320.9999999998927,547.027778,552.8666666666667,5838.89,1
2322,2321.9999999998913,547.167318,552.8666666666667,5699.35,1
2323,2322.9999999998913,547.329861,552.8666666666667,5536.81,1
2324,2323.9999999998927,547.492405,552.8666666666667,5374.26,1
2325,2324.9999999998913,547.654948,552.8666666666667,5211.72,1
2326,2325.9999999998918,547.784071,552.8666666666667,5082.6,1
2327,2326.9999999998913,547.913195,552.8666666666667,4953.47,1
2328,2327.9999999998913,548.042318,552.8666666666667,4824.35,1
2329,2328.999999999891,548.171441,552.8666666666667,4695.23,1
2330,2329.9999999998913,548.300565,552.8666666666667,4566.1,1
2331,2330.99999999989,548.4296879999999,552.8666666666667,4436.98,1
2332,2331.999999999891,548.5112849999999,552.8666666666667,4355.38,1
2333,2332.9999999998913,548.592882,552.8666666666667,4273.78,1
2334,2333.999999999891,548.674479,552.8666666666667,4192.19,1
2335,2334.999999999891,548.756077,552.8666666666667,4110.59,1
2336,2335.9999999998913,548.837674,552.8666666666667,4028.99,1
2337,2336.999999999891,548.919271,552.8666666666667,3947.4,1
