beat_idx,gt_beat,gt_time_s,pred_time_s,err_ms,ok
0,0.0,0.95,0.0,950.0,1
1,1.0000000000000002,1.2223959999999998,0.03333333333333333,1189.06,1
2,2.0000000000000004,1.494792,0.06666666666666667,1428.13,1
3,3.000000000000001,1.657291,0.1,1557.29,1
4,4.000000000000001,1.89375,0.16666666666666666,1727.08,1
5,5.000000000000001,2.130208,0.2,1930.21,1
6,6.000000000000001,2.322396,0.23333333333333334,2089.06,1
7,7.0,2.537587,0.26666666666666666,2270.92,1
8,8.000000000000002,2.752778,0.3333333333333333,2419.44,1
9,9.000000000000002,2.967969,0.36666666666666664,2601.3,1
10,10.000000000000002,3.18316,0.4,2783.16,1
11,11.000000000000004,3.3983510000000003,0.43333333333333335,2965.02,1
12,12.000000000000004,3.613542,0.5,3113.54,1
13,13.000000000000004,3.873785,0.6333333333333333,3240.45,1
14,14.000000000000002,4.134028,0.6666666666666666,3467.36,1
15,15.000000000000002,4.394271,0.7333333333333333,3660.94,1
16,16.000000000000004,4.592188,0.9,3692.19,1
17,17.000000000000004,4.790104,0.9666666666666667,3823.44,1
18,18.000000000000004,4.988021,1.0,3988.02,1
19,19.0,5.185938,1.0333333333333334,4152.6,1
20,20.0,5.383854,1.0666666666666667,4317.19,1
21,21.000000000000004,5.581771,1.1,4481.77,1
22,22.000000000000004,5.746094,1.1666666666666667,4579.43,1
23,23.000000000000007,5.910417,1.2,4710.42,1
24,24.000000000000018,6.19375,1.2333333333333334,4960.42,1
25,25.000000000000007,6.439583,1.2666666666666666,5172.92,1
26,26.000000000000007,6.685417,1.3333333333333333,5352.08,1
27,27.000000000000014,6.899479,1.3666666666666667,5532.81,1
28,28.00000000000001,7.126563000000001,1.4,5726.56,1
29,29.000000000000025,7.353646,1.4333333333333333,5920.31,1
30,30.000000000000018,7.595313000000001,1.5,6095.31,1
31,31.000000000000018,7.830295,1.5333333333333334,6296.96,1
32,32.00000000000002,8.065278,1.5666666666666667,6498.61,1
33,33.00000000000002,8.30026,1.6,6700.26,1
34,34.00000000000002,8.535243,1.9,6635.24,1
35,35.00000000000002,8.770225,1.9333333333333333,6836.89,1
36,36.00000000000002,9.005208,1.9666666666666666,7038.54,1
37,37.00000000000002,9.272222,2.0,7272.22,1
38,38.00000000000002,9.539236,2.066666666666667,7472.57,1
39,39.000000000000036,9.80625,2.1,7706.25,1
40,40.00000000000002,10.006597,2.1333333333333333,7873.26,1
41,41.00000000000002,10.206944,2.1666666666666665,8040.28,1
42,42.00000000000002,10.407291,2.7333333333333334,7673.96,1
43,43.00000000000002,10.607639,2.7666666666666666,7840.97,1
44,44.00000000000003,10.807986,2.8,8007.99,1
45,45.00000000000003,11.008333,2.8333333333333335,8175.0,1
46,46.00000000000002,11.163021,2.9,8263.02,1
47,47.000000000000036,11.317709,2.933333333333333,8384.38,1
48,48.000000000000036,11.607292,2.966666666666667,8640.63,1
49,49.000000000000036,11.786111,3.0,8786.11,1
50,50.000000000000036,11.964931,3.033333333333333,8931.6,1
51,51.000000000000036,12.14375,3.1,9043.75,1
52,52.000000000000036,12.351736,3.1333333333333333,9218.4,1
53,53.00000000000003,12.559722,3.1666666666666665,9393.06,1
54,54.000000000000036,12.767708,3.2,9567.71,1
55,55.00000000000003,13.05,3.2666666666666666,9783.33,1
56,56.00000000000002,13.332291,3.3,10032.29,1
57,57.00000000000003,13.614582999999998,3.3333333333333335,10281.25,1
58,58.00000000000003,13.907068,3.3666666666666667,10540.4,1
59,59.00000000000003,14.199553,3.433333333333333,10766.22,1
60,60.00000000000003,14.492038,3.466666666666667,11025.37,1
61,61.00000000000002,14.784524,3.5,11284.52,1
62,62.00000000000003,15.077009,3.533333333333333,11543.68,1
63,63.00000000000003,15.369494,3.6,11769.49,1
64,64.00000000000003,15.661979,3.6333333333333333,12028.65,1
65,65.00000000000003,15.958698000000002,3.7333333333333334,12225.36,1
66,66.00000000000003,16.255416,3.966666666666667,12288.75,1
67,67.00000000000003,16.552135,4.166666666666667,12385.47,1
68,68.00000000000003,16.848854,4.366666666666666,12482.19,1
69,69.00000000000003,17.145573000000002,4.566666666666666,12578.91,1
70,70.00000000000003,17.442291,4.7,12742.29,1
71,71.00000000000003,17.73901,4.733333333333333,13005.68,1
72,72.00000000000003,18.035729,4.766666666666667,13269.06,1
73,73.00000000000003,18.332448,4.833333333333333,13499.11,1
74,74.00000000000003,18.629167,4.866666666666666,13762.5,1
75,75.00000000000004,18.838021,4.9,13938.02,1
76,76.00000000000003,19.057031,4.933333333333334,14123.7,1
77,77.00000000000003,19.276042,5.0,14276.04,1
78,78.00000000000003,19.516146,5.033333333333333,14482.81,1
79,79.00000000000004,19.732031,5.066666666666666,14665.36,1
80,80.00000000000003,19.947917,5.1,14847.92,1
81,81.00000000000003,20.163802,5.166666666666667,14997.14,1
82,82.00000000000003,20.379687,5.2,15179.69,1
83,83.00000000000004,20.595573,5.233333333333333,15362.24,1
84,84.00000000000003,20.811458,5.266666666666667,15544.79,1
85,85.00000000000004,21.076562,5.333333333333333,15743.23,1
86,86.00000000000004,21.341667,5.366666666666666,15975.0,1
87,87.00000000000006,21.606771,5.4,16206.77,1
88,88.00000000000004,21.801458,5.433333333333334,16368.12,1
89,89.00000000000004,21.996146,5.466666666666667,16529.48,1
90,90.00000000000004,22.190833,5.533333333333333,16657.5,1
91,91.00000000000004,22.385521,5.566666666666666,16818.85,1
92,92.00000000000006,22.580208,5.6,16980.21,1
93,93.00000000000007,22.868229,5.633333333333334,17234.9,1
94,94.00000000000006,23.022136,5.7,17322.14,1
95,95.00000000000007,23.176042,5.833333333333333,17342.71,1
96,96.0000000000001,23.44375,6.1,17343.75,1
97,97.00000000000007,23.688802,6.166666666666667,17522.14,1
98,98.00000000000009,23.933854,6.2,17733.85,1
99,99.00000000000009,24.151563,6.266666666666667,17884.9,1
100,100.00000000000009,24.382813,6.333333333333333,18049.48,1
101,101.00000000000013,24.614062,6.366666666666666,18247.4,1
102,102.00000000000009,24.851563,6.4,18451.56,1
103,103.0000000000001,25.075434,6.433333333333334,18642.1,1
104,104.0000000000001,25.299306,6.5,18799.31,1
105,105.00000000000009,25.523177,7.2,18323.18,1
106,106.00000000000009,25.747049,7.3,18447.05,1
107,107.00000000000009,25.97092,7.4,18570.92,1
108,108.0000000000001,26.194792,7.466666666666667,18728.13,1
109,109.0000000000001,26.476736,8.4,18076.74,1
110,110.0000000000001,26.758681,8.466666666666667,18292.01,1
111,111.00000000000017,27.040625,9.0,18040.62,1
112,112.0000000000001,27.255035,9.2,18055.03,1
113,113.00000000000013,27.469444,9.4,18069.44,1
114,114.00000000000013,27.683854,9.633333333333333,18050.52,1
115,115.0000000000001,27.898264,9.833333333333334,18064.93,1
116,116.0000000000001,28.112673,10.0,18112.67,1
117,117.0000000000001,28.327083,10.233333333333333,18093.75,1
118,118.00000000000013,28.486458,10.333333333333334,18153.12,1
119,119.00000000000013,28.645833000000003,10.666666666666666,17979.17,1
120,120.00000000000013,28.895833000000003,10.766666666666667,18129.17,1
121,121.00000000000014,29.082986,10.966666666666667,18116.32,1
122,122.00000000000013,29.270139,11.0,18270.14,1
123,123.00000000000014,29.457292,11.133333333333333,18323.96,1
124,124.00000000000014,29.652778,11.3,18352.78,1
125,125.00000000000014,29.848264,11.366666666666667,18481.6,1
126,126.0000000000002,30.04375,11.466666666666667,18577.08,1
127,127.00000000000014,30.330382,11.7,18630.38,1
128,128.00000000000014,30.617014,12.266666666666667,18350.35,1
129,129.00000000000014,30.903646,14.133333333333333,16770.31,1
130,130.00000000000014,31.154985,14.333333333333334,16821.65,1
131,131.00000000000014,31.406324,14.533333333333333,16872.99,1
132,132.00000000000014,31.657664,14.733333333333333,16924.33,1
133,133.00000000000014,31.909003,14.966666666666667,16942.34,1
134,134.00000000000014,32.160342,15.1,17060.34,1
135,135.00000000000014,32.411681,15.233333333333333,17178.35,1
136,136.0000000000002,32.663021,15.433333333333334,17229.69,1
137,137.00000000000014,32.930794,15.7,17230.79,1
138,138.00000000000014,33.198567,16.166666666666668,17031.9,1
139,139.00000000000014,33.466341,17.1,16366.34,1
140,140.00000000000014,33.734114,17.3,16434.11,1
141,141.00000000000014,34.001888,17.533333333333335,16468.55,1
142,142.00000000000014,34.269661,17.633333333333333,16636.33,1
143,143.00000000000014,34.537434999999995,17.7,16837.43,1
144,144.00000000000014,34.805208,17.733333333333334,17071.87,1
145,145.00000000000014,35.033073,17.766666666666666,17266.41,1
146,146.0000000000002,35.260937,17.933333333333334,17327.6,1
147,147.00000000000014,35.45573,18.733333333333334,16722.4,1
148,148.00000000000014,35.642708,18.933333333333334,16709.37,1
149,149.00000000000017,35.8125,19.266666666666666,16545.83,1
150,150.0000000000002,35.979167,19.366666666666667,16612.5,1
151,151.00000000000028,36.13645800000001,19.5,16636.46,1
152,152.00000000000026,36.303125,19.833333333333332,16469.79,1
153,153.00000000000028,36.485417,20.1,16385.42,1
154,154.00000000000028,36.71527800000001,20.2,16515.28,1
155,155.00000000000028,36.94513900000001,20.233333333333334,16711.81,1
156,156.00000000000034,37.175,20.8,16375.0,1
157,157.00000000000028,37.348958,20.966666666666665,16382.29,1
158,158.00000000000034,37.509375,21.3,16209.37,1
159,159.00000000000034,37.683855,21.5,16183.86,1
160,160.00000000000034,37.852083,21.7,16152.08,1
161,161.00000000000034,38.00625,21.766666666666666,16239.58,1
162,162.00000000000034,38.147917,22.466666666666665,15681.25,1
163,163.00000000000034,38.288542,22.666666666666668,15621.88,1
164,164.00000000000034,38.436458,22.7,15736.46,1
165,165.00000000000028,38.631771,22.733333333333334,15898.44,1
166,166.0000000000003,38.811458,22.833333333333332,15978.12,1
167,167.00000000000034,38.965625,23.433333333333334,15532.29,1
168,168.00000000000028,39.252083,23.633333333333333,15618.75,1
169,169.00000000000028,39.469531,24.6,14869.53,1
170,170.00000000000028,39.686979,24.633333333333333,15053.65,1
171,171.0000000000003,39.905729,24.733333333333334,15172.4,1
172,172.00000000000037,40.094792,24.766666666666666,15328.13,1
173,173.00000000000028,40.241667,25.066666666666666,15175.0,1
174,174.00000000000028,40.4125,25.133333333333333,15279.17,1
175,175.00000000000026,40.575,25.233333333333334,15341.67,1
176,176.00000000000026,40.752083,26.5,14252.08,1
177,177.00000000000028,40.945833,28.066666666666666,12879.17,1
178,178.0000000000002,41.143403,28.1,13043.4,1
179,179.00000000000017,41.340972,28.2,13140.97,1
180,180.0000000000002,41.538542,28.4,13138.54,1
181,181.0000000000002,41.74583300000001,29.0,12745.83,1
182,182.00000000000026,41.903125,29.466666666666665,12436.46,1
183,183.00000000000017,42.0625,29.5,12562.5,1
184,184.00000000000014,42.23020800000001,29.966666666666665,12263.54,1
185,185.00000000000014,42.378125,30.0,12378.12,1
186,186.00000000000017,42.524479,30.333333333333332,12191.15,1
187,187.0000000000002,42.682292,30.566666666666666,12115.63,1
188,188.00000000000014,42.829167,30.633333333333333,12195.83,1
189,189.0000000000001,42.990625,30.966666666666665,12023.96,1
190,190.0000000000001,43.176042,31.033333333333335,12142.71,1
191,191.0000000000001,43.401042,31.066666666666666,12334.38,1
192,192.00000000000017,43.865625,31.1,12765.62,1
193,193.00000000000017,44.288542,31.466666666666665,12821.88,1
194,194.00000000000017,44.469792,31.533333333333335,12936.46,1
195,195.00000000000017,44.604167,31.6,13004.17,1
196,196.00000000000017,44.802604,31.7,13102.6,1
197,197.00000000000017,45.02708300000001,32.8,12227.08,1
198,198.0000000000002,45.455208,33.03333333333333,12421.87,1
199,199.0000000000002,45.68333300000001,33.266666666666666,12416.67,1
200,200.00000000000017,45.829167,33.8,12029.17,1
201,201.00000000000017,46.09375,33.86666666666667,12227.08,1
202,202.00000000000014,46.373958,33.9,12473.96,1
203,203.00000000000017,46.514583,34.0,12514.58,1
204,204.00000000000017,46.746354,34.2,12546.35,1
205,205.00000000000017,46.998958,34.96666666666667,12032.29,1
206,206.00000000000017,47.11927100000001,35.2,11919.27,1
207,207.00000000000017,47.334896,35.666666666666664,11668.23,1
208,208.00000000000017,47.540625,35.7,11840.62,1
209,209.00000000000017,47.732813,35.733333333333334,11999.48,1
210,210.00000000000017,48.102604,35.766666666666666,12335.94,1
211,211.00000000000017,48.357292,35.833333333333336,12523.96,1
212,212.00000000000017,48.507292,35.86666666666667,12640.63,1
213,213.0000000000002,48.676563,35.9,12776.56,1
214,214.00000000000017,48.941667,35.93333333333333,13008.33,1
215,215.0000000000002,49.183334,35.96666666666667,13216.67,1
216,216.0000000000002,49.570833,36.03333333333333,13537.5,1
217,217.0000000000002,49.951042,36.06666666666667,13884.38,1
218,218.0000000000002,50.177084,36.1,14077.08,1
219,219.0000000000002,50.441667,36.13333333333333,14308.33,1
220,220.0000000000002,50.561979,36.233333333333334,14328.65,1
221,221.00000000000028,50.725,36.43333333333333,14291.67,1
222,222.0000000000003,51.215625,36.46666666666667,14748.96,1
223,223.0000000000003,51.436458,36.5,14936.46,1
224,224.0000000000003,51.598958,36.6,14998.96,1
225,225.0000000000003,51.785417,36.86666666666667,14918.75,1
226,226.0000000000003,52.016667,36.9,15116.67,1
227,227.0000000000003,52.195833,36.96666666666667,15229.17,1
228,228.0000000000003,52.370834,37.166666666666664,15204.17,1
229,229.0000000000003,52.59375,37.333333333333336,15260.42,1
230,230.0000000000003,52.780729,37.733333333333334,15047.4,1
231,231.0000000000003,52.99166700000001,37.9,15091.67,1
232,232.0000000000003,53.229167,38.06666666666667,15162.5,1
233,233.00000000000034,53.46145799999999,38.36666666666667,15094.79,1
234,234.00000000000037,53.765625,38.7,15065.62,1
235,235.00000000000037,54.027083,38.96666666666667,15060.42,1
236,236.00000000000037,54.17291700000001,39.2,14972.92,1
237,237.00000000000037,54.364583,39.266666666666666,15097.92,1
238,238.00000000000037,54.607292,39.4,15207.29,1
239,239.00000000000037,54.763542,40.1,14663.54,1
240,240.00000000000037,55.104687,40.333333333333336,14771.35,1
241,241.00000000000037,55.389583,40.36666666666667,15022.92,1
242,242.0000000000003,55.533333,40.4,15133.33,1
243,243.0000000000003,55.713542,40.43333333333333,15280.21,1
244,244.00000000000034,55.907812,40.46666666666667,15441.15,1
245,245.0000000000003,56.1375,40.53333333333333,15604.17,1
246,246.00000000000034,56.496875,40.56666666666667,15930.21,1
247,247.00000000000037,56.778125,40.6,16178.13,1
248,248.00000000000037,56.92916700000001,40.63333333333333,16295.83,1
249,249.00000000000037,57.146354,40.7,16446.35,1
250,250.0000000000004,57.380208,40.733333333333334,16646.87,1
251,251.00000000000037,57.53854200000001,40.766666666666666,16771.88,1
252,252.0000000000004,57.735938,40.8,16935.94,1
253,253.00000000000037,57.979167,40.96666666666667,17012.5,1
254,254.0000000000004,58.148438,41.56666666666667,16581.77,1
255,255.00000000000037,58.36041700000001,41.6,16760.42,1
256,256.0000000000004,58.570313,41.766666666666666,16803.65,1
257,257.00000000000034,58.745833,42.0,16745.83,1
258,258.00000000000045,59.08541700000001,42.333333333333336,16752.08,1
259,259.0000000000004,59.384375,42.36666666666667,17017.71,1
260,260.0000000000004,59.536458,42.4,17136.46,1
261,261.00000000000045,59.76666700000001,42.53333333333333,17233.33,1
262,262.0000000000004,60.064583,42.6,17464.58,1
263,263.00000000000045,60.378646,42.9,17478.65,1
264,264.00000000000045,60.863021,43.0,17863.02,1
265,265.0000000000004,61.160417,43.03333333333333,18127.08,1
266,266.0000000000004,61.345833,43.8,17545.83,1
267,267.00000000000045,61.53385400000001,43.96666666666667,17567.19,1
268,268.00000000000045,61.872396,44.03333333333333,17839.06,1
269,269.00000000000045,62.084375,44.1,17984.38,1
270,270.00000000000045,62.38385400000001,44.13333333333333,18250.52,1
271,271.0000000000004,62.6625,44.166666666666664,18495.83,1
272,272.0000000000004,62.811458,44.233333333333334,18578.12,1
273,273.00000000000045,62.982813,44.5,18482.81,1
274,274.0000000000004,63.20416700000001,44.6,18604.17,1
275,275.0000000000005,63.39948,44.766666666666666,18632.81,1
276,276.0000000000005,63.69739499999999,44.96666666666667,18730.73,1
277,277.0000000000005,64.007292,46.06666666666667,17940.63,1
278,278.0000000000005,64.177083,46.1,18077.08,1
279,279.0000000000005,64.376563,46.13333333333333,18243.23,1
280,280.0000000000005,64.615104,46.36666666666667,18248.44,1
281,281.0000000000005,64.88645799999999,46.56666666666667,18319.79,1
282,282.0000000000005,65.25052099999999,46.9,18350.52,1
283,283.0000000000005,65.55,48.03333333333333,17516.67,1
284,284.0000000000005,65.723958,51.13333333333333,14590.62,1
285,285.0000000000005,65.904687,51.5,14404.69,1
286,286.0000000000004,66.121875,51.733333333333334,14388.54,1
287,287.0000000000005,66.314583,51.766666666666666,14547.92,1
288,288.0000000000004,66.773438,51.833333333333336,14940.1,1
289,289.0000000000005,67.138542,51.86666666666667,15271.88,1
290,290.0000000000005,67.326562,51.93333333333333,15393.23,1
291,291.0000000000005,67.575,51.96666666666667,15608.33,1
292,292.0000000000005,67.841667,52.0,15841.67,1
293,293.00000000000057,68.1125,52.2,15912.5,1
294,294.0000000000005,68.3875,52.6,15787.5,1
295,295.00000000000057,68.64479200000001,52.63333333333333,16011.46,1
296,296.0000000000005,68.813542,52.666666666666664,16146.88,1
297,297.00000000000057,69.028125,52.7,16328.12,1
298,298.0000000000005,69.25416700000001,53.7,15554.17,1
299,299.00000000000057,69.415625,53.733333333333334,15682.29,1
300,300.0000000000005,69.635937,53.766666666666666,15869.27,1
301,301.00000000000057,69.91041700000001,53.833333333333336,16077.08,1
302,302.0000000000005,70.06666700000001,53.86666666666667,16200.0,1
303,303.00000000000057,70.348958,53.9,16448.96,1
304,304.00000000000057,70.6,53.93333333333333,16666.67,1
305,305.0000000000006,70.735417,54.13333333333333,16602.08,1
306,306.00000000000057,71.069792,54.166666666666664,16903.13,1
307,307.0000000000006,71.3,55.86666666666667,15433.33,1
308,308.0000000000006,71.44375,56.1,15343.75,1
309,309.0000000000006,71.65,56.233333333333334,15416.67,1
310,310.0000000000006,71.867708,56.46666666666667,15401.04,1
311,311.0000000000006,72.054167,56.53333333333333,15520.83,1
312,312.0000000000006,72.411458,56.63333333333333,15778.12,1
313,313.0000000000006,72.658333,56.93333333333333,15725.0,1
314,314.0000000000006,72.79270799999998,61.333333333333336,11459.37,1
315,315.0000000000006,73.113541,61.36666666666667,11746.87,1
316,316.0000000000006,73.440625,61.43333333333333,12007.29,1
317,317.0000000000006,73.692708,61.833333333333336,11859.37,1
318,318.0000000000007,73.9125,62.36666666666667,11545.83,1
319,319.0000000000007,74.122917,62.4,11722.92,1
320,320.0000000000007,74.278125,62.46666666666667,11811.46,1
321,321.0000000000007,74.488541,62.63333333333333,11855.21,1
322,322.0000000000007,74.70625,62.833333333333336,11872.92,1
323,323.0000000000007,74.929167,62.93333333333333,11995.83,1
324,324.0000000000007,75.243229,63.1,12143.23,1
325,325.00000000000057,75.482292,64.2,11282.29,1
326,326.0000000000006,75.636459,64.33333333333333,11303.13,1
327,327.0000000000007,75.875,64.56666666666666,11308.33,1
328,328.0000000000007,76.102083,64.73333333333333,11368.75,1
329,329.0000000000007,76.270833,65.03333333333333,11237.5,1
330,330.0000000000007,76.4625,65.13333333333334,11329.17,1
331,331.0000000000006,76.648958,65.53333333333333,11115.62,1
332,332.0000000000007,76.815625,65.63333333333334,11182.29,1
333,333.0000000000007,77.117708,65.83333333333333,11284.37,1
334,334.00000000000074,77.338542,66.0,11338.54,1
335,335.00000000000074,77.523958,66.2,11323.96,1
336,336.0000000000008,77.719792,67.46666666666667,10253.13,1
337,337.0000000000008,77.9375,67.5,10437.5,1
338,338.0000000000008,78.098437,67.53333333333333,10565.1,1
339,339.0000000000008,78.399479,67.56666666666666,10832.81,1
340,340.00000000000085,78.648958,67.6,11048.96,1
341,341.0000000000008,78.853125,67.66666666666667,11186.46,1
342,342.00000000000085,79.045833,67.7,11345.83,1
343,343.00000000000085,79.259375,67.73333333333333,11526.04,1
344,344.0000000000009,79.396875,67.76666666666667,11630.21,1
345,345.0000000000009,79.673438,67.83333333333333,11840.1,1
346,346.0000000000009,79.88125,67.86666666666666,12014.58,1
347,347.0000000000009,80.081771,67.9,12181.77,1
348,348.00000000000097,80.461458,67.93333333333334,12528.12,1
349,349.0000000000009,80.640625,68.0,12640.62,1
350,350.00000000000097,80.819792,68.03333333333333,12786.46,1
351,351.000000000001,81.054167,68.06666666666666,12987.5,1
352,352.000000000001,81.257292,68.1,13157.29,1
353,353.000000000001,81.435417,68.16666666666667,13268.75,1
354,354.0000000000011,81.626042,68.2,13426.04,1
355,355.0000000000011,81.833855,68.23333333333333,13600.52,1
356,356.0000000000011,82.041667,68.26666666666667,13775.0,1
357,357.0000000000011,82.203125,68.33333333333333,13869.79,1
358,358.00000000000114,82.38645799999998,68.36666666666666,14019.79,1
359,359.00000000000125,82.571875,68.4,14171.88,1
360,360.00000000000125,82.736458,68.63333333333334,14103.12,1
361,361.00000000000125,82.919792,69.16666666666667,13753.13,1
362,362.00000000000114,83.103125,70.03333333333333,13069.79,1
363,363.0000000000013,83.322395,70.06666666666666,13255.73,1
364,364.0000000000013,83.53125,70.1,13431.25,1
365,365.0000000000013,83.709375,70.16666666666667,13542.71,1
366,366.0000000000014,83.875,70.2,13675.0,1
367,367.0000000000014,84.04635400000002,70.3,13746.35,1
368,368.0000000000015,84.217708,70.7,13517.71,1
369,369.0000000000014,84.405209,71.03333333333333,13371.88,1
370,370.0000000000013,84.586458,71.2,13386.46,1
371,371.00000000000165,84.779167,71.36666666666666,13412.5,1
372,372.00000000000153,84.97291700000002,71.46666666666667,13506.25,1
373,373.00000000000153,85.173958,71.86666666666666,13307.29,1
374,374.0000000000016,85.375,71.96666666666667,13408.33,1
375,375.0000000000017,85.646875,72.1,13546.88,1
376,376.0000000000015,85.8625,72.3,13562.5,1
377,377.00000000000176,86.0625,72.33333333333333,13729.17,1
378,378.0000000000017,86.24375,72.7,13543.75,1
379,379.0000000000018,86.427083,72.86666666666666,13560.42,1
380,380.00000000000176,86.603125,73.1,13503.13,1
381,381.0000000000019,86.780208,73.36666666666666,13413.54,1
382,382.0000000000019,86.997917,73.83333333333333,13164.58,1
383,383.000000000002,87.234375,74.1,13134.38,1
384,384.0000000000019,87.519791,75.26666666666667,12253.12,1
385,385.0000000000019,87.833333,79.56666666666666,8266.67,1
386,386.0000000000019,88.146875,79.66666666666667,8480.21,1
387,387.000000000002,88.460417,79.7,8760.42,1
388,388.0000000000019,88.980777,79.76666666666667,9214.11,1
389,389.000000000002,89.501137,79.8,9701.14,1
390,390.0000000000019,90.021496,79.96666666666667,10054.83,1
391,391.000000000002,90.541856,80.16666666666667,10375.19,1
392,392.0000000000019,91.062216,80.33333333333333,10728.88,1
393,393.0000000000019,91.582576,80.36666666666666,11215.91,1
394,394.0000000000019,92.102936,80.4,11702.94,1
395,395.0000000000018,92.623296,80.46666666666667,12156.63,1
396,396.0000000000019,93.143655,80.5,12643.65,1
397,397.00000000000193,93.664015,80.53333333333333,13130.68,1
398,398.000000000002,94.184375,81.0,13184.38,1
399,399.0000000000018,94.396875,81.1,13296.88,1
400,400.000000000002,94.628646,81.3,13328.65,1
401,401.0000000000018,94.860416,81.5,13360.42,1
402,402.00000000000205,95.117708,81.56666666666666,13551.04,1
403,403.00000000000205,95.351042,81.6,13751.04,1
404,404.000000000002,95.584375,81.66666666666667,13917.71,1
405,405.00000000000205,95.817708,81.73333333333333,14084.37,1
406,406.000000000002,96.051041,83.96666666666667,12084.37,1
407,407.0000000000019,96.284375,90.16666666666667,6117.71,1
408,408.0000000000021,96.517708,93.63333333333334,2884.37,1
409,409.00000000000205,96.782986,94.36666666666666,2416.32,1
410,410.000000000002,97.048264,94.56666666666666,2481.6,1
411,411.00000000000205,97.313541,94.76666666666667,2546.87,1
412,412.000000000002,97.527951,95.06666666666666,2461.28,1
413,413.0000000000019,97.742361,95.26666666666667,2475.69,1
414,414.00000000000216,97.956771,95.33333333333333,2623.44,1
415,415.00000000000205,98.171181,95.36666666666666,2804.51,1
416,416.000000000002,98.38559,95.4,2985.59,1
417,417.00000000000205,98.6,97.53333333333333,1066.67,1
418,418.000000000002,98.751563,98.56666666666666,184.9,1
419,419.00000000000205,98.903125,98.8,103.13,1
420,420.00000000000205,99.204167,99.13333333333334,70.83,1
421,421.0000000000021,99.454948,99.16666666666667,288.28,1
422,422.00000000000216,99.705729,99.2,505.73,1
423,423.0000000000021,99.95,99.23333333333333,716.67,1
424,424.0000000000021,100.189844,99.3,889.84,1
425,425.00000000000216,100.429688,99.33333333333333,1096.35,1
426,426.00000000000233,100.684896,99.36666666666666,1318.23,1
427,427.00000000000216,100.923524,99.4,1523.52,1
428,428.00000000000233,101.162153,99.46666666666667,1695.49,1
429,429.00000000000216,101.400781,100.23333333333333,1167.45,1
430,430.0000000000021,101.63941,100.3,1339.41,1
431,431.00000000000216,101.878039,100.53333333333333,1344.71,1
432,432.00000000000233,102.116667,100.63333333333334,1483.33,1
433,433.00000000000216,102.394792,101.7,694.79,1
434,434.00000000000233,102.672917,101.73333333333333,939.58,1
435,435.00000000000216,102.951042,102.83333333333333,117.71,1
436,436.00000000000216,103.165452,102.93333333333334,232.12,1
437,437.00000000000216,103.379861,103.0,379.86,1
438,438.00000000000205,103.594271,103.43333333333334,160.94,1
439,439.00000000000216,103.808681,103.46666666666667,342.01,1
440,440.0000000000022,104.02309,103.5,523.09,1
441,441.00000000000233,104.2375,103.56666666666666,670.83,1
442,442.0000000000022,104.598264,104.56666666666666,31.6,1
443,443.0000000000022,104.959028,104.96666666666667,7.64,1
444,444.0000000000021,105.319792,105.3,19.79,1
445,445.0000000000022,105.506945,105.46666666666667,40.28,1
446,446.00000000000233,105.694097,105.76666666666667,72.57,1
447,447.00000000000233,105.88125,105.86666666666666,14.58,1
448,448.00000000000233,106.088889,105.9,188.89,1
449,449.0000000000022,106.296528,105.96666666666667,329.86,1
450,450.0000000000021,106.504167,106.0,504.17,1
451,451.0000000000022,106.774653,106.06666666666666,707.99,1
452,452.0000000000022,107.045139,106.5,545.14,1
453,453.0000000000025,107.315625,107.66666666666667,351.04,1
454,454.00000000000233,107.617039,107.9,282.96,1
455,455.0000000000022,107.918452,108.03333333333333,114.88,1
456,456.00000000000233,108.219866,108.06666666666666,153.2,1
457,457.0000000000022,108.52128,108.13333333333334,387.95,1
458,458.00000000000233,108.822693,108.16666666666667,656.03,1
459,459.0000000000022,109.124107,108.2,924.11,1
460,460.00000000000233,109.425521,108.23333333333333,1192.19,1
461,461.0000000000022,109.682343,108.26666666666667,1415.68,1
462,462.00000000000233,109.939166,108.36666666666666,1572.5,1
463,463.0000000000022,110.19598899999998,110.16666666666667,29.32,1
464,464.00000000000233,110.452812,111.33333333333333,880.52,1
465,465.00000000000233,110.709635,112.36666666666666,1657.03,1
466,466.00000000000233,110.966458,112.5,1533.54,1
467,467.0000000000022,111.223281,112.93333333333334,1710.05,1
468,468.00000000000233,111.480104,113.0,1519.9,1
469,469.0000000000022,111.736927,113.03333333333333,1296.41,1
470,470.00000000000233,111.99375,113.06666666666666,1072.92,1
471,471.0000000000024,112.20052,113.1,899.48,1
472,472.0000000000024,112.43776,113.16666666666667,728.91,1
473,473.00000000000233,112.675,113.2,525.0,1
474,474.0000000000024,112.92448,113.23333333333333,308.85,1
475,475.0000000000024,113.137761,113.26666666666667,128.91,1
476,476.0000000000024,113.351042,113.3,51.04,1
477,477.00000000000244,113.564323,114.13333333333334,569.01,1
478,478.0000000000024,113.777604,114.16666666666667,389.06,1
479,479.0000000000024,113.990886,114.2,209.11,1
480,480.0000000000024,114.204167,114.23333333333333,29.17,1
481,481.00000000000233,114.48316,114.36666666666666,116.49,1
482,482.0000000000024,114.762153,114.5,262.15,1
483,483.00000000000244,115.041146,115.0,41.15,1
484,484.0000000000024,115.250729,115.06666666666666,184.06,1
485,485.00000000000244,115.460313,115.1,360.31,1
486,486.00000000000244,115.669896,115.73333333333333,63.44,1
487,487.0000000000024,115.879479,115.93333333333334,53.85,1
488,488.00000000000244,116.089062,115.96666666666667,122.4,1
489,489.0000000000025,116.375,116.0,375.0,1
490,490.00000000000244,116.526562,116.03333333333333,493.23,1
491,491.0000000000025,116.678125,116.63333333333334,44.79,1
492,492.0000000000025,116.963542,116.9,63.54,1
493,493.00000000000256,117.202605,116.93333333333334,269.27,1
494,494.0000000000025,117.441667,117.0,441.67,1
495,495.00000000000256,117.67968799999998,117.16666666666667,513.02,1
496,496.0000000000027,117.916667,117.23333333333333,683.33,1
497,497.00000000000256,118.153646,117.26666666666667,886.98,1
498,498.00000000000256,118.398959,117.33333333333333,1065.63,1
499,499.0000000000027,118.64496499999998,117.36666666666666,1278.3,1
500,500.0000000000026,118.890972,117.43333333333334,1457.64,1
501,501.00000000000256,119.136979,118.9,236.98,1
502,502.0000000000027,119.38298600000002,119.4,17.01,1
503,503.0000000000026,119.628993,119.93333333333334,304.34,1
504,504.00000000000256,119.875,119.96666666666667,91.67,1
505,505.0000000000026,120.194097,120.03333333333333,160.76,1
506,506.0000000000026,120.513195,120.36666666666666,146.53,1
507,507.00000000000273,120.832292,120.53333333333333,298.96,1
508,508.0000000000027,121.07031299999998,121.2,129.69,1
509,509.0000000000027,121.308334,121.43333333333334,125.0,1
510,510.0000000000026,121.546355,121.7,153.64,1
511,511.0000000000027,121.784375,121.9,115.63,1
512,512.0000000000026,122.022396,122.1,77.6,1
513,513.0000000000026,122.260417,122.23333333333333,27.08,1
514,514.0000000000026,122.609896,122.36666666666666,243.23,1
515,515.0000000000026,122.959375,122.56666666666666,392.71,1
516,516.0000000000026,123.308854,122.7,608.85,1
517,517.0000000000026,123.480903,123.1,380.9,1
518,518.0000000000026,123.652951,123.76666666666667,113.72,1
519,519.0000000000026,123.825,123.8,25.0,1
520,520.0000000000026,124.006597,123.86666666666666,139.93,1
521,521.0000000000026,124.188195,123.9,288.19,1
522,522.0000000000026,124.369792,123.93333333333334,436.46,1
523,523.0000000000026,124.661285,124.0,661.29,1
524,524.0000000000025,124.952778,125.4,447.22,1
525,525.0000000000026,125.244271,125.6,355.73,1
526,526.0000000000025,125.526736,125.63333333333334,106.6,1
527,527.0000000000026,125.809201,125.66666666666667,142.53,1
528,528.0000000000026,126.091667,125.7,391.67,1
529,529.0000000000026,126.374132,125.73333333333333,640.8,1
530,530.0000000000026,126.656597,125.8,856.6,1
531,531.0000000000025,126.939063,126.3,639.06,1
532,532.0000000000025,127.369792,126.83333333333333,536.46,1
533,533.0000000000026,127.800521,126.86666666666666,933.85,1
534,534.0000000000026,128.23125,127.03333333333333,1197.92,1
535,534.9979166666692,128.331424,128.36666666666667,35.24,1
536,535.9979166666691,128.431597,128.56666666666666,135.07,1
537,537.0000000000024,128.531771,128.76666666666668,234.9,1
538,537.9979166666689,128.631945,128.83333333333334,201.39,1
539,538.9979166666687,128.732118,128.9,167.88,1
540,540.000000000002,128.832292,128.93333333333334,101.04,1
541,541.0000000000019,129.054427,128.96666666666667,87.76,1
542,542.000000000002,129.27656299999998,129.0,276.56,1
543,543.0000000000019,129.475,129.1,375.0,1
544,544.000000000002,129.661458,129.63333333333333,28.12,1
545,545.000000000002,129.810417,129.76666666666668,43.75,1
546,546.000000000002,129.977083,129.96666666666667,10.42,1
547,547.000000000002,130.142708,130.13333333333333,9.37,1
548,548.0000000000022,130.316667,130.16666666666666,150.0,1
549,549.0000000000022,130.517708,130.5,17.71,1
550,550.0000000000022,130.736458,130.53333333333333,203.12,1
551,551.0000000000022,130.955208,130.8,155.21,1
552,552.0000000000022,131.173958,131.16666666666666,7.29,1
553,553.0000000000023,131.369792,131.4,30.21,1
554,554.0000000000023,131.51875,131.53333333333333,14.58,1
555,555.0000000000023,131.682291,131.7,17.71,1
556,556.0000000000023,131.84375,131.8,43.75,1
557,557.0000000000023,132.005208,131.83333333333334,171.87,1
558,558.0000000000023,132.15,132.06666666666666,83.33,1
559,559.0000000000023,132.290625,132.23333333333332,57.29,1
560,560.0000000000024,132.429167,132.4,29.17,1
561,561.0000000000025,132.613021,132.56666666666666,46.35,1
562,562.0000000000024,132.794792,132.76666666666668,28.13,1
563,563.0000000000025,132.959375,132.93333333333334,26.04,1
564,564.0000000000025,133.286458,133.23333333333332,53.12,1
565,565.0000000000025,133.534896,133.46666666666667,68.23,1
566,566.0000000000025,133.783333,133.6,183.33,1
567,567.0000000000025,134.009896,134.0,9.9,1
568,568.0000000000025,134.19375,134.16666666666666,27.08,1
569,569.0000000000025,134.351042,134.36666666666667,15.62,1
570,570.0000000000025,134.51666699999998,134.5,16.67,1
571,571.0000000000026,134.676042,134.63333333333333,42.71,1
572,572.0000000000025,134.853125,134.86666666666667,13.54,1
573,573.0000000000026,135.027083,134.96666666666667,60.42,1
574,574.0000000000028,135.22691,135.03333333333333,193.58,1
575,575.0000000000028,135.426736,135.2,226.74,1
576,576.0000000000028,135.62656299999998,135.36666666666667,259.9,1
577,577.0000000000028,135.852083,135.43333333333334,418.75,1
578,578.0000000000028,136.00104199999998,135.63333333333333,367.71,1
579,579.000000000003,136.15364499999998,135.73333333333332,420.31,1
580,580.0000000000028,136.321875,135.9,421.88,1
581,581.000000000003,136.491667,136.0,491.67,1
582,582.000000000003,136.6375,136.06666666666666,570.83,1
583,583.000000000003,136.798958,136.33333333333334,465.62,1
584,584.000000000003,136.94375,136.93333333333334,10.42,1
585,585.0000000000031,137.113541,137.1,13.54,1
586,586.0000000000031,137.31875,137.2,118.75,1
587,587.0000000000031,137.56875,137.5,68.75,1
588,588.0000000000031,138.060417,138.03333333333333,27.08,1
589,589.0000000000031,138.475,138.26666666666668,208.33,1
590,590.0000000000031,138.654167,138.36666666666667,287.5,1
591,591.0000000000031,138.779167,138.43333333333334,345.83,1
592,592.0000000000031,138.978645,139.03333333333333,54.69,1
593,593.0000000000031,139.201042,139.1,101.04,1
594,594.0000000000031,139.661458,139.26666666666668,394.79,1
595,595.0000000000031,139.853125,139.36666666666667,486.46,1
596,596.0000000000031,140.002083,139.4,602.08,1
597,597.0000000000031,140.341667,139.96666666666667,375.0,1
598,598.0000000000031,140.60625,140.2,406.25,1
599,599.0000000000032,140.749479,140.3,449.48,1
600,600.0000000000031,140.892708,140.9,7.29,1
601,601.0000000000031,141.103125,141.2,96.87,1
602,602.0000000000031,141.23906200000005,141.26666666666668,27.6,1
603,603.0000000000031,141.472396,141.33333333333334,139.06,1
604,604.0000000000032,141.69375,141.53333333333333,160.42,1
605,605.0000000000032,141.866146,141.73333333333332,132.81,1
606,606.0000000000033,142.156771,141.86666666666667,290.1,1
607,607.0000000000032,142.401042,141.93333333333334,467.71,1
608,608.0000000000033,142.538542,142.0,538.54,1
609,609.0000000000033,142.720833,142.76666666666668,45.83,1
610,610.0000000000033,142.939583,142.8,139.58,1
611,611.0000000000033,143.088542,143.03333333333333,55.21,1
612,612.0000000000033,143.263542,143.13333333333333,130.21,1
613,613.0000000000033,143.71718700000002,143.2,517.19,1
614,614.0000000000033,143.747917,143.53333333333333,214.58,1
615,615.0000000000033,144.080208,143.8,280.21,1
616,616.0000000000033,144.186979,144.3,113.02,1
617,617.0000000000033,144.35833300000004,144.4,41.67,1
618,618.0000000000033,144.83125,144.53333333333333,297.92,1
619,619.0000000000032,145.066667,144.56666666666666,500.0,1
620,620.0000000000033,145.192708,144.8,392.71,1
621,621.0000000000033,145.382292,145.36666666666667,15.63,1
622,622.0000000000033,145.607292,145.53333333333333,73.96,1
623,623.0000000000032,145.75104199999996,145.6,151.04,1
624,624.0000000000033,145.91718799999995,145.9,17.19,1
625,625.0000000000033,146.125,146.13333333333333,8.33,1
626,626.0000000000033,146.319271,146.36666666666667,47.4,1
627,627.0000000000034,146.57551999999995,146.6,24.48,1
628,628.0000000000034,146.88593799999995,146.83333333333334,52.6,1
629,629.0000000000033,147.082292,146.9,182.29,1
630,630.0000000000034,147.309375,147.13333333333333,176.04,1
631,631.0000000000034,147.564583,147.33333333333334,231.25,1
632,632.0000000000034,147.707292,147.36666666666667,340.63,1
633,633.0000000000034,147.97031299999998,147.43333333333334,536.98,1
634,634.0000000000034,148.226042,147.46666666666667,759.38,1
635,635.0000000000034,148.40625,147.53333333333333,872.92,1
636,636.0000000000035,148.695313,147.56666666666666,1128.65,1
637,637.0000000000035,148.958333,147.63333333333333,1325.0,1
638,638.0000000000034,149.125,147.7,1425.0,1
639,639.0000000000035,149.290625,149.0,290.63,1
640,640.0000000000034,149.504167,149.4,104.17,1
641,641.0000000000035,149.716667,149.7,16.67,1
642,642.0000000000034,150.03020800000004,149.86666666666667,163.54,1
643,643.0000000000034,150.277083,149.96666666666667,310.42,1
644,644.0000000000034,150.427083,150.4,27.08,1
645,645.0000000000034,150.646354,150.6,46.35,1
646,646.0000000000034,150.886458,150.73333333333332,153.12,1
647,647.0000000000034,151.023958,150.9,123.96,1
648,648.0000000000034,151.211979,151.03333333333333,178.65,1
649,649.0000000000034,151.45625,151.2,256.25,1
650,650.0000000000034,151.615105,151.53333333333333,81.77,1
651,651.0000000000034,151.840104,151.63333333333333,206.77,1
652,652.0000000000034,152.048958,151.66666666666666,382.29,1
653,653.0000000000035,152.335417,152.26666666666668,68.75,1
654,654.0000000000034,152.621875,152.5,121.87,1
655,655.0000000000034,152.925,152.56666666666666,358.33,1
656,656.0000000000034,153.059375,153.06666666666666,7.29,1
657,657.0000000000034,153.270833,153.3,29.17,1
658,658.0000000000034,153.586458,153.36666666666667,219.79,1
659,659.0000000000034,153.89375,153.4,493.75,1
660,660.0000000000031,154.44843799999995,153.56666666666666,881.77,1
661,661.0000000000032,154.821875,155.13333333333333,311.46,1
662,662.0000000000033,155.01666699999996,155.73333333333332,716.67,1
663,663.0000000000033,155.410416,155.83333333333334,422.92,1
664,664.0000000000031,155.836979,156.03333333333333,196.35,1
665,665.000000000003,156.071875,156.1,28.12,1
666,666.0000000000028,156.38593799999995,156.36666666666667,19.27,1
667,667.000000000003,156.663542,156.66666666666666,3.12,1
668,668.000000000003,156.845833,156.86666666666667,20.83,1
669,669.0000000000028,157.019271,156.93333333333334,85.94,1
670,670.0000000000028,157.246875,157.2,46.88,1
671,671.0000000000025,157.44375,157.46666666666667,22.92,1
672,672.0000000000023,157.705208,157.66666666666666,38.54,1
673,673.0000000000023,158.0,157.73333333333332,266.67,1
674,674.0000000000023,158.172395,158.13333333333333,39.06,1
675,675.0000000000022,158.37395800000004,158.16666666666666,207.29,1
676,676.0000000000016,158.60625,158.3,306.25,1
677,677.0000000000016,158.925,158.76666666666668,158.33,1
678,678.0000000000016,159.275,158.96666666666667,308.33,1
679,679.0000000000015,159.588542,159.6,11.46,1
680,680.0000000000016,159.753125,159.8,46.88,1
681,681.0000000000015,159.916667,160.0,83.33,1
682,682.0000000000015,160.129167,160.06666666666666,62.5,1
683,683.0000000000015,160.29531200000002,160.26666666666668,28.65,1
684,684.0000000000014,160.65729199999996,160.53333333333333,123.96,1
685,685.0000000000015,160.894792,160.9,5.21,1
686,686.0000000000015,161.0625,161.03333333333333,29.17,1
687,687.0000000000013,161.325,161.06666666666666,258.33,1
688,688.0000000000013,161.580208,161.13333333333333,446.87,1
689,689.0000000000013,161.804167,161.8,4.17,1
690,690.000000000001,162.0,161.9,100.0,1
691,691.0000000000011,162.25104199999996,161.96666666666667,284.38,1
692,692.0000000000011,162.403125,162.43333333333334,30.21,1
693,693.000000000001,162.59479199999996,162.53333333333333,61.46,1
694,694.0000000000011,162.854167,162.6,254.17,1
695,695.000000000001,163.010417,162.66666666666666,343.75,1
696,696.000000000001,163.214583,162.7,514.58,1
697,697.0000000000013,163.455208,163.23333333333332,221.87,1
698,698.0000000000008,163.620833,163.56666666666666,54.17,1
699,699.0000000000008,163.897917,163.63333333333333,264.58,1
700,700.0000000000008,164.13958300000004,163.7,439.58,1
701,701.0000000000007,164.26666699999996,164.23333333333332,33.33,1
702,702.0000000000007,164.585938,164.3,285.94,1
703,703.0000000000007,164.83125,164.7,131.25,1
704,704.0000000000007,164.973958,164.76666666666668,207.29,1
705,705.0000000000007,165.18906299999998,164.96666666666667,222.4,1
706,706.0000000000006,165.411458,165.0,411.46,1
707,707.0000000000005,165.633333,165.06666666666666,566.67,1
708,708.0000000000005,165.983854,165.13333333333333,850.52,1
709,709.0000000000003,166.216667,165.93333333333334,283.33,1
710,710.0000000000005,166.369792,166.43333333333334,63.54,1
711,711.0000000000005,166.694792,166.63333333333333,61.46,1
712,712.0000000000002,166.977604,166.93333333333334,44.27,1
713,713.0000000000005,167.205208,166.96666666666667,238.54,1
714,714.0000000000002,167.45416699999996,167.33333333333334,120.83,1
715,715.0000000000002,167.683333,167.46666666666667,216.67,1
716,716.0000000000002,167.83125,167.66666666666666,164.58,1
717,717.0000000000001,168.019792,167.96666666666667,53.13,1
718,718.0000000000001,168.232292,168.23333333333332,1.04,1
719,719.0,168.441667,168.46666666666667,25.0,1
720,719.9999999999999,168.77031200000005,168.66666666666666,103.65,1
721,721.0000000000001,169.03020800000004,168.96666666666667,63.54,1
722,721.9999999999998,169.19843799999995,169.16666666666666,31.77,1
723,722.9999999999994,169.497396,169.46666666666667,30.73,1
724,723.9999999999997,169.739583,169.73333333333332,6.25,1
725,724.9999999999999,169.930208,170.0,69.79,1
726,725.9999999999999,170.111458,170.1,11.46,1
727,726.9999999999997,170.30625,170.46666666666667,160.42,1
728,727.9999999999995,170.478125,170.53333333333333,55.21,1
729,728.9999999999998,170.713542,170.66666666666666,46.88,1
730,729.9999999999993,170.914583,170.9,14.58,1
731,730.9999999999993,171.095833,171.06666666666666,29.17,1
732,731.9999999999992,171.304688,171.16666666666666,138.02,1
733,732.999999999999,171.49895800000004,171.23333333333332,265.62,1
734,733.9999999999992,171.668229,171.6,68.23,1
735,734.9999999999986,171.971875,171.66666666666666,305.21,1
736,735.9999999999989,172.25104199999996,171.7,551.04,1
737,736.9999999999992,172.440625,172.43333333333334,7.29,1
738,737.999999999999,172.629167,172.66666666666666,37.5,1
739,738.999999999999,172.853125,172.83333333333334,19.79,1
740,739.999999999999,172.99895800000004,172.9,98.96,1
741,740.9999999999986,173.286979,172.93333333333334,353.65,1
742,741.9999999999987,173.510417,173.0,510.42,1
743,742.9999999999986,173.71823,173.53333333333333,184.9,1
744,743.9999999999985,174.116667,173.73333333333332,383.33,1
745,744.9999999999985,174.322396,174.1,222.4,1
746,745.9999999999983,174.528125,174.6,71.88,1
747,746.9999999999985,174.75625,174.76666666666668,10.42,1
748,747.9999999999985,174.970833,174.83333333333334,137.5,1
749,748.9999999999985,175.15520800000004,175.13333333333333,21.87,1
750,749.9999999999982,175.32916699999996,175.3,29.17,1
751,750.9999999999982,175.51458300000004,175.36666666666667,147.92,1
752,751.9999999999982,175.7,175.66666666666666,33.33,1
753,752.9999999999984,175.896875,175.93333333333334,36.46,1
754,753.9999999999981,176.09375,176.1,6.25,1
755,754.999999999998,176.272917,176.2,72.92,1
756,755.999999999998,176.423958,176.4,23.96,1
757,756.9999999999977,176.6125,176.53333333333333,79.17,1
758,757.9999999999976,176.801042,176.83333333333334,32.29,1
759,758.9999999999978,177.017708,177.03333333333333,15.63,1
760,759.9999999999977,177.23125,177.16666666666666,64.58,1
761,760.9999999999978,177.426042,177.46666666666667,40.62,1
762,761.9999999999975,177.595833,177.56666666666666,29.17,1
763,762.9999999999975,177.786458,177.83333333333334,46.88,1
764,763.9999999999977,177.977083,178.26666666666668,289.58,1
765,764.9999999999977,178.215625,178.33333333333334,117.71,1
766,765.9999999999974,178.432292,178.4,32.29,1
767,766.9999999999972,178.621875,178.6,21.87,1
768,767.999999999997,178.786458,178.76666666666668,19.79,1
769,768.9999999999969,178.98125,178.9,81.25,1
770,769.999999999997,179.176042,179.13333333333333,42.71,1
771,770.999999999997,179.488021,179.43333333333334,54.69,1
772,771.9999999999972,179.720833,179.73333333333332,12.5,1
773,772.9999999999967,179.917708,179.93333333333334,15.63,1
774,773.9999999999967,180.089583,180.1,10.42,1
775,774.9999999999966,180.254167,180.8,545.83,1
776,775.9999999999965,180.43125,180.96666666666667,535.42,1
777,776.9999999999965,180.628125,181.06666666666666,438.54,1
778,777.9999999999964,180.827083,181.1,272.92,1
779,778.9999999999962,181.076042,181.2,123.96,1
780,779.9999999999964,181.347396,181.4,52.6,1
781,780.9999999999959,181.676736,182.3,623.26,1
782,781.9999999999962,182.006076,182.33333333333334,327.26,1
783,782.9999999999964,182.335417,182.4,64.58,1
784,783.9999999999961,182.995602,182.43333333333334,562.27,1
785,784.999999999996,183.655787,182.5,1155.79,1
786,785.9999999999962,184.315972,182.53333333333333,1782.64,1
787,786.9999999999961,184.976157,182.6,2376.16,1
788,787.9999999999964,185.636342,182.63333333333333,3003.01,1
789,788.9999999999962,186.296527,182.7,3596.53,1
790,789.9999999999961,186.956713,182.73333333333332,4223.38,1
791,790.9999999999961,187.616898,182.8,4816.9,1
792,791.999999999996,188.277083,182.86666666666667,5410.42,1
793,792.9999999999977,188.622569,182.9,5722.57,1
794,793.9999999999976,188.968056,185.03333333333333,3934.72,1
795,794.9999999999977,189.313542,186.33333333333334,2980.21,1
796,795.9999999999977,189.88724,187.56666666666666,2320.57,1
797,796.9999999999976,190.460938,188.3,2160.94,1
798,797.9999999999977,191.034635,188.86666666666667,2167.97,1
799,798.9999999999976,191.608333,189.1,2508.33,1
800,799.9999999999976,192.3,189.46666666666667,2833.33,1
801,800.9999999999976,192.663542,189.53333333333333,3130.21,1
802,801.9999999999975,192.939583,191.13333333333333,1806.25,1
803,802.9999999999976,193.205208,192.2,1005.21,1
804,803.9999999999976,193.5,192.63333333333333,866.67,1
805,804.9999999999976,193.79375,192.8,993.75,1
806,805.9999999999977,194.0875,192.93333333333334,1154.17,1
807,806.9999999999976,194.38125,193.5,881.25,1
808,807.9999999999976,194.877604,193.6,1277.6,1
809,808.9999999999977,195.373958,193.63333333333333,1740.62,1
810,809.9999999999976,195.870313,193.83333333333334,2036.98,1
811,810.9999999999976,196.366667,194.33333333333334,2033.33,1
812,811.9999999999975,196.883333,194.43333333333334,2450.0,1
813,812.9999999999972,197.110417,194.63333333333333,2477.08,1
814,813.9999999999974,197.328125,196.36666666666667,961.46,1
815,814.9999999999975,197.869791,196.66666666666666,1203.12,1
816,815.9999999999972,198.411458,197.13333333333333,1278.12,1
817,816.9999999999974,198.78125,197.33333333333334,1447.92,1
818,817.9999999999974,199.151041,197.4,1751.04,1
819,818.9999999999972,199.520833,197.73333333333332,1787.5,1
820,819.9999999999974,200.320313,198.6,1720.31,1
821,820.999999999997,201.119792,198.8,2319.79,1
822,821.9999999999972,201.630729,199.53333333333333,2097.4,1
823,822.9999999999972,202.261024,199.7,2561.02,1
824,823.9999999999972,202.891319,200.23333333333332,2657.99,1
825,824.9999999999972,203.521614,200.46666666666667,3054.95,1
826,825.9999999999972,204.15191,200.66666666666666,3485.24,1
827,826.9999999999972,204.782205,200.86666666666667,3915.54,1
828,827.9999999999972,205.4125,200.96666666666667,4445.83,1
829,828.9999999999972,205.944792,201.0,4944.79,1
830,829.999999999997,206.477083,201.1,5377.08,1
831,830.9999999999974,206.805208,201.26666666666668,5538.54,1
832,831.9999999999972,207.039063,201.6,5439.06,1
833,832.9999999999969,207.272917,201.63333333333333,5639.58,1
834,833.9999999999969,207.539063,206.3,1239.06,1
835,834.999999999997,207.745833,207.2,545.83,1
836,835.9999999999969,207.952604,207.26666666666668,685.94,1
837,836.9999999999969,208.257292,207.63333333333333,623.96,1
838,837.9999999999967,208.605469,207.8,805.47,1
839,838.9999999999967,208.953645,207.96666666666667,986.98,1
840,839.9999999999967,209.706771,208.26666666666668,1440.1,1
841,840.9999999999965,211.083333,208.33333333333334,2750.0,1
842,841.9999999999966,211.302083,208.93333333333334,2368.75,1
843,842.9999999999964,211.489584,209.03333333333333,2456.25,1
844,843.9999999999966,211.69375,209.93333333333334,1760.42,1
845,844.9999999999966,211.877083,210.03333333333333,1843.75,1
846,845.9999999999966,212.125,210.23333333333332,1891.67,1
847,846.9999999999966,212.376042,210.5,1876.04,1
848,847.9999999999966,212.730208,210.53333333333333,2196.87,1
849,848.9999999999965,213.7125,210.9,2812.5,1
850,849.9999999999967,214.839236,210.93333333333334,3905.9,1
851,850.9999999999967,215.965972,210.96666666666667,4999.31,1
852,851.9999999999967,217.092708,211.0,6092.71,1
853,852.9999999999966,217.438542,211.43333333333334,6005.21,1
854,853.9999999999967,217.784375,215.6,2184.38,1
855,854.9999999999965,218.130208,216.53333333333333,1596.87,1
856,855.9999999999966,218.70625,217.26666666666668,1439.58,1
857,856.9999999999966,219.282292,217.46666666666667,1815.63,1
858,857.9999999999966,219.858333,218.13333333333333,1725.0,1
859,858.9999999999966,220.434375,218.33333333333334,2101.04,1
860,859.9999999999965,221.070833,218.53333333333333,2537.5,1
861,860.9999999999965,221.390625,218.63333333333333,2757.29,1
862,861.9999999999967,221.635417,219.9,1735.42,1
863,862.9999999999967,221.838542,220.76666666666668,1071.88,1
864,863.9999999999967,222.092708,221.4,692.71,1
865,864.9999999999968,222.38125,221.6,781.25,1
866,865.9999999999965,222.669791,221.63333333333333,1036.46,1
867,866.9999999999965,222.958333,221.86666666666667,1091.67,1
868,867.9999999999966,223.31875,222.06666666666666,1252.08,1
869,868.9999999999966,223.679167,222.1,1579.17,1
870,869.9999999999966,224.039583,222.26666666666668,1772.92,1
871,870.9999999999966,224.4,222.93333333333334,1466.67,1
872,871.9999999999967,224.8375,222.96666666666667,1870.83,1
873,872.9999999999967,225.091667,223.03333333333333,2058.33,1
874,873.9999999999967,225.288542,224.43333333333334,855.21,1
875,874.9999999999967,225.919792,224.56666666666666,1353.13,1
876,875.9999999999967,226.551042,225.06666666666666,1484.38,1
877,876.9999999999967,226.838542,225.3,1538.54,1
878,877.9999999999967,227.028125,225.33333333333334,1694.79,1
879,878.9999999999967,227.453125,225.86666666666667,1586.46,1
880,879.9999999999967,227.790972,226.16666666666666,1624.31,1
881,880.9999999999967,228.128819,227.0,1128.82,1
882,881.9999999999967,228.466667,227.46666666666667,1000.0,1
883,882.9999999999967,229.135937,227.73333333333332,1402.6,1
884,883.9999999999967,229.805208,227.86666666666667,1938.54,1
885,884.9999999999967,230.386979,228.43333333333334,1953.65,1
886,885.9999999999967,230.898727,228.46666666666667,2432.06,1
887,886.9999999999967,231.410474,229.46666666666667,1943.81,1
888,887.9999999999967,231.92222200000003,230.36666666666667,1555.56,1
889,888.9999999999967,232.43397,230.56666666666666,1867.3,1
890,889.9999999999967,232.945717,230.76666666666668,2179.05,1
891,890.9999999999967,233.457465,231.0,2457.47,1
892,891.9999999999967,233.969213,232.03333333333333,1935.88,1
893,892.9999999999967,234.48096,232.06666666666666,2414.29,1
894,893.9999999999967,234.992708,232.1,2892.71,1
895,894.9999999999967,235.393144,232.13333333333333,3259.81,1
896,895.9999999999967,235.781605,232.2,3581.61,1
897,896.9999999999968,236.181164,232.23333333333332,3947.83,1
898,897.9999999999968,236.586273,232.26666666666668,4319.61,1
899,898.9999999999967,237.019129,232.3,4719.13,1
900,899.9999999999967,237.460309,232.36666666666667,5093.64,1
901,900.9999999999968,238.176042,232.4,5776.04,1
902,901.9999999999967,238.48125,232.53333333333333,5947.92,1
903,902.9999999999966,238.908711,232.86666666666667,6042.04,1
904,903.9979166666633,239.30827,233.93333333333334,5374.94,1
905,904.9999999999966,239.674479,234.66666666666666,5007.81,1
906,905.9999999999966,240.029167,234.7,5329.17,1
907,906.9999999999966,240.251674,234.73333333333332,5518.34,1
908,907.9999999999964,240.477604,234.8,5677.6,1
909,908.9999999999964,240.760938,235.0,5760.94,1
910,909.9999999999965,240.965104,235.16666666666666,5798.44,1
911,910.9999999999964,241.169271,240.36666666666667,802.6,1
912,911.9999999999964,241.541667,240.83333333333334,708.33,1
913,912.9999999999964,241.916406,240.86666666666667,1049.74,1
914,913.9999999999961,242.29114500000003,241.4,891.15,1
915,914.9999999999961,243.313021,241.46666666666667,1846.35,1
916,915.9999999999961,243.766667,241.53333333333333,2233.33,1
917,916.9999999999961,244.220312,242.43333333333334,1786.98,1
918,917.9999999999961,244.673958,243.06666666666666,1607.29,1
919,918.9999999999961,245.41302,243.1,2313.02,1
920,919.9999999999961,246.152083,243.16666666666666,2985.42,1
921,920.9999999999959,246.626042,243.2,3426.04,1
922,921.9999999999959,246.958333,243.5,3458.33,1
923,922.9999999999958,247.472917,243.53333333333333,3939.58,1
924,923.9999999999956,248.544792,243.6,4944.79,1
925,924.9999999999956,250.203125,243.63333333333333,6569.79,1
926,925.9999999999956,251.146875,243.73333333333332,7413.54,1
927,926.9999999999956,251.694271,244.0,7694.27,1
928,927.9999999999956,252.370833,244.13333333333333,8237.5,1
929,928.9999999999953,252.702083,246.4,6302.08,1
930,929.9999999999953,253.008333,247.66666666666666,5341.67,1
931,930.9999999999953,253.505209,251.86666666666667,1638.54,1
932,931.9999999999953,253.975,252.66666666666666,1308.33,1
933,932.9999999999952,254.38125,252.9,1481.25,1
934,933.9999999999952,254.8375,253.2,1637.5,1
935,934.9999999999952,255.089063,253.33333333333334,1755.73,1
936,935.9999999999952,255.308854,254.33333333333334,975.52,1
937,936.9999999999952,255.735417,254.4,1335.42,1
938,937.9999999999951,256.089063,255.06666666666666,1022.4,1
939,938.9999999999951,256.407292,255.2,1207.29,1
940,939.9999999999951,256.754687,255.33333333333334,1421.35,1
941,940.999999999995,256.994271,255.4,1594.27,1
942,941.999999999995,257.205208,255.96666666666667,1238.54,1
943,942.999999999995,257.489583,256.43333333333334,1056.25,1
944,943.999999999995,257.753125,256.93333333333334,819.79,1
945,944.999999999995,258.007292,257.1666666666667,840.63,1
946,945.9999999999949,258.331771,257.46666666666664,865.1,1
947,946.9999999999948,258.55260400000003,257.6,952.6,1
948,947.9999999999949,258.820833,257.93333333333334,887.5,1
949,948.9999999999948,259.225,258.0,1225.0,1
950,949.9999999999948,259.719271,258.6,1119.27,1
951,950.9999999999948,260.229167,258.7,1529.17,1
952,951.9999999999947,260.773959,258.8,1973.96,1
953,952.9999999999947,261.03697900000003,259.56666666666666,1470.31,1
954,953.9999999999947,261.3,259.73333333333335,1566.67,1
955,954.9999999999947,261.616667,260.26666666666665,1350.0,1
956,955.9999999999947,261.900521,261.0,900.52,1
957,956.9999999999947,262.170313,261.1666666666667,1003.65,1
958,957.9999999999945,262.491667,261.56666666666666,925.0,1
959,958.9999999999944,262.70625,261.8666666666667,839.58,1
960,959.9999999999945,262.928125,262.06666666666666,861.46,1
961,960.9999999999944,263.211458,262.5,711.46,1
962,961.9999999999944,263.452084,262.6,852.08,1
963,962.9999999999944,263.68125,262.6333333333333,1047.92,1
964,963.9999999999944,263.966667,262.7,1266.67,1
965,964.9999999999943,264.180729,263.4,780.73,1
966,965.9999999999943,264.403125,263.6666666666667,736.46,1
967,966.9999999999943,264.696875,263.73333333333335,963.54,1
968,967.9999999999942,264.96823,263.76666666666665,1201.56,1
969,968.9999999999942,265.261459,264.26666666666665,994.79,1
970,969.9999999999942,265.56875,264.8666666666667,702.08,1
971,970.9999999999941,265.920313,264.96666666666664,953.65,1
972,971.9999999999941,266.30260400000003,265.2,1102.6,1
973,972.9999999999941,266.905208,265.6,1305.21,1
974,973.9999999999941,267.52135400000003,265.8,1721.35,1
975,974.9999999999941,268.396875,265.8333333333333,2563.54,1
976,975.9999999999941,269.252083,265.96666666666664,3285.42,1
977,976.9999999999939,269.60625,267.6,2006.25,1
978,977.9999999999941,269.822917,267.76666666666665,2056.25,1
979,978.9999999999939,270.2,269.0,1200.0,1
980,979.9999999999939,270.523958,269.6,923.96,1
981,980.9999999999939,270.825,269.8333333333333,991.67,1
982,981.9999999999939,271.191146,270.2,991.15,1
983,982.9999999999937,271.401042,270.4,1001.04,1
984,983.9999999999939,271.614062,270.8,814.06,1
985,984.9999999999937,271.892708,270.96666666666664,926.04,1
986,985.9999999999937,272.151042,271.4,751.04,1
987,986.9999999999937,272.411458,271.5,911.46,1
988,987.9999999999935,272.70573,271.6666666666667,1039.06,1
989,988.9999999999935,272.939583,272.06666666666666,872.92,1
990,989.9999999999935,273.151042,272.1666666666667,984.38,1
991,990.9999999999935,273.472396,272.43333333333334,1039.06,1
992,991.9999999999935,273.772917,272.9,872.92,1
993,992.9999999999934,274.108333,273.1333333333333,975.0,1
994,993.9999999999934,274.42343700000004,273.46666666666664,956.77,1
995,994.9999999999933,274.723958,273.7,1023.96,1
996,995.9999999999933,275.236458,274.1,1136.46,1
997,996.9999999999934,276.052083,274.4,1652.08,1
998,997.9999999999932,277.234375,274.5,2734.38,1
999,998.9999999999932,278.105729,275.0,3105.73,1
1000,999.9999999999887,278.416667,275.93333333333334,2483.33,1
1001,1000.999999999989,278.597396,277.03333333333336,1564.06,1
1002,1001.999999999989,278.765625,278.03333333333336,732.29,1
1003,1002.9999999999891,278.964583,278.2,764.58,1
1004,1003.9999999999891,279.114583,278.5,614.58,1
1005,1004.9999999999891,279.265625,278.6666666666667,598.96,1
1006,1005.9999999999892,279.446875,278.93333333333334,513.54,1
1007,1006.9999999999892,279.59531200000004,278.96666666666664,628.65,1
1008,1007.9999999999893,279.8,279.26666666666665,533.33,1
1009,1008.9999999999893,279.96875,279.46666666666664,502.08,1
1010,1009.9999999999893,280.133333,279.53333333333336,600.0,1
1011,1010.9999999999894,280.283854,279.8333333333333,450.52,1
1012,1011.9999999999894,280.445833,280.03333333333336,412.5,1
1013,1012.9999999999895,280.592188,280.1333333333333,458.85,1
1014,1013.9999999999895,280.759375,280.3,459.37,1
1015,1014.9999999999895,280.935417,280.6,335.42,1
1016,1015.9999999999898,281.074479,280.6333333333333,441.15,1
1017,1016.9999999999898,281.232292,280.76666666666665,465.63,1
1018,1017.9999999999899,281.408333,281.26666666666665,141.67,1
1019,1018.9999999999899,281.563541,281.3,263.54,1
1020,1019.9999999999899,281.708333,281.3333333333333,375.0,1
1021,1020.9999999999901,281.871354,281.4,471.35,1
1022,1021.9999999999901,282.023438,281.5,523.44,1
1023,1022.9999999999902,282.211979,281.7,511.98,1
1024,1023.9999999999902,282.384375,281.8666666666667,517.71,1
1025,1024.9999999999902,282.53073,281.93333333333334,597.4,1
1026,1025.9999999999902,282.669792,282.1,569.79,1
1027,1026.9999999999902,282.832292,282.3,532.29,1
1028,1027.9999999999905,282.976042,282.4,576.04,1
1029,1028.9999999999905,283.121875,282.46666666666664,655.21,1
1030,1029.9999999999905,283.2875,282.73333333333335,554.17,1
1031,1030.9999999999907,283.435417,282.9,535.42,1
1032,1031.9999999999907,283.604167,283.06666666666666,537.5,1
1033,1032.9999999999907,283.754167,283.3333333333333,420.83,1
1034,1033.9999999999907,283.9125,283.46666666666664,445.83,1
1035,1034.9999999999907,284.073959,283.6,473.96,1
1036,1035.999999999991,284.255208,283.8,455.21,1
1037,1036.999999999991,284.391667,283.93333333333334,458.33,1
1038,1037.9999999999911,284.555729,284.06666666666666,489.06,1
1039,1038.9999999999911,284.745833,284.26666666666665,479.17,1
1040,1039.9999999999911,284.872917,284.3666666666667,506.25,1
1041,1040.9999999999911,285.03177,284.53333333333336,498.44,1
1042,1041.9999999999911,285.19375,284.73333333333335,460.42,1
1043,1042.9999999999914,285.35625,284.76666666666665,589.58,1
1044,1043.9999999999914,285.503125,285.0,503.13,1
1045,1044.9999999999914,285.657292,285.1,557.29,1
1046,1045.9999999999916,285.805209,285.26666666666665,538.54,1
1047,1046.9999999999916,285.994792,285.46666666666664,528.13,1
1048,1047.9999999999916,286.167708,285.6666666666667,501.04,1
1049,1048.9999999999916,286.317708,285.8,517.71,1
1050,1049.9999999999916,286.461458,285.96666666666664,494.79,1
1051,1050.9999999999918,286.639583,286.1,539.58,1
1052,1051.9999999999918,286.761979,286.3,461.98,1
1053,1052.9999999999918,286.907292,286.46666666666664,440.63,1
1054,1053.9999999999918,287.073958,286.6666666666667,407.29,1
1055,1054.9999999999918,287.239583,286.73333333333335,506.25,1
1056,1055.999999999992,287.409375,286.8,609.38,1
1057,1056.999999999992,287.552083,287.06666666666666,485.42,1
1058,1057.9999999999923,287.717708,287.1666666666667,551.04,1
1059,1058.9999999999923,287.863541,287.26666666666665,596.87,1
1060,1059.9999999999916,288.047396,287.93333333333334,114.06,1
1061,1060.9999999999916,288.188021,288.1333333333333,54.69,1
1062,1061.9999999999916,288.333333,288.1666666666667,166.67,1
1063,1062.9999999999916,288.515625,288.5,15.62,1
1064,1063.9999999999916,288.64375,288.6666666666667,22.92,1
1065,1064.9999999999916,288.792708,288.8,7.29,1
1066,1065.9999999999916,288.957292,288.8666666666667,90.63,1
1067,1066.9999999999916,289.103125,288.9,203.12,1
1068,1067.9999999999916,289.267708,288.93333333333334,334.37,1
1069,1068.9999999999916,289.422917,288.96666666666664,456.25,1
1070,1069.9999999999916,289.594792,289.8333333333333,238.54,1
1071,1070.9999999999916,289.810417,290.03333333333336,222.92,1
1072,1071.9999999999916,290.167708,290.6,432.29,1
1073,1072.9999999999916,290.479167,290.8666666666667,387.5,1
1074,1073.9999999999916,290.684375,291.4,715.62,1
1075,1074.9999999999916,290.851042,291.43333333333334,582.29,1
1076,1075.9999999999916,291.011458,291.46666666666664,455.21,1
1077,1076.9999999999916,291.15625,291.5,343.75,1
1078,1077.9999999999916,291.347917,291.6,252.08,1
1079,1078.9999999999916,291.513542,291.6333333333333,119.79,1
1080,1079.9999999999916,291.654167,291.73333333333335,79.17,1
1081,1080.9999999999916,291.825,291.76666666666665,58.33,1
1082,1081.9999999999916,291.967708,291.8,167.71,1
1083,1082.9999999999916,292.135417,291.93333333333334,202.08,1
1084,1083.9999999999916,292.279167,292.1666666666667,112.5,1
1085,1084.9999999999916,292.461458,292.7,238.54,1
1086,1085.9999999999916,292.613542,292.76666666666665,153.12,1
1087,1086.9999999999916,292.809375,292.8333333333333,23.96,1
1088,1087.9999999999916,292.99375,292.9,93.75,1
1089,1088.9999999999916,293.26875,293.1,168.75,1
1090,1089.9999999999916,293.569097,293.3333333333333,235.76,1
1091,1090.9999999999916,293.869444,293.53333333333336,336.11,1
1092,1091.9999999999916,294.169792,293.56666666666666,603.13,1
1093,1092.9999999999918,294.470139,293.6,870.14,1
1094,1093.9999999999918,294.770486,293.73333333333335,1037.15,1
1095,1094.9999999999918,295.070833,293.9,1170.83,1
1096,1095.9999999999955,295.3670140000001,294.1333333333333,1233.68,1
1097,1096.9999999999955,295.663194,294.3333333333333,1329.86,1
1098,1097.9999999999955,295.959375,294.8,1159.38,1
1099,1098.9999999999955,296.338281,295.0,1338.28,1
1100,1099.9999999999955,296.717188,295.06666666666666,1650.52,1
1101,1100.9999999999955,297.096094,295.4,1696.09,1
1102,1101.9999999999955,297.475,295.6,1875.0,1
1103,1102.9999999999952,298.066667,295.73333333333335,2333.33,1
1104,1103.9999999999952,298.370833,296.26666666666665,2104.17,1
1105,1104.9999999999952,298.579167,298.1,479.17,1
1106,1105.9999999999952,298.885417,298.1333333333333,752.08,1
1107,1106.9999999999952,299.191667,298.1666666666667,1025.0,1
1108,1107.9999999999952,299.425,298.56666666666666,858.33,1
1109,1108.9999999999952,299.658334,298.6,1058.33,1
1110,1109.9999999999952,299.891667,299.1666666666667,725.0,1
1111,1110.9999999999952,300.231511,299.2,1031.51,1
1112,1111.9999999999952,300.571354,299.23333333333335,1338.02,1
1113,1112.9999999999952,300.911198,299.56666666666666,1344.53,1
1114,1113.9999999999952,301.251042,299.8,1451.04,1
1115,1114.9999999999952,301.783333,299.8666666666667,1916.67,1
1116,1115.9999999999952,302.129167,299.9,2229.17,1
1117,1116.999999999995,302.395833,301.56666666666666,829.17,1
1118,1117.9999999999952,302.723958,301.6333333333333,1090.62,1
1119,1118.999999999995,303.052083,302.1,952.08,1
1120,1119.999999999995,303.21875,302.43333333333334,785.42,1
1121,1120.999999999995,303.385416,302.46666666666664,918.75,1
1122,1121.999999999995,303.552083,303.03333333333336,518.75,1
1123,1122.999999999995,303.96875,303.8666666666667,102.08,1
1124,1123.999999999995,304.385416,304.46666666666664,81.25,1
1125,1124.999999999995,304.802083,304.5,302.08,1
1126,1125.999999999995,305.524479,304.53333333333336,991.15,1
1127,1126.999999999995,306.246875,304.6,1646.87,1
1128,1127.9999999999948,306.7875,304.76666666666665,2020.83,1
1129,1128.9999999999948,307.512326,305.0,2512.33,1
1130,1129.9999999999948,308.237153,306.23333333333335,2003.82,1
1131,1130.9999999999948,308.961979,306.4,2561.98,1
1132,1131.9999999999948,309.686805,306.76666666666665,2920.14,1
1133,1132.9999999999948,310.411632,306.8,3611.63,1
1134,1133.9999999999948,311.136458,308.4,2736.46,1
1135,1134.9999999999948,311.692187,308.76666666666665,2925.52,1
1136,1135.9999999999948,312.247917,308.8,3447.92,1
1137,1136.999999999995,312.571354,308.8333333333333,3738.02,1
1138,1137.9999999999948,312.813802,308.8666666666667,3947.14,1
1139,1138.9999999999943,313.05625,310.96666666666664,2089.58,1
1140,1139.9999999999948,313.321875,312.3333333333333,988.54,1
1141,1140.9999999999948,313.513021,312.96666666666664,546.35,1
1142,1141.999999999995,313.704166,313.03333333333336,670.83,1
1143,1142.999999999995,313.980209,313.06666666666666,913.54,1
1144,1143.999999999995,314.336627,313.53333333333336,803.29,1
1145,1144.999999999995,314.699479,313.73333333333335,966.15,1
1146,1145.9999999999952,315.403646,313.76666666666665,1636.98,1
1147,1146.9999999999948,316.780208,314.03333333333336,2746.87,1
1148,1147.999999999995,317.007292,314.76666666666665,2240.63,1
1149,1148.999999999995,317.182292,315.46666666666664,1715.63,1
1150,1149.9999999999948,317.402083,315.5,1902.08,1
1151,1150.9999999999948,317.583333,315.6666666666667,1916.67,1
1152,1151.9999999999948,317.771875,315.8333333333333,1938.54,1
1153,1152.999999999995,318.075,316.6666666666667,1408.33,1
1154,1153.999999999995,318.504167,316.73333333333335,1770.83,1
1155,1154.999999999995,319.627083,316.96666666666664,2660.42,1
1156,1155.9999999999952,320.868403,317.2,3668.4,1
1157,1156.999999999995,322.1097220000001,317.23333333333335,4876.39,1
1158,1157.9999999999948,323.351041,317.3,6051.04,1
1159,1158.999999999995,323.703819,317.6666666666667,6037.15,1
1160,1159.999999999995,324.056597,321.6666666666667,2389.93,1
1161,1160.9999999999948,324.409375,322.8666666666667,1542.71,1
1162,1161.999999999995,324.99349,323.26666666666665,1726.82,1
1163,1162.999999999995,325.577604,323.3,2277.6,1
1164,1163.999999999995,326.161719,323.8666666666667,2295.05,1
1165,1164.999999999995,326.745833,324.06666666666666,2679.17,1
1166,1165.999999999995,327.28125,324.1,3181.25,1
1167,1166.9999999999952,327.551042,324.1666666666667,3384.38,1
1168,1167.999999999995,327.778125,324.2,3578.12,1
1169,1168.999999999995,328.108854,324.23333333333335,3875.52,1
1170,1169.9999999999952,328.439583,324.3,4139.58,1
1171,1170.9999999999952,328.686805,325.1,3586.8,1
1172,1171.999999999995,328.934028,325.1333333333333,3800.69,1
1173,1172.999999999995,329.18125,325.1666666666667,4014.58,1
1174,1173.9999999999952,329.570833,325.23333333333335,4337.5,1
1175,1174.9999999999952,329.960416,325.26666666666665,4693.75,1
1176,1175.9999999999952,330.35,325.3,5050.0,1
1177,1176.9999999999952,330.739583,325.3333333333333,5406.25,1
1178,1177.9999999999952,331.202083,325.4,5802.08,1
1179,1178.9999999999952,331.533333,325.43333333333334,6100.0,1
1180,1179.9999999999952,331.783333,328.56666666666666,3216.67,1
1181,1180.9999999999952,332.033333,330.6333333333333,1400.0,1
1182,1181.9999999999955,332.283333,331.53333333333336,750.0,1
1183,1182.9999999999952,332.826042,331.8,1026.04,1
1184,1183.9999999999955,333.03125,331.8333333333333,1197.92,1
1185,1184.9999999999952,333.4,332.06666666666666,1333.33,1
1186,1185.9999999999955,333.732292,332.46666666666664,1265.63,1
1187,1186.9999999999952,334.064583,333.03333333333336,1031.25,1
1188,1187.9999999999952,334.396875,333.43333333333334,963.54,1
1189,1188.9999999999955,335.029688,333.6,1429.69,1
1190,1189.9999999999955,335.6625,333.8,1862.5,1
1191,1190.9999999999955,336.261979,334.06666666666666,2195.31,1
1192,1191.9999999999955,336.7026620000001,334.43333333333334,2269.33,1
1193,1192.9999999999955,337.143345,335.6666666666667,1476.68,1
1194,1193.9999999999955,337.584028,336.23333333333335,1350.69,1
1195,1194.9999999999955,338.024711,336.26666666666665,1758.04,1
1196,1195.9999999999955,338.465393,336.6,1865.39,1
1197,1196.9999999999955,338.906076,336.8666666666667,2039.41,1
1198,1197.9999999999955,339.346759,337.56666666666666,1780.09,1
1199,1198.9999999999955,339.787442,337.6,2187.44,1
1200,1199.9999999999952,340.228125,337.6333333333333,2594.79,1
1201,1200.9999999999955,340.56048,337.6666666666667,2893.81,1
1202,1201.9999999999952,340.932293,337.73333333333335,3198.96,1
1203,1202.9999999999955,341.284682,337.76666666666665,3518.02,1
1204,1203.9999999999952,341.617648,337.8,3817.65,1
1205,1204.9999999999952,341.972811,337.8333333333333,4139.48,1
1206,1205.9999999999955,342.32242599999995,337.9,4422.43,1
1207,1206.9999999999957,343.140625,337.93333333333334,5207.29,1
1208,1207.9999999999961,343.422917,337.96666666666664,5456.25,1
1209,1208.9999999999961,343.826323,338.1666666666667,5659.66,1
1210,1209.9979166666628,344.24253,341.3666666666667,2875.86,1
1211,1210.9999999999961,344.598958,343.3,1298.96,1
1212,1211.9999999999961,344.925,343.6666666666667,1258.33,1
1213,1212.999999999996,345.149863,343.7,1449.86,1
1214,1213.9999999999961,345.358855,344.6,758.85,1
1215,1214.9999999999961,345.648438,344.76666666666665,881.77,1
1216,1215.9999999999961,345.855469,344.8,1055.47,1
1217,1216.9999999999964,346.0625,345.4,662.5,1
1218,1217.9999999999964,346.397396,345.7,697.4,1
1219,1218.9999999999964,346.95,345.73333333333335,1216.67,1
1220,1219.9999999999964,347.202083,346.03333333333336,1168.75,1
1221,1220.9999999999964,348.025521,346.3,1725.52,1
1222,1221.9999999999964,348.621875,346.3333333333333,2288.54,1
1223,1222.9999999999964,349.218229,347.3333333333333,1884.9,1
1224,1223.9999999999964,349.814583,347.8,2014.58,1
1225,1224.9999999999964,350.496875,347.93333333333334,2563.54,1
1226,1225.9999999999964,351.179167,347.96666666666664,3212.5,1
1227,1226.9999999999968,351.528125,350.1,1428.12,1
1228,1227.9999999999968,351.809375,350.56666666666666,1242.71,1
1229,1228.999999999997,352.321875,350.6,1721.87,1
1230,1229.9999999999973,353.453125,350.6333333333333,2819.79,1
1231,1230.9999999999975,355.411458,351.2,4211.46,1
1232,1231.9999999999973,356.205208,351.23333333333335,4971.87,1
1233,1232.999999999998,356.710417,351.26666666666665,5443.75,1
1234,1233.9999999999975,357.375,351.3,6075.0,1
1235,1234.9999999999975,357.690625,351.7,5990.63,1
1236,1235.999999999998,357.979167,355.3333333333333,2645.83,1
1237,1236.9999999999984,358.446875,356.4,2046.88,1
1238,1237.999999999998,358.847916,357.6666666666667,1181.25,1
1239,1238.999999999998,359.254687,357.93333333333334,1321.35,1
1240,1239.999999999998,359.708855,358.3666666666667,1342.19,1
1241,1240.9999999999986,359.978646,358.56666666666666,1411.98,1
1242,1241.9999999999984,360.245834,359.2,1045.83,1
1243,1242.9999999999986,360.584375,359.4,1184.38,1
1244,1243.9999999999986,360.9125,360.03333333333336,879.17,1
1245,1244.9999999999986,361.256771,360.23333333333335,1023.44,1
1246,1245.9999999999986,361.586979,360.3,1286.98,1
1247,1246.9999999999989,361.83125,360.6,1231.25,1
1248,1247.9999999999989,362.105208,361.1333333333333,971.87,1
1249,1248.999999999999,362.399479,361.6,799.48,1
1250,1249.999999999999,362.660416,361.8333333333333,827.08,1
1251,1250.999999999999,362.895833,362.03333333333336,862.5,1
1252,1251.999999999999,363.214584,362.3666666666667,847.92,1
1253,1252.9999999999993,363.453125,362.5,953.12,1
1254,1253.9999999999993,363.769792,362.8666666666667,903.13,1
1255,1254.9999999999995,364.280729,362.9,1380.73,1
1256,1255.9999999999998,365.042188,363.26666666666665,1775.52,1
1257,1256.9999999999993,365.720833,363.6,2120.83,1
1258,1257.9999999999998,366.359895,363.6333333333333,2726.56,1
1259,1258.9999999999998,366.641145,364.3333333333333,2307.81,1
1260,1260.0,366.938542,365.7,1238.54,1
1261,1261.0,367.364063,365.8,1564.06,1
1262,1262.0000000000002,367.717709,366.6333333333333,1084.38,1
1263,1263.0000000000002,368.011979,366.8,1211.98,1
1264,1264.0000000000002,368.324479,366.8333333333333,1491.15,1
1265,1265.0000000000002,368.55625,366.8666666666667,1689.58,1
1266,1266.0000000000005,368.801042,366.93333333333334,1867.71,1
1267,1267.0000000000002,369.122396,366.96666666666664,2155.73,1
1268,1268.0000000000005,369.389063,367.0,2389.06,1
1269,1269.0000000000007,369.619792,367.03333333333336,2586.46,1
1270,1270.0000000000005,369.856771,367.1,2756.77,1
1271,1271.000000000001,370.073438,367.43333333333334,2640.1,1
1272,1272.000000000001,370.315625,367.5,2815.63,1
1273,1273.000000000001,370.601042,367.7,2901.04,1
1274,1274.000000000001,370.848958,370.06666666666666,782.29,1
1275,1275.0000000000011,371.082812,370.26666666666665,816.15,1
1276,1276.000000000001,371.370834,370.3333333333333,1037.5,1
1277,1277.0000000000014,371.796355,370.8,996.35,1
1278,1278.0000000000014,372.158333,370.93333333333334,1225.0,1
1279,1279.0000000000014,372.776042,371.43333333333334,1342.71,1
1280,1280.0000000000014,373.959896,371.6333333333333,2326.56,1
1281,1281.000000000002,374.655208,371.6666666666667,2988.54,1
1282,1282.0000000000014,375.335938,371.73333333333335,3602.6,1
1283,1283.000000000002,375.655209,371.76666666666665,3888.54,1
1284,1284.000000000002,375.883854,373.0,2883.85,1
1285,1285.000000000002,376.294271,374.06666666666666,2227.6,1
1286,1286.000000000002,376.638542,374.3333333333333,2305.21,1
1287,1287.000000000002,376.958333,374.6,2358.33,1
1288,1288.0000000000023,377.336458,375.1,2236.46,1
1289,1289.0000000000023,377.564583,376.43333333333334,1131.25,1
1290,1290.0000000000025,377.767187,376.76666666666665,1000.52,1
1291,1291.0000000000025,378.055729,377.1666666666667,889.06,1
1292,1292.0000000000025,378.327083,377.53333333333336,793.75,1
1293,1293.0000000000027,378.621875,377.7,921.88,1
1294,1294.0000000000027,378.919271,377.76666666666665,1152.6,1
1295,1295.0000000000027,379.146875,378.2,946.88,1
1296,1296.000000000003,379.359895,378.5,859.89,1
1297,1297.000000000003,379.6875,378.6666666666667,1020.83,1
1298,1298.000000000003,380.086458,379.1333333333333,953.12,1
1299,1299.0000000000032,380.540625,379.3,1240.62,1
1300,1300.0000000000032,380.945313,379.6666666666667,1278.65,1
1301,1301.0000000000032,381.245313,380.03333333333336,1211.98,1
1302,1302.0000000000034,381.714063,380.53333333333336,1180.73,1
1303,1303.0000000000034,382.447917,380.76666666666665,1681.25,1
1304,1304.0000000000032,383.711458,381.26666666666665,2444.79,1
1305,1305.0000000000061,384.586458,381.56666666666666,3019.79,1
1306,1306.0000000000057,384.934375,381.96666666666664,2967.71,1
1307,1307.0000000000057,385.105729,382.06666666666666,3039.06,1
1308,1308.0000000000052,385.294792,382.43333333333334,2861.46,1
1309,1309.000000000005,385.502083,382.6,2902.08,1
1310,1310.0000000000048,385.647396,383.1333333333333,2514.06,1
1311,1311.0000000000045,385.808854,384.2,1608.85,1
1312,1312.0000000000045,386.002083,385.43333333333334,568.75,1
1313,1313.0000000000043,386.156771,385.6333333333333,523.44,1
1314,1314.0000000000039,386.355729,385.76666666666665,589.06,1
1315,1315.0000000000036,386.532292,386.03333333333336,498.96,1
1316,1316.0000000000034,386.69375,386.1,593.75,1
1317,1317.0000000000034,386.845312,386.3333333333333,511.98,1
1318,1318.0000000000032,387.009375,387.0,9.37,1
1319,1319.000000000003,387.166667,387.06666666666666,100.0,1
1320,1320.0000000000027,387.325521,387.1,225.52,1
1321,1321.0000000000023,387.504167,387.1333333333333,370.83,1
1322,1322.0000000000023,387.640625,387.2,440.63,1
1323,1323.000000000002,387.797395,387.26666666666665,530.73,1
1324,1324.0000000000016,387.959375,387.53333333333336,426.04,1
1325,1325.0000000000014,388.125521,387.56666666666666,558.85,1
1326,1326.0000000000011,388.267708,387.8,467.71,1
1327,1327.0000000000011,388.425521,387.93333333333334,492.19,1
1328,1328.000000000001,388.585417,388.1666666666667,418.75,1
1329,1329.0000000000005,388.759375,388.3333333333333,426.04,1
1330,1330.0000000000002,388.930208,388.4,530.21,1
1331,1331.0,389.075,388.56666666666666,508.33,1
1332,1332.0,389.21875,388.76666666666665,452.08,1
1333,1332.9999999999998,389.388542,388.8333333333333,555.21,1
1334,1333.9999999999995,389.528125,389.06666666666666,461.46,1
1335,1334.999999999999,389.677604,389.2,477.6,1
1336,1335.9999999999989,389.853125,389.4,453.12,1
1337,1336.9999999999989,389.991667,389.46666666666664,525.0,1
1338,1337.9999999999986,390.1625,389.6333333333333,529.17,1
1339,1338.9999999999984,390.314583,389.8666666666667,447.92,1
1340,1339.999999999998,390.470833,390.03333333333336,437.5,1
1341,1340.9999999999977,390.614062,390.1333333333333,480.73,1
1342,1341.9999999999977,390.786458,390.76666666666665,19.79,1
1343,1342.9999999999973,390.916146,390.8333333333333,82.81,1
1344,1343.999999999997,391.082291,390.8666666666667,215.62,1
1345,1344.9999999999968,391.272917,391.0,272.92,1
1346,1345.9999999999966,391.403125,391.03333333333336,369.79,1
1347,1346.9999999999966,391.547916,391.06666666666666,481.25,1
1348,1347.9999999999964,391.709375,391.3,409.38,1
1349,1348.9999999999961,391.867708,391.3333333333333,534.37,1
1350,1349.9999999999957,392.013542,391.46666666666664,546.88,1
1351,1350.9999999999955,392.156771,391.6333333333333,523.44,1
1352,1351.9999999999955,392.302604,391.9,402.6,1
1353,1352.9999999999952,392.466146,392.03333333333336,432.81,1
1354,1353.999999999995,392.640625,392.3666666666667,273.96,1
1355,1354.9999999999948,392.778125,392.4,378.13,1
1356,1355.9999999999943,392.92448,392.46666666666664,457.81,1
1357,1356.9999999999943,393.095833,392.6333333333333,462.5,1
1358,1357.9999999999939,393.221355,392.8333333333333,388.02,1
1359,1358.9999999999936,393.363542,392.93333333333334,430.21,1
1360,1359.9999999999934,393.519792,393.23333333333335,286.46,1
1361,1360.9999999999932,393.670833,393.26666666666665,404.17,1
1362,1361.9999999999932,393.846875,393.3333333333333,513.54,1
1363,1362.999999999993,393.9875,393.5,487.5,1
1364,1363.9999999999927,394.146875,393.76666666666665,380.21,1
1365,1364.9999999999923,394.274479,393.8666666666667,407.81,1
1366,1365.9999999999918,394.447917,394.3666666666667,81.25,1
1367,1366.9999999999918,394.583854,394.46666666666664,117.19,1
1368,1367.9999999999918,394.742188,394.6333333333333,108.85,1
1369,1368.9999999999918,394.908855,394.9,8.86,1
1370,1369.9999999999918,395.034375,395.03333333333336,1.04,1
1371,1370.9999999999918,395.196875,395.23333333333335,36.46,1
1372,1371.9999999999918,395.344792,395.3,44.79,1
1373,1372.9999999999918,395.480208,395.3333333333333,146.87,1
1374,1373.9999999999918,395.65,395.3666666666667,283.33,1
1375,1374.9999999999918,395.804167,395.4,404.17,1
1376,1375.9999999999918,395.971875,395.53333333333336,438.54,1
1377,1376.999999999992,396.177083,396.3333333333333,156.25,1
1378,1377.9999999999918,396.513542,396.8666666666667,353.12,1
1379,1378.9999999999918,396.803125,397.03333333333336,230.21,1
1380,1379.9999999999918,396.978125,397.46666666666664,488.54,1
1381,1380.9999999999918,397.146875,397.6333333333333,486.46,1
1382,1381.9999999999918,397.315625,397.6666666666667,351.04,1
1383,1382.9999999999918,397.40625,397.7,293.75,1
1384,1383.9999999999918,397.632292,397.8,167.71,1
1385,1384.9999999999918,397.783333,398.03333333333336,250.0,1
1386,1385.9999999999918,397.926042,398.1333333333333,207.29,1
1387,1386.9999999999918,398.1,398.1666666666667,66.67,1
1388,1387.9999999999918,398.238542,398.2,38.54,1
1389,1388.9999999999918,398.411458,398.23333333333335,178.12,1
1390,1389.9999999999918,398.557292,398.46666666666664,90.63,1
1391,1390.9999999999918,398.734375,398.53333333333336,201.04,1
1392,1391.9999999999918,398.880208,399.23333333333335,353.13,1
1393,1392.9999999999918,399.080208,399.26666666666665,186.46,1
1394,1393.9999999999918,399.238542,399.3,61.46,1
1395,1394.999999999992,399.434375,399.3333333333333,101.04,1
1396,1395.999999999992,399.69809,399.3666666666667,331.42,1
1397,1396.999999999992,399.961806,399.4,561.81,1
1398,1397.999999999992,400.225521,399.6,625.52,1
1399,1398.9999999999918,400.489236,399.8333333333333,655.9,1
1400,1399.9999999999918,400.752952,400.03333333333336,719.62,1
1401,1400.9999999999918,401.016667,400.23333333333335,783.33,1
1402,1401.9999999999918,401.509375,400.43333333333334,1076.04,1
1403,1402.9999999999918,401.805208,400.6333333333333,1171.87,1
1404,1403.9999999999918,401.980208,400.8,1180.21,1
1405,1404.9999999999918,402.14375,401.1333333333333,1010.42,1
1406,1405.9999999999918,402.295833,401.43333333333334,862.5,1
1407,1406.9999999999918,402.382292,401.53333333333336,848.96,1
1408,1407.9999999999918,402.625,402.8,175.0,1
1409,1408.9999999999918,402.791667,403.06666666666666,275.0,1
1410,1409.9999999999918,402.947917,403.1,152.08,1
1411,1410.9999999999918,403.116667,403.1333333333333,16.67,1
1412,1411.9999999999918,403.257292,403.1666666666667,90.63,1
1413,1412.9999999999918,403.430208,403.23333333333335,196.87,1
1414,1413.9999999999918,403.580208,403.46666666666664,113.54,1
1415,1414.9999999999918,403.761458,404.1333333333333,371.88,1
1416,1415.9999999999918,403.923958,404.3333333333333,409.38,1
1417,1416.9999999999918,404.11875,404.3666666666667,247.92,1
1418,1417.9999999999918,404.292708,404.4,107.29,1
1419,1418.999999999992,404.54375,404.6666666666667,122.92,1
1420,1419.999999999992,404.810156,404.7,110.16,1
1421,1420.999999999992,405.076563,404.73333333333335,343.23,1
1422,1421.999999999992,405.342969,404.8,542.97,1
1423,1422.9999999999918,405.609375,404.9,709.38,1
1424,1423.9999999999918,405.875781,405.2,675.78,1
1425,1424.9999999999918,406.142187,405.4,742.19,1
1426,1425.9999999999918,406.35,405.96666666666664,383.33,1
1427,1426.9999999999918,406.526042,406.1666666666667,359.38,1
1428,1427.9999999999918,406.664583,406.23333333333335,431.25,1
1429,1428.9999999999918,406.834375,406.3,534.38,1
1430,1429.9999999999918,406.989583,406.6,389.58,1
1431,1430.9999999999918,407.13125,406.6666666666667,464.58,1
1432,1431.9999999999918,407.313542,406.8333333333333,480.21,1
1433,1432.9999999999918,407.479167,406.96666666666664,512.5,1
1434,1433.9999999999918,407.636458,407.1333333333333,503.12,1
1435,1434.9999999999918,407.83125,407.3333333333333,497.92,1
1436,1435.9999999999918,408.004167,407.43333333333334,570.83,1
1437,1436.9999999999918,408.163542,407.56666666666666,596.88,1
1438,1437.9999999999918,408.339583,407.9,439.58,1
1439,1438.9999999999918,408.504167,408.7,195.83,1
1440,1439.9999999999918,408.667708,408.73333333333335,65.63,1
1441,1440.9999999999918,408.830208,408.76666666666665,63.54,1
1442,1441.9999999999918,408.982292,408.8,182.29,1
1443,1442.9999999999918,409.119792,409.0,119.79,1
1444,1443.9999999999918,409.291667,409.1666666666667,125.0,1
1445,1444.9999999999918,409.457292,409.2,257.29,1
1446,1445.9999999999918,409.625,409.23333333333335,391.67,1
1447,1446.9999999999918,409.76875,409.26666666666665,502.08,1
1448,1447.9999999999918,409.930208,409.43333333333334,496.87,1
1449,1448.9999999999918,410.092708,409.76666666666665,326.04,1
1450,1449.9999999999918,410.251042,410.0,251.04,1
1451,1450.9999999999918,410.4375,410.06666666666666,370.83,1
1452,1451.9999999999918,410.590625,410.1,490.62,1
1453,1452.9999999999918,410.757292,410.43333333333334,323.96,1
1454,1453.9999999999918,410.897917,410.73333333333335,164.58,1
1455,1454.9999999999918,411.057292,410.9,157.29,1
1456,1455.9999999999918,411.214583,411.03333333333336,181.25,1
1457,1456.9999999999918,411.388542,411.06666666666666,321.88,1
1458,1457.9999999999918,411.539583,411.1,439.58,1
1459,1458.9999999999918,411.683333,411.1333333333333,550.0,1
1460,1459.9999999999918,411.861458,411.6666666666667,194.79,1
1461,1460.9999999999918,412.085417,412.06666666666666,18.75,1
1462,1461.9999999999918,412.264583,412.53333333333336,268.75,1
1463,1462.9999999999918,412.4625,412.6,137.5,1
1464,1463.9999999999918,412.605208,412.7,94.79,1
1465,1464.9999999999918,412.785417,412.73333333333335,52.08,1
1466,1465.9999999999918,412.935417,412.76666666666665,168.75,1
1467,1466.9999999999918,413.089583,412.96666666666664,122.92,1
1468,1467.9999999999918,413.3,413.03333333333336,266.67,1
1469,1468.9999999999918,413.490625,413.1,390.62,1
1470,1469.9999999999918,413.675,413.1333333333333,541.67,1
1471,1470.9999999999918,413.851042,413.26666666666665,584.38,1
1472,1471.9999999999918,414.026042,413.43333333333334,592.71,1
1473,1472.9999999999918,414.344792,413.7,644.79,1
1474,1473.9999999999918,414.720312,413.76666666666665,953.65,1
1475,1474.9999999999925,414.880208,414.0,880.21,1
1476,1475.9999999999925,415.08125,414.3,781.25,1
1477,1476.9999999999925,415.270833,414.46666666666664,804.17,1
1478,1477.9999999999923,415.441667,414.8666666666667,575.0,1
1479,1478.9999999999923,415.617708,414.96666666666664,651.04,1
1480,1479.999999999992,415.823959,415.1,723.96,1
1481,1480.999999999992,415.978125,415.4,578.12,1
1482,1481.999999999992,416.148958,415.6333333333333,515.62,1
1483,1482.999999999992,416.342708,415.8,542.71,1
1484,1483.9999999999923,416.526563,416.03333333333336,493.23,1
1485,1484.9999999999918,416.728125,416.1,628.12,1
1486,1485.9999999999918,416.944792,416.3,644.79,1
1487,1486.9999999999916,417.079167,416.5,579.17,1
1488,1487.9999999999918,417.247917,416.7,547.92,1
1489,1488.9999999999916,417.44375,416.93333333333334,510.42,1
1490,1489.9999999999916,417.617708,417.1333333333333,484.37,1
1491,1490.9999999999918,417.875,417.2,675.0,1
1492,1491.9999999999914,418.174479,417.26666666666665,907.81,1
1493,1492.9999999999916,418.314583,417.3,1014.58,1
1494,1493.9999999999914,418.528125,417.3333333333333,1194.79,1
1495,1494.9999999999916,418.748959,418.1333333333333,615.63,1
1496,1495.9999999999911,418.914583,418.4,514.58,1
1497,1496.9999999999914,419.083333,418.56666666666666,516.67,1
1498,1497.9999999999905,419.269271,418.76666666666665,502.6,1
1499,1498.9999999999905,419.411458,418.93333333333334,478.12,1
1500,1499.9999999999905,419.604688,419.06666666666666,538.02,1
1501,1500.9999999999905,419.819792,419.23333333333335,586.46,1
1502,1501.9999999999902,419.998958,419.4,598.96,1
1503,1502.9999999999902,420.153125,419.6,553.12,1
1504,1503.99999999999,420.338021,419.93333333333334,404.69,1
1505,1504.99999999999,420.494792,419.96666666666664,528.13,1
1506,1505.99999999999,420.651042,420.06666666666666,584.38,1
1507,1506.9999999999898,420.823958,420.3666666666667,457.29,1
1508,1507.9999999999898,420.990625,420.56666666666666,423.96,1
1509,1508.9999999999898,421.236458,420.7,536.46,1
1510,1509.9999999999895,421.520833,420.76666666666665,754.17,1
1511,1510.9999999999895,421.647396,420.93333333333334,714.06,1
1512,1511.9999999999895,421.833854,421.2,633.85,1
1513,1512.9999999999895,422.080208,421.53333333333336,546.87,1
1514,1513.9999999999895,422.240104,421.8333333333333,406.77,1
1515,1514.9999999999893,422.416667,421.8666666666667,550.0,1
1516,1515.9999999999893,422.613541,422.06666666666666,546.87,1
1517,1516.999999999989,422.769792,422.23333333333335,536.46,1
1518,1517.9999999999893,422.916146,422.4,516.15,1
1519,1518.999999999989,423.079167,422.43333333333334,645.83,1
1520,1519.999999999989,423.252083,422.76666666666665,485.42,1
1521,1520.9999999999889,423.402083,422.9,502.08,1
1522,1521.9999999999889,423.583333,423.03333333333336,550.0,1
1523,1522.9999999999884,423.715625,423.23333333333335,482.29,1
1524,1523.9999999999889,423.905729,423.43333333333334,472.4,1
1525,1524.9999999999889,424.055208,423.56666666666666,488.54,1
1526,1525.9999999999884,424.211458,423.76666666666665,444.79,1
1527,1526.9999999999884,424.376042,423.93333333333334,442.71,1
1528,1527.9999999999882,424.558334,424.03333333333336,525.0,1
1529,1528.9999999999882,424.672396,424.3333333333333,339.06,1
1530,1529.9999999999882,424.847396,424.4,447.4,1
1531,1530.9999999999882,425.0375,424.56666666666666,470.83,1
1532,1531.999999999988,425.232292,424.6666666666667,565.63,1
1533,1532.999999999988,425.426042,424.8333333333333,592.71,1
1534,1533.9999999999882,425.636458,425.0,636.46,1
1535,1534.9999999999877,425.755208,425.2,555.21,1
1536,1535.9999999999882,425.93125,425.4,531.25,1
1537,1536.9999999999877,426.111458,425.6333333333333,478.12,1
1538,1537.9999999999877,426.265625,425.8333333333333,432.29,1
1539,1538.9999999999875,426.409375,425.93333333333334,476.04,1
1540,1539.9999999999875,426.609896,426.1,509.9,1
1541,1540.9999999999875,426.703646,426.3666666666667,336.98,1
1542,1541.9999999999875,426.908854,426.4,508.85,1
1543,1542.999999999987,427.146875,426.6,546.88,1
1544,1543.999999999987,427.383333,426.8666666666667,516.67,1
1545,1544.9999999999868,427.744792,426.9,844.79,1
1546,1545.9999999999868,427.953386,427.06666666666666,886.72,1
1547,1546.9999999999866,428.161979,427.3666666666667,795.31,1
1548,1547.9999999999868,428.425,427.7,725.0,1
1549,1548.9999999999868,428.638542,427.8666666666667,771.88,1
1550,1549.9999999999868,428.819792,428.1666666666667,653.13,1
1551,1550.9999999999864,428.997917,428.4,597.92,1
1552,1551.9999999999864,429.139583,428.9,239.58,1
1553,1552.9999999999861,429.338542,429.1,238.54,1
1554,1553.9999999999861,429.517708,429.2,317.71,1
1555,1554.9999999999861,429.70381900000007,429.23333333333335,470.49,1
1556,1555.9999999999861,429.88993099999993,430.03333333333336,143.4,1
1557,1556.9999999999861,430.076042,430.06666666666666,9.38,1
1558,1557.999999999986,430.258333,430.1,158.33,1
1559,1558.999999999986,430.425,430.1333333333333,291.67,1
1560,1559.9999999999857,430.648958,430.1666666666667,482.29,1
1561,1560.9999999999857,430.809375,430.23333333333335,576.04,1
1562,1561.9999999999857,430.952083,430.4,552.08,1
1563,1562.9999999999857,431.101042,430.6,501.04,1
1564,1563.9999999999854,431.260417,430.8,460.42,1
1565,1564.9999999999854,431.416667,430.96666666666664,450.0,1
1566,1565.9999999999854,431.585417,431.1333333333333,452.08,1
1567,1566.9999999999852,431.76875,431.26666666666665,502.08,1
1568,1567.9999999999854,431.950521,431.4,550.52,1
1569,1568.9999999999852,432.333333,431.6,733.33,1
1570,1569.9999999999852,432.643229,431.73333333333335,909.9,1
1571,1570.9999999999852,432.771875,431.8666666666667,905.21,1
1572,1571.9999999999852,432.917188,432.1333333333333,783.85,1
1573,1572.9999999999852,433.069792,432.43333333333334,636.46,1
1574,1573.9999999999852,433.286979,432.53333333333336,753.65,1
1575,1574.999999999985,433.410417,432.96666666666664,443.75,1
1576,1575.999999999985,433.594792,433.03333333333336,561.46,1
1577,1576.9999999999848,433.7875,433.2,587.5,1
1578,1577.9999999999848,433.975,433.3666666666667,608.33,1
1579,1578.9999999999848,434.184722,433.5,684.72,1
1580,1579.9999999999845,434.394445,433.8333333333333,561.11,1
1581,1580.9999999999848,434.604167,434.06666666666666,537.5,1
1582,1581.9999999999843,434.786458,434.23333333333335,553.12,1
1583,1582.9999999999843,434.919792,434.26666666666665,653.13,1
1584,1583.999999999984,435.149479,434.53333333333336,616.15,1
1585,1584.9999999999843,435.321875,434.76666666666665,555.21,1
1586,1585.999999999984,435.460417,435.03333333333336,427.08,1
1587,1586.999999999984,435.62448,435.1,524.48,1
1588,1587.9999999999839,435.782292,435.43333333333334,348.96,1
1589,1588.9999999999839,435.95625,435.6,356.25,1
1590,1589.9999999999834,436.113542,435.73333333333335,380.21,1
1591,1590.9999999999834,436.28125,435.96666666666664,314.58,1
1592,1591.9999999999834,436.442708,436.0,442.71,1
1593,1592.9999999999834,436.603125,436.1333333333333,469.79,1
1594,1593.9999999999832,436.759375,436.26666666666665,492.71,1
1595,1594.9999999999832,436.930208,436.46666666666664,463.54,1
1596,1595.9999999999832,437.11198,436.56666666666666,545.31,1
1597,1596.999999999983,437.276042,437.0,276.04,1
1598,1597.999999999983,437.423958,437.8666666666667,442.71,1
1599,1598.999999999983,437.55625,437.96666666666664,410.42,1
1600,1599.999999999983,437.71875,438.0,281.25,1
1601,1600.9999999999827,437.871875,438.03333333333336,161.46,1
1602,1601.9999999999827,438.017708,438.06666666666666,48.96,1
1603,1602.9999999999825,438.184375,438.1,84.37,1
1604,1603.9999999999825,438.352604,438.1333333333333,219.27,1
1605,1604.9999999999823,438.6,438.1666666666667,433.33,1
1606,1605.9999999999825,438.822917,438.23333333333335,589.58,1
1607,1606.999999999982,438.992708,438.5,492.71,1
1608,1607.999999999982,439.163542,438.6,563.54,1
1609,1608.999999999982,439.344792,438.8,544.79,1
1610,1609.9999999999818,439.508333,438.96666666666664,541.67,1
1611,1610.9999999999818,439.673958,439.1666666666667,507.29,1
1612,1611.9999999999816,439.864583,439.2,664.58,1
1613,1612.9999999999816,440.0375,439.6666666666667,370.83,1
1614,1613.9999999999814,440.214583,439.8333333333333,381.25,1
1615,1614.9999999999814,440.370834,439.8666666666667,504.17,1
1616,1615.9999999999811,440.547396,440.1333333333333,414.06,1
1617,1616.9999999999811,440.730209,440.1666666666667,563.54,1
1618,1617.999999999981,441.141667,440.2,941.67,1
1619,1618.999999999981,441.502083,440.56666666666666,935.42,1
1620,1619.999999999981,441.709896,440.73333333333335,976.56,1
1621,1620.9999999999807,441.929167,441.3333333333333,595.83,1
1622,1621.999999999981,442.042709,441.53333333333336,509.38,1
1623,1622.9999999999807,442.227083,441.7,527.08,1
1624,1623.9999999999807,442.389583,442.0,389.58,1
1625,1624.9999999999804,442.533333,442.1333333333333,400.0,1
1626,1625.9999999999807,442.73125,442.6,131.25,1
1627,1626.9999999999802,442.99375,442.8333333333333,160.42,1
1628,1627.9999999999804,443.282292,443.03333333333336,248.96,1
1629,1628.9999999999802,444.166146,443.06666666666666,1099.48,1
1630,1629.9999999999802,444.722917,443.96666666666664,756.25,1
1631,1630.9999999999798,444.976042,444.0,976.04,1
1632,1631.9999999999802,445.234375,444.06666666666666,1167.71,1
1633,1632.9999999999798,445.654688,444.73333333333335,921.35,1
1634,1633.9999999999798,445.995833,445.23333333333335,762.5,1
1635,1634.9999999999798,446.413542,445.26666666666665,1146.88,1
1636,1635.9999999999795,446.8375,445.4,1437.5,1
1637,1636.9999999999795,447.079167,445.6666666666667,1412.5,1
1638,1637.9999999999795,447.278125,446.3666666666667,911.46,1
1639,1638.9999999999795,447.6375,446.4,1237.5,1
1640,1639.9999999999793,447.903646,446.76666666666665,1136.98,1
1641,1640.9999999999793,448.264584,447.26666666666665,997.92,1
1642,1641.999999999979,448.653125,447.6,1053.12,1
1643,1642.999999999979,448.835417,447.8666666666667,968.75,1
1644,1643.999999999979,449.039583,448.26666666666665,772.92,1
1645,1644.999999999979,449.334896,448.3,1034.9,1
1646,1645.9999999999789,449.63802,448.9,738.02,1
1647,1646.9999999999789,450.088542,449.1666666666667,921.88,1
1648,1647.9999999999789,450.542708,449.3,1242.71,1
1649,1648.9999999999786,450.779167,449.6333333333333,1145.83,1
1650,1649.9999999999789,450.997917,450.1333333333333,864.58,1
1651,1650.9999999999786,451.339583,450.3,1039.58,1
1652,1651.9999999999786,451.632292,450.73333333333335,898.96,1
1653,1652.9999999999784,451.963542,450.9,1063.54,1
1654,1653.9999999999784,452.31875,451.1,1218.75,1
1655,1654.999999999978,452.519271,451.3666666666667,1152.6,1
1656,1655.9999999999784,452.816667,451.96666666666664,850.0,1
1657,1656.999999999978,453.260417,452.3,960.42,1
1658,1657.999999999978,453.666667,452.56666666666666,1100.0,1
1659,1658.9999999999777,453.952084,452.73333333333335,1218.75,1
1660,1659.9999999999777,454.365104,452.93333333333334,1431.77,1
1661,1660.9999999999777,454.551041,453.6333333333333,917.71,1
1662,1661.9999999999777,454.855208,453.96666666666664,888.54,1
1663,1662.9999999999777,455.228125,454.23333333333335,994.79,1
1664,1663.9999999999775,455.55625,454.56666666666666,989.58,1
1665,1664.9999999999775,455.871875,454.73333333333335,1138.54,1
1666,1665.9999999999773,456.303646,455.2,1103.65,1
1667,1666.9999999999773,456.522917,455.23333333333335,1289.58,1
1668,1667.9999999999773,456.8125,455.76666666666665,1045.83,1
1669,1668.9999999999773,457.218229,455.9,1318.23,1
1670,1669.999999999977,457.553125,456.23333333333335,1319.79,1
1671,1670.999999999977,457.861458,456.8,1061.46,1
1672,1671.9999999999768,458.280209,457.1666666666667,1113.54,1
1673,1672.9999999999768,458.5125,457.2,1312.5,1
1674,1673.999999999977,458.8125,457.73333333333335,1079.17,1
1675,1674.9999999999768,459.167188,458.1333333333333,1033.85,1
1676,1675.9999999999768,459.477083,458.5,977.08,1
1677,1676.9999999999766,459.792188,458.9,892.19,1
1678,1677.9999999999766,460.353646,459.06666666666666,1286.98,1
1679,1678.999999999976,460.654167,459.1333333333333,1520.83,1
1680,1679.9999999999766,460.885417,459.8,1085.42,1
1681,1680.999999999976,461.177083,459.9,1277.08,1
1682,1681.999999999976,461.477083,460.06666666666666,1410.42,1
1683,1682.9999999999757,461.7875,460.4,1387.5,1
1684,1683.9999999999757,462.342188,460.9,1442.19,1
1685,1684.9999999999754,462.7,461.1666666666667,1533.33,1
1686,1685.9999999999757,462.9875,461.7,1287.5,1
1687,1686.9999999999757,463.293229,462.03333333333336,1259.9,1
1688,1687.9999999999754,463.494792,462.7,794.79,1
1689,1688.9999999999752,463.686458,462.8333333333333,853.12,1
1690,1689.9999999999752,464.090625,463.53333333333336,557.29,1
1691,1690.9999999999752,464.28125,463.73333333333335,547.92,1
1692,1691.9999999999752,464.492708,464.1,392.71,1
1693,1692.9999999999752,464.794792,464.26666666666665,528.13,1
1694,1693.999999999975,465.071875,464.3,771.87,1
1695,1694.999999999975,465.342188,464.53333333333336,808.85,1
1696,1695.9999999999748,465.785938,464.76666666666665,1019.27,1
1697,1696.9999999999748,466.090625,464.93333333333334,1157.29,1
1698,1697.9999999999748,466.38125,465.1666666666667,1214.58,1
1699,1698.9999999999748,466.703125,465.46666666666664,1236.46,1
1700,1699.9999999999748,466.947396,466.1,847.4,1
1701,1700.9999999999745,467.228125,466.43333333333334,794.79,1
1702,1701.9999999999745,467.682292,466.73333333333335,948.96,1
1703,1702.9999999999743,467.91875,466.93333333333334,985.42,1
1704,1703.9999999999745,468.163542,467.23333333333335,930.21,1
1705,1704.9999999999743,468.497396,467.43333333333334,1064.06,1
1706,1705.9999999999743,468.757292,467.9,857.29,1
1707,1706.9999999999739,469.027604,468.1666666666667,860.94,1
1708,1707.9999999999739,469.501042,468.56666666666666,934.38,1
1709,1708.9999999999736,469.81875,468.73333333333335,1085.42,1
1710,1709.9999999999739,470.104167,468.96666666666664,1137.5,1
1711,1710.9999999999736,470.483333,469.03333333333336,1450.0,1
1712,1711.9999999999736,470.80625,469.8666666666667,939.58,1
1713,1712.9999999999736,471.244271,469.93333333333334,1310.94,1
1714,1713.9999999999734,472.230209,470.8,1430.21,1
1715,1714.9999999999748,472.61875,470.8333333333333,1785.42,1
1716,1715.9999999999748,472.886459,471.06666666666666,1819.79,1
1717,1716.9999999999748,473.228125,471.3,1928.12,1
1718,1717.999999999975,473.522917,472.1333333333333,1389.58,1
1719,1718.999999999975,473.765625,472.3666666666667,1398.96,1
1720,1719.999999999975,474.001562,473.3333333333333,668.23,1
1721,1720.999999999975,474.176041,473.53333333333336,642.71,1
1722,1721.999999999975,474.407812,473.56666666666666,841.15,1
1723,1722.999999999975,474.776042,473.96666666666664,809.38,1
1724,1723.999999999975,475.459375,474.1666666666667,1292.71,1
1725,1724.999999999975,476.392187,474.46666666666664,1925.52,1
1726,1725.9999999999752,476.842188,474.93333333333334,1908.85,1
1727,1726.9999999999752,477.292188,475.43333333333334,1858.85,1
1728,1727.9999999999752,477.742188,476.43333333333334,1308.85,1
1729,1728.9999999999752,478.192187,476.5,1692.19,1
1730,1729.9999999999752,478.642187,476.53333333333336,2108.85,1
1731,1730.999999999975,479.092188,477.6333333333333,1458.85,1
1732,1731.999999999975,479.542188,478.3333333333333,1208.85,1
1733,1732.9999999999804,480.247917,478.6,1647.92,1
1734,1733.9999999999802,480.600521,478.76666666666665,1833.85,1
1735,1734.9999999999802,481.064583,479.53333333333336,1531.25,1
1736,1735.9999999999798,481.95,479.73333333333335,2216.67,1
1737,1736.9999999999798,483.01302,479.76666666666665,3246.35,1
1738,1737.9999999999802,483.862109,480.5,3362.11,1
1739,1738.9999999999802,484.711198,481.46666666666664,3244.53,1
1740,1739.9999999999802,485.560286,481.96666666666664,3593.62,1
1741,1740.9999999999798,486.409375,483.0,3409.38,1
1742,1741.9999999999918,487.872917,483.03333333333336,4839.58,1
1743,1742.9999999999918,490.400521,484.53333333333336,5867.19,1
1744,1743.9999999999918,491.422526,485.06666666666666,6355.86,1
1745,1744.9999999999916,492.444531,485.23333333333335,7211.2,1
1746,1745.9999999999916,493.466536,485.56666666666666,7899.87,1
1747,1746.9999999999916,494.488541,485.8333333333333,8655.21,1
1748,1747.9999999999916,495.510547,485.93333333333334,9577.21,1
1749,1748.9999999999918,496.532552,486.1333333333333,10399.22,1
1750,1749.999999999972,497.5545570000001,486.3333333333333,11221.22,1
1751,1750.9999999999718,498.576563,486.46666666666664,12109.9,1
1752,1751.9999999999714,498.785938,486.6,12185.94,1
1753,1752.9999999999714,499.0299480000001,486.6666666666667,12363.28,1
1754,1753.9999999999714,499.273958,486.7,12573.96,1
1755,1754.9999999999704,499.501041,486.76666666666665,12734.37,1
1756,1755.9999999999707,499.73993,486.8,12939.93,1
1757,1756.9999999999707,499.978819,486.8666666666667,13112.15,1
1758,1757.9999999999704,500.217708,487.93333333333334,12284.37,1
1759,1758.9999999999704,500.456597,488.03333333333336,12423.26,1
1760,1759.9999999999704,500.695486,488.1,12595.49,1
1761,1760.99999999997,500.934375,488.1333333333333,12801.04,1
1762,1761.9999999999704,501.227083,488.2,13027.08,1
1763,1762.9999999999702,501.519792,488.26666666666665,13253.13,1
1764,1763.9999999999702,501.8125,488.3,13512.5,1
1765,1764.9999999999702,502.035937,488.3666666666667,13669.27,1
1766,1765.9999999999704,502.259375,488.4,13859.38,1
1767,1766.9999999999702,502.482813,488.46666666666664,14016.15,1
1768,1767.9999999999702,502.70625,488.5,14206.25,1
1769,1768.9999999999702,502.929688,493.7,9229.69,1
1770,1769.99999999997,503.153125,493.73333333333335,9419.79,1
1771,1770.9999999999702,503.309896,493.8,9509.9,1
1772,1771.9999999999698,503.466667,493.8333333333333,9633.33,1
1773,1772.9999999999698,503.733333,493.9,9833.33,1
1774,1773.9999999999698,503.976042,493.93333333333334,10042.71,1
1775,1774.9999999999698,504.21875,494.0,10218.75,1
1776,1775.9999999999684,504.452604,494.03333333333336,10419.27,1
1777,1776.9999999999688,504.707291,494.1,10607.29,1
1778,1777.9999999999686,504.961979,494.1666666666667,10795.31,1
1779,1778.999999999968,505.20625,495.5,9706.25,1
1780,1779.9999999999677,505.440104,497.1666666666667,8273.44,1
1781,1780.999999999968,505.673958,497.2,8473.96,1
1782,1781.999999999968,505.907812,498.7,7207.81,1
1783,1782.999999999968,506.141667,498.8,7341.67,1
1784,1783.9999999999677,506.375521,498.8333333333333,7542.19,1
1785,1784.9999999999675,506.609375,498.9,7709.38,1
1786,1785.9999999999677,506.894444,498.93333333333334,7961.11,1
1787,1786.9999999999677,507.179514,499.0,8179.51,1
1788,1787.9999999999675,507.464583,499.03333333333336,8431.25,1
1789,1788.9999999999675,507.670486,499.1333333333333,8537.15,1
1790,1789.9999999999675,507.876389,499.3333333333333,8543.06,1
1791,1790.9999999999677,508.082291,501.56666666666666,6515.62,1
1792,1791.9999999999675,508.288194,502.3666666666667,5921.53,1
1793,1792.9999999999675,508.494097,504.6,3894.1,1
1794,1793.9999999999673,508.7,507.7,1000.0,1
1795,1794.9999999999673,508.858854,508.0,858.85,1
1796,1795.9999999999668,509.017708,508.06666666666666,951.04,1
1797,1796.9999999999668,509.263542,508.6666666666667,596.88,1
1798,1797.999999999967,509.45,508.8333333333333,616.67,1
1799,1798.9999999999668,509.636459,508.93333333333334,703.13,1
1800,1799.9999999999668,509.822917,509.23333333333335,589.58,1
1801,1800.999999999967,510.024653,509.3666666666667,657.99,1
1802,1801.9999999999668,510.226389,509.4,826.39,1
1803,1802.9999999999668,510.428125,509.76666666666665,661.46,1
1804,1803.9999999999668,510.738889,509.8,938.89,1
1805,1804.9999999999666,511.049653,509.8666666666667,1182.99,1
1806,1805.9999999999663,511.360416,509.93333333333334,1427.08,1
1807,1806.9999999999668,511.655952,509.96666666666664,1689.29,1
1808,1807.9999999999668,511.951488,510.1666666666667,1784.82,1
1809,1808.9999999999666,512.247024,511.76666666666665,480.36,1
1810,1809.9999999999666,512.54256,512.8333333333334,290.77,1
1811,1810.9999999999668,512.8380950000002,513.1666666666666,328.57,1
1812,1811.9999999999668,513.1336309999998,513.3666666666667,233.04,1
1813,1812.9999999999666,513.429167,513.5666666666667,137.5,1
1814,1813.9999999999666,513.7269269999998,513.6666666666666,60.26,1
1815,1814.9999999999666,514.024688,513.7333333333333,291.35,1
1816,1815.9999999999668,514.322448,513.8,522.45,1
1817,1816.9999999999666,514.620208,513.8333333333334,786.87,1
1818,1817.9999999999666,514.9179690000002,514.2333333333333,684.64,1
1819,1818.9999999999666,515.215729,515.4666666666667,250.94,1
1820,1819.9999999999666,515.5134889999998,516.8666666666667,1353.18,1
1821,1820.9999999999668,515.81125,517.0666666666667,1255.42,1
1822,1821.9999999999668,516.10901,517.2666666666667,1157.66,1
1823,1822.9999999999668,516.40677,517.3,893.23,1
1824,1823.999999999966,516.626562,517.3666666666667,740.1,1
1825,1824.999999999966,516.8492190000002,517.4,550.78,1
1826,1825.9999999999652,517.071875,517.4666666666667,394.79,1
1827,1826.9999999999648,517.3239580000002,517.5,176.04,1
1828,1827.9999999999645,517.557292,517.5666666666667,9.37,1
1829,1828.9999999999645,517.790625,517.6,190.62,1
1830,1829.9999999999648,518.023958,517.6666666666666,357.29,1
1831,1830.9999999999648,518.257291,517.7333333333333,523.96,1
1832,1831.9999999999645,518.490625,517.7666666666667,723.96,1
1833,1832.9999999999645,518.723958,517.8333333333334,890.62,1
1834,1833.9999999999643,519.004861,517.8666666666667,1138.19,1
1835,1834.9999999999645,519.285764,517.9333333333333,1352.43,1
1836,1835.999999999964,519.5666669999998,518.7,866.67,1
1837,1836.9999999999643,519.773959,518.9,873.96,1
1838,1837.9999999999643,519.98125,519.0666666666667,914.58,1
1839,1838.9999999999643,520.188542,519.3,888.54,1
1840,1839.9999999999645,520.395833,519.5,895.83,1
1841,1840.9999999999638,520.603125,519.8333333333334,769.79,1
1842,1841.9999999999638,520.870312,520.3,570.31,1
1843,1842.9999999999638,521.0221349999998,520.3666666666667,655.47,1
1844,1843.9999999999636,521.173958,520.5,673.96,1
1845,1844.9999999999636,521.423958,520.5666666666667,857.29,1
1846,1845.9999999999636,521.66875,520.6,1068.75,1
1847,1846.9999999999636,521.913542,521.1333333333333,780.21,1
1848,1847.9999999999627,522.152604,521.3,852.6,1
1849,1848.9999999999627,522.394271,521.4333333333333,960.94,1
1850,1849.9999999999627,522.635937,521.9333333333333,702.6,1
1851,1850.9999999999616,522.896875,522.1,796.88,1
1852,1851.999999999962,523.144445,522.1666666666666,977.78,1
1853,1852.9999999999616,523.392014,522.2,1192.01,1
1854,1853.9999999999616,523.639583,522.2666666666667,1372.92,1
1855,1854.999999999962,523.887153,522.3333333333334,1553.82,1
1856,1855.999999999962,524.134722,522.3666666666667,1768.06,1
1857,1856.9999999999616,524.382292,522.4333333333333,1948.96,1
1858,1857.9999999999616,524.707986,522.4666666666667,2241.32,1
1859,1858.9999999999613,525.033681,522.5333333333333,2500.35,1
1860,1859.9999999999616,525.359375,522.5666666666667,2792.71,1
1861,1860.9999999999616,525.5810759999998,522.6333333333333,2947.74,1
1862,1861.9999999999613,525.802778,522.7,3102.78,1
1863,1862.9999999999613,526.024479,524.9,1124.48,1
1864,1863.9999999999613,526.24618,525.9,346.18,1
1865,1864.9999999999613,526.467882,526.2,267.88,1
1866,1865.999999999961,526.689583,526.2333333333333,456.25,1
1867,1866.9999999999613,526.842708,526.3666666666667,476.04,1
1868,1867.999999999961,526.9958330000002,526.7333333333333,262.5,1
1869,1868.9999999999607,527.239583,526.8666666666667,372.92,1
1870,1869.999999999961,527.407639,527.2666666666667,140.97,1
1871,1870.999999999961,527.575694,528.2,624.31,1
1872,1871.9999999999607,527.74375,528.2666666666667,522.92,1
1873,1872.9999999999607,527.942708,528.3,357.29,1
1874,1873.9999999999607,528.141667,528.3666666666667,225.0,1
1875,1874.9999999999607,528.340625,528.4,59.37,1
1876,1875.9999999999607,528.660764,528.4666666666667,194.1,1
1877,1876.9999999999607,528.980903,528.5,480.9,1
1878,1877.9999999999604,529.3010419999998,528.5666666666667,734.38,1
1879,1878.9999999999604,529.6060769999998,528.6333333333333,972.74,1
1880,1879.9999999999607,529.911111,529.4333333333333,477.78,1
1881,1880.9999999999607,530.216146,529.5666666666667,649.48,1
1882,1881.9999999999607,530.521181,529.6333333333333,887.85,1
1883,1882.9999999999604,530.826215,529.7666666666667,1059.55,1
1884,1883.9999999999604,531.13125,530.0,1131.25,1
1885,1884.9999999999607,531.5871530000002,530.2,1387.15,1
1886,1885.9999999999607,532.043055,530.3666666666667,1676.39,1
1887,1886.9999999999604,532.498958,530.7666666666667,1732.29,1
1888,1887.9979166666267,532.610416,531.4333333333333,1177.08,1
1889,1888.9979166666265,532.721875,532.6,121.87,1
1890,1889.9999999999598,532.833333,532.6333333333333,200.0,1
1891,1890.997916666626,532.944792,532.7,244.79,1
1892,1891.9979166666258,533.05625,532.7333333333333,322.92,1
1893,1892.9999999999588,533.11875,532.8,318.75,1
1894,1893.9999999999588,533.3299480000002,532.8666666666667,463.28,1
1895,1894.999999999959,533.541146,532.9,641.15,1
1896,1895.9999999999588,533.744792,532.9666666666667,778.13,1
1897,1896.9999999999588,533.938542,533.1333333333333,805.21,1
1898,1897.9999999999586,534.090625,533.2,890.62,1
1899,1898.9999999999584,534.24375,533.7333333333333,510.42,1
1900,1899.9999999999584,534.41875,533.9333333333333,485.42,1
1901,1900.9999999999575,534.59375,534.1,493.75,1
1902,1901.9999999999575,534.786458,534.2666666666667,519.79,1
1903,1902.9999999999575,535.018055,534.4,618.06,1
1904,1903.9999999999575,535.2496530000002,534.6666666666666,582.99,1
1905,1904.9999999999575,535.48125,534.8,681.25,1
1906,1905.999999999957,535.713542,534.8333333333334,880.21,1
1907,1906.999999999957,535.866667,535.5,366.67,1
1908,1907.9999999999568,536.041146,535.5666666666667,474.48,1
1909,1908.9999999999568,536.196875,535.8666666666667,330.21,1
1910,1909.9999999999568,536.359375,535.9,459.38,1
1911,1910.9999999999566,536.515625,536.1,415.62,1
1912,1911.9999999999566,536.65625,536.2,456.25,1
1913,1912.9999999999563,536.797917,536.2333333333333,564.58,1
1914,1913.999999999956,536.969792,536.3,669.79,1
1915,1914.9999999999561,537.140625,536.6,540.62,1
1916,1915.999999999956,537.304167,536.7333333333333,570.83,1
1917,1916.999999999956,537.595833,536.9666666666667,629.17,1
1918,1917.999999999956,537.822135,537.2333333333333,588.8,1
1919,1918.999999999956,538.048438,537.3666666666667,681.77,1
1920,1919.9999999999561,538.302604,537.5333333333333,769.27,1
1921,1920.9999999999557,538.497917,537.7666666666667,731.25,1
1922,1921.9999999999557,538.657292,537.9333333333333,723.96,1
1923,1922.9999999999554,538.829167,538.3,529.17,1
1924,1923.9999999999552,538.98125,538.4666666666667,514.58,1
1925,1924.9999999999552,539.1625,538.6666666666666,495.83,1
1926,1925.9999999999543,539.328125,538.7666666666667,561.46,1
1927,1926.9999999999548,539.521181,539.3666666666667,154.51,1
1928,1927.9999999999548,539.714236,540.0666666666667,352.43,1
1929,1928.9999999999543,539.907292,540.1333333333333,226.04,1
1930,1929.9999999999543,540.104167,540.3666666666667,262.5,1
1931,1930.9999999999538,540.263542,540.4333333333333,169.79,1
1932,1931.9999999999538,540.427604,540.5333333333333,105.73,1
1933,1932.9999999999538,540.592708,540.5666666666667,26.04,1
1934,1933.9999999999536,540.74375,540.6333333333333,110.42,1
1935,1934.9999999999538,540.897917,540.6666666666666,231.25,1
1936,1935.9999999999534,541.046875,540.7333333333333,313.54,1
1937,1936.9999999999534,541.195833,540.7666666666667,429.17,1
1938,1937.9999999999532,541.350521,540.8666666666667,483.85,1
1939,1938.9999999999532,541.539583,541.0333333333333,506.25,1
1940,1939.9999999999534,541.766667,541.2,566.67,1
1941,1940.9999999999532,542.305208,541.2666666666667,1038.54,1
1942,1941.999999999952,542.746875,541.4666666666667,1280.21,1
1943,1942.9999999999516,542.947917,541.6666666666666,1281.25,1
1944,1943.9999999999516,543.064583,542.2333333333333,831.25,1
1945,1944.9999999999516,543.259375,542.4,859.38,1
1946,1945.9999999999516,543.467708,542.7,767.71,1
1947,1946.9999999999513,543.890625,542.7333333333333,1157.29,1
1948,1947.9999999999511,544.1375,543.6666666666666,470.83,1
1949,1948.9999999999513,544.291667,543.7,591.67,1
1950,1949.9999999999516,544.55625,543.7666666666667,789.58,1
1951,1950.9999999999511,544.804167,543.8,1004.17,1
1952,1951.9999999999513,544.96875,543.8666666666667,1102.08,1
1953,1952.9999999999518,545.1171879999998,545.1,17.19,1
1954,1953.9999999999513,545.335417,545.2666666666667,68.75,1
1955,1954.9999999999518,545.482292,545.3,182.29,1
1956,1955.9999999999511,545.768229,545.3666666666667,401.56,1
1957,1956.9999999999511,546.003125,545.4666666666667,536.46,1
1958,1957.9999999999513,546.194792,545.6333333333333,561.46,1
1959,1958.9999999999507,546.53698,545.6666666666666,870.31,1
1960,1959.9999999999507,546.81875,546.0666666666667,752.08,1
1961,1960.9999999999513,546.934375,546.1333333333333,801.04,1
1962,1961.9999999999507,547.098958,546.5,598.96,1
1963,1962.9999999999513,547.313542,546.6,713.54,1
1964,1963.9999999999502,547.477604,546.9,577.6,1
1965,1964.9999999999502,547.681771,547.4,281.77,1
1966,1965.9999999999507,548.204687,547.5,704.69,1
1967,1966.99999999995,548.220833,547.5666666666667,654.17,1
1968,1967.9999999999502,548.628125,547.6,1028.12,1
1969,1968.9999999999507,548.740104,547.6666666666666,1073.44,1
1970,1969.9999999999498,548.922916,548.0333333333333,889.58,1
1971,1970.9999999999498,549.36875,548.5333333333333,835.42,1
1972,1971.999999999949,549.6052080000002,548.5666666666667,1038.54,1
1973,1972.9999999999495,549.740625,549.0333333333333,707.29,1
1974,1973.9999999999495,549.9260419999998,549.1,826.04,1
1975,1974.9999999999493,550.164583,549.3666666666667,797.92,1
1976,1975.9999999999495,550.359375,549.7333333333333,626.04,1
1977,1976.9999999999498,550.497396,550.0333333333333,464.06,1
1978,1977.9999999999493,550.730729,550.1333333333333,597.4,1
1979,1978.9999999999495,550.930208,550.1666666666666,763.54,1
1980,1979.9999999999486,551.146354,550.4666666666667,679.69,1
1981,1980.9999999999488,551.401042,550.7333333333333,667.71,1
1982,1981.9999999999495,551.5822919999998,550.9333333333333,648.96,1
1983,1982.9999999999486,551.911458,551.1666666666666,744.79,1
1984,1983.9999999999488,552.1604169999998,551.3,860.42,1
1985,1984.999999999949,552.2927080000002,551.4666666666667,826.04,1
1986,1985.9999999999486,552.492708,551.6,892.71,1
1987,1986.9999999999488,552.747917,551.9333333333333,814.58,1
1988,1987.9999999999493,552.901562,552.2666666666667,634.9,1
1989,1988.9999999999486,553.207291,552.4666666666667,740.62,1
1990,1989.999999999949,553.478125,552.5,978.12,1
1991,1990.9999999999486,553.6125,552.8,812.5,1
1992,1991.9999999999486,553.786458,553.0333333333333,753.12,1
1993,1992.9999999999486,553.996875,553.1666666666666,830.21,1
1994,1993.9999999999484,554.2145830000002,553.7333333333333,481.25,1
1995,1994.9999999999484,554.573959,553.8666666666667,707.29,1
1996,1995.9999999999488,554.833333,553.9333333333333,900.0,1
1997,1996.9999999999484,554.973958,554.2333333333333,740.62,1
1998,1997.9999999999486,555.198959,554.3333333333334,865.63,1
1999,1998.9999999999482,555.4260419999998,554.8666666666667,559.38,1
2000,1999.9999999999484,555.58125,555.0,581.25,1
2001,2000.9999999999484,555.760937,555.2,560.94,1
2002,2001.9999999999482,556.002083,555.3666666666667,635.42,1
2003,2002.9999999999484,556.170833,555.4333333333333,737.5,1
2004,2003.9999999999486,556.409375,555.8666666666667,542.71,1
2005,2004.9999999999482,556.6375,556.0333333333333,604.17,1
2006,2005.9999999999484,556.845833,556.1333333333333,712.5,1
2007,2006.9999999999477,557.136459,556.1666666666666,969.79,1
2008,2007.999999999948,557.3947919999998,556.3666666666667,1028.13,1
2009,2008.9999999999486,557.534375,556.7666666666667,767.71,1
2010,2009.9999999999477,557.723438,557.1333333333333,590.1,1
2011,2010.999999999948,557.952083,557.7,252.08,1
2012,2011.9999999999484,558.146875,557.7666666666667,380.21,1
2013,2012.9999999999477,558.397917,558.1,297.92,1
2014,2013.9999999999482,558.626042,558.1666666666666,459.38,1
2015,2014.9999999999475,558.766667,558.2333333333333,533.33,1
2016,2015.9999999999477,559.061458,558.2666666666667,794.79,1
2017,2016.9999999999482,559.361979,558.6333333333333,728.65,1
2018,2017.9999999999475,559.572396,559.3333333333334,239.06,1
2019,2018.9999999999475,559.890625,559.4666666666667,423.96,1
2020,2019.9999999999477,560.2145830000002,559.5666666666667,647.92,1
2021,2020.9999999999475,560.359375,559.6,759.37,1
2022,2021.9999999999475,560.501042,559.8333333333334,667.71,1
2023,2022.9999999999477,560.719271,560.2,519.27,1
2024,2023.999999999947,560.898958,560.3666666666667,532.29,1
2025,2024.9999999999475,561.123437,560.5,623.44,1
2026,2025.9999999999468,561.366667,560.7,666.67,1
2027,2026.9999999999468,561.5390629999998,560.9,639.06,1
2028,2027.9999999999475,561.727604,561.1,627.6,1
2029,2028.999999999946,561.953645,561.3333333333334,620.31,1
2030,2029.9999999999463,562.221875,561.5333333333333,688.54,1
2031,2030.9999999999457,562.647396,561.5666666666667,1080.73,1
2032,2031.999999999946,562.952083,561.6333333333333,1318.75,1
2033,2032.9999999999463,563.133333,562.4,733.33,1
2034,2033.9999999999459,563.384896,562.4333333333333,951.56,1
2035,2034.999999999946,563.621875,562.5,1121.88,1
2036,2035.9999999999466,563.775,563.5333333333333,241.67,1
2037,2036.9999999999459,564.077604,563.6333333333333,444.27,1
2038,2037.999999999946,564.342708,563.6666666666666,676.04,1
2039,2038.999999999946,564.5,563.7666666666667,733.33,1
2040,2039.9999999999459,564.775,564.0333333333333,741.67,1
2041,2040.999999999946,565.067708,564.3666666666667,701.04,1
2042,2041.9999999999459,565.280208,564.4666666666667,813.54,1
2043,2042.9999999999457,565.482292,564.5333333333333,948.96,1
2044,2043.999999999946,565.729167,564.5666666666667,1162.5,1
2045,2044.9999999999457,565.88125,565.3333333333334,547.92,1
2046,2045.9999999999457,566.0739580000002,565.4,673.96,1
2047,2046.9999999999457,566.305208,565.7333333333333,571.87,1
2048,2047.9999999999457,566.466667,565.8666666666667,600.0,1
2049,2048.999999999946,566.688542,566.0,688.54,1
2050,2049.9999999999454,566.913542,566.0333333333333,880.21,1
2051,2050.9999999999454,567.070833,566.1,970.83,1
2052,2051.999999999946,567.303125,566.6666666666666,636.46,1
2053,2052.999999999945,567.521875,566.7333333333333,788.54,1
2054,2053.999999999945,567.653125,566.9666666666667,686.46,1
2055,2054.999999999946,567.983333,567.0,983.33,1
2056,2055.999999999945,568.19375,567.0666666666667,1127.08,1
2057,2056.999999999946,568.345833,567.6333333333333,712.5,1
2058,2057.9999999999454,568.626041,567.8333333333334,792.71,1
2059,2058.999999999945,568.872917,568.0,872.92,1
2060,2059.9999999999454,569.119792,568.4666666666667,653.13,1
2061,2060.9999999999445,569.580208,568.5333333333333,1046.87,1
2062,2061.999999999945,569.845833,568.6,1245.83,1
2063,2062.9999999999454,569.994792,568.6333333333333,1361.46,1
2064,2063.9999999999445,570.256771,568.7,1556.77,1
2065,2064.9999999999454,570.548437,568.9,1648.44,1
2066,2065.9999999999445,570.8322919999998,570.1666666666666,665.63,1
2067,2066.9999999999445,571.258854,570.2333333333333,1025.52,1
2068,2067.9999999999445,571.514583,570.5,1014.58,1
2069,2068.9999999999445,571.675,570.5333333333333,1141.67,1
2070,2069.9999999999445,571.8864580000002,571.0,886.46,1
2071,2070.9999999999445,572.091667,571.2333333333333,858.33,1
2072,2071.999999999944,572.279167,571.7,579.17,1
2073,2072.999999999944,572.521875,571.8333333333334,688.54,1
2074,2073.9999999999445,572.748958,572.0666666666667,682.29,1
2075,2074.999999999944,572.949479,572.2333333333333,716.15,1
2076,2075.999999999944,573.291667,572.5,791.67,1
2077,2076.999999999944,573.5270830000002,572.6333333333333,893.75,1
2078,2077.999999999944,573.694792,572.8666666666667,828.13,1
2079,2078.9999999999445,573.865625,573.0333333333333,832.29,1
2080,2079.999999999944,574.0510419999998,573.5,551.04,1
2081,2080.999999999944,574.225,573.7,525.0,1
2082,2081.9999999999445,574.455208,574.0333333333333,421.87,1
2083,2082.999999999944,574.628125,574.2666666666667,361.46,1
2084,2083.9999999999445,574.8046879999998,574.3,504.69,1
2085,2084.9999999999436,575.008333,574.3666666666667,641.67,1
2086,2085.9999999999436,575.213542,574.6,613.54,1
2087,2086.999999999944,575.344791,574.7666666666667,578.12,1
2088,2087.9999999999436,575.717188,574.8666666666667,850.52,1
2089,2088.9999999999436,575.95625,575.0,956.25,1
2090,2089.999999999944,576.132292,575.3,832.29,1
2091,2090.9999999999436,576.295833,575.3666666666667,929.17,1
2092,2091.999999999944,576.489583,575.7333333333333,756.25,1
2093,2092.9999999999436,576.689063,576.1,589.06,1
2094,2093.9999999999436,576.95,576.3666666666667,583.33,1
2095,2094.9999999999436,577.168229,576.4666666666667,701.56,1
2096,2095.999999999943,577.36875,576.6666666666666,702.08,1
2097,2096.999999999943,577.623959,576.7666666666667,857.29,1
2098,2097.9999999999436,577.798958,576.9666666666667,832.29,1
2099,2098.999999999943,577.972396,577.1666666666666,805.73,1
2100,2099.9999999999436,578.1989580000002,577.3666666666667,832.29,1
2101,2100.999999999943,578.395833,577.4333333333333,962.5,1
2102,2101.999999999943,578.554167,577.9666666666667,587.5,1
2103,2102.999999999944,578.747917,578.1666666666666,581.25,1
2104,2103.999999999943,578.932292,578.2333333333333,698.96,1
2105,2104.999999999943,579.088021,578.5333333333333,554.69,1
2106,2105.9999999999436,579.279688,578.5666666666667,713.02,1
2107,2106.999999999943,579.471875,578.9333333333333,538.54,1
2108,2107.9999999999436,579.61875,579.0333333333333,585.42,1
2109,2108.9999999999436,579.809375,579.2666666666667,542.71,1
2110,2109.999999999943,580.01875,579.4666666666667,552.08,1
2111,2110.999999999944,580.14375,579.5666666666667,577.08,1
2112,2111.999999999943,580.3708330000002,579.6333333333333,737.5,1
2113,2112.999999999943,580.6052080000002,579.9333333333333,671.87,1
2114,2113.9999999999436,580.775521,580.1,675.52,1
2115,2114.999999999943,581.060938,580.1666666666666,894.27,1
2116,2115.999999999943,581.291667,580.6,691.67,1
2117,2116.9999999999427,581.482292,580.8,682.29,1
2118,2117.999999999943,581.7385419999998,580.9666666666667,771.88,1
2119,2118.9999999999436,581.944792,581.2666666666667,678.13,1
2120,2119.999999999943,582.193229,581.4333333333333,759.9,1
2121,2120.999999999943,582.604687,581.7333333333333,871.35,1
2122,2121.999999999943,582.803906,581.9,903.91,1
2123,2122.9999999999427,583.003125,582.1666666666666,836.46,1
2124,2123.999999999943,583.236458,582.5333333333333,703.12,1
2125,2124.999999999943,583.439583,582.5666666666667,872.92,1
2126,2125.9999999999422,583.630208,583.1333333333333,496.87,1
2127,2126.9999999999422,583.784375,583.3,484.38,1
2128,2127.9999999999422,583.9645830000002,583.3666666666667,597.92,1
2129,2128.999999999942,584.1447919999998,583.6,544.79,1
2130,2129.9999999999427,584.322917,583.7333333333333,589.58,1
2131,2130.9999999999413,584.502083,584.0,502.08,1
2132,2131.999999999941,584.71875,584.3,418.75,1
2133,2132.999999999941,584.838542,584.4,438.54,1
2134,2133.999999999941,585.028646,584.6,428.65,1
2135,2134.999999999941,585.21875,584.7333333333333,485.42,1
2136,2135.9999999999404,585.4489580000002,584.8333333333334,615.62,1
2137,2136.99999999994,585.6625,584.9,762.5,1
2138,2137.99999999994,585.8552080000002,585.1,755.21,1
2139,2138.999999999939,586.021875,585.4666666666667,555.21,1
2140,2139.99999999994,586.205729,586.0,205.73,1
2141,2140.9999999999395,586.389583,586.1,289.58,1
2142,2141.999999999939,586.6125,586.1666666666666,445.83,1
2143,2142.999999999939,586.825,586.2333333333333,591.67,1
2144,2143.999999999939,587.03125,586.4,631.25,1
2145,2144.9999999999377,587.53125,586.6666666666666,864.58,1
2146,2145.9999999999377,587.819792,586.8333333333334,986.46,1
2147,2146.9999999999372,587.983333,587.0,983.33,1
2148,2147.999999999937,588.1604169999998,587.2666666666667,893.75,1
2149,2148.9999999999363,588.283333,587.6,683.33,1
2150,2149.999999999936,588.4572919999998,588.0666666666667,390.63,1
2151,2150.999999999936,588.58125,588.3,281.25,1
2152,2151.999999999935,588.730729,588.3333333333334,397.4,1
2153,2152.999999999935,588.846875,588.4,446.87,1
2154,2153.999999999935,588.96875,589.1,131.25,1
2155,2154.9999999999354,589.154167,589.1333333333333,20.83,1
2156,2155.999999999935,589.339584,589.2,139.58,1
2157,2156.9999999999354,589.807292,589.2333333333333,573.96,1
2158,2157.999999999934,590.028125,589.3,728.13,1
2159,2158.999999999934,590.18125,589.3333333333334,847.92,1
2160,2159.999999999934,590.342708,589.6333333333333,709.37,1
2161,2160.999999999933,590.465625,590.0666666666667,398.96,1
2162,2161.999999999933,590.628125,590.1666666666666,461.46,1
2163,2162.9999999999322,590.759375,590.3666666666667,392.71,1
2164,2163.999999999932,590.903646,590.5,403.65,1
2165,2164.999999999932,591.026562,590.6,426.56,1
2166,2165.9999999999313,591.145833,591.1333333333333,12.5,1
2167,2166.9999999999327,591.322396,591.1666666666666,155.73,1
2168,2167.999999999931,591.498959,591.2333333333333,265.63,1
2169,2168.9999999999313,591.702083,591.2666666666667,435.42,1
2170,2169.9999999999313,591.873958,591.3333333333334,540.62,1
2171,2170.9999999999304,592.03125,591.5333333333333,497.92,1
2172,2171.9999999999304,592.182292,591.6333333333333,548.96,1
2173,2172.9999999999304,592.36875,591.8333333333334,535.42,1
2174,2173.99999999993,592.5125,592.0666666666667,445.83,1
2175,2174.9999999999295,592.670834,592.1,570.83,1
2176,2175.9999999999295,592.860417,592.3666666666667,493.75,1
2177,2176.999999999929,593.01875,592.5333333333333,485.42,1
2178,2177.999999999929,593.175521,592.6,575.52,1
2179,2178.999999999929,593.372917,592.7333333333333,639.58,1
2180,2179.999999999928,593.529167,592.9,629.17,1
2181,2180.999999999928,593.675,593.1333333333333,541.67,1
2182,2181.9999999999277,593.8875,593.2,687.5,1
2183,2182.9999999999272,594.013542,593.5,513.54,1
2184,2183.9999999999272,594.185416,593.6333333333333,552.08,1
2185,2184.999999999927,594.395833,593.8333333333334,562.5,1
2186,2185.999999999927,594.508333,594.1666666666666,341.67,1
2187,2186.9999999999254,594.677083,594.3,377.08,1
2188,2187.999999999926,594.864583,594.6,264.58,1
2189,2188.999999999926,594.985417,595.2666666666667,281.25,1
2190,2189.999999999925,595.152084,595.3,147.92,1
2191,2190.999999999925,595.3625,595.3666666666667,4.17,1
2192,2191.999999999925,595.490625,595.5333333333333,42.71,1
2193,2192.9999999999245,595.815625,595.6333333333333,182.29,1
2194,2193.999999999925,596.052604,595.8333333333334,219.27,1
2195,2194.9999999999245,596.289583,595.8666666666667,422.92,1
2196,2195.9999999999145,596.329166,595.9333333333333,395.83,1
2197,2196.999999999915,596.500781,596.0,500.78,1
2198,2197.9999999999145,596.672395,598.0333333333333,1360.94,1
2199,2198.9999999999145,596.725,598.3,1575.0,1
2200,2199.9999999999145,596.858333,598.5,1641.67,1
2201,2200.9999999999145,596.991667,598.6,1608.33,1
2202,2201.9999999999145,597.030208,599.4333333333333,2403.13,1
2203,2202.9999999999145,597.13125,599.4666666666667,2335.42,1
2204,2203.9999999999145,597.232291,599.5333333333333,2301.04,1
2205,2204.9999999999145,597.333333,599.8,2466.67,1
2206,2205.999999999915,597.55625,599.8333333333334,2277.08,1
2207,2206.9999999999145,597.779166,599.8666666666667,2087.5,1
2208,2207.9999999999145,598.002083,599.9,1897.92,1
2209,2208.999999999915,598.262239,599.9333333333333,1671.09,1
2210,2209.999999999915,598.522396,600.1333333333333,1610.94,1
2211,2210.999999999915,598.782552,600.2333333333333,1450.78,1
2212,2211.999999999915,599.0427080000002,600.4666666666667,1423.96,1
2213,2212.999999999914,599.451042,600.5,1048.96,1
2214,2213.999999999914,599.717708,600.5333333333333,815.63,1
2215,2214.999999999914,599.915625,600.5666666666667,651.04,1
2216,2215.999999999914,600.065625,600.6,534.38,1
2217,2216.999999999913,600.195833,600.6333333333333,437.5,1
2218,2217.9999999999127,600.4705730000002,600.6666666666666,196.09,1
2219,2218.999999999913,600.745312,600.7,45.31,1
2220,2219.999999999913,600.802083,600.7333333333333,68.75,1
2221,2220.9999999999127,600.997657,600.8,197.66,1
2222,2221.9999999999127,601.193229,600.8333333333334,359.9,1
2223,2222.999999999913,601.25,600.8666666666667,383.33,1
2224,2223.9999999999127,601.405469,600.9,505.47,1
2225,2224.9999999999127,601.560938,600.9333333333333,627.6,1
2226,2225.9999999999127,601.618229,601.5666666666667,51.56,1
2227,2226.9999999999127,601.7579860000002,601.6,157.99,1
2228,2227.9999999999127,601.897743,601.6333333333333,264.41,1
2229,2228.9999999999127,602.0375,601.7333333333333,304.17,1
2230,2229.999999999913,602.314236,601.9,414.24,1
2231,2230.999999999913,602.590972,601.9333333333333,657.64,1
2232,2231.999999999913,602.867708,601.9666666666667,901.04,1
2233,2232.999999999913,603.183854,603.0333333333333,150.52,1
2234,2233.999999999914,603.5,603.1,400.0,1
2235,2234.999999999913,603.816146,603.1333333333333,682.81,1
2236,2235.999999999913,604.132292,603.1666666666666,965.63,1
2237,2236.9999999999127,604.595834,603.2,1395.83,1
2238,2237.9999999999127,604.909375,603.2333333333333,1676.04,1
2239,2238.999999999912,605.1375,603.3,1837.5,1
2240,2239.999999999912,605.3166669999998,603.6,1716.67,1
2241,2240.999999999912,605.465625,605.3333333333334,132.29,1
2242,2241.9999999999063,605.630989,605.5666666666667,64.32,1
2243,2242.9999999999063,605.796354,605.6666666666666,129.69,1
2244,2243.9999999999063,605.9125,605.9,12.5,1
2245,2244.9999999999063,606.039844,606.1,60.16,1
2246,2245.9999999999063,606.167187,606.1333333333333,33.85,1
2247,2246.9999999999063,606.263542,606.2666666666667,3.12,1
2248,2247.9999999999063,606.378125,606.5333333333333,155.21,1
2249,2248.9999999999063,606.492708,606.8,307.29,1
2250,2249.999999999906,606.598958,606.8666666666667,267.71,1
2251,2250.9999999999063,606.7122400000002,606.9,187.76,1
2252,2251.9999999999063,606.825521,606.9333333333333,107.81,1
2253,2252.999999999906,606.915104,606.9666666666667,51.56,1
2254,2253.9999999999063,607.024219,607.0333333333333,9.11,1
2255,2254.9999999999063,607.133333,607.0666666666667,66.67,1
2256,2255.999999999906,607.258333,607.1,158.33,1
2257,2256.9999999999063,607.4,607.2,200.0,1
2258,2257.999999999906,607.541667,607.4333333333333,108.33,1
2259,2258.999999999906,607.644791,607.5,144.79,1
2260,2259.999999999906,607.808073,607.5333333333333,274.74,1
2261,2260.999999999906,607.971354,607.5666666666667,404.69,1
2262,2261.999999999906,608.209375,607.6333333333333,576.04,1
2263,2262.9999999999063,608.377604,607.9666666666667,410.94,1
2264,2263.999999999906,608.545833,608.0,545.83,1
2265,2264.999999999906,608.996875,608.2,796.88,1
2266,2265.999999999906,609.201041,608.3666666666667,834.37,1
2267,2266.999999999905,609.328125,608.5,828.12,1
2268,2267.9999999999045,609.478125,609.0,478.12,1
2269,2268.9999999999045,609.598438,609.2,398.44,1
2270,2269.9999999999036,609.727083,609.3,427.08,1
2271,2270.9999999999036,609.867708,609.4666666666667,401.04,1
2272,2271.999999999903,610.040625,609.6333333333333,407.29,1
2273,2272.9999999999022,610.123437,609.8333333333334,290.1,1
2274,2273.9999999999027,610.275,609.9666666666667,308.33,1
2275,2274.9999999999022,610.423959,610.2666666666667,157.29,1
2276,2275.9999999999022,610.572917,610.4666666666667,106.25,1
2277,2276.9999999999022,610.9572919999998,610.5,457.29,1
2278,2277.9999999999022,611.139062,610.5333333333333,605.73,1
2279,2278.9999999999013,611.266666,610.6,666.67,1
2280,2279.9999999999004,611.40677,610.6666666666666,740.1,1
2281,2280.9999999999004,611.525521,611.1666666666666,358.85,1
2282,2281.9999999999,611.6677080000002,611.3,367.71,1
2283,2282.999999999899,611.778646,611.3333333333334,445.31,1
2284,2283.9999999998986,611.926563,611.6333333333333,293.23,1
2285,2284.999999999898,612.0234379999998,611.7333333333333,290.1,1
2286,2285.999999999898,612.155209,612.0,155.21,1
2287,2286.9999999998986,612.258333,612.0666666666667,191.67,1
2288,2287.999999999898,612.361458,612.1333333333333,228.12,1
2289,2288.999999999898,612.4645830000002,612.3666666666667,97.92,1
2290,2289.999999999898,612.5202370000002,612.4,120.24,1
2291,2290.9999999998986,612.58683,612.4666666666667,120.16,1
2292,2291.999999999898,612.654166,612.6666666666666,12.5,1
2293,2292.999999999892,612.803646,612.8666666666667,63.02,1
2294,2293.999999999892,612.942708,613.6333333333333,690.63,1
2295,2294.9999999998927,613.0583330000002,613.8666666666667,808.33,1
2296,2295.9999999998918,613.209375,614.0666666666667,857.29,1
2297,2296.999999999892,613.302083,614.2666666666667,964.58,1
2298,2297.999999999892,613.410938,614.5,1089.06,1
2299,2298.999999999892,613.485416,614.7,1214.58,1
2300,2299.9999999998918,613.628125,615.4,1771.88,1
2301,2300.9999999998918,613.740625,615.4333333333333,1692.71,1
2302,2301.9999999998913,613.885417,615.4666666666667,1581.25,1
2303,2302.9999999998913,613.961458,615.5666666666667,1605.21,1
2304,2303.9999999998913,614.057812,615.7666666666667,1708.85,1
2305,2304.9999999998913,614.145833,616.0,1854.17,1
2306,2305.9999999998913,614.3,617.9,3600.0,1
2307,2306.999999999891,614.4958330000002,620.2,5704.17,1
2308,2307.999999999891,614.663542,622.2666666666667,7603.12,1
2309,2308.999999999891,614.810417,622.2666666666667,7456.25,1
2310,2309.999999999891,614.9375,622.2666666666667,7329.17,1
2311,2310.999999999891,615.057292,622.2666666666667,7209.37,1
2312,2311.9999999998913,615.180208,622.2666666666667,7086.46,1
2313,2312.9999999998913,615.293229,622.2666666666667,6973.44,1
2314,2313.9999999998913,615.412153,622.2666666666667,6854.51,1
2315,2314.9999999998913,615.531076,622.2666666666667,6735.59,1
2316,2315.999999999891,615.65,622.2666666666667,6616.67,1
2317,2316.999999999891,615.778472,622.2666666666667,6488.19,1
2318,2317.999999999891,615.9069450000002,622.2666666666667,6359.72,1
2319,2318.999999999891,616.0354169999998,622.2666666666667,6231.25,1
2320,2319.9999999998913,616.186111,622.2666666666667,6080.56,1
2321,2320.9999999998927,616.3368059999998,622.2666666666667,5929.86,1
2322,2321.9999999998913,616.4875,622.2666666666667,5779.17,1
2323,2322.9999999998913,616.653472,622.2666666666667,5613.19,1
2324,2323.9999999998927,616.819445,622.2666666666667,5447.22,1
2325,2324.9999999998913,616.985417,622.2666666666667,5281.25,1
2326,2325.9999999998918,617.126389,622.2666666666667,5140.28,1
2327,2326.9999999998913,617.267361,622.2666666666667,4999.31,1
2328,2327.9999999998913,617.408334,622.2666666666667,4858.33,1
2329,2328.999999999891,617.549306,622.2666666666667,4717.36,1
2330,2329.9999999998913,617.690278,622.2666666666667,4576.39,1
2331,2330.99999999989,617.83125,622.2666666666667,4435.42,1
2332,2331.999999999891,617.927951,622.2666666666667,4338.72,1
2333,2332.9999999998913,618.0246530000002,622.2666666666667,4242.01,1
2334,2333.999999999891,618.121354,622.2666666666667,4145.31,1
2335,2334.999999999891,618.2180549999998,622.2666666666667,4048.61,1
2336,2335.9999999998913,618.314757,622.2666666666667,3951.91,1
2337,2336.999999999891,618.411458,622.2666666666667,3855.21,1
