beat_idx,gt_beat,gt_time_s,pred_time_s,err_ms,ok
0,0.0,1.0,0.0,1000.0,1
1,1.0000000000000002,1.18724,0.03333333333333333,1153.91,1
2,2.0000000000000004,1.37448,0.06666666666666667,1307.81,1
3,3.000000000000001,1.563021,0.1,1463.02,1
4,4.000000000000001,1.747135,0.16666666666666666,1580.47,1
5,5.000000000000001,1.93125,0.2,1731.25,1
6,6.000000000000001,2.157292,0.23333333333333334,1923.96,1
7,7.0,2.33507,0.26666666666666666,2068.4,1
8,8.000000000000002,2.5128470000000003,0.3333333333333333,2179.51,1
9,9.000000000000002,2.690625,0.36666666666666664,2323.96,1
10,10.000000000000002,2.868403,0.4,2468.4,1
11,11.000000000000004,3.04618,0.43333333333333335,2612.85,1
12,12.000000000000004,3.223958,0.4666666666666667,2757.29,1
13,13.000000000000004,3.425521,0.5333333333333333,2892.19,1
14,14.000000000000002,3.627083,0.5666666666666667,3060.42,1
15,15.000000000000002,3.828646,0.6333333333333333,3195.31,1
16,16.000000000000004,4.01224,0.9666666666666667,3045.57,1
17,17.000000000000004,4.195833,1.0333333333333334,3162.5,1
18,18.000000000000004,4.379427,1.0666666666666667,3312.76,1
19,19.0,4.563021,1.1,3463.02,1
20,20.0,4.746614,1.1333333333333333,3613.28,1
21,21.000000000000004,4.930208,1.1666666666666667,3763.54,1
22,22.000000000000004,5.096875,1.2333333333333334,3863.54,1
23,23.000000000000007,5.263542,1.2666666666666666,3996.88,1
24,24.000000000000018,5.50625,1.3,4206.25,1
25,25.000000000000007,5.720052,1.3333333333333333,4386.72,1
26,26.000000000000007,5.933854,1.4,4533.85,1
27,27.000000000000014,6.126563,1.4333333333333333,4693.23,1
28,28.00000000000001,6.321354,1.4666666666666666,4854.69,1
29,29.000000000000025,6.516146,1.5,5016.15,1
30,30.000000000000018,6.722396000000002,2.1666666666666665,4555.73,1
31,31.000000000000018,6.948003999999999,2.2,4748.0,1
32,32.00000000000002,7.173611,2.2333333333333334,4940.28,1
33,33.00000000000002,7.399219,2.566666666666667,4832.55,1
34,34.00000000000002,7.624827000000002,2.7666666666666666,4858.16,1
35,35.00000000000002,7.850434,2.8333333333333335,5017.1,1
36,36.00000000000002,8.076042,2.9,5176.04,1
37,37.00000000000002,8.315625,2.933333333333333,5382.29,1
38,38.00000000000002,8.555208,2.966666666666667,5588.54,1
39,39.000000000000036,8.794791,3.0,5794.79,1
40,40.00000000000002,8.987153,3.066666666666667,5920.49,1
41,41.00000000000002,9.179514,3.1,6079.51,1
42,42.00000000000002,9.371875,3.1333333333333333,6238.54,1
43,43.00000000000002,9.564236,3.1666666666666665,6397.57,1
44,44.00000000000003,9.756597,3.2333333333333334,6523.26,1
45,45.00000000000003,9.948958,3.2666666666666666,6682.29,1
46,46.00000000000002,10.109635,3.3,6809.64,1
47,47.000000000000036,10.270312,3.3333333333333335,6936.98,1
48,48.000000000000036,10.509375,3.4,7109.38,1
49,49.000000000000036,10.6625,3.433333333333333,7229.17,1
50,50.000000000000036,10.815625,3.466666666666667,7348.96,1
51,51.000000000000036,10.96875,3.5,7468.75,1
52,52.000000000000036,11.122569,3.566666666666667,7555.9,1
53,53.00000000000003,11.276389,3.6,7676.39,1
54,54.000000000000036,11.430208,3.6333333333333333,7796.87,1
55,55.00000000000003,11.600521,5.733333333333333,5867.19,1
56,56.00000000000002,11.770833,5.9,5870.83,1
57,57.00000000000003,11.941145,7.566666666666666,4374.48,1
58,58.00000000000003,12.198363,7.633333333333334,4565.03,1
59,59.00000000000003,12.45558,7.7,4755.58,1
60,60.00000000000003,12.712797,7.733333333333333,4979.46,1
61,61.00000000000002,12.970015,7.766666666666667,5203.35,1
62,62.00000000000003,13.227232,7.8,5427.23,1
63,63.00000000000003,13.484449,7.866666666666666,5617.78,1
64,64.00000000000003,13.741667,7.933333333333334,5808.33,1
65,65.00000000000003,13.948073,8.2,5748.07,1
66,66.00000000000003,14.154479,8.433333333333334,5721.15,1
67,67.00000000000003,14.360885,8.633333333333333,5727.55,1
68,68.00000000000003,14.567292000000002,8.833333333333334,5733.96,1
69,69.00000000000003,14.773698,9.033333333333333,5740.36,1
70,70.00000000000003,14.980104,9.066666666666666,5913.44,1
71,71.00000000000003,15.18651,9.1,6086.51,1
72,72.00000000000003,15.392917,9.133333333333333,6259.58,1
73,73.00000000000003,15.599323000000002,9.2,6399.32,1
74,74.00000000000003,15.805729,9.233333333333333,6572.4,1
75,75.00000000000004,15.977604,9.266666666666667,6710.94,1
76,76.00000000000003,16.166667,9.3,6866.67,1
77,77.00000000000003,16.355729999999998,9.366666666666667,6989.06,1
78,78.00000000000003,16.567188,9.4,7167.19,1
79,79.00000000000004,16.807551999999998,9.433333333333334,7374.22,1
80,80.00000000000003,17.047917,9.666666666666666,7381.25,1
81,81.00000000000003,17.288281,9.866666666666667,7421.61,1
82,82.00000000000003,17.528646,10.066666666666666,7461.98,1
83,83.00000000000004,17.76901,10.3,7469.01,1
84,84.00000000000003,18.009375,10.5,7509.37,1
85,85.00000000000004,18.239062,10.733333333333333,7505.73,1
86,86.00000000000004,18.46875,10.9,7568.75,1
87,87.00000000000006,18.698438,11.366666666666667,7331.77,1
88,88.00000000000004,18.887292,11.433333333333334,7453.96,1
89,89.00000000000004,19.076146,11.466666666666667,7609.48,1
90,90.00000000000004,19.265,11.5,7765.0,1
91,91.00000000000004,19.453854,11.533333333333333,7920.52,1
92,92.00000000000006,19.642708,11.6,8042.71,1
93,93.00000000000007,19.85625,11.633333333333333,8222.92,1
94,94.00000000000006,20.022917,11.666666666666666,8356.25,1
95,95.00000000000007,20.189583,11.7,8489.58,1
96,96.0000000000001,20.4375,11.766666666666667,8670.83,1
97,97.00000000000007,20.658854,11.8,8858.85,1
98,98.00000000000009,20.880208,11.833333333333334,9046.87,1
99,99.00000000000009,21.064062,11.866666666666667,9197.4,1
100,100.00000000000009,21.269531,11.933333333333334,9336.2,1
101,101.00000000000013,21.475,11.966666666666667,9508.33,1
102,102.00000000000009,21.676042,12.0,9676.04,1
103,103.0000000000001,21.924306,12.033333333333333,9890.97,1
104,104.0000000000001,22.17257,12.1,10072.57,1
105,105.00000000000009,22.420834,12.233333333333333,10187.5,1
106,106.00000000000009,22.669097,12.433333333333334,10235.76,1
107,107.00000000000009,22.917361,13.1,9817.36,1
108,108.0000000000001,23.165625,13.133333333333333,10032.29,1
109,109.0000000000001,23.417361,13.166666666666666,10250.69,1
110,110.0000000000001,23.669097,13.2,10469.1,1
111,111.00000000000017,23.920833,13.4,10520.83,1
112,112.0000000000001,24.104861,14.0,10104.86,1
113,113.00000000000013,24.288889,14.166666666666666,10122.22,1
114,114.00000000000013,24.472917,14.433333333333334,10039.58,1
115,115.0000000000001,24.656944,14.6,10056.94,1
116,116.0000000000001,24.840972,14.833333333333334,10007.64,1
117,117.0000000000001,25.025,14.966666666666667,10058.33,1
118,118.00000000000013,25.188021,15.2,9988.02,1
119,119.00000000000013,25.351042,17.433333333333334,7917.71,1
120,120.00000000000013,25.60625,19.833333333333332,5772.92,1
121,121.00000000000014,25.758333,20.3,5458.33,1
122,122.00000000000013,25.910417,20.333333333333332,5577.08,1
123,123.00000000000014,26.0625,20.433333333333334,5629.17,1
124,124.00000000000014,26.211458,21.066666666666666,5144.79,1
125,125.00000000000014,26.360417,21.1,5260.42,1
126,126.0000000000002,26.509375,21.166666666666668,5342.71,1
127,127.00000000000014,26.690972,21.233333333333334,5457.64,1
128,128.00000000000014,26.87257,21.566666666666666,5305.9,1
129,129.00000000000014,27.054167,22.466666666666665,4587.5,1
130,130.00000000000014,27.315179,22.533333333333335,4781.85,1
131,131.00000000000014,27.576191,22.566666666666666,5009.52,1
132,132.00000000000014,27.837203,22.6,5237.2,1
133,133.00000000000014,28.098214,22.666666666666668,5431.55,1
134,134.00000000000014,28.359226,22.7,5659.23,1
135,135.00000000000014,28.620238,22.8,5820.24,1
136,136.0000000000002,28.88125,23.0,5881.25,1
137,137.00000000000014,29.039844,23.333333333333332,5706.51,1
138,138.00000000000014,29.198438,23.633333333333333,5565.1,1
139,139.00000000000014,29.357031,23.666666666666668,5690.36,1
140,140.00000000000014,29.515625,25.033333333333335,4482.29,1
141,141.00000000000014,29.674219,25.233333333333334,4440.89,1
142,142.00000000000014,29.832812,25.366666666666667,4466.15,1
143,143.00000000000014,29.991406,25.4,4591.41,1
144,144.00000000000014,30.15,25.466666666666665,4683.33,1
145,145.00000000000014,30.333854,25.5,4833.85,1
146,146.0000000000002,30.517709000000004,25.533333333333335,4984.38,1
147,147.00000000000014,30.696875,25.566666666666666,5130.21,1
148,148.00000000000014,30.886458,25.633333333333333,5253.12,1
149,149.00000000000017,31.028125,25.666666666666668,5361.46,1
150,150.0000000000002,31.207292,25.7,5507.29,1
151,151.00000000000028,31.3875,25.733333333333334,5654.17,1
152,152.00000000000026,31.565625,25.766666666666666,5798.96,1
153,153.00000000000028,31.753125,25.833333333333332,5919.79,1
154,154.00000000000028,31.953819,25.866666666666667,6087.15,1
155,155.00000000000028,32.154514,25.9,6254.51,1
156,156.00000000000034,32.355208000000005,25.933333333333334,6421.87,1
157,157.00000000000028,32.555208,26.133333333333333,6421.87,1
158,158.00000000000034,32.708333,26.733333333333334,5975.0,1
159,159.00000000000034,32.866146,27.066666666666666,5799.48,1
160,160.00000000000034,33.04375,27.5,5543.75,1
161,161.00000000000034,33.2125,27.7,5512.5,1
162,162.00000000000034,33.360417,27.766666666666666,5593.75,1
163,163.00000000000034,33.525,27.8,5725.0,1
164,164.00000000000034,33.698958000000005,27.833333333333332,5865.62,1
165,165.00000000000028,33.918229,27.9,6018.23,1
166,166.0000000000003,34.159375,27.933333333333334,6226.04,1
167,167.00000000000034,34.396875,27.966666666666665,6430.21,1
168,168.00000000000028,34.741667,28.0,6741.67,1
169,169.00000000000028,34.944531,28.066666666666666,6877.86,1
170,170.00000000000028,35.147396,28.333333333333332,6814.06,1
171,171.0000000000003,35.313021,29.2,6113.02,1
172,172.00000000000037,35.507292,29.433333333333334,6073.96,1
173,173.00000000000028,35.630208,29.833333333333332,5796.87,1
174,174.00000000000028,35.804167,29.9,5904.17,1
175,175.00000000000026,35.996875,29.966666666666665,6030.21,1
176,176.00000000000026,36.176042,30.133333333333333,6042.71,1
177,177.00000000000028,36.358333,30.4,5958.33,1
178,178.0000000000002,36.528819,30.466666666666665,6062.15,1
179,179.00000000000017,36.699306,30.7,5999.31,1
180,180.0000000000002,36.869792,30.9,5969.79,1
181,181.0000000000002,37.07395800000001,31.033333333333335,6040.62,1
182,182.00000000000026,37.24583300000001,32.36666666666667,4879.17,1
183,183.00000000000017,37.391667,32.86666666666667,4525.0,1
184,184.00000000000014,37.559375,33.06666666666667,4492.71,1
185,185.00000000000014,37.734375,33.1,4634.37,1
186,186.00000000000017,37.926041,33.13333333333333,4792.71,1
187,187.0000000000002,38.127083,33.2,4927.08,1
188,188.00000000000014,38.330208,33.36666666666667,4963.54,1
189,189.0000000000001,38.56875,33.766666666666666,4802.08,1
190,190.0000000000001,38.817708,34.13333333333333,4684.37,1
191,191.0000000000001,39.06875,34.4,4668.75,1
192,192.00000000000017,39.583333,34.86666666666667,4716.67,1
193,193.00000000000017,39.955208,35.06666666666667,4888.54,1
194,194.00000000000017,40.15625,35.266666666666666,4889.58,1
195,195.00000000000017,40.378125,35.3,5078.12,1
196,196.00000000000017,40.592709,35.733333333333334,4859.38,1
197,197.00000000000017,40.813542,35.93333333333333,4880.21,1
198,198.0000000000002,41.045833,36.13333333333333,4912.5,1
199,199.0000000000002,41.2625,36.233333333333334,5029.17,1
200,200.00000000000017,41.44375,36.266666666666666,5177.08,1
201,201.00000000000017,41.801042,36.733333333333334,5067.71,1
202,202.00000000000014,42.145833,36.8,5345.83,1
203,203.00000000000017,42.319792,36.86666666666667,5453.13,1
204,204.00000000000017,42.532291,37.46666666666667,5065.62,1
205,205.00000000000017,42.758333,37.6,5158.33,1
206,206.00000000000017,42.952084,37.666666666666664,5285.42,1
207,207.00000000000017,43.16875,37.7,5468.75,1
208,208.00000000000017,43.397396,37.733333333333334,5664.06,1
209,209.00000000000017,43.584375,37.8,5784.38,1
210,210.00000000000017,43.802604,38.166666666666664,5635.94,1
211,211.00000000000017,43.94895800000001,43.4,548.96,1
212,212.00000000000017,44.158333,43.56666666666667,591.67,1
213,213.0000000000002,44.392708,43.6,792.71,1
214,214.00000000000017,44.583333,43.833333333333336,750.0,1
215,215.0000000000002,44.729167,43.86666666666667,862.5,1
216,216.0000000000002,44.935938,43.9,1035.94,1
217,217.0000000000002,45.223958,44.13333333333333,1090.62,1
218,218.0000000000002,45.441667,44.333333333333336,1108.33,1
219,219.0000000000002,45.805208,45.46666666666667,338.54,1
220,220.0000000000002,45.831771,45.93333333333333,101.56,1
221,221.00000000000028,46.052605,46.1,47.4,1
222,222.0000000000003,46.38645800000001,46.233333333333334,153.12,1
223,223.0000000000003,46.609375,46.36666666666667,242.71,1
224,224.0000000000003,46.798958,46.4,398.96,1
225,225.0000000000003,47.122917,47.1,22.92,1
226,226.0000000000003,47.407292,47.13333333333333,273.96,1
227,227.0000000000003,47.579688,47.233333333333334,346.35,1
228,228.0000000000003,47.752084,47.3,452.08,1
229,229.0000000000003,47.996875,47.96666666666667,30.21,1
230,230.0000000000003,48.192709,48.166666666666664,26.04,1
231,231.0000000000003,48.413021,48.4,13.02,1
232,232.0000000000003,48.632292,48.6,32.29,1
233,233.00000000000034,48.794792,48.8,5.21,1
234,234.00000000000037,49.051042,48.93333333333333,117.71,1
235,235.00000000000037,49.228125,49.03333333333333,194.79,1
236,236.00000000000037,49.414583,49.06666666666667,347.92,1
237,237.00000000000037,49.618229,49.13333333333333,484.9,1
238,238.00000000000037,49.848958,49.166666666666664,682.29,1
239,239.00000000000037,50.064584,49.2,864.58,1
240,240.00000000000037,50.464584,49.233333333333334,1231.25,1
241,241.00000000000037,50.87083300000001,49.3,1570.83,1
242,242.0000000000003,51.054167,49.56666666666667,1487.5,1
243,243.0000000000003,51.290625,50.03333333333333,1257.29,1
244,244.00000000000034,51.566146,51.46666666666667,99.48,1
245,245.0000000000003,51.828125,51.833333333333336,5.21,1
246,246.00000000000034,52.180208,52.03333333333333,146.87,1
247,247.00000000000037,52.390625,52.36666666666667,23.96,1
248,248.00000000000037,52.607292,52.6,7.29,1
249,249.00000000000037,52.833333,52.833333333333336,0.0,1
250,250.0000000000004,53.028125,53.03333333333333,5.21,1
251,251.00000000000037,53.27291700000001,53.166666666666664,106.25,1
252,252.0000000000004,53.497396,53.8,302.6,1
253,253.00000000000037,53.697917,53.86666666666667,168.75,1
254,254.0000000000004,53.889063,53.9,10.94,1
255,255.00000000000037,54.088542,53.93333333333333,155.21,1
256,256.0000000000004,54.293229,53.96666666666667,326.56,1
257,257.00000000000034,54.49375,54.5,6.25,1
258,258.00000000000045,54.750521,54.7,50.52,1
259,259.0000000000004,54.99270799999999,55.06666666666667,73.96,1
260,260.0000000000004,55.171875,55.2,28.13,1
261,261.00000000000045,55.3875,55.46666666666667,79.17,1
262,262.0000000000004,55.630208,55.5,130.21,1
263,263.00000000000045,55.909375,55.53333333333333,376.04,1
264,264.00000000000045,56.325,55.7,625.0,1
265,265.0000000000004,56.64375,56.766666666666666,122.92,1
266,266.0000000000004,56.845833,56.96666666666667,120.83,1
267,267.00000000000045,57.152604,57.06666666666667,85.94,1
268,268.00000000000045,57.463542,57.36666666666667,96.88,1
269,269.00000000000045,57.661979,57.53333333333333,128.65,1
270,270.00000000000045,57.951042,57.86666666666667,84.38,1
271,271.0000000000004,58.21875,58.4,181.25,1
272,272.0000000000004,58.41458299999999,58.46666666666667,52.08,1
273,273.00000000000045,58.64791700000001,58.63333333333333,14.58,1
274,274.0000000000004,58.88177099999999,58.833333333333336,48.44,1
275,275.0000000000005,59.084375,59.03333333333333,51.04,1
276,276.0000000000005,59.323437,59.266666666666666,56.77,1
277,277.0000000000005,59.590105,59.43333333333333,156.77,1
278,278.0000000000005,59.776562,59.7,76.56,1
279,279.0000000000005,60.05573,59.8,255.73,1
280,280.0000000000005,60.24948000000001,60.03333333333333,216.15,1
281,281.0000000000005,60.428125,60.43333333333333,5.21,1
282,282.0000000000005,60.718229,60.6,118.23,1
283,283.0000000000005,60.971875,61.0,28.13,1
284,284.0000000000005,61.24166700000001,61.233333333333334,8.33,1
285,285.0000000000005,61.417708,61.3,117.71,1
286,286.0000000000004,61.723958,61.43333333333333,290.62,1
287,287.0000000000005,62.019792,61.46666666666667,553.13,1
288,288.0000000000004,62.4,61.733333333333334,666.67,1
289,289.0000000000005,62.675,62.0,675.0,1
290,290.0000000000005,62.8875,62.86666666666667,20.83,1
291,291.0000000000005,63.119792,62.9,219.79,1
292,292.0000000000005,63.377083,62.96666666666667,410.42,1
293,293.00000000000057,63.608333,63.6,8.33,1
294,294.0000000000005,63.921875,63.733333333333334,188.54,1
295,295.00000000000057,64.086458,63.8,286.46,1
296,296.0000000000005,64.271875,64.06666666666666,205.21,1
297,297.00000000000057,64.514583,64.13333333333334,381.25,1
298,298.0000000000005,64.71875,64.3,418.75,1
299,299.00000000000057,64.946875,64.36666666666666,580.21,1
300,300.0000000000005,65.196354,64.5,696.35,1
301,301.00000000000057,65.373958,64.53333333333333,840.62,1
302,302.0000000000005,65.6,65.53333333333333,66.67,1
303,303.00000000000057,65.854167,65.56666666666666,287.5,1
304,304.00000000000057,66.040625,65.6,440.63,1
305,305.0000000000006,66.216667,66.2,16.67,1
306,306.00000000000057,66.51875,66.46666666666667,52.08,1
307,307.0000000000006,66.73125,66.6,131.25,1
308,308.0000000000006,66.928125,66.63333333333334,294.79,1
309,309.0000000000006,67.171875,66.76666666666667,405.21,1
310,310.0000000000006,67.391667,66.93333333333334,458.33,1
311,311.0000000000006,67.65625,67.0,656.25,1
312,312.0000000000006,68.040104,67.03333333333333,1006.77,1
313,313.0000000000006,68.291667,68.13333333333334,158.33,1
314,314.0000000000006,68.49583299999999,68.53333333333333,37.5,1
315,315.0000000000006,68.804688,68.73333333333333,71.35,1
316,316.0000000000006,69.065105,68.83333333333333,231.77,1
317,317.0000000000006,69.265625,69.03333333333333,232.29,1
318,318.0000000000007,69.544271,69.5,44.27,1
319,319.0000000000007,69.757292,69.53333333333333,223.96,1
320,320.0000000000007,69.951042,69.76666666666667,184.38,1
321,321.0000000000007,70.195833,70.1,95.83,1
322,322.0000000000007,70.4125,70.4,12.5,1
323,323.0000000000007,70.603125,70.6,3.13,1
324,324.0000000000007,70.903646,70.8,103.65,1
325,325.00000000000057,71.110417,71.06666666666666,43.75,1
326,326.0000000000006,71.295833,71.23333333333333,62.5,1
327,327.0000000000007,71.627605,71.6,27.61,1
328,328.0000000000007,71.858333,71.76666666666667,91.67,1
329,329.0000000000007,72.023958,72.06666666666666,42.71,1
330,330.0000000000007,72.213542,72.16666666666667,46.88,1
331,331.0000000000006,72.397917,72.33333333333333,64.58,1
332,332.0000000000007,72.58125,72.56666666666666,14.58,1
333,333.0000000000007,72.82395799999998,72.76666666666667,57.29,1
334,334.00000000000074,73.009375,73.0,9.38,1
335,335.00000000000074,73.16198,73.16666666666667,4.69,1
336,336.0000000000008,73.336458,73.2,136.46,1
337,337.0000000000008,73.536458,73.43333333333334,103.12,1
338,338.0000000000008,73.73073000000002,73.7,30.73,1
339,339.0000000000008,74.044271,73.73333333333333,310.94,1
340,340.00000000000085,74.28125,74.0,281.25,1
341,341.0000000000008,74.4625,74.5,37.5,1
342,342.00000000000085,74.671875,74.76666666666667,94.79,1
343,343.00000000000085,74.903125,74.9,3.12,1
344,344.0000000000009,75.067187,74.93333333333334,133.85,1
345,345.0000000000009,75.306771,75.0,306.77,1
346,346.0000000000009,75.526042,75.03333333333333,492.71,1
347,347.0000000000009,75.692708,75.56666666666666,126.04,1
348,348.00000000000097,76.009896,75.8,209.9,1
349,349.0000000000009,76.20859399999998,75.96666666666667,241.93,1
350,350.00000000000097,76.407292,76.03333333333333,373.96,1
351,351.000000000001,76.608334,76.73333333333333,125.0,1
352,352.000000000001,76.78125,76.8,18.75,1
353,353.000000000001,76.989583,76.96666666666667,22.92,1
354,354.0000000000011,77.208333,77.16666666666667,41.67,1
355,355.0000000000011,77.423438,77.43333333333334,9.9,1
356,356.0000000000011,77.638542,77.66666666666667,28.12,1
357,357.0000000000011,77.845833,77.83333333333333,12.5,1
358,358.00000000000114,78.03489499999998,78.03333333333333,1.56,1
359,359.00000000000125,78.223958,78.1,123.96,1
360,360.00000000000125,78.414583,78.36666666666666,47.92,1
361,361.00000000000125,78.615625,78.56666666666666,48.96,1
362,362.00000000000114,78.81666700000002,78.83333333333333,16.67,1
363,363.0000000000013,78.998959,78.96666666666667,32.29,1
364,364.0000000000013,79.166667,79.16666666666667,0.0,1
365,365.0000000000013,79.377083,79.3,77.08,1
366,366.0000000000014,79.604167,79.53333333333333,70.83,1
367,367.0000000000014,79.817361,79.83333333333333,15.97,1
368,368.0000000000015,80.030556,80.03333333333333,2.78,1
369,369.0000000000014,80.24375,80.2,43.75,1
370,370.0000000000013,80.423958,80.4,23.96,1
371,371.00000000000165,80.64479200000002,80.6,44.79,1
372,372.00000000000153,80.852083,80.8,52.08,1
373,373.00000000000153,81.072916,81.16666666666667,93.75,1
374,374.0000000000016,81.29375,81.33333333333333,39.58,1
375,375.0000000000017,81.497396,81.43333333333334,64.06,1
376,376.0000000000015,81.663542,81.66666666666667,3.12,1
377,377.00000000000176,81.86354200000002,81.83333333333333,30.21,1
378,378.0000000000017,82.047917,81.93333333333334,114.58,1
379,379.0000000000018,82.219792,82.53333333333333,313.54,1
380,380.00000000000176,82.422917,82.63333333333334,210.42,1
381,381.0000000000019,82.575,82.66666666666667,91.67,1
382,382.0000000000019,82.771875,82.8,28.13,1
383,383.000000000002,82.973958,83.3,326.04,1
384,384.0000000000019,83.20364599999998,83.33333333333333,129.69,1
385,385.0000000000019,83.43802099999998,83.46666666666667,28.65,1
386,386.0000000000019,83.67239599999998,83.6,72.4,1
387,387.000000000002,83.90677099999998,83.73333333333333,173.44,1
388,388.0000000000019,84.193655,83.86666666666666,326.99,1
389,389.000000000002,84.48054,83.9,580.54,1
390,390.0000000000019,84.767424,83.96666666666667,800.76,1
391,391.000000000002,85.054309,84.0,1054.31,1
392,392.0000000000019,85.341193,84.03333333333333,1307.86,1
393,393.0000000000019,85.628078,84.06666666666666,1561.41,1
394,394.0000000000019,85.914962,84.13333333333334,1781.63,1
395,395.0000000000018,86.201847,84.16666666666667,2035.18,1
396,396.0000000000019,86.488731,84.2,2288.73,1
397,397.00000000000193,86.775616,84.23333333333333,2542.28,1
398,398.000000000002,87.0625,84.3,2762.5,1
399,399.0000000000018,87.233334,85.5,1733.33,1
400,400.000000000002,87.440365,85.66666666666667,1773.7,1
401,401.0000000000018,87.647396,85.83333333333333,1814.06,1
402,402.00000000000205,87.84323,86.03333333333333,1809.9,1
403,403.00000000000205,88.081163,86.7,1381.16,1
404,404.000000000002,88.319097,86.73333333333333,1585.76,1
405,405.00000000000205,88.55703100000002,86.8,1757.03,1
406,406.000000000002,88.794965,86.83333333333333,1961.63,1
407,407.0000000000019,89.032899,86.86666666666666,2166.23,1
408,408.0000000000021,89.270833,87.03333333333333,2237.5,1
409,409.00000000000205,89.507118,87.26666666666667,2240.45,1
410,410.000000000002,89.743403,89.3,443.4,1
411,411.00000000000205,89.979687,89.6,379.69,1
412,412.000000000002,90.163542,89.7,463.54,1
413,413.0000000000019,90.347396,90.43333333333334,85.94,1
414,414.00000000000216,90.53125,90.9,368.75,1
415,415.00000000000205,90.715104,91.06666666666666,351.56,1
416,416.000000000002,90.898958,91.16666666666667,267.71,1
417,417.00000000000205,91.082813,91.2,117.19,1
418,418.000000000002,91.245573,91.23333333333333,12.24,1
419,419.00000000000205,91.408333,91.36666666666666,41.67,1
420,420.00000000000205,91.6625,91.63333333333334,29.17,1
421,421.0000000000021,91.888021,91.66666666666667,221.35,1
422,422.00000000000216,92.113542,92.0,113.54,1
423,423.0000000000021,92.318229,92.3,18.23,1
424,424.0000000000021,92.527083,92.33333333333333,193.75,1
425,425.00000000000216,92.735938,92.53333333333333,202.6,1
426,426.00000000000233,92.948958,92.6,348.96,1
427,427.00000000000216,93.183854,92.63333333333334,550.52,1
428,428.00000000000233,93.41875,92.66666666666667,752.08,1
429,429.00000000000216,93.653645,92.76666666666667,886.98,1
430,430.0000000000021,93.888541,93.83333333333333,55.21,1
431,431.00000000000216,94.123437,93.86666666666666,256.77,1
432,432.00000000000233,94.358333,93.93333333333334,425.0,1
433,433.00000000000216,94.590625,94.33333333333333,257.29,1
434,434.00000000000233,94.822916,94.96666666666667,143.75,1
435,435.00000000000216,95.055208,95.1,44.79,1
436,436.00000000000216,95.256423,95.13333333333334,123.09,1
437,437.00000000000216,95.457639,95.36666666666666,90.97,1
438,438.00000000000205,95.658854,95.53333333333333,125.52,1
439,439.00000000000216,95.860069,95.56666666666666,293.4,1
440,440.0000000000022,96.061285,95.6,461.29,1
441,441.00000000000233,96.2625,96.23333333333333,29.17,1
442,442.0000000000022,96.567361,96.6,32.64,1
443,443.0000000000022,96.872222,96.93333333333334,61.11,1
444,444.0000000000021,97.177083,97.16666666666667,10.42,1
445,445.0000000000022,97.323611,97.3,23.61,1
446,446.00000000000233,97.470139,97.33333333333333,136.81,1
447,447.00000000000233,97.616667,97.4,216.67,1
448,448.00000000000233,97.770834,97.6,170.83,1
449,449.0000000000022,97.925,97.66666666666667,258.33,1
450,450.0000000000021,98.079167,97.7,379.17,1
451,451.0000000000022,98.25816,97.76666666666667,491.49,1
452,452.0000000000022,98.437153,98.23333333333333,203.82,1
453,453.0000000000025,98.616146,98.46666666666667,149.48,1
454,454.00000000000233,98.838839,99.33333333333333,494.49,1
455,455.0000000000022,99.061533,99.53333333333333,471.8,1
456,456.00000000000233,99.284226,99.73333333333333,449.11,1
457,457.0000000000022,99.50692,99.96666666666667,459.75,1
458,458.00000000000233,99.729613,100.03333333333333,303.72,1
459,459.0000000000022,99.952307,100.1,147.69,1
460,460.00000000000233,100.175,100.13333333333334,41.67,1
461,461.0000000000022,100.39651,100.33333333333333,63.18,1
462,462.00000000000233,100.618021,101.23333333333333,615.31,1
463,463.0000000000022,100.839531,101.43333333333334,593.8,1
464,464.00000000000233,101.061042,102.83333333333333,1772.29,1
465,465.00000000000233,101.282552,103.03333333333333,1750.78,1
466,466.00000000000233,101.504062,103.13333333333334,1629.27,1
467,467.0000000000022,101.725573,103.2,1474.43,1
468,468.00000000000233,101.947083,103.23333333333333,1286.25,1
469,469.0000000000022,102.168594,103.26666666666667,1098.07,1
470,470.00000000000233,102.390104,103.3,909.9,1
471,471.0000000000024,102.573959,103.33333333333333,759.37,1
472,472.0000000000024,102.778125,103.4,621.88,1
473,473.00000000000233,102.982292,103.43333333333334,451.04,1
474,474.0000000000024,103.20573,103.46666666666667,260.94,1
475,475.0000000000024,103.437761,103.5,62.24,1
476,476.0000000000024,103.669792,103.56666666666666,103.13,1
477,477.00000000000244,103.901823,103.63333333333334,268.49,1
478,478.0000000000024,104.133854,104.0,133.85,1
479,479.0000000000024,104.365886,104.03333333333333,332.55,1
480,480.0000000000024,104.597917,104.33333333333333,264.58,1
481,481.00000000000233,104.828473,104.73333333333333,95.14,1
482,482.0000000000024,105.059028,104.83333333333333,225.69,1
483,483.00000000000244,105.289584,105.2,89.58,1
484,484.0000000000024,105.485625,105.26666666666667,218.96,1
485,485.00000000000244,105.681667,105.3,381.67,1
486,486.00000000000244,105.877709,105.33333333333333,544.38,1
487,487.0000000000024,106.07375,105.36666666666666,707.08,1
488,488.00000000000244,106.269792,105.53333333333333,736.46,1
489,489.0000000000025,106.516667,106.13333333333334,383.33,1
490,490.00000000000244,106.679427,106.2,479.43,1
491,491.0000000000025,106.842187,106.8,42.19,1
492,492.0000000000025,107.1,107.06666666666666,33.33,1
493,493.00000000000256,107.321094,107.1,221.09,1
494,494.0000000000025,107.542187,107.53333333333333,8.85,1
495,495.00000000000256,107.726041,107.66666666666667,59.37,1
496,496.0000000000027,107.928385,107.73333333333333,195.05,1
497,497.00000000000256,108.130729,107.93333333333334,197.4,1
498,498.00000000000256,108.356771,108.0,356.77,1
499,499.0000000000027,108.581163,108.03333333333333,547.83,1
500,500.0000000000026,108.805556,108.06666666666666,738.89,1
501,501.00000000000256,109.029948,109.0,29.95,1
502,502.0000000000027,109.25433999999998,109.23333333333333,21.01,1
503,503.0000000000026,109.478733,109.73333333333333,254.6,1
504,504.00000000000256,109.703125,109.93333333333334,230.21,1
505,505.0000000000026,109.952083,110.03333333333333,81.25,1
506,506.0000000000026,110.201042,110.46666666666667,265.62,1
507,507.00000000000273,110.45,110.5,50.0,1
508,508.0000000000027,110.637847,111.06666666666666,428.82,1
509,509.0000000000027,110.825694,111.3,474.31,1
510,510.0000000000026,111.013542,111.53333333333333,519.79,1
511,511.0000000000027,111.201389,111.66666666666667,465.28,1
512,512.0000000000026,111.389236,111.7,310.76,1
513,513.0000000000026,111.577083,111.76666666666667,189.58,1
514,514.0000000000026,111.832812,111.96666666666667,133.85,1
515,515.0000000000026,112.088542,112.1,11.46,1
516,516.0000000000026,112.344271,112.16666666666667,177.6,1
517,517.0000000000026,112.485764,112.56666666666666,80.9,1
518,518.0000000000026,112.627257,112.76666666666667,139.41,1
519,519.0000000000026,112.76875,112.86666666666666,97.92,1
520,520.0000000000026,112.916319,112.93333333333334,17.01,1
521,521.0000000000026,113.063889,113.23333333333333,169.44,1
522,522.0000000000026,113.211458,113.46666666666667,255.21,1
523,523.0000000000026,113.405382,113.66666666666667,261.28,1
524,524.0000000000025,113.599305,113.96666666666667,367.36,1
525,525.0000000000026,113.793229,114.03333333333333,240.1,1
526,526.0000000000025,114.032118,114.26666666666667,234.55,1
527,527.0000000000026,114.271007,114.46666666666667,195.66,1
528,528.0000000000026,114.509896,114.66666666666667,156.77,1
529,529.0000000000026,114.748785,114.73333333333333,15.45,1
530,530.0000000000026,114.987674,114.76666666666667,221.01,1
531,531.0000000000025,115.22656299999998,115.23333333333333,6.77,1
532,532.0000000000025,115.714583,115.83333333333333,118.75,1
533,533.0000000000026,116.202604,115.96666666666667,235.94,1
534,534.0000000000026,116.690625,116.2,490.62,1
535,534.9979166666692,116.800868,116.46666666666667,334.2,1
536,535.9979166666691,116.911111,116.66666666666667,244.44,1
537,537.0000000000024,117.021354,116.9,121.35,1
538,537.9979166666689,117.131597,117.16666666666667,35.07,1
539,538.9979166666687,117.24184,117.36666666666666,124.83,1
540,540.000000000002,117.352083,117.6,247.92,1
541,541.0000000000019,117.56224,117.7,137.76,1
542,542.000000000002,117.772396,117.8,27.6,1
543,543.0000000000019,117.949479,117.93333333333334,16.15,1
544,544.000000000002,118.158333,118.1,58.33,1
545,545.000000000002,118.2625,118.3,37.5,1
546,546.000000000002,118.454167,118.43333333333334,20.83,1
547,547.000000000002,118.640625,118.63333333333334,7.29,1
548,548.0000000000022,118.809375,118.73333333333333,76.04,1
549,549.0000000000022,118.992708,119.03333333333333,40.63,1
550,550.0000000000022,119.193055,119.06666666666666,126.39,1
551,551.0000000000022,119.393403,119.66666666666667,273.26,1
552,552.0000000000022,119.59375,119.7,106.25,1
553,553.0000000000023,119.838542,119.86666666666666,28.12,1
554,554.0000000000023,120.007292,119.96666666666667,40.63,1
555,555.0000000000023,120.17968799999998,120.36666666666666,186.98,1
556,556.0000000000023,120.367708,120.56666666666666,198.96,1
557,557.0000000000023,120.546875,120.66666666666667,119.79,1
558,558.0000000000023,120.7,120.7,0.0,1
559,559.0000000000023,120.876042,120.86666666666666,9.38,1
560,560.0000000000024,121.065625,120.96666666666667,98.96,1
561,561.0000000000025,121.307812,121.3,7.81,1
562,562.0000000000024,121.551042,121.46666666666667,84.38,1
563,563.0000000000025,121.773958,121.56666666666666,207.29,1
564,564.0000000000025,122.144792,122.13333333333334,11.46,1
565,565.0000000000025,122.390885,122.2,190.88,1
566,566.0000000000025,122.636979,122.53333333333333,103.65,1
567,567.0000000000025,122.8375,122.83333333333333,4.17,1
568,568.0000000000025,123.040625,123.0,40.63,1
569,569.0000000000025,123.16875,123.13333333333334,35.42,1
570,570.0000000000025,123.363542,123.33333333333333,30.21,1
571,571.0000000000026,123.526042,123.5,26.04,1
572,572.0000000000025,123.70625,123.66666666666667,39.58,1
573,573.0000000000026,123.886458,123.93333333333334,46.88,1
574,574.0000000000028,124.060243,123.96666666666667,93.58,1
575,575.0000000000028,124.234028,124.4,165.97,1
576,576.0000000000028,124.407813,124.53333333333333,125.52,1
577,577.0000000000028,124.601042,124.63333333333334,32.29,1
578,578.0000000000028,124.759375,124.73333333333333,26.04,1
579,579.000000000003,124.90677,124.83333333333333,73.44,1
580,580.0000000000028,125.080208,125.1,19.79,1
581,581.000000000003,125.263542,125.26666666666667,3.12,1
582,582.000000000003,125.473438,125.43333333333334,40.1,1
583,583.000000000003,125.673958,125.66666666666667,7.29,1
584,584.000000000003,125.873958,125.86666666666666,7.29,1
585,585.0000000000031,126.091667,126.1,8.33,1
586,586.0000000000031,126.366667,126.26666666666667,100.0,1
587,587.0000000000031,126.614583,126.6,14.58,1
588,588.0000000000031,127.05625,127.23333333333333,177.08,1
589,589.0000000000031,127.45625,127.43333333333334,22.92,1
590,590.0000000000031,127.661458,127.66666666666667,5.21,1
591,591.0000000000031,127.871875,127.86666666666666,5.21,1
592,592.0000000000031,128.099479,128.06666666666666,32.81,1
593,593.0000000000031,128.276042,128.26666666666668,9.38,1
594,594.0000000000031,128.565625,128.4,165.63,1
595,595.0000000000031,128.757292,128.46666666666667,290.63,1
596,596.0000000000031,128.941667,128.5,441.67,1
597,597.0000000000031,129.348958,129.23333333333332,115.62,1
598,598.0000000000031,129.710417,129.33333333333334,377.08,1
599,599.0000000000032,129.914583,129.6,314.58,1
600,600.0000000000031,130.119271,129.66666666666666,452.6,1
601,601.0000000000031,130.310417,130.3,10.42,1
602,602.0000000000031,130.51406200000002,130.53333333333333,19.27,1
603,603.0000000000031,130.72968799999998,130.66666666666666,63.02,1
604,604.0000000000032,130.953125,130.73333333333332,219.79,1
605,605.0000000000032,131.138542,131.1,38.54,1
606,606.0000000000033,131.335417,131.13333333333333,202.08,1
607,607.0000000000032,131.497917,131.2,297.92,1
608,608.0000000000033,131.682292,131.23333333333332,448.96,1
609,609.0000000000033,131.948958,131.36666666666667,582.29,1
610,610.0000000000033,132.179167,132.16666666666666,12.5,1
611,611.0000000000033,132.38961899999998,132.2,189.62,1
612,612.0000000000033,132.724454,132.26666666666668,457.79,1
613,613.0000000000033,133.10833300000002,132.3,808.33,1
614,614.0000000000033,133.326637,132.7,626.64,1
615,615.0000000000033,133.507292,132.8,707.29,1
616,616.0000000000033,133.674451,133.66666666666666,7.78,1
617,617.0000000000033,133.856144,133.86666666666667,10.52,1
618,618.0000000000033,134.04583300000002,133.9,145.83,1
619,619.0000000000032,134.255208,134.13333333333333,121.87,1
620,620.0000000000033,134.465625,134.43333333333334,32.29,1
621,621.0000000000033,134.742708,134.7,42.71,1
622,622.0000000000033,134.996875,134.76666666666668,230.21,1
623,623.0000000000032,135.210417,135.06666666666666,143.75,1
624,624.0000000000033,135.368229,135.36666666666667,1.56,1
625,625.0000000000033,135.591667,135.56666666666666,25.0,1
626,626.0000000000033,135.786979,135.8,13.02,1
627,627.0000000000034,135.992708,136.0,7.29,1
628,628.0000000000034,136.21770800000002,136.2,17.71,1
629,629.0000000000033,136.401042,136.4,1.04,1
630,630.0000000000034,136.647917,136.53333333333333,114.58,1
631,631.0000000000034,136.830208,136.66666666666666,163.54,1
632,632.0000000000034,137.020833,137.03333333333333,12.5,1
633,633.0000000000034,137.23125,137.16666666666666,64.58,1
634,634.0000000000034,137.423958,137.23333333333332,190.62,1
635,635.0000000000034,137.653125,137.5,153.12,1
636,636.0000000000035,138.009896,137.53333333333333,476.56,1
637,637.0000000000035,138.386458,137.6,786.46,1
638,638.0000000000034,138.60833300000002,138.36666666666667,241.67,1
639,639.0000000000035,138.78229199999998,138.43333333333334,348.96,1
640,640.0000000000034,139.02656299999998,138.5,526.56,1
641,641.0000000000035,139.241667,139.26666666666668,25.0,1
642,642.0000000000034,139.49531299999998,139.36666666666667,128.65,1
643,643.0000000000034,139.69375,139.7,6.25,1
644,644.0000000000034,139.88958300000002,140.06666666666666,177.08,1
645,645.0000000000034,140.142708,140.33333333333334,190.63,1
646,646.0000000000034,140.340625,140.6,259.38,1
647,647.0000000000034,140.56875,140.73333333333332,164.58,1
648,648.0000000000034,140.79583300000004,141.1,304.17,1
649,649.0000000000034,140.996875,141.16666666666666,169.79,1
650,650.0000000000034,141.21979199999996,141.2,19.79,1
651,651.0000000000034,141.43698,141.26666666666668,170.31,1
652,652.0000000000034,141.636979,141.33333333333334,303.65,1
653,653.0000000000035,141.826042,141.83333333333334,7.29,1
654,654.0000000000034,142.089583,141.93333333333334,156.25,1
655,655.0000000000034,142.31145800000004,142.43333333333334,121.88,1
656,656.0000000000034,142.497917,142.6,102.08,1
657,657.0000000000034,142.700521,143.1,399.48,1
658,658.0000000000034,142.947917,143.4,452.08,1
659,659.0000000000034,143.21718700000002,143.43333333333334,216.15,1
660,660.0000000000031,143.69843799999995,143.53333333333333,165.1,1
661,661.0000000000032,144.136458,143.7,436.46,1
662,662.0000000000033,144.361458,144.5,138.54,1
663,663.0000000000033,144.720833,144.66666666666666,54.17,1
664,664.0000000000031,145.06354199999996,144.96666666666667,96.88,1
665,665.000000000003,145.284375,145.2,84.38,1
666,666.0000000000028,145.59843700000005,145.5,98.44,1
667,667.000000000003,145.898958,145.93333333333334,34.38,1
668,668.000000000003,146.072917,146.06666666666666,6.25,1
669,669.0000000000028,146.327604,146.23333333333332,94.27,1
670,670.0000000000028,146.559375,146.53333333333333,26.04,1
671,671.0000000000025,146.752083,146.73333333333332,18.75,1
672,672.0000000000023,146.970312,146.8,170.31,1
673,673.0000000000023,147.218229,147.2,18.23,1
674,674.0000000000023,147.445313,147.4,45.31,1
675,675.0000000000022,147.70208300000004,147.43333333333334,268.75,1
676,676.0000000000016,147.98698000000005,147.76666666666668,220.31,1
677,677.0000000000016,148.184375,148.2,15.62,1
678,678.0000000000016,148.448959,148.33333333333334,115.63,1
679,679.0000000000015,148.697917,148.7,2.08,1
680,680.0000000000016,148.951042,149.0,48.96,1
681,681.0000000000015,149.165625,149.13333333333333,32.29,1
682,682.0000000000015,149.435417,149.26666666666668,168.75,1
683,683.0000000000015,149.682292,149.3,382.29,1
684,684.0000000000014,150.135417,149.46666666666667,668.75,1
685,685.0000000000015,150.4375,150.3,137.5,1
686,686.0000000000015,150.619271,150.6,19.27,1
687,687.0000000000013,150.858854,150.66666666666666,192.19,1
688,688.0000000000013,151.1125,151.1,12.5,1
689,689.0000000000013,151.330208,151.36666666666667,36.46,1
690,690.000000000001,151.627083,151.5,127.08,1
691,691.0000000000011,151.828125,151.73333333333332,94.79,1
692,692.0000000000011,152.041667,152.03333333333333,8.33,1
693,693.000000000001,152.279167,152.26666666666668,12.5,1
694,694.0000000000011,152.508333,152.33333333333334,175.0,1
695,695.000000000001,152.744792,152.36666666666667,378.13,1
696,696.000000000001,153.028125,152.66666666666666,361.46,1
697,697.0000000000013,153.228125,152.73333333333332,494.79,1
698,698.0000000000008,153.45,153.43333333333334,16.67,1
699,699.0000000000008,153.713542,153.46666666666667,246.88,1
700,700.0000000000008,153.940625,153.53333333333333,407.29,1
701,701.0000000000007,154.105208,154.06666666666666,38.54,1
702,702.0000000000007,154.409375,154.13333333333333,276.04,1
703,703.0000000000007,154.614583,154.66666666666666,52.08,1
704,704.0000000000007,154.81354199999996,154.76666666666668,46.88,1
705,705.0000000000007,155.05625,155.06666666666666,10.42,1
706,706.0000000000006,155.255208,155.1,155.21,1
707,707.0000000000005,155.51875,155.16666666666666,352.08,1
708,708.0000000000005,155.901042,155.23333333333332,667.71,1
709,709.0000000000003,156.147917,155.46666666666667,681.25,1
710,710.0000000000005,156.35833300000004,156.46666666666667,108.33,1
711,711.0000000000005,156.68281299999995,156.56666666666666,116.15,1
712,712.0000000000002,156.961458,156.7,261.46,1
713,713.0000000000005,157.145833,156.96666666666667,179.17,1
714,714.0000000000002,157.43802,157.3,138.02,1
715,715.0000000000002,157.642708,157.43333333333334,209.37,1
716,716.0000000000002,157.852083,157.63333333333333,218.75,1
717,717.0000000000001,158.094271,158.0,94.27,1
718,718.0000000000001,158.317708,158.3,17.71,1
719,719.0,158.506771,158.5,6.77,1
720,719.9999999999999,158.769271,158.73333333333332,35.94,1
721,721.0000000000001,158.960417,158.93333333333334,27.08,1
722,721.9999999999998,159.153125,159.1,53.12,1
723,722.9999999999994,159.515104,159.5,15.1,1
724,723.9999999999997,159.740625,159.83333333333334,92.71,1
725,724.9999999999999,159.914583,160.16666666666666,252.08,1
726,725.9999999999999,160.105208,160.26666666666668,161.46,1
727,726.9999999999997,160.278125,160.46666666666667,188.54,1
728,727.9999999999995,160.46770800000004,160.53333333333333,65.63,1
729,728.9999999999998,160.698958,160.63333333333333,65.62,1
730,729.9999999999993,160.894792,160.9,5.21,1
731,730.9999999999993,161.053125,161.03333333333333,19.79,1
732,731.9999999999992,161.223958,161.16666666666666,57.29,1
733,732.999999999999,161.432292,161.43333333333334,1.04,1
734,733.9999999999992,161.611458,161.56666666666666,44.79,1
735,734.9999999999986,161.93854199999996,161.63333333333333,305.21,1
736,735.9999999999989,162.205208,161.9,305.21,1
737,736.9999999999992,162.39166699999996,162.33333333333334,58.33,1
738,737.999999999999,162.584375,162.7,115.62,1
739,738.999999999999,162.79791699999996,162.8,2.08,1
740,739.999999999999,162.945313,162.83333333333334,111.98,1
741,740.9999999999986,163.173958,162.9,273.96,1
742,741.9999999999987,163.40520800000004,162.93333333333334,471.87,1
743,742.9999999999986,163.580208,163.53333333333333,46.87,1
744,743.9999999999985,163.909375,163.83333333333334,76.04,1
745,744.9999999999985,164.14218799999998,163.9,242.19,1
746,745.9999999999983,164.375,164.43333333333334,58.33,1
747,746.9999999999985,164.559375,164.66666666666666,107.29,1
748,747.9999999999985,164.734375,164.73333333333332,1.04,1
749,748.9999999999985,164.93854199999996,164.93333333333334,5.21,1
750,749.9999999999982,165.153125,165.1,53.12,1
751,750.9999999999982,165.36875,165.4,31.25,1
752,751.9999999999982,165.584375,165.56666666666666,17.71,1
753,752.9999999999984,165.778125,165.8,21.88,1
754,753.9999999999981,165.959375,165.96666666666667,7.29,1
755,754.999999999998,166.178125,166.06666666666666,111.46,1
756,755.999999999998,166.386458,166.33333333333334,53.12,1
757,756.9999999999977,166.596354,166.56666666666666,29.69,1
758,757.9999999999976,166.80625,166.76666666666668,39.58,1
759,758.9999999999978,166.977083,166.96666666666667,10.42,1
760,759.9999999999977,167.15,167.56666666666666,416.67,1
761,760.9999999999978,167.347917,167.6,252.08,1
762,761.9999999999975,167.572917,167.66666666666666,93.75,1
763,762.9999999999975,167.816667,167.83333333333334,16.67,1
764,763.9999999999977,168.060417,168.06666666666666,6.25,1
765,764.9999999999977,168.21406299999995,168.2,14.06,1
766,765.9999999999974,168.398958,168.33333333333334,65.62,1
767,766.9999999999972,168.6125,168.53333333333333,79.17,1
768,767.999999999997,168.833333,168.8,33.33,1
769,768.9999999999969,169.04843799999998,169.13333333333333,84.9,1
770,769.999999999997,169.263542,169.33333333333334,69.79,1
771,770.999999999997,169.45573000000005,169.46666666666667,10.94,1
772,771.9999999999972,169.62604199999996,169.56666666666666,59.38,1
773,772.9999999999967,169.830208,170.16666666666666,336.46,1
774,773.9999999999967,170.013542,170.26666666666668,253.12,1
775,774.9999999999966,170.18645800000004,170.7,513.54,1
776,775.9999999999965,170.386458,170.76666666666668,380.21,1
777,776.9999999999965,170.559375,170.83333333333334,273.96,1
778,777.9999999999964,170.742708,170.86666666666667,123.96,1
779,778.9999999999962,170.932292,170.96666666666667,34.37,1
780,779.9999999999964,171.171355,171.73333333333332,561.98,1
781,780.9999999999959,171.421528,171.76666666666668,345.14,1
782,781.9999999999962,171.671701,171.83333333333334,161.63,1
783,782.9999999999964,171.921875,171.86666666666667,55.21,1
784,783.9999999999961,172.279745,171.93333333333334,346.41,1
785,784.999999999996,172.63761599999995,171.96666666666667,670.95,1
786,785.9999999999962,172.995486,172.03333333333333,962.15,1
787,786.9999999999961,173.35335600000005,172.1,1253.36,1
788,787.9999999999964,173.711227,172.13333333333333,1577.89,1
789,788.9999999999962,174.069097,172.2,1869.1,1
790,789.9999999999961,174.426967,172.23333333333332,2193.63,1
791,790.9999999999961,174.78483799999995,172.3,2484.84,1
792,791.999999999996,175.142708,172.33333333333334,2809.37,1
793,792.9999999999977,175.58611100000005,172.4,3186.11,1
794,793.9999999999976,176.02951399999995,174.6,1429.51,1
795,794.9999999999977,176.472917,174.93333333333334,1539.58,1
796,795.9999999999977,177.114063,175.1,2014.06,1
797,796.9999999999976,177.755208,175.16666666666666,2588.54,1
798,797.9999999999977,178.396354,175.6,2796.35,1
799,798.9999999999976,179.0375,176.63333333333333,2404.17,1
800,799.9999999999976,179.648958,176.7,2948.96,1
801,800.9999999999976,179.977083,176.76666666666668,3210.42,1
802,801.9999999999975,180.240625,176.8,3440.62,1
803,802.9999999999976,180.480208,176.86666666666667,3613.54,1
804,803.9999999999976,180.876042,177.36666666666667,3509.38,1
805,804.9999999999976,181.273611,177.66666666666666,3606.94,1
806,805.9999999999977,181.671181,178.1,3571.18,1
807,806.9999999999976,182.06875,178.13333333333333,3935.42,1
808,807.9999999999976,182.702083,178.2,4502.08,1
809,808.9999999999977,183.335417,178.23333333333332,5102.08,1
810,809.9999999999976,183.96875,178.3,5668.75,1
811,810.9999999999976,184.602083,178.33333333333334,6268.75,1
812,811.9999999999975,185.2125,178.4,6812.5,1
813,812.9999999999972,185.511458,178.43333333333334,7078.12,1
814,813.9999999999974,185.836458,178.53333333333333,7303.12,1
815,814.9999999999975,186.466667,179.4,7066.67,1
816,815.9999999999972,187.096875,179.96666666666667,7130.21,1
817,816.9999999999974,187.416667,180.03333333333333,7383.33,1
818,817.9999999999974,187.736458,180.23333333333332,7503.12,1
819,818.9999999999972,188.05625,180.83333333333334,7222.92,1
820,819.9999999999974,188.489584,181.03333333333333,7456.25,1
821,820.999999999997,188.922917,181.23333333333332,7689.58,1
822,821.9999999999972,189.304167,181.9,7404.17,1
823,822.9999999999972,189.829861,183.23333333333332,6596.53,1
824,823.9999999999972,190.355555,188.16666666666666,2188.89,1
825,824.9999999999972,190.88125,188.96666666666667,1914.58,1
826,825.9999999999972,191.406944,189.53333333333333,1873.61,1
827,826.9999999999972,191.932639,189.73333333333332,2199.31,1
828,827.9999999999972,192.458333,190.03333333333333,2425.0,1
829,828.9999999999972,192.878125,190.6,2278.13,1
830,829.999999999997,193.297917,190.66666666666666,2631.25,1
831,830.9999999999974,193.696354,190.7,2996.35,1
832,831.9999999999972,193.952247,190.76666666666668,3185.58,1
833,832.9999999999969,194.204688,191.86666666666667,2338.02,1
834,833.9999999999969,194.47448,193.53333333333333,941.15,1
835,834.999999999997,194.68073,194.1,580.73,1
836,835.9999999999969,194.886979,194.2,686.98,1
837,836.9999999999969,195.202083,194.56666666666666,635.42,1
838,837.9999999999967,195.475023,194.66666666666666,808.36,1
839,838.9999999999967,195.73125,194.86666666666667,864.58,1
840,839.9999999999967,196.054167,195.26666666666668,787.5,1
841,840.9999999999965,196.842708,195.33333333333334,1509.37,1
842,841.9999999999966,197.113542,195.7,1413.54,1
843,842.9999999999964,197.333334,196.16666666666666,1166.67,1
844,843.9999999999966,197.532292,196.26666666666668,1265.63,1
845,844.9999999999966,197.7625,196.33333333333334,1429.17,1
846,845.9999999999966,197.990625,196.56666666666666,1423.96,1
847,846.9999999999966,198.221875,197.43333333333334,788.54,1
848,847.9999999999966,198.498958,197.6,898.96,1
849,848.9999999999965,198.969792,197.86666666666667,1103.13,1
850,849.9999999999967,199.677778,197.96666666666667,1711.11,1
851,850.9999999999967,200.385764,198.0,2385.76,1
852,851.9999999999967,201.09375,198.06666666666666,3027.08,1
853,852.9999999999966,201.529514,198.63333333333333,2896.18,1
854,853.9999999999967,201.965278,201.0,965.28,1
855,854.9999999999965,202.401042,201.13333333333333,1267.71,1
856,855.9999999999966,203.013542,201.26666666666668,1746.88,1
857,856.9999999999966,203.626042,202.46666666666667,1159.38,1
858,857.9999999999966,204.238542,202.5,1738.54,1
859,858.9999999999966,204.851042,202.6,2251.04,1
860,859.9999999999965,205.44375,202.8,2643.75,1
861,860.9999999999965,205.734375,202.96666666666667,2767.71,1
862,861.9999999999967,206.0,204.46666666666667,1533.33,1
863,862.9999999999967,206.216667,205.4,816.67,1
864,863.9999999999967,206.580208,205.76666666666668,813.54,1
865,864.9999999999968,206.932291,205.8,1132.29,1
866,865.9999999999965,207.284375,206.0,1284.38,1
867,866.9999999999965,207.636458,206.56666666666666,1069.79,1
868,867.9999999999966,208.2875,206.8,1487.5,1
869,868.9999999999966,208.938542,207.0,1938.54,1
870,869.9999999999966,209.589583,207.13333333333333,2456.25,1
871,870.9999999999966,210.240625,207.76666666666668,2473.96,1
872,871.9999999999967,210.820833,208.0,2820.83,1
873,872.9999999999967,211.089583,208.13333333333333,2956.25,1
874,873.9999999999967,211.375,209.26666666666668,2108.33,1
875,874.9999999999967,212.068229,210.2,1868.23,1
876,875.9999999999967,212.761458,210.23333333333332,2528.12,1
877,876.9999999999967,213.18125,210.26666666666668,2914.58,1
878,877.9999999999967,213.44375,211.33333333333334,2110.42,1
879,878.9999999999967,213.804167,212.4,1404.17,1
880,879.9999999999967,214.11007,212.96666666666667,1143.4,1
881,880.9999999999967,214.415972,213.13333333333333,1282.64,1
882,881.9999999999967,214.721875,213.83333333333334,888.54,1
883,882.9999999999967,215.104688,214.06666666666666,1038.02,1
884,883.9999999999967,215.4875,214.26666666666668,1220.83,1
885,884.9999999999967,215.840625,214.6,1240.62,1
886,885.9999999999967,216.292361,214.76666666666668,1525.69,1
887,886.9999999999967,216.744097,215.1,1644.1,1
888,887.9999999999967,217.195833,215.86666666666667,1329.17,1
889,888.9999999999967,217.647569,216.06666666666666,1580.9,1
890,889.9999999999967,218.099306,216.26666666666668,1832.64,1
891,890.9999999999967,218.551042,216.46666666666667,2084.38,1
892,891.9999999999967,219.002778,218.06666666666666,936.11,1
893,892.9999999999967,219.454514,218.1,1354.51,1
894,893.9999999999967,219.90625,218.13333333333333,1772.92,1
895,894.9999999999967,220.243304,218.16666666666666,2076.64,1
896,895.9999999999967,220.580357,218.2,2380.36,1
897,896.9999999999968,220.917411,218.26666666666668,2650.74,1
898,897.9999999999968,221.254464,218.3,2954.46,1
899,898.9999999999967,221.591518,218.33333333333334,3258.18,1
900,899.9999999999967,221.928571,218.36666666666667,3561.9,1
901,900.9999999999968,222.265625,218.43333333333334,3832.29,1
902,901.9999999999967,222.592708,218.46666666666667,4126.04,1
903,902.9999999999966,222.791667,218.5,4291.67,1
904,903.9979166666633,222.902083,222.1,802.08,1
905,904.9999999999966,223.604167,222.56666666666666,1037.5,1
906,905.9999999999966,223.936979,222.6,1336.98,1
907,906.9999999999966,223.942708,223.0,942.71,1
908,907.9999999999964,224.430208,223.6,830.21,1
909,908.9999999999964,224.692187,223.76666666666668,925.52,1
910,909.9999999999965,224.926823,223.8,1126.82,1
911,910.9999999999964,225.161459,224.43333333333334,728.13,1
912,911.9999999999964,225.452605,224.8,652.6,1
913,912.9999999999964,225.689063,224.83333333333334,855.73,1
914,913.9999999999961,225.925521,225.23333333333332,692.19,1
915,914.9999999999961,226.348437,225.26666666666668,1081.77,1
916,915.9999999999961,226.826389,225.7,1126.39,1
917,916.9999999999961,227.30434,225.93333333333334,1371.01,1
918,917.9999999999961,227.782292,226.26666666666668,1515.63,1
919,918.9999999999961,228.159896,226.33333333333334,1826.56,1
920,919.9999999999961,228.5375,226.36666666666667,2170.83,1
921,920.9999999999959,228.864583,226.66666666666666,2197.92,1
922,921.9999999999959,229.219792,226.76666666666668,2453.13,1
923,922.9999999999958,229.639583,226.8,2839.58,1
924,923.9999999999956,230.175,228.7,1475.0,1
925,924.9999999999956,230.758333,228.73333333333332,2025.0,1
926,925.9999999999956,231.176042,228.86666666666667,2309.38,1
927,926.9999999999956,231.611458,228.9,2711.46,1
928,927.9999999999956,232.192187,228.93333333333334,3258.85,1
929,928.9999999999953,232.617188,229.03333333333333,3583.85,1
930,929.9999999999953,232.99375,231.56666666666666,1427.08,1
931,930.9999999999953,233.2875,232.3,987.5,1
932,931.9999999999953,233.561979,232.63333333333333,928.65,1
933,932.9999999999952,233.853646,233.0,853.65,1
934,933.9999999999952,234.167709,233.06666666666666,1101.04,1
935,934.9999999999952,234.429688,233.53333333333333,896.35,1
936,935.9999999999952,234.742188,233.83333333333334,908.85,1
937,936.9999999999952,235.013021,234.03333333333333,979.69,1
938,937.9999999999951,235.270833,234.43333333333334,837.5,1
939,938.9999999999951,235.560417,234.56666666666666,993.75,1
940,939.9999999999951,235.900521,234.66666666666666,1233.85,1
941,940.999999999995,236.170312,235.26666666666668,903.65,1
942,941.999999999995,236.485417,235.4,1085.42,1
943,942.999999999995,236.767708,235.73333333333332,1034.37,1
944,943.999999999995,237.011979,236.13333333333333,878.65,1
945,944.999999999995,237.286979,236.36666666666667,920.31,1
946,945.9999999999949,237.557292,236.73333333333332,823.96,1
947,946.9999999999948,237.800521,236.9,900.52,1
948,947.9999999999949,238.116667,237.2,916.67,1
949,948.9999999999948,238.401563,237.26666666666668,1134.9,1
950,949.9999999999948,238.651041,237.8,851.04,1
951,950.9999999999948,238.920833,237.96666666666667,954.17,1
952,951.9999999999947,239.389583,238.1,1289.58,1
953,952.9999999999947,239.651563,238.56666666666666,1084.9,1
954,953.9999999999947,239.93125,238.9,1031.25,1
955,954.9999999999947,240.200521,239.43333333333334,767.19,1
956,955.9999999999947,240.430208,239.63333333333333,796.87,1
957,956.9999999999947,240.695833,239.86666666666667,829.17,1
958,957.9999999999945,240.958333,240.16666666666666,791.67,1
959,958.9999999999944,241.173438,240.43333333333334,740.1,1
960,959.9999999999945,241.459375,240.56666666666666,892.71,1
961,960.9999999999944,241.731771,240.96666666666667,765.1,1
962,961.9999999999944,242.009375,241.2,809.38,1
963,962.9999999999944,242.271875,241.33333333333334,938.54,1
964,963.9999999999944,242.830729,241.36666666666667,1464.06,1
965,964.9999999999943,243.152604,241.96666666666667,1185.94,1
966,965.9999999999943,243.486458,242.26666666666668,1219.79,1
967,966.9999999999943,243.748437,242.4,1348.44,1
968,967.9999999999942,244.014062,242.73333333333332,1280.73,1
969,968.9999999999942,244.291146,242.93333333333334,1357.81,1
970,969.9999999999942,244.576042,243.03333333333333,1542.71,1
971,970.9999999999941,244.83229100000003,244.0,832.29,1
972,971.9999999999941,245.175521,244.23333333333332,942.19,1
973,972.9999999999941,245.469271,244.56666666666666,902.6,1
974,973.9999999999941,245.769271,244.76666666666668,1002.6,1
975,974.9999999999941,246.177083,244.8,1377.08,1
976,975.9999999999941,246.751563,245.16666666666666,1584.9,1
977,976.9999999999939,247.040625,245.7,1340.63,1
978,977.9999999999941,247.319792,245.9,1419.79,1
979,978.9999999999939,247.580729,246.6,980.73,1
980,979.9999999999939,247.83125,247.03333333333333,797.92,1
981,980.9999999999939,248.15625,247.23333333333332,922.92,1
982,981.9999999999939,248.492708,247.56666666666666,926.04,1
983,982.9999999999937,248.713021,247.76666666666668,946.35,1
984,983.9999999999939,249.00052,248.13333333333333,867.19,1
985,984.9999999999937,249.269271,248.33333333333334,935.94,1
986,985.9999999999937,249.519792,248.73333333333332,786.46,1
987,986.9999999999937,249.894792,248.9,994.79,1
988,987.9999999999935,250.285417,249.0,1285.42,1
989,988.9999999999935,250.555208,249.5,1055.21,1
990,989.9999999999935,250.907292,249.86666666666667,1040.63,1
991,990.9999999999935,251.214584,250.03333333333333,1181.25,1
992,991.9999999999935,251.558854,250.43333333333334,1125.52,1
993,992.9999999999934,252.046875,250.86666666666667,1180.21,1
994,993.9999999999934,252.518229,251.2,1318.23,1
995,994.9999999999933,252.903646,251.4,1503.65,1
996,995.9999999999933,253.304167,251.96666666666667,1337.5,1
997,996.9999999999934,253.763542,252.4,1363.54,1
998,997.9999999999932,254.3125,252.9,1412.5,1
999,998.9999999999932,254.90625,252.96666666666667,1939.58,1
1000,999.9999999999887,255.175,253.76666666666668,1408.33,1
1001,1000.999999999989,255.376042,253.93333333333334,1442.71,1
1002,1001.999999999989,255.536459,254.33333333333334,1203.13,1
1003,1002.9999999999891,255.7625,254.86666666666667,895.83,1
1004,1003.9999999999891,255.936458,255.06666666666666,869.79,1
1005,1004.9999999999891,256.134375,255.26666666666668,867.71,1
1006,1005.9999999999892,256.361458,255.3,1061.46,1
1007,1006.9999999999892,256.554688,255.36666666666667,1188.02,1
1008,1007.9999999999893,256.765625,256.1,665.62,1
1009,1008.9999999999893,256.963542,256.4,563.54,1
1010,1009.9999999999893,257.146875,256.5,646.88,1
1011,1010.9999999999894,257.311459,256.76666666666665,544.79,1
1012,1011.9999999999894,257.497917,256.96666666666664,531.25,1
1013,1012.9999999999895,257.651562,257.1666666666667,484.9,1
1014,1013.9999999999895,257.81198,257.26666666666665,545.31,1
1015,1014.9999999999895,258.003125,257.5,503.13,1
1016,1015.9999999999898,258.196354,257.6,596.35,1
1017,1016.9999999999898,258.42448,257.8,624.48,1
1018,1017.9999999999899,258.673958,258.03333333333336,640.62,1
1019,1018.9999999999899,258.884375,258.1,784.37,1
1020,1019.9999999999899,259.078125,258.4,678.13,1
1021,1020.9999999999901,259.282291,258.6333333333333,648.96,1
1022,1021.9999999999901,259.484896,258.76666666666665,718.23,1
1023,1022.9999999999902,259.6875,259.1333333333333,554.17,1
1024,1023.9999999999902,259.889583,259.3,589.58,1
1025,1024.9999999999902,260.079167,259.5,579.17,1
1026,1025.9999999999902,260.238021,259.6,638.02,1
1027,1026.9999999999902,260.439583,259.8,639.58,1
1028,1027.9999999999905,260.63125,259.9,731.25,1
1029,1028.9999999999905,260.808334,260.1666666666667,641.67,1
1030,1029.9999999999905,261.001042,260.3333333333333,667.71,1
1031,1030.9999999999907,261.19323,260.53333333333336,659.9,1
1032,1031.9999999999907,261.386979,260.8,586.98,1
1033,1032.9999999999907,261.58125,261.03333333333336,547.92,1
1034,1033.9999999999907,261.770833,261.1666666666667,604.17,1
1035,1034.9999999999907,261.9375,261.3666666666667,570.83,1
1036,1035.999999999991,262.109375,261.6333333333333,476.04,1
1037,1036.999999999991,262.284896,261.73333333333335,551.56,1
1038,1037.9999999999911,262.449479,261.9,549.48,1
1039,1038.9999999999911,262.644792,262.1,544.79,1
1040,1039.9999999999911,262.8375,262.23333333333335,604.17,1
1041,1040.9999999999911,263.041146,262.43333333333334,607.81,1
1042,1041.9999999999911,263.255208,262.7,555.21,1
1043,1042.9999999999914,263.454167,262.8,654.17,1
1044,1043.9999999999914,263.647396,263.03333333333336,614.06,1
1045,1044.9999999999914,263.847916,263.23333333333335,614.58,1
1046,1045.9999999999916,264.051042,263.43333333333334,617.71,1
1047,1046.9999999999916,264.259375,263.6666666666667,592.71,1
1048,1047.9999999999916,264.467708,263.8666666666667,601.04,1
1049,1048.9999999999916,264.631771,264.03333333333336,598.44,1
1050,1049.9999999999916,264.805208,264.2,605.21,1
1051,1050.9999999999918,265.0,264.23333333333335,766.67,1
1052,1051.9999999999918,265.167709,264.6666666666667,501.04,1
1053,1052.9999999999918,265.342708,264.73333333333335,609.37,1
1054,1053.9999999999918,265.536458,265.0,536.46,1
1055,1054.9999999999918,265.753125,265.1333333333333,619.79,1
1056,1055.999999999992,265.944792,265.23333333333335,711.46,1
1057,1056.999999999992,266.1375,265.56666666666666,570.83,1
1058,1057.9999999999923,266.317708,265.73333333333335,584.37,1
1059,1058.9999999999923,266.551042,265.96666666666664,584.38,1
1060,1059.9999999999916,266.751041,266.1333333333333,617.71,1
1061,1060.9999999999916,266.905208,266.3333333333333,571.87,1
1062,1061.9999999999916,267.086979,266.53333333333336,553.65,1
1063,1062.9999999999916,267.279167,266.76666666666665,512.5,1
1064,1063.9999999999916,267.441666,266.93333333333334,508.33,1
1065,1064.9999999999916,267.628125,267.06666666666666,561.46,1
1066,1065.9999999999916,267.864583,267.23333333333335,631.25,1
1067,1066.9999999999916,268.083333,267.46666666666664,616.67,1
1068,1067.9999999999916,268.276042,267.6333333333333,642.71,1
1069,1068.9999999999916,268.485417,267.8666666666667,618.75,1
1070,1069.9999999999916,268.686458,268.1,586.46,1
1071,1070.9999999999916,268.923958,268.26666666666665,657.29,1
1072,1071.9999999999916,269.23125,268.43333333333334,797.92,1
1073,1072.9999999999916,269.413542,268.7,713.54,1
1074,1073.9999999999916,269.596355,268.9,696.36,1
1075,1074.9999999999916,269.779167,269.1,679.17,1
1076,1075.9999999999916,269.9625,269.46666666666664,495.83,1
1077,1076.9999999999916,270.028125,269.76666666666665,261.46,1
1078,1077.9999999999916,270.354167,269.8666666666667,487.5,1
1079,1078.9999999999916,270.532292,269.93333333333334,598.96,1
1080,1079.9999999999916,270.703125,270.2,503.13,1
1081,1080.9999999999916,270.882292,270.3666666666667,515.63,1
1082,1081.9999999999916,271.048958,270.46666666666664,582.29,1
1083,1082.9999999999916,271.229167,270.9,329.17,1
1084,1083.9999999999916,271.395833,270.93333333333334,462.5,1
1085,1084.9999999999916,271.58125,271.0,581.25,1
1086,1085.9999999999916,271.7375,271.23333333333335,504.17,1
1087,1086.9999999999916,271.926042,271.43333333333334,492.71,1
1088,1087.9999999999916,272.064583,271.6,464.58,1
1089,1088.9999999999916,272.201042,271.73333333333335,467.71,1
1090,1089.9999999999916,272.564584,272.0,564.58,1
1091,1090.9999999999916,272.928125,272.2,728.13,1
1092,1091.9999999999916,273.291667,272.4,891.67,1
1093,1092.9999999999918,273.655209,272.46666666666664,1188.54,1
1094,1093.9999999999918,274.01875,272.8,1218.75,1
1095,1094.9999999999918,274.382292,273.03333333333336,1348.96,1
1096,1095.9999999999955,274.782292,273.3666666666667,1415.63,1
1097,1096.9999999999955,275.182292,273.4,1782.29,1
1098,1097.9999999999955,275.582292,273.43333333333334,2148.96,1
1099,1098.9999999999955,276.23099,273.5,2730.99,1
1100,1099.9999999999955,276.879687,273.7,3179.69,1
1101,1100.9999999999955,277.528385,274.3666666666667,3161.72,1
1102,1101.9999999999955,278.177083,274.56666666666666,3610.42,1
1103,1102.9999999999952,278.7,275.96666666666664,2733.33,1
1104,1103.9999999999952,278.979167,276.1333333333333,2845.83,1
1105,1104.9999999999952,279.265625,278.2,1065.63,1
1106,1105.9999999999952,279.853646,278.6666666666667,1186.98,1
1107,1106.9999999999952,280.441667,278.96666666666664,1475.0,1
1108,1107.9999999999952,280.85625,279.23333333333335,1622.92,1
1109,1108.9999999999952,281.270834,279.26666666666665,2004.17,1
1110,1109.9999999999952,281.685417,280.43333333333334,1252.08,1
1111,1110.9999999999952,282.310938,280.5,1810.94,1
1112,1111.9999999999952,282.936459,280.53333333333336,2403.13,1
1113,1112.9999999999952,283.561979,280.8,2761.98,1
1114,1113.9999999999952,284.1875,281.8,2387.5,1
1115,1114.9999999999952,284.769792,282.1,2669.79,1
1116,1115.9999999999952,285.026042,282.3,2726.04,1
1117,1116.999999999995,285.317708,284.1,1217.71,1
1118,1117.9999999999952,286.216406,284.2,2016.41,1
1119,1118.999999999995,287.1151040000001,285.03333333333336,2081.77,1
1120,1119.999999999995,287.420833,285.1333333333333,2287.5,1
1121,1120.999999999995,287.69375,285.3,2393.75,1
1122,1121.999999999995,288.078125,286.7,1378.13,1
1123,1122.999999999995,288.371354,287.1666666666667,1204.69,1
1124,1123.999999999995,288.664583,287.6,1064.58,1
1125,1124.999999999995,288.957812,288.1,857.81,1
1126,1125.999999999995,289.359115,288.3333333333333,1025.78,1
1127,1126.999999999995,289.760417,288.53333333333336,1227.08,1
1128,1127.9999999999948,290.166667,288.7,1466.67,1
1129,1128.9999999999948,290.642708,289.0,1642.71,1
1130,1129.9999999999948,291.11875,289.3333333333333,1785.42,1
1131,1130.9999999999948,291.594792,290.1333333333333,1461.46,1
1132,1131.9999999999948,292.070833,290.3333333333333,1737.5,1
1133,1132.9999999999948,292.546875,290.46666666666664,2080.21,1
1134,1133.9999999999948,293.022917,292.76666666666665,256.25,1
1135,1134.9999999999948,293.357292,293.6333333333333,276.04,1
1136,1135.9999999999948,293.691667,293.8333333333333,141.67,1
1137,1136.999999999995,294.076563,293.8666666666667,209.9,1
1138,1137.9999999999948,294.320313,293.9,420.31,1
1139,1138.9999999999943,294.5640620000001,293.93333333333334,630.73,1
1140,1139.9999999999948,294.847917,293.96666666666664,881.25,1
1141,1140.9999999999948,295.053385,294.6,453.38,1
1142,1141.999999999995,295.258854,294.96666666666664,292.19,1
1143,1142.999999999995,295.596355,295.0,596.36,1
1144,1143.999999999995,295.616667,295.1333333333333,483.33,1
1145,1144.999999999995,296.184375,295.26666666666665,917.71,1
1146,1145.9999999999952,296.600521,295.3,1300.52,1
1147,1146.9999999999948,297.603125,295.6333333333333,1969.79,1
1148,1147.999999999995,297.844792,296.2,1644.79,1
1149,1148.999999999995,298.133334,296.76666666666665,1366.67,1
1150,1149.9999999999948,298.365625,296.8,1565.63,1
1151,1150.9999999999948,298.628125,296.9,1728.13,1
1152,1151.9999999999948,298.870833,297.03333333333336,1837.5,1
1153,1152.999999999995,299.157292,297.23333333333335,1923.96,1
1154,1153.999999999995,299.498958,297.5,1998.96,1
1155,1154.999999999995,300.071875,297.8666666666667,2205.21,1
1156,1155.9999999999952,300.872222,298.1333333333333,2738.89,1
1157,1156.999999999995,301.67257,298.2,3472.57,1
1158,1157.9999999999948,302.472917,298.23333333333335,4239.58,1
1159,1158.999999999995,302.9763890000001,299.3333333333333,3643.06,1
1160,1159.999999999995,303.479861,303.76666666666665,286.81,1
1161,1160.9999999999948,303.983333,304.06666666666666,83.33,1
1162,1161.999999999995,304.580468,304.1333333333333,447.13,1
1163,1162.999999999995,305.1776040000001,304.1666666666667,1010.94,1
1164,1163.999999999995,305.77474,304.2,1574.74,1
1165,1164.999999999995,306.371875,304.23333333333335,2138.54,1
1166,1165.999999999995,306.921875,304.3666666666667,2555.21,1
1167,1166.9999999999952,307.2125,304.53333333333336,2679.17,1
1168,1167.999999999995,307.486458,306.4,1086.46,1
1169,1168.999999999995,308.017708,306.53333333333336,1484.37,1
1170,1169.9999999999952,308.548958,307.2,1348.96,1
1171,1170.9999999999952,308.932291,307.23333333333335,1698.96,1
1172,1171.999999999995,309.315625,307.46666666666664,1848.96,1
1173,1172.999999999995,309.698958,308.56666666666666,1132.29,1
1174,1173.9999999999952,310.278906,308.76666666666665,1512.24,1
1175,1174.9999999999952,310.858854,308.96666666666664,1892.19,1
1176,1175.9999999999952,311.438802,309.6333333333333,1805.47,1
1177,1176.9999999999952,312.01875,309.8666666666667,2152.08,1
1178,1177.9999999999952,312.425,310.06666666666666,2358.33,1
1179,1178.9999999999952,312.705208,310.1666666666667,2538.54,1
1180,1179.9999999999952,312.985417,311.4,1585.42,1
1181,1180.9999999999952,313.247136,312.2,1047.14,1
1182,1181.9999999999955,313.508854,312.73333333333335,775.52,1
1183,1182.9999999999952,314.265625,312.76666666666665,1498.96,1
1184,1183.9999999999955,314.58125,312.96666666666664,1614.58,1
1185,1184.9999999999952,315.027083,313.23333333333335,1793.75,1
1186,1185.9999999999955,315.342014,313.56666666666666,1775.35,1
1187,1186.9999999999952,315.656944,314.06666666666666,1590.28,1
1188,1187.9999999999952,315.971875,314.26666666666665,1705.21,1
1189,1188.9999999999955,316.35625,315.23333333333335,1122.92,1
1190,1189.9999999999955,316.740625,315.43333333333334,1307.29,1
1191,1190.9999999999955,317.128125,315.7,1428.13,1
1192,1191.9999999999955,317.5826390000001,316.1333333333333,1449.31,1
1193,1192.9999999999955,318.037153,316.3,1737.15,1
1194,1193.9999999999955,318.491667,317.1,1391.67,1
1195,1194.9999999999955,318.946181,317.3,1646.18,1
1196,1195.9999999999955,319.400694,317.5,1900.69,1
1197,1196.9999999999955,319.855208,317.73333333333335,2121.87,1
1198,1197.9999999999955,320.309722,318.73333333333335,1576.39,1
1199,1198.9999999999955,320.764236,318.76666666666665,1997.57,1
1200,1199.9999999999952,321.21875,318.8,2418.75,1
1201,1200.9999999999955,321.618601,318.8333333333333,2785.27,1
1202,1201.9999999999952,322.018452,318.9,3118.45,1
1203,1202.9999999999955,322.418303,318.93333333333334,3484.97,1
1204,1203.9999999999952,322.818155,318.96666666666664,3851.49,1
1205,1204.9999999999952,323.218006,319.0,4218.01,1
1206,1205.9999999999955,323.617857,319.06666666666666,4551.19,1
1207,1206.9999999999957,324.017708,319.1,4917.71,1
1208,1207.9999999999961,324.345833,319.6,4745.83,1
1209,1208.9999999999961,324.563542,319.8,4763.54,1
1210,1209.9979166666628,324.680208,322.3666666666667,2313.54,1
1211,1210.9999999999961,325.313021,324.2,1113.02,1
1212,1211.9999999999961,325.654688,324.6666666666667,988.02,1
1213,1212.999999999996,325.661458,324.7,961.46,1
1214,1213.9999999999961,326.119792,325.3333333333333,786.46,1
1215,1214.9999999999961,326.405208,325.4,1005.21,1
1216,1215.9999999999961,326.6125,325.5,1112.5,1
1217,1216.9999999999964,326.819791,326.1666666666667,653.12,1
1218,1217.9999999999964,327.211979,326.43333333333334,778.65,1
1219,1218.9999999999964,327.492708,326.46666666666664,1026.04,1
1220,1219.9999999999964,327.773438,326.8,973.44,1
1221,1220.9999999999964,328.171875,327.06666666666666,1105.21,1
1222,1221.9999999999964,328.5875,327.1,1487.5,1
1223,1222.9999999999964,329.003125,327.76666666666665,1236.46,1
1224,1223.9999999999964,329.41875,328.1666666666667,1252.08,1
1225,1224.9999999999964,329.763021,328.2,1563.02,1
1226,1225.9999999999964,330.107292,328.23333333333335,1873.96,1
1227,1226.9999999999968,330.415625,329.3333333333333,1082.29,1
1228,1227.9999999999968,330.7625,329.8666666666667,895.83,1
1229,1228.999999999997,331.1375,329.9,1237.5,1
1230,1229.9999999999973,331.614583,330.23333333333335,1381.25,1
1231,1230.9999999999975,332.122917,330.3,1822.92,1
1232,1231.9999999999973,332.561458,330.4,2161.46,1
1233,1232.999999999998,333.027084,330.43333333333334,2593.75,1
1234,1233.9999999999975,333.615625,330.46666666666664,3148.96,1
1235,1234.9999999999975,334.082292,331.1333333333333,2948.96,1
1236,1235.999999999998,334.50625,333.0,1506.25,1
1237,1236.9999999999984,334.822396,333.6666666666667,1155.73,1
1238,1237.999999999998,335.104167,334.06666666666666,1037.5,1
1239,1238.999999999998,335.377604,334.4,977.6,1
1240,1239.999999999998,335.672395,334.8,872.39,1
1241,1240.9999999999986,335.963542,334.96666666666664,996.88,1
1242,1241.9999999999984,336.305208,335.3,1005.21,1
1243,1242.9999999999986,336.584896,335.56666666666666,1018.23,1
1244,1243.9999999999986,336.844792,335.96666666666664,878.13,1
1245,1244.9999999999986,337.084896,336.26666666666665,818.23,1
1246,1245.9999999999986,337.369792,336.3333333333333,1036.46,1
1247,1246.9999999999989,337.617188,336.53333333333336,1083.85,1
1248,1247.9999999999989,337.930208,337.03333333333336,896.87,1
1249,1248.999999999999,338.172917,337.43333333333334,739.58,1
1250,1249.999999999999,338.397917,337.6333333333333,764.58,1
1251,1250.999999999999,338.6463540000001,337.93333333333334,713.02,1
1252,1251.999999999999,338.950521,338.1666666666667,783.85,1
1253,1252.9999999999993,339.198959,338.4,798.96,1
1254,1253.9999999999993,339.534375,338.56666666666666,967.71,1
1255,1254.9999999999995,339.85625,338.6666666666667,1189.58,1
1256,1255.9999999999998,340.090104,339.2,890.1,1
1257,1256.9999999999993,340.34375,339.4,943.75,1
1258,1257.9999999999998,340.633333,339.53333333333336,1100.0,1
1259,1258.9999999999998,340.872396,340.06666666666666,805.73,1
1260,1260.0,341.128125,340.3333333333333,794.79,1
1261,1261.0,341.415104,340.6333333333333,781.77,1
1262,1262.0000000000002,341.643229,340.76666666666665,876.56,1
1263,1263.0000000000002,341.879166,341.03333333333336,845.83,1
1264,1264.0000000000002,342.149479,341.4,749.48,1
1265,1265.0000000000002,342.353646,341.6333333333333,720.31,1
1266,1266.0000000000005,342.624479,341.8333333333333,791.15,1
1267,1267.0000000000002,342.89323,342.1333333333333,759.9,1
1268,1268.0000000000005,343.170833,342.26666666666665,904.17,1
1269,1269.0000000000007,343.425,342.46666666666664,958.33,1
1270,1270.0000000000005,343.984896,342.56666666666666,1418.23,1
1271,1271.000000000001,344.260938,343.1333333333333,1127.6,1
1272,1272.000000000001,344.540625,343.4,1140.62,1
1273,1273.000000000001,344.789063,343.6,1189.06,1
1274,1274.000000000001,345.022917,344.23333333333335,789.58,1
1275,1275.0000000000011,345.299479,344.4,899.48,1
1276,1276.000000000001,345.570833,344.96666666666664,604.17,1
1277,1277.0000000000014,345.829166,345.03333333333336,795.83,1
1278,1278.0000000000014,346.223437,345.06666666666666,1156.77,1
1279,1279.0000000000014,346.573438,345.6,973.44,1
1280,1280.0000000000014,346.802083,345.7,1102.08,1
1281,1281.000000000002,347.128125,345.73333333333335,1394.79,1
1282,1282.0000000000014,347.567708,345.8,1767.71,1
1283,1283.000000000002,347.784896,346.06666666666666,1718.23,1
1284,1284.000000000002,348.060417,347.1333333333333,927.08,1
1285,1285.000000000002,348.309375,347.46666666666664,842.71,1
1286,1286.000000000002,348.575,347.8,775.0,1
1287,1287.000000000002,348.914583,347.93333333333334,981.25,1
1288,1288.0000000000023,349.277084,348.3,977.08,1
1289,1289.0000000000023,349.503125,348.5,1003.13,1
1290,1290.0000000000025,349.783854,348.93333333333334,850.52,1
1291,1291.0000000000025,350.0640620000001,349.1333333333333,930.73,1
1292,1292.0000000000025,350.313542,349.5,813.54,1
1293,1293.0000000000027,350.6375,349.8,837.5,1
1294,1294.0000000000027,350.982292,350.03333333333336,948.96,1
1295,1295.0000000000027,351.231771,350.2,1031.77,1
1296,1296.000000000003,351.5625,350.46666666666664,1095.83,1
1297,1297.000000000003,351.875521,350.8,1075.52,1
1298,1298.000000000003,352.181771,351.23333333333335,948.44,1
1299,1299.0000000000032,352.679167,351.53333333333336,1145.83,1
1300,1300.0000000000032,353.063542,351.8666666666667,1196.88,1
1301,1301.0000000000032,353.415625,352.1333333333333,1282.29,1
1302,1302.0000000000034,353.75625,352.3333333333333,1422.92,1
1303,1303.0000000000034,354.221875,352.93333333333334,1288.54,1
1304,1304.0000000000032,354.734375,353.43333333333334,1301.04,1
1305,1305.0000000000061,355.269791,353.7,1569.79,1
1306,1306.0000000000057,355.666667,353.96666666666664,1700.0,1
1307,1307.0000000000057,355.905729,354.1666666666667,1739.06,1
1308,1308.0000000000052,356.091667,354.93333333333334,1158.33,1
1309,1309.000000000005,356.358333,355.26666666666665,1091.67,1
1310,1310.0000000000048,356.553125,355.5,1053.13,1
1311,1311.0000000000045,356.780729,355.73333333333335,1047.4,1
1312,1312.0000000000045,357.013542,355.76666666666665,1246.88,1
1313,1313.0000000000043,357.211458,355.9,1311.46,1
1314,1314.0000000000039,357.429688,356.73333333333335,696.35,1
1315,1315.0000000000036,357.65625,357.03333333333336,622.92,1
1316,1316.0000000000034,357.857292,357.1,757.29,1
1317,1317.0000000000034,358.034375,357.3666666666667,667.71,1
1318,1318.0000000000032,358.235417,357.6666666666667,568.75,1
1319,1319.000000000003,358.417188,357.8,617.19,1
1320,1320.0000000000027,358.619792,358.03333333333336,586.46,1
1321,1321.0000000000023,358.842708,358.2,642.71,1
1322,1322.0000000000023,359.045834,358.4,645.83,1
1323,1323.000000000002,359.340104,358.6,740.1,1
1324,1324.0000000000016,359.622917,358.8666666666667,756.25,1
1325,1325.0000000000014,359.846875,359.0,846.88,1
1326,1326.0000000000011,360.057292,359.3,757.29,1
1327,1327.0000000000011,360.257291,359.6666666666667,590.62,1
1328,1328.000000000001,360.465625,359.8666666666667,598.96,1
1329,1329.0000000000005,360.666146,360.06666666666666,599.48,1
1330,1330.0000000000002,360.888542,360.26666666666665,621.88,1
1331,1331.0,361.068229,360.46666666666664,601.56,1
1332,1332.0,361.239062,360.6333333333333,605.73,1
1333,1332.9999999999998,361.458333,360.76666666666665,691.67,1
1334,1333.9999999999995,361.647396,360.96666666666664,680.73,1
1335,1334.999999999999,361.827604,361.23333333333335,594.27,1
1336,1335.9999999999989,362.023958,361.43333333333334,590.62,1
1337,1336.9999999999989,362.217708,361.6333333333333,584.37,1
1338,1337.9999999999986,362.426563,361.8,626.56,1
1339,1338.9999999999984,362.641667,362.06666666666666,575.0,1
1340,1339.999999999998,362.855208,362.2,655.21,1
1341,1340.9999999999977,363.042708,362.43333333333334,609.37,1
1342,1341.9999999999977,363.214063,362.6333333333333,580.73,1
1343,1342.9999999999973,363.385938,362.8333333333333,552.6,1
1344,1343.999999999997,363.552604,363.03333333333336,519.27,1
1345,1344.9999999999968,363.74375,363.1666666666667,577.08,1
1346,1345.9999999999966,363.910937,363.46666666666664,444.27,1
1347,1346.9999999999966,364.104688,363.53333333333336,571.35,1
1348,1347.9999999999964,364.316667,363.76666666666665,550.0,1
1349,1348.9999999999961,364.498959,363.8666666666667,632.29,1
1350,1349.9999999999957,364.691146,364.1,591.15,1
1351,1350.9999999999955,364.879687,364.23333333333335,646.35,1
1352,1351.9999999999955,365.057813,364.5,557.81,1
1353,1352.9999999999952,365.252083,364.6666666666667,585.42,1
1354,1353.999999999995,365.461458,364.8666666666667,594.79,1
1355,1354.9999999999948,365.614583,365.06666666666666,547.92,1
1356,1355.9999999999943,365.78125,365.2,581.25,1
1357,1356.9999999999943,365.98125,365.4,581.25,1
1358,1357.9999999999939,366.134896,365.6,534.9,1
1359,1358.9999999999936,366.321875,365.76666666666665,555.21,1
1360,1359.9999999999934,366.508333,365.8666666666667,641.67,1
1361,1360.9999999999932,366.710417,366.1333333333333,577.08,1
1362,1361.9999999999932,366.889583,366.3,589.58,1
1363,1362.999999999993,367.0625,366.5,562.5,1
1364,1363.9999999999927,367.24375,366.7,543.75,1
1365,1364.9999999999923,367.489583,366.9,589.58,1
1366,1365.9999999999918,367.695833,367.1333333333333,562.5,1
1367,1366.9999999999918,367.835938,367.23333333333335,602.6,1
1368,1367.9999999999918,368.003125,367.5,503.13,1
1369,1368.9999999999918,368.183854,367.7,483.85,1
1370,1369.9999999999918,368.325521,367.8666666666667,458.85,1
1371,1370.9999999999918,368.516667,368.0,516.67,1
1372,1371.9999999999918,368.715625,368.1666666666667,548.96,1
1373,1372.9999999999918,368.938542,368.3333333333333,605.21,1
1374,1373.9999999999918,369.117708,368.5,617.71,1
1375,1374.9999999999918,369.315625,368.73333333333335,582.29,1
1376,1375.9999999999918,369.521875,369.06666666666666,455.21,1
1377,1376.999999999992,369.796875,370.1333333333333,336.46,1
1378,1377.9999999999918,370.159375,370.3,140.62,1
1379,1378.9999999999918,370.339583,370.56666666666666,227.08,1
1380,1379.9999999999918,370.507292,370.9,392.71,1
1381,1380.9999999999918,370.69375,371.0,306.25,1
1382,1381.9999999999918,370.872917,371.06666666666666,193.75,1
1383,1382.9999999999918,370.920834,371.26666666666665,345.83,1
1384,1383.9999999999918,371.259375,371.43333333333334,173.96,1
1385,1384.9999999999918,371.436458,371.46666666666664,30.21,1
1386,1385.9999999999918,371.628125,371.5,128.13,1
1387,1386.9999999999918,371.789583,371.6666666666667,122.92,1
1388,1387.9999999999918,371.955208,371.76666666666665,188.54,1
1389,1388.9999999999918,372.132292,371.8666666666667,265.63,1
1390,1389.9999999999918,372.290625,372.26666666666665,23.96,1
1391,1390.9999999999918,372.470833,372.3666666666667,104.17,1
1392,1391.9999999999918,372.620833,372.53333333333336,87.5,1
1393,1392.9999999999918,372.788542,372.56666666666666,221.88,1
1394,1393.9999999999918,372.939583,372.73333333333335,206.25,1
1395,1394.999999999992,373.088542,372.9,188.54,1
1396,1395.999999999992,373.396354,373.1333333333333,263.02,1
1397,1396.999999999992,373.704167,373.2,504.17,1
1398,1397.999999999992,374.011979,373.3333333333333,678.65,1
1399,1398.9999999999918,374.319792,373.6,719.79,1
1400,1399.9999999999918,374.627605,373.76666666666665,860.94,1
1401,1400.9999999999918,374.935417,373.8333333333333,1102.08,1
1402,1401.9999999999918,375.18125,374.06666666666666,1114.58,1
1403,1402.9999999999918,375.327083,374.26666666666665,1060.42,1
1404,1403.9999999999918,375.485417,374.6,885.42,1
1405,1404.9999999999918,375.660417,374.9,760.42,1
1406,1405.9999999999918,375.835417,375.03333333333336,802.08,1
1407,1406.9999999999918,376.017708,375.6,417.71,1
1408,1407.9999999999918,376.217708,375.76666666666665,451.04,1
1409,1408.9999999999918,376.396875,376.1666666666667,230.21,1
1410,1409.9999999999918,376.56875,376.2,368.75,1
1411,1410.9999999999918,376.755208,376.23333333333335,521.87,1
1412,1411.9999999999918,376.911458,376.46666666666664,444.79,1
1413,1412.9999999999918,377.097917,376.53333333333336,564.58,1
1414,1413.9999999999918,377.251042,376.73333333333335,517.71,1
1415,1414.9999999999918,377.426042,376.93333333333334,492.71,1
1416,1415.9999999999918,377.575,377.1666666666667,408.33,1
1417,1416.9999999999918,377.757292,377.26666666666665,490.63,1
1418,1417.9999999999918,377.88125,377.43333333333334,447.92,1
1419,1418.999999999992,378.019792,377.6333333333333,386.46,1
1420,1419.999999999992,378.248438,378.1333333333333,115.1,1
1421,1420.999999999992,378.477084,378.1666666666667,310.42,1
1422,1421.999999999992,378.70573,378.23333333333335,472.4,1
1423,1422.9999999999918,378.934375,378.43333333333334,501.04,1
1424,1423.9999999999918,379.163021,378.6666666666667,496.35,1
1425,1424.9999999999918,379.391667,378.8333333333333,558.33,1
1426,1425.9999999999918,379.661458,379.73333333333335,71.88,1
1427,1426.9999999999918,379.852083,379.96666666666664,114.58,1
1428,1427.9999999999918,380.065625,380.0,65.63,1
1429,1428.9999999999918,380.2625,380.03333333333336,229.17,1
1430,1429.9999999999918,380.441667,380.23333333333335,208.33,1
1431,1430.9999999999918,380.644792,380.26666666666665,378.13,1
1432,1431.9999999999918,380.864583,380.3,564.58,1
1433,1432.9999999999918,381.067708,380.3333333333333,734.37,1
1434,1433.9999999999918,381.272917,380.6,672.92,1
1435,1434.9999999999918,381.451042,380.8666666666667,584.38,1
1436,1435.9999999999918,381.666667,382.03333333333336,366.67,1
1437,1436.9999999999918,381.942708,382.1666666666667,223.96,1
1438,1437.9999999999918,382.144792,382.46666666666664,321.87,1
1439,1438.9999999999918,382.330208,382.5,169.79,1
1440,1439.9999999999918,382.534375,382.6666666666667,132.29,1
1441,1440.9999999999918,382.745833,382.7,45.83,1
1442,1441.9999999999918,382.927083,382.73333333333335,193.75,1
1443,1442.9999999999918,383.153125,382.96666666666664,186.46,1
1444,1443.9999999999918,383.402083,383.1333333333333,268.75,1
1445,1444.9999999999918,383.596875,383.3,296.88,1
1446,1445.9999999999918,383.771875,383.3666666666667,405.21,1
1447,1446.9999999999918,383.954167,383.43333333333334,520.83,1
1448,1447.9999999999918,384.138542,383.6,538.54,1
1449,1448.9999999999918,384.390625,383.76666666666665,623.96,1
1450,1449.9999999999918,384.638542,383.96666666666664,671.88,1
1451,1450.9999999999918,384.833333,384.2,633.33,1
1452,1451.9999999999918,384.992708,384.3333333333333,659.37,1
1453,1452.9999999999918,385.189583,384.56666666666666,622.92,1
1454,1453.9999999999918,385.373958,384.93333333333334,440.62,1
1455,1454.9999999999918,385.5625,384.96666666666664,595.83,1
1456,1455.9999999999918,385.775,385.2,575.0,1
1457,1456.9999999999918,385.948958,385.3666666666667,582.29,1
1458,1457.9999999999918,386.135417,385.56666666666666,568.75,1
1459,1458.9999999999918,386.30625,385.8,506.25,1
1460,1459.9999999999918,386.516667,385.96666666666664,550.0,1
1461,1460.9999999999918,386.792708,386.1,692.71,1
1462,1461.9999999999918,387.022917,386.3333333333333,689.58,1
1463,1462.9999999999918,387.23125,386.46666666666664,764.58,1
1464,1463.9999999999918,387.419792,387.06666666666666,353.13,1
1465,1464.9999999999918,387.651042,387.43333333333334,217.71,1
1466,1465.9999999999918,387.844792,387.6666666666667,178.13,1
1467,1466.9999999999918,388.038542,387.76666666666665,271.88,1
1468,1467.9999999999918,388.289583,387.8,489.58,1
1469,1468.9999999999918,388.496875,387.9,596.88,1
1470,1469.9999999999918,388.671875,388.06666666666666,605.21,1
1471,1470.9999999999918,388.884375,388.26666666666665,617.71,1
1472,1471.9999999999918,389.10625,388.46666666666664,639.58,1
1473,1472.9999999999918,389.458333,388.76666666666665,691.67,1
1474,1473.9999999999918,389.903125,388.8666666666667,1036.46,1
1475,1474.9999999999925,390.085417,389.1,985.42,1
1476,1475.9999999999925,390.31198,389.3,1011.98,1
1477,1476.9999999999925,390.541667,389.46666666666664,1075.0,1
1478,1477.9999999999923,390.74375,389.6666666666667,1077.08,1
1479,1478.9999999999923,391.060417,389.9,1160.42,1
1480,1479.999999999992,391.31302,390.5,813.02,1
1481,1480.999999999992,391.50625,390.6666666666667,839.58,1
1482,1481.999999999992,391.744271,391.03333333333336,710.94,1
1483,1482.999999999992,391.9625,391.06666666666666,895.83,1
1484,1483.9999999999923,392.151563,391.56666666666666,584.9,1
1485,1484.9999999999918,392.397917,391.7,697.92,1
1486,1485.9999999999918,392.659896,391.73333333333335,926.56,1
1487,1486.9999999999916,392.863542,392.06666666666666,796.88,1
1488,1487.9999999999918,393.111979,392.3333333333333,778.65,1
1489,1488.9999999999916,393.35625,392.6333333333333,722.92,1
1490,1489.9999999999916,393.575,392.8666666666667,708.33,1
1491,1490.9999999999918,393.933333,392.96666666666664,966.67,1
1492,1491.9999999999914,394.283333,393.0,1283.33,1
1493,1492.9999999999916,394.571875,393.56666666666666,1005.21,1
1494,1493.9999999999914,394.836979,393.9,936.98,1
1495,1494.9999999999916,395.066667,394.2,866.67,1
1496,1495.9999999999911,395.28125,394.5,781.25,1
1497,1496.9999999999914,395.519792,394.6666666666667,853.13,1
1498,1497.9999999999905,395.810417,394.73333333333335,1077.08,1
1499,1498.9999999999905,396.034375,395.26666666666665,767.71,1
1500,1499.9999999999905,396.305208,395.5,805.21,1
1501,1500.9999999999905,396.585417,395.8666666666667,718.75,1
1502,1501.9999999999902,396.819792,396.06666666666666,753.13,1
1503,1502.9999999999902,397.157292,396.2,957.29,1
1504,1503.99999999999,397.4375,396.76666666666665,670.83,1
1505,1504.99999999999,397.673958,396.8333333333333,840.62,1
1506,1505.99999999999,397.934375,397.1666666666667,767.71,1
1507,1506.9999999999898,398.171875,397.43333333333334,738.54,1
1508,1507.9999999999898,398.403125,397.6666666666667,736.46,1
1509,1508.9999999999898,398.659375,397.9,759.38,1
1510,1509.9999999999895,398.906771,398.1333333333333,773.44,1
1511,1510.9999999999895,399.111458,398.3,811.46,1
1512,1511.9999999999895,399.381771,398.4,981.77,1
1513,1512.9999999999895,399.596875,398.9,696.88,1
1514,1513.9999999999895,399.821875,399.1,721.87,1
1515,1514.9999999999893,400.107292,399.3333333333333,773.96,1
1516,1515.9999999999893,400.403646,399.6,803.65,1
1517,1516.999999999989,400.64375,399.8666666666667,777.08,1
1518,1517.9999999999893,400.91875,400.1,818.75,1
1519,1518.999999999989,401.163542,400.4,763.54,1
1520,1519.999999999989,401.405208,400.6,805.21,1
1521,1520.9999999999889,401.648958,400.8333333333333,815.62,1
1522,1521.9999999999889,401.942708,401.03333333333336,909.37,1
1523,1522.9999999999884,402.15,401.3666666666667,783.33,1
1524,1523.9999999999889,402.377083,401.6333333333333,743.75,1
1525,1524.9999999999889,402.611458,401.73333333333335,878.12,1
1526,1525.9999999999884,402.8125,402.1333333333333,679.17,1
1527,1526.9999999999884,403.076042,402.26666666666665,809.38,1
1528,1527.9999999999882,403.311979,402.3333333333333,978.65,1
1529,1528.9999999999882,403.477083,402.8333333333333,643.75,1
1530,1529.9999999999882,403.754167,403.03333333333336,720.83,1
1531,1530.9999999999882,403.971875,403.3,671.88,1
1532,1531.999999999988,404.19375,403.5,693.75,1
1533,1532.999999999988,404.458333,403.6666666666667,791.67,1
1534,1533.9999999999882,404.742188,403.93333333333334,808.85,1
1535,1534.9999999999877,404.934375,404.2,734.38,1
1536,1535.9999999999882,405.18125,404.43333333333334,747.92,1
1537,1536.9999999999877,405.413542,404.73333333333335,680.21,1
1538,1537.9999999999877,405.625,404.93333333333334,691.67,1
1539,1538.9999999999875,405.846875,405.1,746.87,1
1540,1539.9999999999875,406.086979,405.1666666666667,920.31,1
1541,1540.9999999999875,406.284375,405.6333333333333,651.04,1
1542,1541.9999999999875,406.516146,405.8,716.15,1
1543,1542.999999999987,406.763542,406.06666666666666,696.88,1
1544,1543.999999999987,407.041667,406.26666666666665,775.0,1
1545,1544.9999999999868,407.395833,406.46666666666664,929.17,1
1546,1545.9999999999868,407.644531,406.73333333333335,911.2,1
1547,1546.9999999999866,407.893229,406.93333333333334,959.9,1
1548,1547.9999999999868,408.154167,407.3666666666667,787.5,1
1549,1548.9999999999868,408.402083,407.4,1002.08,1
1550,1549.9999999999868,408.534375,407.8333333333333,701.04,1
1551,1550.9999999999864,408.70625,408.1333333333333,572.92,1
1552,1551.9999999999864,408.926042,408.4,526.04,1
1553,1552.9999999999861,409.094792,408.43333333333334,661.46,1
1554,1553.9999999999861,409.289583,409.2,89.58,1
1555,1554.9999999999861,409.4875,409.3666666666667,120.83,1
1556,1555.9999999999861,409.685416,409.4,285.42,1
1557,1556.9999999999861,409.883333,409.53333333333336,350.0,1
1558,1557.999999999986,410.129167,409.56666666666666,562.5,1
1559,1558.999999999986,410.3,409.6333333333333,666.67,1
1560,1559.9999999999857,410.464583,409.9,564.58,1
1561,1560.9999999999857,410.677604,410.0,677.6,1
1562,1561.9999999999857,410.872917,410.26666666666665,606.25,1
1563,1562.9999999999857,411.176042,410.43333333333334,742.71,1
1564,1563.9999999999854,411.347917,410.7,647.92,1
1565,1564.9999999999854,411.527083,410.8666666666667,660.42,1
1566,1565.9999999999854,411.719792,411.06666666666666,653.13,1
1567,1566.9999999999852,411.929167,411.3333333333333,595.83,1
1568,1567.9999999999854,412.124479,411.43333333333334,691.15,1
1569,1568.9999999999852,412.383333,411.6,783.33,1
1570,1569.9999999999852,412.676562,411.9,776.56,1
1571,1570.9999999999852,412.834375,412.1,734.38,1
1572,1571.9999999999852,413.020312,412.2,820.31,1
1573,1572.9999999999852,413.211458,412.6666666666667,544.79,1
1574,1573.9999999999852,413.444792,412.93333333333334,511.46,1
1575,1574.999999999985,413.616667,413.0,616.67,1
1576,1575.999999999985,413.766667,413.03333333333336,733.33,1
1577,1576.9999999999848,413.946875,413.3666666666667,580.21,1
1578,1577.9999999999848,414.140625,413.6,540.62,1
1579,1578.9999999999848,414.357639,413.8333333333333,524.31,1
1580,1579.9999999999845,414.574653,414.0,574.65,1
1581,1580.9999999999848,414.791667,414.2,591.67,1
1582,1581.9999999999843,414.964583,414.43333333333334,531.25,1
1583,1582.9999999999843,415.141667,414.6666666666667,475.0,1
1584,1583.999999999984,415.313021,414.8333333333333,479.69,1
1585,1584.9999999999843,415.498958,414.8666666666667,632.29,1
1586,1585.999999999984,415.698958,415.03333333333336,665.62,1
1587,1586.999999999984,415.96875,415.3,668.75,1
1588,1587.9999999999839,416.15625,415.73333333333335,422.92,1
1589,1588.9999999999839,416.321875,415.76666666666665,555.21,1
1590,1589.9999999999834,416.519792,415.93333333333334,586.46,1
1591,1590.9999999999834,416.697396,416.1333333333333,564.06,1
1592,1591.9999999999834,416.886459,416.23333333333335,653.13,1
1593,1592.9999999999834,417.144792,416.53333333333336,611.46,1
1594,1593.9999999999832,417.3375,416.73333333333335,604.17,1
1595,1594.9999999999832,417.517708,416.93333333333334,584.37,1
1596,1595.9999999999832,417.694792,417.1333333333333,561.46,1
1597,1596.999999999983,417.890625,417.3,590.62,1
1598,1597.999999999983,418.088542,417.53333333333336,555.21,1
1599,1598.999999999983,418.342188,417.73333333333335,608.85,1
1600,1599.999999999983,418.529167,417.8666666666667,662.5,1
1601,1600.9999999999827,418.703125,418.43333333333334,269.79,1
1602,1601.9999999999827,418.890625,418.46666666666664,423.96,1
1603,1602.9999999999825,419.085938,418.53333333333336,552.6,1
1604,1603.9999999999825,419.270833,418.6666666666667,604.17,1
1605,1604.9999999999823,419.496875,418.9,596.88,1
1606,1605.9999999999825,419.719792,418.93333333333334,786.46,1
1607,1606.999999999982,419.892708,419.23333333333335,659.37,1
1608,1607.999999999982,420.173437,419.46666666666664,706.77,1
1609,1608.999999999982,420.404167,419.7,704.17,1
1610,1609.9999999999818,420.603646,420.0,603.65,1
1611,1610.9999999999818,420.807813,420.1333333333333,674.48,1
1612,1611.9999999999816,421.008333,420.3666666666667,641.67,1
1613,1612.9999999999816,421.232292,420.6333333333333,598.96,1
1614,1613.9999999999814,421.4875,420.96666666666664,520.83,1
1615,1614.9999999999814,421.688542,421.06666666666666,621.88,1
1616,1615.9999999999811,421.882292,421.23333333333335,648.96,1
1617,1616.9999999999811,422.141667,421.43333333333334,708.33,1
1618,1617.999999999981,422.515625,421.46666666666664,1048.96,1
1619,1618.999999999981,422.692708,421.8666666666667,826.04,1
1620,1619.999999999981,422.828125,422.1333333333333,694.79,1
1621,1620.9999999999807,422.965625,422.46666666666664,498.96,1
1622,1621.999999999981,423.084896,422.6,484.9,1
1623,1622.9999999999807,423.233333,422.8,433.33,1
1624,1623.9999999999807,423.361458,422.93333333333334,428.12,1
1625,1624.9999999999804,423.491667,423.1,391.67,1
1626,1625.9999999999807,423.631771,423.23333333333335,398.44,1
1627,1626.9999999999802,423.805208,423.4,405.21,1
1628,1627.9999999999804,424.025,423.6,425.0,1
1629,1628.9999999999802,424.566667,424.6666666666667,100.0,1
1630,1629.9999999999802,425.079167,424.93333333333334,145.83,1
1631,1630.9999999999798,425.280208,424.96666666666664,313.54,1
1632,1631.9999999999802,425.513542,425.0,513.54,1
1633,1632.9999999999798,425.739583,425.06666666666666,672.92,1
1634,1633.9999999999798,425.9375,425.3,637.5,1
1635,1634.9999999999798,426.197917,425.46666666666664,731.25,1
1636,1635.9999999999795,426.49375,425.6666666666667,827.08,1
1637,1636.9999999999795,426.661458,425.9,761.46,1
1638,1637.9999999999795,426.891667,426.2,691.67,1
1639,1638.9999999999795,427.113541,426.3666666666667,746.87,1
1640,1639.9999999999793,427.30625,426.56666666666666,739.58,1
1641,1640.9999999999793,427.553125,426.8,753.13,1
1642,1641.999999999979,427.8375,427.06666666666666,770.83,1
1643,1642.999999999979,428.008333,427.26666666666665,741.67,1
1644,1643.999999999979,428.258333,427.53333333333336,725.0,1
1645,1644.999999999979,428.476563,427.8,676.56,1
1646,1645.9999999999789,428.695833,428.0,695.83,1
1647,1646.9999999999789,429.014583,428.23333333333335,781.25,1
1648,1647.9999999999789,429.357292,428.3,1057.29,1
1649,1648.9999999999786,429.51875,428.5,1018.75,1
1650,1649.9999999999789,429.770833,428.7,1070.83,1
1651,1650.9999999999786,430.013021,429.3666666666667,646.35,1
1652,1651.9999999999786,430.223958,429.5,723.96,1
1653,1652.9999999999784,430.486458,429.7,786.46,1
1654,1653.9999999999784,430.799479,430.0,799.48,1
1655,1654.999999999978,430.972916,430.1333333333333,839.58,1
1656,1655.9999999999784,431.259375,430.46666666666664,792.71,1
1657,1656.999999999978,431.569792,430.8,769.79,1
1658,1657.999999999978,431.766666,431.06666666666666,700.0,1
1659,1658.9999999999777,431.997396,431.23333333333335,764.06,1
1660,1659.9999999999777,432.335938,431.53333333333336,802.6,1
1661,1660.9999999999777,432.505208,431.73333333333335,771.87,1
1662,1661.9999999999777,432.802083,431.96666666666664,835.42,1
1663,1662.9999999999777,433.057813,432.3,757.81,1
1664,1663.9999999999775,433.258333,432.5,758.33,1
1665,1664.9999999999775,433.470833,432.76666666666665,704.17,1
1666,1665.9999999999773,433.820833,432.93333333333334,887.5,1
1667,1666.9999999999773,433.976563,433.23333333333335,743.23,1
1668,1667.9999999999773,434.255729,433.4,855.73,1
1669,1668.9999999999773,434.534375,433.8,734.38,1
1670,1669.999999999977,434.730729,434.0,730.73,1
1671,1670.999999999977,434.969791,434.26666666666665,703.12,1
1672,1671.9999999999768,435.306771,434.4,906.77,1
1673,1672.9999999999768,435.471875,434.53333333333336,938.54,1
1674,1673.999999999977,435.748959,434.73333333333335,1015.63,1
1675,1674.9999999999768,436.027084,435.3,727.08,1
1676,1675.9999999999768,436.215625,435.5,715.62,1
1677,1676.9999999999766,436.419792,435.8666666666667,553.13,1
1678,1677.9999999999766,436.804167,435.9,904.17,1
1679,1678.999999999976,436.985416,436.2,785.42,1
1680,1679.9999999999766,437.224479,436.3333333333333,891.15,1
1681,1680.999999999976,437.454167,436.6,854.17,1
1682,1681.999999999976,437.672917,437.0,672.92,1
1683,1682.9999999999757,437.890104,437.1666666666667,723.44,1
1684,1683.9999999999757,438.353646,437.2,1153.65,1
1685,1684.9999999999754,438.527084,437.46666666666664,1060.42,1
1686,1685.9999999999757,438.773438,437.8,973.44,1
1687,1686.9999999999757,439.01823,438.2,818.23,1
1688,1687.9999999999754,439.20625,438.43333333333334,772.92,1
1689,1688.9999999999752,439.379167,438.7,679.17,1
1690,1689.9999999999752,439.868229,439.2,668.23,1
1691,1690.9999999999752,440.119792,439.26666666666665,853.13,1
1692,1691.9999999999752,440.352083,439.5,852.08,1
1693,1692.9999999999752,440.597917,439.8666666666667,731.25,1
1694,1693.999999999975,440.827083,440.1,727.08,1
1695,1694.999999999975,441.066667,440.2,866.67,1
1696,1695.9999999999748,441.521875,440.3,1221.88,1
1697,1696.9999999999748,441.705729,440.6333333333333,1072.4,1
1698,1697.9999999999748,441.951563,441.1,851.56,1
1699,1698.9999999999748,442.201563,441.23333333333335,968.23,1
1700,1699.9999999999748,442.400521,441.7,700.52,1
1701,1700.9999999999745,442.663542,442.0,663.54,1
1702,1701.9999999999745,443.090104,442.4,690.1,1
1703,1702.9999999999743,443.307292,442.5,807.29,1
1704,1703.9999999999745,443.576042,442.93333333333334,642.71,1
1705,1704.9999999999743,443.826563,443.1,726.56,1
1706,1705.9999999999743,444.023438,443.2,823.44,1
1707,1706.9999999999739,444.265104,443.5,765.1,1
1708,1707.9999999999739,444.903125,444.06666666666666,836.46,1
1709,1708.9999999999736,445.180729,444.1,1080.73,1
1710,1709.9999999999739,445.445834,444.23333333333335,1212.5,1
1711,1710.9999999999736,445.69375,444.4,1293.75,1
1712,1711.9999999999736,445.910937,445.03333333333336,877.6,1
1713,1712.9999999999736,446.171354,445.4,771.35,1
1714,1713.9999999999734,447.075521,445.9,1175.52,1
1715,1714.9999999999748,447.420833,446.1,1320.83,1
1716,1715.9999999999748,447.69375,446.2,1493.75,1
1717,1716.9999999999748,447.965104,446.46666666666664,1498.44,1
1718,1717.999999999975,448.238542,447.4,838.54,1
1719,1718.999999999975,448.515625,447.6333333333333,882.29,1
1720,1719.999999999975,448.886458,447.96666666666664,919.79,1
1721,1720.999999999975,449.140625,448.1666666666667,973.96,1
1722,1721.999999999975,449.416146,448.5,916.15,1
1723,1722.999999999975,449.684896,448.53333333333336,1151.56,1
1724,1723.999999999975,449.967188,449.1333333333333,833.85,1
1725,1724.999999999975,450.3125,449.3666666666667,945.83,1
1726,1725.9999999999752,450.603125,449.6666666666667,936.46,1
1727,1726.9999999999752,450.89375,449.8666666666667,1027.08,1
1728,1727.9999999999752,451.184375,450.3,884.37,1
1729,1728.9999999999752,451.475,450.3333333333333,1141.67,1
1730,1729.9999999999752,451.765625,450.3666666666667,1398.96,1
1731,1730.999999999975,452.05625,450.76666666666665,1289.58,1
1732,1731.999999999975,452.346875,451.26666666666665,1080.21,1
1733,1732.9999999999804,452.761458,451.3,1461.46,1
1734,1733.9999999999802,453.042188,451.3333333333333,1708.85,1
1735,1734.9999999999802,453.322917,451.4,1922.92,1
1736,1735.9999999999798,453.643229,452.53333333333336,1109.9,1
1737,1736.9999999999798,453.993229,452.6666666666667,1326.56,1
1738,1737.9999999999802,454.486068,453.43333333333334,1052.73,1
1739,1738.9999999999802,454.97890700000005,453.6333333333333,1345.57,1
1740,1739.9999999999802,455.471745,453.8,1671.74,1
1741,1740.9999999999798,455.964584,454.0,1964.58,1
1742,1741.9999999999918,456.618229,454.03333333333336,2584.9,1
1743,1742.9999999999918,457.618229,454.5,3118.23,1
1744,1743.9999999999918,458.131315,455.1,3031.31,1
1745,1744.9999999999916,458.644401,456.1666666666667,2477.73,1
1746,1745.9999999999916,459.157487,456.3666666666667,2790.82,1
1747,1746.9999999999916,459.6705730000001,456.6,3070.57,1
1748,1747.9999999999916,460.183659,456.8666666666667,3316.99,1
1749,1748.9999999999918,460.696745,456.93333333333334,3763.41,1
1750,1749.999999999972,461.209831,456.96666666666664,4243.16,1
1751,1750.9999999999718,461.722917,457.03333333333336,4689.58,1
1752,1751.9999999999714,461.896354,457.06666666666666,4829.69,1
1753,1752.9999999999714,462.097136,457.1333333333333,4963.8,1
1754,1753.9999999999714,462.297917,457.2,5097.92,1
1755,1754.9999999999704,462.511979,457.23333333333335,5278.65,1
1756,1755.9999999999707,462.73984400000006,457.3,5439.84,1
1757,1756.9999999999707,462.967709,457.3666666666667,5601.04,1
1758,1757.9999999999704,463.195573,457.9,5295.57,1
1759,1758.9999999999704,463.423438,461.0,2423.44,1
1760,1759.9999999999704,463.65130199999993,461.93333333333334,1717.97,1
1761,1760.99999999997,463.879167,461.96666666666664,1912.5,1
1762,1761.9999999999704,464.111979,462.03333333333336,2078.65,1
1763,1762.9999999999702,464.344792,462.1,2244.79,1
1764,1763.9999999999702,464.577604,462.23333333333335,2344.27,1
1765,1764.9999999999702,464.752517,462.46666666666664,2285.85,1
1766,1765.9999999999704,464.92743,464.0,927.43,1
1767,1766.9999999999702,465.102343,464.56666666666666,535.68,1
1768,1767.9999999999702,465.277257,464.93333333333334,343.92,1
1769,1768.9999999999702,465.45217,465.3333333333333,118.84,1
1770,1769.99999999997,465.627083,465.56666666666666,60.42,1
1771,1770.9999999999702,465.785677,465.6333333333333,152.34,1
1772,1771.9999999999698,465.944271,465.73333333333335,210.94,1
1773,1772.9999999999698,466.183333,465.76666666666665,416.67,1
1774,1773.9999999999698,466.398958,465.8333333333333,565.62,1
1775,1774.9999999999698,466.614583,465.9,714.58,1
1776,1775.9999999999684,466.800521,465.96666666666664,833.85,1
1777,1776.9999999999688,467.005729,466.2,805.73,1
1778,1777.9999999999686,467.210938,466.6,610.94,1
1779,1778.999999999968,467.421355,466.76666666666665,654.69,1
1780,1779.9999999999677,467.679254,466.8,879.25,1
1781,1780.999999999968,467.937153,466.8666666666667,1070.49,1
1782,1781.999999999968,468.195052,466.93333333333334,1261.72,1
1783,1782.999999999968,468.452951,466.96666666666664,1486.28,1
1784,1783.9999999999677,468.710851,467.03333333333336,1677.52,1
1785,1784.9999999999675,468.96875,467.06666666666666,1902.08,1
1786,1785.9999999999677,469.207292,467.1333333333333,2073.96,1
1787,1786.9999999999677,469.445833,467.1666666666667,2279.17,1
1788,1787.9999999999675,469.684375,467.23333333333335,2451.04,1
1789,1788.9999999999675,469.881945,468.3333333333333,1548.61,1
1790,1789.9999999999675,470.079514,469.6,479.51,1
1791,1790.9999999999677,470.277084,469.76666666666665,510.42,1
1792,1791.9999999999675,470.4746530000001,469.8666666666667,607.99,1
1793,1792.9999999999675,470.672222,470.1,572.22,1
1794,1793.9999999999673,470.869792,470.1333333333333,736.46,1
1795,1794.9999999999673,471.047917,470.2,847.92,1
1796,1795.9999999999668,471.226042,470.23333333333335,992.71,1
1797,1796.9999999999668,471.472396,470.8333333333333,639.06,1
1798,1797.999999999967,471.626389,471.03333333333336,593.06,1
1799,1798.9999999999668,471.780382,471.2,580.38,1
1800,1799.9999999999668,471.934375,471.46666666666664,467.71,1
1801,1800.999999999967,472.093403,471.7,393.4,1
1802,1801.9999999999668,472.25243,471.76666666666665,485.76,1
1803,1802.9999999999668,472.411458,471.93333333333334,478.12,1
1804,1803.9999999999668,472.577778,472.0,577.78,1
1805,1804.9999999999666,472.744097,472.03333333333336,710.76,1
1806,1805.9999999999663,472.910416,472.1,810.42,1
1807,1806.9999999999668,473.170908,472.4,770.91,1
1808,1807.9999999999668,473.431399,473.23333333333335,198.07,1
1809,1808.9999999999666,473.69189000000006,473.53333333333336,158.56,1
1810,1809.9999999999666,473.952381,473.73333333333335,219.05,1
1811,1810.9999999999668,474.212872,473.96666666666664,246.21,1
1812,1811.9999999999668,474.473363,474.1666666666667,306.7,1
1813,1812.9999999999666,474.733854,474.3666666666667,367.19,1
1814,1813.9999999999666,474.93932300000006,474.56666666666666,372.66,1
1815,1814.9999999999666,475.144791,474.8,344.79,1
1816,1815.9999999999668,475.35025999999993,474.8666666666667,483.59,1
1817,1816.9999999999666,475.555729,474.9,655.73,1
1818,1817.9999999999666,475.761198,475.6666666666667,94.53,1
1819,1818.9999999999666,475.966667,477.0,1033.33,1
1820,1819.9999999999666,476.172135,477.23333333333335,1061.2,1
1821,1820.9999999999668,476.377604,477.43333333333334,1055.73,1
1822,1821.9999999999668,476.58307300000007,477.56666666666666,983.59,1
1823,1822.9999999999668,476.788542,477.6333333333333,844.79,1
1824,1823.999999999966,476.98125,477.6666666666667,685.42,1
1825,1824.999999999966,477.176302,477.73333333333335,557.03,1
1826,1825.9999999999652,477.371354,477.76666666666665,395.31,1
1827,1826.9999999999648,477.601563,477.8333333333333,231.77,1
1828,1827.9999999999645,477.84401,477.8666666666667,22.66,1
1829,1828.9999999999645,478.086458,477.93333333333334,153.12,1
1830,1829.9999999999648,478.328906,478.0,328.91,1
1831,1830.9999999999648,478.571354,478.03333333333336,538.02,1
1832,1831.9999999999645,478.813802,478.1,713.8,1
1833,1832.9999999999645,479.05625,478.1333333333333,922.92,1
1834,1833.9999999999643,479.276215,478.2,1076.21,1
1835,1834.9999999999645,479.49618,478.23333333333335,1262.85,1
1836,1835.999999999964,479.716145,479.03333333333336,682.81,1
1837,1836.9999999999643,479.894791,479.06666666666666,828.12,1
1838,1837.9999999999643,480.073437,479.3,773.44,1
1839,1838.9999999999643,480.252083,479.93333333333334,318.75,1
1840,1839.9999999999645,480.430729,480.0,430.73,1
1841,1840.9999999999638,480.609375,480.3,309.37,1
1842,1841.9999999999638,480.835417,480.43333333333334,402.08,1
1843,1842.9999999999638,480.99948,480.53333333333336,466.15,1
1844,1843.9999999999636,481.163542,480.56666666666666,596.88,1
1845,1844.9999999999636,481.4125,480.73333333333335,679.17,1
1846,1845.9999999999636,481.626302,480.8666666666667,759.64,1
1847,1846.9999999999636,481.840104,481.1,740.1,1
1848,1847.9999999999627,482.026042,481.4,626.04,1
1849,1848.9999999999627,482.227604,481.46666666666664,760.94,1
1850,1849.9999999999627,482.429167,481.8666666666667,562.5,1
1851,1850.9999999999616,482.647917,482.0,647.92,1
1852,1851.999999999962,482.89809,482.03333333333336,864.76,1
1853,1852.9999999999616,483.148264,482.1,1048.26,1
1854,1853.9999999999616,483.398437,482.1666666666667,1231.77,1
1855,1854.999999999962,483.648611,482.2,1448.61,1
1856,1855.999999999962,483.898784,482.26666666666665,1632.12,1
1857,1856.9999999999616,484.148958,482.3,1848.96,1
1858,1857.9999999999616,484.402778,482.3666666666667,2036.11,1
1859,1858.9999999999613,484.656597,482.4,2256.6,1
1860,1859.9999999999616,484.910417,483.56666666666666,1343.75,1
1861,1860.9999999999616,485.110417,484.8666666666667,243.75,1
1862,1861.9999999999613,485.310417,484.96666666666664,343.75,1
1863,1862.9999999999613,485.510417,485.03333333333336,477.08,1
1864,1863.9999999999613,485.710417,485.3,410.42,1
1865,1864.9999999999613,485.910417,485.73333333333335,177.08,1
1866,1865.999999999961,486.110417,485.8333333333333,277.08,1
1867,1866.9999999999613,486.281771,485.93333333333334,348.44,1
1868,1867.999999999961,486.453125,486.1333333333333,319.79,1
1869,1868.9999999999607,486.6875,486.53333333333336,154.17,1
1870,1869.999999999961,486.845139,486.6333333333333,211.81,1
1871,1870.999999999961,487.002778,487.46666666666664,463.89,1
1872,1871.9999999999607,487.160417,487.5,339.58,1
1873,1872.9999999999607,487.309028,487.56666666666666,257.64,1
1874,1873.9999999999607,487.457639,487.6333333333333,175.69,1
1875,1874.9999999999607,487.60625,487.73333333333335,127.08,1
1876,1875.9999999999607,487.79757,487.8333333333333,35.76,1
1877,1876.9999999999607,487.988889,487.8666666666667,122.22,1
1878,1877.9999999999604,488.180208,487.93333333333334,246.87,1
1879,1878.9999999999604,488.395313,488.0,395.31,1
1880,1879.9999999999607,488.610417,488.4,210.42,1
1881,1880.9999999999607,488.825521,488.56666666666666,258.85,1
1882,1881.9999999999607,489.040625,488.73333333333335,307.29,1
1883,1882.9999999999604,489.255729,489.6,344.27,1
1884,1883.9999999999604,489.470833,489.73333333333335,262.5,1
1885,1884.9999999999607,490.111284,489.76666666666665,344.62,1
1886,1885.9999999999607,490.75173600000005,489.93333333333334,818.4,1
1887,1886.9999999999604,491.392187,490.43333333333334,958.85,1
1888,1887.9979166666267,491.445573,490.6666666666667,778.91,1
1889,1888.9979166666265,491.498958,490.8,698.96,1
1890,1889.9999999999598,491.55234400000006,492.1333333333333,580.99,1
1891,1890.997916666626,491.605729,492.1666666666667,560.94,1
1892,1891.9979166666258,491.659115,492.23333333333335,574.22,1
1893,1892.9999999999588,491.7125,492.3,587.5,1
1894,1893.9999999999588,491.914844,492.3333333333333,418.49,1
1895,1894.999999999959,492.117188,492.4,282.81,1
1896,1895.9999999999588,492.296354,492.43333333333334,136.98,1
1897,1896.9999999999588,492.501042,492.5,1.04,1
1898,1897.9999999999586,492.622917,492.53333333333336,89.58,1
1899,1898.9999999999584,492.81875,492.6,218.75,1
1900,1899.9999999999584,492.996875,492.6333333333333,363.54,1
1901,1900.9999999999575,493.16875,492.7,468.75,1
1902,1901.9999999999575,493.334375,492.8,534.38,1
1903,1902.9999999999575,493.575347,493.0,575.35,1
1904,1903.9999999999575,493.81632,493.23333333333335,582.99,1
1905,1904.9999999999575,494.057292,493.4,657.29,1
1906,1905.999999999957,494.202083,493.43333333333334,768.75,1
1907,1906.999999999957,494.376042,494.06666666666666,309.38,1
1908,1907.9999999999568,494.55625,494.1,456.25,1
1909,1908.9999999999568,494.760417,494.1666666666667,593.75,1
1910,1909.9999999999568,494.953125,494.5,453.12,1
1911,1910.9999999999566,495.11875,494.6666666666667,452.08,1
1912,1911.9999999999566,495.292708,494.8333333333333,459.37,1
1913,1912.9999999999563,495.475,494.9,575.0,1
1914,1913.999999999956,495.651042,495.1666666666667,484.38,1
1915,1914.9999999999561,495.864583,495.23333333333335,631.25,1
1916,1915.999999999956,496.052083,495.46666666666664,585.42,1
1917,1916.999999999956,496.351042,495.7,651.04,1
1918,1917.999999999956,496.525,495.96666666666664,558.33,1
1919,1918.999999999956,496.698959,496.1,598.96,1
1920,1919.9999999999561,496.886979,496.3333333333333,553.65,1
1921,1920.9999999999557,497.096875,496.53333333333336,563.54,1
1922,1921.9999999999557,497.211458,496.73333333333335,478.12,1
1923,1922.9999999999554,497.411458,496.8666666666667,544.79,1
1924,1923.9999999999552,497.58125,497.06666666666666,514.58,1
1925,1924.9999999999552,497.760417,497.23333333333335,527.08,1
1926,1925.9999999999543,497.952083,497.3666666666667,585.42,1
1927,1926.9999999999548,498.128472,497.56666666666666,561.81,1
1928,1927.9999999999548,498.304861,497.8333333333333,471.53,1
1929,1928.9999999999543,498.48125,497.9,581.25,1
1930,1929.9999999999543,498.675,498.03333333333336,641.67,1
1931,1930.9999999999538,498.83125,498.46666666666664,364.58,1
1932,1931.9999999999538,498.983855,498.56666666666666,417.19,1
1933,1932.9999999999538,499.15,498.7,450.0,1
1934,1933.9999999999536,499.314583,498.9,414.58,1
1935,1934.9999999999538,499.507292,499.0,507.29,1
1936,1935.9999999999534,499.694792,499.2,494.79,1
1937,1936.9999999999534,499.880208,499.43333333333334,446.87,1
1938,1937.9999999999532,500.065104,499.46666666666664,598.44,1
1939,1938.9999999999532,500.309375,499.73333333333335,576.04,1
1940,1939.9999999999534,500.563542,499.8666666666667,696.88,1
1941,1940.9999999999532,500.946875,499.93333333333334,1013.54,1
1942,1941.999999999952,501.384375,500.3,1084.37,1
1943,1942.9999999999516,501.60625,500.46666666666664,1139.58,1
1944,1943.9999999999516,501.825,501.23333333333335,591.67,1
1945,1944.9999999999516,502.054167,501.3,754.17,1
1946,1945.9999999999516,502.225,501.6333333333333,591.67,1
1947,1946.9999999999513,502.491667,501.73333333333335,758.33,1
1948,1947.9999999999511,502.678125,502.1666666666667,511.46,1
1949,1948.9999999999513,502.860417,502.23333333333335,627.08,1
1950,1949.9999999999516,503.1875,502.3333333333333,854.17,1
1951,1950.9999999999511,503.470833,502.3666666666667,1104.17,1
1952,1951.9999999999513,503.648958,502.73333333333335,915.62,1
1953,1952.9999999999518,503.795834,503.46666666666664,329.17,1
1954,1953.9999999999513,503.998958,503.5,498.96,1
1955,1954.9999999999518,504.167709,503.6333333333333,534.38,1
1956,1955.9999999999511,504.409896,503.76666666666665,643.23,1
1957,1956.9999999999511,504.632813,503.8333333333333,799.48,1
1958,1957.9999999999513,504.807292,504.23333333333335,573.96,1
1959,1958.9999999999507,504.991667,504.43333333333334,558.33,1
1960,1959.9999999999507,505.171875,504.6666666666667,505.21,1
1961,1960.9999999999513,505.3625,504.76666666666665,595.83,1
1962,1961.9999999999507,505.596875,504.96666666666664,630.21,1
1963,1962.9999999999513,505.779167,505.1333333333333,645.83,1
1964,1963.9999999999502,505.944792,505.3,644.79,1
1965,1964.9999999999502,506.15677,505.53333333333336,623.44,1
1966,1965.9999999999507,506.428125,505.93333333333334,494.79,1
1967,1966.99999999995,506.645833,506.0,645.83,1
1968,1967.9999999999502,506.973958,506.2,773.96,1
1969,1968.9999999999507,506.995313,506.53333333333336,461.98,1
1970,1969.9999999999498,507.219271,506.76666666666665,452.6,1
1971,1970.9999999999498,507.565625,506.96666666666664,598.96,1
1972,1971.999999999949,507.777083,507.1333333333333,643.75,1
1973,1972.9999999999495,507.948958,507.3666666666667,582.29,1
1974,1973.9999999999495,508.334375,507.53333333333336,801.04,1
1975,1974.9999999999493,508.644792,507.93333333333334,711.46,1
1976,1975.9999999999495,508.8375,508.26666666666665,570.83,1
1977,1976.9999999999498,508.983334,508.43333333333334,550.0,1
1978,1977.9999999999493,509.197396,508.5,697.4,1
1979,1978.9999999999495,509.378646,508.7,678.65,1
1980,1979.9999999999486,509.584896,509.0,584.9,1
1981,1980.9999999999488,509.797917,509.1666666666667,631.25,1
1982,1981.9999999999495,509.983333,509.4,583.33,1
1983,1982.9999999999486,510.213542,509.56666666666666,646.88,1
1984,1983.9999999999488,510.402083,509.73333333333335,668.75,1
1985,1984.999999999949,510.570833,509.96666666666664,604.17,1
1986,1985.9999999999486,510.777084,510.06666666666666,710.42,1
1987,1986.9999999999488,510.989583,510.23333333333335,756.25,1
1988,1987.9999999999493,511.242708,510.56666666666666,676.04,1
1989,1988.9999999999486,511.616146,510.76666666666665,849.48,1
1990,1989.999999999949,511.922917,510.8333333333333,1089.58,1
1991,1990.9999999999486,512.1291669999998,511.2,929.17,1
1992,1991.9999999999486,512.3166669999998,511.43333333333334,883.33,1
1993,1992.9999999999486,512.59375,511.6333333333333,960.42,1
1994,1993.9999999999484,512.851042,512.1,751.04,1
1995,1994.9999999999484,513.189583,512.3333333333334,856.25,1
1996,1995.9999999999488,513.414583,512.6,814.58,1
1997,1996.9999999999484,513.638542,512.8333333333334,805.21,1
1998,1997.9999999999486,513.915104,513.0333333333333,881.77,1
1999,1998.9999999999482,514.147917,513.4333333333333,714.58,1
2000,1999.9999999999484,514.411458,513.6,811.46,1
2001,2000.9999999999484,514.66875,513.9,768.75,1
2002,2001.9999999999482,514.8875,513.9333333333333,954.17,1
2003,2002.9999999999484,515.074479,514.2333333333333,841.15,1
2004,2003.9999999999486,515.275,514.6333333333333,641.67,1
2005,2004.9999999999482,515.464062,514.8,664.06,1
2006,2005.9999999999484,515.65625,515.0,656.25,1
2007,2006.9999999999477,515.910416,515.0666666666667,843.75,1
2008,2007.999999999948,516.1135419999998,515.2666666666667,846.88,1
2009,2008.9999999999486,516.295833,515.7333333333333,562.5,1
2010,2009.9999999999477,516.503646,515.8,703.65,1
2011,2010.999999999948,516.7145830000002,516.5,214.58,1
2012,2011.9999999999484,516.947917,516.5666666666667,381.25,1
2013,2012.9999999999477,517.350521,517.2333333333333,117.19,1
2014,2013.9999999999482,517.641667,517.3,341.67,1
2015,2014.9999999999475,517.846875,517.3666666666667,480.21,1
2016,2015.9999999999477,518.191146,517.4,791.15,1
2017,2016.9999999999482,518.516145,517.9333333333333,582.81,1
2018,2017.9999999999475,518.7375,518.5,237.5,1
2019,2018.9999999999475,519.014063,518.6666666666666,347.4,1
2020,2019.9999999999477,519.286458,518.7333333333333,553.12,1
2021,2020.9999999999475,519.436458,518.7666666666667,669.79,1
2022,2021.9999999999475,519.686979,518.9333333333333,753.65,1
2023,2022.9999999999477,519.920834,519.4,520.83,1
2024,2023.999999999947,520.108854,519.5333333333333,575.52,1
2025,2024.9999999999475,520.342188,519.6666666666666,675.52,1
2026,2025.9999999999468,520.589584,519.8333333333334,756.25,1
2027,2026.9999999999468,520.802604,520.0666666666667,735.94,1
2028,2027.9999999999475,521.080209,520.1333333333333,946.88,1
2029,2028.999999999946,521.3,520.5666666666667,733.33,1
2030,2029.9999999999463,521.489583,520.7333333333333,756.25,1
2031,2030.9999999999457,521.767708,520.8,967.71,1
2032,2031.999999999946,521.99375,521.3,693.75,1
2033,2032.9999999999463,522.235417,521.5,735.42,1
2034,2033.9999999999459,522.471875,521.6666666666666,805.21,1
2035,2034.999999999946,522.7541669999998,521.7666666666667,987.5,1
2036,2035.9999999999466,523.050521,522.2,850.52,1
2037,2036.9999999999459,523.590625,522.6,990.63,1
2038,2037.999999999946,523.9625,522.6666666666666,1295.83,1
2039,2038.999999999946,524.207813,522.7333333333333,1474.48,1
2040,2039.9999999999459,524.50625,522.8333333333334,1672.92,1
2041,2040.999999999946,524.776042,524.0333333333333,742.71,1
2042,2041.9999999999459,525.010417,524.2,810.42,1
2043,2042.9999999999457,525.296875,524.2333333333333,1063.54,1
2044,2043.999999999946,525.465625,524.3,1165.63,1
2045,2044.9999999999457,525.688542,524.9666666666667,721.88,1
2046,2045.9999999999457,525.9375,525.1333333333333,804.17,1
2047,2046.9999999999457,526.161458,525.2333333333333,928.12,1
2048,2047.9999999999457,526.389583,525.6333333333333,756.25,1
2049,2048.999999999946,526.617708,526.1666666666666,451.04,1
2050,2049.9999999999454,526.8125,526.2,612.5,1
2051,2050.9999999999454,526.991667,526.3666666666667,625.0,1
2052,2051.999999999946,527.21875,526.5333333333333,685.42,1
2053,2052.999999999945,527.392708,526.8,592.71,1
2054,2053.999999999945,527.577083,526.8666666666667,710.42,1
2055,2054.999999999946,527.8947919999998,527.1,794.79,1
2056,2055.999999999945,528.084375,527.1333333333333,951.04,1
2057,2056.999999999946,528.289583,527.5666666666667,722.92,1
2058,2057.9999999999454,528.532292,527.7666666666667,765.63,1
2059,2058.999999999945,528.789583,527.9,889.58,1
2060,2059.9999999999454,529.005729,528.2666666666667,739.06,1
2061,2060.9999999999445,529.4375,528.4333333333333,1004.17,1
2062,2061.999999999945,529.7458330000002,528.5,1245.83,1
2063,2062.9999999999454,529.944792,528.5333333333333,1411.46,1
2064,2063.9999999999445,530.245312,528.6,1645.31,1
2065,2064.9999999999454,530.518229,529.3333333333334,1184.9,1
2066,2065.9999999999445,530.719792,529.9333333333333,786.46,1
2067,2066.9999999999445,530.986979,530.2,786.98,1
2068,2067.9999999999445,531.175,530.4666666666667,708.33,1
2069,2068.9999999999445,531.367708,530.5,867.71,1
2070,2069.9999999999445,531.648958,530.9,748.96,1
2071,2070.9999999999445,531.844792,531.1333333333333,711.46,1
2072,2071.999999999944,532.045834,531.3666666666667,679.17,1
2073,2072.999999999944,532.334896,531.6,734.9,1
2074,2073.9999999999445,532.517708,531.8,717.71,1
2075,2074.999999999944,532.723958,532.0333333333333,690.62,1
2076,2075.999999999944,533.088542,532.2666666666667,821.88,1
2077,2076.999999999944,533.3395830000002,532.5333333333333,806.25,1
2078,2077.999999999944,533.5125,532.7,812.5,1
2079,2078.9999999999445,533.672917,532.9,772.92,1
2080,2079.999999999944,533.85,533.0666666666667,783.33,1
2081,2080.999999999944,534.0666669999998,533.6333333333333,433.33,1
2082,2081.9999999999445,534.30625,533.8,506.25,1
2083,2082.999999999944,534.480729,533.9666666666667,514.06,1
2084,2083.9999999999445,534.678125,534.1,578.12,1
2085,2084.9999999999436,534.856771,534.2666666666667,590.1,1
2086,2085.9999999999436,535.036458,534.5,536.46,1
2087,2086.999999999944,535.255208,534.6333333333333,621.87,1
2088,2087.9999999999436,535.614583,534.7,914.58,1
2089,2088.9999999999436,535.921875,535.1,821.87,1
2090,2089.999999999944,536.109375,535.1666666666666,942.71,1
2091,2090.9999999999436,536.302083,535.4666666666667,835.42,1
2092,2091.999999999944,536.509375,535.7666666666667,742.71,1
2093,2092.9999999999436,536.623959,536.1,523.96,1
2094,2093.9999999999436,536.914583,536.2666666666667,647.92,1
2095,2094.9999999999436,537.142709,536.4666666666667,676.04,1
2096,2095.999999999943,537.302083,536.6,702.08,1
2097,2096.999999999943,537.503125,536.7333333333333,769.79,1
2098,2097.9999999999436,537.6916669999998,536.9666666666667,725.0,1
2099,2098.999999999943,537.888021,537.2666666666667,621.35,1
2100,2099.9999999999436,538.138542,537.3333333333334,805.21,1
2101,2100.999999999943,538.354167,537.4666666666667,887.5,1
2102,2101.999999999943,538.516146,537.8333333333334,682.81,1
2103,2102.999999999944,538.704166,538.1,604.17,1
2104,2103.999999999943,538.895833,538.3,595.83,1
2105,2104.999999999943,539.075521,538.4666666666667,608.85,1
2106,2105.9999999999436,539.301041,538.5333333333333,767.71,1
2107,2106.999999999943,539.491667,538.9,591.67,1
2108,2107.9999999999436,539.6625,539.0333333333333,629.17,1
2109,2108.9999999999436,539.85,539.2333333333333,616.67,1
2110,2109.999999999943,540.05625,539.5333333333333,522.92,1
2111,2110.999999999944,540.219792,539.7,519.79,1
2112,2111.999999999943,540.432292,539.7333333333333,698.96,1
2113,2112.999999999943,540.689583,540.0666666666667,622.92,1
2114,2113.9999999999436,540.826041,540.1666666666666,659.37,1
2115,2114.999999999943,541.057292,540.4333333333333,623.96,1
2116,2115.999999999943,541.2770830000002,540.7,577.08,1
2117,2116.9999999999427,541.45625,540.8333333333334,622.92,1
2118,2117.999999999943,541.727083,541.0,727.08,1
2119,2118.9999999999436,541.98125,541.2666666666667,714.58,1
2120,2119.999999999943,542.184375,541.4333333333333,751.04,1
2121,2120.999999999943,542.588542,541.7333333333333,855.21,1
2122,2121.999999999943,542.823437,541.9,923.44,1
2123,2122.9999999999427,543.0583330000002,542.1333333333333,925.0,1
2124,2123.999999999943,543.247396,542.2,1047.4,1
2125,2124.999999999943,543.444792,542.6,844.79,1
2126,2125.9999999999422,543.61875,542.8,818.75,1
2127,2126.9999999999422,543.8479169999998,543.3333333333334,514.58,1
2128,2127.9999999999422,544.06875,543.8333333333334,235.42,1
2129,2128.999999999942,544.289583,543.9333333333333,356.25,1
2130,2129.9999999999427,544.459375,544.0,459.38,1
2131,2130.9999999999413,544.647917,544.1,547.92,1
2132,2131.999999999941,544.858333,544.2333333333333,625.0,1
2133,2132.999999999941,545.0625,544.5333333333333,529.17,1
2134,2133.999999999941,545.253646,544.7333333333333,520.31,1
2135,2134.999999999941,545.444792,544.8333333333334,611.46,1
2136,2135.9999999999404,545.6015629999998,545.0,601.56,1
2137,2136.99999999994,545.779167,545.2333333333333,545.83,1
2138,2137.99999999994,545.982292,545.4333333333333,548.96,1
2139,2138.999999999939,546.209375,545.6333333333333,576.04,1
2140,2139.99999999994,546.425521,546.2,225.52,1
2141,2140.9999999999395,546.641667,546.2666666666667,375.0,1
2142,2141.999999999939,546.838021,546.3,538.02,1
2143,2142.999999999939,547.0125,546.4666666666667,545.83,1
2144,2143.999999999939,547.248958,546.7,548.96,1
2145,2144.9999999999377,547.6,546.8666666666667,733.33,1
2146,2145.9999999999377,547.815625,547.0666666666667,748.96,1
2147,2146.9999999999372,547.985417,547.1333333333333,852.08,1
2148,2147.999999999937,548.154167,547.5666666666667,587.5,1
2149,2148.9999999999363,548.3239580000002,547.8666666666667,457.29,1
2150,2149.999999999936,548.544792,548.0,544.79,1
2151,2150.999999999936,548.684375,548.1333333333333,551.04,1
2152,2151.999999999935,548.809375,548.2666666666667,542.71,1
2153,2152.999999999935,548.986459,548.8333333333334,153.13,1
2154,2153.999999999935,549.171875,549.0666666666667,105.21,1
2155,2154.9999999999354,549.3515629999998,549.1,251.56,1
2156,2155.999999999935,549.53125,549.1666666666666,364.58,1
2157,2156.9999999999354,549.891667,549.2,691.67,1
2158,2157.999999999934,550.1208330000002,549.2666666666667,854.17,1
2159,2158.999999999934,550.297917,549.5,797.92,1
2160,2159.999999999934,550.467708,549.6,867.71,1
2161,2160.999999999933,550.640625,549.8,840.63,1
2162,2161.999999999933,550.8125,550.1,712.5,1
2163,2162.9999999999322,550.973958,550.4666666666667,507.29,1
2164,2163.999999999932,551.138021,550.6333333333333,504.69,1
2165,2164.999999999932,551.310416,550.8666666666667,443.75,1
2166,2165.9999999999313,551.479687,551.5666666666667,86.98,1
2167,2166.9999999999327,551.645052,551.6,45.05,1
2168,2167.999999999931,551.810417,551.6666666666666,143.75,1
2169,2168.9999999999313,552.013021,551.7,313.02,1
2170,2169.9999999999313,552.236458,551.7666666666667,469.79,1
2171,2170.9999999999304,552.3625,551.8333333333334,529.17,1
2172,2171.9999999999304,552.5666669999998,552.0,566.67,1
2173,2172.9999999999304,552.786458,552.0666666666667,719.79,1
2174,2173.99999999993,552.925,552.4,525.0,1
2175,2174.9999999999295,553.122917,552.5,622.92,1
2176,2175.9999999999295,553.346875,552.6333333333333,713.54,1
2177,2176.999999999929,553.469792,553.5333333333333,63.54,1
2178,2177.999999999929,553.672917,553.6,72.92,1
2179,2178.999999999929,553.9104169999998,553.6666666666666,243.75,1
2180,2179.999999999928,554.04375,553.7,343.75,1
2181,2180.999999999928,554.236459,553.7666666666667,469.79,1
2182,2181.9999999999277,554.4625,553.8,662.5,1
2183,2182.9999999999272,554.594792,554.0,594.79,1
2184,2183.9999999999272,554.795833,554.4666666666667,329.17,1
2185,2184.999999999927,555.0125,554.5,512.5,1
2186,2185.999999999927,555.15625,554.5666666666667,589.58,1
2187,2186.9999999999254,555.3635419999998,554.7666666666667,596.88,1
2188,2187.999999999926,555.596875,555.2333333333333,363.54,1
2189,2188.999999999926,555.742708,555.4333333333333,309.37,1
2190,2189.999999999925,555.966146,555.6666666666666,299.48,1
2191,2190.999999999925,556.209375,555.7,509.37,1
2192,2191.999999999925,556.384375,555.8666666666667,517.71,1
2193,2192.9999999999245,556.791667,555.9,891.67,1
2194,2193.999999999925,557.038282,556.2,838.28,1
2195,2194.9999999999245,557.284896,556.2666666666667,1018.23,1
2196,2195.9999999999145,557.404167,556.6666666666666,737.5,1
2197,2196.999999999915,557.540104,557.0,540.1,1
2198,2197.9999999999145,557.676041,557.3,376.04,1
2199,2198.9999999999145,557.788542,557.4666666666667,321.88,1
2200,2199.9999999999145,557.95,557.5,450.0,1
2201,2200.9999999999145,558.111459,557.6666666666666,444.79,1
2202,2201.9999999999145,558.229167,557.8666666666667,362.5,1
2203,2202.9999999999145,558.39375,557.9,493.75,1
2204,2203.9999999999145,558.558334,558.1,458.33,1
2205,2204.9999999999145,558.7229169999998,558.2,522.92,1
2206,2205.999999999915,558.959028,558.4,559.03,1
2207,2206.9999999999145,559.1951389999998,558.4666666666667,728.47,1
2208,2207.9999999999145,559.43125,558.6666666666666,764.58,1
2209,2208.999999999915,559.659636,558.7,959.64,1
2210,2209.999999999915,559.888021,560.3,411.98,1
2211,2210.999999999915,560.116407,560.6,483.59,1
2212,2211.999999999915,560.344792,560.7666666666667,421.87,1
2213,2212.999999999914,560.590104,560.8666666666667,276.56,1
2214,2213.999999999914,560.7375,560.9,162.5,1
2215,2214.999999999914,560.858333,561.0666666666667,208.33,1
2216,2215.999999999914,560.980209,561.1333333333333,153.12,1
2217,2216.999999999913,561.107292,561.2,92.71,1
2218,2217.9999999999127,561.295313,561.2666666666667,28.65,1
2219,2218.999999999913,561.483333,561.3,183.33,1
2220,2219.999999999913,561.544271,561.3333333333334,210.94,1
2221,2220.9999999999127,561.6796879999998,561.4,279.69,1
2222,2221.9999999999127,561.815104,561.6333333333333,181.77,1
2223,2222.999999999913,561.925,561.7333333333333,191.67,1
2224,2223.9999999999127,562.064844,561.7666666666667,298.18,1
2225,2224.9999999999127,562.204688,561.8333333333334,371.35,1
2226,2225.9999999999127,562.276042,562.0,276.04,1
2227,2226.9999999999127,562.422917,562.0333333333333,389.58,1
2228,2227.9999999999127,562.569792,562.2,369.79,1
2229,2228.9999999999127,562.716667,562.4,316.67,1
2230,2229.999999999913,562.925174,562.4333333333333,491.84,1
2231,2230.999999999913,563.1336809999998,562.4666666666667,667.01,1
2232,2231.999999999913,563.342188,562.6666666666666,675.52,1
2233,2232.999999999913,563.54987,563.7,150.13,1
2234,2233.999999999914,563.7575519999998,564.1666666666666,409.11,1
2235,2234.999999999913,563.965234,564.2666666666667,301.43,1
2236,2235.999999999913,564.172916,564.4,227.08,1
2237,2236.9999999999127,564.393229,564.5333333333333,140.1,1
2238,2237.9999999999127,564.5197919999998,564.6333333333333,113.54,1
2239,2238.999999999912,564.6291669999998,564.6666666666666,37.5,1
2240,2239.999999999912,564.757292,564.7333333333333,23.96,1
2241,2240.999999999912,564.882292,565.2,317.71,1
2242,2241.9999999999063,565.0309900000002,565.5666666666667,535.68,1
2243,2242.9999999999063,565.1796879999998,565.7333333333333,553.65,1
2244,2243.9999999999063,565.314062,565.7666666666667,452.6,1
2245,2244.9999999999063,565.448698,565.8,351.3,1
2246,2245.9999999999063,565.583333,565.8333333333334,250.0,1
2247,2246.9999999999063,565.69375,565.8666666666667,172.92,1
2248,2247.9999999999063,565.816927,565.9333333333333,116.41,1
2249,2248.9999999999063,565.940104,565.9666666666667,26.56,1
2250,2249.999999999906,566.077083,566.1,22.92,1
2251,2250.9999999999063,566.206771,566.1666666666666,40.1,1
2252,2251.9999999999063,566.336458,566.2,136.46,1
2253,2252.999999999906,566.473438,566.2333333333333,240.1,1
2254,2253.9999999999063,566.60599,566.2666666666667,339.32,1
2255,2254.9999999999063,566.738541,566.3333333333334,405.21,1
2256,2255.999999999906,566.9125,566.4666666666667,445.83,1
2257,2256.9999999999063,567.058854,566.6,458.85,1
2258,2257.999999999906,567.205209,566.7,505.21,1
2259,2258.999999999906,567.330208,566.9,430.21,1
2260,2259.999999999906,567.471875,567.1333333333333,338.54,1
2261,2260.999999999906,567.6135419999998,567.1666666666666,446.88,1
2262,2261.999999999906,567.882292,567.3333333333334,548.96,1
2263,2262.9999999999063,568.032813,567.5666666666667,466.15,1
2264,2263.999999999906,568.183334,567.6,583.33,1
2265,2264.999999999906,568.609375,567.9,709.38,1
2266,2265.999999999906,568.84427,568.1666666666666,677.6,1
2267,2266.999999999905,568.99375,568.2,793.75,1
2268,2267.9999999999045,569.153646,568.6,553.65,1
2269,2268.9999999999045,569.3010419999998,568.8,501.04,1
2270,2269.9999999999036,569.465625,568.9666666666667,498.96,1
2271,2270.9999999999036,569.609375,569.0666666666667,542.71,1
2272,2271.999999999903,569.777084,569.3333333333334,443.75,1
2273,2272.9999999999022,569.903646,569.5,403.65,1
2274,2273.9999999999027,570.072396,569.6333333333333,439.06,1
2275,2274.9999999999022,570.219011,569.8,419.01,1
2276,2275.9999999999022,570.365625,570.0333333333333,332.29,1
2277,2276.9999999999022,570.742708,570.1,642.71,1
2278,2277.9999999999022,570.94375,570.2,743.75,1
2279,2278.9999999999013,571.079687,570.4,679.69,1
2280,2279.9999999999004,571.234896,570.4666666666667,768.23,1
2281,2280.9999999999004,571.389583,570.9666666666667,422.92,1
2282,2281.9999999999,571.54375,571.0666666666667,477.08,1
2283,2282.999999999899,571.697917,571.1333333333333,564.58,1
2284,2283.9999999998986,571.856771,571.4333333333333,423.44,1
2285,2284.999999999898,571.983333,571.5333333333333,450.0,1
2286,2285.999999999898,572.133333,571.7333333333333,400.0,1
2287,2286.9999999998986,572.279687,571.8666666666667,413.02,1
2288,2287.999999999898,572.4260419999998,572.0333333333333,392.71,1
2289,2288.999999999898,572.580208,572.1333333333333,446.87,1
2290,2289.999999999898,572.726042,572.1666666666666,559.38,1
2291,2290.9999999998986,572.827083,572.4333333333333,393.75,1
2292,2291.999999999898,572.955208,572.4666666666667,488.54,1
2293,2292.999999999892,573.077084,572.7,377.08,1
2294,2293.999999999892,573.214584,572.9333333333333,281.25,1
2295,2294.9999999998927,573.346875,572.9666666666667,380.21,1
2296,2295.9999999998918,573.48125,573.0333333333333,447.92,1
2297,2296.999999999892,573.577083,573.2333333333333,343.75,1
2298,2297.999999999892,573.713021,573.4,313.02,1
2299,2298.999999999892,573.788542,573.7666666666667,21.88,1
2300,2299.9999999998918,573.939063,574.0333333333333,94.27,1
2301,2300.9999999998918,574.098958,574.2333333333333,134.38,1
2302,2301.9999999998913,574.248958,574.4,151.04,1
2303,2302.9999999998913,574.348958,574.7666666666667,417.71,1
2304,2303.9999999998913,574.497396,574.8,302.6,1
2305,2304.9999999998913,574.632292,574.8666666666667,234.37,1
2306,2305.9999999998913,574.791667,575.4666666666667,675.0,1
2307,2306.999999999891,575.080209,575.5,419.79,1
2308,2307.999999999891,575.203125,575.5666666666667,363.54,1
2309,2308.999999999891,575.333333,575.7666666666667,433.33,1
2310,2309.999999999891,575.452604,575.8666666666667,414.06,1
2311,2310.999999999891,575.572917,576.0666666666667,493.75,1
2312,2311.9999999998913,575.6989580000002,576.2333333333333,534.38,1
2313,2312.9999999998913,575.820833,576.4666666666667,645.83,1
2314,2313.9999999998913,575.971528,576.6,628.47,1
2315,2314.9999999998913,576.122222,576.6333333333333,511.11,1
2316,2315.999999999891,576.272917,576.6666666666666,393.75,1
2317,2316.999999999891,576.4454860000002,576.7,254.51,1
2318,2317.999999999891,576.6180559999998,576.7333333333333,115.28,1
2319,2318.999999999891,576.790625,576.7666666666667,23.96,1
2320,2319.9999999998913,576.955382,576.8666666666667,88.72,1
2321,2320.9999999998927,577.120139,576.9,220.14,1
2322,2321.9999999998913,577.284896,576.9333333333333,351.56,1
2323,2322.9999999998913,577.490625,577.0666666666667,423.96,1
2324,2323.9999999998927,577.696354,577.1333333333333,563.02,1
2325,2324.9999999998913,577.9020830000002,577.4333333333333,468.75,1
2326,2325.9999999998918,578.065972,577.4666666666667,599.31,1
2327,2326.9999999998913,578.229861,577.5333333333333,696.53,1
2328,2327.9999999998913,578.39375,577.8666666666667,527.08,1
2329,2328.999999999891,578.557639,578.1666666666666,390.97,1
2330,2329.9999999998913,578.721528,578.3333333333334,388.19,1
2331,2330.99999999989,578.885417,579.0666666666667,181.25,1
2332,2331.999999999891,578.971962,579.2666666666667,294.7,1
2333,2332.9999999998913,579.0585070000002,579.5333333333333,474.83,1
2334,2333.999999999891,579.145052,579.7,554.95,1
2335,2334.999999999891,579.231597,579.9333333333333,701.74,1
2336,2335.9999999998913,579.318142,581.5,2181.86,1
2337,2336.999999999891,579.404687,582.5333333333333,3128.65,1
