beat_idx,gt_beat,gt_time_s,pred_time_s,err_ms,ok
0,0.0,1.024479,0.0,1024.48,1
1,1.0000000000000002,1.226823,0.0,1226.82,1
2,2.0000000000000004,1.429167,0.03333333333333333,1395.83,1
3,3.000000000000001,1.613542,0.06666666666666667,1546.88,1
4,4.000000000000001,1.800261,0.1,1700.26,1
5,5.000000000000001,1.986979,0.1,1886.98,1
6,6.000000000000001,2.180729,0.13333333333333333,2047.4,1
7,7.0,2.381337,0.13333333333333333,2248.0,1
8,8.000000000000002,2.581944,0.16666666666666666,2415.28,1
9,9.000000000000002,2.782552,0.2,2582.55,1
10,10.000000000000002,2.98316,0.2,2783.16,1
11,11.000000000000004,3.183767,0.23333333333333334,2950.43,1
12,12.000000000000004,3.384375,0.26666666666666666,3117.71,1
13,13.000000000000004,3.608854,0.26666666666666666,3342.19,1
14,14.000000000000002,3.833333,0.3,3533.33,1
15,15.000000000000002,4.057813,0.3,3757.81,1
16,16.000000000000004,4.25651,0.3333333333333333,3923.18,1
17,17.000000000000004,4.455208,0.36666666666666664,4088.54,1
18,18.000000000000004,4.653906,0.36666666666666664,4287.24,1
19,19.0,4.852604,0.4666666666666667,4385.94,1
20,20.0,5.051302,0.4666666666666667,4584.64,1
21,21.000000000000004,5.25,1.0,4250.0,1
22,22.000000000000004,5.402604,1.0,4402.6,1
23,23.000000000000007,5.555208,1.0333333333333334,4521.87,1
24,24.000000000000018,5.834375,1.0666666666666667,4767.71,1
25,25.000000000000007,6.061979,1.0666666666666667,4995.31,1
26,26.000000000000007,6.289583,1.1,5189.58,1
27,27.000000000000014,6.471875,1.1333333333333333,5338.54,1
28,28.00000000000001,6.639583,1.1333333333333333,5506.25,1
29,29.000000000000025,6.807291,1.1666666666666667,5640.62,1
30,30.000000000000018,7.016146000000001,1.1666666666666667,5849.48,1
31,31.000000000000018,7.237586999999999,1.2,6037.59,1
32,32.00000000000002,7.459028,1.2333333333333334,6225.69,1
33,33.00000000000002,7.680469,1.2333333333333334,6447.14,1
34,34.00000000000002,7.901910000000001,1.2666666666666666,6635.24,1
35,35.00000000000002,8.123351,1.2666666666666666,6856.68,1
36,36.00000000000002,8.344792,1.3333333333333333,7011.46,1
37,37.00000000000002,8.554861,1.3333333333333333,7221.53,1
38,38.00000000000002,8.764930999999999,1.4,7364.93,1
39,39.000000000000036,8.975,1.5,7475.0,1
40,40.00000000000002,9.173264,1.5,7673.26,1
41,41.00000000000002,9.371528,1.5333333333333334,7838.19,1
42,42.00000000000002,9.569791,2.966666666666667,6603.12,1
43,43.00000000000002,9.768055,2.966666666666667,6801.39,1
44,44.00000000000003,9.966319,3.3333333333333335,6632.99,1
45,45.00000000000003,10.164583,3.3333333333333335,6831.25,1
46,46.00000000000002,10.324479,4.666666666666667,5657.81,1
47,47.000000000000036,10.484375,5.533333333333333,4951.04,1
48,48.000000000000036,10.726563,5.8,4926.56,1
49,49.000000000000036,10.890972,5.8,5090.97,1
50,50.000000000000036,11.055382,5.833333333333333,5222.05,1
51,51.000000000000036,11.219792,5.866666666666666,5353.13,1
52,52.000000000000036,11.36875,5.866666666666666,5502.08,1
53,53.00000000000003,11.517709,5.9,5617.71,1
54,54.000000000000036,11.666667,5.9,5766.67,1
55,55.00000000000003,11.864236,5.966666666666667,5897.57,1
56,56.00000000000002,12.061806,6.933333333333334,5128.47,1
57,57.00000000000003,12.259375,7.133333333333334,5126.04,1
58,58.00000000000003,12.527381,8.2,4327.38,1
59,59.00000000000003,12.795387,8.2,4595.39,1
60,60.00000000000003,13.063393,8.266666666666667,4796.73,1
61,61.00000000000002,13.331399,8.3,5031.4,1
62,62.00000000000003,13.599405,8.3,5299.4,1
63,63.00000000000003,13.867411,8.333333333333334,5534.08,1
64,64.00000000000003,14.135416,8.366666666666667,5768.75,1
65,65.00000000000003,14.359844,8.5,5859.84,1
66,66.00000000000003,14.584271,8.733333333333333,5850.94,1
67,67.00000000000003,14.808698,8.933333333333334,5875.36,1
68,68.00000000000003,15.033125,9.133333333333333,5899.79,1
69,69.00000000000003,15.257552,9.333333333333334,5924.22,1
70,70.00000000000003,15.481979,15.133333333333333,348.65,1
71,71.00000000000003,15.706406,16.266666666666666,560.26,1
72,72.00000000000003,15.930832999999998,16.266666666666666,335.83,1
73,73.00000000000003,16.155260000000002,16.6,444.74,1
74,74.00000000000003,16.379687,16.633333333333333,253.65,1
75,75.00000000000004,16.557813,16.633333333333333,75.52,1
76,76.00000000000003,16.750781,16.666666666666668,84.11,1
77,77.00000000000003,16.94375,16.7,243.75,1
78,78.00000000000003,17.141146,16.7,441.15,1
79,79.00000000000004,17.350087,16.733333333333334,616.75,1
80,80.00000000000003,17.559028,16.733333333333334,825.69,1
81,81.00000000000003,17.767969,18.1,332.03,1
82,82.00000000000003,17.97691,18.166666666666668,189.76,1
83,83.00000000000004,18.185851,18.2,14.15,1
84,84.00000000000003,18.394792,18.2,194.79,1
85,85.00000000000004,18.609202,18.366666666666667,242.54,1
86,86.00000000000004,18.823611,18.5,323.61,1
87,87.00000000000006,19.038021,18.5,538.02,1
88,88.00000000000004,19.218958,19.066666666666666,152.29,1
89,89.00000000000004,19.399896,19.433333333333334,33.44,1
90,90.00000000000004,19.580833,19.766666666666666,185.83,1
91,91.00000000000004,19.761771,19.8,38.23,1
92,92.00000000000006,19.942708,19.8,142.71,1
93,93.00000000000007,20.132292,19.866666666666667,265.63,1
94,94.00000000000006,20.28698,19.9,386.98,1
95,95.00000000000007,20.441667,20.333333333333332,108.33,1
96,96.0000000000001,20.704167,20.666666666666668,37.5,1
97,97.00000000000007,20.936719,20.666666666666668,270.05,1
98,98.00000000000009,21.16927,20.733333333333334,435.94,1
99,99.00000000000009,21.357813,21.3,57.81,1
100,100.00000000000009,21.547396,21.3,247.4,1
101,101.00000000000013,21.736979,21.366666666666667,370.31,1
102,102.00000000000009,21.948438,21.366666666666667,581.77,1
103,103.0000000000001,22.147135,21.5,647.13,1
104,104.0000000000001,22.345833,21.566666666666666,779.17,1
105,105.00000000000009,22.544531,22.866666666666667,322.14,1
106,106.00000000000009,22.743229,23.066666666666666,323.44,1
107,107.00000000000009,22.941927,23.233333333333334,291.41,1
108,108.0000000000001,23.140625,23.233333333333334,92.71,1
109,109.0000000000001,23.386458,23.866666666666667,480.21,1
110,110.0000000000001,23.632292,23.866666666666667,234.37,1
111,111.00000000000017,23.878125,23.933333333333334,55.21,1
112,112.0000000000001,24.067187,23.933333333333334,133.85,1
113,113.00000000000013,24.25625,23.966666666666665,289.58,1
114,114.00000000000013,24.445313,24.0,445.31,1
115,115.0000000000001,24.634375,24.0,634.37,1
116,116.0000000000001,24.823438,24.2,623.44,1
117,117.0000000000001,25.0125,24.766666666666666,245.83,1
118,118.00000000000013,25.160156,24.966666666666665,193.49,1
119,119.00000000000013,25.307813,25.3,7.81,1
120,120.00000000000013,25.561458,25.566666666666666,5.21,1
121,121.00000000000014,25.722569,25.6,122.57,1
122,122.00000000000013,25.883681,25.733333333333334,150.35,1
123,123.00000000000014,26.044792,25.733333333333334,311.46,1
124,124.00000000000014,26.198264,25.766666666666666,431.6,1
125,125.00000000000014,26.351736,25.766666666666666,585.07,1
126,126.0000000000002,26.505208000000003,25.833333333333332,671.87,1
127,127.00000000000014,26.708854,25.933333333333334,775.52,1
128,128.00000000000014,26.9125,26.733333333333334,179.17,1
129,129.00000000000014,27.116145,26.9,216.15,1
130,130.00000000000014,27.370535,27.466666666666665,96.13,1
131,131.00000000000014,27.624925,27.7,75.07,1
132,132.00000000000014,27.879315,27.9,20.69,1
133,133.00000000000014,28.133705,28.133333333333333,0.37,1
134,134.00000000000014,28.388095,28.333333333333332,54.76,1
135,135.00000000000014,28.642485,28.5,142.49,1
136,136.0000000000002,28.896875,28.7,196.88,1
137,137.00000000000014,29.126823,28.833333333333332,293.49,1
138,138.00000000000014,29.356771,29.3,56.77,1
139,139.00000000000014,29.586719,29.5,86.72,1
140,140.00000000000014,29.816667,29.7,116.67,1
141,141.00000000000014,30.046614,30.0,46.61,1
142,142.00000000000014,30.276562,30.2,76.56,1
143,143.00000000000014,30.50651,30.433333333333334,73.18,1
144,144.00000000000014,30.736458,30.466666666666665,269.79,1
145,145.00000000000014,30.948698,30.633333333333333,315.36,1
146,146.0000000000002,31.160937,30.666666666666668,494.27,1
147,147.00000000000014,31.306771,30.866666666666667,440.1,1
148,148.00000000000014,31.459375,31.533333333333335,73.96,1
149,149.00000000000017,31.611458,31.6,11.46,1
150,150.0000000000002,31.775,31.833333333333332,58.33,1
151,151.00000000000028,31.944792,31.966666666666665,21.87,1
152,152.00000000000026,32.095833,32.1,4.17,1
153,153.00000000000028,32.266667,32.266666666666666,0.0,1
154,154.00000000000028,32.476563,32.266666666666666,209.9,1
155,155.00000000000028,32.686458,32.7,13.54,1
156,156.00000000000034,32.896353999999995,32.9,3.65,1
157,157.00000000000028,33.117708,33.06666666666667,51.04,1
158,158.00000000000034,33.28125,33.333333333333336,52.08,1
159,159.00000000000034,33.422916,33.6,177.08,1
160,160.00000000000034,33.579167,33.6,20.83,1
161,161.00000000000034,33.742708,33.8,57.29,1
162,162.00000000000034,33.93125,33.8,131.25,1
163,163.00000000000034,34.097916999999995,34.0,97.92,1
164,164.00000000000034,34.25,34.166666666666664,83.33,1
165,165.00000000000028,34.45,34.43333333333333,16.67,1
166,166.0000000000003,34.655208,34.766666666666666,111.46,1
167,167.00000000000034,34.848958,35.0,151.04,1
168,168.00000000000028,35.139583,35.06666666666667,72.92,1
169,169.00000000000028,35.35364600000001,35.56666666666667,213.02,1
170,170.00000000000028,35.567708,35.63333333333333,65.63,1
171,171.0000000000003,35.747396,35.733333333333334,14.06,1
172,172.00000000000037,35.916667,36.0,83.33,1
173,173.00000000000028,36.046875,36.0,46.88,1
174,174.00000000000028,36.232292,36.233333333333334,1.04,1
175,175.00000000000026,36.41875,36.36666666666667,52.08,1
176,176.00000000000026,36.590625,36.6,9.37,1
177,177.00000000000028,36.754167,36.833333333333336,79.17,1
178,178.0000000000002,36.9625,37.03333333333333,70.83,1
179,179.00000000000017,37.170833,37.266666666666666,95.83,1
180,180.0000000000002,37.379166,37.43333333333333,54.17,1
181,181.0000000000002,37.661458,37.56666666666667,94.79,1
182,182.00000000000026,37.835417,37.9,64.58,1
183,183.00000000000017,37.986459,38.03333333333333,46.87,1
184,184.00000000000014,38.16875,38.13333333333333,35.42,1
185,185.00000000000014,38.33125,38.36666666666667,35.42,1
186,186.00000000000017,38.50625,38.46666666666667,39.58,1
187,187.0000000000002,38.672917,38.6,72.92,1
188,188.00000000000014,38.848958,38.8,48.96,1
189,189.0000000000001,39.039583,39.06666666666667,27.08,1
190,190.0000000000001,39.240625,39.333333333333336,92.71,1
191,191.0000000000001,39.444792,39.4,44.79,1
192,192.00000000000017,39.901042,39.8,101.04,1
193,193.00000000000017,40.340625,40.0,340.63,1
194,194.00000000000017,40.496354,40.666666666666664,170.31,1
195,195.00000000000017,40.65208300000001,40.733333333333334,81.25,1
196,196.00000000000017,40.85,40.8,50.0,1
197,197.00000000000017,41.152604,41.233333333333334,80.73,1
198,198.0000000000002,41.455208,41.266666666666666,188.54,1
199,199.0000000000002,41.651042,41.3,351.04,1
200,200.00000000000017,41.851042,41.36666666666667,484.38,1
201,201.00000000000017,42.055208,41.6,455.21,1
202,202.00000000000014,42.30833300000001,42.166666666666664,141.67,1
203,203.00000000000017,42.465364,42.7,234.64,1
204,204.00000000000017,42.622396,42.7,77.6,1
205,205.00000000000017,42.82395800000001,42.8,23.96,1
206,206.00000000000017,43.0125,42.96666666666667,45.83,1
207,207.00000000000017,43.263541,42.96666666666667,296.87,1
208,208.00000000000017,43.539063,43.03333333333333,505.73,1
209,209.00000000000017,43.71875,43.5,218.75,1
210,210.00000000000017,44.003646,43.93333333333333,70.31,1
211,211.00000000000017,44.166667,44.0,166.67,1
212,212.00000000000017,44.374479,44.03333333333333,341.15,1
213,213.0000000000002,44.582291,44.53333333333333,48.96,1
214,214.00000000000017,44.811458,44.733333333333334,78.12,1
215,215.0000000000002,45.05677100000001,45.06666666666667,9.9,1
216,216.0000000000002,45.278125,45.266666666666666,11.46,1
217,217.0000000000002,45.47448,45.333333333333336,141.15,1
218,218.0000000000002,45.736458,45.56666666666667,169.79,1
219,219.0000000000002,46.101042,45.93333333333333,167.71,1
220,220.0000000000002,46.322614,46.233333333333334,89.28,1
221,221.00000000000028,46.517351,46.3,217.35,1
222,222.0000000000003,46.791982,46.7,91.98,1
223,223.0000000000003,47.054167,46.7,354.17,1
224,224.0000000000003,47.280208,47.4,119.79,1
225,225.0000000000003,47.483333,47.5,16.67,1
226,226.0000000000003,47.703125,47.7,3.12,1
227,227.0000000000003,47.858594,47.7,158.59,1
228,228.0000000000003,48.014063,47.733333333333334,280.73,1
229,229.0000000000003,48.226042,48.2,26.04,1
230,230.0000000000003,48.407291,48.36666666666667,40.62,1
231,231.0000000000003,48.645313,48.56666666666667,78.65,1
232,232.0000000000003,48.966666,48.9,66.67,1
233,233.00000000000034,49.242187,49.2,42.19,1
234,234.00000000000037,49.517708,49.266666666666666,251.04,1
235,235.00000000000037,49.729167,49.266666666666666,462.5,1
236,236.00000000000037,49.903125,49.93333333333333,30.21,1
237,237.00000000000037,50.142708,50.03333333333333,109.37,1
238,238.00000000000037,50.3875,50.13333333333333,254.17,1
239,239.00000000000037,50.6875,50.53333333333333,154.17,1
240,240.00000000000037,51.022396,50.833333333333336,189.06,1
241,241.00000000000037,51.384375,50.833333333333336,551.04,1
242,242.0000000000003,51.602083,50.9,702.08,1
243,243.0000000000003,51.798958,51.333333333333336,465.62,1
244,244.00000000000034,52.011979,51.4,611.98,1
245,245.0000000000003,52.236458,52.03333333333333,203.12,1
246,246.00000000000034,52.49323,52.03333333333333,459.9,1
247,247.00000000000037,52.701042,52.7,1.04,1
248,248.00000000000037,52.89895799999999,53.1,201.04,1
249,249.00000000000037,53.09375,53.2,106.25,1
250,250.0000000000004,53.30520799999999,53.43333333333333,128.13,1
251,251.00000000000037,53.4625,53.666666666666664,204.17,1
252,252.0000000000004,53.669271,53.7,30.73,1
253,253.00000000000037,53.903125,53.93333333333333,30.21,1
254,254.0000000000004,54.06875,54.03333333333333,35.42,1
255,255.00000000000037,54.292708,54.266666666666666,26.04,1
256,256.0000000000004,54.578125,54.56666666666667,11.46,1
257,257.00000000000034,54.834115,54.7,134.11,1
258,258.00000000000045,55.090105,55.13333333333333,43.23,1
259,259.0000000000004,55.39375,55.43333333333333,39.58,1
260,260.0000000000004,55.598958,55.6,1.04,1
261,261.00000000000045,55.77239599999999,55.6,172.4,1
262,262.0000000000004,56.021875,56.13333333333333,111.46,1
263,263.00000000000045,56.295313,56.13333333333333,161.98,1
264,264.00000000000045,56.590625,56.43333333333333,157.29,1
265,265.0000000000004,56.884375,56.9,15.62,1
266,266.0000000000004,57.057292,56.96666666666667,90.63,1
267,267.00000000000045,57.27395799999999,56.96666666666667,307.29,1
268,268.00000000000045,57.614583,57.53333333333333,81.25,1
269,269.00000000000045,57.827083,57.86666666666667,39.58,1
270,270.00000000000045,58.08125,58.06666666666667,14.58,1
271,271.0000000000004,58.390625,58.36666666666667,23.96,1
272,272.0000000000004,58.561719,58.666666666666664,104.95,1
273,273.00000000000045,58.732813,58.9,167.19,1
274,274.0000000000004,58.958854,58.93333333333333,25.52,1
275,275.0000000000005,59.145833,58.96666666666667,179.17,1
276,276.0000000000005,59.34479200000001,59.56666666666667,221.87,1
277,277.0000000000005,59.595312,59.7,104.69,1
278,278.0000000000005,59.80052,59.733333333333334,67.19,1
279,279.0000000000005,60.060938,59.8,260.94,1
280,280.0000000000005,60.318229,60.0,318.23,1
281,281.0000000000005,60.520833,60.6,79.17,1
282,282.0000000000005,60.803125,60.6,203.12,1
283,283.0000000000005,61.06979200000001,60.7,369.79,1
284,284.0000000000005,61.240625,61.166666666666664,73.96,1
285,285.0000000000005,61.49322900000001,61.166666666666664,326.56,1
286,286.0000000000004,61.759375,61.96666666666667,207.29,1
287,287.0000000000005,62.083854,62.0,83.85,1
288,288.0000000000004,62.454687,62.266666666666666,188.02,1
289,289.0000000000005,62.81875,62.8,18.75,1
290,290.0000000000005,62.996875,62.96666666666667,30.21,1
291,291.0000000000005,63.198437,63.0,198.44,1
292,292.0000000000005,63.439583,63.4,39.58,1
293,293.00000000000057,63.623958,63.63333333333333,9.38,1
294,294.0000000000005,63.878125,63.733333333333334,144.79,1
295,295.00000000000057,64.084375,63.766666666666666,317.71,1
296,296.0000000000005,64.253125,64.16666666666667,86.46,1
297,297.00000000000057,64.465625,64.73333333333333,267.71,1
298,298.0000000000005,64.66875,64.76666666666667,97.92,1
299,299.00000000000057,64.852083,64.93333333333334,81.25,1
300,300.0000000000005,65.083334,65.06666666666666,16.67,1
301,301.00000000000057,65.267708,65.13333333333334,134.37,1
302,302.0000000000005,65.482812,65.46666666666667,16.15,1
303,303.00000000000057,65.719792,65.46666666666667,253.13,1
304,304.00000000000057,65.896875,65.5,396.87,1
305,305.0000000000006,66.116667,65.53333333333333,583.33,1
306,306.00000000000057,66.407292,66.0,407.29,1
307,307.0000000000006,66.6,66.4,200.0,1
308,308.0000000000006,66.814583,66.86666666666666,52.08,1
309,309.0000000000006,67.033333,66.86666666666666,166.67,1
310,310.0000000000006,67.252083,67.03333333333333,218.75,1
311,311.0000000000006,67.490105,67.03333333333333,456.77,1
312,312.0000000000006,67.766667,67.06666666666666,700.0,1
313,313.0000000000006,67.998958,67.33333333333333,665.62,1
314,314.0000000000006,68.159375,68.23333333333333,73.96,1
315,315.0000000000006,68.411979,68.23333333333333,178.65,1
316,316.0000000000006,68.745312,68.7,45.31,1
317,317.0000000000006,68.985417,68.96666666666667,18.75,1
318,318.0000000000007,69.32760400000001,69.33333333333333,5.73,1
319,319.0000000000007,69.59375,69.33333333333333,260.42,1
320,320.0000000000007,69.752083,69.36666666666666,385.42,1
321,321.0000000000007,69.957813,69.93333333333334,24.48,1
322,322.0000000000007,70.163542,70.13333333333334,30.21,1
323,323.0000000000007,70.334896,70.36666666666666,31.77,1
324,324.0000000000007,70.564583,70.56666666666666,2.08,1
325,325.00000000000057,70.784375,70.83333333333333,48.96,1
326,326.0000000000006,70.975,70.96666666666667,8.33,1
327,327.0000000000007,71.202605,71.16666666666667,35.94,1
328,328.0000000000007,71.367708,71.4,32.29,1
329,329.0000000000007,71.53125,71.56666666666666,35.42,1
330,330.0000000000007,71.68333299999998,71.9,216.67,1
331,331.0000000000006,71.90208299999998,72.23333333333333,331.25,1
332,332.0000000000007,72.061458,72.36666666666666,305.21,1
333,333.0000000000007,72.366667,72.4,33.33,1
334,334.00000000000074,72.55625,72.53333333333333,22.92,1
335,335.00000000000074,72.741667,72.7,41.67,1
336,336.0000000000008,72.95625,72.93333333333334,22.92,1
337,337.0000000000008,73.179167,72.96666666666667,212.5,1
338,338.0000000000008,73.347396,73.6,252.6,1
339,339.0000000000008,73.680208,73.7,19.79,1
340,340.00000000000085,73.857292,73.93333333333334,76.04,1
341,341.0000000000008,74.059375,74.06666666666666,7.29,1
342,342.00000000000085,74.236458,74.16666666666667,69.79,1
343,343.00000000000085,74.413542,74.16666666666667,246.88,1
344,344.0000000000009,74.605209,74.73333333333333,128.12,1
345,345.0000000000009,74.809249,74.83333333333333,24.08,1
346,346.0000000000009,74.934375,74.96666666666667,32.29,1
347,347.0000000000009,75.173958,75.13333333333334,40.62,1
348,348.00000000000097,75.425,75.4,25.0,1
349,349.0000000000009,75.620834,75.6,20.83,1
350,350.00000000000097,75.81666700000002,75.96666666666667,150.0,1
351,351.000000000001,75.99375,76.0,6.25,1
352,352.000000000001,76.155208,76.1,55.21,1
353,353.000000000001,76.361458,76.5,138.54,1
354,354.0000000000011,76.5125,76.53333333333333,20.83,1
355,355.0000000000011,76.7125,76.56666666666666,145.83,1
356,356.0000000000011,76.9125,76.7,212.5,1
357,357.0000000000011,77.106771,77.1,6.77,1
358,358.00000000000114,77.286458,77.3,13.54,1
359,359.00000000000125,77.476042,77.63333333333334,157.29,1
360,360.00000000000125,77.647917,77.63333333333334,14.58,1
361,361.00000000000125,77.859375,77.86666666666666,7.29,1
362,362.00000000000114,78.070833,78.06666666666666,4.17,1
363,363.0000000000013,78.23698,78.2,36.98,1
364,364.0000000000013,78.409375,78.43333333333334,23.96,1
365,365.0000000000013,78.61875,78.76666666666667,147.92,1
366,366.0000000000014,78.76979200000002,78.8,30.21,1
367,367.0000000000014,78.979688,78.83333333333333,146.35,1
368,368.0000000000015,79.189583,78.96666666666667,222.92,1
369,369.0000000000014,79.378125,79.33333333333333,44.79,1
370,370.0000000000013,79.564583,79.43333333333334,131.25,1
371,371.00000000000165,79.766667,79.83333333333333,66.67,1
372,372.00000000000153,79.97291700000002,79.93333333333334,39.58,1
373,373.00000000000153,80.154687,80.23333333333333,78.65,1
374,374.0000000000016,80.336458,80.43333333333334,96.88,1
375,375.0000000000017,80.498437,80.6,101.56,1
376,376.0000000000015,80.669792,80.76666666666667,96.87,1
377,377.00000000000176,80.866667,81.03333333333333,166.67,1
378,378.0000000000017,81.005208,81.06666666666666,61.46,1
379,379.0000000000018,81.189583,81.2,10.42,1
380,380.00000000000176,81.365625,81.33333333333333,32.29,1
381,381.0000000000019,81.55625,81.53333333333333,22.92,1
382,382.0000000000019,81.740625,81.8,59.38,1
383,383.000000000002,81.916667,82.03333333333333,116.67,1
384,384.0000000000019,82.064583,82.2,135.42,1
385,385.0000000000019,82.317534,82.2,117.53,1
386,386.0000000000019,82.570486,82.83333333333333,262.85,1
387,387.000000000002,82.823437,82.86666666666666,43.23,1
388,388.0000000000019,83.030777,82.86666666666666,164.11,1
389,389.000000000002,83.23811500000002,82.9,338.12,1
390,390.0000000000019,83.44545500000002,82.9,545.46,1
391,391.000000000002,83.652794,82.93333333333334,719.46,1
392,392.0000000000019,83.860132,82.96666666666667,893.47,1
393,393.0000000000019,84.067471,82.96666666666667,1100.8,1
394,394.0000000000019,84.27481,83.0,1274.81,1
395,395.0000000000018,84.48214899999998,83.03333333333333,1448.82,1
396,396.0000000000019,84.689488,83.03333333333333,1656.15,1
397,397.00000000000193,84.896827,83.06666666666666,1830.16,1
398,398.000000000002,85.104166,84.1,1004.17,1
399,399.0000000000018,85.278646,84.36666666666666,911.98,1
400,400.000000000002,85.478386,84.36666666666666,1111.72,1
401,401.0000000000018,85.678125,85.46666666666667,211.46,1
402,402.00000000000205,85.877605,85.6,277.61,1
403,403.00000000000205,86.101823,85.6,501.82,1
404,404.000000000002,86.326042,85.63333333333334,692.71,1
405,405.00000000000205,86.55026099999998,86.1,450.26,1
406,406.000000000002,86.77448000000003,87.2,425.52,1
407,407.0000000000019,86.998698,87.2,201.3,1
408,408.0000000000021,87.22291700000002,87.63333333333334,410.42,1
409,409.00000000000205,87.45815999999998,87.66666666666667,208.51,1
410,410.000000000002,87.693403,87.66666666666667,26.74,1
411,411.00000000000205,87.928646,87.83333333333333,95.31,1
412,412.000000000002,88.121094,88.03333333333333,87.76,1
413,413.0000000000019,88.313542,88.43333333333334,119.79,1
414,414.00000000000216,88.505989,89.1,594.01,1
415,415.00000000000205,88.698437,89.13333333333334,434.9,1
416,416.000000000002,88.890885,89.16666666666667,275.78,1
417,417.00000000000205,89.083333,89.2,116.67,1
418,418.000000000002,89.24088499999998,89.2,40.88,1
419,419.00000000000205,89.398438,89.3,98.44,1
420,420.00000000000205,89.684375,89.66666666666667,17.71,1
421,421.0000000000021,89.928646,89.8,128.65,1
422,422.00000000000216,90.172916,90.2,27.08,1
423,423.0000000000021,90.366146,90.33333333333333,32.81,1
424,424.0000000000021,90.569792,90.33333333333333,236.46,1
425,425.00000000000216,90.773438,90.73333333333333,40.1,1
426,426.00000000000233,90.988021,90.93333333333334,54.69,1
427,427.00000000000216,91.234462,90.93333333333334,301.13,1
428,428.00000000000233,91.480903,90.96666666666667,514.24,1
429,429.00000000000216,91.727344,91.86666666666666,139.32,1
430,430.0000000000021,91.973785,91.86666666666666,107.12,1
431,431.00000000000216,92.220226,92.43333333333334,213.11,1
432,432.00000000000233,92.466667,92.46666666666667,0.0,1
433,433.00000000000216,92.707813,92.46666666666667,241.15,1
434,434.00000000000233,92.948958,92.83333333333333,115.62,1
435,435.00000000000216,93.190104,92.86666666666666,323.44,1
436,436.00000000000216,93.391406,93.23333333333333,158.07,1
437,437.00000000000216,93.592708,93.36666666666666,226.04,1
438,438.00000000000205,93.79401,93.4,394.01,1
439,439.00000000000216,93.995313,93.43333333333334,561.98,1
440,440.0000000000022,94.196615,93.46666666666667,729.95,1
441,441.00000000000233,94.397917,94.36666666666666,31.25,1
442,442.0000000000022,94.698091,94.7,1.91,1
443,443.0000000000022,94.998264,95.06666666666666,68.4,1
444,444.0000000000021,95.298438,95.3,1.56,1
445,445.0000000000022,95.462847,95.4,62.85,1
446,446.00000000000233,95.627257,95.4,227.26,1
447,447.00000000000233,95.791667,95.5,291.67,1
448,448.00000000000233,95.938195,95.5,438.19,1
449,449.0000000000022,96.084722,96.06666666666666,18.06,1
450,450.0000000000021,96.23125,96.1,131.25,1
451,451.0000000000022,96.421701,96.23333333333333,188.37,1
452,452.0000000000022,96.612153,97.26666666666667,654.51,1
453,453.0000000000025,96.802604,97.43333333333334,630.73,1
454,454.00000000000233,97.060044,97.63333333333334,573.29,1
455,455.0000000000022,97.317485,97.83333333333333,515.85,1
456,456.00000000000233,97.574926,98.03333333333333,458.41,1
457,457.0000000000022,97.832366,98.26666666666667,434.3,1
458,458.00000000000233,98.089806,98.46666666666667,376.86,1
459,459.0000000000022,98.347247,98.5,152.75,1
460,460.00000000000233,98.604687,98.6,4.69,1
461,461.0000000000022,98.871354,98.6,271.35,1
462,462.00000000000233,99.138021,98.83333333333333,304.69,1
463,463.0000000000022,99.404687,98.9,504.69,1
464,464.00000000000233,99.671354,98.93333333333334,738.02,1
465,465.00000000000233,99.938021,99.2,738.02,1
466,466.00000000000233,100.204687,99.63333333333334,571.35,1
467,467.0000000000022,100.471354,99.83333333333333,638.02,1
468,468.00000000000233,100.738021,99.83333333333333,904.69,1
469,469.0000000000022,101.004687,100.06666666666666,938.02,1
470,470.00000000000233,101.271354,100.1,1171.35,1
471,471.0000000000024,101.463021,100.1,1363.02,1
472,472.0000000000024,101.650781,100.23333333333333,1417.45,1
473,473.00000000000233,101.838542,101.4,438.54,1
474,474.0000000000024,102.066146,101.4,666.15,1
475,475.0000000000024,102.279775,101.46666666666667,813.11,1
476,476.0000000000024,102.493403,101.56666666666666,926.74,1
477,477.00000000000244,102.707031,101.96666666666667,740.36,1
478,478.0000000000024,102.92066,103.16666666666667,246.01,1
479,479.0000000000024,103.134288,103.16666666666667,32.38,1
480,480.0000000000024,103.347917,103.5,152.08,1
481,481.00000000000233,103.57691,103.53333333333333,43.58,1
482,482.0000000000024,103.805903,103.63333333333334,172.57,1
483,483.00000000000244,104.034896,103.63333333333334,401.56,1
484,484.0000000000024,104.206979,104.2,6.98,1
485,485.00000000000244,104.379063,104.43333333333334,54.27,1
486,486.00000000000244,104.551146,104.56666666666666,15.52,1
487,487.0000000000024,104.723229,104.83333333333333,110.1,1
488,488.00000000000244,104.895313,104.83333333333333,61.98,1
489,489.0000000000025,105.00625,104.86666666666666,139.58,1
490,490.00000000000244,105.25781299999998,104.86666666666666,391.15,1
491,491.0000000000025,105.509375,105.53333333333333,23.96,1
492,492.0000000000025,105.783333,105.76666666666667,16.67,1
493,493.00000000000256,106.01849,105.9,118.49,1
494,494.0000000000025,106.253646,106.3,46.35,1
495,495.00000000000256,106.446875,106.36666666666666,80.21,1
496,496.0000000000027,106.632552,106.36666666666666,265.89,1
497,497.00000000000256,106.818229,106.56666666666666,251.56,1
498,498.00000000000256,107.03177,106.73333333333333,298.44,1
499,499.0000000000027,107.257031,107.0,257.03,1
500,500.0000000000026,107.482291,107.03333333333333,448.96,1
501,501.00000000000256,107.707552,108.33333333333333,625.78,1
502,502.0000000000027,107.932812,108.53333333333333,600.52,1
503,503.0000000000026,108.158073,108.7,541.93,1
504,504.00000000000256,108.383333,108.86666666666666,483.33,1
505,505.0000000000026,108.630555,108.86666666666666,236.11,1
506,506.0000000000026,108.877778,108.9,22.22,1
507,507.00000000000273,109.125,109.0,125.0,1
508,508.0000000000027,109.325695,109.23333333333333,92.36,1
509,509.0000000000027,109.526389,109.56666666666666,40.28,1
510,510.0000000000026,109.727084,109.73333333333333,6.25,1
511,511.0000000000027,109.927778,109.93333333333334,5.56,1
512,512.0000000000026,110.128473,110.26666666666667,138.19,1
513,513.0000000000026,110.329167,110.4,70.83,1
514,514.0000000000026,110.58507,110.46666666666667,118.4,1
515,515.0000000000026,110.840972,110.93333333333334,92.36,1
516,516.0000000000026,111.096875,111.13333333333334,36.46,1
517,517.0000000000026,111.25798600000002,111.2,57.99,1
518,518.0000000000026,111.419097,111.23333333333333,185.76,1
519,519.0000000000026,111.580208,111.36666666666666,213.54,1
520,520.0000000000026,111.721528,111.36666666666666,354.86,1
521,521.0000000000026,111.862847,111.53333333333333,329.51,1
522,522.0000000000026,112.004167,111.76666666666667,237.5,1
523,523.0000000000026,112.202257,112.43333333333334,231.08,1
524,524.0000000000025,112.400347,112.6,199.65,1
525,525.0000000000026,112.598438,112.76666666666667,168.23,1
526,526.0000000000025,112.86467,113.0,135.33,1
527,527.0000000000026,113.130903,113.33333333333333,202.43,1
528,528.0000000000026,113.397135,113.53333333333333,136.2,1
529,529.0000000000026,113.663368,113.73333333333333,69.97,1
530,530.0000000000026,113.9296,113.73333333333333,196.27,1
531,531.0000000000025,114.195833,114.13333333333334,62.5,1
532,532.0000000000025,114.774305,114.4,374.3,1
533,533.0000000000026,115.352778,114.63333333333334,719.44,1
534,534.0000000000026,115.93125,114.8,1131.25,1
535,534.9979166666692,116.04401,114.9,1144.01,1
536,535.9979166666691,116.156771,115.23333333333333,923.44,1
537,537.0000000000024,116.269531,115.46666666666667,802.86,1
538,537.9979166666689,116.382292,115.7,682.29,1
539,538.9979166666687,116.495052,115.9,595.05,1
540,540.000000000002,116.607812,116.0,607.81,1
541,541.0000000000019,116.846094,116.23333333333333,612.76,1
542,542.000000000002,117.084375,116.56666666666666,517.71,1
543,543.0000000000019,117.231771,117.23333333333333,1.56,1
544,544.000000000002,117.401042,117.53333333333333,132.29,1
545,545.000000000002,117.517708,117.53333333333333,15.63,1
546,546.000000000002,117.698958,117.8,101.04,1
547,547.000000000002,117.872917,117.86666666666666,6.25,1
548,548.0000000000022,118.030208,118.03333333333333,3.13,1
549,549.0000000000022,118.188542,118.13333333333334,55.21,1
550,550.0000000000022,118.386459,118.4,13.54,1
551,551.0000000000022,118.584375,118.8,215.63,1
552,552.0000000000022,118.782292,118.83333333333333,51.04,1
553,553.0000000000023,119.027083,119.0,27.08,1
554,554.0000000000023,119.179167,119.2,20.83,1
555,555.0000000000023,119.339062,119.33333333333333,5.73,1
556,556.0000000000023,119.503125,119.56666666666666,63.54,1
557,557.0000000000023,119.657292,119.66666666666667,9.37,1
558,558.0000000000023,119.853125,119.66666666666667,186.46,1
559,559.0000000000023,120.011458,119.86666666666666,144.79,1
560,560.0000000000024,120.164583,120.1,64.58,1
561,561.0000000000025,120.360417,120.36666666666666,6.25,1
562,562.0000000000024,120.579167,120.73333333333333,154.17,1
563,563.0000000000025,120.777083,120.93333333333334,156.25,1
564,564.0000000000025,121.072917,121.13333333333334,60.42,1
565,565.0000000000025,121.297396,121.33333333333333,35.94,1
566,566.0000000000025,121.521875,121.46666666666667,55.21,1
567,567.0000000000025,121.708333,121.7,8.33,1
568,568.0000000000025,121.885417,121.93333333333334,47.92,1
569,569.0000000000025,122.016667,122.0,16.67,1
570,570.0000000000025,122.201042,122.2,1.04,1
571,571.0000000000026,122.398958,122.36666666666666,32.29,1
572,572.0000000000025,122.564583,122.56666666666666,2.08,1
573,573.0000000000026,122.736458,122.76666666666667,30.21,1
574,574.0000000000028,122.954166,122.96666666666667,12.5,1
575,575.0000000000028,123.171875,123.26666666666667,94.79,1
576,576.0000000000028,123.389583,123.4,10.42,1
577,577.0000000000028,123.676042,123.6,76.04,1
578,578.0000000000028,123.838542,123.93333333333334,94.79,1
579,579.000000000003,124.003646,124.06666666666666,63.02,1
580,580.0000000000028,124.175,124.13333333333334,41.67,1
581,581.000000000003,124.34375,124.36666666666666,22.92,1
582,582.000000000003,124.525521,124.5,25.52,1
583,583.000000000003,124.696875,124.6,96.88,1
584,584.000000000003,124.866667,124.8,66.67,1
585,585.0000000000031,125.06198,125.1,38.02,1
586,586.0000000000031,125.260417,125.36666666666666,106.25,1
587,587.0000000000031,125.497917,125.43333333333334,64.58,1
588,588.0000000000031,125.959375,125.9,59.37,1
589,589.0000000000031,126.402083,126.1,302.08,1
590,590.0000000000031,126.567708,126.23333333333333,334.37,1
591,591.0000000000031,126.742708,126.86666666666666,123.96,1
592,592.0000000000031,127.0,126.96666666666667,33.33,1
593,593.0000000000031,127.240625,127.3,59.38,1
594,594.0000000000031,127.54375,127.3,243.75,1
595,595.0000000000031,127.753125,127.33333333333333,419.79,1
596,596.0000000000031,127.975,127.33333333333333,641.67,1
597,597.0000000000031,128.196875,127.36666666666666,830.21,1
598,598.0000000000031,128.428125,128.26666666666668,161.46,1
599,599.0000000000032,128.577604,128.3,277.6,1
600,600.0000000000031,128.727083,128.3,427.08,1
601,601.0000000000031,128.94375,128.93333333333334,10.42,1
602,602.0000000000031,129.144792,129.06666666666666,78.13,1
603,603.0000000000031,129.371875,129.13333333333333,238.54,1
604,604.0000000000032,129.632292,129.26666666666668,365.63,1
605,605.0000000000032,129.802083,129.83333333333334,31.25,1
606,606.0000000000033,130.07916699999998,130.03333333333333,45.83,1
607,607.0000000000032,130.2375,130.13333333333333,104.17,1
608,608.0000000000033,130.434375,130.43333333333334,1.04,1
609,609.0000000000033,130.66718799999998,130.66666666666666,0.52,1
610,610.0000000000033,130.897917,130.86666666666667,31.25,1
611,611.0000000000033,131.14166699999998,131.13333333333333,8.33,1
612,612.0000000000033,131.39531200000002,131.26666666666668,128.65,1
613,613.0000000000033,131.583333,131.4,183.33,1
614,614.0000000000033,131.863542,131.56666666666666,296.88,1
615,615.0000000000033,132.186973,132.36666666666667,179.69,1
616,616.0000000000033,132.421657,132.4,21.66,1
617,617.0000000000033,132.636368,132.6,36.37,1
618,618.0000000000033,133.038542,132.83333333333334,205.21,1
619,619.0000000000032,133.226042,132.83333333333334,392.71,1
620,620.0000000000033,133.429167,133.4,29.17,1
621,621.0000000000033,133.620833,133.66666666666666,45.83,1
622,622.0000000000033,133.832292,133.8,32.29,1
623,623.0000000000032,133.99348999999998,134.16666666666666,173.18,1
624,624.0000000000033,134.154688,134.2,45.31,1
625,625.0000000000033,134.37552,134.36666666666667,8.85,1
626,626.0000000000033,134.564062,134.53333333333333,30.73,1
627,627.0000000000034,134.790625,134.83333333333334,42.71,1
628,628.0000000000034,135.083333,135.0,83.33,1
629,629.0000000000033,135.352083,135.3,52.08,1
630,630.0000000000034,135.620833,135.43333333333334,187.5,1
631,631.0000000000034,135.85,135.63333333333333,216.67,1
632,632.0000000000034,136.03020800000002,135.73333333333332,296.87,1
633,633.0000000000034,136.259375,136.26666666666668,7.29,1
634,634.0000000000034,136.48333300000002,136.56666666666666,83.33,1
635,635.0000000000034,136.774479,136.76666666666668,7.81,1
636,636.0000000000035,137.114584,136.76666666666668,347.92,1
637,637.0000000000035,137.4375,136.8,637.5,1
638,638.0000000000034,137.647917,137.16666666666666,481.25,1
639,639.0000000000035,137.828125,138.06666666666666,238.54,1
640,640.0000000000034,138.066146,138.06666666666666,0.52,1
641,641.0000000000035,138.288542,138.3,11.46,1
642,642.0000000000034,138.541667,138.4,141.67,1
643,643.0000000000034,138.769792,138.53333333333333,236.46,1
644,644.0000000000034,138.962761,139.16666666666666,203.91,1
645,645.0000000000034,139.155729,139.36666666666667,210.94,1
646,646.0000000000034,139.369792,139.43333333333334,63.54,1
647,647.0000000000034,139.552083,139.8,247.92,1
648,648.0000000000034,139.772917,140.06666666666666,293.75,1
649,649.0000000000034,139.989583,140.1,110.42,1
650,650.0000000000034,140.15625,140.13333333333333,22.92,1
651,651.0000000000034,140.356771,140.36666666666667,9.9,1
652,652.0000000000034,140.636459,140.53333333333333,103.13,1
653,653.0000000000035,140.817708,141.0,182.29,1
654,654.0000000000034,141.144271,141.2,55.73,1
655,655.0000000000034,141.419792,141.46666666666667,46.87,1
656,656.0000000000034,141.615625,141.63333333333333,17.71,1
657,657.0000000000034,141.79791699999996,141.63333333333333,164.58,1
658,658.0000000000034,142.052083,142.06666666666666,14.58,1
659,659.0000000000034,142.32916699999996,142.13333333333333,195.83,1
660,660.0000000000031,142.613542,142.5,113.54,1
661,661.0000000000032,142.92291699999996,142.93333333333334,10.42,1
662,662.0000000000033,143.09479199999996,143.23333333333332,138.54,1
663,663.0000000000033,143.34479199999996,143.26666666666668,78.13,1
664,664.0000000000031,143.65781299999998,143.6,57.81,1
665,665.000000000003,143.865105,143.93333333333334,68.23,1
666,666.0000000000028,144.12604199999996,144.1,26.04,1
667,667.000000000003,144.451042,144.43333333333334,17.71,1
668,668.000000000003,144.619792,144.76666666666668,146.87,1
669,669.0000000000028,144.788542,144.96666666666667,178.12,1
670,670.0000000000028,145.023438,144.96666666666667,56.77,1
671,671.0000000000025,145.211458,145.1,111.46,1
672,672.0000000000023,145.411458,145.63333333333333,221.88,1
673,673.0000000000023,145.644271,145.8,155.73,1
674,674.0000000000023,145.831771,145.8,31.77,1
675,675.0000000000022,146.088542,145.83333333333334,255.21,1
676,676.0000000000016,146.370834,146.03333333333333,337.5,1
677,677.0000000000016,146.571875,146.66666666666666,94.79,1
678,678.0000000000016,146.832292,146.66666666666666,165.63,1
679,679.0000000000015,147.09270800000004,147.16666666666666,73.96,1
680,680.0000000000016,147.259375,147.33333333333334,73.96,1
681,681.0000000000015,147.5125,147.33333333333334,179.17,1
682,682.0000000000015,147.761458,147.9,138.54,1
683,683.0000000000015,147.995833,147.93333333333334,62.5,1
684,684.0000000000014,148.400521,148.4,0.52,1
685,685.0000000000015,148.7125,148.73333333333332,20.83,1
686,686.0000000000015,148.917708,148.9,17.71,1
687,687.0000000000013,149.142187,148.93333333333334,208.85,1
688,688.0000000000013,149.379167,149.36666666666667,12.5,1
689,689.0000000000013,149.56145800000004,149.56666666666666,5.21,1
690,690.000000000001,149.823958,149.66666666666666,157.29,1
691,691.0000000000011,150.021875,149.7,321.88,1
692,692.0000000000011,150.21979199999996,150.4,180.21,1
693,693.000000000001,150.440625,150.43333333333334,7.29,1
694,694.0000000000011,150.65520800000004,150.46666666666667,188.54,1
695,695.000000000001,150.805208,150.46666666666667,338.54,1
696,696.000000000001,151.058333,151.06666666666666,8.33,1
697,697.0000000000013,151.232292,151.26666666666668,34.37,1
698,698.0000000000008,151.422395,151.33333333333334,89.06,1
699,699.0000000000008,151.664583,151.36666666666667,297.92,1
700,700.0000000000008,151.788542,151.4,388.54,1
701,701.0000000000007,152.019792,151.96666666666667,53.13,1
702,702.0000000000007,152.308334,152.0,308.33,1
703,703.0000000000007,152.526042,152.5,26.04,1
704,704.0000000000007,152.73541699999996,152.63333333333333,102.08,1
705,705.0000000000007,152.93125,152.63333333333333,297.92,1
706,706.0000000000006,153.195833,152.96666666666667,229.17,1
707,707.0000000000005,153.421875,153.0,421.88,1
708,708.0000000000005,153.718229,153.0,718.23,1
709,709.0000000000003,153.946875,153.26666666666668,680.21,1
710,710.0000000000005,154.111458,154.23333333333332,121.88,1
711,711.0000000000005,154.364584,154.3,64.58,1
712,712.0000000000002,154.719271,154.7,19.27,1
713,713.0000000000005,154.951042,154.93333333333334,17.71,1
714,714.0000000000002,155.270833,155.26666666666668,4.17,1
715,715.0000000000002,155.56875,155.3,268.75,1
716,716.0000000000002,155.753906,155.33333333333334,420.57,1
717,717.0000000000001,155.939062,155.93333333333334,5.73,1
718,718.0000000000001,156.149479,156.16666666666666,17.19,1
719,719.0,156.335417,156.43333333333334,97.92,1
720,719.9999999999999,156.541146,156.63333333333333,92.19,1
721,721.0000000000001,156.738542,156.66666666666666,71.88,1
722,721.9999999999998,156.92656200000005,156.96666666666667,40.1,1
723,722.9999999999994,157.153125,157.13333333333333,19.79,1
724,723.9999999999997,157.345833,157.33333333333334,12.5,1
725,724.9999999999999,157.535417,157.66666666666666,131.25,1
726,725.9999999999999,157.678125,157.86666666666667,188.54,1
727,726.9999999999997,157.8875,158.16666666666666,279.17,1
728,727.9999999999995,158.10706499999995,158.33333333333334,226.27,1
729,728.9999999999998,158.322917,158.56666666666666,243.75,1
730,729.9999999999993,158.518229,158.7,181.77,1
731,730.9999999999993,158.715625,158.7,15.62,1
732,731.9999999999992,158.953125,158.83333333333334,119.79,1
733,732.999999999999,159.163542,159.06666666666666,96.88,1
734,733.9999999999992,159.357813,159.7,342.19,1
735,734.9999999999986,159.694792,159.86666666666667,171.87,1
736,735.9999999999989,159.88958300000004,160.0,110.42,1
737,736.9999999999992,160.084375,160.26666666666668,182.29,1
738,737.999999999999,160.272917,160.43333333333334,160.42,1
739,738.999999999999,160.45208300000004,160.43333333333334,18.75,1
740,739.999999999999,160.652604,160.6,52.6,1
741,740.9999999999986,160.858854,160.63333333333333,225.52,1
742,741.9999999999987,160.976042,160.63333333333333,342.71,1
743,742.9999999999986,161.2125,161.0,212.5,1
744,743.9999999999985,161.48125,161.43333333333334,47.92,1
745,744.9999999999985,161.680729,161.63333333333333,47.4,1
746,745.9999999999983,161.880208,161.83333333333334,46.87,1
747,746.9999999999985,162.060417,162.13333333333333,72.92,1
748,747.9999999999985,162.227083,162.2,27.08,1
749,748.9999999999985,162.43645800000004,162.6,163.54,1
750,749.9999999999982,162.59270800000004,162.6,7.29,1
751,750.9999999999982,162.805208,162.63333333333333,171.87,1
752,751.9999999999982,163.017708,162.8,217.71,1
753,752.9999999999984,163.20208300000004,163.2,2.08,1
754,753.9999999999981,163.371875,163.36666666666667,5.21,1
755,754.999999999998,163.57916699999996,163.73333333333332,154.17,1
756,755.999999999998,163.745833,163.73333333333332,12.5,1
757,756.9999999999977,163.94375,163.96666666666667,22.92,1
758,757.9999999999976,164.14166699999996,164.26666666666668,125.0,1
759,758.9999999999978,164.335938,164.3,35.94,1
760,759.9999999999977,164.51458300000004,164.56666666666666,52.08,1
761,760.9999999999978,164.722917,164.76666666666668,43.75,1
762,761.9999999999975,164.867708,164.83333333333334,34.37,1
763,762.9999999999975,165.080729,164.9,180.73,1
764,763.9999999999977,165.29375,165.06666666666666,227.08,1
765,764.9999999999977,165.490625,165.46666666666667,23.96,1
766,765.9999999999974,165.671875,165.63333333333333,38.54,1
767,766.9999999999972,165.865625,165.9,34.38,1
768,767.999999999997,166.129167,166.06666666666666,62.5,1
769,768.9999999999969,166.322396,166.33333333333334,10.94,1
770,769.999999999997,166.515625,166.36666666666667,148.96,1
771,770.999999999997,166.693229,166.8,106.77,1
772,771.9999999999972,166.888542,166.86666666666667,21.88,1
773,772.9999999999967,167.07916699999996,167.5,420.83,1
774,773.9999999999967,167.2375,167.56666666666666,329.17,1
775,774.9999999999966,167.421875,167.66666666666666,244.79,1
776,775.9999999999965,167.59375,167.93333333333334,339.58,1
777,776.9999999999965,167.78125,167.96666666666667,185.42,1
778,777.9999999999964,167.972917,168.0,27.08,1
779,778.9999999999962,168.14375,168.13333333333333,10.42,1
780,779.9999999999964,168.3,168.33333333333334,33.33,1
781,780.9999999999959,168.577951,168.66666666666666,88.72,1
782,781.9999999999962,168.855903,168.73333333333332,122.57,1
783,782.9999999999964,169.133854,169.1,33.85,1
784,783.9999999999961,169.418981,169.1,318.98,1
785,784.999999999996,169.70410900000005,169.13333333333333,570.78,1
786,785.9999999999962,169.989236,169.13333333333333,855.9,1
787,786.9999999999961,170.274363,169.16666666666666,1107.7,1
788,787.9999999999964,170.55949099999995,169.2,1359.49,1
789,788.9999999999962,170.844618,169.2,1644.62,1
790,789.9999999999961,171.129745,169.23333333333332,1896.41,1
791,790.9999999999961,171.414873,169.26666666666668,2148.21,1
792,791.999999999996,171.7,169.26666666666668,2433.33,1
793,792.9999999999977,172.157639,169.3,2857.64,1
794,793.9999999999976,172.615278,170.6,2015.28,1
795,794.9999999999977,173.072917,170.6,2472.92,1
796,795.9999999999977,173.501823,170.8,2701.82,1
797,796.9999999999976,173.930729,170.8,3130.73,1
798,797.9999999999977,174.35963600000005,172.76666666666668,1592.97,1
799,798.9999999999976,174.788542,173.03333333333333,1755.21,1
800,799.9999999999976,175.25,173.23333333333332,2016.67,1
801,800.9999999999976,175.539583,173.4,2139.58,1
802,801.9999999999975,175.788542,174.63333333333333,1155.21,1
803,802.9999999999976,176.040625,175.23333333333332,807.29,1
804,803.9999999999976,176.426042,175.33333333333334,1092.71,1
805,804.9999999999976,176.823959,175.7,1123.96,1
806,805.9999999999977,177.221875,176.03333333333333,1188.54,1
807,806.9999999999976,177.619792,176.4,1219.79,1
808,807.9999999999976,178.06406299999998,176.43333333333334,1630.73,1
809,808.9999999999977,178.508333,176.46666666666667,2041.67,1
810,809.9999999999976,178.952604,177.56666666666666,1385.94,1
811,810.9999999999976,179.396875,177.63333333333333,1763.54,1
812,811.9999999999975,179.776042,177.8,1976.04,1
813,812.9999999999972,180.059375,178.06666666666666,1992.71,1
814,813.9999999999974,180.354167,178.9,1454.17,1
815,814.9999999999975,180.893229,179.2,1693.23,1
816,815.9999999999972,181.432292,180.06666666666666,1365.63,1
817,816.9999999999974,181.813195,180.16666666666666,1646.53,1
818,817.9999999999974,182.194097,180.33333333333334,1860.76,1
819,818.9999999999972,182.575,181.4,1175.0,1
820,819.9999999999974,183.176562,181.63333333333333,1543.23,1
821,820.999999999997,183.778125,181.86666666666667,1911.46,1
822,821.9999999999972,184.158854,182.03333333333333,2125.52,1
823,822.9999999999972,184.671441,182.03333333333333,2638.11,1
824,823.9999999999972,185.184028,183.63333333333333,1550.69,1
825,824.9999999999972,185.696615,184.16666666666666,1529.95,1
826,825.9999999999972,186.209201,184.16666666666666,2042.53,1
827,826.9999999999972,186.721788,184.2,2521.79,1
828,827.9999999999972,187.234375,184.23333333333332,3001.04,1
829,828.9999999999972,187.623437,184.23333333333332,3390.1,1
830,829.999999999997,188.0125,184.46666666666667,3545.83,1
831,830.9999999999974,188.425,186.56666666666666,1858.33,1
832,831.9999999999972,188.695869,187.2,1495.87,1
833,832.9999999999969,188.945313,187.96666666666667,978.65,1
834,833.9999999999969,189.259375,188.2,1059.38,1
835,834.999999999997,189.524219,188.26666666666668,1257.55,1
836,835.9999999999969,189.789063,189.0,789.06,1
837,836.9999999999969,190.1,189.1,1000.0,1
838,837.9999999999967,190.448508,189.6,848.51,1
839,838.9999999999967,190.836458,189.76666666666668,1069.79,1
840,839.9999999999967,191.419792,190.1,1319.79,1
841,840.9999999999965,192.494792,190.13333333333333,2361.46,1
842,841.9999999999966,192.767708,190.83333333333334,1934.37,1
843,842.9999999999964,193.007813,191.4,1607.81,1
844,843.9999999999966,193.286458,191.6,1686.46,1
845,844.9999999999966,193.483333,192.76666666666668,716.67,1
846,845.9999999999966,193.721875,192.8,921.88,1
847,846.9999999999966,193.971875,193.26666666666668,705.21,1
848,847.9999999999966,194.284375,193.33333333333334,951.04,1
849,848.9999999999965,194.863542,193.6,1263.54,1
850,849.9999999999967,195.737153,193.63333333333333,2103.82,1
851,850.9999999999967,196.610764,193.66666666666666,2944.1,1
852,851.9999999999967,197.484375,193.7,3784.38,1
853,852.9999999999966,197.915972,193.83333333333334,4082.64,1
854,853.9999999999967,198.34757,194.96666666666667,3380.9,1
855,854.9999999999965,198.779167,195.9,2879.17,1
856,855.9999999999966,199.16224,196.1,3062.24,1
857,856.9999999999966,199.545312,197.83333333333334,1711.98,1
858,857.9999999999966,199.928385,198.66666666666666,1261.72,1
859,858.9999999999966,200.311458,198.66666666666666,1644.79,1
860,859.9999999999965,200.696875,198.83333333333334,1863.54,1
861,860.9999999999965,200.984375,198.96666666666667,2017.71,1
862,861.9999999999967,201.225,200.16666666666666,1058.33,1
863,862.9999999999967,201.467708,200.73333333333332,734.37,1
864,863.9999999999967,201.847917,201.03333333333333,814.58,1
865,864.9999999999968,202.25,201.2,1050.0,1
866,865.9999999999965,202.652084,201.53333333333333,1118.75,1
867,866.9999999999965,203.054167,201.83333333333334,1220.83,1
868,867.9999999999966,203.408594,202.06666666666666,1341.93,1
869,868.9999999999966,203.763021,202.26666666666668,1496.35,1
870,869.9999999999966,204.117448,202.43333333333334,1684.11,1
871,870.9999999999966,204.471875,203.2,1271.88,1
872,871.9999999999967,204.838542,203.2,1638.54,1
873,872.9999999999967,205.091667,203.23333333333332,1858.33,1
874,873.9999999999967,205.365625,203.26666666666668,2098.96,1
875,874.9999999999967,205.73776,203.3,2437.76,1
876,875.9999999999967,206.109895,203.33333333333334,2776.56,1
877,876.9999999999967,206.579167,203.36666666666667,3212.5,1
878,877.9999999999967,206.829167,203.4,3429.17,1
879,878.9999999999967,207.253125,203.43333333333334,3819.79,1
880,879.9999999999967,207.621354,203.46666666666667,4154.69,1
881,880.9999999999967,207.989583,204.46666666666667,3522.92,1
882,881.9999999999967,208.357812,205.66666666666666,2691.15,1
883,882.9999999999967,208.917448,207.56666666666666,1350.78,1
884,883.9999999999967,209.477083,207.76666666666668,1710.42,1
885,884.9999999999967,209.840625,208.26666666666668,1573.96,1
886,885.9999999999967,210.268171,208.46666666666667,1801.5,1
887,886.9999999999967,210.69571800000003,208.63333333333333,2062.38,1
888,887.9999999999967,211.123264,209.8,1323.26,1
889,888.9999999999967,211.55081,210.06666666666666,1484.14,1
890,889.9999999999967,211.978357,210.26666666666668,1711.69,1
891,890.9999999999967,212.405903,210.63333333333333,1772.57,1
892,891.9999999999967,212.83344900000003,212.13333333333333,700.12,1
893,892.9999999999967,213.260996,212.4,861.0,1
894,893.9999999999967,213.688542,212.76666666666668,921.88,1
895,894.9999999999967,214.054911,213.1,954.91,1
896,895.9999999999967,214.42128,213.3,1121.28,1
897,896.9999999999968,214.787649,213.63333333333333,1154.32,1
898,897.9999999999968,215.154018,213.66666666666666,1487.35,1
899,898.9999999999967,215.520387,213.66666666666666,1853.72,1
900,899.9999999999967,215.886756,213.7,2186.76,1
901,900.9999999999968,216.253125,213.73333333333332,2519.79,1
902,901.9999999999967,216.670833,215.33333333333334,1337.5,1
903,902.9999999999966,217.057671,216.06666666666666,991.0,1
904,903.9979166666633,217.477107,216.23333333333332,1243.77,1
905,904.9999999999966,217.93073,216.5,1430.73,1
906,905.9999999999966,218.276041,216.8,1476.04,1
907,906.9999999999966,218.554167,216.8,1754.17,1
908,907.9999999999964,218.83229100000003,217.93333333333334,898.96,1
909,908.9999999999964,219.144271,218.1,1044.27,1
910,909.9999999999965,219.4125,218.1,1312.5,1
911,910.9999999999964,219.68073,218.86666666666667,814.06,1
912,911.9999999999964,219.955208,219.16666666666666,788.54,1
913,912.9999999999964,220.3033,219.2,1103.3,1
914,913.9999999999961,220.671354,219.5,1171.35,1
915,914.9999999999961,221.255209,219.5,1755.21,1
916,915.9999999999961,221.602778,220.2,1402.78,1
917,916.9999999999961,221.950348,220.8,1150.35,1
918,917.9999999999961,222.297917,220.8,1497.92,1
919,918.9999999999961,222.567709,221.36666666666667,1201.04,1
920,919.9999999999961,222.8375,221.4,1437.5,1
921,920.9999999999959,223.172917,221.43333333333334,1739.58,1
922,921.9999999999959,223.45625,221.43333333333334,2022.92,1
923,922.9999999999958,223.791667,222.16666666666666,1625.0,1
924,923.9999999999956,224.438542,222.2,2238.54,1
925,924.9999999999956,225.180208,222.23333333333332,2946.87,1
926,925.9999999999956,225.573958,222.46666666666667,3107.29,1
927,926.9999999999956,225.990105,222.46666666666667,3523.44,1
928,927.9999999999956,226.479688,222.5,3979.69,1
929,928.9999999999953,226.716667,223.03333333333333,3683.33,1
930,929.9999999999953,227.042708,225.56666666666666,1476.04,1
931,930.9999999999953,227.489062,226.56666666666666,922.4,1
932,931.9999999999953,227.72552,226.7,1025.52,1
933,932.9999999999952,227.975521,226.73333333333332,1242.19,1
934,933.9999999999952,228.26875,227.46666666666667,802.08,1
935,934.9999999999952,228.47291600000003,227.6,872.92,1
936,935.9999999999952,228.748437,227.86666666666667,881.77,1
937,936.9999999999952,229.034375,228.16666666666666,867.71,1
938,937.9999999999951,229.271875,228.36666666666667,905.21,1
939,938.9999999999951,229.509896,228.36666666666667,1143.23,1
940,939.9999999999951,229.820313,228.46666666666667,1353.65,1
941,940.999999999995,230.026041,229.26666666666668,759.37,1
942,941.999999999995,230.278125,229.43333333333334,844.79,1
943,942.999999999995,230.580729,229.7,880.73,1
944,943.999999999995,230.789063,230.03333333333333,755.73,1
945,944.999999999995,231.011979,230.26666666666668,745.31,1
946,945.9999999999949,231.277084,230.56666666666666,710.42,1
947,946.9999999999948,231.497917,230.7,797.92,1
948,947.9999999999949,231.878125,231.0,878.13,1
949,948.9999999999948,232.371875,231.03333333333333,1338.54,1
950,949.9999999999948,232.667188,231.5,1167.19,1
951,950.9999999999948,232.972917,231.83333333333334,1139.58,1
952,951.9999999999947,233.326042,231.96666666666667,1359.38,1
953,952.9999999999947,233.539583,232.66666666666666,872.92,1
954,953.9999999999947,233.825521,232.93333333333334,892.19,1
955,954.9999999999947,234.114062,233.03333333333333,1080.73,1
956,955.9999999999947,234.313542,233.53333333333333,780.21,1
957,956.9999999999947,234.548958,233.83333333333334,715.62,1
958,957.9999999999945,234.817709,234.03333333333333,784.38,1
959,958.9999999999944,235.013542,234.2,813.54,1
960,959.9999999999945,235.259375,234.5,759.38,1
961,960.9999999999944,235.523958,234.9,623.96,1
962,961.9999999999944,235.74948,235.0,749.48,1
963,962.9999999999944,235.958333,235.1,858.33,1
964,963.9999999999944,236.256771,235.26666666666668,990.1,1
965,964.9999999999943,236.435417,235.73333333333332,702.08,1
966,965.9999999999943,236.690625,236.0,690.63,1
967,966.9999999999943,236.935417,236.13333333333333,802.08,1
968,967.9999999999942,237.165625,236.4,765.62,1
969,968.9999999999942,237.395312,236.7,695.31,1
970,969.9999999999942,237.635938,236.93333333333334,702.6,1
971,970.9999999999941,237.80104100000003,237.13333333333333,667.71,1
972,971.9999999999941,238.173958,237.33333333333334,840.62,1
973,972.9999999999941,238.517188,237.63333333333333,883.85,1
974,973.9999999999941,238.765625,237.83333333333334,932.29,1
975,974.9999999999941,239.025,238.16666666666666,858.33,1
976,975.9999999999941,239.405729,238.4,1005.73,1
977,976.9999999999939,239.608854,238.76666666666668,842.19,1
978,977.9999999999941,239.877083,239.0,877.08,1
979,978.9999999999939,240.125,239.4,725.0,1
980,979.9999999999939,240.348958,239.7,648.96,1
981,980.9999999999939,240.591667,239.7,891.67,1
982,981.9999999999939,240.90625,240.1,806.25,1
983,982.9999999999937,241.118229,240.3,818.23,1
984,983.9999999999939,241.355729,240.36666666666667,989.06,1
985,984.9999999999937,241.58802000000003,240.96666666666667,621.35,1
986,985.9999999999937,241.82239500000003,241.03333333333333,789.06,1
987,986.9999999999937,242.082292,241.3,782.29,1
988,987.9999999999935,242.368229,241.33333333333334,1034.9,1
989,988.9999999999935,242.570313,241.8,770.31,1
990,989.9999999999935,242.858333,242.06666666666666,791.67,1
991,990.9999999999935,243.172917,242.13333333333333,1039.58,1
992,991.9999999999935,243.475,242.6,875.0,1
993,992.9999999999934,244.051042,242.83333333333334,1217.71,1
994,993.9999999999934,244.478125,243.23333333333332,1244.79,1
995,994.9999999999933,244.801562,243.5,1301.56,1
996,995.9999999999933,245.205208,243.66666666666666,1538.54,1
997,996.9999999999934,245.613542,244.53333333333333,1080.21,1
998,997.9999999999932,246.238542,244.76666666666668,1471.88,1
999,998.9999999999932,246.966667,245.03333333333333,1933.33,1
1000,999.9999999999887,247.421875,245.26666666666668,2155.21,1
1001,1000.999999999989,247.605729,245.56666666666666,2039.06,1
1002,1001.999999999989,247.80677000000003,246.9,906.77,1
1003,1002.9999999999891,248.016667,247.33333333333334,683.33,1
1004,1003.9999999999891,248.199479,247.63333333333333,566.15,1
1005,1004.9999999999891,248.356771,247.76666666666668,590.1,1
1006,1005.9999999999892,248.576042,247.9,676.04,1
1007,1006.9999999999892,248.725,248.13333333333333,591.67,1
1008,1007.9999999999893,248.936979,248.36666666666667,570.31,1
1009,1008.9999999999893,249.15,248.63333333333333,516.67,1
1010,1009.9999999999893,249.321875,248.76666666666668,555.21,1
1011,1010.9999999999894,249.513021,248.96666666666667,546.35,1
1012,1011.9999999999894,249.795833,249.03333333333333,762.5,1
1013,1012.9999999999895,249.908333,249.46666666666667,441.67,1
1014,1013.9999999999895,250.076042,249.66666666666666,409.38,1
1015,1014.9999999999895,250.284375,249.83333333333334,451.04,1
1016,1015.9999999999898,250.434375,249.83333333333334,601.04,1
1017,1016.9999999999898,250.645834,249.86666666666667,779.17,1
1018,1017.9999999999899,250.922917,249.96666666666667,956.25,1
1019,1018.9999999999899,251.133854,250.4,733.85,1
1020,1019.9999999999899,251.335417,250.66666666666666,668.75,1
1021,1020.9999999999901,251.545312,250.9,645.31,1
1022,1021.9999999999901,251.723959,251.13333333333333,590.63,1
1023,1022.9999999999902,251.895312,251.3,595.31,1
1024,1023.9999999999902,252.0875,251.5,587.5,1
1025,1024.9999999999902,252.255208,251.76666666666668,488.54,1
1026,1025.9999999999902,252.416666,251.9,516.67,1
1027,1026.9999999999902,252.60625,252.06666666666666,539.58,1
1028,1027.9999999999905,252.774479,252.3,474.48,1
1029,1028.9999999999905,252.953125,252.36666666666667,586.46,1
1030,1029.9999999999905,253.169792,252.56666666666666,603.13,1
1031,1030.9999999999907,253.295833,252.73333333333332,562.5,1
1032,1031.9999999999907,253.490104,252.86666666666667,623.44,1
1033,1032.9999999999907,253.675,253.2,475.0,1
1034,1033.9999999999907,253.8375,253.36666666666667,470.83,1
1035,1034.9999999999907,254.030729,253.53333333333333,497.4,1
1036,1035.999999999991,254.260417,253.6,660.42,1
1037,1036.999999999991,254.399479,253.86666666666667,532.81,1
1038,1037.9999999999911,254.546354,254.13333333333333,413.02,1
1039,1038.9999999999911,254.745833,254.26666666666668,479.17,1
1040,1039.9999999999911,254.916666,254.4,516.67,1
1041,1040.9999999999911,255.109375,254.56666666666666,542.71,1
1042,1041.9999999999911,255.363542,254.6,763.54,1
1043,1042.9999999999914,255.571875,254.86666666666667,705.21,1
1044,1043.9999999999914,255.757813,255.1,657.81,1
1045,1044.9999999999914,255.946354,255.36666666666667,579.69,1
1046,1045.9999999999916,256.104167,255.56666666666666,537.5,1
1047,1046.9999999999916,256.290625,255.7,590.62,1
1048,1047.9999999999916,256.476042,255.9,576.04,1
1049,1048.9999999999916,256.639584,256.1,539.58,1
1050,1049.9999999999916,256.793229,256.3,493.23,1
1051,1050.9999999999918,256.971875,256.43333333333334,538.54,1
1052,1051.9999999999918,257.129166,256.7,429.17,1
1053,1052.9999999999918,257.305208,256.76666666666665,538.54,1
1054,1053.9999999999918,257.542708,256.8666666666667,676.04,1
1055,1054.9999999999918,257.721875,256.96666666666664,755.21,1
1056,1055.999999999992,257.896875,257.3,596.88,1
1057,1056.999999999992,258.040625,257.53333333333336,507.29,1
1058,1057.9999999999923,258.204167,257.73333333333335,470.83,1
1059,1058.9999999999923,258.409375,257.9,509.38,1
1060,1059.9999999999916,258.582291,257.96666666666664,615.62,1
1061,1060.9999999999916,258.746354,258.3,446.35,1
1062,1061.9999999999916,258.890104,258.5,390.1,1
1063,1062.9999999999916,259.071354,258.6,471.35,1
1064,1063.9999999999916,259.219792,258.76666666666665,453.13,1
1065,1064.9999999999916,259.383333,258.8666666666667,516.67,1
1066,1065.9999999999916,259.61875,259.1666666666667,452.08,1
1067,1066.9999999999916,259.8,259.3333333333333,466.67,1
1068,1067.9999999999916,259.977083,259.3666666666667,610.42,1
1069,1068.9999999999916,260.133333,259.6333333333333,500.0,1
1070,1069.9999999999916,260.280208,259.8333333333333,446.87,1
1071,1070.9999999999916,260.45625,260.2,256.25,1
1072,1071.9999999999916,260.677083,260.46666666666664,210.42,1
1073,1072.9999999999916,260.8875,260.6666666666667,220.83,1
1074,1073.9999999999916,261.044792,260.9,144.79,1
1075,1074.9999999999916,261.211458,261.3,88.54,1
1076,1075.9999999999916,261.379167,261.56666666666666,187.5,1
1077,1076.9999999999916,261.589063,261.6,10.94,1
1078,1077.9999999999916,261.794792,261.6333333333333,161.46,1
1079,1078.9999999999916,261.961458,261.6666666666667,294.79,1
1080,1079.9999999999916,262.105208,261.6666666666667,438.54,1
1081,1080.9999999999916,262.288542,262.1666666666667,121.88,1
1082,1081.9999999999916,262.440625,262.2,240.63,1
1083,1082.9999999999916,262.598958,262.4,198.96,1
1084,1083.9999999999916,262.739583,262.6,139.58,1
1085,1084.9999999999916,262.917708,262.9,17.71,1
1086,1085.9999999999916,263.059375,262.96666666666664,92.71,1
1087,1086.9999999999916,263.238542,263.2,38.54,1
1088,1087.9999999999916,263.357292,263.3333333333333,23.96,1
1089,1088.9999999999916,263.558333,263.3333333333333,225.0,1
1090,1089.9999999999916,263.828125,263.3666666666667,461.46,1
1091,1090.9999999999916,264.097916,264.56666666666666,468.75,1
1092,1091.9999999999916,264.367708,265.1666666666667,798.96,1
1093,1092.9999999999918,264.6375,265.1666666666667,529.17,1
1094,1093.9999999999918,264.907291,265.6666666666667,759.38,1
1095,1094.9999999999918,265.177083,265.7,522.92,1
1096,1095.9999999999955,265.529861,265.7,170.14,1
1097,1096.9999999999955,265.88263900000004,265.73333333333335,149.31,1
1098,1097.9999999999955,266.235417,265.73333333333335,502.08,1
1099,1098.9999999999955,266.553646,265.76666666666665,786.98,1
1100,1099.9999999999955,266.871875,265.8,1071.87,1
1101,1100.9999999999955,267.190104,266.1666666666667,1023.44,1
1102,1101.9999999999955,267.508333,266.3333333333333,1175.0,1
1103,1102.9999999999952,267.852083,266.4,1452.08,1
1104,1103.9999999999952,268.095833,266.4,1695.83,1
1105,1104.9999999999952,268.339583,267.5,839.58,1
1106,1105.9999999999952,268.792188,267.9,892.19,1
1107,1106.9999999999952,269.244792,268.1,1144.79,1
1108,1107.9999999999952,269.621528,268.3,1321.53,1
1109,1108.9999999999952,269.998264,268.3,1698.26,1
1110,1109.9999999999952,270.375,268.9,1475.0,1
1111,1110.9999999999952,270.713802,268.9,1813.8,1
1112,1111.9999999999952,271.05260400000003,269.23333333333335,1819.27,1
1113,1112.9999999999952,271.391406,270.3,1091.41,1
1114,1113.9999999999952,271.730208,270.46666666666664,1263.54,1
1115,1114.9999999999952,272.125,270.76666666666665,1358.33,1
1116,1115.9999999999952,272.35,270.8,1550.0,1
1117,1116.999999999995,272.630208,271.7,930.21,1
1118,1117.9999999999952,272.964844,272.1,864.84,1
1119,1118.999999999995,273.299479,272.3666666666667,932.81,1
1120,1119.999999999995,273.721875,272.6,1121.87,1
1121,1120.999999999995,273.98125,272.6,1381.25,1
1122,1121.999999999995,274.485417,273.3,1185.42,1
1123,1122.999999999995,274.84774300000004,273.7,1147.74,1
1124,1123.999999999995,275.21007000000003,273.96666666666664,1243.4,1
1125,1124.999999999995,275.572396,274.56666666666666,1005.73,1
1126,1125.999999999995,276.114323,274.8333333333333,1280.99,1
1127,1126.999999999995,276.65625,275.03333333333336,1622.92,1
1128,1127.9999999999948,277.00572900000003,275.43333333333334,1572.4,1
1129,1128.9999999999948,277.480121,275.6666666666667,1813.45,1
1130,1129.9999999999948,277.954514,275.8666666666667,2087.85,1
1131,1130.9999999999948,278.428906,276.96666666666664,1462.24,1
1132,1131.9999999999948,278.903298,277.1666666666667,1736.63,1
1133,1132.9999999999948,279.377691,277.53333333333336,1844.36,1
1134,1133.9999999999948,279.852083,278.8666666666667,985.42,1
1135,1134.9999999999948,280.258333,278.9,1358.33,1
1136,1135.9999999999948,280.664583,279.8333333333333,831.25,1
1137,1136.999999999995,281.095833,279.8333333333333,1262.5,1
1138,1137.9999999999948,281.366146,279.8666666666667,1499.48,1
1139,1138.9999999999943,281.636458,280.6666666666667,969.79,1
1140,1139.9999999999948,281.961458,280.9,1061.46,1
1141,1140.9999999999948,282.23125,281.5,731.25,1
1142,1141.999999999995,282.501042,281.6666666666667,834.38,1
1143,1142.999999999995,282.8026040000001,281.7,1102.6,1
1144,1143.999999999995,283.173628,282.26666666666665,906.96,1
1145,1144.999999999995,283.563542,282.5,1063.54,1
1146,1145.9999999999952,284.138542,282.56666666666666,1571.88,1
1147,1146.9999999999948,285.226042,282.8333333333333,2392.71,1
1148,1147.999999999995,285.511458,283.6666666666667,1844.79,1
1149,1148.999999999995,285.752605,284.23333333333335,1519.27,1
1150,1149.9999999999948,286.046875,285.03333333333336,1013.54,1
1151,1150.9999999999948,286.276042,285.5,776.04,1
1152,1151.9999999999948,286.534375,285.6333333333333,901.04,1
1153,1152.999999999995,286.836458,285.9,936.46,1
1154,1153.999999999995,287.195833,286.1333333333333,1062.5,1
1155,1154.999999999995,288.038542,286.1666666666667,1871.88,1
1156,1155.9999999999952,289.06684,286.3666666666667,2700.17,1
1157,1156.999999999995,290.095139,286.6,3495.14,1
1158,1157.9999999999948,291.123438,287.03333333333336,4090.1,1
1159,1158.999999999995,291.491667,287.2,4291.67,1
1160,1159.999999999995,291.859896,288.6,3259.9,1
1161,1160.9999999999948,292.228125,288.8333333333333,3394.79,1
1162,1161.999999999995,292.585938,289.03333333333336,3552.6,1
1163,1162.999999999995,292.94375,289.26666666666665,3677.08,1
1164,1163.999999999995,293.301562,289.56666666666666,3734.9,1
1165,1164.999999999995,293.659375,291.6333333333333,2026.04,1
1166,1165.999999999995,294.057292,292.43333333333334,1623.96,1
1167,1166.9999999999952,294.357292,292.43333333333334,1923.96,1
1168,1167.999999999995,294.608333,293.23333333333335,1375.0,1
1169,1168.999999999995,295.073958,294.06666666666666,1007.29,1
1170,1169.9999999999952,295.539583,294.3333333333333,1206.25,1
1171,1170.9999999999952,295.935069,294.5,1435.07,1
1172,1171.999999999995,296.330556,294.6,1730.56,1
1173,1172.999999999995,296.726042,295.56666666666666,1159.38,1
1174,1173.9999999999952,297.09375,295.76666666666665,1327.08,1
1175,1174.9999999999952,297.461458,295.8666666666667,1594.79,1
1176,1175.9999999999952,297.829167,296.1666666666667,1662.5,1
1177,1176.9999999999952,298.196875,296.5,1696.87,1
1178,1177.9999999999952,298.567708,296.8,1767.71,1
1179,1178.9999999999952,298.81875,296.8333333333333,1985.42,1
1180,1179.9999999999952,299.1125,298.1666666666667,945.83,1
1181,1180.9999999999952,299.575521,298.53333333333336,1042.19,1
1182,1181.9999999999955,300.038542,298.8333333333333,1205.21,1
1183,1182.9999999999952,300.661458,299.0,1661.46,1
1184,1183.9999999999955,301.066667,299.1,1966.67,1
1185,1184.9999999999952,301.682292,299.6,2082.29,1
1186,1185.9999999999955,302.049653,300.03333333333336,2016.32,1
1187,1186.9999999999952,302.417014,300.06666666666666,2350.35,1
1188,1187.9999999999952,302.784375,301.73333333333335,1051.04,1
1189,1188.9999999999955,303.305208,301.93333333333334,1371.87,1
1190,1189.9999999999955,303.826042,302.06666666666666,1759.38,1
1191,1190.9999999999955,304.258333,302.73333333333335,1525.0,1
1192,1191.9999999999955,304.666088,302.96666666666664,1699.42,1
1193,1192.9999999999955,305.073842,303.1,1973.84,1
1194,1193.9999999999955,305.481597,304.3,1181.6,1
1195,1194.9999999999955,305.889352,304.5,1389.35,1
1196,1195.9999999999955,306.297106,304.73333333333335,1563.77,1
1197,1196.9999999999955,306.704861,304.96666666666664,1738.19,1
1198,1197.9999999999955,307.112616,306.46666666666664,645.95,1
1199,1198.9999999999955,307.52037,306.6666666666667,853.7,1
1200,1199.9999999999952,307.928125,306.8666666666667,1061.46,1
1201,1200.9999999999955,308.297917,307.1,1197.92,1
1202,1201.9999999999952,308.667708,307.4,1267.71,1
1203,1202.9999999999955,309.0375,307.9,1137.5,1
1204,1203.9999999999952,309.407292,307.93333333333334,1473.96,1
1205,1204.9999999999952,309.777084,307.93333333333334,1843.75,1
1206,1205.9999999999955,310.146875,307.96666666666664,2180.21,1
1207,1206.9999999999957,310.516667,308.03333333333336,2483.33,1
1208,1207.9999999999961,310.94375,309.56666666666666,1377.08,1
1209,1208.9999999999961,311.3406930000001,310.26666666666665,1074.03,1
1210,1209.9979166666628,311.795081,310.5,1295.08,1
1211,1210.9999999999961,312.242188,310.93333333333334,1308.85,1
1212,1211.9999999999961,312.592708,311.06666666666666,1526.04,1
1213,1212.999999999996,312.877083,311.06666666666666,1810.42,1
1214,1213.9999999999961,313.161458,312.23333333333335,928.12,1
1215,1214.9999999999961,313.473958,312.4,1073.96,1
1216,1215.9999999999961,313.745312,312.46666666666664,1278.65,1
1217,1216.9999999999964,314.016666,313.2,816.67,1
1218,1217.9999999999964,314.297395,313.2,1097.4,1
1219,1218.9999999999964,314.6911810000001,313.53333333333336,1157.85,1
1220,1219.9999999999964,315.119271,314.26666666666665,852.6,1
1221,1220.9999999999964,315.727084,314.3666666666667,1360.42,1
1222,1221.9999999999964,316.102083,314.43333333333334,1668.75,1
1223,1222.9999999999964,316.477083,315.2,1277.08,1
1224,1223.9999999999964,316.852083,315.8,1052.08,1
1225,1224.9999999999964,317.121354,315.8333333333333,1288.02,1
1226,1225.9999999999964,317.390625,315.8666666666667,1523.96,1
1227,1226.9999999999968,317.70625,316.8666666666667,839.58,1
1228,1227.9999999999968,317.986458,317.03333333333336,953.12,1
1229,1228.999999999997,318.311458,317.06666666666666,1244.79,1
1230,1229.9999999999973,318.891667,317.56666666666666,1325.0,1
1231,1230.9999999999975,319.535417,317.56666666666666,1968.75,1
1232,1231.9999999999973,319.9125,317.6333333333333,2279.17,1
1233,1232.999999999998,320.285937,317.7,2585.94,1
1234,1233.9999999999975,320.744271,317.7,3044.27,1
1235,1234.9999999999975,320.9875,319.8333333333333,1154.17,1
1236,1235.999999999998,321.315625,319.9,1415.63,1
1237,1236.9999999999984,321.770312,320.6,1170.31,1
1238,1237.999999999998,322.014063,321.03333333333336,980.73,1
1239,1238.999999999998,322.258333,321.26666666666665,991.67,1
1240,1239.999999999998,322.558854,321.76666666666665,792.19,1
1241,1240.9999999999986,322.756771,322.0,756.77,1
1242,1241.9999999999984,323.047917,322.1666666666667,881.25,1
1243,1242.9999999999986,323.353646,322.46666666666664,886.98,1
1244,1243.9999999999986,323.581771,322.6333333333333,948.44,1
1245,1244.9999999999986,323.819271,322.7,1119.27,1
1246,1245.9999999999986,324.118229,322.96666666666664,1151.56,1
1247,1246.9999999999989,324.314583,323.56666666666666,747.92,1
1248,1247.9999999999989,324.551042,323.73333333333335,817.71,1
1249,1248.999999999999,324.817708,324.1333333333333,684.37,1
1250,1249.999999999999,325.044792,324.3666666666667,678.13,1
1251,1250.999999999999,325.269271,324.4,869.27,1
1252,1251.999999999999,325.539583,324.8,739.58,1
1253,1252.9999999999993,325.744271,324.93333333333334,810.94,1
1254,1253.9999999999993,326.109375,325.3,809.37,1
1255,1254.9999999999995,326.609896,325.4,1209.9,1
1256,1255.9999999999998,326.9234370000001,325.76666666666665,1156.77,1
1257,1256.9999999999993,327.213542,325.8666666666667,1346.88,1
1258,1257.9999999999998,327.559896,326.26666666666665,1293.23,1
1259,1258.9999999999998,327.792188,326.76666666666665,1025.52,1
1260,1260.0,328.085417,327.23333333333335,852.08,1
1261,1261.0,328.379687,327.53333333333336,846.35,1
1262,1262.0000000000002,328.607813,327.73333333333335,874.48,1
1263,1263.0000000000002,328.822396,328.1,722.4,1
1264,1264.0000000000002,329.078646,328.3666666666667,711.98,1
1265,1265.0000000000002,329.2671870000001,328.6,667.19,1
1266,1266.0000000000005,329.520833,328.76666666666665,754.17,1
1267,1267.0000000000002,329.7869790000001,329.06666666666666,720.31,1
1268,1268.0000000000005,330.005208,329.23333333333335,771.87,1
1269,1269.0000000000007,330.225,329.3333333333333,891.67,1
1270,1270.0000000000005,330.4875,329.56666666666666,920.83,1
1271,1271.000000000001,330.665104,329.96666666666664,698.44,1
1272,1272.000000000001,330.935417,330.23333333333335,702.08,1
1273,1273.000000000001,331.159896,330.3666666666667,793.23,1
1274,1274.000000000001,331.378646,330.6666666666667,711.98,1
1275,1275.0000000000011,331.608854,330.9,708.85,1
1276,1276.000000000001,331.831771,331.1666666666667,665.1,1
1277,1277.0000000000014,331.994271,331.3666666666667,627.6,1
1278,1278.0000000000014,332.325521,331.6,725.52,1
1279,1279.0000000000014,332.666667,331.7,966.67,1
1280,1280.0000000000014,332.908854,332.03333333333336,875.52,1
1281,1281.000000000002,333.147917,332.3333333333333,814.58,1
1282,1282.0000000000014,333.526042,332.3666666666667,1159.38,1
1283,1283.000000000002,333.73125,332.4,1331.25,1
1284,1284.000000000002,334.008333,333.06666666666666,941.67,1
1285,1285.000000000002,334.266666,333.56666666666666,700.0,1
1286,1286.000000000002,334.49375,333.76666666666665,727.08,1
1287,1287.000000000002,334.742708,334.0,742.71,1
1288,1288.0000000000023,335.080729,334.26666666666665,814.06,1
1289,1289.0000000000023,335.270313,334.46666666666664,803.65,1
1290,1290.0000000000025,335.503646,334.6333333333333,870.31,1
1291,1291.0000000000025,335.766667,335.1666666666667,600.0,1
1292,1292.0000000000025,335.995834,335.2,795.83,1
1293,1293.0000000000027,336.284375,335.3333333333333,951.04,1
1294,1294.0000000000027,336.560417,335.4,1160.42,1
1295,1295.0000000000027,336.760417,336.03333333333336,727.08,1
1296,1296.000000000003,337.08125,336.2,881.25,1
1297,1297.000000000003,337.398959,336.3333333333333,1065.63,1
1298,1298.000000000003,337.7125,336.8,912.5,1
1299,1299.0000000000032,338.171875,336.96666666666664,1205.21,1
1300,1300.0000000000032,338.540104,337.4,1140.1,1
1301,1301.0000000000032,338.84375,337.53333333333336,1310.42,1
1302,1302.0000000000034,339.259375,337.9,1359.38,1
1303,1303.0000000000034,339.617708,338.56666666666666,1051.04,1
1304,1304.0000000000032,340.139583,338.8333333333333,1306.25,1
1305,1305.0000000000061,340.773958,339.1666666666667,1607.29,1
1306,1306.0000000000057,341.20625,339.26666666666665,1939.58,1
1307,1307.0000000000057,341.414063,339.6,1814.06,1
1308,1308.0000000000052,341.621354,340.73333333333335,888.02,1
1309,1309.000000000005,341.8375,341.06666666666666,770.83,1
1310,1310.0000000000048,342.014063,341.3666666666667,647.4,1
1311,1311.0000000000045,342.188542,341.6,588.54,1
1312,1312.0000000000045,342.4,341.73333333333335,666.67,1
1313,1313.0000000000043,342.563542,342.0,563.54,1
1314,1314.0000000000039,342.758854,342.1666666666667,592.19,1
1315,1315.0000000000036,343.011458,342.3,711.46,1
1316,1316.0000000000034,343.122917,342.56666666666666,556.25,1
1317,1317.0000000000034,343.327604,342.8,527.6,1
1318,1318.0000000000032,343.569792,343.06666666666666,503.13,1
1319,1319.000000000003,343.703125,343.1666666666667,536.46,1
1320,1320.0000000000027,343.86198,343.3333333333333,528.65,1
1321,1321.0000000000023,344.077083,343.56666666666666,510.42,1
1322,1322.0000000000023,344.238541,343.73333333333335,505.21,1
1323,1323.000000000002,344.455729,343.8666666666667,589.06,1
1324,1324.0000000000016,344.7375,344.1,637.5,1
1325,1325.0000000000014,344.9875,344.1333333333333,854.17,1
1326,1326.0000000000011,345.202604,344.46666666666664,735.94,1
1327,1327.0000000000011,345.429167,344.76666666666665,662.5,1
1328,1328.000000000001,345.5994790000001,344.96666666666664,632.81,1
1329,1329.0000000000005,345.788542,345.1666666666667,621.88,1
1330,1330.0000000000002,345.99375,345.3,693.75,1
1331,1331.0,346.145833,345.6333333333333,512.5,1
1332,1332.0,346.321875,345.8,521.87,1
1333,1332.9999999999998,346.521875,345.9,621.88,1
1334,1333.9999999999995,346.702604,345.93333333333334,769.27,1
1335,1334.999999999999,346.866667,346.3333333333333,533.33,1
1336,1335.9999999999989,347.064583,346.4,664.58,1
1337,1336.9999999999989,347.2203120000001,346.7,520.31,1
1338,1337.9999999999986,347.404688,346.8333333333333,571.35,1
1339,1338.9999999999984,347.589583,347.1666666666667,422.92,1
1340,1339.999999999998,347.764583,347.26666666666665,497.92,1
1341,1340.9999999999977,347.940625,347.43333333333334,507.29,1
1342,1341.9999999999977,348.1625,347.5,662.5,1
1343,1342.9999999999973,348.317708,347.8,517.71,1
1344,1343.999999999997,348.465625,348.03333333333336,432.29,1
1345,1344.9999999999968,348.675,348.23333333333335,441.67,1
1346,1345.9999999999966,348.815625,348.23333333333335,582.29,1
1347,1346.9999999999966,349.003125,348.26666666666665,736.46,1
1348,1347.9999999999964,349.230208,348.3333333333333,896.87,1
1349,1348.9999999999961,349.436458,348.3333333333333,1103.12,1
1350,1349.9999999999957,349.614583,348.6666666666667,947.92,1
1351,1350.9999999999955,349.809896,349.23333333333335,576.56,1
1352,1351.9999999999955,349.969271,349.46666666666664,502.6,1
1353,1352.9999999999952,350.127604,349.56666666666666,560.94,1
1354,1353.999999999995,350.326042,349.6666666666667,659.38,1
1355,1354.9999999999948,350.478125,349.8666666666667,611.46,1
1356,1355.9999999999943,350.633854,350.1666666666667,467.19,1
1357,1356.9999999999943,350.819792,350.3333333333333,486.46,1
1358,1357.9999999999939,350.975521,350.53333333333336,442.19,1
1359,1358.9999999999936,351.1625,350.56666666666666,595.83,1
1360,1359.9999999999934,351.470833,350.8,670.83,1
1361,1360.9999999999932,351.664583,351.0,664.58,1
1362,1361.9999999999932,351.851042,351.1666666666667,684.38,1
1363,1362.999999999993,352.015625,351.5,515.62,1
1364,1363.9999999999927,352.170833,351.7,470.83,1
1365,1364.9999999999923,352.358334,351.8666666666667,491.67,1
1366,1365.9999999999918,352.544271,352.46666666666664,77.6,1
1367,1366.9999999999918,352.695833,352.7,4.17,1
1368,1367.9999999999918,352.8453120000001,352.8,45.31,1
1369,1368.9999999999918,353.028125,352.9,128.13,1
1370,1369.9999999999918,353.179166,353.23333333333335,54.17,1
1371,1370.9999999999918,353.348958,353.4,51.04,1
1372,1371.9999999999918,353.569792,353.53333333333336,36.46,1
1373,1372.9999999999918,353.75625,353.53333333333336,222.92,1
1374,1373.9999999999918,353.916667,353.56666666666666,350.0,1
1375,1374.9999999999918,354.078125,353.6,478.12,1
1376,1375.9999999999918,354.24375,353.76666666666665,477.08,1
1377,1376.999999999992,354.408333,353.93333333333334,475.0,1
1378,1377.9999999999918,354.632292,354.23333333333335,398.96,1
1379,1378.9999999999918,354.83125,354.43333333333334,397.92,1
1380,1379.9999999999918,355.003125,354.76666666666665,236.46,1
1381,1380.9999999999918,355.154167,354.76666666666665,387.5,1
1382,1381.9999999999918,355.338542,355.1333333333333,205.21,1
1383,1382.9999999999918,355.547395,355.3333333333333,214.06,1
1384,1383.9999999999918,355.752083,355.53333333333336,218.75,1
1385,1384.9999999999918,355.908333,355.76666666666665,141.67,1
1386,1385.9999999999918,356.055208,355.96666666666664,88.54,1
1387,1386.9999999999918,356.234375,356.1,134.37,1
1388,1387.9999999999918,356.364583,356.3333333333333,31.25,1
1389,1388.9999999999918,356.522917,356.3333333333333,189.58,1
1390,1389.9999999999918,356.667708,356.6,67.71,1
1391,1390.9999999999918,356.83125,357.26666666666665,435.42,1
1392,1391.9999999999918,356.966667,357.46666666666664,500.0,1
1393,1392.9999999999918,357.14375,357.46666666666664,322.92,1
1394,1393.9999999999918,357.271875,357.5,228.12,1
1395,1394.999999999992,357.544792,357.53333333333336,11.46,1
1396,1395.999999999992,357.855556,357.53333333333336,322.22,1
1397,1396.999999999992,358.1663200000001,358.5,333.68,1
1398,1397.999999999992,358.477083,358.8333333333333,356.25,1
1399,1398.9999999999918,358.787847,359.06666666666666,278.82,1
1400,1399.9999999999918,359.098611,359.3,201.39,1
1401,1400.9999999999918,359.409375,359.46666666666664,57.29,1
1402,1401.9999999999918,359.685417,359.6333333333333,52.08,1
1403,1402.9999999999918,359.867708,359.8333333333333,34.37,1
1404,1403.9999999999918,360.045833,360.0,45.83,1
1405,1404.9999999999918,360.216667,360.1333333333333,83.33,1
1406,1405.9999999999918,360.392708,360.3333333333333,59.37,1
1407,1406.9999999999918,360.483333,360.5,16.67,1
1408,1407.9999999999918,360.813542,361.26666666666665,453.12,1
1409,1408.9999999999918,360.973958,361.3666666666667,392.71,1
1410,1409.9999999999918,361.122917,361.46666666666664,343.75,1
1411,1410.9999999999918,361.286458,362.8,1513.54,1
1412,1411.9999999999918,361.427083,362.8,1372.92,1
1413,1412.9999999999918,361.592708,363.93333333333334,2340.63,1
1414,1413.9999999999918,361.720833,363.93333333333334,2212.5,1
1415,1414.9999999999918,361.913542,364.56666666666666,2653.12,1
1416,1415.9999999999918,362.021875,364.6,2578.12,1
1417,1416.9999999999918,362.226042,365.1,2873.96,1
1418,1417.9999999999918,362.35625,365.1,2743.75,1
1419,1418.999999999992,362.603125,365.1666666666667,2563.54,1
1420,1419.999999999992,362.927778,365.3666666666667,2438.89,1
1421,1420.999999999992,363.252431,365.6333333333333,2380.9,1
1422,1421.999999999992,363.577083,365.6333333333333,2056.25,1
1423,1422.9999999999918,363.901736,365.6666666666667,1764.93,1
1424,1423.9999999999918,364.226389,365.6666666666667,1440.28,1
1425,1424.9999999999918,364.551041,365.7,1148.96,1
1426,1425.9999999999918,364.877083,365.73333333333335,856.25,1
1427,1426.9999999999918,365.123958,365.73333333333335,609.38,1
1428,1427.9999999999918,365.344792,365.76666666666665,421.87,1
1429,1428.9999999999918,365.614583,365.8,185.42,1
1430,1429.9999999999918,365.790625,365.8,9.38,1
1431,1430.9999999999918,365.954167,365.8333333333333,120.83,1
1432,1431.9999999999918,366.139583,365.8333333333333,306.25,1
1433,1432.9999999999918,366.319792,365.8666666666667,453.13,1
1434,1433.9999999999918,366.509375,365.96666666666664,542.71,1
1435,1434.9999999999918,366.665625,366.2,465.62,1
1436,1435.9999999999918,366.869792,366.7,169.79,1
1437,1436.9999999999918,367.020833,366.73333333333335,287.5,1
1438,1437.9999999999918,367.266667,367.53333333333336,266.67,1
1439,1438.9999999999918,367.430208,367.6,169.79,1
1440,1439.9999999999918,367.628125,367.6333333333333,5.21,1
1441,1440.9999999999918,367.876042,367.6333333333333,242.71,1
1442,1441.9999999999918,368.072917,367.6666666666667,406.25,1
1443,1442.9999999999918,368.270833,367.6666666666667,604.17,1
1444,1443.9999999999918,368.571875,367.9,671.88,1
1445,1444.9999999999918,368.754167,368.1,654.17,1
1446,1445.9999999999918,368.907292,368.26666666666665,640.63,1
1447,1446.9999999999918,369.105208,368.43333333333334,671.87,1
1448,1447.9999999999918,369.280208,368.6666666666667,613.54,1
1449,1448.9999999999918,369.521875,369.0,521.88,1
1450,1449.9999999999918,369.720833,369.46666666666664,254.17,1
1451,1450.9999999999918,369.922917,369.6333333333333,289.58,1
1452,1451.9999999999918,370.071875,369.6333333333333,438.54,1
1453,1452.9999999999918,370.270833,369.8,470.83,1
1454,1453.9999999999918,370.4375,370.23333333333335,204.17,1
1455,1454.9999999999918,370.61875,370.23333333333335,385.42,1
1456,1455.9999999999918,370.833333,370.26666666666665,566.67,1
1457,1456.9999999999918,370.988542,370.43333333333334,555.21,1
1458,1457.9999999999918,371.155208,370.6,555.21,1
1459,1458.9999999999918,371.320833,371.23333333333335,87.5,1
1460,1459.9999999999918,371.505208,371.3,205.21,1
1461,1460.9999999999918,371.646875,371.6,46.88,1
1462,1461.9999999999918,371.940625,371.8333333333333,107.29,1
1463,1462.9999999999918,372.114583,371.8333333333333,281.25,1
1464,1463.9999999999918,372.240625,372.1333333333333,107.29,1
1465,1464.9999999999918,372.457292,372.1333333333333,323.96,1
1466,1465.9999999999918,372.63125,372.6666666666667,35.42,1
1467,1466.9999999999918,372.8375,372.76666666666665,70.83,1
1468,1467.9999999999918,373.103125,372.76666666666665,336.46,1
1469,1468.9999999999918,373.282292,372.8,482.29,1
1470,1469.9999999999918,373.467708,372.8333333333333,634.37,1
1471,1470.9999999999918,373.683333,372.8666666666667,816.67,1
1472,1471.9999999999918,373.917708,373.3333333333333,584.37,1
1473,1472.9999999999918,374.3125,373.5,812.5,1
1474,1473.9999999999918,374.627083,373.6333333333333,993.75,1
1475,1474.9999999999925,374.84375,374.03333333333336,810.42,1
1476,1475.9999999999925,375.096354,374.23333333333335,863.02,1
1477,1476.9999999999925,375.3125,374.6333333333333,679.17,1
1478,1477.9999999999923,375.4875,374.8333333333333,654.17,1
1479,1478.9999999999923,375.690625,375.1,590.62,1
1480,1479.999999999992,375.923958,375.2,723.96,1
1481,1480.999999999992,376.09375,375.5,593.75,1
1482,1481.999999999992,376.34375,375.73333333333335,610.42,1
1483,1482.999999999992,376.56875,375.93333333333334,635.42,1
1484,1483.9999999999923,376.741667,376.06666666666666,675.0,1
1485,1484.9999999999918,376.967708,376.3666666666667,601.04,1
1486,1485.9999999999918,377.182813,376.4,782.81,1
1487,1486.9999999999916,377.342708,376.56666666666666,776.04,1
1488,1487.9999999999918,377.554167,376.93333333333334,620.83,1
1489,1488.9999999999916,377.736979,377.1666666666667,570.31,1
1490,1489.9999999999916,377.898958,377.3333333333333,565.62,1
1491,1490.9999999999918,378.090625,377.5,590.62,1
1492,1491.9999999999914,378.338542,377.5,838.54,1
1493,1492.9999999999916,378.49375,377.9,593.75,1
1494,1493.9999999999914,378.70625,378.06666666666666,639.58,1
1495,1494.9999999999916,378.921355,378.3333333333333,588.02,1
1496,1495.9999999999911,379.095833,378.5,595.83,1
1497,1496.9999999999914,379.263542,378.6333333333333,630.21,1
1498,1497.9999999999905,379.461979,379.03333333333336,428.65,1
1499,1498.9999999999905,379.61875,379.03333333333336,585.42,1
1500,1499.9999999999905,379.774479,379.2,574.48,1
1501,1500.9999999999905,379.958854,379.46666666666664,492.19,1
1502,1501.9999999999902,380.119271,379.6666666666667,452.6,1
1503,1502.9999999999902,380.307292,379.76666666666665,540.63,1
1504,1503.99999999999,380.497395,379.93333333333334,564.06,1
1505,1504.99999999999,380.653125,380.06666666666666,586.46,1
1506,1505.99999999999,380.829166,380.3333333333333,495.83,1
1507,1506.9999999999898,381.017708,380.5,517.71,1
1508,1507.9999999999898,381.18125,381.0,181.25,1
1509,1508.9999999999898,381.359375,381.03333333333336,326.04,1
1510,1509.9999999999895,381.580208,381.06666666666666,513.54,1
1511,1510.9999999999895,381.716667,381.23333333333335,483.33,1
1512,1511.9999999999895,381.938021,381.23333333333335,704.69,1
1513,1512.9999999999895,382.132292,381.56666666666666,565.63,1
1514,1513.9999999999895,382.298958,381.76666666666665,532.29,1
1515,1514.9999999999893,382.479167,381.9,579.17,1
1516,1515.9999999999893,382.704166,382.2,504.17,1
1517,1516.999999999989,382.865625,382.2,665.63,1
1518,1517.9999999999893,383.107292,382.46666666666664,640.63,1
1519,1518.999999999989,383.370313,382.6666666666667,703.65,1
1520,1519.999999999989,383.566146,382.9,666.15,1
1521,1520.9999999999889,383.813542,383.1,713.54,1
1522,1521.9999999999889,384.033333,383.3,733.33,1
1523,1522.9999999999884,384.233333,383.6,633.33,1
1524,1523.9999999999889,384.436979,383.8,636.98,1
1525,1524.9999999999889,384.645833,384.06666666666666,579.17,1
1526,1525.9999999999884,384.814583,384.1,714.58,1
1527,1526.9999999999884,384.994792,384.4,594.79,1
1528,1527.9999999999882,385.189062,384.53333333333336,655.73,1
1529,1528.9999999999882,385.366146,384.93333333333334,432.81,1
1530,1529.9999999999882,385.504687,385.03333333333336,471.35,1
1531,1530.9999999999882,385.739583,385.2,539.58,1
1532,1531.999999999988,385.913542,385.4,513.54,1
1533,1532.999999999988,386.085417,385.4,685.42,1
1534,1533.9999999999882,386.3,385.6,700.0,1
1535,1534.9999999999877,386.472396,385.93333333333334,539.06,1
1536,1535.9999999999882,386.651563,386.06666666666666,584.9,1
1537,1536.9999999999877,386.845833,386.26666666666665,579.17,1
1538,1537.9999999999877,387.022917,386.3666666666667,656.25,1
1539,1538.9999999999875,387.20625,386.3666666666667,839.58,1
1540,1539.9999999999875,387.426042,387.1333333333333,292.71,1
1541,1540.9999999999875,387.626041,387.2,426.04,1
1542,1541.9999999999875,387.830729,388.23333333333335,402.6,1
1543,1542.999999999987,388.060417,388.3666666666667,306.25,1
1544,1543.999999999987,388.258333,388.3666666666667,108.33,1
1545,1544.9999999999868,388.66927,388.4,269.27,1
1546,1545.9999999999868,388.914583,388.43333333333334,481.25,1
1547,1546.9999999999866,389.159896,388.43333333333334,726.56,1
1548,1547.9999999999868,389.446875,388.6333333333333,813.54,1
1549,1548.9999999999868,389.620833,388.8333333333333,787.5,1
1550,1549.9999999999868,389.808333,389.26666666666665,541.67,1
1551,1550.9999999999864,390.007292,389.46666666666664,540.63,1
1552,1551.9999999999864,390.145833,389.6333333333333,512.5,1
1553,1552.9999999999861,390.310417,389.8,510.42,1
1554,1553.9999999999861,390.486458,390.03333333333336,453.12,1
1555,1554.9999999999861,390.671701,390.03333333333336,638.37,1
1556,1555.9999999999861,390.856944,390.1,756.94,1
1557,1556.9999999999861,391.042188,391.1666666666667,124.48,1
1558,1557.999999999986,391.259375,391.1666666666667,92.71,1
1559,1558.999999999986,391.416667,391.3666666666667,50.0,1
1560,1559.9999999999857,391.5875,391.3666666666667,220.83,1
1561,1560.9999999999857,391.756771,391.4,356.77,1
1562,1561.9999999999857,391.943229,391.5,443.23,1
1563,1562.9999999999857,392.136458,391.56666666666666,569.79,1
1564,1563.9999999999854,392.264583,391.73333333333335,531.25,1
1565,1564.9999999999854,392.426042,391.9,526.04,1
1566,1565.9999999999854,392.611458,392.1,511.46,1
1567,1566.9999999999852,392.778645,392.3333333333333,445.31,1
1568,1567.9999999999854,392.925,392.3666666666667,558.33,1
1569,1568.9999999999852,393.090625,392.56666666666666,523.96,1
1570,1569.9999999999852,393.474479,392.9,574.48,1
1571,1570.9999999999852,393.629166,393.03333333333336,595.83,1
1572,1571.9999999999852,393.802083,393.06666666666666,735.42,1
1573,1572.9999999999852,393.969792,393.43333333333334,536.46,1
1574,1573.9999999999852,394.161458,393.73333333333335,428.12,1
1575,1574.999999999985,394.351042,393.8333333333333,517.71,1
1576,1575.999999999985,394.519792,393.96666666666664,553.13,1
1577,1576.9999999999848,394.673958,394.1333333333333,540.62,1
1578,1577.9999999999848,394.851042,394.3333333333333,517.71,1
1579,1578.9999999999848,395.040972,394.6,440.97,1
1580,1579.9999999999845,395.230903,394.76666666666665,464.24,1
1581,1580.9999999999848,395.420833,394.96666666666664,454.17,1
1582,1581.9999999999843,395.616667,395.1666666666667,450.0,1
1583,1582.9999999999843,395.760417,395.3666666666667,393.75,1
1584,1583.999999999984,395.944792,395.4,544.79,1
1585,1584.9999999999843,396.113541,395.56666666666666,546.87,1
1586,1585.999999999984,396.259896,395.76666666666665,493.23,1
1587,1586.999999999984,396.441666,395.96666666666664,475.0,1
1588,1587.9999999999839,396.622917,396.1333333333333,489.58,1
1589,1588.9999999999839,396.773958,396.23333333333335,540.62,1
1590,1589.9999999999834,396.922917,396.43333333333334,489.58,1
1591,1590.9999999999834,397.091146,396.6,491.15,1
1592,1591.9999999999834,397.241146,396.7,541.15,1
1593,1592.9999999999834,397.420833,396.9,520.83,1
1594,1593.9999999999832,397.608333,397.1666666666667,441.67,1
1595,1594.9999999999832,397.754167,397.4,354.17,1
1596,1595.9999999999832,397.932292,397.4,532.29,1
1597,1596.999999999983,398.086458,397.96666666666664,119.79,1
1598,1597.999999999983,398.241667,398.4,158.33,1
1599,1598.999999999983,398.420313,398.4,20.31,1
1600,1599.999999999983,398.721875,398.6333333333333,88.54,1
1601,1600.9999999999827,398.880208,398.6666666666667,213.54,1
1602,1601.9999999999827,398.9875,398.6666666666667,320.83,1
1603,1602.9999999999825,399.138021,398.73333333333335,404.69,1
1604,1603.9999999999825,399.280209,398.8666666666667,413.54,1
1605,1604.9999999999823,399.438542,399.03333333333336,405.21,1
1606,1605.9999999999825,399.635417,399.2,435.42,1
1607,1606.999999999982,399.814583,399.43333333333334,381.25,1
1608,1607.999999999982,400.015104,399.46666666666664,548.44,1
1609,1608.999999999982,400.172917,399.6666666666667,506.25,1
1610,1609.9999999999818,400.325,399.8666666666667,458.33,1
1611,1610.9999999999818,400.505208,399.96666666666664,538.54,1
1612,1611.9999999999816,400.698958,400.8333333333333,134.38,1
1613,1612.9999999999816,400.872917,400.8666666666667,6.25,1
1614,1613.9999999999814,401.0875,401.1333333333333,45.83,1
1615,1614.9999999999814,401.298958,401.1333333333333,165.62,1
1616,1615.9999999999811,401.515625,401.1666666666667,348.96,1
1617,1616.9999999999811,401.830208,401.2,630.21,1
1618,1617.999999999981,402.219792,401.23333333333335,986.46,1
1619,1618.999999999981,402.4625,401.4,1062.5,1
1620,1619.999999999981,402.605729,401.8333333333333,772.4,1
1621,1620.9999999999807,402.779167,402.0,779.17,1
1622,1621.999999999981,402.9375,402.4,537.5,1
1623,1622.9999999999807,403.117708,402.6333333333333,484.37,1
1624,1623.9999999999807,403.285938,402.8333333333333,452.6,1
1625,1624.9999999999804,403.476042,402.93333333333334,542.71,1
1626,1625.9999999999807,403.688021,403.53333333333336,154.69,1
1627,1626.9999999999802,403.938542,403.76666666666665,171.88,1
1628,1627.9999999999804,404.225,403.8,425.0,1
1629,1628.9999999999802,404.829687,403.8,1029.69,1
1630,1629.9999999999802,405.365625,404.03333333333336,1332.29,1
1631,1630.9999999999798,405.616667,404.1666666666667,1450.0,1
1632,1631.9999999999802,406.016667,404.8,1216.67,1
1633,1632.9999999999798,406.316146,405.1666666666667,1149.48,1
1634,1633.9999999999798,406.548958,405.6333333333333,915.62,1
1635,1634.9999999999798,406.85,405.6333333333333,1216.67,1
1636,1635.9999999999795,407.116667,405.8,1316.67,1
1637,1636.9999999999795,407.303125,406.53333333333336,769.79,1
1638,1637.9999999999795,407.528125,406.8666666666667,661.46,1
1639,1638.9999999999795,407.744271,407.0,744.27,1
1640,1639.9999999999793,407.941146,407.3,641.15,1
1641,1640.9999999999793,408.209375,407.43333333333334,776.04,1
1642,1641.999999999979,408.485417,407.6666666666667,818.75,1
1643,1642.999999999979,408.653125,407.9,753.13,1
1644,1643.999999999979,408.85625,408.2,656.25,1
1645,1644.999999999979,409.068229,408.5,568.23,1
1646,1645.9999999999789,409.269791,408.56666666666666,703.12,1
1647,1646.9999999999789,409.528645,408.8666666666667,661.98,1
1648,1647.9999999999789,409.835417,408.93333333333334,902.08,1
1649,1648.9999999999786,409.998958,409.26666666666665,732.29,1
1650,1649.9999999999789,410.241667,409.43333333333334,808.33,1
1651,1650.9999999999786,410.50625,409.8333333333333,672.92,1
1652,1651.9999999999786,410.70625,410.06666666666666,639.58,1
1653,1652.9999999999784,411.00625,410.06666666666666,939.58,1
1654,1653.9999999999784,411.285417,410.26666666666665,1018.75,1
1655,1654.999999999978,411.471875,410.7,771.88,1
1656,1655.9999999999784,411.755729,410.8666666666667,889.06,1
1657,1656.999999999978,412.044792,410.8666666666667,1178.13,1
1658,1657.999999999978,412.289063,411.3,989.06,1
1659,1658.9999999999777,412.525521,411.6,925.52,1
1660,1659.9999999999777,412.841667,411.6,1241.67,1
1661,1660.9999999999777,413.024479,412.26666666666665,757.81,1
1662,1661.9999999999777,413.331771,412.56666666666666,765.1,1
1663,1662.9999999999777,413.574479,412.76666666666665,807.81,1
1664,1663.9999999999775,413.834896,413.0,834.9,1
1665,1664.9999999999775,414.06198,413.56666666666666,495.31,1
1666,1665.9999999999773,414.388021,413.56666666666666,821.35,1
1667,1666.9999999999773,414.570313,413.8333333333333,736.98,1
1668,1667.9999999999773,414.861979,413.93333333333334,928.65,1
1669,1668.9999999999773,415.158333,414.3666666666667,791.67,1
1670,1669.999999999977,415.409375,414.56666666666666,842.71,1
1671,1670.999999999977,415.6375,414.7,937.5,1
1672,1671.9999999999768,415.958854,414.7,1258.85,1
1673,1672.9999999999768,416.148958,415.4,748.96,1
1674,1673.999999999977,416.439583,415.6333333333333,806.25,1
1675,1674.9999999999768,416.709896,415.96666666666664,743.23,1
1676,1675.9999999999768,416.983854,416.1666666666667,817.19,1
1677,1676.9999999999766,417.228646,416.4,828.65,1
1678,1677.9999999999766,417.575,416.73333333333335,841.67,1
1679,1678.999999999976,417.778645,416.93333333333334,845.31,1
1680,1679.9999999999766,418.021354,417.6333333333333,388.02,1
1681,1680.999999999976,418.301042,417.73333333333335,567.71,1
1682,1681.999999999976,418.551042,417.76666666666665,784.38,1
1683,1682.9999999999757,418.784896,417.8,984.9,1
1684,1683.9999999999757,419.150521,418.3,850.52,1
1685,1684.9999999999754,419.363541,418.53333333333336,830.21,1
1686,1685.9999999999757,419.625,418.8,825.0,1
1687,1686.9999999999757,419.904688,418.96666666666664,938.02,1
1688,1687.9999999999754,420.135417,419.3333333333333,802.08,1
1689,1688.9999999999752,420.386979,419.6,786.98,1
1690,1689.9999999999752,420.739063,419.9,839.06,1
1691,1690.9999999999752,420.921355,420.1,821.35,1
1692,1691.9999999999752,421.170834,420.3666666666667,804.17,1
1693,1692.9999999999752,421.444792,420.7,744.79,1
1694,1693.999999999975,421.694792,420.9,794.79,1
1695,1694.999999999975,421.920313,421.06666666666666,853.65,1
1696,1695.9999999999748,422.277604,421.5,777.6,1
1697,1696.9999999999748,422.484375,421.7,784.38,1
1698,1697.9999999999748,422.75625,421.8,956.25,1
1699,1698.9999999999748,423.025521,422.23333333333335,792.19,1
1700,1699.9999999999748,423.269791,422.53333333333336,736.46,1
1701,1700.9999999999745,423.531771,423.26666666666665,265.1,1
1702,1701.9999999999745,423.865625,423.26666666666665,598.96,1
1703,1702.9999999999743,424.102083,423.3333333333333,768.75,1
1704,1703.9999999999745,424.332291,423.53333333333336,798.96,1
1705,1704.9999999999743,424.602604,424.1,502.6,1
1706,1705.9999999999743,424.854167,424.8666666666667,12.5,1
1707,1706.9999999999739,425.172916,425.1333333333333,39.58,1
1708,1707.9999999999739,425.516667,425.1666666666667,350.0,1
1709,1708.9999999999736,425.753125,425.2,553.13,1
1710,1709.9999999999739,426.0,425.43333333333334,566.67,1
1711,1710.9999999999736,426.292709,425.6,692.71,1
1712,1711.9999999999736,426.536979,425.6333333333333,903.65,1
1713,1712.9999999999736,426.816146,425.9,916.15,1
1714,1713.9999999999734,427.23125,426.3,931.25,1
1715,1714.9999999999748,427.477083,426.5,977.08,1
1716,1715.9999999999748,427.76875,426.96666666666664,802.08,1
1717,1716.9999999999748,428.070313,427.06666666666666,1003.65,1
1718,1717.999999999975,428.361458,427.4,961.46,1
1719,1718.999999999975,428.708854,427.6666666666667,1042.19,1
1720,1719.999999999975,429.211458,427.9,1311.46,1
1721,1720.999999999975,429.463021,428.06666666666666,1396.35,1
1722,1721.999999999975,429.790104,428.3333333333333,1456.77,1
1723,1722.999999999975,430.081771,429.1333333333333,948.44,1
1724,1723.999999999975,430.379688,429.43333333333334,946.35,1
1725,1724.999999999975,430.755208,429.76666666666665,988.54,1
1726,1725.9999999999752,431.056548,429.93333333333334,1123.21,1
1727,1726.9999999999752,431.357887,430.26666666666665,1091.22,1
1728,1727.9999999999752,431.659226,430.53333333333336,1125.89,1
1729,1728.9999999999752,431.960566,430.53333333333336,1427.23,1
1730,1729.9999999999752,432.261905,430.73333333333335,1528.57,1
1731,1730.999999999975,432.56324400000005,431.53333333333336,1029.91,1
1732,1731.999999999975,432.864583,432.6,264.58,1
1733,1732.9999999999804,433.230729,432.76666666666665,464.06,1
1734,1733.9999999999802,433.586458,432.8,786.46,1
1735,1734.9999999999802,433.871875,432.8333333333333,1038.54,1
1736,1735.9999999999798,434.165625,433.2,965.62,1
1737,1736.9999999999798,434.55625,433.43333333333334,1122.92,1
1738,1737.9999999999802,435.060677,433.76666666666665,1294.01,1
1739,1738.9999999999802,435.565104,434.1333333333333,1431.77,1
1740,1739.9999999999802,436.069531,434.53333333333336,1536.2,1
1741,1740.9999999999798,436.573959,434.53333333333336,2040.63,1
1742,1741.9999999999918,437.153125,434.56666666666666,2586.46,1
1743,1742.9999999999918,437.984375,435.26666666666665,2717.71,1
1744,1743.9999999999918,438.482357,436.6666666666667,1815.69,1
1745,1744.9999999999916,438.980338,437.1333333333333,1847.0,1
1746,1745.9999999999916,439.47832,437.3333333333333,2144.99,1
1747,1746.9999999999916,439.976302,438.1333333333333,1842.97,1
1748,1747.9999999999916,440.474284,438.56666666666666,1907.62,1
1749,1748.9999999999918,440.972266,438.76666666666665,2205.6,1
1750,1749.999999999972,441.470247,438.96666666666664,2503.58,1
1751,1750.9999999999718,441.968229,439.1666666666667,2801.56,1
1752,1751.9999999999714,442.125,439.3333333333333,2791.67,1
1753,1752.9999999999714,442.323438,439.5,2823.44,1
1754,1753.9999999999714,442.521875,439.5,3021.88,1
1755,1754.9999999999704,442.722916,440.6666666666667,2056.25,1
1756,1755.9999999999707,442.957986,441.3,1657.99,1
1757,1756.9999999999707,443.193055,441.3,1893.06,1
1758,1757.9999999999704,443.428125,442.1333333333333,1294.79,1
1759,1758.9999999999704,443.663194,442.1666666666667,1496.53,1
1760,1759.9999999999704,443.898264,442.1666666666667,1731.6,1
1761,1760.99999999997,444.133333,442.2,1933.33,1
1762,1761.9999999999704,444.350694,442.23333333333335,2117.36,1
1763,1762.9999999999702,444.568055,442.23333333333335,2334.72,1
1764,1763.9999999999702,444.785416,442.3,2485.42,1
1765,1764.9999999999702,444.991493,442.5,2491.49,1
1766,1765.9999999999704,445.197569,444.6333333333333,564.24,1
1767,1766.9999999999702,445.403646,444.8,603.65,1
1768,1767.9999999999702,445.609722,445.0,609.72,1
1769,1768.9999999999702,445.815799,445.3666666666667,449.13,1
1770,1769.99999999997,446.021875,445.96666666666664,55.21,1
1771,1770.9999999999702,446.177083,446.1,77.08,1
1772,1771.9999999999698,446.332292,446.3,32.29,1
1773,1772.9999999999698,446.604167,446.3,304.17,1
1774,1773.9999999999698,446.85286500000007,446.3333333333333,519.53,1
1775,1774.9999999999698,447.101563,446.3333333333333,768.23,1
1776,1775.9999999999684,447.276042,446.56666666666666,709.38,1
1777,1776.9999999999688,447.465625,446.73333333333335,732.29,1
1778,1777.9999999999686,447.655208,447.1,555.21,1
1779,1778.999999999968,447.876041,447.23333333333335,642.71,1
1780,1779.9999999999677,448.10243,447.23333333333335,869.1,1
1781,1780.999999999968,448.32881900000007,447.26666666666665,1062.15,1
1782,1781.999999999968,448.555208,447.3,1255.21,1
1783,1782.999999999968,448.781597,447.3,1481.6,1
1784,1783.9999999999677,449.007986,447.3333333333333,1674.65,1
1785,1784.9999999999675,449.234375,447.3333333333333,1901.04,1
1786,1785.9999999999677,449.457639,447.3666666666667,2090.97,1
1787,1786.9999999999677,449.680903,447.4,2280.9,1
1788,1787.9999999999675,449.904167,447.6666666666667,2237.5,1
1789,1788.9999999999675,450.094097,448.73333333333335,1360.76,1
1790,1789.9999999999675,450.284028,449.56666666666666,717.36,1
1791,1790.9999999999677,450.473958,449.96666666666664,507.29,1
1792,1791.9999999999675,450.663889,450.1666666666667,497.22,1
1793,1792.9999999999675,450.85382,450.2,653.82,1
1794,1793.9999999999673,451.04375,450.23333333333335,810.42,1
1795,1794.9999999999673,451.201042,450.23333333333335,967.71,1
1796,1795.9999999999668,451.358334,450.26666666666665,1091.67,1
1797,1796.9999999999668,451.599479,450.3,1299.48,1
1798,1797.999999999967,451.759722,450.3,1459.72,1
1799,1798.9999999999668,451.9199650000001,451.3333333333333,586.63,1
1800,1799.9999999999668,452.080208,451.56666666666666,513.54,1
1801,1800.999999999967,452.23368,451.7,533.68,1
1802,1801.9999999999668,452.387153,451.7,687.15,1
1803,1802.9999999999668,452.540625,452.1333333333333,407.29,1
1804,1803.9999999999668,452.734549,452.1333333333333,601.22,1
1805,1804.9999999999666,452.928472,452.23333333333335,695.14,1
1806,1805.9999999999663,453.122396,452.4,722.4,1
1807,1806.9999999999668,453.392709,453.0,392.71,1
1808,1807.9999999999668,453.663021,453.26666666666665,396.35,1
1809,1808.9999999999666,453.933334,453.43333333333334,500.0,1
1810,1809.9999999999666,454.203646,453.6333333333333,570.31,1
1811,1810.9999999999668,454.473958,453.96666666666664,507.29,1
1812,1811.9999999999668,454.744271,454.1666666666667,577.6,1
1813,1812.9999999999666,455.014584,454.3666666666667,647.92,1
1814,1813.9999999999666,455.268438,454.56666666666666,701.77,1
1815,1814.9999999999666,455.522292,454.6,922.29,1
1816,1815.9999999999668,455.776146,454.8333333333333,942.81,1
1817,1816.9999999999666,456.03,454.96666666666664,1063.33,1
1818,1817.9999999999666,456.283854,455.0,1283.85,1
1819,1818.9999999999666,456.537708,455.26666666666665,1271.04,1
1820,1819.9999999999666,456.791563,455.3333333333333,1458.23,1
1821,1820.9999999999668,457.045417,455.56666666666666,1478.75,1
1822,1821.9999999999668,457.299271,455.9,1399.27,1
1823,1822.9999999999668,457.553125,456.26666666666665,1286.46,1
1824,1823.999999999966,457.760417,456.26666666666665,1493.75,1
1825,1824.999999999966,457.942187,456.3,1642.19,1
1826,1825.9999999999652,458.123959,456.3,1823.96,1
1827,1826.9999999999648,458.329687,456.5,1829.69,1
1828,1827.9999999999645,458.563281,456.7,1863.28,1
1829,1828.9999999999645,458.796875,457.1,1696.87,1
1830,1829.9999999999648,459.030469,457.1,1930.47,1
1831,1830.9999999999648,459.264063,457.76666666666665,1497.4,1
1832,1831.9999999999645,459.497656,457.76666666666665,1730.99,1
1833,1832.9999999999645,459.73125,457.8,1931.25,1
1834,1833.9999999999643,459.9746530000001,457.8333333333333,2141.32,1
1835,1834.9999999999645,460.21805599999993,457.8333333333333,2384.72,1
1836,1835.999999999964,460.461458,457.8666666666667,2594.79,1
1837,1836.9999999999643,460.652917,458.03333333333336,2619.58,1
1838,1837.9999999999643,460.844375,459.3333333333333,1511.04,1
1839,1838.9999999999643,461.035833,460.56666666666666,469.17,1
1840,1839.9999999999645,461.227292,460.8333333333333,393.96,1
1841,1840.9999999999638,461.41875,461.3,118.75,1
1842,1841.9999999999638,461.64375,461.3,343.75,1
1843,1842.9999999999638,461.797396,461.43333333333334,364.06,1
1844,1843.9999999999636,461.951042,461.43333333333334,517.71,1
1845,1844.9999999999636,462.235417,461.5,735.42,1
1846,1845.9999999999636,462.461458,461.5,961.46,1
1847,1846.9999999999636,462.6875,461.93333333333334,754.17,1
1848,1847.9999999999627,462.873959,462.2,673.96,1
1849,1848.9999999999627,463.04974,462.3666666666667,683.07,1
1850,1849.9999999999627,463.225521,462.7,525.52,1
1851,1850.9999999999616,463.439062,462.8333333333333,605.73,1
1852,1851.999999999962,463.654601,462.8333333333333,821.27,1
1853,1852.9999999999616,463.870139,462.8666666666667,1003.47,1
1854,1853.9999999999616,464.085677,462.9,1185.68,1
1855,1854.999999999962,464.301216,462.9,1401.22,1
1856,1855.999999999962,464.516754,462.93333333333334,1583.42,1
1857,1856.9999999999616,464.732292,462.93333333333334,1798.96,1
1858,1857.9999999999616,464.982986,462.96666666666664,2016.32,1
1859,1858.9999999999613,465.23368099999993,463.0,2233.68,1
1860,1859.9999999999616,465.484375,464.1666666666667,1317.71,1
1861,1860.9999999999616,465.672396,465.1,572.4,1
1862,1861.9999999999613,465.860417,465.5,360.42,1
1863,1862.9999999999613,466.048437,465.5,548.44,1
1864,1863.9999999999613,466.236458,465.7,536.46,1
1865,1864.9999999999613,466.424479,465.93333333333334,491.15,1
1866,1865.999999999961,466.6125,466.1333333333333,479.17,1
1867,1866.9999999999613,466.754427,466.3333333333333,421.09,1
1868,1867.999999999961,466.896354,466.5,396.35,1
1869,1868.9999999999607,467.147917,466.6333333333333,514.58,1
1870,1869.999999999961,467.315625,466.73333333333335,582.29,1
1871,1870.999999999961,467.483334,466.93333333333334,550.0,1
1872,1871.9999999999607,467.651042,467.06666666666666,584.38,1
1873,1872.9999999999607,467.805209,467.1,705.21,1
1874,1873.9999999999607,467.959375,467.43333333333334,526.04,1
1875,1874.9999999999607,468.113542,468.1333333333333,19.79,1
1876,1875.9999999999607,468.31788200000005,468.2,117.88,1
1877,1876.9999999999607,468.522222,468.23333333333335,288.89,1
1878,1877.9999999999604,468.726563,468.23333333333335,493.23,1
1879,1878.9999999999604,469.082755,468.3,782.76,1
1880,1879.9999999999607,469.438947,468.56666666666666,872.28,1
1881,1880.9999999999607,469.795139,468.73333333333335,1061.81,1
1882,1881.9999999999607,470.151331,469.0,1151.33,1
1883,1882.9999999999604,470.50752300000005,469.23333333333335,1274.19,1
1884,1883.9999999999604,470.863716,469.43333333333334,1430.38,1
1885,1884.9999999999607,471.219908,469.7,1519.91,1
1886,1885.9999999999607,471.5761,469.8666666666667,1709.43,1
1887,1886.9999999999604,471.932292,469.8666666666667,2065.63,1
1888,1887.9979166666267,472.038802,470.53333333333336,1505.47,1
1889,1888.9979166666265,472.145313,470.8,1345.31,1
1890,1889.9999999999598,472.25182300000006,470.8,1451.82,1
1891,1890.997916666626,472.358333,471.26666666666665,1091.67,1
1892,1891.9979166666258,472.464844,472.1,364.84,1
1893,1892.9999999999588,472.571354,472.23333333333335,338.02,1
1894,1893.9999999999588,472.809375,472.53333333333336,276.04,1
1895,1894.999999999959,473.047395,472.53333333333336,514.06,1
1896,1895.9999999999588,473.210417,472.6,610.42,1
1897,1896.9999999999588,473.361458,472.8333333333333,528.12,1
1898,1897.9999999999586,473.490625,473.03333333333336,457.29,1
1899,1898.9999999999584,473.680208,473.23333333333335,446.87,1
1900,1899.9999999999584,473.853125,473.46666666666664,386.46,1
1901,1900.9999999999575,474.00625,473.5,506.25,1
1902,1901.9999999999575,474.179167,473.76666666666665,412.5,1
1903,1902.9999999999575,474.37430599999993,473.8333333333333,540.97,1
1904,1903.9999999999575,474.569444,474.03333333333336,536.11,1
1905,1904.9999999999575,474.764583,474.23333333333335,531.25,1
1906,1905.999999999957,474.99375,474.23333333333335,760.42,1
1907,1906.999999999957,475.148958,474.8,348.96,1
1908,1907.9999999999568,475.294792,474.8333333333333,461.46,1
1909,1908.9999999999568,475.45625,474.96666666666664,489.58,1
1910,1909.9999999999568,475.628646,475.2,428.65,1
1911,1910.9999999999566,475.830208,475.3666666666667,463.54,1
1912,1911.9999999999566,476.001042,475.5,501.04,1
1913,1912.9999999999563,476.148958,475.8666666666667,282.29,1
1914,1913.999999999956,476.34427,475.8666666666667,477.6,1
1915,1914.9999999999561,476.54375,475.93333333333334,610.42,1
1916,1915.999999999956,476.744792,476.1,644.79,1
1917,1916.999999999956,477.03125,476.3666666666667,664.58,1
1918,1917.999999999956,477.266667,476.7,566.67,1
1919,1918.999999999956,477.502083,477.0,502.08,1
1920,1919.9999999999561,477.691146,477.1,591.15,1
1921,1920.9999999999557,477.858333,477.26666666666665,591.67,1
1922,1921.9999999999557,478.004167,477.4,604.17,1
1923,1922.9999999999554,478.194792,477.7,494.79,1
1924,1923.9999999999552,478.367708,477.93333333333334,434.37,1
1925,1924.9999999999552,478.542708,478.0,542.71,1
1926,1925.9999999999543,478.705208,478.1666666666667,538.54,1
1927,1926.9999999999548,478.913715,478.3333333333333,580.38,1
1928,1927.9999999999548,479.122222,478.56666666666666,555.56,1
1929,1928.9999999999543,479.33073,478.76666666666665,564.06,1
1930,1929.9999999999543,479.596875,478.93333333333334,663.54,1
1931,1930.9999999999538,479.757292,479.3,457.29,1
1932,1931.9999999999538,479.917188,479.3,617.19,1
1933,1932.9999999999538,480.103125,479.3666666666667,736.46,1
1934,1933.9999999999536,480.283333,479.8333333333333,450.0,1
1935,1934.9999999999538,480.472917,479.96666666666664,506.25,1
1936,1935.9999999999534,480.663542,480.06666666666666,596.88,1
1937,1936.9999999999534,480.830208,480.23333333333335,596.87,1
1938,1937.9999999999532,481.027084,480.43333333333334,593.75,1
1939,1938.9999999999532,481.245833,480.6333333333333,612.5,1
1940,1939.9999999999534,481.497917,480.76666666666665,731.25,1
1941,1940.9999999999532,481.984375,481.06666666666666,917.71,1
1942,1941.999999999952,482.439583,481.3666666666667,1072.92,1
1943,1942.9999999999516,482.620833,481.5,1120.83,1
1944,1943.9999999999516,482.783333,481.9,883.33,1
1945,1944.9999999999516,483.033333,482.06666666666666,966.67,1
1946,1945.9999999999516,483.272917,482.46666666666664,806.25,1
1947,1946.9999999999513,483.563542,482.96666666666664,596.88,1
1948,1947.9999999999511,483.7625,483.0,762.5,1
1949,1948.9999999999513,483.990625,483.3333333333333,657.29,1
1950,1949.9999999999516,484.171875,483.3333333333333,838.54,1
1951,1950.9999999999511,484.44375,483.3666666666667,1077.08,1
1952,1951.9999999999513,484.589323,483.93333333333334,655.99,1
1953,1952.9999999999518,484.734896,484.8,65.1,1
1954,1953.9999999999513,484.95,484.8,150.0,1
1955,1954.9999999999518,485.134375,484.9,234.38,1
1956,1955.9999999999511,485.3875,484.93333333333334,454.17,1
1957,1956.9999999999511,485.675,485.06666666666666,608.33,1
1958,1957.9999999999513,485.854167,485.1,754.17,1
1959,1958.9999999999507,486.132292,485.1333333333333,998.96,1
1960,1959.9999999999507,486.313542,485.6333333333333,680.21,1
1961,1960.9999999999513,486.491667,485.9,591.67,1
1962,1961.9999999999507,486.741146,486.1,641.15,1
1963,1962.9999999999513,486.9625,486.2,762.5,1
1964,1963.9999999999502,487.199479,486.7,499.48,1
1965,1964.9999999999502,487.441146,486.96666666666664,474.48,1
1966,1965.9999999999507,487.643253,486.96666666666664,676.59,1
1967,1966.99999999995,487.914583,487.0,914.58,1
1968,1967.9999999999502,488.25,487.3666666666667,883.33,1
1969,1968.9999999999507,488.513542,487.53333333333336,980.21,1
1970,1969.9999999999498,488.806686,487.56666666666666,1240.02,1
1971,1970.9999999999498,489.052083,488.3333333333333,718.75,1
1972,1971.999999999949,489.25,488.43333333333334,816.67,1
1973,1972.9999999999495,489.415625,488.6666666666667,748.96,1
1974,1973.9999999999495,489.647917,488.93333333333334,714.58,1
1975,1974.9999999999493,489.867708,489.2,667.71,1
1976,1975.9999999999495,490.019531,489.9,119.53,1
1977,1976.9999999999498,490.171354,489.93333333333334,238.02,1
1978,1977.9999999999493,490.398958,490.03333333333336,365.62,1
1979,1978.9999999999495,490.575521,490.03333333333336,542.19,1
1980,1979.9999999999486,490.802083,490.3333333333333,468.75,1
1981,1980.9999999999488,491.097916,490.3666666666667,731.25,1
1982,1981.9999999999495,491.307292,490.5,807.29,1
1983,1982.9999999999486,491.638542,490.6,1038.54,1
1984,1983.9999999999488,491.876042,491.0,876.04,1
1985,1984.999999999949,492.048958,491.03333333333336,1015.62,1
1986,1985.9999999999486,492.273958,491.4,873.96,1
1987,1986.9999999999488,492.475,491.4,1075.0,1
1988,1987.9999999999493,492.775,491.6666666666667,1108.33,1
1989,1988.9999999999486,493.100521,492.26666666666665,833.85,1
1990,1989.999999999949,493.408333,492.3,1108.33,1
1991,1990.9999999999486,493.65,492.73333333333335,916.67,1
1992,1991.9999999999486,493.827083,492.8666666666667,960.42,1
1993,1992.9999999999486,494.033333,493.06666666666666,966.67,1
1994,1993.9999999999484,494.263542,493.7,563.54,1
1995,1994.9999999999484,494.484375,493.96666666666664,517.71,1
1996,1995.9999999999488,494.701042,494.03333333333336,667.71,1
1997,1996.9999999999484,494.90625,494.3,606.25,1
1998,1997.9999999999486,495.067187,494.3,767.19,1
1999,1998.9999999999482,495.273958,494.76666666666665,507.29,1
2000,1999.9999999999484,495.419792,495.03333333333336,386.46,1
2001,2000.9999999999484,495.636979,495.6,36.98,1
2002,2001.9999999999482,495.841667,495.6,241.67,1
2003,2002.9999999999484,496.042708,495.6666666666667,376.04,1
2004,2003.9999999999486,496.241146,495.73333333333335,507.81,1
2005,2004.9999999999482,496.520312,495.93333333333334,586.98,1
2006,2005.9999999999484,496.784114,496.0,784.11,1
2007,2006.9999999999477,497.047916,496.23333333333335,814.58,1
2008,2007.999999999948,497.385417,496.46666666666664,918.75,1
2009,2008.9999999999486,497.5625,496.73333333333335,829.17,1
2010,2009.9999999999477,497.766667,496.8333333333333,933.33,1
2011,2010.999999999948,498.027083,497.43333333333334,593.75,1
2012,2011.9999999999484,498.282812,498.06666666666666,216.15,1
2013,2012.9999999999477,498.558334,498.1,458.33,1
2014,2013.9999999999482,498.841667,498.1666666666667,675.0,1
2015,2014.9999999999475,499.003125,498.1666666666667,836.46,1
2016,2015.9999999999477,499.239062,498.2,1039.06,1
2017,2016.9999999999482,499.521875,498.9,621.88,1
2018,2017.9999999999475,499.757292,498.93333333333334,823.96,1
2019,2018.9999999999475,499.988021,498.93333333333334,1054.69,1
2020,2019.9999999999477,500.294792,499.46666666666664,828.13,1
2021,2020.9999999999475,500.456771,499.76666666666665,690.1,1
2022,2021.9999999999475,500.61875,499.8333333333333,785.42,1
2023,2022.9999999999477,500.853125,500.23333333333335,619.79,1
2024,2023.999999999947,501.033333,500.6,433.33,1
2025,2024.9999999999475,501.236458,501.03333333333336,203.12,1
2026,2025.9999999999468,501.478646,501.53333333333336,54.69,1
2027,2026.9999999999468,501.647917,501.56666666666666,81.25,1
2028,2027.9999999999475,501.915104,501.7,215.1,1
2029,2028.999999999946,502.114063,501.7,414.06,1
2030,2029.9999999999463,502.363281,501.73333333333335,629.95,1
2031,2030.9999999999457,502.6125,501.73333333333335,879.17,1
2032,2031.999999999946,502.91875,502.1666666666667,752.08,1
2033,2032.9999999999463,503.06875,502.2,868.75,1
2034,2033.9999999999459,503.3125,502.5,812.5,1
2035,2034.999999999946,503.563542,502.73333333333335,830.21,1
2036,2035.9999999999466,503.827083,503.03333333333336,793.75,1
2037,2036.9999999999459,504.229167,503.03333333333336,1195.83,1
2038,2037.999999999946,504.552083,503.8,752.08,1
2039,2038.999999999946,504.747917,503.8333333333333,914.58,1
2040,2039.9999999999459,504.95625,504.1,856.25,1
2041,2040.999999999946,505.194792,504.56666666666666,628.13,1
2042,2041.9999999999459,505.345833,504.73333333333335,612.5,1
2043,2042.9999999999457,505.628125,504.9,728.13,1
2044,2043.999999999946,505.844792,505.2,644.79,1
2045,2044.9999999999457,506.004167,505.4,604.17,1
2046,2045.9999999999457,506.2125,505.5,712.5,1
2047,2046.9999999999457,506.421875,505.53333333333336,888.54,1
2048,2047.9999999999457,506.577083,506.2,377.08,1
2049,2048.999999999946,506.84375,506.6666666666667,177.08,1
2050,2049.9999999999454,507.030208,506.76666666666665,263.54,1
2051,2050.9999999999454,507.227604,506.8,427.6,1
2052,2051.999999999946,507.458333,506.93333333333334,525.0,1
2053,2052.999999999945,507.58125,507.03333333333336,547.92,1
2054,2053.999999999945,507.813541,507.03333333333336,780.21,1
2055,2054.999999999946,508.103646,507.1333333333333,970.31,1
2056,2055.999999999945,508.295833,507.1666666666667,1129.17,1
2057,2056.999999999946,508.459375,507.76666666666665,692.71,1
2058,2057.9999999999454,508.763542,508.03333333333336,730.21,1
2059,2058.999999999945,509.026042,508.1333333333333,892.71,1
2060,2059.9999999999454,509.224479,508.4,824.48,1
2061,2060.9999999999445,509.482813,508.4,1082.81,1
2062,2061.999999999945,509.690625,508.9,790.63,1
2063,2062.9999999999454,509.842708,508.93333333333334,909.37,1
2064,2063.9999999999445,510.104167,508.93333333333334,1170.83,1
2065,2064.9999999999454,510.467188,509.06666666666666,1400.52,1
2066,2065.9999999999445,510.638542,509.8333333333333,805.21,1
2067,2066.9999999999445,511.009375,510.03333333333336,976.04,1
2068,2067.9999999999445,511.241667,510.46666666666664,775.0,1
2069,2068.9999999999445,511.385417,510.6666666666667,718.75,1
2070,2069.9999999999445,511.573959,510.8333333333333,740.63,1
2071,2070.9999999999445,511.777084,511.03333333333336,743.75,1
2072,2071.999999999944,511.934896,511.4,534.9,1
2073,2072.999999999944,512.178125,511.6,578.12,1
2074,2073.9999999999445,512.425,511.6333333333333,791.67,1
2075,2074.999999999944,512.563542,512.0666666666667,496.88,1
2076,2075.999999999944,512.766666,512.1333333333333,633.33,1
2077,2076.999999999944,512.963542,512.4333333333333,530.21,1
2078,2077.999999999944,513.132292,512.6333333333333,498.96,1
2079,2078.9999999999445,513.280208,512.7333333333333,546.87,1
2080,2079.999999999944,513.490625,512.9333333333333,557.29,1
2081,2080.999999999944,513.728122,513.2333333333333,494.79,1
2082,2081.9999999999445,513.951563,513.6666666666666,284.9,1
2083,2082.999999999944,514.154167,514.5,345.83,1
2084,2083.9999999999445,514.3322919999998,514.5,167.71,1
2085,2084.9999999999436,514.563542,514.5666666666667,3.12,1
2086,2085.9999999999436,514.797917,514.5666666666667,231.25,1
2087,2086.999999999944,514.973438,514.6,373.44,1
2088,2087.9999999999436,515.380208,514.6333333333333,746.87,1
2089,2088.9999999999436,515.596875,514.6666666666666,930.21,1
2090,2089.999999999944,515.79375,515.1333333333333,660.42,1
2091,2090.9999999999436,516.101042,515.3333333333334,767.71,1
2092,2091.999999999944,516.303125,515.3333333333334,969.79,1
2093,2092.9999999999436,516.423958,515.6666666666666,757.29,1
2094,2093.9999999999436,516.703125,515.8,903.13,1
2095,2094.9999999999436,516.907292,516.2,707.29,1
2096,2095.999999999943,517.1,516.3666666666667,733.33,1
2097,2096.999999999943,517.310938,516.6333333333333,677.6,1
2098,2097.9999999999436,517.479167,516.9,579.17,1
2099,2098.999999999943,517.697917,517.0666666666667,631.25,1
2100,2099.9999999999436,517.950521,517.2,750.52,1
2101,2100.999999999943,518.157292,517.2666666666667,890.63,1
2102,2101.999999999943,518.332291,517.6666666666666,665.62,1
2103,2102.999999999944,518.548437,517.9,648.44,1
2104,2103.999999999943,518.760417,518.1,660.42,1
2105,2104.999999999943,518.924479,518.2666666666667,657.81,1
2106,2105.9999999999436,519.157812,518.3,857.81,1
2107,2106.999999999943,519.372917,518.5,872.92,1
2108,2107.9999999999436,519.550521,518.9333333333333,617.19,1
2109,2108.9999999999436,519.798437,518.9666666666667,831.77,1
2110,2109.999999999943,519.997917,519.4333333333333,564.58,1
2111,2110.999999999944,520.196354,519.5333333333333,663.02,1
2112,2111.999999999943,520.432292,519.5333333333333,898.96,1
2113,2112.999999999943,520.639583,520.0666666666667,572.92,1
2114,2113.9999999999436,520.817708,520.2,617.71,1
2115,2114.999999999943,521.091666,520.4,691.67,1
2116,2115.999999999943,521.3166669999998,520.8333333333334,483.33,1
2117,2116.9999999999427,521.486979,520.8333333333334,653.65,1
2118,2117.999999999943,521.711979,521.0666666666667,645.31,1
2119,2118.9999999999436,521.913542,521.3,613.54,1
2120,2119.999999999943,522.115104,521.5,615.1,1
2121,2120.999999999943,522.460417,521.6666666666666,793.75,1
2122,2121.999999999943,522.661979,521.9,761.98,1
2123,2122.9999999999427,522.8635419999998,522.1,763.54,1
2124,2123.999999999943,523.046354,522.4,646.35,1
2125,2124.999999999943,523.223958,522.6333333333333,590.62,1
2126,2125.9999999999422,523.423958,522.9,523.96,1
2127,2126.9999999999422,523.579167,523.0333333333333,545.83,1
2128,2127.9999999999422,523.786458,523.3,486.46,1
2129,2128.999999999942,523.99375,523.5666666666667,427.08,1
2130,2129.9999999999427,524.166667,523.6333333333333,533.33,1
2131,2130.9999999999413,524.326042,523.6666666666666,659.38,1
2132,2131.999999999941,524.5197919999998,523.7,819.79,1
2133,2132.999999999941,524.686458,524.1666666666666,519.79,1
2134,2133.999999999941,524.863021,524.3333333333334,529.69,1
2135,2134.999999999941,525.039583,524.5666666666667,472.92,1
2136,2135.9999999999404,525.228125,524.6666666666666,561.46,1
2137,2136.99999999994,525.39375,524.9,493.75,1
2138,2137.99999999994,525.5875,525.0666666666667,520.83,1
2139,2138.999999999939,525.739583,525.3333333333334,406.25,1
2140,2139.99999999994,525.933854,525.4333333333333,500.52,1
2141,2140.9999999999395,526.128125,525.7333333333333,394.79,1
2142,2141.999999999939,526.330729,525.7666666666667,564.06,1
2143,2142.999999999939,526.502083,525.8666666666667,635.42,1
2144,2143.999999999939,526.694792,526.0333333333333,661.46,1
2145,2144.9999999999377,526.994792,526.3,694.79,1
2146,2145.9999999999377,527.35,526.5333333333333,816.67,1
2147,2146.9999999999372,527.548958,526.7,848.96,1
2148,2147.999999999937,527.717708,526.7,1017.71,1
2149,2148.9999999999363,527.925,527.3,625.0,1
2150,2149.999999999936,528.117708,527.5666666666667,551.04,1
2151,2150.999999999936,528.289583,527.7333333333333,556.25,1
2152,2151.999999999935,528.45,527.8333333333334,616.67,1
2153,2152.999999999935,528.625521,528.1333333333333,492.19,1
2154,2153.999999999935,528.818229,528.1666666666666,651.56,1
2155,2154.9999999999354,528.9971360000002,528.5,497.14,1
2156,2155.999999999935,529.1760419999998,528.6333333333333,542.71,1
2157,2156.9999999999354,529.434375,528.7666666666667,667.71,1
2158,2157.999999999934,529.675,528.7666666666667,908.33,1
2159,2158.999999999934,529.842708,529.2,642.71,1
2160,2159.999999999934,530.014583,529.4,614.58,1
2161,2160.999999999933,530.213542,529.6666666666666,546.88,1
2162,2161.999999999933,530.388542,529.8333333333334,555.21,1
2163,2162.9999999999322,530.564583,530.0,564.58,1
2164,2163.999999999932,530.723958,530.2,523.96,1
2165,2164.999999999932,530.889063,530.4,489.06,1
2166,2165.9999999999313,531.057292,530.4666666666667,590.63,1
2167,2166.9999999999327,531.239583,530.7333333333333,506.25,1
2168,2167.999999999931,531.421875,530.9,521.88,1
2169,2168.9999999999313,531.594792,531.0,594.79,1
2170,2169.9999999999313,531.75,531.0,750.0,1
2171,2170.9999999999304,531.921875,531.0666666666667,855.21,1
2172,2171.9999999999304,532.075,531.0666666666667,1008.33,1
2173,2172.9999999999304,532.266667,531.8,466.67,1
2174,2173.99999999993,532.398958,531.9,498.96,1
2175,2174.9999999999295,532.56875,532.0,568.75,1
2176,2175.9999999999295,532.760417,532.0,760.42,1
2177,2176.999999999929,532.922917,533.9333333333333,1010.42,1
2178,2177.999999999929,533.065625,533.9333333333333,867.71,1
2179,2178.999999999929,533.264583,534.3666666666667,1102.08,1
2180,2179.999999999928,533.405208,534.3666666666667,961.46,1
2181,2180.999999999928,533.563542,534.4,836.46,1
2182,2181.9999999999277,533.7614580000002,534.4333333333333,671.88,1
2183,2182.9999999999272,533.909375,534.4333333333333,523.96,1
2184,2183.9999999999272,534.065625,534.5,434.38,1
2185,2184.999999999927,534.267708,534.5333333333333,265.63,1
2186,2185.999999999927,534.40625,534.5333333333333,127.08,1
2187,2186.9999999999254,534.5625,534.7,137.5,1
2188,2187.999999999926,534.767708,535.0666666666667,298.96,1
2189,2188.999999999926,534.91875,535.1666666666666,247.92,1
2190,2189.999999999925,535.111979,535.1666666666666,54.69,1
2191,2190.999999999925,535.342708,535.2666666666667,76.04,1
2192,2191.999999999925,535.513542,535.3,213.54,1
2193,2192.9999999999245,535.772917,535.3,472.92,1
2194,2193.999999999925,535.963021,535.3333333333334,629.69,1
2195,2194.9999999999245,536.153125,535.4666666666667,686.46,1
2196,2195.9999999999145,536.217709,535.7666666666667,451.04,1
2197,2196.999999999915,536.374479,535.9666666666667,407.81,1
2198,2197.9999999999145,536.53125,536.1666666666666,364.58,1
2199,2198.9999999999145,536.608855,536.1666666666666,442.19,1
2200,2199.9999999999145,536.765886,536.3,465.89,1
2201,2200.9999999999145,536.922917,536.6,322.92,1
2202,2201.9999999999145,537.014583,538.4666666666667,1452.08,1
2203,2202.9999999999145,537.206944,538.6666666666666,1459.72,1
2204,2203.9999999999145,537.3993059999998,538.8666666666667,1467.36,1
2205,2204.9999999999145,537.591667,538.8666666666667,1275.0,1
2206,2205.999999999915,537.784722,539.2666666666667,1481.94,1
2207,2206.9999999999145,537.9777780000002,539.9,1922.22,1
2208,2207.9999999999145,538.170834,540.0333333333333,1862.5,1
2209,2208.999999999915,538.377084,540.0333333333333,1656.25,1
2210,2209.999999999915,538.583333,540.2,1616.67,1
2211,2210.999999999915,538.789584,540.2333333333333,1443.75,1
2212,2211.999999999915,538.995834,540.2333333333333,1237.5,1
2213,2212.999999999914,539.295313,540.2666666666667,971.35,1
2214,2213.999999999914,539.501042,540.3,798.96,1
2215,2214.999999999914,539.654167,540.3,645.83,1
2216,2215.999999999914,539.783854,540.3333333333334,549.48,1
2217,2216.999999999913,539.927083,540.3333333333334,406.25,1
2218,2217.9999999999127,540.092969,540.3666666666667,273.7,1
2219,2218.999999999913,540.258854,541.4333333333333,1174.48,1
2220,2219.999999999913,540.34948,545.1333333333333,4783.85,1
2221,2220.9999999999127,540.490625,545.3333333333334,4842.71,1
2222,2221.9999999999127,540.631771,545.3333333333334,4701.56,1
2223,2222.999999999913,540.711458,545.7666666666667,5055.21,1
2224,2223.9999999999127,540.8710940000002,545.9666666666667,5095.57,1
2225,2224.9999999999127,541.03073,546.0666666666667,5035.94,1
2226,2225.9999999999127,541.1135419999998,546.3333333333334,5219.79,1
2227,2226.9999999999127,541.2746530000002,546.5333333333333,5258.68,1
2228,2227.9999999999127,541.435764,546.8,5364.24,1
2229,2228.9999999999127,541.596875,546.8,5203.12,1
2230,2229.999999999913,541.7626740000002,547.6333333333333,5870.66,1
2231,2230.999999999913,541.9284719999998,547.7333333333333,5804.86,1
2232,2231.999999999913,542.094271,547.7666666666667,5672.4,1
2233,2232.999999999913,542.282031,547.9333333333333,5651.3,1
2234,2233.999999999914,542.469792,548.1333333333333,5663.54,1
2235,2234.999999999913,542.657552,548.4,5742.45,1
2236,2235.999999999913,542.845312,548.6666666666666,5821.35,1
2237,2236.9999999999127,543.146354,548.8666666666667,5720.31,1
2238,2237.9999999999127,543.328646,548.9666666666667,5638.02,1
2239,2238.999999999912,543.465625,548.9666666666667,5501.04,1
2240,2239.999999999912,543.586458,549.1333333333333,5546.88,1
2241,2240.999999999912,543.719271,549.5,5780.73,1
2242,2241.9999999999063,543.922656,549.7,5777.34,1
2243,2242.9999999999063,544.126041,549.9,5773.96,1
2244,2243.9999999999063,544.2302080000002,550.1333333333333,5903.13,1
2245,2244.9999999999063,544.389323,550.6,6210.68,1
2246,2245.9999999999063,544.548438,550.6666666666666,6118.23,1
2247,2246.9999999999063,544.651562,550.7666666666667,6115.1,1
2248,2247.9999999999063,544.786979,550.9666666666667,6179.69,1
2249,2248.9999999999063,544.922396,551.3,6377.6,1
2250,2249.999999999906,545.025521,551.4,6374.48,1
2251,2250.9999999999063,545.148958,551.4333333333333,6284.38,1
2252,2251.9999999999063,545.272396,552.3666666666667,7094.27,1
2253,2252.999999999906,545.373958,552.5666666666667,7192.71,1
2254,2253.9999999999063,545.522917,552.7333333333333,7210.42,1
2255,2254.9999999999063,545.671875,553.0,7328.12,1
2256,2255.999999999906,545.776042,553.2,7423.96,1
2257,2256.9999999999063,545.939063,553.4,7460.94,1
2258,2257.999999999906,546.102083,553.6,7497.92,1
2259,2258.999999999906,546.200521,553.8333333333334,7632.81,1
2260,2259.999999999906,546.3625,554.0333333333333,7670.83,1
2261,2260.999999999906,546.524479,554.3,7775.52,1
2262,2261.999999999906,546.797396,554.4333333333333,7635.94,1
2263,2262.9999999999063,547.004427,554.6333333333333,7628.91,1
2264,2263.999999999906,547.211458,554.8333333333334,7621.88,1
2265,2264.999999999906,547.663542,555.0,7336.46,1
2266,2265.999999999906,547.910938,555.2333333333333,7322.4,1
2267,2266.999999999905,548.0703129999998,555.2333333333333,7163.02,1
2268,2267.9999999999045,548.216146,555.2666666666667,7050.52,1
2269,2268.9999999999045,548.38125,555.2666666666667,6885.42,1
2270,2269.9999999999036,548.530208,555.3,6769.79,1
2271,2270.9999999999036,548.671875,556.2666666666667,7594.79,1
2272,2271.999999999903,548.815625,556.2666666666667,7451.04,1
2273,2272.9999999999022,548.957291,556.3,7342.71,1
2274,2273.9999999999027,549.127084,556.3,7172.92,1
2275,2274.9999999999022,549.295313,556.3333333333334,7038.02,1
2276,2275.9999999999022,549.463542,556.3666666666667,6903.12,1
2277,2276.9999999999022,549.775,556.3666666666667,6591.67,1
2278,2277.9999999999022,549.976042,556.4,6423.96,1
2279,2278.9999999999013,550.142188,556.4333333333333,6291.15,1
2280,2279.9999999999004,550.298438,556.4333333333333,6134.9,1
2281,2280.9999999999004,550.454167,556.4666666666667,6012.5,1
2282,2281.9999999999,550.60625,556.4666666666667,5860.42,1
2283,2282.999999999899,550.75625,556.5,5743.75,1
2284,2283.9999999998986,550.903125,556.5333333333333,5630.21,1
2285,2284.999999999898,551.031771,556.5666666666667,5534.9,1
2286,2285.999999999898,551.202083,557.6333333333333,6431.25,1
2287,2286.9999999998986,551.34375,557.9333333333333,6589.58,1
2288,2287.999999999898,551.485417,558.1,6614.58,1
2289,2288.999999999898,551.638542,560.5,8861.46,1
2290,2289.999999999898,551.780208,560.5,8719.79,1
2291,2290.9999999998986,551.8708330000002,560.5,8629.17,1
2292,2291.999999999898,552.003125,560.5,8496.88,1
2293,2292.999999999892,552.134375,560.5,8365.63,1
2294,2293.999999999892,552.236459,560.5,8263.54,1
2295,2294.9999999998927,552.3708330000002,560.5,8129.17,1
2296,2295.9999999998918,552.489583,560.5,8010.42,1
2297,2296.999999999892,552.5979169999998,560.5,7902.08,1
2298,2297.999999999892,552.710417,560.5,7789.58,1
2299,2298.999999999892,552.821354,560.5,7678.65,1
2300,2299.9999999998918,552.934375,560.5,7565.62,1
2301,2300.9999999998918,553.0583330000002,560.5,7441.67,1
2302,2301.9999999998913,553.16875,560.5,7331.25,1
2303,2302.9999999998913,553.2854169999998,560.5,7214.58,1
2304,2303.9999999998913,553.3984379999998,560.5,7101.56,1
2305,2304.9999999998913,553.514583,560.5,6985.42,1
2306,2305.9999999998913,553.642187,560.5,6857.81,1
2307,2306.999999999891,553.805729,560.5,6694.27,1
2308,2307.999999999891,553.93125,560.5,6568.75,1
2309,2308.999999999891,554.044792,560.5,6455.21,1
2310,2309.999999999891,554.148958,560.5,6351.04,1
2311,2310.999999999891,554.258333,560.5,6241.67,1
2312,2311.9999999998913,554.365625,560.5,6134.37,1
2313,2312.9999999998913,554.477083,560.5,6022.92,1
2314,2313.9999999998913,554.591666,560.5,5908.33,1
2315,2314.9999999998913,554.70625,560.5,5793.75,1
2316,2315.999999999891,554.820833,560.5,5679.17,1
2317,2316.999999999891,554.941666,560.5,5558.33,1
2318,2317.999999999891,555.0625,560.5,5437.5,1
2319,2318.999999999891,555.1833330000002,560.5,5316.67,1
2320,2319.9999999998913,555.3131940000002,560.5,5186.81,1
2321,2320.9999999998927,555.443056,560.5,5056.94,1
2322,2321.9999999998913,555.572917,560.5,4927.08,1
2323,2322.9999999998913,555.7194450000002,560.5,4780.55,1
2324,2323.9999999998927,555.8659719999998,560.5,4634.03,1
2325,2324.9999999998913,556.0125,560.5,4487.5,1
2326,2325.9999999998918,556.14809,560.5,4351.91,1
2327,2326.9999999998913,556.283681,560.5,4216.32,1
2328,2327.9999999998913,556.419271,560.5,4080.73,1
2329,2328.999999999891,556.5548610000002,560.5,3945.14,1
2330,2329.9999999998913,556.6904519999998,560.5,3809.55,1
2331,2330.99999999989,556.826042,560.5,3673.96,1
2332,2331.999999999891,556.9139759999998,560.5,3586.02,1
2333,2332.9999999998913,557.00191,560.5,3498.09,1
2334,2333.999999999891,557.0898440000002,560.5,3410.16,1
2335,2334.999999999891,557.177778,560.5,3322.22,1
2336,2335.9999999998913,557.265712,560.5,3234.29,1
2337,2336.999999999891,557.353646,560.5,3146.35,1
