beat_idx,gt_beat,gt_time_s,pred_time_s,err_ms,ok
0,0.0,0.978516,0.0,978.52,1
1,1.0000000000000002,1.156901,0.0,1156.9,1
2,2.0000000000000004,1.335287,0.03333333333333333,1301.95,1
3,3.000000000000001,1.552083,0.06666666666666667,1485.42,1
4,4.000000000000001,1.748372,0.1,1648.37,1
5,5.000000000000001,1.944662,0.1,1844.66,1
6,6.000000000000001,2.1295580000000003,0.13333333333333333,1996.22,1
7,7.0,2.308485,0.13333333333333333,2175.15,1
8,8.000000000000002,2.487413,0.16666666666666666,2320.75,1
9,9.000000000000002,2.666341,0.2,2466.34,1
10,10.000000000000002,2.845269,0.2,2645.27,1
11,11.000000000000004,3.024197,0.23333333333333334,2790.86,1
12,12.000000000000004,3.203125,0.26666666666666666,2936.46,1
13,13.000000000000004,3.452257,0.26666666666666666,3185.59,1
14,14.000000000000002,3.701389,0.3,3401.39,1
15,15.000000000000002,3.950521,0.3,3650.52,1
16,16.000000000000004,4.09592,0.3333333333333333,3762.59,1
17,17.000000000000004,4.241319,0.5,3741.32,1
18,18.000000000000004,4.386719,0.5,3886.72,1
19,19.0,4.532118,0.5333333333333333,3998.78,1
20,20.0,4.677518,0.5666666666666667,4110.85,1
21,21.000000000000004,4.822917,0.9333333333333333,3889.58,1
22,22.000000000000004,4.9528,0.9333333333333333,4019.47,1
23,23.000000000000007,5.082683,0.9666666666666667,4116.02,1
24,24.000000000000018,5.30599,1.0,4305.99,1
25,25.000000000000007,5.516602,1.0,4516.6,1
26,26.000000000000007,5.727214,1.0333333333333334,4693.88,1
27,27.000000000000014,5.880209,1.0666666666666667,4813.54,1
28,28.00000000000001,6.0875650000000014,1.0666666666666667,5020.9,1
29,29.000000000000025,6.294922,1.1,5194.92,1
30,30.000000000000018,6.461589,1.1,5361.59,1
31,31.000000000000018,6.64898,1.1333333333333333,5515.65,1
32,32.00000000000002,6.836372,1.1666666666666667,5669.71,1
33,33.00000000000002,7.0237630000000015,1.1666666666666667,5857.1,1
34,34.00000000000002,7.2111550000000015,1.2,6011.16,1
35,35.00000000000002,7.398546,1.2,6198.55,1
36,36.00000000000002,7.585938,1.3333333333333333,6252.6,1
37,37.00000000000002,7.851563,1.3666666666666667,6484.9,1
38,38.00000000000002,8.117187,1.3666666666666667,6750.52,1
39,39.000000000000036,8.382812,1.4,6982.81,1
40,40.00000000000002,8.54427,1.4666666666666666,7077.6,1
41,41.00000000000002,8.705729,1.4666666666666666,7239.06,1
42,42.00000000000002,8.867187,1.5,7367.19,1
43,43.00000000000002,9.028645,2.1,6928.64,1
44,44.00000000000003,9.190104,2.1,7090.1,1
45,45.00000000000003,9.351562,2.1333333333333333,7218.23,1
46,46.00000000000002,9.497395,2.1333333333333333,7364.06,1
47,47.000000000000036,9.643229,2.1666666666666665,7476.56,1
48,48.000000000000036,9.847656,2.2,7647.66,1
49,49.000000000000036,10.051649,2.2,7851.65,1
50,50.000000000000036,10.255642,2.2333333333333334,8022.31,1
51,51.000000000000036,10.459635,2.2666666666666666,8192.97,1
52,52.000000000000036,10.644097,2.2666666666666666,8377.43,1
53,53.00000000000003,10.828559,2.3,8528.56,1
54,54.000000000000036,11.013021,2.3,8713.02,1
55,55.00000000000003,11.221571,2.3333333333333335,8888.24,1
56,56.00000000000002,11.430122,2.3666666666666667,9063.46,1
57,57.00000000000003,11.638672,2.7666666666666666,8872.01,1
58,58.00000000000003,11.868304,2.9,8968.3,1
59,59.00000000000003,12.097935,3.066666666666667,9031.27,1
60,60.00000000000003,12.327567,3.3333333333333335,8994.23,1
61,61.00000000000002,12.557199,3.566666666666667,8990.53,1
62,62.00000000000003,12.786831,3.7666666666666666,9020.16,1
63,63.00000000000003,13.016462,3.9,9116.46,1
64,64.00000000000003,13.246094,3.9,9346.09,1
65,65.00000000000003,13.448503,3.933333333333333,9515.17,1
66,66.00000000000003,13.650912,4.0,9650.91,1
67,67.00000000000003,13.853320000000002,4.2,9653.32,1
68,68.00000000000003,14.055729,4.4,9655.73,1
69,69.00000000000003,14.258138,4.6,9658.14,1
70,70.00000000000003,14.460547,4.6,9860.55,1
71,71.00000000000003,14.662956,4.866666666666666,9796.29,1
72,72.00000000000003,14.865364,4.866666666666666,9998.7,1
73,73.00000000000003,15.067773,4.9,10167.77,1
74,74.00000000000003,15.270182,4.933333333333334,10336.85,1
75,75.00000000000004,15.429688,4.933333333333334,10496.35,1
76,76.00000000000003,15.657877,4.966666666666667,10691.21,1
77,77.00000000000003,15.886067,5.0,10886.07,1
78,78.00000000000003,16.059896,5.0,11059.9,1
79,79.00000000000004,16.249132,5.033333333333333,11215.8,1
80,80.00000000000003,16.438368,5.033333333333333,11405.03,1
81,81.00000000000003,16.627604,5.066666666666666,11560.94,1
82,82.00000000000003,16.81684,5.1,11716.84,1
83,83.00000000000004,17.006076,5.1,11906.08,1
84,84.00000000000003,17.195312,5.133333333333334,12061.98,1
85,85.00000000000004,17.458767,5.166666666666667,12292.1,1
86,86.00000000000004,17.722222,5.166666666666667,12555.56,1
87,87.00000000000006,17.985677,5.2,12785.68,1
88,88.00000000000004,18.143229,5.2,12943.23,1
89,89.00000000000004,18.300781,5.233333333333333,13067.45,1
90,90.00000000000004,18.458334,5.266666666666667,13191.67,1
91,91.00000000000004,18.615886,5.266666666666667,13349.22,1
92,92.00000000000006,18.773438,5.3,13473.44,1
93,93.00000000000007,18.990886,5.3,13690.89,1
94,94.00000000000006,19.13737,5.333333333333333,13804.04,1
95,95.00000000000007,19.283854,5.366666666666666,13917.19,1
96,96.0000000000001,19.498698,5.366666666666666,14132.03,1
97,97.00000000000007,19.704752,5.4,14304.75,1
98,98.00000000000009,19.910807,5.433333333333334,14477.47,1
99,99.00000000000009,20.090495,5.433333333333334,14657.16,1
100,100.00000000000009,20.307292,5.466666666666667,14840.63,1
101,101.00000000000013,20.524089,5.466666666666667,15057.42,1
102,102.00000000000009,20.692708,5.5,15192.71,1
103,103.0000000000001,20.874783,5.533333333333333,15341.45,1
104,104.0000000000001,21.056858,5.6,15456.86,1
105,105.00000000000009,21.238932,6.366666666666666,14872.27,1
106,106.00000000000009,21.421007,6.366666666666666,15054.34,1
107,107.00000000000009,21.603081,6.4,15203.08,1
108,108.0000000000001,21.785156,7.466666666666667,14318.49,1
109,109.0000000000001,22.085069,8.133333333333333,13951.74,1
110,110.0000000000001,22.384983,8.133333333333333,14251.65,1
111,111.00000000000017,22.684896,8.166666666666666,14518.23,1
112,112.0000000000001,22.874783,8.166666666666666,14708.12,1
113,113.00000000000013,23.06467,8.2,14864.67,1
114,114.00000000000013,23.254558,8.233333333333333,15021.22,1
115,115.0000000000001,23.444445,8.333333333333334,15111.11,1
116,116.0000000000001,23.634332,8.533333333333333,15101.0,1
117,117.0000000000001,23.824219,8.733333333333333,15090.89,1
118,118.00000000000013,23.964193,9.0,14964.19,1
119,119.00000000000013,24.104167,9.0,15104.17,1
120,120.00000000000013,24.360026,9.833333333333334,14526.69,1
121,121.00000000000014,24.554253,9.866666666666667,14687.59,1
122,122.00000000000013,24.748481,9.866666666666667,14881.81,1
123,123.00000000000014,24.942708,9.933333333333334,15009.37,1
124,124.00000000000014,25.137587,9.933333333333334,15204.25,1
125,125.00000000000014,25.332465,10.2,15132.47,1
126,126.0000000000002,25.527344,10.233333333333333,15294.01,1
127,127.00000000000014,25.738932,10.966666666666667,14772.27,1
128,128.00000000000014,25.950521,11.733333333333333,14217.19,1
129,129.00000000000014,26.162109,11.9,14262.11,1
130,130.00000000000014,26.383091,11.966666666666667,14416.42,1
131,131.00000000000014,26.604073,13.2,13404.07,1
132,132.00000000000014,26.825056,13.2,13625.06,1
133,133.00000000000014,27.046038,13.866666666666667,13179.37,1
134,134.00000000000014,27.26702,13.9,13367.02,1
135,135.00000000000014,27.488002,13.9,13588.0,1
136,136.0000000000002,27.708984,14.066666666666666,13642.32,1
137,137.00000000000014,27.887614000000006,14.2,13687.61,1
138,138.00000000000014,28.066244,14.6,13466.24,1
139,139.00000000000014,28.244873,15.0,13244.87,1
140,140.00000000000014,28.423503000000004,15.6,12823.5,1
141,141.00000000000014,28.602132,15.633333333333333,12968.8,1
142,142.00000000000014,28.780762,15.666666666666666,13114.1,1
143,143.00000000000014,28.959391,15.666666666666666,13292.72,1
144,144.00000000000014,29.138021,15.7,13438.02,1
145,145.00000000000014,29.377279,15.733333333333333,13643.95,1
146,146.0000000000002,29.616536,15.733333333333333,13883.2,1
147,147.00000000000014,29.744141,15.766666666666667,13977.47,1
148,148.00000000000014,29.911458000000003,15.766666666666667,14144.79,1
149,149.00000000000017,30.052083000000003,15.8,14252.08,1
150,150.0000000000002,30.223958000000003,15.833333333333334,14390.62,1
151,151.00000000000028,30.39974,16.166666666666668,14233.07,1
152,152.00000000000026,30.576823,16.433333333333334,14143.49,1
153,153.00000000000028,30.790365,16.566666666666666,14223.7,1
154,154.00000000000028,30.995009000000003,18.633333333333333,12361.68,1
155,155.00000000000028,31.199653,19.2,11999.65,1
156,156.00000000000034,31.404297,19.2,12204.3,1
157,157.00000000000028,31.559896,19.233333333333334,12326.56,1
158,158.00000000000034,31.721354,19.233333333333334,12488.02,1
159,159.00000000000034,31.875,20.2,11675.0,1
160,160.00000000000034,32.065104,20.4,11665.1,1
161,161.00000000000034,32.238281,20.6,11638.28,1
162,162.00000000000034,32.407552,20.833333333333332,11574.22,1
163,163.00000000000034,32.539062,21.0,11539.06,1
164,164.00000000000034,32.669271,21.0,11669.27,1
165,165.00000000000028,32.829427,21.066666666666666,11762.76,1
166,166.0000000000003,33.082031,21.233333333333334,11848.7,1
167,167.00000000000034,33.272136,21.333333333333332,11938.8,1
168,168.00000000000028,33.574219,21.366666666666667,12207.55,1
169,169.00000000000028,33.787109,21.4,12387.11,1
170,170.00000000000028,34.0,21.533333333333335,12466.67,1
171,171.0000000000003,34.136068,22.0,12136.07,1
172,172.00000000000037,34.334635,22.233333333333334,12101.3,1
173,173.00000000000028,34.483073,22.433333333333334,12049.74,1
174,174.00000000000028,34.669271,22.633333333333333,12035.94,1
175,175.00000000000026,34.828125,22.766666666666666,12061.46,1
176,176.00000000000026,35.014323,22.966666666666665,12047.66,1
177,177.00000000000028,35.230469,23.2,12030.47,1
178,178.0000000000002,35.397136,23.4,11997.14,1
179,179.00000000000017,35.563802,23.566666666666666,11997.14,1
180,180.0000000000002,35.730469,23.566666666666666,12163.8,1
181,181.0000000000002,35.914062,23.733333333333334,12180.73,1
182,182.00000000000026,36.0625,24.0,12062.5,1
183,183.00000000000017,36.177734,24.1,12077.73,1
184,184.00000000000014,36.373698,24.266666666666666,12107.03,1
185,185.00000000000014,36.529948,24.266666666666666,12263.28,1
186,186.00000000000017,36.645183,24.433333333333334,12211.85,1
187,187.0000000000002,36.761719,24.8,11961.72,1
188,188.00000000000014,36.923177,25.233333333333334,11689.84,1
189,189.0000000000001,37.069662,25.6,11469.66,1
190,190.0000000000001,37.264323,25.6,11664.32,1
191,191.0000000000001,37.484375,25.633333333333333,11851.04,1
192,192.00000000000017,37.882812,25.666666666666668,12216.15,1
193,193.00000000000017,38.121094,25.833333333333332,12287.76,1
194,194.00000000000017,38.299479,26.033333333333335,12266.15,1
195,195.00000000000017,38.401042,26.233333333333334,12167.71,1
196,196.00000000000017,38.611328,26.833333333333332,11777.99,1
197,197.00000000000017,38.797201,26.833333333333332,11963.87,1
198,198.0000000000002,38.983073,27.1,11883.07,1
199,199.0000000000002,39.182292,27.333333333333332,11848.96,1
200,200.00000000000017,39.367188,27.566666666666666,11800.52,1
201,201.00000000000017,39.65625,27.566666666666666,12089.58,1
202,202.00000000000014,40.007812,28.5,11507.81,1
203,203.00000000000017,40.174479,28.5,11674.48,1
204,204.00000000000017,40.404297,28.566666666666666,11837.63,1
205,205.00000000000017,40.635417,28.566666666666666,12068.75,1
206,206.00000000000017,40.830729,29.033333333333335,11797.4,1
207,207.00000000000017,41.078125,29.066666666666666,12011.46,1
208,208.00000000000017,41.303385,29.366666666666667,11936.72,1
209,209.00000000000017,41.436198,29.866666666666667,11569.53,1
210,210.00000000000017,41.6875,29.933333333333334,11754.17,1
211,211.00000000000017,41.910156,29.966666666666665,11943.49,1
212,212.00000000000017,42.070312,29.966666666666665,12103.65,1
213,213.0000000000002,42.333984,30.0,12333.98,1
214,214.00000000000017,42.645833,30.033333333333335,12612.5,1
215,215.0000000000002,42.869792,30.066666666666666,12803.13,1
216,216.0000000000002,43.127604,30.3,12827.6,1
217,217.0000000000002,43.454427,30.3,13154.43,1
218,218.0000000000002,43.650391,30.4,13250.39,1
219,219.0000000000002,43.915365,30.4,13515.37,1
220,220.0000000000002,44.128906,30.433333333333334,13695.57,1
221,221.00000000000028,44.395833,30.466666666666665,13929.17,1
222,222.0000000000003,44.66276,30.466666666666665,14196.09,1
223,223.0000000000003,44.889323,30.5,14389.32,1
224,224.0000000000003,45.072917,30.533333333333335,14539.58,1
225,225.0000000000003,45.40625,30.833333333333332,14572.92,1
226,226.0000000000003,45.619141,30.933333333333334,14685.81,1
227,227.0000000000003,45.832031,31.166666666666668,14665.36,1
228,228.0000000000003,45.985677,31.433333333333334,14552.34,1
229,229.0000000000003,46.190104,31.533333333333335,14656.77,1
230,230.0000000000003,46.384115,31.566666666666666,14817.45,1
231,231.0000000000003,46.577474,31.766666666666666,14810.81,1
232,232.0000000000003,46.832031,32.03333333333333,14798.7,1
233,233.00000000000034,47.084635,32.13333333333333,14951.3,1
234,234.00000000000037,47.239583,32.5,14739.58,1
235,235.00000000000037,47.489583,32.63333333333333,14856.25,1
236,236.00000000000037,47.670573,32.63333333333333,15037.24,1
237,237.00000000000037,47.880208,32.86666666666667,15013.54,1
238,238.00000000000037,48.217448,33.233333333333334,14984.11,1
239,239.00000000000037,48.472656,33.6,14872.66,1
240,240.00000000000037,48.737631,33.7,15037.63,1
241,241.00000000000037,49.011719,33.9,15111.72,1
242,242.0000000000003,49.230469,33.9,15330.47,1
243,243.0000000000003,49.373698,34.0,15373.7,1
244,244.00000000000034,49.608724,34.0,15608.72,1
245,245.0000000000003,49.800781,34.03333333333333,15767.45,1
246,246.00000000000034,50.070964,34.266666666666666,15804.3,1
247,247.00000000000037,50.325521,34.266666666666666,16058.85,1
248,248.00000000000037,50.513021,34.4,16113.02,1
249,249.00000000000037,50.720703,34.6,16120.7,1
250,250.0000000000004,50.904948,34.733333333333334,16171.61,1
251,251.00000000000037,51.092448,34.766666666666666,16325.78,1
252,252.0000000000004,51.32487,34.833333333333336,16491.54,1
253,253.00000000000037,51.5625,35.3,16262.5,1
254,254.0000000000004,51.746745,36.2,15546.74,1
255,255.00000000000037,51.961589,36.36666666666667,15594.92,1
256,256.0000000000004,52.166667,36.5,15666.67,1
257,257.00000000000034,52.445312,36.56666666666667,15878.65,1
258,258.00000000000045,52.65885400000001,36.56666666666667,16092.19,1
259,259.0000000000004,53.013021,36.96666666666667,16046.35,1
260,260.0000000000004,53.282552,37.03333333333333,16249.22,1
261,261.00000000000045,53.514974,37.266666666666666,16248.31,1
262,262.0000000000004,53.901042,37.46666666666667,16434.38,1
263,263.00000000000045,54.235678,37.46666666666667,16769.01,1
264,264.00000000000045,54.476563,37.5,16976.56,1
265,265.0000000000004,54.748698,37.5,17248.7,1
266,266.0000000000004,54.947917,37.8,17147.92,1
267,267.00000000000045,55.160807,38.56666666666667,16594.14,1
268,268.00000000000045,55.443359,38.56666666666667,16876.69,1
269,269.00000000000045,55.650391000000006,39.06666666666667,16583.72,1
270,270.00000000000045,55.938802,39.766666666666666,16172.14,1
271,271.0000000000004,56.23828100000001,40.0,16238.28,1
272,272.0000000000004,56.39453100000001,40.233333333333334,16161.2,1
273,273.00000000000045,56.554037,40.233333333333334,16320.7,1
274,274.0000000000004,56.748047,40.266666666666666,16481.38,1
275,275.0000000000005,56.921875,40.3,16621.88,1
276,276.0000000000005,57.09635400000001,40.4,16696.35,1
277,277.0000000000005,57.338542,40.43333333333333,16905.21,1
278,278.0000000000005,57.522787,40.46666666666667,17056.12,1
279,279.0000000000005,57.789062,40.46666666666667,17322.4,1
280,280.0000000000005,58.065755,40.5,17565.76,1
281,281.0000000000005,58.326823,41.4,16926.82,1
282,282.0000000000005,58.624349,41.4,17224.35,1
283,283.0000000000005,58.97265600000001,41.46666666666667,17505.99,1
284,284.0000000000005,59.229167,41.5,17729.17,1
285,285.0000000000005,59.461589,41.9,17561.59,1
286,286.0000000000004,59.779948,42.1,17679.95,1
287,287.0000000000005,60.015625,42.4,17615.62,1
288,288.0000000000004,60.132813,42.63333333333333,17499.48,1
289,289.0000000000005,60.434896,42.833333333333336,17601.56,1
290,290.0000000000005,60.59765600000001,42.86666666666667,17730.99,1
291,291.0000000000005,60.759766000000006,42.96666666666667,17793.1,1
292,292.0000000000005,60.938802,42.96666666666667,17972.14,1
293,293.00000000000057,61.12890600000001,43.0,18128.91,1
294,294.0000000000005,61.30078100000001,43.63333333333333,17667.45,1
295,295.00000000000057,61.523438,43.833333333333336,17690.1,1
296,296.0000000000005,61.6875,44.03333333333333,17654.17,1
297,297.00000000000057,61.835938,44.233333333333334,17602.6,1
298,298.0000000000005,61.990885,44.46666666666667,17524.22,1
299,299.00000000000057,62.16015600000001,44.666666666666664,17493.49,1
300,300.0000000000005,62.348958,44.86666666666667,17482.29,1
301,301.00000000000057,62.55859399999999,45.06666666666667,17491.93,1
302,302.0000000000005,62.709635,46.266666666666666,16442.97,1
303,303.00000000000057,62.915365,46.5,16415.37,1
304,304.00000000000057,63.134115,46.5,16634.12,1
305,305.0000000000006,63.260417,46.53333333333333,16727.08,1
306,306.00000000000057,63.603516000000006,46.53333333333333,17070.18,1
307,307.0000000000006,63.942708,46.56666666666667,17376.04,1
308,308.0000000000006,64.152344,46.6,17552.34,1
309,309.0000000000006,64.434895,46.6,17834.89,1
310,310.0000000000006,64.789062,46.63333333333333,18155.73,1
311,311.0000000000006,65.102214,46.63333333333333,18468.88,1
312,312.0000000000006,65.354166,46.666666666666664,18687.5,1
313,313.0000000000006,65.566406,46.7,18866.41,1
314,314.0000000000006,65.839844,46.766666666666666,19073.18,1
315,315.0000000000006,66.044271,47.266666666666666,18777.6,1
316,316.0000000000006,66.421224,47.3,19121.22,1
317,317.0000000000006,66.548177,47.4,19148.18,1
318,318.0000000000007,66.811849,47.4,19411.85,1
319,319.0000000000007,67.088542,47.43333333333333,19655.21,1
320,320.0000000000007,67.302083,47.43333333333333,19868.75,1
321,321.0000000000007,67.479167,48.6,18879.17,1
322,322.0000000000007,67.71549399999999,49.6,18115.49,1
323,323.0000000000007,67.906901,49.6,18306.9,1
324,324.0000000000007,68.095052,49.833333333333336,18261.72,1
325,325.00000000000057,68.425781,49.93333333333333,18492.45,1
326,326.0000000000006,68.601563,53.1,15501.56,1
327,327.0000000000007,68.805989,53.333333333333336,15472.66,1
328,328.0000000000007,68.99349000000001,53.53333333333333,15460.16,1
329,329.0000000000007,69.171875,53.733333333333334,15438.54,1
330,330.0000000000007,69.32161500000001,54.13333333333333,15188.28,1
331,331.0000000000006,69.515625,54.666666666666664,14848.96,1
332,332.0000000000007,69.67513000000001,54.93333333333333,14741.8,1
333,333.0000000000007,69.881511,55.03333333333333,14848.18,1
334,334.00000000000074,70.056641,55.03333333333333,15023.31,1
335,335.00000000000074,70.214844,55.233333333333334,14981.51,1
336,336.0000000000008,70.389323,55.266666666666666,15122.66,1
337,337.0000000000008,70.60025999999998,55.266666666666666,15333.59,1
338,338.0000000000008,70.800781,55.333333333333336,15467.45,1
339,339.0000000000008,71.188802,55.333333333333336,15855.47,1
340,340.00000000000085,71.408854,55.666666666666664,15742.19,1
341,341.0000000000008,71.601562,55.7,15901.56,1
342,342.00000000000085,71.768229,55.93333333333333,15834.9,1
343,343.00000000000085,71.997396,55.93333333333333,16064.06,1
344,344.0000000000009,72.136719,55.96666666666667,16170.05,1
345,345.0000000000009,72.372396,55.96666666666667,16405.73,1
346,346.0000000000009,72.582031,56.0,16582.03,1
347,347.0000000000009,72.789062,56.266666666666666,16522.4,1
348,348.00000000000097,73.066406,56.46666666666667,16599.74,1
349,349.0000000000009,73.285156,56.666666666666664,16618.49,1
350,350.00000000000097,73.503906,56.93333333333333,16570.57,1
351,351.000000000001,73.65299499999998,57.1,16552.99,1
352,352.000000000001,73.876302,57.1,16776.3,1
353,353.000000000001,74.011719,57.53333333333333,16478.39,1
354,354.0000000000011,74.1875,57.53333333333333,16654.17,1
355,355.0000000000011,74.432291,57.56666666666667,16865.62,1
356,356.0000000000011,74.677083,57.6,17077.08,1
357,357.0000000000011,74.80794300000002,57.6,17207.94,1
358,358.00000000000114,74.97786500000002,57.86666666666667,17111.2,1
359,359.00000000000125,75.139323,58.2,16939.32,1
360,360.00000000000125,75.339844,58.266666666666666,17073.18,1
361,361.00000000000125,75.570964,58.43333333333333,17137.63,1
362,362.00000000000114,75.802083,58.43333333333333,17368.75,1
363,363.0000000000013,75.9375,58.6,17337.5,1
364,364.0000000000013,76.126302,58.766666666666666,17359.64,1
365,365.0000000000013,76.31900999999998,59.03333333333333,17285.68,1
366,366.0000000000014,76.484375,59.3,17184.38,1
367,367.0000000000014,76.718099,59.43333333333333,17284.77,1
368,368.0000000000015,76.951823,60.56666666666667,16385.16,1
369,369.0000000000014,77.083334,60.56666666666667,16516.67,1
370,370.0000000000013,77.282552,61.06666666666667,16215.89,1
371,371.00000000000165,77.449219,61.1,16349.22,1
372,372.00000000000153,77.664062,61.666666666666664,15997.4,1
373,373.00000000000153,77.913411,62.233333333333334,15680.08,1
374,374.0000000000016,78.16275999999998,62.233333333333334,15929.43,1
375,375.0000000000017,78.30599000000002,62.333333333333336,15972.66,1
376,376.0000000000015,78.50650999999998,62.333333333333336,16173.18,1
377,377.00000000000176,78.6875,62.36666666666667,16320.83,1
378,378.0000000000017,78.833333,62.4,16433.33,1
379,379.0000000000018,79.029948,62.733333333333334,16296.61,1
380,380.00000000000176,79.183594,62.733333333333334,16450.26,1
381,381.0000000000019,79.351562,62.766666666666666,16584.9,1
382,382.0000000000019,79.561198,62.8,16761.2,1
383,383.000000000002,79.691406,62.8,16891.41,1
384,384.0000000000019,79.900391,63.233333333333334,16667.06,1
385,385.0000000000019,80.172092,63.333333333333336,16838.76,1
386,386.0000000000019,80.443793,63.6,16843.79,1
387,387.000000000002,80.71549399999998,63.6,17115.49,1
388,388.0000000000019,80.94768,63.63333333333333,17314.35,1
389,389.000000000002,81.179865,63.63333333333333,17546.53,1
390,390.0000000000019,81.41205,63.666666666666664,17745.38,1
391,391.000000000002,81.644235,63.7,17944.23,1
392,392.0000000000019,81.87642,63.7,18176.42,1
393,393.0000000000019,82.10860600000002,63.733333333333334,18375.27,1
394,394.0000000000019,82.34079100000002,63.766666666666666,18574.12,1
395,395.0000000000018,82.572976,63.766666666666666,18806.31,1
396,396.0000000000019,82.805161,63.8,19005.16,1
397,397.00000000000193,83.037346,63.8,19237.35,1
398,398.000000000002,83.269531,63.833333333333336,19436.2,1
399,399.0000000000018,83.459636,63.86666666666667,19592.97,1
400,400.000000000002,83.70931,63.86666666666667,19842.64,1
401,401.0000000000018,83.958984,63.9,20058.98,1
402,402.00000000000205,84.17513000000002,63.9,20275.13,1
403,403.00000000000205,84.40028199999998,63.93333333333333,20466.95,1
404,404.000000000002,84.625434,63.96666666666667,20658.77,1
405,405.00000000000205,84.85058599999998,63.96666666666667,20883.92,1
406,406.000000000002,85.075738,65.4,19675.74,1
407,407.0000000000019,85.30089,68.5,16800.89,1
408,408.0000000000021,85.526042,68.5,17026.04,1
409,409.00000000000205,85.74132,68.6,17141.32,1
410,410.000000000002,85.956597,68.63333333333334,17323.26,1
411,411.00000000000205,86.171875,68.63333333333334,17538.54,1
412,412.000000000002,86.340278,68.66666666666667,17673.61,1
413,413.0000000000019,86.50868100000002,68.7,17808.68,1
414,414.00000000000216,86.677084,68.7,17977.08,1
415,415.00000000000205,86.845486,68.73333333333333,18112.15,1
416,416.000000000002,87.013889,68.73333333333333,18280.56,1
417,417.00000000000205,87.182292,68.76666666666667,18415.63,1
418,418.000000000002,87.326823,68.8,18526.82,1
419,419.00000000000205,87.471354,68.8,18671.35,1
420,420.00000000000205,87.6875,68.83333333333333,18854.17,1
421,421.0000000000021,87.922526,68.86666666666666,19055.86,1
422,422.00000000000216,88.157552,68.86666666666666,19290.89,1
423,423.0000000000021,88.325521,68.9,19425.52,1
424,424.0000000000021,88.546549,68.9,19646.55,1
425,425.00000000000216,88.767578,68.93333333333334,19834.24,1
426,426.00000000000233,88.93294300000002,68.96666666666667,19966.28,1
427,427.00000000000216,89.128798,68.96666666666667,20162.13,1
428,428.00000000000233,89.324653,69.0,20324.65,1
429,429.00000000000216,89.52050799999998,69.03333333333333,20487.17,1
430,430.0000000000021,89.716363,69.03333333333333,20683.03,1
431,431.00000000000216,89.91221800000002,69.06666666666666,20845.55,1
432,432.00000000000233,90.108073,69.06666666666666,21041.41,1
433,433.00000000000216,90.355035,69.1,21255.04,1
434,434.00000000000233,90.601996,69.13333333333334,21468.66,1
435,435.00000000000216,90.848958,69.4,21448.96,1
436,436.00000000000216,91.02539,69.6,21425.39,1
437,437.00000000000216,91.201823,70.26666666666667,20935.16,1
438,438.00000000000205,91.378255,70.26666666666667,21111.59,1
439,439.00000000000216,91.554687,70.73333333333333,20821.35,1
440,440.0000000000022,91.73112,71.9,19831.12,1
441,441.00000000000233,91.907552,72.76666666666667,19140.89,1
442,442.0000000000022,92.210937,72.96666666666667,19244.27,1
443,443.0000000000022,92.514323,73.2,19314.32,1
444,444.0000000000021,92.817708,73.2,19617.71,1
445,445.0000000000022,93.018663,73.3,19718.66,1
446,446.00000000000233,93.219618,73.56666666666666,19652.95,1
447,447.00000000000233,93.420573,73.56666666666666,19853.91,1
448,448.00000000000233,93.610677,73.66666666666667,19944.01,1
449,449.0000000000022,93.800781,73.7,20100.78,1
450,450.0000000000021,93.990885,73.7,20290.89,1
451,451.0000000000022,94.191623,73.76666666666667,20424.96,1
452,452.0000000000022,94.392361,74.3,20092.36,1
453,453.0000000000025,94.593099,74.36666666666666,20226.43,1
454,454.00000000000233,94.840588,74.86666666666666,19973.92,1
455,455.0000000000022,95.088077,79.3,15788.08,1
456,456.00000000000233,95.335566,82.36666666666666,12968.9,1
457,457.0000000000022,95.583054,82.4,13183.05,1
458,458.00000000000233,95.830543,82.6,13230.54,1
459,459.0000000000022,96.078032,82.8,13278.03,1
460,460.00000000000233,96.325521,83.0,13325.52,1
461,461.0000000000022,96.533203,83.13333333333334,13399.87,1
462,462.00000000000233,96.740886,83.3,13440.89,1
463,463.0000000000022,96.948568,83.7,13248.57,1
464,464.00000000000233,97.15625,83.9,13256.25,1
465,465.00000000000233,97.363932,84.13333333333334,13230.6,1
466,466.00000000000233,97.571614,84.46666666666667,13104.95,1
467,467.0000000000022,97.779297,84.46666666666667,13312.63,1
468,468.00000000000233,97.986979,84.5,13486.98,1
469,469.0000000000022,98.194661,84.5,13694.66,1
470,470.00000000000233,98.402344,84.53333333333333,13869.01,1
471,471.0000000000024,98.583333,84.56666666666666,14016.67,1
472,472.0000000000024,98.804688,84.56666666666666,14238.02,1
473,473.00000000000233,99.026042,84.6,14426.04,1
474,474.0000000000024,99.21224,84.63333333333334,14578.91,1
475,475.0000000000024,99.421441,84.63333333333334,14788.11,1
476,476.0000000000024,99.630643,84.66666666666667,14963.98,1
477,477.00000000000244,99.839844,84.83333333333333,15006.51,1
478,478.0000000000024,100.049045,84.83333333333333,15215.71,1
479,479.0000000000024,100.258247,85.83333333333333,14424.91,1
480,480.0000000000024,100.467448,85.83333333333333,14634.11,1
481,481.00000000000233,100.708116,85.86666666666666,14841.45,1
482,482.0000000000024,100.948785,85.96666666666667,14982.12,1
483,483.00000000000244,101.189453,85.96666666666667,15222.79,1
484,484.0000000000024,101.348177,86.13333333333334,15214.84,1
485,485.00000000000244,101.506901,86.16666666666667,15340.23,1
486,486.00000000000244,101.665625,86.16666666666667,15498.96,1
487,487.0000000000024,101.824349,86.2,15624.35,1
488,488.00000000000244,101.983073,86.4,15583.07,1
489,489.0000000000025,102.19987,86.4,15799.87,1
490,490.00000000000244,102.34668,87.16666666666667,15180.01,1
491,491.0000000000025,102.493489,87.43333333333334,15060.16,1
492,492.0000000000025,102.708333,87.46666666666667,15241.67,1
493,493.00000000000256,102.931641,87.46666666666667,15464.97,1
494,494.0000000000025,103.154948,87.7,15454.95,1
495,495.00000000000256,103.347005,87.7,15647.0,1
496,496.0000000000027,103.570963,88.16666666666667,15404.3,1
497,497.00000000000256,103.794922,88.2,15594.92,1
498,498.00000000000256,103.975911,88.2,15775.91,1
499,499.0000000000027,104.153537,88.3,15853.54,1
500,500.0000000000026,104.331163,88.33333333333333,15997.83,1
501,501.00000000000256,104.508789,89.6,14908.79,1
502,502.0000000000027,104.686415,89.8,14886.41,1
503,503.0000000000026,104.864041,90.23333333333333,14630.71,1
504,504.00000000000256,105.041667,90.4,14641.67,1
505,505.0000000000026,105.325087,90.63333333333334,14691.75,1
506,506.0000000000026,105.608507,90.8,14808.51,1
507,507.00000000000273,105.891927,90.8,15091.93,1
508,508.0000000000027,106.101346,90.96666666666667,15134.68,1
509,509.0000000000027,106.310764,91.0,15310.76,1
510,510.0000000000026,106.520183,91.0,15520.18,1
511,511.0000000000027,106.729601,91.03333333333333,15696.27,1
512,512.0000000000026,106.93902,91.16666666666667,15772.35,1
513,513.0000000000026,107.14843799999998,91.3,15848.44,1
514,514.0000000000026,107.451389,92.4,15051.39,1
515,515.0000000000026,107.754341,92.53333333333333,15221.01,1
516,516.0000000000026,108.057292,92.63333333333334,15423.96,1
517,517.0000000000026,108.252604,92.66666666666667,15585.94,1
518,518.0000000000026,108.447917,92.76666666666667,15681.25,1
519,519.0000000000026,108.643229,92.8,15843.23,1
520,520.0000000000026,108.843316,92.8,16043.32,1
521,521.0000000000026,109.043403,93.1,15943.4,1
522,522.0000000000026,109.24349,93.13333333333334,16110.16,1
523,523.0000000000026,109.444879,93.73333333333333,15711.55,1
524,524.0000000000025,109.646267,94.63333333333334,15012.93,1
525,525.0000000000026,109.847656,94.9,14947.66,1
526,526.0000000000025,110.069987,95.06666666666666,15003.32,1
527,527.0000000000026,110.292318,95.36666666666666,14925.65,1
528,528.0000000000026,110.514648,95.43333333333334,15081.31,1
529,529.0000000000026,110.736979,95.7,15036.98,1
530,530.0000000000026,110.95931000000002,95.93333333333334,15025.98,1
531,531.0000000000025,111.18164099999998,96.13333333333334,15048.31,1
532,532.0000000000025,111.863281,96.16666666666667,15696.61,1
533,533.0000000000026,112.544922,96.23333333333333,16311.59,1
534,534.0000000000026,113.22656200000002,97.5,15726.56,1
535,534.9979166666692,113.350043,98.56666666666666,14783.38,1
536,535.9979166666691,113.473524,98.56666666666666,14906.86,1
537,537.0000000000024,113.597005,98.6,14997.01,1
538,537.9979166666689,113.720486,98.6,15120.49,1
539,538.9979166666687,113.843967,98.63333333333334,15210.63,1
540,540.000000000002,113.967448,98.66666666666667,15300.78,1
541,541.0000000000019,114.219401,98.66666666666667,15552.73,1
542,542.000000000002,114.471354,98.7,15771.35,1
543,543.0000000000019,114.591797,98.7,15891.8,1
544,544.000000000002,114.761719,98.76666666666667,15995.05,1
545,545.000000000002,114.89843799999998,99.06666666666666,15831.77,1
546,546.000000000002,115.06901,99.23333333333333,15835.68,1
547,547.000000000002,115.247396,99.4,15847.4,1
548,548.0000000000022,115.41276,99.6,15812.76,1
549,549.0000000000022,115.610677,100.73333333333333,14877.34,1
550,550.0000000000022,115.84375,102.76666666666667,13077.08,1
551,551.0000000000022,116.076823,102.9,13176.82,1
552,552.0000000000022,116.309896,103.06666666666666,13243.23,1
553,553.0000000000023,116.480469,103.13333333333334,13347.14,1
554,554.0000000000023,116.627604,103.36666666666666,13260.94,1
555,555.0000000000023,116.772135,104.2,12572.14,1
556,556.0000000000023,116.964844,104.4,12564.84,1
557,557.0000000000023,117.140625,104.6,12540.63,1
558,558.0000000000023,117.35026,104.8,12550.26,1
559,559.0000000000023,117.485677,104.8,12685.68,1
560,560.0000000000024,117.63281200000002,104.86666666666666,12766.15,1
561,561.0000000000025,117.817057,104.86666666666666,12950.39,1
562,562.0000000000024,118.064453,104.9,13164.45,1
563,563.0000000000025,118.30468799999998,104.93333333333334,13371.35,1
564,564.0000000000025,118.630208,104.93333333333334,13696.87,1
565,565.0000000000025,118.847005,104.96666666666667,13880.34,1
566,566.0000000000025,119.063802,105.13333333333334,13930.47,1
567,567.0000000000025,119.20638,105.3,13906.38,1
568,568.0000000000025,119.394531,105.56666666666666,13827.86,1
569,569.0000000000025,119.515625,105.76666666666667,13748.96,1
570,570.0000000000025,119.704427,105.76666666666667,13937.76,1
571,571.0000000000026,119.886719,106.5,13386.72,1
572,572.0000000000025,120.066406,106.5,13566.41,1
573,573.0000000000026,120.296875,106.63333333333334,13663.54,1
574,574.0000000000028,120.509549,112.83333333333333,7676.22,1
575,575.0000000000028,120.722222,115.4,5322.22,1
576,576.0000000000028,120.934896,115.53333333333333,5401.56,1
577,577.0000000000028,121.095052,116.26666666666667,4828.39,1
578,578.0000000000028,121.25,116.6,4650.0,1
579,579.000000000003,121.369792,116.83333333333333,4536.46,1
580,580.0000000000028,121.55468799999998,116.86666666666666,4688.02,1
581,581.000000000003,121.69401,116.93333333333334,4760.68,1
582,582.000000000003,121.832683,116.93333333333334,4899.35,1
583,583.000000000003,121.970052,117.46666666666667,4503.39,1
584,584.000000000003,122.121094,117.6,4521.09,1
585,585.0000000000031,122.29362,117.76666666666667,4526.95,1
586,586.0000000000031,122.490885,118.0,4490.89,1
587,587.0000000000031,122.707031,118.23333333333333,4473.7,1
588,588.0000000000031,123.227865,118.53333333333333,4694.53,1
589,589.0000000000031,123.481771,118.63333333333334,4848.44,1
590,590.0000000000031,123.63281200000002,118.9,4732.81,1
591,591.0000000000031,123.765625,119.16666666666667,4598.96,1
592,592.0000000000031,123.94531299999998,119.6,4345.31,1
593,593.0000000000031,124.13151,119.76666666666667,4364.84,1
594,594.0000000000031,124.329427,120.03333333333333,4296.09,1
595,595.0000000000031,124.459635,120.2,4259.64,1
596,596.0000000000031,124.628906,120.4,4228.91,1
597,597.0000000000031,124.903646,121.0,3903.65,1
598,598.0000000000031,125.169271,121.0,4169.27,1
599,599.0000000000032,125.373698,121.03333333333333,4340.36,1
600,600.0000000000031,125.557292,121.13333333333334,4423.96,1
601,601.0000000000031,125.768229,121.13333333333334,4634.9,1
602,602.0000000000031,125.959636,121.16666666666667,4792.97,1
603,603.0000000000031,126.20052,121.2,5000.52,1
604,604.0000000000032,126.421224,121.23333333333333,5187.89,1
605,605.0000000000032,126.611979,121.36666666666666,5245.31,1
606,606.0000000000033,126.895833,121.53333333333333,5362.5,1
607,607.0000000000032,127.191406,121.66666666666667,5524.74,1
608,608.0000000000033,127.391927,121.8,5591.93,1
609,609.0000000000033,127.694661,122.0,5694.66,1
610,610.0000000000033,128.03776000000002,123.03333333333333,5004.43,1
611,611.0000000000033,128.263672,123.4,4863.67,1
612,612.0000000000033,128.47786499999998,123.4,5077.86,1
613,613.0000000000033,128.70963500000002,123.43333333333334,5276.3,1
614,614.0000000000033,128.891927,123.46666666666667,5425.26,1
615,615.0000000000033,129.092448,123.46666666666667,5625.78,1
616,616.0000000000033,129.345703,123.5,5845.7,1
617,617.0000000000033,129.582031,123.5,6082.03,1
618,618.0000000000033,129.815104,123.73333333333333,6081.77,1
619,619.0000000000032,130.02213500000002,123.86666666666666,6155.47,1
620,620.0000000000033,130.21875,123.9,6318.75,1
621,621.0000000000033,130.546875,124.53333333333333,6013.54,1
622,622.0000000000033,130.90625,125.13333333333334,5772.92,1
623,623.0000000000032,131.083333,125.13333333333334,5950.0,1
624,624.0000000000033,131.28125,125.33333333333333,5947.92,1
625,625.0000000000033,131.524089,125.33333333333333,6190.76,1
626,626.0000000000033,131.751302,125.36666666666666,6384.64,1
627,627.0000000000034,131.990235,125.53333333333333,6456.9,1
628,628.0000000000034,132.264323,125.63333333333334,6630.99,1
629,629.0000000000033,132.463542,125.73333333333333,6730.21,1
630,630.0000000000034,132.654948,128.46666666666667,4188.28,1
631,631.0000000000034,132.894531,132.6,294.53,1
632,632.0000000000034,133.066406,132.6,466.41,1
633,633.0000000000034,133.329427,132.63333333333333,696.09,1
634,634.0000000000034,133.74088500000002,132.66666666666666,1074.22,1
635,635.0000000000034,133.951823,132.66666666666666,1285.16,1
636,636.0000000000035,134.24414,132.7,1544.14,1
637,637.0000000000035,134.63411499999998,132.73333333333332,1900.78,1
638,638.0000000000034,134.820312,132.73333333333332,2086.98,1
639,639.0000000000035,134.998698,133.23333333333332,1765.36,1
640,640.0000000000034,135.231771,133.46666666666667,1765.1,1
641,641.0000000000035,135.434896,134.43333333333334,1001.56,1
642,642.0000000000034,135.601563,134.63333333333333,968.23,1
643,643.0000000000034,135.829427,135.83333333333334,3.91,1
644,644.0000000000034,136.00911499999998,136.0,9.11,1
645,645.0000000000034,136.21223999999998,136.16666666666666,45.57,1
646,646.0000000000034,136.389323,136.16666666666666,222.66,1
647,647.0000000000034,136.570312,136.2,370.31,1
648,648.0000000000034,136.8125,136.5,312.5,1
649,649.0000000000034,137.092448,137.06666666666666,25.78,1
650,650.0000000000034,137.261719,137.16666666666666,95.05,1
651,651.0000000000034,137.563151,137.26666666666668,296.48,1
652,652.0000000000034,137.817058,137.46666666666667,350.39,1
653,653.0000000000035,138.089844,137.8,289.84,1
654,654.0000000000034,138.589844,138.1,489.84,1
655,655.0000000000034,138.966146,138.33333333333334,632.81,1
656,656.0000000000034,139.173177,138.6,573.18,1
657,657.0000000000034,139.45963500000002,138.6,859.64,1
658,658.0000000000034,139.829427,138.9,929.43,1
659,659.0000000000034,139.998047,139.06666666666666,931.38,1
660,660.0000000000031,140.188802,139.2,988.8,1
661,661.0000000000032,140.445312,140.46666666666667,21.35,1
662,662.0000000000033,140.613281,140.56666666666666,46.61,1
663,663.0000000000033,140.861979,140.56666666666666,295.31,1
664,664.0000000000031,141.104167,140.96666666666667,137.5,1
665,665.000000000003,141.295573,141.16666666666666,128.91,1
666,666.0000000000028,141.531901,141.46666666666667,65.23,1
667,667.000000000003,141.77473999999995,141.53333333333333,241.41,1
668,668.000000000003,141.950521,141.96666666666667,16.15,1
669,669.0000000000028,142.154948,142.2,45.05,1
670,670.0000000000028,142.402344,142.36666666666667,35.68,1
671,671.0000000000025,142.589844,142.46666666666667,123.18,1
672,672.0000000000023,142.795573,142.63333333333333,162.24,1
673,673.0000000000023,143.057943,142.9,157.94,1
674,674.0000000000023,143.276692,143.2,76.69,1
675,675.0000000000022,143.567708,143.2,367.71,1
676,676.0000000000016,143.85676999999995,143.63333333333333,223.44,1
677,677.0000000000016,144.136719,144.03333333333333,103.39,1
678,678.0000000000016,144.460286,144.16666666666666,293.62,1
679,679.0000000000015,144.855469,144.56666666666666,288.8,1
680,680.0000000000016,145.085938,144.86666666666667,219.27,1
681,681.0000000000015,145.36914,145.06666666666666,302.47,1
682,682.0000000000015,145.638021,145.06666666666666,571.35,1
683,683.0000000000015,145.845052,145.73333333333332,111.72,1
684,684.0000000000014,145.972656,145.76666666666668,205.99,1
685,685.0000000000015,146.242188,145.8,442.19,1
686,686.0000000000015,146.40625,146.1,306.25,1
687,687.0000000000013,146.589844,146.1,489.84,1
688,688.0000000000013,146.783854,146.73333333333332,50.52,1
689,689.0000000000013,146.947917,146.76666666666668,181.25,1
690,690.000000000001,147.138021,147.0,138.02,1
691,691.0000000000011,147.361979,147.03333333333333,328.65,1
692,692.0000000000011,147.526042,147.53333333333333,7.29,1
693,693.000000000001,147.714844,147.66666666666666,48.18,1
694,694.0000000000011,147.877604,147.66666666666666,210.94,1
695,695.000000000001,148.04036499999995,147.7,340.36,1
696,696.000000000001,148.248698,147.73333333333332,515.36,1
697,697.0000000000013,148.476562,148.0,476.56,1
698,698.0000000000008,148.661458,148.56666666666666,94.79,1
699,699.0000000000008,148.860677,148.73333333333332,127.34,1
700,700.0000000000008,149.05338500000005,148.73333333333332,320.05,1
701,701.0000000000007,149.251302,148.8,451.3,1
702,702.0000000000007,149.586589,148.83333333333334,753.26,1
703,703.0000000000007,149.919271,149.53333333333333,385.94,1
704,704.0000000000007,150.113281,149.56666666666666,546.61,1
705,705.0000000000007,150.417318,149.56666666666666,850.65,1
706,706.0000000000006,150.846354,149.63333333333333,1213.02,1
707,707.0000000000005,151.191406,149.63333333333333,1558.07,1
708,708.0000000000005,151.488281,149.66666666666666,1821.61,1
709,709.0000000000003,151.75911499999995,149.93333333333334,1825.78,1
710,710.0000000000005,151.972982,151.4,572.98,1
711,711.0000000000005,152.186849,151.4,786.85,1
712,712.0000000000002,152.558594,152.2,358.59,1
713,713.0000000000005,152.66276000000005,152.2,462.76,1
714,714.0000000000002,152.966146,152.93333333333334,32.81,1
715,715.0000000000002,153.238281,152.93333333333334,304.95,1
716,716.0000000000002,153.417969,152.96666666666667,451.3,1
717,717.0000000000001,153.61848999999995,153.56666666666666,51.82,1
718,718.0000000000001,153.85286499999995,153.7,152.86,1
719,719.0,154.029948,154.03333333333333,3.39,1
720,719.9999999999999,154.235677,154.2,35.68,1
721,721.0000000000001,154.518229,154.2,318.23,1
722,721.9999999999998,154.723958,154.6,123.96,1
723,722.9999999999994,154.957682,154.9,57.68,1
724,723.9999999999997,155.127604,155.13333333333333,5.73,1
725,724.9999999999999,155.300781,155.3,0.78,1
726,725.9999999999999,155.44401000000005,155.8,355.99,1
727,726.9999999999997,155.617188,155.8,182.81,1
728,727.9999999999995,155.805339,155.83333333333334,27.99,1
729,728.9999999999998,156.003255,155.93333333333334,69.92,1
730,729.9999999999993,156.172526,156.2,27.47,1
731,730.9999999999993,156.32487,156.3,24.87,1
732,731.9999999999992,156.485677,156.36666666666667,119.01,1
733,732.999999999999,156.6875,156.46666666666667,220.83,1
734,733.9999999999992,156.886719,156.9,13.28,1
735,734.9999999999986,157.197917,156.93333333333334,264.58,1
736,735.9999999999989,157.388021,156.96666666666667,421.35,1
737,736.9999999999992,157.557292,157.13333333333333,423.96,1
738,737.999999999999,157.736979,157.2,536.98,1
739,738.999999999999,157.970052,158.13333333333333,163.28,1
740,739.999999999999,158.13411499999995,158.13333333333333,0.78,1
741,740.9999999999986,158.388021,158.16666666666666,221.35,1
742,741.9999999999987,158.580729,158.16666666666666,414.06,1
743,742.9999999999986,158.785156,158.5,285.16,1
744,743.9999999999985,159.054688,158.83333333333334,221.35,1
745,744.9999999999985,159.288411,159.03333333333333,255.08,1
746,745.9999999999983,159.52213500000005,159.06666666666666,455.47,1
747,746.9999999999985,159.670573,159.76666666666668,96.09,1
748,747.9999999999985,159.851562,160.0,148.44,1
749,748.9999999999985,160.02539,160.16666666666666,141.28,1
750,749.9999999999982,160.199219,160.16666666666666,32.55,1
751,750.9999999999982,160.447917,160.43333333333334,14.58,1
752,751.9999999999982,160.69661499999995,160.63333333333333,63.28,1
753,752.9999999999984,160.824219,160.63333333333333,190.89,1
754,753.9999999999981,161.0,160.9,100.0,1
755,754.999999999998,161.173177,161.06666666666666,106.51,1
756,755.999999999998,161.369792,161.3,69.79,1
757,756.9999999999977,161.614583,161.8,185.42,1
758,757.9999999999976,161.859375,161.93333333333334,73.96,1
759,758.9999999999978,161.984375,162.1,115.62,1
760,759.9999999999977,162.182292,162.33333333333334,151.04,1
761,760.9999999999978,162.36588500000005,162.33333333333334,32.55,1
762,761.9999999999975,162.544271,162.53333333333333,10.94,1
763,762.9999999999975,162.782552,162.66666666666666,115.89,1
764,763.9999999999977,163.020833,162.96666666666667,54.17,1
765,764.9999999999977,163.160156,163.13333333333333,26.82,1
766,765.9999999999974,163.354167,163.23333333333332,120.83,1
767,766.9999999999972,163.54036499999995,163.6,59.64,1
768,767.999999999997,163.744792,163.7,44.79,1
769,768.9999999999969,164.007813,164.1,92.19,1
770,769.999999999997,164.270833,164.36666666666667,95.83,1
771,770.999999999997,164.403646,164.46666666666667,63.02,1
772,771.9999999999972,164.60286499999995,164.9,297.14,1
773,772.9999999999967,164.79036499999995,165.06666666666666,276.3,1
774,773.9999999999967,164.933594,165.2,266.41,1
775,774.9999999999966,165.13411499999995,165.36666666666667,232.55,1
776,775.9999999999965,165.286458,165.5,213.54,1
777,776.9999999999965,165.440104,165.76666666666668,326.56,1
778,777.9999999999964,165.645833,165.8,154.17,1
779,778.9999999999962,165.777344,165.86666666666667,89.32,1
780,779.9999999999964,165.985677,165.86666666666667,119.01,1
781,780.9999999999959,166.270182,166.0,270.18,1
782,781.9999999999962,166.554687,166.8,245.31,1
783,782.9999999999964,166.839193,166.8,39.19,1
784,783.9999999999961,167.13831000000005,166.83333333333334,304.98,1
785,784.999999999996,167.437427,166.83333333333334,604.09,1
786,785.9999999999962,167.736545,166.86666666666667,869.88,1
787,786.9999999999961,168.035663,166.9,1135.66,1
788,787.9999999999964,168.33478,166.9,1434.78,1
789,788.9999999999962,168.633898,166.93333333333334,1700.56,1
790,789.9999999999961,168.93301499999995,166.96666666666667,1966.35,1
791,790.9999999999961,169.232133,166.96666666666667,2265.47,1
792,791.999999999996,169.53125,167.0,2531.25,1
793,792.9999999999977,169.885851,167.0,2885.85,1
794,793.9999999999976,170.240451,167.76666666666668,2473.78,1
795,794.9999999999977,170.595052,167.76666666666668,2828.39,1
796,795.9999999999977,171.089193,168.06666666666666,3022.53,1
797,796.9999999999976,171.583333,168.26666666666668,3316.67,1
798,797.9999999999977,172.077474,168.46666666666667,3610.81,1
799,798.9999999999976,172.57161499999995,168.5,4071.61,1
800,799.9999999999976,172.99088500000005,168.53333333333333,4457.55,1
801,800.9999999999976,173.358073,168.53333333333333,4824.74,1
802,801.9999999999975,173.708333,168.56666666666666,5141.67,1
803,802.9999999999976,174.014323,168.96666666666667,5047.66,1
804,803.9999999999976,174.614583,172.43333333333334,2181.25,1
805,804.9999999999976,174.981771,173.4,1581.77,1
806,805.9999999999977,175.348958,173.96666666666667,1382.29,1
807,806.9999999999976,175.716146,174.3,1416.15,1
808,807.9999999999976,176.22493500000004,174.3,1924.94,1
809,808.9999999999977,176.733724,174.5,2233.72,1
810,809.9999999999976,177.242513,175.63333333333333,1609.18,1
811,810.9999999999976,177.751302,175.73333333333332,2017.97,1
812,811.9999999999975,178.16276000000005,175.73333333333332,2429.43,1
813,812.9999999999972,178.511719,175.76666666666668,2745.05,1
814,813.9999999999974,178.914062,177.2,1714.06,1
815,814.9999999999975,179.701172,178.13333333333333,1567.84,1
816,815.9999999999972,180.488281,178.4,2088.28,1
817,816.9999999999974,180.878906,178.9,1978.91,1
818,817.9999999999974,181.269531,178.9,2369.53,1
819,818.9999999999972,181.660156,178.93333333333334,2726.82,1
820,819.9999999999974,182.33138,179.66666666666666,2664.71,1
821,820.999999999997,183.002604,179.86666666666667,3135.94,1
822,821.9999999999972,183.507813,181.63333333333333,1874.48,1
823,822.9999999999972,183.928602,181.63333333333333,2295.27,1
824,823.9999999999972,184.349392,182.73333333333332,1616.06,1
825,824.9999999999972,184.770182,183.6,1170.18,1
826,825.9999999999972,185.190972,183.8,1390.97,1
827,826.9999999999972,185.611762,183.96666666666667,1645.1,1
828,827.9999999999972,186.032552,184.2,1832.55,1
829,828.9999999999972,186.389323,184.5,1889.32,1
830,829.999999999997,186.746094,184.66666666666666,2079.43,1
831,830.9999999999974,187.144531,185.03333333333333,2111.2,1
832,831.9999999999972,187.48062,185.03333333333333,2447.29,1
833,832.9999999999969,187.789063,185.4,2389.06,1
834,833.9999999999969,188.102865,186.03333333333333,2069.53,1
835,834.999999999997,188.381185,187.2,1181.18,1
836,835.9999999999969,188.659505,187.76666666666668,892.84,1
837,836.9999999999969,189.073567,188.13333333333333,940.23,1
838,837.9999999999967,189.443685,188.2,1243.68,1
839,838.9999999999967,189.813802,188.83333333333334,980.47,1
840,839.9999999999967,190.451823,188.83333333333334,1618.49,1
841,840.9999999999965,191.518229,189.06666666666666,2451.56,1
842,841.9999999999966,191.752604,189.76666666666668,1985.94,1
843,842.9999999999964,191.957682,190.6,1357.68,1
844,843.9999999999966,192.190104,190.66666666666666,1523.44,1
845,844.9999999999966,192.403646,190.76666666666668,1636.98,1
846,845.9999999999966,192.601562,190.96666666666667,1634.9,1
847,846.9999999999966,192.858073,191.4,1458.07,1
848,847.9999999999966,193.126302,191.43333333333334,1692.97,1
849,848.9999999999965,193.623698,191.63333333333333,1990.36,1
850,849.9999999999967,194.458116,191.66666666666666,2791.45,1
851,850.9999999999967,195.292535,191.7,3592.53,1
852,851.9999999999967,196.126953,191.73333333333332,4393.62,1
853,852.9999999999966,196.588976,191.76666666666668,4822.31,1
854,853.9999999999967,197.050998,194.03333333333333,3017.66,1
855,854.9999999999965,197.513021,194.26666666666668,3246.35,1
856,855.9999999999966,197.979167,194.46666666666667,3512.5,1
857,856.9999999999966,198.445313,194.66666666666666,3778.65,1
858,857.9999999999966,198.911458,194.83333333333334,4078.12,1
859,858.9999999999966,199.377604,195.33333333333334,4044.27,1
860,859.9999999999965,199.833333,196.16666666666666,3666.67,1
861,860.9999999999965,200.230469,196.2,4030.47,1
862,861.9999999999967,200.565104,196.23333333333332,4331.77,1
863,862.9999999999967,200.84375,196.26666666666668,4577.08,1
864,863.9999999999967,201.294271,196.76666666666668,4527.6,1
865,864.9999999999968,201.662761,196.83333333333334,4829.43,1
866,865.9999999999965,202.03125,197.63333333333333,4397.92,1
867,866.9999999999965,202.39974,197.66666666666666,4733.07,1
868,867.9999999999966,202.812826,197.7,5112.83,1
869,868.9999999999966,203.225911,197.73333333333332,5492.58,1
870,869.9999999999966,203.638997,197.76666666666668,5872.33,1
871,870.9999999999966,204.052083,197.76666666666668,6285.42,1
872,871.9999999999967,204.434896,197.8,6634.9,1
873,872.9999999999967,204.772135,197.83333333333334,6938.8,1
874,873.9999999999967,205.11849,198.96666666666667,6151.82,1
875,874.9999999999967,205.914063,199.8,6114.06,1
876,875.9999999999967,206.709635,200.2,6509.64,1
877,876.9999999999967,207.371094,200.53333333333333,6837.76,1
878,877.9999999999967,207.833333,200.56666666666666,7266.67,1
879,878.9999999999967,208.251302,200.86666666666667,7384.64,1
880,879.9999999999967,208.674262,202.13333333333333,6540.93,1
881,880.9999999999967,209.097222,202.26666666666668,6830.56,1
882,881.9999999999967,209.520183,202.26666666666668,7253.52,1
883,882.9999999999967,210.281576,202.3,7981.58,1
884,883.9999999999967,211.042969,207.5,3542.97,1
885,884.9999999999967,211.632162,209.26666666666668,2365.5,1
886,885.9999999999967,211.978154,209.26666666666668,2711.49,1
887,886.9999999999967,212.324147,210.83333333333334,1490.81,1
888,887.9999999999967,212.670139,211.6,1070.14,1
889,888.9999999999967,213.016132,211.8,1216.13,1
890,889.9999999999967,213.362124,211.96666666666667,1395.46,1
891,890.9999999999967,213.708117,212.0,1708.12,1
892,891.9999999999967,214.054109,212.03333333333333,2020.78,1
893,892.9999999999967,214.400102,212.06666666666666,2333.44,1
894,893.9999999999967,214.746094,212.1,2646.09,1
895,894.9999999999967,215.06622,212.1,2966.22,1
896,895.9999999999967,215.38634700000003,212.13333333333333,3253.01,1
897,896.9999999999968,215.706473,212.16666666666666,3539.81,1
898,897.9999999999968,216.0266,212.2,3826.6,1
899,898.9999999999967,216.346726,212.23333333333332,4113.39,1
900,899.9999999999967,216.666853,212.26666666666668,4400.19,1
901,900.9999999999968,216.986979,212.3,4686.98,1
902,901.9999999999967,217.231771,212.33333333333334,4898.44,1
903,902.9999999999966,217.68052000000003,212.36666666666667,5313.85,1
904,903.9979166666633,217.944766,216.53333333333333,1411.43,1
905,904.9999999999966,218.219401,217.23333333333332,986.07,1
906,905.9999999999966,218.568083,217.46666666666667,1101.42,1
907,906.9999999999966,218.843708,217.46666666666667,1377.04,1
908,907.9999999999964,219.122396,218.26666666666668,855.73,1
909,908.9999999999964,219.501302,218.4,1101.3,1
910,909.9999999999965,219.788086,218.4,1388.09,1
911,910.9999999999964,220.074869,219.1,974.87,1
912,911.9999999999964,220.47461,219.46666666666667,1007.94,1
913,912.9999999999964,220.851563,219.5,1351.56,1
914,913.9999999999961,221.228515,220.06666666666666,1161.85,1
915,914.9999999999961,221.916015,220.26666666666668,1649.35,1
916,915.9999999999961,222.378906,220.5,1878.91,1
917,916.9999999999961,222.841797,220.83333333333334,2008.46,1
918,917.9999999999961,223.304688,221.86666666666667,1438.02,1
919,918.9999999999961,223.632813,222.06666666666666,1566.15,1
920,919.9999999999961,223.960938,222.26666666666668,1694.27,1
921,920.9999999999959,224.291667,222.43333333333334,1858.33,1
922,921.9999999999959,224.621094,222.7,1921.09,1
923,922.9999999999958,224.967448,222.9,2067.45,1
924,923.9999999999956,225.554688,223.1,2454.69,1
925,924.9999999999956,226.938802,223.1,3838.8,1
926,925.9999999999956,227.705729,223.33333333333334,4372.4,1
927,926.9999999999956,228.654297,223.33333333333334,5320.96,1
928,927.9999999999956,229.360677,223.36666666666667,5994.01,1
929,928.9999999999953,229.635417,224.46666666666667,5168.75,1
930,929.9999999999953,229.951823,224.53333333333333,5418.49,1
931,930.9999999999953,230.282552,225.8,4482.55,1
932,931.9999999999953,230.572917,225.8,4772.92,1
933,932.9999999999952,230.872396,226.2,4672.4,1
934,933.9999999999952,231.170573,226.23333333333332,4937.24,1
935,934.9999999999952,231.410808,226.3,5110.81,1
936,935.9999999999952,231.667969,226.33333333333334,5334.64,1
937,936.9999999999952,231.967448,226.33333333333334,5634.11,1
938,937.9999999999951,232.28776,226.93333333333334,5354.43,1
939,938.9999999999951,232.644531,226.96666666666667,5677.86,1
940,939.9999999999951,233.076823,226.96666666666667,6110.16,1
941,940.999999999995,233.380208,227.03333333333333,6346.87,1
942,941.999999999995,233.674479,228.33333333333334,5341.15,1
943,942.999999999995,233.9375,228.33333333333334,5604.17,1
944,943.999999999995,234.196615,229.6,4596.62,1
945,944.999999999995,234.476563,229.6,4876.56,1
946,945.9999999999949,234.794271,230.23333333333332,4560.94,1
947,946.9999999999948,234.992838,230.46666666666667,4526.17,1
948,947.9999999999949,235.265625,230.6,4665.63,1
949,948.9999999999948,235.541666,230.9,4641.67,1
950,949.9999999999948,235.800781,230.9,4900.78,1
951,950.9999999999948,236.06901,231.03333333333333,5035.68,1
952,951.9999999999947,236.507161,231.06666666666666,5440.49,1
953,952.9999999999947,236.739584,231.4,5339.58,1
954,953.9999999999947,237.003906,231.56666666666666,5437.24,1
955,954.9999999999947,237.289063,232.7,4589.06,1
956,955.9999999999947,237.536458,236.73333333333332,803.12,1
957,956.9999999999947,237.781902,237.06666666666666,715.24,1
958,957.9999999999945,238.053385,237.23333333333332,820.05,1
959,958.9999999999944,238.238281,237.23333333333332,1004.95,1
960,959.9999999999945,238.46289,237.6,862.89,1
961,960.9999999999944,238.732421,238.06666666666666,665.75,1
962,961.9999999999944,238.977865,238.26666666666668,711.2,1
963,962.9999999999944,239.233073,238.3,933.07,1
964,963.9999999999944,239.629558,238.6,1029.56,1
965,964.9999999999943,239.848958,238.93333333333334,915.62,1
966,965.9999999999943,240.092448,239.3,792.45,1
967,966.9999999999943,240.354818,239.5,854.82,1
968,967.9999999999942,240.570963,239.83333333333334,737.63,1
969,968.9999999999942,240.8125,240.03333333333333,779.17,1
970,969.9999999999942,241.072916,240.4,672.92,1
971,970.9999999999941,241.265625,240.4,865.62,1
972,971.9999999999941,241.478515,240.56666666666666,911.85,1
973,972.9999999999941,241.734375,241.06666666666666,667.71,1
974,973.9999999999941,241.961588,241.3,661.59,1
975,974.9999999999941,242.229167,241.43333333333334,795.83,1
976,975.9999999999941,242.559896,241.66666666666666,893.23,1
977,976.9999999999939,242.748047,242.16666666666666,581.38,1
978,977.9999999999941,242.984375,242.3,684.37,1
979,978.9999999999939,243.274088,242.53333333333333,740.75,1
980,979.9999999999939,243.501953,242.76666666666668,735.29,1
981,980.9999999999939,243.811198,243.03333333333333,777.86,1
982,981.9999999999939,244.139974,243.1,1039.97,1
983,982.9999999999937,244.373047,243.5,873.05,1
984,983.9999999999939,244.655599,243.56666666666666,1088.93,1
985,984.9999999999937,244.884115,244.13333333333333,750.78,1
986,985.9999999999937,245.141927,244.26666666666668,875.26,1
987,986.9999999999937,245.513021,244.26666666666668,1246.35,1
988,987.9999999999935,245.91276,244.46666666666667,1446.09,1
989,988.9999999999935,246.157552,245.2,957.55,1
990,989.9999999999935,246.495442,245.4,1095.44,1
991,990.9999999999935,246.764974,245.46666666666667,1298.31,1
992,991.9999999999935,247.052084,245.86666666666667,1185.42,1
993,992.9999999999934,247.455729,246.0,1455.73,1
994,993.9999999999934,247.869791,246.73333333333332,1136.46,1
995,994.9999999999933,248.195313,247.03333333333333,1161.98,1
996,995.9999999999933,248.595704,247.46666666666667,1129.04,1
997,996.9999999999934,249.080729,247.63333333333333,1447.4,1
998,997.9999999999932,249.726562,247.83333333333334,1893.23,1
999,998.9999999999932,250.425131,247.83333333333334,2591.8,1
1000,999.9999999999887,250.684896,248.4,2284.9,1
1001,1000.999999999989,250.834635,249.56666666666666,1267.97,1
1002,1001.999999999989,250.998698,249.93333333333334,1065.36,1
1003,1002.9999999999891,251.171875,250.26666666666668,905.21,1
1004,1003.9999999999891,251.317709,250.4,917.71,1
1005,1004.9999999999891,251.468099,250.4,1068.1,1
1006,1005.9999999999892,251.669922,250.63333333333333,1036.59,1
1007,1006.9999999999892,251.777344,250.7,1077.34,1
1008,1007.9999999999893,252.003906,251.0,1003.91,1
1009,1008.9999999999893,252.153646,251.2,953.65,1
1010,1009.9999999999893,252.360677,251.2,1160.68,1
1011,1010.9999999999894,252.561198,251.33333333333334,1227.86,1
1012,1011.9999999999894,252.808594,251.76666666666668,1041.93,1
1013,1012.9999999999895,252.924479,251.9,1024.48,1
1014,1013.9999999999895,253.090494,252.23333333333332,857.16,1
1015,1014.9999999999895,253.317709,252.83333333333334,484.38,1
1016,1015.9999999999898,253.444662,252.83333333333334,611.33,1
1017,1016.9999999999898,253.62174500000003,252.86666666666667,755.08,1
1018,1017.9999999999899,253.841146,253.46666666666667,374.48,1
1019,1018.9999999999899,254.011067,253.53333333333333,477.73,1
1020,1019.9999999999899,254.193359,253.63333333333333,560.03,1
1021,1020.9999999999901,254.352865,253.8,552.86,1
1022,1021.9999999999901,254.520834,254.03333333333333,487.5,1
1023,1022.9999999999902,254.723307,254.23333333333332,489.97,1
1024,1023.9999999999902,254.91276,254.26666666666668,646.09,1
1025,1024.9999999999902,255.069662,254.53333333333333,536.33,1
1026,1025.9999999999902,255.216797,254.56666666666666,650.13,1
1027,1026.9999999999902,255.408854,254.9,508.85,1
1028,1027.9999999999905,255.529948,255.06666666666666,463.28,1
1029,1028.9999999999905,255.682943,255.16666666666666,516.28,1
1030,1029.9999999999905,255.865885,255.36666666666667,499.22,1
1031,1030.9999999999907,256.008464,255.53333333333333,475.13,1
1032,1031.9999999999907,256.177083,255.63333333333333,543.75,1
1033,1032.9999999999907,256.30599,255.83333333333334,472.66,1
1034,1033.9999999999907,256.480469,256.03333333333336,447.14,1
1035,1034.9999999999907,256.663411,256.06666666666666,596.74,1
1036,1035.999999999991,256.880208,256.23333333333335,646.87,1
1037,1036.999999999991,257.008464,256.46666666666664,541.8,1
1038,1037.9999999999911,257.16080800000003,256.6333333333333,527.47,1
1039,1038.9999999999911,257.372396,256.8,572.4,1
1040,1039.9999999999911,257.45703100000003,257.0,457.03,1
1041,1040.9999999999911,257.628907,257.2,428.91,1
1042,1041.9999999999911,257.809896,257.3666666666667,443.23,1
1043,1042.9999999999914,257.979167,257.43333333333334,545.83,1
1044,1043.9999999999914,258.139974,257.6666666666667,473.31,1
1045,1044.9999999999914,258.309896,257.8,509.9,1
1046,1045.9999999999916,258.445964,257.8333333333333,612.63,1
1047,1046.9999999999916,258.626302,258.3333333333333,292.97,1
1048,1047.9999999999916,258.833333,258.46666666666664,366.67,1
1049,1048.9999999999916,258.95703100000003,258.6333333333333,323.7,1
1050,1049.9999999999916,259.111328,258.6333333333333,477.99,1
1051,1050.9999999999918,259.299479,258.8,499.48,1
1052,1051.9999999999918,259.432292,259.0,432.29,1
1053,1052.9999999999918,259.580729,259.06666666666666,514.06,1
1054,1053.9999999999918,259.822917,259.26666666666665,556.25,1
1055,1054.9999999999918,260.020833,259.3,720.83,1
1056,1055.999999999992,260.208333,259.7,508.33,1
1057,1056.999999999992,260.393229,259.76666666666665,626.56,1
1058,1057.9999999999923,260.58203100000003,259.8666666666667,715.36,1
1059,1058.9999999999923,260.735678,260.4,335.68,1
1060,1059.9999999999916,260.95117200000004,260.53333333333336,417.84,1
1061,1060.9999999999916,261.057292,260.6,457.29,1
1062,1061.9999999999916,261.196615,260.76666666666665,429.95,1
1063,1062.9999999999916,261.351563,261.46666666666664,115.1,1
1064,1063.9999999999916,261.476563,261.6,123.44,1
1065,1064.9999999999916,261.610677,261.7,89.32,1
1066,1065.9999999999916,261.841146,261.96666666666664,125.52,1
1067,1066.9999999999916,262.033854,261.96666666666664,67.19,1
1068,1067.9999999999916,262.230469,262.1666666666667,63.8,1
1069,1068.9999999999916,262.411458,262.2,211.46,1
1070,1069.9999999999916,262.617188,262.23333333333335,383.85,1
1071,1070.9999999999916,263.134115,262.4,734.12,1
1072,1071.9999999999916,263.617188,262.5,1117.19,1
1073,1072.9999999999916,263.828125,262.8,1028.12,1
1074,1073.9999999999916,264.022135,263.06666666666666,955.47,1
1075,1074.9999999999916,264.199219,263.23333333333335,965.89,1
1076,1075.9999999999916,264.390625,264.2,190.63,1
1077,1076.9999999999916,264.59830800000003,264.43333333333334,164.97,1
1078,1077.9999999999916,264.807292,264.56666666666666,240.63,1
1079,1078.9999999999916,264.970052,264.6,370.05,1
1080,1079.9999999999916,265.127604,264.6,527.6,1
1081,1080.9999999999916,265.31640600000003,265.23333333333335,83.07,1
1082,1081.9999999999916,265.467448,265.26666666666665,200.78,1
1083,1082.9999999999916,265.636719,265.8,163.28,1
1084,1083.9999999999916,265.778646,266.43333333333334,654.69,1
1085,1084.9999999999916,265.950521,266.43333333333334,482.81,1
1086,1085.9999999999916,266.105469,266.5,394.53,1
1087,1086.9999999999916,266.294271,266.53333333333336,239.06,1
1088,1087.9999999999916,266.447917,266.53333333333336,85.42,1
1089,1088.9999999999916,266.652344,266.56666666666666,85.68,1
1090,1089.9999999999916,266.908854,266.6,308.85,1
1091,1090.9999999999916,267.165365,266.6333333333333,532.03,1
1092,1091.9999999999916,267.421875,266.93333333333334,488.54,1
1093,1092.9999999999918,267.678385,267.8,121.62,1
1094,1093.9999999999918,267.934896,268.03333333333336,98.44,1
1095,1094.9999999999918,268.19140600000003,268.1333333333333,58.07,1
1096,1095.9999999999955,268.553385,268.1666666666667,386.72,1
1097,1096.9999999999955,268.915365,268.1666666666667,748.7,1
1098,1097.9999999999955,269.277344,268.2,1077.34,1
1099,1098.9999999999955,269.752604,268.23333333333335,1519.27,1
1100,1099.9999999999955,270.227865,268.23333333333335,1994.53,1
1101,1100.9999999999955,270.703125,269.2,1503.13,1
1102,1101.9999999999955,271.178385,269.26666666666665,1911.72,1
1103,1102.9999999999952,271.625,269.3,2325.0,1
1104,1103.9999999999952,271.976562,269.3,2676.56,1
1105,1104.9999999999952,272.282552,270.76666666666665,1515.89,1
1106,1105.9999999999952,272.68099,271.6,1080.99,1
1107,1106.9999999999952,273.079427,271.73333333333335,1346.09,1
1108,1107.9999999999952,273.46658,272.23333333333335,1233.25,1
1109,1108.9999999999952,273.853732,272.23333333333335,1620.4,1
1110,1109.9999999999952,274.240885,272.96666666666664,1274.22,1
1111,1110.9999999999952,274.69108,272.96666666666664,1724.41,1
1112,1111.9999999999952,275.141276,273.0,2141.28,1
1113,1112.9999999999952,275.591472,274.06666666666666,1524.81,1
1114,1113.9999999999952,276.041667,274.23333333333335,1808.33,1
1115,1114.9999999999952,276.463542,274.26666666666665,2196.88,1
1116,1115.9999999999952,276.761719,274.26666666666665,2495.05,1
1117,1116.999999999995,277.083333,275.96666666666664,1116.67,1
1118,1117.9999999999952,277.860026,276.43333333333334,1426.69,1
1119,1118.999999999995,278.636719,276.73333333333335,1903.39,1
1120,1119.999999999995,279.28776,276.76666666666665,2521.09,1
1121,1120.999999999995,279.682292,276.76666666666665,2915.63,1
1122,1121.999999999995,280.074219,277.96666666666664,2107.55,1
1123,1122.999999999995,280.519748,278.6666666666667,1853.08,1
1124,1123.999999999995,280.965278,279.3,1665.28,1
1125,1124.999999999995,281.410807,280.06666666666666,1344.14,1
1126,1125.999999999995,282.129232,280.06666666666666,2062.57,1
1127,1126.999999999995,282.8476560000001,280.1,2747.66,1
1128,1127.9999999999948,283.333333,280.76666666666665,2566.67,1
1129,1128.9999999999948,283.809028,281.06666666666666,2742.36,1
1130,1129.9999999999948,284.2847220000001,281.2,3084.72,1
1131,1130.9999999999948,284.760417,281.3666666666667,3393.75,1
1132,1131.9999999999948,285.236111,283.6,1636.11,1
1133,1132.9999999999948,285.711806,283.8,1911.81,1
1134,1133.9999999999948,286.1875,283.93333333333334,2254.17,1
1135,1134.9999999999948,286.5592450000001,284.06666666666666,2492.58,1
1136,1135.9999999999948,286.93099,284.3666666666667,2564.32,1
1137,1136.999999999995,287.323568,285.5,1823.57,1
1138,1137.9999999999948,287.631107,285.5,2131.11,1
1139,1138.9999999999943,287.953776,286.93333333333334,1020.44,1
1140,1139.9999999999948,288.300131,287.06666666666666,1233.46,1
1141,1140.9999999999948,288.602214,287.3,1302.21,1
1142,1141.999999999995,288.9042970000001,287.93333333333334,970.96,1
1143,1142.999999999995,289.317708,288.3333333333333,984.37,1
1144,1143.999999999995,289.709673,288.3666666666667,1343.01,1
1145,1144.999999999995,290.1132810000001,289.06666666666666,1046.61,1
1146,1145.9999999999952,290.677083,289.2,1477.08,1
1147,1146.9999999999948,291.413997,289.3333333333333,2080.66,1
1148,1147.999999999995,292.06901,290.1333333333333,1935.68,1
1149,1148.999999999995,292.2949220000001,290.9,1394.92,1
1150,1149.9999999999948,292.526042,290.96666666666664,1559.38,1
1151,1150.9999999999948,292.69401,291.1,1594.01,1
1152,1151.9999999999948,292.877604,291.4,1477.6,1
1153,1152.999999999995,293.104167,292.1,1004.17,1
1154,1153.999999999995,293.367188,292.1333333333333,1233.85,1
1155,1154.999999999995,293.855469,292.1666666666667,1688.8,1
1156,1155.9999999999952,294.891493,292.1666666666667,2724.83,1
1157,1156.999999999995,295.927518,292.2,3727.52,1
1158,1157.9999999999948,296.963542,292.6666666666667,4296.88,1
1159,1158.999999999995,297.446181,292.73333333333335,4712.85,1
1160,1159.999999999995,297.928819,294.76666666666665,3162.15,1
1161,1160.9999999999948,298.411458,295.03333333333336,3378.12,1
1162,1161.999999999995,298.832682,295.23333333333335,3599.35,1
1163,1162.999999999995,299.2539060000001,295.46666666666664,3787.24,1
1164,1163.999999999995,299.67513,295.56666666666666,4108.46,1
1165,1164.999999999995,300.096354,296.1,3996.35,1
1166,1165.999999999995,300.522135,296.1333333333333,4388.8,1
1167,1166.9999999999952,300.919271,296.23333333333335,4685.94,1
1168,1167.999999999995,301.289062,296.6333333333333,4655.73,1
1169,1168.999999999995,301.744792,296.6333333333333,5111.46,1
1170,1169.9999999999952,302.200521,296.93333333333334,5267.19,1
1171,1170.9999999999952,302.67795099999995,297.1333333333333,5544.62,1
1172,1171.999999999995,303.155382,297.1333333333333,6022.05,1
1173,1172.999999999995,303.632812,297.1666666666667,6466.15,1
1174,1173.9999999999952,304.060546,297.2,6860.55,1
1175,1174.9999999999952,304.4882810000001,297.23333333333335,7254.95,1
1176,1175.9999999999952,304.916015,298.26666666666665,6649.35,1
1177,1176.9999999999952,305.34375,298.3,7043.75,1
1178,1177.9999999999952,305.815104,298.3333333333333,7481.77,1
1179,1178.9999999999952,306.154948,298.3666666666667,7788.28,1
1180,1179.9999999999952,306.50651,299.6666666666667,6839.84,1
1181,1180.9999999999952,307.190755,300.5,6690.76,1
1182,1181.9999999999955,307.875,300.9,6975.0,1
1183,1182.9999999999952,308.414062,300.93333333333334,7480.73,1
1184,1183.9999999999955,308.729167,301.26666666666665,7462.5,1
1185,1184.9999999999952,309.270833,301.46666666666664,7804.17,1
1186,1185.9999999999955,309.707465,301.96666666666664,7740.8,1
1187,1186.9999999999952,310.1440970000001,302.3666666666667,7777.43,1
1188,1187.9999999999952,310.580729,302.4,8180.73,1
1189,1188.9999999999955,311.307292,302.4,8907.29,1
1190,1189.9999999999955,312.033854,302.43333333333334,9600.52,1
1191,1190.9999999999955,312.64323,303.23333333333335,9409.9,1
1192,1191.9999999999955,313.015336,303.46666666666664,9548.67,1
1193,1192.9999999999955,313.387443,303.5,9887.44,1
1194,1193.9999999999955,313.75954900000005,303.53333333333336,10226.22,1
1195,1194.9999999999955,314.131656,303.53333333333336,10598.32,1
1196,1195.9999999999955,314.503762,303.56666666666666,10937.1,1
1197,1196.9999999999955,314.875869,303.6,11275.87,1
1198,1197.9999999999955,315.247975,303.6333333333333,11614.64,1
1199,1198.9999999999955,315.620082,306.76666666666665,8853.42,1
1200,1199.9999999999952,315.992188,312.96666666666664,3025.52,1
1201,1200.9999999999955,316.339472,315.23333333333335,1106.14,1
1202,1201.9999999999952,316.686756,315.6,1086.76,1
1203,1202.9999999999955,317.03404,315.96666666666664,1067.37,1
1204,1203.9999999999952,317.381325,316.0,1381.33,1
1205,1204.9999999999952,317.728609,316.0,1728.61,1
1206,1205.9999999999955,318.075893,316.03333333333336,2042.56,1
1207,1206.9999999999957,318.423177,316.06666666666666,2356.51,1
1208,1207.9999999999961,318.699219,316.9,1799.22,1
1209,1208.9999999999961,319.077642,317.23333333333335,1844.31,1
1210,1209.9979166666628,319.376025,318.1,1276.03,1
1211,1210.9999999999961,319.718099,318.7,1018.1,1
1212,1211.9999999999961,320.084635,318.8333333333333,1251.3,1
1213,1212.999999999996,320.377378,319.0,1377.38,1
1214,1213.9999999999961,320.654948,319.73333333333335,921.61,1
1215,1214.9999999999961,321.047526,319.76666666666665,1280.86,1
1216,1215.9999999999961,321.323568,319.76666666666665,1556.9,1
1217,1216.9999999999964,321.599609,320.6333333333333,966.28,1
1218,1217.9999999999964,321.932292,320.6333333333333,1298.96,1
1219,1218.9999999999964,322.283995,321.03333333333336,1250.66,1
1220,1219.9999999999964,322.639974,321.6,1039.97,1
1221,1220.9999999999964,323.257161,321.8333333333333,1423.83,1
1222,1221.9999999999964,323.72829900000005,321.8666666666667,1861.63,1
1223,1222.9999999999964,324.199436,322.6333333333333,1566.1,1
1224,1223.9999999999964,324.670573,323.2,1470.57,1
1225,1224.9999999999964,325.0436200000001,323.3666666666667,1676.95,1
1226,1225.9999999999964,325.416667,323.43333333333334,1983.33,1
1227,1226.9999999999968,325.723958,323.8333333333333,1890.62,1
1228,1227.9999999999968,326.040365,324.03333333333336,2007.03,1
1229,1228.999999999997,326.421875,324.23333333333335,2188.54,1
1230,1229.9999999999973,327.014323,324.4,2614.32,1
1231,1230.9999999999975,328.501302,324.6,3901.3,1
1232,1231.9999999999973,328.955729,324.73333333333335,4222.4,1
1233,1232.999999999998,329.4733080000001,324.73333333333335,4739.97,1
1234,1233.9999999999975,330.014323,324.8666666666667,5147.66,1
1235,1234.9999999999975,330.311198,326.93333333333334,3377.86,1
1236,1235.999999999998,330.600911,326.93333333333334,3667.58,1
1237,1236.9999999999984,330.882162,327.8,3082.16,1
1238,1237.999999999998,331.1386720000001,327.8333333333333,3305.34,1
1239,1238.999999999998,331.43164,327.8333333333333,3598.31,1
1240,1239.999999999998,331.758464,328.1,3658.46,1
1241,1240.9999999999986,332.012369,328.1,3912.37,1
1242,1241.9999999999984,332.278646,328.8666666666667,3411.98,1
1243,1242.9999999999986,332.567708,328.9,3667.71,1
1244,1243.9999999999986,332.822917,328.9,3922.92,1
1245,1244.9999999999986,333.085286,329.96666666666664,3118.62,1
1246,1245.9999999999986,333.4342450000001,330.3333333333333,3100.91,1
1247,1246.9999999999989,333.681641,330.3333333333333,3348.31,1
1248,1247.9999999999989,333.953125,330.3666666666667,3586.46,1
1249,1248.999999999999,334.229818,330.4,3829.82,1
1250,1249.999999999999,334.481119,330.4,4081.12,1
1251,1250.999999999999,334.735677,331.46666666666664,3269.01,1
1252,1251.999999999999,335.029948,332.96666666666664,2063.28,1
1253,1252.9999999999993,335.257812,334.43333333333334,824.48,1
1254,1253.9999999999993,335.484375,334.6666666666667,817.71,1
1255,1254.9999999999995,335.759766,334.8333333333333,926.43,1
1256,1255.9999999999998,336.003255,335.3666666666667,636.59,1
1257,1256.9999999999993,336.25651,335.6,656.51,1
1258,1257.9999999999998,336.589844,335.6,989.84,1
1259,1258.9999999999998,336.806641,335.8333333333333,973.31,1
1260,1260.0,337.054688,336.26666666666665,788.02,1
1261,1261.0,337.311849,336.43333333333334,878.52,1
1262,1262.0000000000002,337.541016,336.8333333333333,707.68,1
1263,1263.0000000000002,337.7779950000001,337.06666666666666,711.33,1
1264,1264.0000000000002,338.03711,337.3666666666667,670.44,1
1265,1265.0000000000002,338.21224,337.5,712.24,1
1266,1266.0000000000005,338.438803,337.6333333333333,805.47,1
1267,1267.0000000000002,338.702474,337.93333333333334,769.14,1
1268,1268.0000000000005,338.942708,338.3,642.71,1
1269,1269.0000000000007,339.2070310000001,338.3333333333333,873.7,1
1270,1270.0000000000005,339.55599,338.6333333333333,922.66,1
1271,1271.000000000001,339.75651,338.93333333333334,823.18,1
1272,1272.000000000001,340.0039060000001,339.26666666666665,737.24,1
1273,1273.000000000001,340.264974,339.43333333333334,831.64,1
1274,1274.000000000001,340.4889330000001,339.8333333333333,655.6,1
1275,1275.0000000000011,340.72526,340.03333333333336,691.93,1
1276,1276.000000000001,340.986328,340.3666666666667,619.66,1
1277,1277.0000000000014,341.198443,340.43333333333334,765.11,1
1278,1278.0000000000014,341.384115,340.6333333333333,750.78,1
1279,1279.0000000000014,341.626953,340.8666666666667,760.29,1
1280,1280.0000000000014,341.847006,341.2,647.01,1
1281,1281.000000000002,342.10026,341.3333333333333,766.93,1
1282,1282.0000000000014,342.4199220000001,341.46666666666664,953.26,1
1283,1283.000000000002,342.580078,341.8333333333333,746.74,1
1284,1284.000000000002,342.798177,341.96666666666664,831.51,1
1285,1285.000000000002,343.0514330000001,342.4,651.43,1
1286,1286.000000000002,343.279947,342.6333333333333,646.61,1
1287,1287.000000000002,343.5820310000001,342.8333333333333,748.7,1
1288,1288.0000000000023,343.860026,343.0,860.03,1
1289,1289.0000000000023,344.096354,343.3,796.35,1
1290,1290.0000000000025,344.385417,343.46666666666664,918.75,1
1291,1291.0000000000025,344.585286,343.93333333333334,651.95,1
1292,1292.0000000000025,344.827474,344.1,727.47,1
1293,1293.0000000000027,345.182292,344.2,982.29,1
1294,1294.0000000000027,345.561849,344.3,1261.85,1
1295,1295.0000000000027,345.78125,344.93333333333334,847.92,1
1296,1296.000000000003,346.054036,345.1,954.04,1
1297,1297.000000000003,346.413411,345.1666666666667,1246.74,1
1298,1298.000000000003,346.757813,345.43333333333334,1324.48,1
1299,1299.0000000000032,347.292969,345.6,1692.97,1
1300,1300.0000000000032,347.891276,346.3666666666667,1524.61,1
1301,1301.0000000000032,348.315104,346.6666666666667,1648.44,1
1302,1302.0000000000034,348.768881,347.26666666666665,1502.21,1
1303,1303.0000000000034,349.309896,347.5,1809.9,1
1304,1304.0000000000032,349.9726560000001,347.6666666666667,2305.99,1
1305,1305.0000000000061,350.78776,347.6666666666667,3121.09,1
1306,1306.0000000000057,351.03125,348.53333333333336,2497.92,1
1307,1307.0000000000057,351.19401,349.1,2094.01,1
1308,1308.0000000000052,351.371744,349.3333333333333,2038.41,1
1309,1309.000000000005,351.559896,349.5,2059.9,1
1310,1310.0000000000048,351.695312,349.76666666666665,1928.65,1
1311,1311.0000000000045,351.845052,349.93333333333334,1911.72,1
1312,1312.0000000000045,352.046224,350.7,1346.22,1
1313,1313.0000000000043,352.151042,351.23333333333335,917.71,1
1314,1314.0000000000039,352.3730470000001,351.3666666666667,1006.38,1
1315,1315.0000000000036,352.539062,351.56666666666666,972.4,1
1316,1316.0000000000034,352.72526,351.8333333333333,891.93,1
1317,1317.0000000000034,352.9029950000001,352.0,903.0,1
1318,1318.0000000000032,353.1132810000001,352.1666666666667,946.61,1
1319,1319.000000000003,353.271484,352.3333333333333,938.15,1
1320,1320.0000000000027,353.435546,352.56666666666666,868.88,1
1321,1321.0000000000023,353.6608080000001,353.1,560.81,1
1322,1322.0000000000023,353.772786,353.23333333333335,539.45,1
1323,1323.000000000002,353.955078,353.3666666666667,588.41,1
1324,1324.0000000000016,354.1601560000001,353.6333333333333,526.82,1
1325,1325.0000000000014,354.347006,353.8,547.01,1
1326,1326.0000000000011,354.514323,353.96666666666664,547.66,1
1327,1327.0000000000011,354.696615,354.2,496.62,1
1328,1328.000000000001,354.853516,354.3666666666667,486.85,1
1329,1329.0000000000005,355.05013,354.46666666666664,583.46,1
1330,1330.0000000000002,355.2695310000001,354.56666666666666,702.86,1
1331,1331.0,355.408854,354.8666666666667,542.19,1
1332,1332.0,355.558594,355.03333333333336,525.26,1
1333,1332.9999999999998,355.724609,355.06666666666666,657.94,1
1334,1333.9999999999995,355.838542,355.1666666666667,671.88,1
1335,1334.999999999999,355.983073,355.43333333333334,549.74,1
1336,1335.9999999999989,356.165365,355.56666666666666,598.7,1
1337,1336.9999999999989,356.295573,355.93333333333334,362.24,1
1338,1337.9999999999986,356.491537,356.0,491.54,1
1339,1338.9999999999984,356.666667,356.1333333333333,533.33,1
1340,1339.999999999998,356.854167,356.6,254.17,1
1341,1340.9999999999977,357.034505,356.8666666666667,167.84,1
1342,1341.9999999999977,357.335938,357.0,335.94,1
1343,1342.9999999999973,357.438802,357.23333333333335,205.47,1
1344,1343.999999999997,357.589844,357.26666666666665,323.18,1
1345,1344.9999999999968,357.8164060000001,357.3,516.41,1
1346,1345.9999999999966,357.897135,357.73333333333335,163.8,1
1347,1346.9999999999966,358.0761720000001,357.93333333333334,142.84,1
1348,1347.9999999999964,358.315104,358.1666666666667,148.44,1
1349,1348.9999999999961,358.480469,358.1666666666667,313.8,1
1350,1349.9999999999957,358.64974,358.23333333333335,416.41,1
1351,1350.9999999999955,358.8105470000001,358.3333333333333,477.21,1
1352,1351.9999999999955,358.958985,358.53333333333336,425.65,1
1353,1352.9999999999952,359.163411,358.6666666666667,496.74,1
1354,1353.999999999995,359.408854,358.8,608.85,1
1355,1354.9999999999948,359.526042,359.03333333333336,492.71,1
1356,1355.9999999999943,359.679688,359.1,579.69,1
1357,1356.9999999999943,359.854167,359.43333333333334,420.83,1
1358,1357.9999999999939,359.9889330000001,359.5,488.93,1
1359,1358.9999999999936,360.154948,359.6666666666667,488.28,1
1360,1359.9999999999934,360.388021,359.8333333333333,554.69,1
1361,1360.9999999999932,360.561198,360.0,561.2,1
1362,1361.9999999999932,360.75,360.0,750.0,1
1363,1362.999999999993,360.924479,360.3333333333333,591.15,1
1364,1363.9999999999927,361.092448,360.6,492.45,1
1365,1364.9999999999923,361.277995,360.76666666666665,511.33,1
1366,1365.9999999999918,361.475911,360.93333333333334,542.58,1
1367,1366.9999999999918,361.597006,361.1666666666667,430.34,1
1368,1367.9999999999918,361.758464,361.26666666666665,491.8,1
1369,1368.9999999999918,361.897135,361.46666666666664,430.47,1
1370,1369.9999999999918,362.023438,361.6333333333333,390.1,1
1371,1370.9999999999918,362.186198,361.8,386.2,1
1372,1371.9999999999918,362.453125,362.1333333333333,319.79,1
1373,1372.9999999999918,362.615885,362.26666666666665,349.22,1
1374,1373.9999999999918,362.811198,362.26666666666665,544.53,1
1375,1374.9999999999918,362.989583,362.43333333333334,556.25,1
1376,1375.9999999999918,363.183594,362.56666666666666,616.93,1
1377,1376.999999999992,363.699219,362.8,899.22,1
1378,1377.9999999999918,364.114583,362.96666666666664,1147.92,1
1379,1378.9999999999918,364.296875,363.2,1096.88,1
1380,1379.9999999999918,364.488281,363.56666666666666,921.61,1
1381,1380.9999999999918,364.652344,364.03333333333336,619.01,1
1382,1381.9999999999918,364.834635,364.06666666666666,767.97,1
1383,1382.9999999999918,365.041015,364.8333333333333,207.68,1
1384,1383.9999999999918,365.247396,365.03333333333336,214.06,1
1385,1384.9999999999918,365.404948,365.06666666666666,338.28,1
1386,1385.9999999999918,365.5625,365.06666666666666,495.83,1
1387,1386.9999999999918,365.744792,365.6,144.79,1
1388,1387.9999999999918,365.885417,365.76666666666665,118.75,1
1389,1388.9999999999918,366.0625,365.8,262.5,1
1390,1389.9999999999918,366.203125,365.8,403.12,1
1391,1390.9999999999918,366.38151,366.23333333333335,148.18,1
1392,1391.9999999999918,366.528646,366.43333333333334,95.31,1
1393,1392.9999999999918,366.703125,366.6,103.12,1
1394,1393.9999999999918,366.845052,366.6,245.05,1
1395,1394.999999999992,367.049479,366.6333333333333,416.15,1
1396,1395.999999999992,367.256727,366.6666666666667,590.06,1
1397,1396.999999999992,367.463976,366.96666666666664,497.31,1
1398,1397.999999999992,367.671224,367.23333333333335,437.89,1
1399,1398.9999999999918,367.878472,367.73333333333335,145.14,1
1400,1399.9999999999918,368.08572,367.76666666666665,319.05,1
1401,1400.9999999999918,368.292968,367.8,492.97,1
1402,1401.9999999999918,368.53776,368.03333333333336,504.43,1
1403,1402.9999999999918,368.768229,368.23333333333335,534.9,1
1404,1403.9999999999918,368.947917,368.53333333333336,414.58,1
1405,1404.9999999999918,369.144531,368.6666666666667,477.86,1
1406,1405.9999999999918,369.352865,369.1333333333333,219.53,1
1407,1406.9999999999918,369.509115,369.3333333333333,175.78,1
1408,1407.9999999999918,369.723958,369.7,23.96,1
1409,1408.9999999999918,369.882812,369.9,17.19,1
1410,1409.9999999999918,370.018229,369.9,118.23,1
1411,1410.9999999999918,370.188802,370.1,88.8,1
1412,1411.9999999999918,370.334635,370.23333333333335,101.3,1
1413,1412.9999999999918,370.5,370.3,200.0,1
1414,1413.9999999999918,370.638021,370.5,138.02,1
1415,1414.9999999999918,370.809896,370.9,90.1,1
1416,1415.9999999999918,370.960938,371.1666666666667,205.73,1
1417,1416.9999999999918,371.132812,371.26666666666665,133.85,1
1418,1417.9999999999918,371.279948,371.26666666666665,13.28,1
1419,1418.999999999992,371.470052,371.3,170.05,1
1420,1419.999999999992,371.630317,371.3333333333333,296.98,1
1421,1420.999999999992,371.790582,371.46666666666664,323.92,1
1422,1421.999999999992,371.950847,371.46666666666664,484.18,1
1423,1422.9999999999918,372.111111,371.93333333333334,177.78,1
1424,1423.9999999999918,372.271376,371.93333333333334,338.04,1
1425,1424.9999999999918,372.431641,372.3333333333333,98.31,1
1426,1425.9999999999918,372.597656,372.56666666666666,30.99,1
1427,1426.9999999999918,372.790365,372.8333333333333,42.97,1
1428,1427.9999999999918,372.979167,372.9,79.17,1
1429,1428.9999999999918,373.170573,373.2,29.43,1
1430,1429.9999999999918,373.348958,373.3333333333333,15.62,1
1431,1430.9999999999918,373.514323,373.3666666666667,147.66,1
1432,1431.9999999999918,373.686198,373.56666666666666,119.53,1
1433,1432.9999999999918,373.842448,373.6333333333333,209.11,1
1434,1433.9999999999918,374.042969,373.6666666666667,376.3,1
1435,1434.9999999999918,374.240885,373.96666666666664,274.22,1
1436,1435.9999999999918,374.427083,374.23333333333335,193.75,1
1437,1436.9999999999918,374.666667,374.23333333333335,433.33,1
1438,1437.9999999999918,374.919271,374.6333333333333,285.94,1
1439,1438.9999999999918,375.140625,374.7,440.63,1
1440,1439.9999999999918,375.316406,375.4,83.59,1
1441,1440.9999999999918,375.523438,375.7,176.56,1
1442,1441.9999999999918,375.677083,376.0,322.92,1
1443,1442.9999999999918,375.828125,376.03333333333336,205.21,1
1444,1443.9999999999918,376.074219,376.03333333333336,40.89,1
1445,1444.9999999999918,376.255208,376.06666666666666,188.54,1
1446,1445.9999999999918,376.410156,376.06666666666666,343.49,1
1447,1446.9999999999918,376.584635,376.26666666666665,317.97,1
1448,1447.9999999999918,376.759115,376.3,459.11,1
1449,1448.9999999999918,376.970052,376.56666666666666,403.39,1
1450,1449.9999999999918,377.272135,376.9,372.14,1
1451,1450.9999999999918,377.46224,377.03333333333336,428.91,1
1452,1451.9999999999918,377.570312,377.03333333333336,536.98,1
1453,1452.9999999999918,377.773438,378.06666666666666,293.23,1
1454,1453.9999999999918,377.94401,378.2,255.99,1
1455,1454.9999999999918,378.092448,378.2,107.55,1
1456,1455.9999999999918,378.292969,378.23333333333335,59.64,1
1457,1456.9999999999918,378.446615,378.26666666666665,179.95,1
1458,1457.9999999999918,378.570312,378.26666666666665,303.65,1
1459,1458.9999999999918,378.765625,378.5,265.62,1
1460,1459.9999999999918,378.942708,378.73333333333335,209.37,1
1461,1460.9999999999918,379.110677,378.73333333333335,377.34,1
1462,1461.9999999999918,379.338542,379.4,61.46,1
1463,1462.9999999999918,379.528646,379.4,128.65,1
1464,1463.9999999999918,379.664062,379.53333333333336,130.73,1
1465,1464.9999999999918,379.894531,379.53333333333336,361.2,1
1466,1465.9999999999918,380.061198,380.06666666666666,5.47,1
1467,1466.9999999999918,380.236979,380.2,36.98,1
1468,1467.9999999999918,380.454427,380.2,254.43,1
1469,1468.9999999999918,380.613281,380.23333333333335,379.95,1
1470,1469.9999999999918,380.78125,380.23333333333335,547.92,1
1471,1470.9999999999918,380.972656,380.3,672.66,1
1472,1471.9999999999918,381.171875,380.6,571.87,1
1473,1472.9999999999918,381.528646,381.3666666666667,161.98,1
1474,1473.9999999999918,381.878255,381.5,378.26,1
1475,1474.9999999999925,382.042969,381.56666666666666,476.3,1
1476,1475.9999999999925,382.27474,381.73333333333335,541.41,1
1477,1476.9999999999925,382.489583,381.73333333333335,756.25,1
1478,1477.9999999999923,382.673177,381.76666666666665,906.51,1
1479,1478.9999999999923,382.880208,381.8,1080.21,1
1480,1479.999999999992,383.141927,381.8,1341.93,1
1481,1480.999999999992,383.289714,381.8666666666667,1423.05,1
1482,1481.999999999992,383.470704,382.8666666666667,604.04,1
1483,1482.999999999992,383.686198,383.1333333333333,552.86,1
1484,1483.9999999999923,383.873047,383.23333333333335,639.71,1
1485,1484.9999999999918,384.070312,383.23333333333335,836.98,1
1486,1485.9999999999918,384.294271,383.73333333333335,560.94,1
1487,1486.9999999999916,384.442708,383.8333333333333,609.37,1
1488,1487.9999999999918,384.638021,384.1,538.02,1
1489,1488.9999999999916,384.854167,384.23333333333335,620.83,1
1490,1489.9999999999916,385.041667,384.53333333333336,508.33,1
1491,1490.9999999999918,385.273438,384.53333333333336,740.1,1
1492,1491.9999999999914,385.542969,384.56666666666666,976.3,1
1493,1492.9999999999916,385.66862,384.76666666666665,901.95,1
1494,1493.9999999999914,385.857422,385.23333333333335,624.09,1
1495,1494.9999999999916,386.072266,385.3666666666667,705.6,1
1496,1495.9999999999911,386.25586,385.5,755.86,1
1497,1496.9999999999914,386.446615,385.8333333333333,613.28,1
1498,1497.9999999999905,386.660156,386.1,560.16,1
1499,1498.9999999999905,386.802734,386.2,602.73,1
1500,1499.9999999999905,386.999349,386.43333333333334,566.02,1
1501,1500.9999999999905,387.208333,386.6,608.33,1
1502,1501.9999999999902,387.40625,386.8666666666667,539.58,1
1503,1502.9999999999902,387.602865,387.03333333333336,569.53,1
1504,1503.99999999999,387.815104,387.3,515.1,1
1505,1504.99999999999,387.976562,387.3666666666667,609.9,1
1506,1505.99999999999,388.151693,387.6,551.69,1
1507,1506.9999999999898,388.371094,387.8333333333333,537.76,1
1508,1507.9999999999898,388.554036,387.96666666666664,587.37,1
1509,1508.9999999999898,388.75,388.1666666666667,583.33,1
1510,1509.9999999999895,389.008464,388.3,708.46,1
1511,1510.9999999999895,389.152995,388.53333333333336,619.66,1
1512,1511.9999999999895,389.372395,388.73333333333335,639.06,1
1513,1512.9999999999895,389.589844,388.96666666666664,623.18,1
1514,1513.9999999999895,389.747395,389.1666666666667,580.73,1
1515,1514.9999999999893,389.941406,389.1666666666667,774.74,1
1516,1515.9999999999893,390.16862,389.93333333333334,235.29,1
1517,1516.999999999989,390.345704,390.1,245.7,1
1518,1517.9999999999893,390.539063,390.1,439.06,1
1519,1518.999999999989,390.759115,390.1666666666667,592.45,1
1520,1519.999999999989,390.960938,390.3666666666667,594.27,1
1521,1520.9999999999889,391.164062,390.53333333333336,630.73,1
1522,1521.9999999999889,391.429687,390.76666666666665,663.02,1
1523,1522.9999999999884,391.529948,391.0,529.95,1
1524,1523.9999999999889,391.785157,391.1666666666667,618.49,1
1525,1524.9999999999889,392.013021,391.3666666666667,646.35,1
1526,1525.9999999999884,392.188802,391.6333333333333,555.47,1
1527,1526.9999999999884,392.419271,391.6333333333333,785.94,1
1528,1527.9999999999882,392.642579,391.9,742.58,1
1529,1528.9999999999882,392.807292,392.1666666666667,640.63,1
1530,1529.9999999999882,393.007161,392.4,607.16,1
1531,1530.9999999999882,393.21224,392.6,612.24,1
1532,1531.999999999988,393.415365,393.1333333333333,282.03,1
1533,1532.999999999988,393.621094,393.26666666666665,354.43,1
1534,1533.9999999999882,393.851563,393.3666666666667,484.9,1
1535,1534.9999999999877,393.998698,393.4,598.7,1
1536,1535.9999999999882,394.198567,393.6333333333333,565.23,1
1537,1536.9999999999877,394.43099,393.8666666666667,564.32,1
1538,1537.9999999999877,394.609375,394.06666666666666,542.71,1
1539,1538.9999999999875,394.826823,394.4,426.82,1
1540,1539.9999999999875,395.051432,394.4,651.43,1
1541,1540.9999999999875,395.250651,394.6333333333333,617.32,1
1542,1541.9999999999875,395.471354,394.8333333333333,638.02,1
1543,1542.999999999987,395.802083,395.03333333333336,768.75,1
1544,1543.999999999987,396.259115,395.1666666666667,1092.45,1
1545,1544.9999999999868,396.932292,395.1666666666667,1765.63,1
1546,1545.9999999999868,397.240886,395.6333333333333,1607.55,1
1547,1546.9999999999866,397.54948,396.2,1349.48,1
1548,1547.9999999999868,397.915365,396.43333333333334,1482.03,1
1549,1548.9999999999868,398.209635,396.73333333333335,1476.3,1
1550,1549.9999999999868,398.451823,396.8666666666667,1585.16,1
1551,1550.9999999999864,398.690104,397.06666666666666,1623.44,1
1552,1551.9999999999864,398.894531,397.23333333333335,1661.2,1
1553,1552.9999999999861,399.095052,397.23333333333335,1861.72,1
1554,1553.9999999999861,399.291667,397.93333333333334,1358.33,1
1555,1554.9999999999861,399.501302,398.0,1501.3,1
1556,1555.9999999999861,399.710938,398.46666666666664,1244.27,1
1557,1556.9999999999861,399.920573,399.4,520.57,1
1558,1557.999999999986,400.080729,399.4,680.73,1
1559,1558.999999999986,400.247396,399.43333333333334,814.06,1
1560,1559.9999999999857,400.434896,399.43333333333334,1001.56,1
1561,1560.9999999999857,400.611979,400.2,411.98,1
1562,1561.9999999999857,400.753255,400.3333333333333,419.92,1
1563,1562.9999999999857,400.914062,400.4,514.06,1
1564,1563.9999999999854,401.092448,400.6333333333333,459.11,1
1565,1564.9999999999854,401.261719,400.8333333333333,428.39,1
1566,1565.9999999999854,401.432292,401.0,432.29,1
1567,1566.9999999999852,401.617839,401.23333333333335,384.51,1
1568,1567.9999999999854,401.792318,401.23333333333335,558.98,1
1569,1568.9999999999852,401.99349,401.8,193.49,1
1570,1569.9999999999852,402.283854,401.8,483.85,1
1571,1570.9999999999852,402.4375,401.8333333333333,604.17,1
1572,1571.9999999999852,402.647787,401.9,747.79,1
1573,1572.9999999999852,402.889323,402.06666666666666,822.66,1
1574,1573.9999999999852,403.033854,402.5,533.85,1
1575,1574.999999999985,403.259115,402.5,759.12,1
1576,1575.999999999985,403.472656,402.53333333333336,939.32,1
1577,1576.9999999999848,403.653646,402.56666666666666,1086.98,1
1578,1577.9999999999848,403.830729,403.23333333333335,597.4,1
1579,1578.9999999999848,404.019531,403.3,719.53,1
1580,1579.9999999999845,404.208333,403.73333333333335,475.0,1
1581,1580.9999999999848,404.397135,404.3,97.13,1
1582,1581.9999999999843,404.539062,404.3333333333333,205.73,1
1583,1582.9999999999843,404.726562,404.3333333333333,393.23,1
1584,1583.999999999984,404.882161,404.3666666666667,515.49,1
1585,1584.9999999999843,405.067708,404.53333333333336,534.37,1
1586,1585.999999999984,405.246094,404.6333333333333,612.76,1
1587,1586.999999999984,405.410807,404.8666666666667,544.14,1
1588,1587.9999999999839,405.570312,405.1666666666667,403.65,1
1589,1588.9999999999839,405.733073,405.43333333333334,299.74,1
1590,1589.9999999999834,405.915365,405.56666666666666,348.7,1
1591,1590.9999999999834,406.085286,406.2,114.71,1
1592,1591.9999999999834,406.250651,406.2,50.65,1
1593,1592.9999999999834,406.432292,406.26666666666665,165.63,1
1594,1593.9999999999832,406.601562,406.26666666666665,334.9,1
1595,1594.9999999999832,406.777344,406.3,477.34,1
1596,1595.9999999999832,406.942708,406.43333333333334,509.37,1
1597,1596.999999999983,407.127604,406.6333333333333,494.27,1
1598,1597.999999999983,407.296875,406.8,496.87,1
1599,1598.999999999983,407.469401,407.0,469.4,1
1600,1599.999999999983,407.640625,407.1666666666667,473.96,1
1601,1600.9999999999827,407.804688,407.3666666666667,438.02,1
1602,1601.9999999999827,407.971354,407.43333333333334,538.02,1
1603,1602.9999999999825,408.180339,407.8,380.34,1
1604,1603.9999999999825,408.375,407.8333333333333,541.67,1
1605,1604.9999999999823,408.604167,408.03333333333336,570.83,1
1606,1605.9999999999825,408.813802,408.1666666666667,647.14,1
1607,1606.999999999982,408.997396,408.3,697.4,1
1608,1607.999999999982,409.188151,408.6,588.15,1
1609,1608.999999999982,409.355469,408.8,555.47,1
1610,1609.9999999999818,409.574219,409.06666666666666,507.55,1
1611,1610.9999999999818,409.782552,409.1666666666667,615.89,1
1612,1611.9999999999816,409.946615,409.3666666666667,579.95,1
1613,1612.9999999999816,410.14974,409.6,549.74,1
1614,1613.9999999999814,410.398438,409.73333333333335,665.1,1
1615,1614.9999999999814,410.632812,410.0,632.81,1
1616,1615.9999999999811,410.855469,410.1,755.47,1
1617,1616.9999999999811,411.164062,410.3333333333333,830.73,1
1618,1617.999999999981,411.532552,410.3333333333333,1199.22,1
1619,1618.999999999981,411.705729,410.73333333333335,972.4,1
1620,1619.999999999981,411.837891,411.1666666666667,671.22,1
1621,1620.9999999999807,412.020833,411.43333333333334,587.5,1
1622,1621.999999999981,412.179688,411.73333333333335,446.35,1
1623,1622.9999999999807,412.382812,411.8666666666667,516.15,1
1624,1623.9999999999807,412.557942,412.1,457.94,1
1625,1624.9999999999804,412.786458,412.1666666666667,619.79,1
1626,1625.9999999999807,412.947917,412.3666666666667,581.25,1
1627,1626.9999999999802,413.179688,412.5,679.69,1
1628,1627.9999999999804,413.515625,412.8,715.62,1
1629,1628.9999999999802,414.231771,412.93333333333334,1298.44,1
1630,1629.9999999999802,414.816406,413.26666666666665,1549.74,1
1631,1630.9999999999798,415.029948,413.46666666666664,1563.28,1
1632,1631.9999999999802,415.279948,414.1666666666667,1113.28,1
1633,1632.9999999999798,415.543619,414.26666666666665,1276.95,1
1634,1633.9999999999798,415.782552,414.8333333333333,949.22,1
1635,1634.9999999999798,416.104818,414.8333333333333,1271.48,1
1636,1635.9999999999795,416.397135,414.96666666666664,1430.47,1
1637,1636.9999999999795,416.579427,415.5,1079.43,1
1638,1637.9999999999795,416.811198,416.1,711.2,1
1639,1638.9999999999795,417.033854,416.1333333333333,900.52,1
1640,1639.9999999999793,417.21875,416.6,618.75,1
1641,1640.9999999999793,417.457032,416.76666666666665,690.37,1
1642,1641.999999999979,417.733073,417.03333333333336,699.74,1
1643,1642.999999999979,417.884115,417.2,684.12,1
1644,1643.999999999979,418.085938,417.43333333333334,652.6,1
1645,1644.999999999979,418.317708,417.73333333333335,584.37,1
1646,1645.9999999999789,418.510417,418.1333333333333,377.08,1
1647,1646.9999999999789,418.753907,418.1666666666667,587.24,1
1648,1647.9999999999789,418.99349,418.26666666666665,726.82,1
1649,1648.9999999999786,419.154948,418.3,854.95,1
1650,1649.9999999999789,419.356771,418.73333333333335,623.44,1
1651,1650.9999999999786,419.611979,419.03333333333336,578.65,1
1652,1651.9999999999786,419.846354,419.1666666666667,679.69,1
1653,1652.9999999999784,420.1236980000001,419.53333333333336,590.36,1
1654,1653.9999999999784,420.371093,419.6,771.09,1
1655,1654.999999999978,420.541667,419.8333333333333,708.33,1
1656,1655.9999999999784,420.76237,419.96666666666664,795.7,1
1657,1656.999999999978,421.055989,420.2,855.99,1
1658,1657.999999999978,421.298178,420.23333333333335,1064.84,1
1659,1658.9999999999777,421.53125,420.7,831.25,1
1660,1659.9999999999777,421.844401,421.06666666666666,777.73,1
1661,1660.9999999999777,422.01302,421.23333333333335,779.69,1
1662,1661.9999999999777,422.23112,421.53333333333336,697.79,1
1663,1662.9999999999777,422.50716100000005,421.8333333333333,673.83,1
1664,1663.9999999999775,422.725912,422.03333333333336,692.58,1
1665,1664.9999999999775,422.940104,422.2,740.1,1
1666,1665.9999999999773,423.236979,422.46666666666664,770.31,1
1667,1666.9999999999773,423.374349,422.53333333333336,841.02,1
1668,1667.9999999999773,423.595703,422.8666666666667,729.04,1
1669,1668.9999999999773,423.886068,423.1666666666667,719.4,1
1670,1669.999999999977,424.122396,423.3666666666667,755.73,1
1671,1670.999999999977,424.333984,423.6,733.98,1
1672,1671.9999999999768,424.619792,423.9,719.79,1
1673,1672.9999999999768,424.763672,424.1333333333333,630.34,1
1674,1673.999999999977,424.986328,424.3333333333333,652.99,1
1675,1674.9999999999768,425.279297,424.6333333333333,645.96,1
1676,1675.9999999999768,425.489583,424.76666666666665,722.92,1
1677,1676.9999999999766,425.697266,425.0,697.27,1
1678,1677.9999999999766,426.008464,425.26666666666665,741.8,1
1679,1678.999999999976,426.167318,425.3333333333333,833.98,1
1680,1679.9999999999766,426.32161500000007,425.6333333333333,688.28,1
1681,1680.999999999976,426.58463499999993,425.8666666666667,717.97,1
1682,1681.999999999976,426.813802,426.1,713.8,1
1683,1682.9999999999757,427.010417,426.3,710.42,1
1684,1683.9999999999757,427.332032,426.3666666666667,965.37,1
1685,1684.9999999999754,427.507813,426.8,707.81,1
1686,1685.9999999999757,427.65625,426.8666666666667,789.58,1
1687,1686.9999999999757,427.902344,427.23333333333335,669.01,1
1688,1687.9999999999754,428.089843,427.7,389.84,1
1689,1688.9999999999752,428.2877610000001,427.7,587.76,1
1690,1689.9999999999752,428.604167,428.3,304.17,1
1691,1690.9999999999752,428.765625,428.3,465.62,1
1692,1691.9999999999752,428.851562,428.8333333333333,18.23,1
1693,1692.9999999999752,429.1080730000001,428.93333333333334,174.74,1
1694,1693.999999999975,429.34375,428.96666666666664,377.08,1
1695,1694.999999999975,429.556641,428.96666666666664,589.97,1
1696,1695.9999999999748,429.91275999999993,429.06666666666666,846.09,1
1697,1696.9999999999748,430.0611980000001,429.1,961.2,1
1698,1697.9999999999748,430.260417,429.5,760.42,1
1699,1698.9999999999748,430.492839,429.76666666666665,726.17,1
1700,1699.9999999999748,430.698567,430.3,398.57,1
1701,1700.9999999999745,430.91862,430.6666666666667,251.95,1
1702,1701.9999999999745,431.25,430.7,550.0,1
1703,1702.9999999999743,431.395833,430.73333333333335,662.5,1
1704,1703.9999999999745,431.596354,430.8666666666667,729.69,1
1705,1704.9999999999743,431.845703,431.06666666666666,779.04,1
1706,1705.9999999999743,432.05013,431.43333333333334,616.8,1
1707,1706.9999999999739,432.285807,431.6,685.81,1
1708,1707.9999999999739,432.595052,431.9,695.05,1
1709,1708.9999999999736,432.746094,432.03333333333336,712.76,1
1710,1709.9999999999739,432.9361980000001,432.26666666666665,669.53,1
1711,1710.9999999999736,433.192057,432.46666666666664,725.39,1
1712,1711.9999999999736,433.445964,432.7,745.96,1
1713,1712.9999999999736,433.674479,432.96666666666664,707.81,1
1714,1713.9999999999734,434.19987,433.2,999.87,1
1715,1714.9999999999748,434.371094,433.4,971.09,1
1716,1715.9999999999748,434.565755,433.6333333333333,932.42,1
1717,1716.9999999999748,434.833984,433.6333333333333,1200.65,1
1718,1717.999999999975,435.094401,434.23333333333335,861.07,1
1719,1718.999999999975,435.417318,434.6666666666667,750.65,1
1720,1719.999999999975,435.910807,434.7,1210.81,1
1721,1720.999999999975,436.125651,434.8333333333333,1292.32,1
1722,1721.999999999975,436.370443,434.8333333333333,1537.11,1
1723,1722.999999999975,436.64778600000005,435.56666666666666,1081.12,1
1724,1723.999999999975,436.958984,436.03333333333336,925.65,1
1725,1724.999999999975,437.309896,436.26666666666665,1043.23,1
1726,1725.9999999999752,437.548642,436.5,1048.64,1
1727,1726.9999999999752,437.787389,436.6666666666667,1120.72,1
1728,1727.9999999999752,438.026135,436.8333333333333,1192.8,1
1729,1728.9999999999752,438.264881,436.93333333333334,1331.55,1
1730,1729.9999999999752,438.503627,437.03333333333336,1470.29,1
1731,1730.999999999975,438.742374,437.6,1142.37,1
1732,1731.999999999975,438.98112,438.0,981.12,1
1733,1732.9999999999804,439.31900999999993,438.3,1019.01,1
1734,1733.9999999999802,439.607422,438.43333333333334,1174.09,1
1735,1734.9999999999802,439.9361980000001,438.73333333333335,1202.86,1
1736,1735.9999999999798,440.276042,439.1666666666667,1109.38,1
1737,1736.9999999999798,440.677734,439.3666666666667,1311.07,1
1738,1737.9999999999802,441.179199,439.6,1579.2,1
1739,1738.9999999999802,441.680664,440.06666666666666,1614.0,1
1740,1739.9999999999802,442.182129,440.1333333333333,2048.8,1
1741,1740.9999999999798,442.683594,440.23333333333335,2450.26,1
1742,1741.9999999999918,443.48112,440.23333333333335,3247.79,1
1743,1742.9999999999918,444.729818,440.93333333333334,3796.48,1
1744,1743.9999999999918,445.168213,441.3666666666667,3801.55,1
1745,1744.9999999999916,445.606608,442.8666666666667,2739.94,1
1746,1745.9999999999916,446.045003,443.03333333333336,3011.67,1
1747,1746.9999999999916,446.483398,443.1333333333333,3350.06,1
1748,1747.9999999999916,446.921793,443.23333333333335,3688.46,1
1749,1748.9999999999918,447.360189,443.23333333333335,4126.86,1
1750,1749.999999999972,447.798584,443.26666666666665,4531.92,1
1751,1750.9999999999718,448.236979,443.26666666666665,4970.31,1
1752,1751.9999999999714,448.423177,443.3,5123.18,1
1753,1752.9999999999714,448.674154,443.3333333333333,5340.82,1
1754,1753.9999999999714,448.92513,443.3333333333333,5591.8,1
1755,1754.9999999999704,449.136068,443.56666666666666,5569.4,1
1756,1755.9999999999707,449.382487,443.6,5782.49,1
1757,1756.9999999999707,449.628906,443.8333333333333,5795.57,1
1758,1757.9999999999704,449.875325,444.9,4975.32,1
1759,1758.9999999999704,450.121745,445.1,5021.74,1
1760,1759.9999999999704,450.368164,445.3,5068.16,1
1761,1760.99999999997,450.614583,445.5,5114.58,1
1762,1761.9999999999704,450.836154,445.73333333333335,5102.82,1
1763,1762.9999999999702,451.057726,445.9,5157.73,1
1764,1763.9999999999702,451.279297,446.96666666666664,4312.63,1
1765,1764.9999999999702,451.44694,449.0,2446.94,1
1766,1765.9999999999704,451.614583,449.1,2514.58,1
1767,1766.9999999999702,451.782226,451.2,582.23,1
1768,1767.9999999999702,451.94987,451.2,749.87,1
1769,1768.9999999999702,452.117513,451.3,817.51,1
1770,1769.99999999997,452.285156,451.3,985.16,1
1771,1770.9999999999702,452.434895,451.3333333333333,1101.56,1
1772,1771.9999999999698,452.58463499999993,451.3666666666667,1217.97,1
1773,1772.9999999999698,452.786458,451.3666666666667,1419.79,1
1774,1773.9999999999698,453.013021,452.3,713.02,1
1775,1774.9999999999698,453.239583,452.5,739.58,1
1776,1775.9999999999684,453.391927,452.56666666666666,825.26,1
1777,1776.9999999999688,453.617839,452.56666666666666,1051.17,1
1778,1777.9999999999686,453.84375,452.8333333333333,1010.42,1
1779,1778.999999999968,454.03125,452.8333333333333,1197.92,1
1780,1779.9999999999677,454.274522,453.06666666666666,1207.86,1
1781,1780.999999999968,454.517795,453.2,1317.79,1
1782,1781.999999999968,454.761068,453.2,1561.07,1
1783,1782.999999999968,455.00434,453.23333333333335,1771.01,1
1784,1783.9999999999677,455.247613,453.23333333333335,2014.28,1
1785,1784.9999999999675,455.49088499999993,453.26666666666665,2224.22,1
1786,1785.9999999999677,455.752604,453.3,2452.6,1
1787,1786.9999999999677,456.0143230000001,453.3,2714.32,1
1788,1787.9999999999675,456.276042,453.73333333333335,2542.71,1
1789,1788.9999999999675,456.450304,453.93333333333334,2516.97,1
1790,1789.9999999999675,456.624566,454.03333333333336,2591.23,1
1791,1790.9999999999677,456.798829,456.1333333333333,665.5,1
1792,1791.9999999999675,456.973091,456.1333333333333,839.76,1
1793,1792.9999999999675,457.147353,456.7,447.35,1
1794,1793.9999999999673,457.32161500000007,456.7,621.62,1
1795,1794.9999999999673,457.460287,456.73333333333335,726.95,1
1796,1795.9999999999668,457.598958,456.76666666666665,832.29,1
1797,1796.9999999999668,457.789063,457.06666666666666,722.4,1
1798,1797.999999999967,457.989149,457.1666666666667,822.48,1
1799,1798.9999999999668,458.18923600000005,457.6,589.24,1
1800,1799.9999999999668,458.3893230000001,457.6666666666667,722.66,1
1801,1800.999999999967,458.584201,457.6666666666667,917.53,1
1802,1801.9999999999668,458.77908,457.76666666666665,1012.41,1
1803,1802.9999999999668,458.973958,458.1666666666667,807.29,1
1804,1803.9999999999668,459.192491,458.1666666666667,1025.82,1
1805,1804.9999999999666,459.411024,458.3666666666667,1044.36,1
1806,1805.9999999999663,459.629557,458.4,1229.56,1
1807,1806.9999999999668,459.859096,459.06666666666666,792.43,1
1808,1807.9999999999668,460.088634,459.3,788.63,1
1809,1808.9999999999666,460.31817300000006,459.6666666666667,651.51,1
1810,1809.9999999999666,460.547712,459.8,747.71,1
1811,1810.9999999999668,460.777251,459.8,977.25,1
1812,1811.9999999999668,461.006789,460.8333333333333,173.46,1
1813,1812.9999999999666,461.236328,460.8666666666667,369.66,1
1814,1813.9999999999666,461.456641,461.0,456.64,1
1815,1814.9999999999666,461.676953,461.1666666666667,510.29,1
1816,1815.9999999999668,461.897266,461.2,697.27,1
1817,1816.9999999999666,462.117578,461.4,717.58,1
1818,1817.9999999999666,462.337891,461.6666666666667,671.22,1
1819,1818.9999999999666,462.55820300000005,461.8666666666667,691.54,1
1820,1819.9999999999666,462.778516,462.1,678.52,1
1821,1820.9999999999668,462.998828,462.3,698.83,1
1822,1821.9999999999668,463.219141,464.1,880.86,1
1823,1822.9999999999668,463.439454,464.1666666666667,727.21,1
1824,1823.999999999966,463.609375,464.2,590.62,1
1825,1824.999999999966,463.839518,464.2,360.48,1
1826,1825.9999999999652,464.069662,464.23333333333335,163.67,1
1827,1826.9999999999648,464.276042,464.23333333333335,42.71,1
1828,1827.9999999999645,464.478733,464.26666666666665,212.07,1
1829,1828.9999999999645,464.68142400000005,464.3,381.42,1
1830,1829.9999999999648,464.88411500000007,464.3,584.12,1
1831,1830.9999999999648,465.086806,464.3333333333333,753.47,1
1832,1831.9999999999645,465.289497,464.3666666666667,922.83,1
1833,1832.9999999999645,465.492188,464.3666666666667,1125.52,1
1834,1833.9999999999643,465.744792,464.4,1344.79,1
1835,1834.9999999999645,465.997396,464.4,1597.4,1
1836,1835.999999999964,466.25,465.46666666666664,783.33,1
1837,1836.9999999999643,466.410937,465.6666666666667,744.27,1
1838,1837.9999999999643,466.571875,465.96666666666664,605.21,1
1839,1838.9999999999643,466.732813,465.96666666666664,766.15,1
1840,1839.9999999999645,466.89375,466.43333333333334,460.42,1
1841,1840.9999999999638,467.054688,466.76666666666665,288.02,1
1842,1841.9999999999638,467.278646,466.96666666666664,311.98,1
1843,1842.9999999999638,467.415364,466.96666666666664,448.7,1
1844,1843.9999999999636,467.552083,467.0,552.08,1
1845,1844.9999999999636,467.75911500000007,467.0,759.12,1
1846,1845.9999999999636,467.974609,467.03333333333336,941.28,1
1847,1846.9999999999636,468.190104,467.56666666666666,623.44,1
1848,1847.9999999999627,468.352214,467.6333333333333,718.88,1
1849,1848.9999999999627,468.570964,467.6333333333333,937.63,1
1850,1849.9999999999627,468.789714,467.8,989.71,1
1851,1850.9999999999616,468.980469,467.8,1180.47,1
1852,1851.999999999962,469.215929,468.3666666666667,849.26,1
1853,1852.9999999999616,469.451389,468.4,1051.39,1
1854,1853.9999999999616,469.686849,468.4,1286.85,1
1855,1854.999999999962,469.922309,468.43333333333334,1488.98,1
1856,1855.999999999962,470.157769,468.43333333333334,1724.44,1
1857,1856.9999999999616,470.393229,468.46666666666664,1926.56,1
1858,1857.9999999999616,470.68533,468.5,2185.33,1
1859,1858.9999999999613,470.97743,468.5,2477.43,1
1860,1859.9999999999616,471.269531,468.7,2569.53,1
1861,1860.9999999999616,471.457899,470.6,857.9,1
1862,1861.9999999999613,471.646267,470.8,846.27,1
1863,1862.9999999999613,471.8346360000001,471.0,834.64,1
1864,1863.9999999999613,472.023004,471.76666666666665,256.34,1
1865,1864.9999999999613,472.211372,472.46666666666664,255.29,1
1866,1865.999999999961,472.39974000000007,472.5,100.26,1
1867,1866.9999999999613,472.547852,472.5,47.85,1
1868,1867.999999999961,472.695964,472.53333333333336,162.63,1
1869,1868.9999999999607,472.9127610000001,472.53333333333336,379.43,1
1870,1869.999999999961,473.111545,472.6,511.54,1
1871,1870.999999999961,473.31033,472.6666666666667,643.66,1
1872,1871.9999999999607,473.50911500000007,472.7,809.12,1
1873,1872.9999999999607,473.716146,472.7,1016.15,1
1874,1873.9999999999607,473.923177,473.3333333333333,589.84,1
1875,1874.9999999999607,474.130208,473.5,630.21,1
1876,1875.9999999999607,474.37717,473.6,777.17,1
1877,1876.9999999999607,474.624132,473.6666666666667,957.47,1
1878,1877.9999999999604,474.871093,473.6666666666667,1204.43,1
1879,1878.9999999999604,475.094618,473.8,1294.62,1
1880,1879.9999999999607,475.318142,474.2,1118.14,1
1881,1880.9999999999607,475.541667,474.3666666666667,1175.0,1
1882,1881.9999999999607,475.765191,475.23333333333335,531.86,1
1883,1882.9999999999604,475.988716,475.43333333333334,555.38,1
1884,1883.9999999999604,476.21224000000007,475.6333333333333,578.91,1
1885,1884.9999999999607,476.859809,475.8666666666667,993.14,1
1886,1885.9999999999607,477.507379,476.03333333333336,1474.05,1
1887,1886.9999999999604,478.1549480000001,476.3,1854.95,1
1888,1887.9979166666267,478.287978,476.53333333333336,1754.64,1
1889,1888.9979166666265,478.421007,476.73333333333335,1687.67,1
1890,1889.9999999999598,478.554037,476.9,1654.04,1
1891,1890.997916666626,478.687066,477.1,1587.07,1
1892,1891.9979166666258,478.820095,477.46666666666664,1353.43,1
1893,1892.9999999999588,478.953125,477.7,1253.13,1
1894,1893.9999999999588,479.214844,477.8333333333333,1381.51,1
1895,1894.999999999959,479.476563,477.8333333333333,1643.23,1
1896,1895.9999999999588,479.608724,478.3,1308.72,1
1897,1896.9999999999588,479.807292,478.5,1307.29,1
1898,1897.9999999999586,479.955729,478.93333333333334,1022.4,1
1899,1898.9999999999584,480.10286500000007,479.6333333333333,469.53,1
1900,1899.9999999999584,480.299479,479.8333333333333,466.15,1
1901,1900.9999999999575,480.479167,479.96666666666664,512.5,1
1902,1901.9999999999575,480.695312,480.1333333333333,561.98,1
1903,1902.9999999999575,480.929253,480.3,629.25,1
1904,1903.9999999999575,481.163194,480.5,663.19,1
1905,1904.9999999999575,481.39713499999993,480.7,697.13,1
1906,1905.999999999957,481.557292,480.7,857.29,1
1907,1906.999999999957,481.72525999999993,481.2,525.26,1
1908,1907.9999999999568,481.896484,481.23333333333335,663.15,1
1909,1908.9999999999568,482.095052,481.53333333333336,561.72,1
1910,1909.9999999999568,482.2799480000001,481.6333333333333,646.61,1
1911,1910.9999999999566,482.470052,481.9,570.05,1
1912,1911.9999999999566,482.604167,482.1666666666667,437.5,1
1913,1912.9999999999563,482.768229,482.26666666666665,501.56,1
1914,1913.999999999956,482.947917,482.4,547.92,1
1915,1914.9999999999561,483.197917,482.6,597.92,1
1916,1915.999999999956,483.441406,482.6666666666667,774.74,1
1917,1916.999999999956,483.77213499999993,482.93333333333334,838.8,1
1918,1917.999999999956,483.977539,483.06666666666666,910.87,1
1919,1918.999999999956,484.182943,483.1,1082.94,1
1920,1919.9999999999561,484.338542,483.46666666666664,871.88,1
1921,1920.9999999999557,484.515625,483.56666666666666,948.96,1
1922,1921.9999999999557,484.666667,483.8333333333333,833.33,1
1923,1922.9999999999554,484.833333,484.3666666666667,466.67,1
1924,1923.9999999999552,485.00650999999993,484.53333333333336,473.18,1
1925,1924.9999999999552,485.188802,484.7,488.8,1
1926,1925.9999999999543,485.410156,484.8666666666667,543.49,1
1927,1926.9999999999548,485.588542,485.03333333333336,555.21,1
1928,1927.9999999999548,485.766927,485.3,466.93,1
1929,1928.9999999999543,485.945313,485.43333333333334,511.98,1
1930,1929.9999999999543,486.161458,485.43333333333334,728.12,1
1931,1930.9999999999538,486.328125,485.6333333333333,694.79,1
1932,1931.9999999999538,486.447266,485.8333333333333,613.93,1
1933,1932.9999999999538,486.6236980000001,485.96666666666664,657.03,1
1934,1933.9999999999536,486.766927,486.3333333333333,433.59,1
1935,1934.9999999999538,486.899089,486.53333333333336,365.76,1
1936,1935.9999999999534,487.03125,486.6,431.25,1
1937,1936.9999999999534,487.179688,486.7,479.69,1
1938,1937.9999999999532,487.341146,486.8666666666667,474.48,1
1939,1938.9999999999532,487.536458,487.06666666666666,469.79,1
1940,1939.9999999999534,487.744792,487.1,644.79,1
1941,1940.9999999999532,488.166667,487.3,866.67,1
1942,1941.999999999952,488.423177,487.53333333333336,889.84,1
1943,1942.9999999999516,488.572917,487.73333333333335,839.58,1
1944,1943.9999999999516,488.705729,488.03333333333336,672.4,1
1945,1944.9999999999516,488.8893230000001,488.2,689.32,1
1946,1945.9999999999516,489.088542,488.6,488.54,1
1947,1946.9999999999513,489.242188,488.8,442.19,1
1948,1947.9999999999511,489.421875,488.8333333333333,588.54,1
1949,1948.9999999999513,489.583333,489.0,583.33,1
1950,1949.9999999999516,489.847656,489.23333333333335,614.32,1
1951,1950.9999999999511,490.106771,489.23333333333335,873.44,1
1952,1951.9999999999513,490.30338499999993,489.26666666666665,1036.72,1
1953,1952.9999999999518,490.48112,489.8,681.12,1
1954,1953.9999999999513,490.673177,489.8,873.18,1
1955,1954.9999999999518,490.873047,490.3,573.05,1
1956,1955.9999999999511,491.13216100000005,490.56666666666666,565.49,1
1957,1956.9999999999511,491.377605,490.73333333333335,644.27,1
1958,1957.9999999999513,491.579427,490.76666666666665,812.76,1
1959,1958.9999999999507,491.832032,490.8666666666667,965.37,1
1960,1959.9999999999507,492.09375,490.9,1193.75,1
1961,1960.9999999999513,492.292969,491.56666666666666,726.3,1
1962,1961.9999999999507,492.529947,491.76666666666665,763.28,1
1963,1962.9999999999513,492.798177,491.9,898.18,1
1964,1963.9999999999502,492.976563,492.1333333333333,843.23,1
1965,1964.9999999999502,493.1705730000001,492.6333333333333,537.24,1
1966,1965.9999999999507,493.407552,492.8,607.55,1
1967,1966.99999999995,493.587891,492.8333333333333,754.56,1
1968,1967.9999999999502,493.78841100000005,493.1,688.41,1
1969,1968.9999999999507,494.054037,493.3666666666667,687.37,1
1970,1969.9999999999498,494.300781,493.46666666666664,834.11,1
1971,1970.9999999999498,494.528646,493.8,728.65,1
1972,1971.999999999949,494.735677,494.23333333333335,502.34,1
1973,1972.9999999999495,494.938802,494.3,638.8,1
1974,1973.9999999999495,495.29036500000007,494.53333333333336,757.03,1
1975,1974.9999999999493,495.635417,494.7,935.42,1
1976,1975.9999999999495,495.7955730000001,494.93333333333334,862.24,1
1977,1976.9999999999498,495.989583,495.2,789.58,1
1978,1977.9999999999493,496.221354,495.2,1021.35,1
1979,1978.9999999999495,496.435547,495.73333333333335,702.21,1
1980,1979.9999999999486,496.649089,496.06666666666666,582.42,1
1981,1980.9999999999488,496.901042,496.2,701.04,1
1982,1981.9999999999495,497.121094,496.4,721.09,1
1983,1982.9999999999486,497.300781,496.76666666666665,534.11,1
1984,1983.9999999999488,497.539062,496.8,739.06,1
1985,1984.999999999949,497.723958,496.9,823.96,1
1986,1985.9999999999486,497.910808,497.06666666666666,844.14,1
1987,1986.9999999999488,498.214844,497.06666666666666,1148.18,1
1988,1987.9999999999493,498.402344,497.26666666666665,1135.68,1
1989,1988.9999999999486,498.634114,497.53333333333336,1100.78,1
1990,1989.999999999949,498.88411500000007,497.53333333333336,1350.78,1
1991,1990.9999999999486,499.111979,497.93333333333334,1178.65,1
1992,1991.9999999999486,499.260417,497.96666666666664,1293.75,1
1993,1992.9999999999486,499.476563,498.23333333333335,1243.23,1
1994,1993.9999999999484,499.699219,499.43333333333334,265.89,1
1995,1994.9999999999484,499.880859,499.6333333333333,247.53,1
1996,1995.9999999999488,500.117188,499.6333333333333,483.85,1
1997,1996.9999999999484,500.304688,499.6666666666667,638.02,1
1998,1997.9999999999486,500.504557,499.76666666666665,737.89,1
1999,1998.9999999999482,500.677083,500.2,477.08,1
2000,1999.9999999999484,500.86588499999993,500.3333333333333,532.55,1
2001,2000.9999999999484,501.104818,500.5,604.82,1
2002,2001.9999999999482,501.378906,500.56666666666666,812.24,1
2003,2002.9999999999484,501.555989,500.93333333333334,622.66,1
2004,2003.9999999999486,501.80013,501.06666666666666,733.46,1
2005,2004.9999999999482,502.041667,501.4,641.67,1
2006,2005.9999999999484,502.313802,501.46666666666664,847.14,1
2007,2006.9999999999477,502.682292,501.53333333333336,1148.96,1
2008,2007.999999999948,503.080729,501.76666666666665,1314.06,1
2009,2008.9999999999486,503.359375,502.23333333333335,1126.04,1
2010,2009.9999999999477,503.635417,502.6666666666667,968.75,1
2011,2010.999999999948,504.049479,503.6,449.48,1
2012,2011.9999999999484,504.33138,503.6333333333333,698.05,1
2013,2012.9999999999477,504.572266,503.6333333333333,938.93,1
2014,2013.9999999999482,504.845052,503.9,945.05,1
2015,2014.9999999999475,505.013021,503.93333333333334,1079.69,1
2016,2015.9999999999477,505.278646,503.96666666666664,1311.98,1
2017,2016.9999999999482,505.546224,504.23333333333335,1312.89,1
2018,2017.9999999999475,505.7252610000001,504.93333333333334,791.93,1
2019,2018.9999999999475,505.969401,504.93333333333334,1036.07,1
2020,2019.9999999999477,506.20963499999993,505.46666666666664,742.97,1
2021,2020.9999999999475,506.385417,505.7,685.42,1
2022,2021.9999999999475,506.580078,505.9,680.08,1
2023,2022.9999999999477,506.770833,506.2,570.83,1
2024,2023.999999999947,506.945313,506.56666666666666,378.65,1
2025,2024.9999999999475,507.152995,506.6,552.99,1
2026,2025.9999999999468,507.407552,506.7,707.55,1
2027,2026.9999999999468,507.593099,507.03333333333336,559.77,1
2028,2027.9999999999475,507.898438,507.1333333333333,765.1,1
2029,2028.999999999946,508.133464,507.3,833.46,1
2030,2029.9999999999463,508.369792,507.3666666666667,1003.13,1
2031,2030.9999999999457,508.63737,507.53333333333336,1104.04,1
2032,2031.999999999946,508.953125,507.96666666666664,986.46,1
2033,2032.9999999999463,509.171875,508.2,971.88,1
2034,2033.9999999999459,509.429688,508.5,929.69,1
2035,2034.999999999946,509.746094,509.0,746.09,1
2036,2035.9999999999466,509.984375,509.23333333333335,751.04,1
2037,2036.9999999999459,510.113281,509.4,713.28,1
2038,2037.999999999946,510.394531,509.6666666666667,727.86,1
2039,2038.999999999946,510.571614,509.93333333333334,638.28,1
2040,2039.9999999999459,510.746745,510.0,746.74,1
2041,2040.999999999946,510.953125,510.4,553.13,1
2042,2041.9999999999459,511.1080730000001,510.56666666666666,541.41,1
2043,2042.9999999999457,511.345052,510.56666666666666,778.39,1
2044,2043.999999999946,511.5299480000001,510.6333333333333,896.61,1
2045,2044.9999999999457,511.713542,511.03333333333336,680.21,1
2046,2045.9999999999457,511.957031,511.2,757.03,1
2047,2046.9999999999457,512.095052,511.23333333333335,861.72,1
2048,2047.9999999999457,512.2695309999998,511.7,569.53,1
2049,2048.999999999946,512.514323,511.8666666666667,647.66,1
2050,2049.9999999999454,512.723958,511.8666666666667,857.29,1
2051,2050.9999999999454,512.9309900000002,511.93333333333334,997.66,1
2052,2051.999999999946,513.1315099999998,512.3666666666667,764.84,1
2053,2052.999999999945,513.333333,512.4666666666667,866.67,1
2054,2053.999999999945,513.515625,512.8333333333334,682.29,1
2055,2054.999999999946,513.8417969999998,512.8333333333334,1008.46,1
2056,2055.999999999945,514.127604,513.1333333333333,994.27,1
2057,2056.999999999946,514.3359379999998,513.2666666666667,1069.27,1
2058,2057.9999999999454,514.667317,513.7666666666667,900.65,1
2059,2058.999999999945,515.033854,513.8333333333334,1200.52,1
2060,2059.9999999999454,515.36198,513.8333333333334,1528.65,1
2061,2060.9999999999445,515.622396,513.9333333333333,1689.06,1
2062,2061.999999999945,515.875,513.9666666666667,1908.33,1
2063,2062.9999999999454,516.101888,513.9666666666667,2135.22,1
2064,2063.9999999999445,516.328776,514.0,2328.78,1
2065,2064.9999999999454,516.651042,514.1,2551.04,1
2066,2065.9999999999445,516.75,514.5666666666667,2183.33,1
2067,2066.9999999999445,517.030599,516.2,830.6,1
2068,2067.9999999999445,517.3033849999998,516.6,703.38,1
2069,2068.9999999999445,517.4921879999998,516.6,892.19,1
2070,2069.9999999999445,517.686198,516.9,786.2,1
2071,2070.9999999999445,517.904296,516.9,1004.3,1
2072,2071.999999999944,518.067708,517.0666666666667,1001.04,1
2073,2072.999999999944,518.2480469999998,517.7,548.05,1
2074,2073.9999999999445,518.5234379999998,517.8666666666667,656.77,1
2075,2074.999999999944,518.708333,518.0333333333333,675.0,1
2076,2075.999999999944,518.9609379999998,518.2333333333333,727.6,1
2077,2076.999999999944,519.135417,518.4666666666667,668.75,1
2078,2077.999999999944,519.313802,518.7,613.8,1
2079,2078.9999999999445,519.463542,518.9,563.54,1
2080,2079.999999999944,519.6445309999998,519.0666666666667,577.86,1
2081,2080.999999999944,519.809895,519.3666666666667,443.23,1
2082,2081.9999999999445,520.004557,519.9666666666667,37.89,1
2083,2082.999999999944,520.173177,519.9666666666667,206.51,1
2084,2083.9999999999445,520.3300780000002,520.0,330.08,1
2085,2084.9999999999436,520.495443,520.0,495.44,1
2086,2085.9999999999436,520.6966150000002,520.1333333333333,563.28,1
2087,2086.999999999944,520.895833,520.3,595.83,1
2088,2087.9999999999436,521.302734,520.3666666666667,936.07,1
2089,2088.9999999999436,521.686198,520.8666666666667,819.53,1
2090,2089.999999999944,521.8841150000002,520.9,984.12,1
2091,2090.9999999999436,522.0351559999998,520.9333333333333,1101.82,1
2092,2091.999999999944,522.3125,520.9333333333333,1379.17,1
2093,2092.9999999999436,522.4453120000002,521.8,645.31,1
2094,2093.9999999999436,522.626302,521.9666666666667,659.64,1
2095,2094.9999999999436,522.791667,522.4666666666667,325.0,1
2096,2095.999999999943,522.958333,522.5333333333333,425.0,1
2097,2096.999999999943,523.106771,522.6333333333333,473.44,1
2098,2097.9999999999436,523.2903650000002,522.7666666666667,523.7,1
2099,2098.999999999943,523.453125,522.9333333333333,519.79,1
2100,2099.9999999999436,523.6269530000002,522.9333333333333,693.62,1
2101,2100.999999999943,523.799479,522.9666666666667,832.81,1
2102,2101.999999999943,523.948568,523.0333333333333,915.23,1
2103,2102.999999999944,524.099609,523.6333333333333,466.28,1
2104,2103.999999999943,524.2490240000002,523.8333333333334,415.69,1
2105,2104.999999999943,524.3984379999998,523.8333333333334,565.1,1
2106,2105.9999999999436,524.5605469999998,523.8666666666667,693.88,1
2107,2106.999999999943,524.720052,524.0666666666667,653.39,1
2108,2107.9999999999436,524.867839,524.0666666666667,801.17,1
2109,2108.9999999999436,525.0247400000002,524.5333333333333,491.41,1
2110,2109.999999999943,525.244792,524.8,444.79,1
2111,2110.999999999944,525.3320309999998,524.8,532.03,1
2112,2111.999999999943,525.5019530000002,524.8666666666667,635.29,1
2113,2112.999999999943,525.720052,525.3,420.05,1
2114,2113.9999999999436,525.858073,525.4666666666667,391.41,1
2115,2114.999999999943,526.05013,525.5,550.13,1
2116,2115.999999999943,526.264323,525.7333333333333,530.99,1
2117,2116.9999999999427,526.466146,525.8,666.15,1
2118,2117.999999999943,526.684896,526.0,684.9,1
2119,2118.9999999999436,526.90625,526.2333333333333,672.92,1
2120,2119.999999999943,527.1699219999998,526.4666666666667,703.26,1
2121,2120.999999999943,527.525391,526.5,1025.39,1
2122,2121.999999999943,527.7392580000002,526.9,839.26,1
2123,2122.9999999999427,527.953125,527.1,853.12,1
2124,2123.999999999943,528.0917969999998,527.3666666666667,725.13,1
2125,2124.999999999943,528.282552,527.6333333333333,649.22,1
2126,2125.9999999999422,528.458333,528.0666666666667,391.67,1
2127,2126.9999999999422,528.619792,528.1666666666666,453.13,1
2128,2127.9999999999422,528.832032,528.3666666666667,465.37,1
2129,2128.999999999942,529.044271,528.4333333333333,610.94,1
2130,2129.9999999999427,529.1783849999998,528.6,578.38,1
2131,2130.9999999999413,529.361979,528.9,461.98,1
2132,2131.999999999941,529.5377599999998,529.1666666666666,371.09,1
2133,2132.999999999941,529.7070309999998,529.1666666666666,540.36,1
2134,2133.999999999941,529.930338,529.4,530.34,1
2135,2134.999999999941,530.153646,529.5333333333333,620.31,1
2136,2135.9999999999404,530.311849,529.6,711.85,1
2137,2136.99999999994,530.513021,530.1666666666666,346.35,1
2138,2137.99999999994,530.6875,530.4,287.5,1
2139,2138.999999999939,530.8502599999998,530.4333333333333,416.93,1
2140,2139.99999999994,531.057942,530.6,457.94,1
2141,2140.9999999999395,531.265625,530.8333333333334,432.29,1
2142,2141.999999999939,531.389323,530.8666666666667,522.66,1
2143,2142.999999999939,531.5664059999998,531.0666666666667,499.74,1
2144,2143.999999999939,531.735677,531.3666666666667,369.01,1
2145,2144.9999999999377,532.0716150000002,531.3666666666667,704.95,1
2146,2145.9999999999377,532.3971349999998,531.8,597.13,1
2147,2146.9999999999372,532.5872400000002,531.8666666666667,720.57,1
2148,2147.999999999937,532.78125,532.0333333333333,747.92,1
2149,2148.9999999999363,532.973958,532.2,773.96,1
2150,2149.999999999936,533.166667,532.4666666666667,700.0,1
2151,2150.999999999936,533.313802,532.7666666666667,547.14,1
2152,2151.999999999935,533.419921,533.0333333333333,386.59,1
2153,2152.999999999935,533.557943,533.1666666666666,391.28,1
2154,2153.999999999935,533.686198,533.5666666666667,119.53,1
2155,2154.9999999999354,533.8815099999998,533.6666666666666,214.84,1
2156,2155.999999999935,534.076823,533.6666666666666,410.16,1
2157,2156.9999999999354,534.369792,533.7,669.79,1
2158,2157.999999999934,534.6484379999998,533.7333333333333,915.1,1
2159,2158.999999999934,534.8125,534.0,812.5,1
2160,2159.999999999934,534.967448,534.1333333333333,834.11,1
2161,2160.999999999933,535.174479,534.2666666666667,907.81,1
2162,2161.999999999933,535.373698,534.2666666666667,1107.03,1
2163,2162.9999999999322,535.514323,535.0333333333333,480.99,1
2164,2163.999999999932,535.644532,535.2333333333333,411.2,1
2165,2164.999999999932,535.7890629999998,535.4333333333333,355.73,1
2166,2165.9999999999313,535.9199219999998,535.7666666666667,153.26,1
2167,2166.9999999999327,536.157878,535.8666666666667,291.21,1
2168,2167.999999999931,536.395833,535.9333333333333,462.5,1
2169,2168.9999999999313,536.6601559999998,535.9333333333333,726.82,1
2170,2169.9999999999313,536.888021,535.9666666666667,921.35,1
2171,2170.9999999999304,537.010417,535.9666666666667,1043.75,1
2172,2171.9999999999304,537.186198,536.0,1186.2,1
2173,2172.9999999999304,537.404948,536.0333333333333,1371.61,1
2174,2173.99999999993,537.505208,537.5,5.21,1
2175,2174.9999999999295,537.651042,537.5,151.04,1
2176,2175.9999999999295,537.860677,537.8666666666667,5.99,1
2177,2176.999999999929,537.964843,538.0,35.16,1
2178,2177.999999999929,538.125,538.0,125.0,1
2179,2178.999999999929,538.328125,538.2,128.12,1
2180,2179.999999999928,538.444661,538.2333333333333,211.33,1
2181,2180.999999999928,538.596354,538.2333333333333,363.02,1
2182,2181.9999999999277,538.794271,538.2666666666667,527.6,1
2183,2182.9999999999272,538.8971349999998,538.4,497.13,1
2184,2183.9999999999272,539.065755,538.5666666666667,499.09,1
2185,2184.999999999927,539.2539059999998,538.8666666666667,387.24,1
2186,2185.999999999927,539.380208,539.0666666666667,313.54,1
2187,2186.9999999999254,539.563151,539.1,463.15,1
2188,2187.999999999926,539.7460940000002,539.3666666666667,379.43,1
2189,2188.999999999926,539.875,539.4333333333333,441.67,1
2190,2189.999999999925,540.055338,539.5666666666667,488.67,1
2191,2190.999999999925,540.291667,539.7,591.67,1
2192,2191.999999999925,540.4622400000002,539.9,562.24,1
2193,2192.9999999999245,540.8216150000002,540.0333333333333,788.28,1
2194,2193.999999999925,541.065104,540.2666666666667,798.44,1
2195,2194.9999999999245,541.308593,540.4,908.59,1
2196,2195.9999999999145,541.373698,540.7,673.7,1
2197,2196.999999999915,541.578776,540.9,678.78,1
2198,2197.9999999999145,541.783854,541.5,283.85,1
2199,2198.9999999999145,541.855468,541.7,155.47,1
2200,2199.9999999999145,542.075521,541.9666666666667,108.85,1
2201,2200.9999999999145,542.295573,542.0333333333333,262.24,1
2202,2201.9999999999145,542.3515620000002,542.2333333333333,118.23,1
2203,2202.9999999999145,542.52908,542.5666666666667,37.59,1
2204,2203.9999999999145,542.706597,542.7,6.6,1
2205,2204.9999999999145,542.8841150000002,542.8333333333334,50.78,1
2206,2205.999999999915,543.144315,542.9333333333333,210.98,1
2207,2206.9999999999145,543.404514,542.9333333333333,471.18,1
2208,2207.9999999999145,543.664713,543.0,664.71,1
2209,2208.999999999915,543.825358,543.0,825.36,1
2210,2209.999999999915,543.986003,543.0666666666667,919.34,1
2211,2210.999999999915,544.146647,543.3,846.65,1
2212,2211.999999999915,544.307292,543.8666666666667,440.63,1
2213,2212.999999999914,544.4921879999998,544.9,407.81,1
2214,2213.999999999914,544.658854,545.1,441.15,1
2215,2214.999999999914,544.8190099999998,545.1666666666666,347.66,1
2216,2215.999999999914,544.9726559999998,545.2,227.34,1
2217,2216.999999999913,545.160807,545.2,39.19,1
2218,2217.9999999999127,545.376628,545.2333333333333,143.29,1
2219,2218.999999999913,545.592448,545.2333333333333,359.11,1
2220,2219.999999999913,545.651042,545.2666666666667,384.38,1
2221,2220.9999999999127,545.861003,545.3,561.0,1
2222,2221.9999999999127,546.070964,545.6333333333333,437.63,1
2223,2222.999999999913,546.1471349999998,546.1,47.13,1
2224,2223.9999999999127,546.3658849999998,546.3,65.88,1
2225,2224.9999999999127,546.5846349999998,546.5,84.63,1
2226,2225.9999999999127,546.6315099999998,546.5333333333333,98.18,1
2227,2226.9999999999127,546.802951,546.5666666666667,236.28,1
2228,2227.9999999999127,546.974392,546.5666666666667,407.73,1
2229,2228.9999999999127,547.145833,546.8,345.83,1
2230,2229.999999999913,547.357639,547.0,357.64,1
2231,2230.999999999913,547.5694440000002,547.0,569.44,1
2232,2231.999999999913,547.78125,547.0666666666667,714.58,1
2233,2232.999999999913,547.944661,547.0666666666667,877.99,1
2234,2233.999999999914,548.108073,547.5,608.07,1
2235,2234.999999999913,548.271484,547.6333333333333,638.15,1
2236,2235.999999999913,548.434896,548.0,434.9,1
2237,2236.9999999999127,548.630208,549.1333333333333,503.13,1
2238,2237.9999999999127,548.799479,549.1333333333333,333.85,1
2239,2238.999999999912,548.955729,549.5666666666667,610.94,1
2240,2239.999999999912,549.102214,549.6,497.79,1
2241,2240.999999999912,549.25,549.6,350.0,1
2242,2241.9999999999063,549.424805,549.6333333333333,208.53,1
2243,2242.9999999999063,549.599609,549.6333333333333,33.72,1
2244,2243.9999999999063,549.796875,549.6666666666666,130.21,1
2245,2244.9999999999063,549.948567,549.7,248.57,1
2246,2245.9999999999063,550.1002599999998,549.7,400.26,1
2247,2246.9999999999063,550.282552,549.8333333333334,449.22,1
2248,2247.9999999999063,550.417318,550.9,482.68,1
2249,2248.9999999999063,550.552083,550.9333333333333,381.25,1
2250,2249.999999999906,550.7122400000002,551.2666666666667,554.43,1
2251,2250.9999999999063,550.858724,551.2666666666667,407.94,1
2252,2251.9999999999063,551.005208,551.3,294.79,1
2253,2252.999999999906,551.1809900000002,551.3333333333334,152.34,1
2254,2253.9999999999063,551.318685,551.3333333333334,14.65,1
2255,2254.9999999999063,551.45638,551.3666666666667,89.71,1
2256,2255.999999999906,551.673177,551.3666666666667,306.51,1
2257,2256.9999999999063,551.839518,551.4333333333333,406.18,1
2258,2257.999999999906,552.005859,551.5333333333333,472.53,1
2259,2258.999999999906,552.240234,551.5666666666667,673.57,1
2260,2259.999999999906,552.4127599999998,551.7333333333333,679.43,1
2261,2260.999999999906,552.585286,551.9666666666667,618.62,1
2262,2261.999999999906,552.927734,552.2333333333333,694.4,1
2263,2262.9999999999063,553.249349,552.4,849.35,1
2264,2263.999999999906,553.570964,552.5333333333333,1037.63,1
2265,2264.999999999906,554.1757809999998,552.9333333333333,1242.45,1
2266,2265.999999999906,554.438151,552.9666666666667,1471.48,1
2267,2266.999999999905,554.579427,553.1333333333333,1446.09,1
2268,2267.9999999999045,554.730468,554.2,530.47,1
2269,2268.9999999999045,554.858073,554.4333333333333,424.74,1
2270,2269.9999999999036,555.002604,554.5333333333333,469.27,1
2271,2270.9999999999036,555.1328120000002,555.0666666666667,66.15,1
2272,2271.999999999903,555.2773440000002,555.1,177.34,1
2273,2272.9999999999022,555.457032,555.6666666666666,209.63,1
2274,2273.9999999999027,555.578776,555.7333333333333,154.56,1
2275,2274.9999999999022,555.82194,555.7666666666667,55.27,1
2276,2275.9999999999022,556.065104,555.7666666666667,298.44,1
2277,2276.9999999999022,556.5078120000002,555.8,707.81,1
2278,2277.9999999999022,556.847006,555.8,1047.01,1
2279,2278.9999999999013,556.971354,556.0666666666667,904.69,1
2280,2279.9999999999004,557.114583,556.2666666666667,847.92,1
2281,2280.9999999999004,557.2408849999998,556.9,340.88,1
2282,2281.9999999999,557.377604,556.9666666666667,410.94,1
2283,2282.999999999899,557.497396,557.4333333333333,64.06,1
2284,2283.9999999998986,557.649089,557.4666666666667,182.42,1
2285,2284.999999999898,557.761068,557.8,38.93,1
2286,2285.999999999898,557.916016,557.9,16.02,1
2287,2286.9999999998986,558.075847,557.9,175.85,1
2288,2287.999999999898,558.235677,558.2,35.68,1
2289,2288.999999999898,558.3971349999998,558.2,197.13,1
2290,2289.999999999898,558.505208,558.2333333333333,271.87,1
2291,2290.9999999998986,558.625,558.2666666666667,358.33,1
2292,2291.999999999898,558.757161,558.2666666666667,490.49,1
2293,2292.999999999892,558.879558,558.3333333333334,546.22,1
2294,2293.999999999892,559.0039059999998,558.6333333333333,370.57,1
2295,2294.9999999998927,559.130208,558.6333333333333,496.87,1
2296,2295.9999999998918,559.2539059999998,558.7666666666667,487.24,1
2297,2296.999999999892,559.364583,558.9666666666667,397.92,1
2298,2297.999999999892,559.479167,559.2666666666667,212.5,1
2299,2298.999999999892,559.593099,559.4333333333333,159.77,1
2300,2299.9999999998918,559.719401,559.4333333333333,286.07,1
2301,2300.9999999998918,559.8346349999998,559.4666666666667,367.97,1
2302,2301.9999999998913,559.954427,559.5,454.43,1
2303,2302.9999999998913,560.0716150000002,559.7,371.62,1
2304,2303.9999999998913,560.167318,559.8,367.32,1
2305,2304.9999999998913,560.295573,559.9666666666667,328.91,1
2306,2305.9999999998913,560.4238280000002,560.0,423.83,1
2307,2306.999999999891,560.5403650000002,560.1333333333333,407.03,1
2308,2307.999999999891,560.654948,560.2,454.95,1
2309,2308.999999999891,560.7773440000002,560.6666666666666,110.68,1
2310,2309.999999999891,560.8867190000002,560.7333333333333,153.39,1
2311,2310.999999999891,560.997396,560.9,97.4,1
2312,2311.9999999998913,561.109375,560.9666666666667,142.71,1
2313,2312.9999999998913,561.252604,561.0333333333333,219.27,1
2314,2313.9999999998913,561.392361,561.1333333333333,259.03,1
2315,2314.9999999998913,561.532118,561.1333333333333,398.78,1
2316,2315.999999999891,561.671875,561.4333333333333,238.54,1
2317,2316.999999999891,561.8194440000002,561.6333333333333,186.11,1
2318,2317.999999999891,561.967014,561.7,267.01,1
2319,2318.999999999891,562.114583,561.7,414.58,1
2320,2319.9999999998913,562.269097,561.8,469.1,1
2321,2320.9999999998927,562.423611,561.8666666666667,556.94,1
2322,2321.9999999998913,562.578125,561.9333333333333,644.79,1
2323,2322.9999999998913,562.757378,562.4,357.38,1
2324,2323.9999999998927,562.936632,562.5333333333333,403.3,1
2325,2324.9999999998913,563.1158849999998,562.5666666666667,549.22,1
2326,2325.9999999998918,563.274088,562.6333333333333,640.75,1
2327,2326.9999999998913,563.432291,562.6666666666666,765.62,1
2328,2327.9999999998913,563.590494,562.9,690.49,1
2329,2328.999999999891,563.748698,562.9,848.7,1
2330,2329.9999999998913,563.906901,563.2,706.9,1
2331,2330.99999999989,564.065104,563.2333333333333,831.77,1
2332,2331.999999999891,564.175998,563.3666666666667,809.33,1
2333,2332.9999999998913,564.286892,563.4,886.89,1
2334,2333.999999999891,564.397786,563.4333333333333,964.45,1
2335,2334.999999999891,564.5086809999998,563.4333333333333,1075.35,1
2336,2335.9999999998913,564.619575,564.0,619.58,1
2337,2336.999999999891,564.7304690000002,564.0333333333333,697.14,1
