beat_idx,gt_beat,gt_time_s,pred_time_s,err_ms,ok
0,0.0,1.0,0.0,1000.0,1
1,1.0000000000000002,1.18724,0.0,1187.24,1
2,2.0000000000000004,1.37448,0.03333333333333333,1341.15,1
3,3.000000000000001,1.563021,0.06666666666666667,1496.35,1
4,4.000000000000001,1.747135,0.1,1647.13,1
5,5.000000000000001,1.93125,0.1,1831.25,1
6,6.000000000000001,2.157292,0.13333333333333333,2023.96,1
7,7.0,2.33507,0.13333333333333333,2201.74,1
8,8.000000000000002,2.5128470000000003,0.16666666666666666,2346.18,1
9,9.000000000000002,2.690625,0.2,2490.62,1
10,10.000000000000002,2.868403,0.2,2668.4,1
11,11.000000000000004,3.04618,0.23333333333333334,2812.85,1
12,12.000000000000004,3.223958,0.26666666666666666,2957.29,1
13,13.000000000000004,3.425521,0.26666666666666666,3158.85,1
14,14.000000000000002,3.627083,0.3,3327.08,1
15,15.000000000000002,3.828646,0.3333333333333333,3495.31,1
16,16.000000000000004,4.01224,0.3333333333333333,3678.91,1
17,17.000000000000004,4.195833,0.9666666666666667,3229.17,1
18,18.000000000000004,4.379427,1.0,3379.43,1
19,19.0,4.563021,1.0,3563.02,1
20,20.0,4.746614,1.0333333333333334,3713.28,1
21,21.000000000000004,4.930208,1.0333333333333334,3896.87,1
22,22.000000000000004,5.096875,1.0666666666666667,4030.21,1
23,23.000000000000007,5.263542,1.1,4163.54,1
24,24.000000000000018,5.50625,1.1,4406.25,1
25,25.000000000000007,5.720052,1.1333333333333333,4586.72,1
26,26.000000000000007,5.933854,1.1666666666666667,4767.19,1
27,27.000000000000014,6.126563,1.1666666666666667,4959.9,1
28,28.00000000000001,6.321354,1.2,5121.35,1
29,29.000000000000025,6.516146,1.2,5316.15,1
30,30.000000000000018,6.722396000000002,1.2333333333333334,5489.06,1
31,31.000000000000018,6.948003999999999,1.2666666666666666,5681.34,1
32,32.00000000000002,7.173611,1.2666666666666666,5906.94,1
33,33.00000000000002,7.399219,1.3,6099.22,1
34,34.00000000000002,7.624827000000002,1.3333333333333333,6291.49,1
35,35.00000000000002,7.850434,1.3333333333333333,6517.1,1
36,36.00000000000002,8.076042,1.4666666666666666,6609.38,1
37,37.00000000000002,8.315625,1.4666666666666666,6848.96,1
38,38.00000000000002,8.555208,1.5,7055.21,1
39,39.000000000000036,8.794791,1.5333333333333334,7261.46,1
40,40.00000000000002,8.987153,1.5333333333333334,7453.82,1
41,41.00000000000002,9.179514,1.5666666666666667,7612.85,1
42,42.00000000000002,9.371875,1.5666666666666667,7805.21,1
43,43.00000000000002,9.564236,1.6,7964.24,1
44,44.00000000000003,9.756597,1.6333333333333333,8123.26,1
45,45.00000000000003,9.948958,1.6333333333333333,8315.62,1
46,46.00000000000002,10.109635,1.6666666666666667,8442.97,1
47,47.000000000000036,10.270312,1.7,8570.31,1
48,48.000000000000036,10.509375,1.7,8809.38,1
49,49.000000000000036,10.6625,1.7333333333333334,8929.17,1
50,50.000000000000036,10.815625,1.7333333333333334,9082.29,1
51,51.000000000000036,10.96875,1.7666666666666666,9202.08,1
52,52.000000000000036,11.122569,1.8,9322.57,1
53,53.00000000000003,11.276389,1.8,9476.39,1
54,54.000000000000036,11.430208,1.8333333333333333,9596.87,1
55,55.00000000000003,11.600521,1.8666666666666667,9733.85,1
56,56.00000000000002,11.770833,1.9,9870.83,1
57,57.00000000000003,11.941145,2.6666666666666665,9274.48,1
58,58.00000000000003,12.198363,2.8333333333333335,9365.03,1
59,59.00000000000003,12.45558,3.2333333333333334,9222.25,1
60,60.00000000000003,12.712797,3.433333333333333,9279.46,1
61,61.00000000000002,12.970015,3.466666666666667,9503.35,1
62,62.00000000000003,13.227232,3.5,9727.23,1
63,63.00000000000003,13.484449,3.5,9984.45,1
64,64.00000000000003,13.741667,3.533333333333333,10208.33,1
65,65.00000000000003,13.948073,3.566666666666667,10381.41,1
66,66.00000000000003,14.154479,3.8,10354.48,1
67,67.00000000000003,14.360885,4.0,10360.89,1
68,68.00000000000003,14.567292000000002,4.2,10367.29,1
69,69.00000000000003,14.773698,4.4,10373.7,1
70,70.00000000000003,14.980104,4.4,10580.1,1
71,71.00000000000003,15.18651,4.433333333333334,10753.18,1
72,72.00000000000003,15.392917,4.433333333333334,10959.58,1
73,73.00000000000003,15.599323000000002,4.466666666666667,11132.66,1
74,74.00000000000003,15.805729,4.5,11305.73,1
75,75.00000000000004,15.977604,4.5,11477.6,1
76,76.00000000000003,16.166667,4.533333333333333,11633.33,1
77,77.00000000000003,16.355729999999998,4.566666666666666,11789.06,1
78,78.00000000000003,16.567188,4.566666666666666,12000.52,1
79,79.00000000000004,16.807551999999998,4.6,12207.55,1
80,80.00000000000003,17.047917,4.6,12447.92,1
81,81.00000000000003,17.288281,4.633333333333334,12654.95,1
82,82.00000000000003,17.528646,4.666666666666667,12861.98,1
83,83.00000000000004,17.76901,4.666666666666667,13102.34,1
84,84.00000000000003,18.009375,4.7,13309.38,1
85,85.00000000000004,18.239062,4.733333333333333,13505.73,1
86,86.00000000000004,18.46875,4.733333333333333,13735.42,1
87,87.00000000000006,18.698438,4.766666666666667,13931.77,1
88,88.00000000000004,18.887292,4.766666666666667,14120.63,1
89,89.00000000000004,19.076146,4.8,14276.15,1
90,90.00000000000004,19.265,4.833333333333333,14431.67,1
91,91.00000000000004,19.453854,4.833333333333333,14620.52,1
92,92.00000000000006,19.642708,4.866666666666666,14776.04,1
93,93.00000000000007,19.85625,4.9,14956.25,1
94,94.00000000000006,20.022917,4.9,15122.92,1
95,95.00000000000007,20.189583,5.133333333333334,15056.25,1
96,96.0000000000001,20.4375,5.233333333333333,15204.17,1
97,97.00000000000007,20.658854,5.233333333333333,15425.52,1
98,98.00000000000009,20.880208,5.466666666666667,15413.54,1
99,99.00000000000009,21.064062,5.5,15564.06,1
100,100.00000000000009,21.269531,5.5,15769.53,1
101,101.00000000000013,21.475,5.533333333333333,15941.67,1
102,102.00000000000009,21.676042,5.533333333333333,16142.71,1
103,103.0000000000001,21.924306,5.566666666666666,16357.64,1
104,104.0000000000001,22.17257,5.633333333333334,16539.24,1
105,105.00000000000009,22.420834,6.833333333333333,15587.5,1
106,106.00000000000009,22.669097,6.833333333333333,15835.76,1
107,107.00000000000009,22.917361,8.066666666666666,14850.69,1
108,108.0000000000001,23.165625,8.2,14965.62,1
109,109.0000000000001,23.417361,8.2,15217.36,1
110,110.0000000000001,23.669097,8.433333333333334,15235.76,1
111,111.00000000000017,23.920833,8.466666666666667,15454.17,1
112,112.0000000000001,24.104861,8.466666666666667,15638.19,1
113,113.00000000000013,24.288889,8.5,15788.89,1
114,114.00000000000013,24.472917,8.566666666666666,15906.25,1
115,115.0000000000001,24.656944,8.733333333333333,15923.61,1
116,116.0000000000001,24.840972,8.933333333333334,15907.64,1
117,117.0000000000001,25.025,9.233333333333333,15791.67,1
118,118.00000000000013,25.188021,9.433333333333334,15754.69,1
119,119.00000000000013,25.351042,9.633333333333333,15717.71,1
120,120.00000000000013,25.60625,9.766666666666667,15839.58,1
121,121.00000000000014,25.758333,9.833333333333334,15925.0,1
122,122.00000000000013,25.910417,9.933333333333334,15977.08,1
123,123.00000000000014,26.0625,10.133333333333333,15929.17,1
124,124.00000000000014,26.211458,10.4,15811.46,1
125,125.00000000000014,26.360417,10.466666666666667,15893.75,1
126,126.0000000000002,26.509375,10.5,16009.37,1
127,127.00000000000014,26.690972,10.533333333333333,16157.64,1
128,128.00000000000014,26.87257,12.233333333333333,14639.24,1
129,129.00000000000014,27.054167,12.466666666666667,14587.5,1
130,130.00000000000014,27.315179,12.633333333333333,14681.85,1
131,131.00000000000014,27.576191,12.8,14776.19,1
132,132.00000000000014,27.837203,13.133333333333333,14703.87,1
133,133.00000000000014,28.098214,13.3,14798.21,1
134,134.00000000000014,28.359226,13.5,14859.23,1
135,135.00000000000014,28.620238,13.7,14920.24,1
136,136.0000000000002,28.88125,13.9,14981.25,1
137,137.00000000000014,29.039844,14.3,14739.84,1
138,138.00000000000014,29.198438,14.566666666666666,14631.77,1
139,139.00000000000014,29.357031,14.766666666666667,14590.36,1
140,140.00000000000014,29.515625,15.166666666666666,14348.96,1
141,141.00000000000014,29.674219,15.866666666666667,13807.55,1
142,142.00000000000014,29.832812,15.866666666666667,13966.15,1
143,143.00000000000014,29.991406,15.9,14091.41,1
144,144.00000000000014,30.15,15.9,14250.0,1
145,145.00000000000014,30.333854,15.933333333333334,14400.52,1
146,146.0000000000002,30.517709000000004,15.966666666666667,14551.04,1
147,147.00000000000014,30.696875,15.966666666666667,14730.21,1
148,148.00000000000014,30.886458,16.133333333333333,14753.12,1
149,149.00000000000017,31.028125,16.366666666666667,14661.46,1
150,150.0000000000002,31.207292,16.466666666666665,14740.63,1
151,151.00000000000028,31.3875,16.5,14887.5,1
152,152.00000000000026,31.565625,16.7,14865.63,1
153,153.00000000000028,31.753125,16.8,14953.12,1
154,154.00000000000028,31.953819,16.8,15153.82,1
155,155.00000000000028,32.154514,17.333333333333332,14821.18,1
156,156.00000000000034,32.355208000000005,17.466666666666665,14888.54,1
157,157.00000000000028,32.555208,17.9,14655.21,1
158,158.00000000000034,32.708333,17.9,14808.33,1
159,159.00000000000034,32.866146,17.933333333333334,14932.81,1
160,160.00000000000034,33.04375,17.933333333333334,15110.42,1
161,161.00000000000034,33.2125,17.966666666666665,15245.83,1
162,162.00000000000034,33.360417,18.033333333333335,15327.08,1
163,163.00000000000034,33.525,18.066666666666666,15458.33,1
164,164.00000000000034,33.698958000000005,18.366666666666667,15332.29,1
165,165.00000000000028,33.918229,18.7,15218.23,1
166,166.0000000000003,34.159375,18.966666666666665,15192.71,1
167,167.00000000000034,34.396875,19.133333333333333,15263.54,1
168,168.00000000000028,34.741667,19.366666666666667,15375.0,1
169,169.00000000000028,34.944531,20.833333333333332,14111.2,1
170,170.00000000000028,35.147396,21.066666666666666,14080.73,1
171,171.0000000000003,35.313021,21.066666666666666,14246.35,1
172,172.00000000000037,35.507292,21.1,14407.29,1
173,173.00000000000028,35.630208,21.1,14530.21,1
174,174.00000000000028,35.804167,21.133333333333333,14670.83,1
175,175.00000000000026,35.996875,21.166666666666668,14830.21,1
176,176.00000000000026,36.176042,21.166666666666668,15009.38,1
177,177.00000000000028,36.358333,22.133333333333333,14225.0,1
178,178.0000000000002,36.528819,22.166666666666668,14362.15,1
179,179.00000000000017,36.699306,22.2,14499.31,1
180,180.0000000000002,36.869792,22.2,14669.79,1
181,181.0000000000002,37.07395800000001,22.233333333333334,14840.62,1
182,182.00000000000026,37.24583300000001,22.266666666666666,14979.17,1
183,183.00000000000017,37.391667,22.266666666666666,15125.0,1
184,184.00000000000014,37.559375,22.3,15259.38,1
185,185.00000000000014,37.734375,22.3,15434.38,1
186,186.00000000000017,37.926041,22.333333333333332,15592.71,1
187,187.0000000000002,38.127083,22.366666666666667,15760.42,1
188,188.00000000000014,38.330208,22.366666666666667,15963.54,1
189,189.0000000000001,38.56875,22.4,16168.75,1
190,190.0000000000001,38.817708,22.4,16417.71,1
191,191.0000000000001,39.06875,22.433333333333334,16635.42,1
192,192.00000000000017,39.583333,22.466666666666665,17116.67,1
193,193.00000000000017,39.955208,22.466666666666665,17488.54,1
194,194.00000000000017,40.15625,22.5,17656.25,1
195,195.00000000000017,40.378125,22.533333333333335,17844.79,1
196,196.00000000000017,40.592709,22.566666666666666,18026.04,1
197,197.00000000000017,40.813542,22.9,17913.54,1
198,198.0000000000002,41.045833,23.1,17945.83,1
199,199.0000000000002,41.2625,23.3,17962.5,1
200,200.00000000000017,41.44375,23.5,17943.75,1
201,201.00000000000017,41.801042,23.7,18101.04,1
202,202.00000000000014,42.145833,23.9,18245.83,1
203,203.00000000000017,42.319792,24.1,18219.79,1
204,204.00000000000017,42.532291,24.3,18232.29,1
205,205.00000000000017,42.758333,24.5,18258.33,1
206,206.00000000000017,42.952084,25.0,17952.08,1
207,207.00000000000017,43.16875,25.2,17968.75,1
208,208.00000000000017,43.397396,25.433333333333334,17964.06,1
209,209.00000000000017,43.584375,25.5,18084.38,1
210,210.00000000000017,43.802604,25.533333333333335,18269.27,1
211,211.00000000000017,43.94895800000001,28.766666666666666,15182.29,1
212,212.00000000000017,44.158333,30.666666666666668,13491.67,1
213,213.0000000000002,44.392708,30.7,13692.71,1
214,214.00000000000017,44.583333,30.733333333333334,13850.0,1
215,215.0000000000002,44.729167,30.966666666666665,13762.5,1
216,216.0000000000002,44.935938,31.366666666666667,13569.27,1
217,217.0000000000002,45.223958,31.433333333333334,13790.62,1
218,218.0000000000002,45.441667,31.466666666666665,13975.0,1
219,219.0000000000002,45.805208,31.466666666666665,14338.54,1
220,220.0000000000002,45.831771,31.566666666666666,14265.1,1
221,221.00000000000028,46.052605,31.566666666666666,14485.94,1
222,222.0000000000003,46.38645800000001,31.633333333333333,14753.12,1
223,223.0000000000003,46.609375,31.633333333333333,14976.04,1
224,224.0000000000003,46.798958,31.666666666666668,15132.29,1
225,225.0000000000003,47.122917,32.333333333333336,14789.58,1
226,226.0000000000003,47.407292,32.333333333333336,15073.96,1
227,227.0000000000003,47.579688,32.36666666666667,15213.02,1
228,228.0000000000003,47.752084,32.4,15352.08,1
229,229.0000000000003,47.996875,32.666666666666664,15330.21,1
230,230.0000000000003,48.192709,32.9,15292.71,1
231,231.0000000000003,48.413021,33.13333333333333,15279.69,1
232,232.0000000000003,48.632292,33.333333333333336,15298.96,1
233,233.00000000000034,48.794792,33.63333333333333,15161.46,1
234,234.00000000000037,49.051042,33.86666666666667,15184.38,1
235,235.00000000000037,49.228125,34.333333333333336,14894.79,1
236,236.00000000000037,49.414583,34.4,15014.58,1
237,237.00000000000037,49.618229,34.4,15218.23,1
238,238.00000000000037,49.848958,34.93333333333333,14915.62,1
239,239.00000000000037,50.064584,35.13333333333333,14931.25,1
240,240.00000000000037,50.464584,35.333333333333336,15131.25,1
241,241.00000000000037,50.87083300000001,35.5,15370.83,1
242,242.0000000000003,51.054167,35.5,15554.17,1
243,243.0000000000003,51.290625,35.53333333333333,15757.29,1
244,244.00000000000034,51.566146,35.53333333333333,16032.81,1
245,245.0000000000003,51.828125,35.56666666666667,16261.46,1
246,246.00000000000034,52.180208,35.6,16580.21,1
247,247.00000000000037,52.390625,35.6,16790.62,1
248,248.00000000000037,52.607292,35.63333333333333,16973.96,1
249,249.00000000000037,52.833333,35.666666666666664,17166.67,1
250,250.0000000000004,53.028125,35.666666666666664,17361.46,1
251,251.00000000000037,53.27291700000001,35.733333333333334,17539.58,1
252,252.0000000000004,53.497396,35.93333333333333,17564.06,1
253,253.00000000000037,53.697917,36.46666666666667,17231.25,1
254,254.0000000000004,53.889063,36.5,17389.06,1
255,255.00000000000037,54.088542,36.9,17188.54,1
256,256.0000000000004,54.293229,37.1,17193.23,1
257,257.00000000000034,54.49375,37.266666666666666,17227.08,1
258,258.00000000000045,54.750521,37.266666666666666,17483.85,1
259,259.0000000000004,54.99270799999999,37.93333333333333,17059.37,1
260,260.0000000000004,55.171875,38.06666666666667,17105.21,1
261,261.00000000000045,55.3875,38.06666666666667,17320.83,1
262,262.0000000000004,55.630208,38.13333333333333,17496.87,1
263,263.00000000000045,55.909375,38.333333333333336,17576.04,1
264,264.00000000000045,56.325,38.53333333333333,17791.67,1
265,265.0000000000004,56.64375,38.6,18043.75,1
266,266.0000000000004,56.845833,38.666666666666664,18179.17,1
267,267.00000000000045,57.152604,38.833333333333336,18319.27,1
268,268.00000000000045,57.463542,39.166666666666664,18296.88,1
269,269.00000000000045,57.661979,39.166666666666664,18495.31,1
270,270.00000000000045,57.951042,40.03333333333333,17917.71,1
271,271.0000000000004,58.21875,40.2,18018.75,1
272,272.0000000000004,58.41458299999999,40.2,18214.58,1
273,273.00000000000045,58.64791700000001,40.233333333333334,18414.58,1
274,274.0000000000004,58.88177099999999,40.266666666666666,18615.1,1
275,275.0000000000005,59.084375,42.43333333333333,16651.04,1
276,276.0000000000005,59.323437,45.53333333333333,13790.1,1
277,277.0000000000005,59.590105,45.53333333333333,14056.77,1
278,278.0000000000005,59.776562,46.0,13776.56,1
279,279.0000000000005,60.05573,46.03333333333333,14022.4,1
280,280.0000000000005,60.24948000000001,46.03333333333333,14216.15,1
281,281.0000000000005,60.428125,46.166666666666664,14261.46,1
282,282.0000000000005,60.718229,46.3,14418.23,1
283,283.0000000000005,60.971875,46.333333333333336,14638.54,1
284,284.0000000000005,61.24166700000001,46.36666666666667,14875.0,1
285,285.0000000000005,61.417708,46.9,14517.71,1
286,286.0000000000004,61.723958,46.96666666666667,14757.29,1
287,287.0000000000005,62.019792,46.96666666666667,15053.13,1
288,288.0000000000004,62.4,47.1,15300.0,1
289,289.0000000000005,62.675,47.13333333333333,15541.67,1
290,290.0000000000005,62.8875,47.166666666666664,15720.83,1
291,291.0000000000005,63.119792,47.233333333333334,15886.46,1
292,292.0000000000005,63.377083,47.266666666666666,16110.42,1
293,293.00000000000057,63.608333,47.266666666666666,16341.67,1
294,294.0000000000005,63.921875,47.7,16221.87,1
295,295.00000000000057,64.086458,47.7,16386.46,1
296,296.0000000000005,64.271875,47.766666666666666,16505.21,1
297,297.00000000000057,64.514583,47.8,16714.58,1
298,298.0000000000005,64.71875,47.8,16918.75,1
299,299.00000000000057,64.946875,47.833333333333336,17113.54,1
300,300.0000000000005,65.196354,47.833333333333336,17363.02,1
301,301.00000000000057,65.373958,47.86666666666667,17507.29,1
302,302.0000000000005,65.6,48.266666666666666,17333.33,1
303,303.00000000000057,65.854167,48.5,17354.17,1
304,304.00000000000057,66.040625,48.666666666666664,17373.96,1
305,305.0000000000006,66.216667,48.8,17416.67,1
306,306.00000000000057,66.51875,48.8,17718.75,1
307,307.0000000000006,66.73125,48.833333333333336,17897.92,1
308,308.0000000000006,66.928125,48.86666666666667,18061.46,1
309,309.0000000000006,67.171875,48.86666666666667,18305.21,1
310,310.0000000000006,67.391667,48.9,18491.67,1
311,311.0000000000006,67.65625,48.93333333333333,18722.92,1
312,312.0000000000006,68.040104,48.93333333333333,19106.77,1
313,313.0000000000006,68.291667,48.96666666666667,19325.0,1
314,314.0000000000006,68.49583299999999,50.03333333333333,18462.5,1
315,315.0000000000006,68.804688,50.03333333333333,18771.35,1
316,316.0000000000006,69.065105,50.4,18665.11,1
317,317.0000000000006,69.265625,50.4,18865.62,1
318,318.0000000000007,69.544271,50.43333333333333,19110.94,1
319,319.0000000000007,69.757292,50.46666666666667,19290.63,1
320,320.0000000000007,69.951042,50.46666666666667,19484.38,1
321,321.0000000000007,70.195833,50.5,19695.83,1
322,322.0000000000007,70.4125,52.7,17712.5,1
323,323.0000000000007,70.603125,54.7,15903.13,1
324,324.0000000000007,70.903646,54.93333333333333,15970.31,1
325,325.00000000000057,71.110417,55.166666666666664,15943.75,1
326,326.0000000000006,71.295833,55.4,15895.83,1
327,327.0000000000007,71.627605,55.666666666666664,15960.94,1
328,328.0000000000007,71.858333,55.666666666666664,16191.67,1
329,329.0000000000007,72.023958,55.7,16323.96,1
330,330.0000000000007,72.213542,55.9,16313.54,1
331,331.0000000000006,72.397917,55.9,16497.92,1
332,332.0000000000007,72.58125,56.166666666666664,16414.58,1
333,333.0000000000007,72.82395799999998,56.666666666666664,16157.29,1
334,334.00000000000074,73.009375,56.766666666666666,16242.71,1
335,335.00000000000074,73.16198,56.96666666666667,16195.31,1
336,336.0000000000008,73.336458,57.0,16336.46,1
337,337.0000000000008,73.536458,57.03333333333333,16503.12,1
338,338.0000000000008,73.73073000000002,57.03333333333333,16697.4,1
339,339.0000000000008,74.044271,57.06666666666667,16977.6,1
340,340.00000000000085,74.28125,57.56666666666667,16714.58,1
341,341.0000000000008,74.4625,57.56666666666667,16895.83,1
342,342.00000000000085,74.671875,57.86666666666667,16805.21,1
343,343.00000000000085,74.903125,57.86666666666667,17036.46,1
344,344.0000000000009,75.067187,57.93333333333333,17133.85,1
345,345.0000000000009,75.306771,57.96666666666667,17340.1,1
346,346.0000000000009,75.526042,57.96666666666667,17559.38,1
347,347.0000000000009,75.692708,58.4,17292.71,1
348,348.00000000000097,76.009896,58.43333333333333,17576.56,1
349,349.0000000000009,76.20859399999998,58.6,17608.59,1
350,350.00000000000097,76.407292,58.733333333333334,17673.96,1
351,351.000000000001,76.608334,58.733333333333334,17875.0,1
352,352.000000000001,76.78125,58.9,17881.25,1
353,353.000000000001,76.989583,59.266666666666666,17722.92,1
354,354.0000000000011,77.208333,59.56666666666667,17641.67,1
355,355.0000000000011,77.423438,59.766666666666666,17656.77,1
356,356.0000000000011,77.638542,59.86666666666667,17771.88,1
357,357.0000000000011,77.845833,59.86666666666667,17979.17,1
358,358.00000000000114,78.03489499999998,60.03333333333333,18001.56,1
359,359.00000000000125,78.223958,60.06666666666667,18157.29,1
360,360.00000000000125,78.414583,60.733333333333334,17681.25,1
361,361.00000000000125,78.615625,61.0,17615.62,1
362,362.00000000000114,78.81666700000002,61.166666666666664,17650.0,1
363,363.0000000000013,78.998959,61.166666666666664,17832.29,1
364,364.0000000000013,79.166667,61.63333333333333,17533.33,1
365,365.0000000000013,79.377083,61.86666666666667,17510.42,1
366,366.0000000000014,79.604167,62.36666666666667,17237.5,1
367,367.0000000000014,79.817361,62.5,17317.36,1
368,368.0000000000015,80.030556,62.53333333333333,17497.22,1
369,369.0000000000014,80.24375,62.53333333333333,17710.42,1
370,370.0000000000013,80.423958,62.93333333333333,17490.62,1
371,371.00000000000165,80.64479200000002,62.93333333333333,17711.46,1
372,372.00000000000153,80.852083,63.5,17352.08,1
373,373.00000000000153,81.072916,64.36666666666666,16706.25,1
374,374.0000000000016,81.29375,64.36666666666666,16927.08,1
375,375.0000000000017,81.497396,64.53333333333333,16964.06,1
376,376.0000000000015,81.663542,64.53333333333333,17130.21,1
377,377.00000000000176,81.86354200000002,64.56666666666666,17296.88,1
378,378.0000000000017,82.047917,64.6,17447.92,1
379,379.0000000000018,82.219792,64.6,17619.79,1
380,380.00000000000176,82.422917,64.63333333333334,17789.58,1
381,381.0000000000019,82.575,64.66666666666667,17908.33,1
382,382.0000000000019,82.771875,64.66666666666667,18105.21,1
383,383.000000000002,82.973958,64.7,18273.96,1
384,384.0000000000019,83.20364599999998,64.7,18503.65,1
385,385.0000000000019,83.43802099999998,64.73333333333333,18704.69,1
386,386.0000000000019,83.67239599999998,64.76666666666667,18905.73,1
387,387.000000000002,83.90677099999998,64.76666666666667,19140.1,1
388,388.0000000000019,84.193655,64.8,19393.66,1
389,389.000000000002,84.48054,64.8,19680.54,1
390,390.0000000000019,84.767424,64.83333333333333,19934.09,1
391,391.000000000002,85.054309,64.86666666666666,20187.64,1
392,392.0000000000019,85.341193,64.86666666666666,20474.53,1
393,393.0000000000019,85.628078,64.9,20728.08,1
394,394.0000000000019,85.914962,65.16666666666667,20748.3,1
395,395.0000000000018,86.201847,65.16666666666667,21035.18,1
396,396.0000000000019,86.488731,65.2,21288.73,1
397,397.00000000000193,86.775616,65.2,21575.62,1
398,398.000000000002,87.0625,65.46666666666667,21595.83,1
399,399.0000000000018,87.233334,65.8,21433.33,1
400,400.000000000002,87.440365,66.0,21440.37,1
401,401.0000000000018,87.647396,66.2,21447.4,1
402,402.00000000000205,87.84323,66.4,21443.23,1
403,403.00000000000205,88.081163,66.56666666666666,21514.5,1
404,404.000000000002,88.319097,66.56666666666666,21752.43,1
405,405.00000000000205,88.55703100000002,66.76666666666667,21790.36,1
406,406.000000000002,88.794965,72.26666666666667,16528.3,1
407,407.0000000000019,89.032899,72.26666666666667,16766.23,1
408,408.0000000000021,89.270833,72.86666666666666,16404.17,1
409,409.00000000000205,89.507118,72.86666666666666,16640.45,1
410,410.000000000002,89.743403,72.9,16843.4,1
411,411.00000000000205,89.979687,72.93333333333334,17046.35,1
412,412.000000000002,90.163542,72.93333333333334,17230.21,1
413,413.0000000000019,90.347396,72.96666666666667,17380.73,1
414,414.00000000000216,90.53125,73.0,17531.25,1
415,415.00000000000205,90.715104,73.0,17715.1,1
416,416.000000000002,90.898958,73.03333333333333,17865.62,1
417,417.00000000000205,91.082813,73.63333333333334,17449.48,1
418,418.000000000002,91.245573,73.63333333333334,17612.24,1
419,419.00000000000205,91.408333,73.8,17608.33,1
420,420.00000000000205,91.6625,74.13333333333334,17529.17,1
421,421.0000000000021,91.888021,74.13333333333334,17754.69,1
422,422.00000000000216,92.113542,74.86666666666666,17246.88,1
423,423.0000000000021,92.318229,74.86666666666666,17451.56,1
424,424.0000000000021,92.527083,75.7,16827.08,1
425,425.00000000000216,92.735938,75.93333333333334,16802.6,1
426,426.00000000000233,92.948958,76.03333333333333,16915.62,1
427,427.00000000000216,93.183854,76.13333333333334,17050.52,1
428,428.00000000000233,93.41875,76.86666666666666,16552.08,1
429,429.00000000000216,93.653645,76.93333333333334,16720.31,1
430,430.0000000000021,93.888541,77.06666666666666,16821.87,1
431,431.00000000000216,94.123437,77.06666666666666,17056.77,1
432,432.00000000000233,94.358333,77.16666666666667,17191.67,1
433,433.00000000000216,94.590625,77.4,17190.62,1
434,434.00000000000233,94.822916,77.6,17222.92,1
435,435.00000000000216,95.055208,77.93333333333334,17121.87,1
436,436.00000000000216,95.256423,78.13333333333334,17123.09,1
437,437.00000000000216,95.457639,78.33333333333333,17124.31,1
438,438.00000000000205,95.658854,78.33333333333333,17325.52,1
439,439.00000000000216,95.860069,78.36666666666666,17493.4,1
440,440.0000000000022,96.061285,78.36666666666666,17694.62,1
441,441.00000000000233,96.2625,78.56666666666666,17695.83,1
442,442.0000000000022,96.567361,78.56666666666666,18000.69,1
443,443.0000000000022,96.872222,78.9,17972.22,1
444,444.0000000000021,97.177083,78.93333333333334,18243.75,1
445,445.0000000000022,97.323611,78.93333333333334,18390.28,1
446,446.00000000000233,97.470139,78.96666666666667,18503.47,1
447,447.00000000000233,97.616667,78.96666666666667,18650.0,1
448,448.00000000000233,97.770834,79.0,18770.83,1
449,449.0000000000022,97.925,79.03333333333333,18891.67,1
450,450.0000000000021,98.079167,79.03333333333333,19045.83,1
451,451.0000000000022,98.25816,80.4,17858.16,1
452,452.0000000000022,98.437153,80.63333333333334,17803.82,1
453,453.0000000000025,98.616146,80.83333333333333,17782.81,1
454,454.00000000000233,98.838839,83.73333333333333,15105.51,1
455,455.0000000000022,99.061533,84.0,15061.53,1
456,456.00000000000233,99.284226,86.3,12984.23,1
457,457.0000000000022,99.50692,86.53333333333333,12973.59,1
458,458.00000000000233,99.729613,86.53333333333333,13196.28,1
459,459.0000000000022,99.952307,86.56666666666666,13385.64,1
460,460.00000000000233,100.175,86.56666666666666,13608.33,1
461,461.0000000000022,100.39651,86.63333333333334,13763.18,1
462,462.00000000000233,100.618021,87.13333333333334,13484.69,1
463,463.0000000000022,100.839531,87.26666666666667,13572.86,1
464,464.00000000000233,101.061042,87.26666666666667,13794.38,1
465,465.00000000000233,101.282552,87.46666666666667,13815.89,1
466,466.00000000000233,101.504062,87.66666666666667,13837.4,1
467,467.0000000000022,101.725573,87.7,14025.57,1
468,468.00000000000233,101.947083,87.83333333333333,14113.75,1
469,469.0000000000022,102.168594,87.83333333333333,14335.26,1
470,470.00000000000233,102.390104,87.86666666666666,14523.44,1
471,471.0000000000024,102.573959,87.9,14673.96,1
472,472.0000000000024,102.778125,87.9,14878.12,1
473,473.00000000000233,102.982292,87.93333333333334,15048.96,1
474,474.0000000000024,103.20573,87.93333333333334,15272.4,1
475,475.0000000000024,103.437761,87.96666666666667,15471.09,1
476,476.0000000000024,103.669792,88.03333333333333,15636.46,1
477,477.00000000000244,103.901823,88.43333333333334,15468.49,1
478,478.0000000000024,104.133854,88.6,15533.85,1
479,479.0000000000024,104.365886,88.66666666666667,15699.22,1
480,480.0000000000024,104.597917,88.7,15897.92,1
481,481.00000000000233,104.828473,88.7,16128.47,1
482,482.0000000000024,105.059028,88.93333333333334,16125.69,1
483,483.00000000000244,105.289584,89.23333333333333,16056.25,1
484,484.0000000000024,105.485625,89.43333333333334,16052.29,1
485,485.00000000000244,105.681667,89.63333333333334,16048.33,1
486,486.00000000000244,105.877709,89.86666666666666,16011.04,1
487,487.0000000000024,106.07375,89.9,16173.75,1
488,488.00000000000244,106.269792,90.26666666666667,16003.13,1
489,489.0000000000025,106.516667,90.46666666666667,16050.0,1
490,490.00000000000244,106.679427,90.53333333333333,16146.09,1
491,491.0000000000025,106.842187,90.56666666666666,16275.52,1
492,492.0000000000025,107.1,91.06666666666666,16033.33,1
493,493.00000000000256,107.321094,91.16666666666667,16154.43,1
494,494.0000000000025,107.542187,91.16666666666667,16375.52,1
495,495.00000000000256,107.726041,92.3,15426.04,1
496,496.0000000000027,107.928385,92.3,15628.39,1
497,497.00000000000256,108.130729,92.53333333333333,15597.4,1
498,498.00000000000256,108.356771,92.56666666666666,15790.1,1
499,499.0000000000027,108.581163,92.56666666666666,16014.5,1
500,500.0000000000026,108.805556,92.6,16205.56,1
501,501.00000000000256,109.029948,93.73333333333333,15296.61,1
502,502.0000000000027,109.25433999999998,93.83333333333333,15421.01,1
503,503.0000000000026,109.478733,94.46666666666667,15012.07,1
504,504.00000000000256,109.703125,94.6,15103.13,1
505,505.0000000000026,109.952083,95.13333333333334,14818.75,1
506,506.0000000000026,110.201042,95.13333333333334,15067.71,1
507,507.00000000000273,110.45,95.2,15250.0,1
508,508.0000000000027,110.637847,95.23333333333333,15404.51,1
509,509.0000000000027,110.825694,95.23333333333333,15592.36,1
510,510.0000000000026,111.013542,95.26666666666667,15746.88,1
511,511.0000000000027,111.201389,95.3,15901.39,1
512,512.0000000000026,111.389236,95.4,15989.24,1
513,513.0000000000026,111.577083,95.53333333333333,16043.75,1
514,514.0000000000026,111.832812,95.8,16032.81,1
515,515.0000000000026,112.088542,95.86666666666666,16221.88,1
516,516.0000000000026,112.344271,96.7,15644.27,1
517,517.0000000000026,112.485764,96.7,15785.76,1
518,518.0000000000026,112.627257,96.73333333333333,15893.92,1
519,519.0000000000026,112.76875,96.73333333333333,16035.42,1
520,520.0000000000026,112.916319,96.76666666666667,16149.65,1
521,521.0000000000026,113.063889,96.8,16263.89,1
522,522.0000000000026,113.211458,96.86666666666666,16344.79,1
523,523.0000000000026,113.405382,97.36666666666666,16038.72,1
524,524.0000000000025,113.599305,98.56666666666666,15032.64,1
525,525.0000000000026,113.793229,99.23333333333333,14559.9,1
526,526.0000000000025,114.032118,99.33333333333333,14698.78,1
527,527.0000000000026,114.271007,99.5,14771.01,1
528,528.0000000000026,114.509896,99.7,14809.9,1
529,529.0000000000026,114.748785,99.86666666666666,14882.12,1
530,530.0000000000026,114.987674,100.1,14887.67,1
531,531.0000000000025,115.22656299999998,100.23333333333333,14993.23,1
532,532.0000000000025,115.714583,100.76666666666667,14947.92,1
533,533.0000000000026,116.202604,100.96666666666667,15235.94,1
534,534.0000000000026,116.690625,101.16666666666667,15523.96,1
535,534.9979166666692,116.800868,101.46666666666667,15334.2,1
536,535.9979166666691,116.911111,101.5,15411.11,1
537,537.0000000000024,117.021354,101.76666666666667,15254.69,1
538,537.9979166666689,117.131597,101.86666666666666,15264.93,1
539,538.9979166666687,117.24184,102.16666666666667,15075.17,1
540,540.000000000002,117.352083,102.4,14952.08,1
541,541.0000000000019,117.56224,102.4,15162.24,1
542,542.000000000002,117.772396,102.43333333333334,15339.06,1
543,543.0000000000019,117.949479,102.5,15449.48,1
544,544.000000000002,118.158333,102.56666666666666,15591.67,1
545,545.000000000002,118.2625,103.0,15262.5,1
546,546.000000000002,118.454167,103.13333333333334,15320.83,1
547,547.000000000002,118.640625,103.2,15440.62,1
548,548.0000000000022,118.809375,103.23333333333333,15576.04,1
549,549.0000000000022,118.992708,106.03333333333333,12959.37,1
550,550.0000000000022,119.193055,107.0,12193.06,1
551,551.0000000000022,119.393403,107.0,12393.4,1
552,552.0000000000022,119.59375,107.03333333333333,12560.42,1
553,553.0000000000023,119.838542,107.06666666666666,12771.88,1
554,554.0000000000023,120.007292,107.06666666666666,12940.63,1
555,555.0000000000023,120.17968799999998,107.1,13079.69,1
556,556.0000000000023,120.367708,107.1,13267.71,1
557,557.0000000000023,120.546875,107.13333333333334,13413.54,1
558,558.0000000000023,120.7,107.16666666666667,13533.33,1
559,559.0000000000023,120.876042,107.16666666666667,13709.38,1
560,560.0000000000024,121.065625,107.2,13865.62,1
561,561.0000000000025,121.307812,107.23333333333333,14074.48,1
562,562.0000000000024,121.551042,107.23333333333333,14317.71,1
563,563.0000000000025,121.773958,107.26666666666667,14507.29,1
564,564.0000000000025,122.144792,107.3,14844.79,1
565,565.0000000000025,122.390885,108.6,13790.89,1
566,566.0000000000025,122.636979,109.76666666666667,12870.31,1
567,567.0000000000025,122.8375,110.36666666666666,12470.83,1
568,568.0000000000025,123.040625,110.63333333333334,12407.29,1
569,569.0000000000025,123.16875,110.83333333333333,12335.42,1
570,570.0000000000025,123.363542,111.13333333333334,12230.21,1
571,571.0000000000026,123.526042,111.13333333333334,12392.71,1
572,572.0000000000025,123.70625,111.53333333333333,12172.92,1
573,573.0000000000026,123.886458,111.86666666666666,12019.79,1
574,574.0000000000028,124.060243,111.9,12160.24,1
575,575.0000000000028,124.234028,111.93333333333334,12300.69,1
576,576.0000000000028,124.407813,111.93333333333334,12474.48,1
577,577.0000000000028,124.601042,112.86666666666666,11734.38,1
578,578.0000000000028,124.759375,112.9,11859.38,1
579,579.000000000003,124.90677,112.93333333333334,11973.44,1
580,580.0000000000028,125.080208,112.96666666666667,12113.54,1
581,581.000000000003,125.263542,113.43333333333334,11830.21,1
582,582.000000000003,125.473438,113.46666666666667,12006.77,1
583,583.000000000003,125.673958,113.76666666666667,11907.29,1
584,584.000000000003,125.873958,113.76666666666667,12107.29,1
585,585.0000000000031,126.091667,114.6,11491.67,1
586,586.0000000000031,126.366667,114.6,11766.67,1
587,587.0000000000031,126.614583,114.63333333333334,11981.25,1
588,588.0000000000031,127.05625,114.66666666666667,12389.58,1
589,589.0000000000031,127.45625,114.66666666666667,12789.58,1
590,590.0000000000031,127.661458,114.7,12961.46,1
591,591.0000000000031,127.871875,114.73333333333333,13138.54,1
592,592.0000000000031,128.099479,116.73333333333333,11366.15,1
593,593.0000000000031,128.276042,116.96666666666667,11309.38,1
594,594.0000000000031,128.565625,117.06666666666666,11498.96,1
595,595.0000000000031,128.757292,117.33333333333333,11423.96,1
596,596.0000000000031,128.941667,117.4,11541.67,1
597,597.0000000000031,129.348958,117.53333333333333,11815.62,1
598,598.0000000000031,129.710417,117.73333333333333,11977.08,1
599,599.0000000000032,129.914583,117.9,12014.58,1
600,600.0000000000031,130.119271,118.23333333333333,11885.94,1
601,601.0000000000031,130.310417,118.23333333333333,12077.08,1
602,602.0000000000031,130.51406200000002,118.4,12114.06,1
603,603.0000000000031,130.72968799999998,118.46666666666667,12263.02,1
604,604.0000000000032,130.953125,118.56666666666666,12386.46,1
605,605.0000000000032,131.138542,118.56666666666666,12571.88,1
606,606.0000000000033,131.335417,118.73333333333333,12602.08,1
607,607.0000000000032,131.497917,118.86666666666666,12631.25,1
608,608.0000000000033,131.682292,118.9,12782.29,1
609,609.0000000000033,131.948958,118.93333333333334,13015.62,1
610,610.0000000000033,132.179167,119.06666666666666,13112.5,1
611,611.0000000000033,132.38961899999998,119.56666666666666,12822.95,1
612,612.0000000000033,132.724454,119.66666666666667,13057.79,1
613,613.0000000000033,133.10833300000002,119.76666666666667,13341.67,1
614,614.0000000000033,133.326637,119.8,13526.64,1
615,615.0000000000033,133.507292,119.9,13607.29,1
616,616.0000000000033,133.674451,120.23333333333333,13441.12,1
617,617.0000000000033,133.856144,120.86666666666666,12989.48,1
618,618.0000000000033,134.04583300000002,121.2,12845.83,1
619,619.0000000000032,134.255208,121.2,13055.21,1
620,620.0000000000033,134.465625,121.53333333333333,12932.29,1
621,621.0000000000033,134.742708,121.6,13142.71,1
622,622.0000000000033,134.996875,121.8,13196.87,1
623,623.0000000000032,135.210417,122.1,13110.42,1
624,624.0000000000033,135.368229,122.3,13068.23,1
625,625.0000000000033,135.591667,122.46666666666667,13125.0,1
626,626.0000000000033,135.786979,124.7,11086.98,1
627,627.0000000000034,135.992708,124.7,11292.71,1
628,628.0000000000034,136.21770800000002,124.9,11317.71,1
629,629.0000000000033,136.401042,124.9,11501.04,1
630,630.0000000000034,136.647917,125.26666666666667,11381.25,1
631,631.0000000000034,136.830208,125.8,11030.21,1
632,632.0000000000034,137.020833,125.8,11220.83,1
633,633.0000000000034,137.23125,125.83333333333333,11397.92,1
634,634.0000000000034,137.423958,125.83333333333333,11590.62,1
635,635.0000000000034,137.653125,125.86666666666666,11786.46,1
636,636.0000000000035,138.009896,125.9,12109.9,1
637,637.0000000000035,138.386458,125.9,12486.46,1
638,638.0000000000034,138.60833300000002,125.93333333333334,12675.0,1
639,639.0000000000035,138.78229199999998,125.93333333333334,12848.96,1
640,640.0000000000034,139.02656299999998,125.96666666666667,13059.9,1
641,641.0000000000035,139.241667,126.73333333333333,12508.33,1
642,642.0000000000034,139.49531299999998,126.73333333333333,12761.98,1
643,643.0000000000034,139.69375,127.7,11993.75,1
644,644.0000000000034,139.88958300000002,127.73333333333333,12156.25,1
645,645.0000000000034,140.142708,127.73333333333333,12409.37,1
646,646.0000000000034,140.340625,127.76666666666667,12573.96,1
647,647.0000000000034,140.56875,127.76666666666667,12802.08,1
648,648.0000000000034,140.79583300000004,127.8,12995.83,1
649,649.0000000000034,140.996875,128.46666666666667,12530.21,1
650,650.0000000000034,141.21979199999996,129.6,11619.79,1
651,651.0000000000034,141.43698,129.8,11636.98,1
652,652.0000000000034,141.636979,130.0,11636.98,1
653,653.0000000000035,141.826042,130.23333333333332,11592.71,1
654,654.0000000000034,142.089583,130.46666666666667,11622.92,1
655,655.0000000000034,142.31145800000004,130.66666666666666,11644.79,1
656,656.0000000000034,142.497917,130.66666666666666,11831.25,1
657,657.0000000000034,142.700521,130.73333333333332,11967.19,1
658,658.0000000000034,142.947917,130.76666666666668,12181.25,1
659,659.0000000000034,143.21718700000002,130.76666666666668,12450.52,1
660,660.0000000000031,143.69843799999995,130.93333333333334,12765.1,1
661,661.0000000000032,144.136458,130.93333333333334,13203.12,1
662,662.0000000000033,144.361458,131.1,13261.46,1
663,663.0000000000033,144.720833,131.16666666666666,13554.17,1
664,664.0000000000031,145.06354199999996,131.2,13863.54,1
665,665.000000000003,145.284375,131.3,13984.38,1
666,666.0000000000028,145.59843700000005,131.56666666666666,14031.77,1
667,667.000000000003,145.898958,131.7,14198.96,1
668,668.000000000003,146.072917,131.9,14172.92,1
669,669.0000000000028,146.327604,131.93333333333334,14394.27,1
670,670.0000000000028,146.559375,132.26666666666668,14292.71,1
671,671.0000000000025,146.752083,133.26666666666668,13485.42,1
672,672.0000000000023,146.970312,133.83333333333334,13136.98,1
673,673.0000000000023,147.218229,133.96666666666667,13251.56,1
674,674.0000000000023,147.445313,133.96666666666667,13478.65,1
675,675.0000000000022,147.70208300000004,134.0,13702.08,1
676,676.0000000000016,147.98698000000005,134.03333333333333,13953.65,1
677,677.0000000000016,148.184375,134.03333333333333,14151.04,1
678,678.0000000000016,148.448959,134.06666666666666,14382.29,1
679,679.0000000000015,148.697917,134.06666666666666,14631.25,1
680,680.0000000000016,148.951042,134.13333333333333,14817.71,1
681,681.0000000000015,149.165625,134.43333333333334,14732.29,1
682,682.0000000000015,149.435417,134.56666666666666,14868.75,1
683,683.0000000000015,149.682292,134.73333333333332,14948.96,1
684,684.0000000000014,150.135417,134.73333333333332,15402.08,1
685,685.0000000000015,150.4375,134.76666666666668,15670.83,1
686,686.0000000000015,150.619271,134.8,15819.27,1
687,687.0000000000013,150.858854,134.83333333333334,16025.52,1
688,688.0000000000013,151.1125,135.03333333333333,16079.17,1
689,689.0000000000013,151.330208,135.2,16130.21,1
690,690.000000000001,151.627083,135.3,16327.08,1
691,691.0000000000011,151.828125,135.3,16528.12,1
692,692.0000000000011,152.041667,135.43333333333334,16608.33,1
693,693.000000000001,152.279167,135.46666666666667,16812.5,1
694,694.0000000000011,152.508333,135.46666666666667,17041.67,1
695,695.000000000001,152.744792,135.5,17244.79,1
696,696.000000000001,153.028125,135.6,17428.12,1
697,697.0000000000013,153.228125,135.9,17328.12,1
698,698.0000000000008,153.45,136.3,17150.0,1
699,699.0000000000008,153.713542,136.53333333333333,17180.21,1
700,700.0000000000008,153.940625,136.6,17340.63,1
701,701.0000000000007,154.105208,136.83333333333334,17271.87,1
702,702.0000000000007,154.409375,137.13333333333333,17276.04,1
703,703.0000000000007,154.614583,138.46666666666667,16147.92,1
704,704.0000000000007,154.81354199999996,138.6,16213.54,1
705,705.0000000000007,155.05625,138.6,16456.25,1
706,706.0000000000006,155.255208,138.93333333333334,16321.87,1
707,707.0000000000005,155.51875,138.96666666666667,16552.08,1
708,708.0000000000005,155.901042,138.96666666666667,16934.38,1
709,709.0000000000003,156.147917,139.0,17147.92,1
710,710.0000000000005,156.35833300000004,139.26666666666668,17091.67,1
711,711.0000000000005,156.68281299999995,139.26666666666668,17416.15,1
712,712.0000000000002,156.961458,139.4,17561.46,1
713,713.0000000000005,157.145833,140.53333333333333,16612.5,1
714,714.0000000000002,157.43802,141.0,16438.02,1
715,715.0000000000002,157.642708,141.16666666666666,16476.04,1
716,716.0000000000002,157.852083,141.5,16352.08,1
717,717.0000000000001,158.094271,141.6,16494.27,1
718,718.0000000000001,158.317708,141.86666666666667,16451.04,1
719,719.0,158.506771,146.06666666666666,12440.1,1
720,719.9999999999999,158.769271,146.53333333333333,12235.94,1
721,721.0000000000001,158.960417,147.06666666666666,11893.75,1
722,721.9999999999998,159.153125,147.33333333333334,11819.79,1
723,722.9999999999994,159.515104,147.33333333333334,12181.77,1
724,723.9999999999997,159.740625,147.36666666666667,12373.96,1
725,724.9999999999999,159.914583,147.53333333333333,12381.25,1
726,725.9999999999999,160.105208,147.7,12405.21,1
727,726.9999999999997,160.278125,147.9,12378.12,1
728,727.9999999999995,160.46770800000004,148.33333333333334,12134.37,1
729,728.9999999999998,160.698958,149.03333333333333,11665.62,1
730,729.9999999999993,160.894792,149.23333333333332,11661.46,1
731,730.9999999999993,161.053125,149.43333333333334,11619.79,1
732,731.9999999999992,161.223958,149.63333333333333,11590.62,1
733,732.999999999999,161.432292,149.83333333333334,11598.96,1
734,733.9999999999992,161.611458,149.83333333333334,11778.12,1
735,734.9999999999986,161.93854199999996,149.86666666666667,12071.88,1
736,735.9999999999989,162.205208,149.86666666666667,12338.54,1
737,736.9999999999992,162.39166699999996,149.9,12491.67,1
738,737.999999999999,162.584375,149.93333333333334,12651.04,1
739,738.999999999999,162.79791699999996,149.93333333333334,12864.58,1
740,739.999999999999,162.945313,149.96666666666667,12978.65,1
741,740.9999999999986,163.173958,150.0,13173.96,1
742,741.9999999999987,163.40520800000004,150.0,13405.21,1
743,742.9999999999986,163.580208,150.03333333333333,13546.87,1
744,743.9999999999985,163.909375,150.03333333333333,13876.04,1
745,744.9999999999985,164.14218799999998,150.06666666666666,14075.52,1
746,745.9999999999983,164.375,150.1,14275.0,1
747,746.9999999999985,164.559375,150.1,14459.37,1
748,747.9999999999985,164.734375,150.13333333333333,14601.04,1
749,748.9999999999985,164.93854199999996,150.16666666666666,14771.88,1
750,749.9999999999982,165.153125,150.26666666666668,14886.46,1
751,750.9999999999982,165.36875,150.4,14968.75,1
752,751.9999999999982,165.584375,150.4,15184.37,1
753,752.9999999999984,165.778125,150.96666666666667,14811.46,1
754,753.9999999999981,165.959375,151.0,14959.37,1
755,754.999999999998,166.178125,151.0,15178.12,1
756,755.999999999998,166.386458,151.86666666666667,14519.79,1
757,756.9999999999977,166.596354,152.33333333333334,14263.02,1
758,757.9999999999976,166.80625,152.33333333333334,14472.92,1
759,758.9999999999978,166.977083,152.4,14577.08,1
760,759.9999999999977,167.15,152.73333333333332,14416.67,1
761,760.9999999999978,167.347917,152.8,14547.92,1
762,761.9999999999975,167.572917,153.0,14572.92,1
763,762.9999999999975,167.816667,154.06666666666666,13750.0,1
764,763.9999999999977,168.060417,154.3,13760.42,1
765,764.9999999999977,168.21406299999995,154.46666666666667,13747.4,1
766,765.9999999999974,168.398958,154.56666666666666,13832.29,1
767,766.9999999999972,168.6125,154.8,13812.5,1
768,767.999999999997,168.833333,154.8,14033.33,1
769,768.9999999999969,169.04843799999998,154.93333333333334,14115.1,1
770,769.999999999997,169.263542,154.96666666666667,14296.88,1
771,770.999999999997,169.45573000000005,154.96666666666667,14489.06,1
772,771.9999999999972,169.62604199999996,155.26666666666668,14359.38,1
773,772.9999999999967,169.830208,155.3,14530.21,1
774,773.9999999999967,170.013542,155.3,14713.54,1
775,774.9999999999966,170.18645800000004,155.8,14386.46,1
776,775.9999999999965,170.386458,156.4,13986.46,1
777,776.9999999999965,170.559375,156.4,14159.37,1
778,777.9999999999964,170.742708,156.46666666666667,14276.04,1
779,778.9999999999962,170.932292,156.7,14232.29,1
780,779.9999999999964,171.171355,156.7,14471.36,1
781,780.9999999999959,171.421528,156.93333333333334,14488.19,1
782,781.9999999999962,171.671701,156.96666666666667,14705.03,1
783,782.9999999999964,171.921875,156.96666666666667,14955.21,1
784,783.9999999999961,172.279745,157.0,15279.74,1
785,784.999999999996,172.63761599999995,157.0,15637.62,1
786,785.9999999999962,172.995486,157.03333333333333,15962.15,1
787,786.9999999999961,173.35335600000005,157.06666666666666,16286.69,1
788,787.9999999999964,173.711227,157.06666666666666,16644.56,1
789,788.9999999999962,174.069097,157.1,16969.1,1
790,789.9999999999961,174.426967,157.1,17326.97,1
791,790.9999999999961,174.78483799999995,157.13333333333333,17651.5,1
792,791.999999999996,175.142708,157.16666666666666,17976.04,1
793,792.9999999999977,175.58611100000005,157.16666666666666,18419.44,1
794,793.9999999999976,176.02951399999995,157.26666666666668,18762.85,1
795,794.9999999999977,176.472917,157.26666666666668,19206.25,1
796,795.9999999999977,177.114063,158.2,18914.06,1
797,796.9999999999976,177.755208,158.23333333333332,19521.87,1
798,797.9999999999977,178.396354,158.23333333333332,20163.02,1
799,798.9999999999976,179.0375,158.26666666666668,20770.83,1
800,799.9999999999976,179.648958,158.46666666666667,21182.29,1
801,800.9999999999976,179.977083,158.63333333333333,21343.75,1
802,801.9999999999975,180.240625,158.63333333333333,21607.29,1
803,802.9999999999976,180.480208,159.03333333333333,21446.87,1
804,803.9999999999976,180.876042,159.23333333333332,21642.71,1
805,804.9999999999976,181.273611,159.46666666666667,21806.94,1
806,805.9999999999977,181.671181,159.66666666666666,22004.51,1
807,806.9999999999976,182.06875,159.66666666666666,22402.08,1
808,807.9999999999976,182.702083,160.06666666666666,22635.42,1
809,808.9999999999977,183.335417,160.26666666666668,23068.75,1
810,809.9999999999976,183.96875,160.5,23468.75,1
811,810.9999999999976,184.602083,160.7,23902.08,1
812,811.9999999999975,185.2125,160.83333333333334,24379.17,1
813,812.9999999999972,185.511458,161.06666666666666,24444.79,1
814,813.9999999999974,185.836458,161.06666666666666,24769.79,1
815,814.9999999999975,186.466667,161.56666666666666,24900.0,1
816,815.9999999999972,187.096875,161.76666666666668,25330.21,1
817,816.9999999999974,187.416667,163.5,23916.67,1
818,817.9999999999974,187.736458,163.73333333333332,24003.12,1
819,818.9999999999972,188.05625,164.33333333333334,23722.92,1
820,819.9999999999974,188.489584,164.53333333333333,23956.25,1
821,820.999999999997,188.922917,164.8,24122.92,1
822,821.9999999999972,189.304167,165.0,24304.17,1
823,822.9999999999972,189.829861,165.2,24629.86,1
824,823.9999999999972,190.355555,165.36666666666667,24988.89,1
825,824.9999999999972,190.88125,165.63333333333333,25247.92,1
826,825.9999999999972,191.406944,165.83333333333334,25573.61,1
827,826.9999999999972,191.932639,166.03333333333333,25899.31,1
828,827.9999999999972,192.458333,166.23333333333332,26225.0,1
829,828.9999999999972,192.878125,166.46666666666667,26411.46,1
830,829.999999999997,193.297917,166.66666666666666,26631.25,1
831,830.9999999999974,193.696354,166.86666666666667,26829.69,1
832,831.9999999999972,193.952247,167.03333333333333,26918.91,1
833,832.9999999999969,194.204688,167.8,26404.69,1
834,833.9999999999969,194.47448,167.8,26674.48,1
835,834.999999999997,194.68073,167.93333333333334,26747.4,1
836,835.9999999999969,194.886979,168.13333333333333,26753.65,1
837,836.9999999999969,195.202083,168.3,26902.08,1
838,837.9999999999967,195.475023,168.5,26975.02,1
839,838.9999999999967,195.73125,168.7,27031.25,1
840,839.9999999999967,196.054167,169.33333333333334,26720.83,1
841,840.9999999999965,196.842708,169.43333333333334,27409.37,1
842,841.9999999999966,197.113542,169.43333333333334,27680.21,1
843,842.9999999999964,197.333334,169.46666666666667,27866.67,1
844,843.9999999999966,197.532292,169.53333333333333,27998.96,1
845,844.9999999999966,197.7625,169.56666666666666,28195.83,1
846,845.9999999999966,197.990625,169.73333333333332,28257.29,1
847,846.9999999999966,198.221875,170.3,27921.88,1
848,847.9999999999966,198.498958,170.33333333333334,28165.62,1
849,848.9999999999965,198.969792,170.36666666666667,28603.13,1
850,849.9999999999967,199.677778,170.53333333333333,29144.44,1
851,850.9999999999967,200.385764,170.56666666666666,29819.1,1
852,851.9999999999967,201.09375,170.6,30493.75,1
853,852.9999999999966,201.529514,170.63333333333333,30896.18,1
854,853.9999999999967,201.965278,170.73333333333332,31231.94,1
855,854.9999999999965,202.401042,170.96666666666667,31434.38,1
856,855.9999999999966,203.013542,171.16666666666666,31846.88,1
857,856.9999999999966,203.626042,171.36666666666667,32259.38,1
858,857.9999999999966,204.238542,171.6,32638.54,1
859,858.9999999999966,204.851042,171.76666666666668,33084.38,1
860,859.9999999999965,205.44375,172.0,33443.75,1
861,860.9999999999965,205.734375,176.2,29534.38,1
862,861.9999999999967,206.0,176.36666666666667,29633.33,1
863,862.9999999999967,206.216667,176.4,29816.67,1
864,863.9999999999967,206.580208,176.43333333333334,30146.87,1
865,864.9999999999968,206.932291,176.43333333333334,30498.96,1
866,865.9999999999965,207.284375,176.46666666666667,30817.71,1
867,866.9999999999965,207.636458,176.5,31136.46,1
868,867.9999999999966,208.2875,176.53333333333333,31754.17,1
869,868.9999999999966,208.938542,177.23333333333332,31705.21,1
870,869.9999999999966,209.589583,177.26666666666668,32322.92,1
871,870.9999999999966,210.240625,177.3,32940.62,1
872,871.9999999999967,210.820833,177.33333333333334,33487.5,1
873,872.9999999999967,211.089583,177.36666666666667,33722.92,1
874,873.9999999999967,211.375,177.36666666666667,34008.33,1
875,874.9999999999967,212.068229,177.4,34668.23,1
876,875.9999999999967,212.761458,177.43333333333334,35328.12,1
877,876.9999999999967,213.18125,177.46666666666667,35714.58,1
878,877.9999999999967,213.44375,177.5,35943.75,1
879,878.9999999999967,213.804167,177.53333333333333,36270.83,1
880,879.9999999999967,214.11007,177.56666666666666,36543.4,1
881,880.9999999999967,214.415972,178.63333333333333,35782.64,1
882,881.9999999999967,214.721875,180.5,34221.88,1
883,882.9999999999967,215.104688,180.93333333333334,34171.35,1
884,883.9999999999967,215.4875,180.96666666666667,34520.83,1
885,884.9999999999967,215.840625,181.56666666666666,34273.96,1
886,885.9999999999967,216.292361,181.76666666666668,34525.69,1
887,886.9999999999967,216.744097,181.9,34844.1,1
888,887.9999999999967,217.195833,181.93333333333334,35262.5,1
889,888.9999999999967,217.647569,181.96666666666667,35680.9,1
890,889.9999999999967,218.099306,182.0,36099.31,1
891,890.9999999999967,218.551042,182.03333333333333,36517.71,1
892,891.9999999999967,219.002778,182.06666666666666,36936.11,1
893,892.9999999999967,219.454514,182.06666666666666,37387.85,1
894,893.9999999999967,219.90625,182.1,37806.25,1
895,894.9999999999967,220.243304,182.13333333333333,38109.97,1
896,895.9999999999967,220.580357,182.16666666666666,38413.69,1
897,896.9999999999968,220.917411,182.2,38717.41,1
898,897.9999999999968,221.254464,182.23333333333332,39021.13,1
899,898.9999999999967,221.591518,182.26666666666668,39324.85,1
900,899.9999999999967,221.928571,182.3,39628.57,1
901,900.9999999999968,222.265625,182.3,39965.62,1
902,901.9999999999967,222.592708,182.33333333333334,40259.37,1
903,902.9999999999966,222.791667,182.36666666666667,40425.0,1
904,903.9979166666633,222.902083,182.4,40502.08,1
905,904.9999999999966,223.604167,184.5,39104.17,1
906,905.9999999999966,223.936979,184.5,39436.98,1
907,906.9999999999966,223.942708,185.06666666666666,38876.04,1
908,907.9999999999964,224.430208,185.1,39330.21,1
909,908.9999999999964,224.692187,185.1,39592.19,1
910,909.9999999999965,224.926823,185.13333333333333,39793.49,1
911,910.9999999999964,225.161459,186.2,38961.46,1
912,911.9999999999964,225.452605,186.66666666666666,38785.94,1
913,912.9999999999964,225.689063,187.03333333333333,38655.73,1
914,913.9999999999961,225.925521,187.63333333333333,38292.19,1
915,914.9999999999961,226.348437,188.26666666666668,38081.77,1
916,915.9999999999961,226.826389,188.43333333333334,38393.06,1
917,916.9999999999961,227.30434,188.76666666666668,38537.67,1
918,917.9999999999961,227.782292,188.76666666666668,39015.63,1
919,918.9999999999961,228.159896,188.8,39359.9,1
920,919.9999999999961,228.5375,188.96666666666667,39570.83,1
921,920.9999999999959,228.864583,190.0,38864.58,1
922,921.9999999999959,229.219792,190.5,38719.79,1
923,922.9999999999958,229.639583,190.5,39139.58,1
924,923.9999999999956,230.175,190.53333333333333,39641.67,1
925,924.9999999999956,230.758333,190.56666666666666,40191.67,1
926,925.9999999999956,231.176042,190.56666666666666,40609.38,1
927,926.9999999999956,231.611458,190.6,41011.46,1
928,927.9999999999956,232.192187,190.6,41592.19,1
929,928.9999999999953,232.617188,190.63333333333333,41983.85,1
930,929.9999999999953,232.99375,190.66666666666666,42327.08,1
931,930.9999999999953,233.2875,190.66666666666666,42620.83,1
932,931.9999999999953,233.561979,190.7,42861.98,1
933,932.9999999999952,233.853646,190.73333333333332,43120.31,1
934,933.9999999999952,234.167709,190.73333333333332,43434.38,1
935,934.9999999999952,234.429688,190.76666666666668,43663.02,1
936,935.9999999999952,234.742188,190.76666666666668,43975.52,1
937,936.9999999999952,235.013021,190.8,44213.02,1
938,937.9999999999951,235.270833,192.43333333333334,42837.5,1
939,938.9999999999951,235.560417,194.23333333333332,41327.08,1
940,939.9999999999951,235.900521,194.4,41500.52,1
941,940.999999999995,236.170312,194.6,41570.31,1
942,941.999999999995,236.485417,194.6,41885.42,1
943,942.999999999995,236.767708,194.7,42067.71,1
944,943.999999999995,237.011979,194.73333333333332,42278.65,1
945,944.999999999995,237.286979,194.73333333333332,42553.65,1
946,945.9999999999949,237.557292,194.76666666666668,42790.63,1
947,946.9999999999948,237.800521,194.76666666666668,43033.85,1
948,947.9999999999949,238.116667,194.8,43316.67,1
949,948.9999999999948,238.401563,194.83333333333334,43568.23,1
950,949.9999999999948,238.651041,194.83333333333334,43817.71,1
951,950.9999999999948,238.920833,194.86666666666667,44054.17,1
952,951.9999999999947,239.389583,194.9,44489.58,1
953,952.9999999999947,239.651563,194.93333333333334,44718.23,1
954,953.9999999999947,239.93125,195.6,44331.25,1
955,954.9999999999947,240.200521,195.73333333333332,44467.19,1
956,955.9999999999947,240.430208,195.86666666666667,44563.54,1
957,956.9999999999947,240.695833,195.86666666666667,44829.17,1
958,957.9999999999945,240.958333,196.5,44458.33,1
959,958.9999999999944,241.173438,196.7,44473.44,1
960,959.9999999999945,241.459375,196.8,44659.37,1
961,960.9999999999944,241.731771,196.83333333333334,44898.44,1
962,961.9999999999944,242.009375,196.83333333333334,45176.04,1
963,962.9999999999944,242.271875,196.86666666666667,45405.21,1
964,963.9999999999944,242.830729,196.86666666666667,45964.06,1
965,964.9999999999943,243.152604,197.46666666666667,45685.94,1
966,965.9999999999943,243.486458,198.63333333333333,44853.12,1
967,966.9999999999943,243.748437,198.63333333333333,45115.1,1
968,967.9999999999942,244.014062,199.33333333333334,44680.73,1
969,968.9999999999942,244.291146,199.33333333333334,44957.81,1
970,969.9999999999942,244.576042,199.36666666666667,45209.38,1
971,970.9999999999941,244.83229100000003,199.4,45432.29,1
972,971.9999999999941,245.175521,199.4,45775.52,1
973,972.9999999999941,245.469271,199.43333333333334,46035.94,1
974,973.9999999999941,245.769271,199.46666666666667,46302.6,1
975,974.9999999999941,246.177083,199.46666666666667,46710.42,1
976,975.9999999999941,246.751563,199.5,47251.56,1
977,976.9999999999939,247.040625,200.56666666666666,46473.96,1
978,977.9999999999941,247.319792,200.56666666666666,46753.13,1
979,978.9999999999939,247.580729,200.9,46680.73,1
980,979.9999999999939,247.83125,201.06666666666666,46764.58,1
981,980.9999999999939,248.15625,201.06666666666666,47089.58,1
982,981.9999999999939,248.492708,201.26666666666668,47226.04,1
983,982.9999999999937,248.713021,201.46666666666667,47246.35,1
984,983.9999999999939,249.00052,201.7,47300.52,1
985,984.9999999999937,249.269271,207.9,41369.27,1
986,985.9999999999937,249.519792,211.0,38519.79,1
987,986.9999999999937,249.894792,212.0,37894.79,1
988,987.9999999999935,250.285417,212.2,38085.42,1
989,988.9999999999935,250.555208,212.43333333333334,38121.87,1
990,989.9999999999935,250.907292,212.86666666666667,38040.63,1
991,990.9999999999935,251.214584,214.93333333333334,36281.25,1
992,991.9999999999935,251.558854,215.03333333333333,36525.52,1
993,992.9999999999934,252.046875,215.83333333333334,36213.54,1
994,993.9999999999934,252.518229,215.93333333333334,36584.9,1
995,994.9999999999933,252.903646,216.1,36803.65,1
996,995.9999999999933,253.304167,220.06666666666666,33237.5,1
997,996.9999999999934,253.763542,220.16666666666666,33596.88,1
998,997.9999999999932,254.3125,220.16666666666666,34145.83,1
999,998.9999999999932,254.90625,220.2,34706.25,1
1000,999.9999999999887,255.175,222.2,32975.0,1
1001,1000.999999999989,255.376042,222.2,33176.04,1
1002,1001.999999999989,255.536459,222.43333333333334,33103.13,1
1003,1002.9999999999891,255.7625,222.7,33062.5,1
1004,1003.9999999999891,255.936458,222.93333333333334,33003.12,1
1005,1004.9999999999891,256.134375,222.96666666666667,33167.71,1
1006,1005.9999999999892,256.361458,223.7,32661.46,1
1007,1006.9999999999892,256.554688,223.73333333333332,32821.35,1
1008,1007.9999999999893,256.765625,224.0,32765.62,1
1009,1008.9999999999893,256.963542,224.0,32963.54,1
1010,1009.9999999999893,257.146875,224.43333333333334,32713.54,1
1011,1010.9999999999894,257.311459,224.5,32811.46,1
1012,1011.9999999999894,257.497917,224.56666666666666,32931.25,1
1013,1012.9999999999895,257.651562,224.56666666666666,33084.9,1
1014,1013.9999999999895,257.81198,225.4,32411.98,1
1015,1014.9999999999895,258.003125,225.4,32603.13,1
1016,1015.9999999999898,258.196354,225.93333333333334,32263.02,1
1017,1016.9999999999898,258.42448,225.96666666666667,32457.81,1
1018,1017.9999999999899,258.673958,226.3,32373.96,1
1019,1018.9999999999899,258.884375,226.3,32584.37,1
1020,1019.9999999999899,259.078125,226.33333333333334,32744.79,1
1021,1020.9999999999901,259.282291,226.36666666666667,32915.62,1
1022,1021.9999999999901,259.484896,226.73333333333332,32751.56,1
1023,1022.9999999999902,259.6875,226.86666666666667,32820.83,1
1024,1023.9999999999902,259.889583,227.06666666666666,32822.92,1
1025,1024.9999999999902,260.079167,227.06666666666666,33012.5,1
1026,1025.9999999999902,260.238021,227.3,32938.02,1
1027,1026.9999999999902,260.439583,228.83333333333334,31606.25,1
1028,1027.9999999999905,260.63125,229.03333333333333,31597.92,1
1029,1028.9999999999905,260.808334,230.1,30708.33,1
1030,1029.9999999999905,261.001042,230.1,30901.04,1
1031,1030.9999999999907,261.19323,230.5,30693.23,1
1032,1031.9999999999907,261.386979,230.53333333333333,30853.65,1
1033,1032.9999999999907,261.58125,230.53333333333333,31047.92,1
1034,1033.9999999999907,261.770833,230.56666666666666,31204.17,1
1035,1034.9999999999907,261.9375,230.6,31337.5,1
1036,1035.999999999991,262.109375,231.16666666666666,30942.71,1
1037,1036.999999999991,262.284896,231.5,30784.9,1
1038,1037.9999999999911,262.449479,232.46666666666667,29982.81,1
1039,1038.9999999999911,262.644792,233.63333333333333,29011.46,1
1040,1039.9999999999911,262.8375,233.86666666666667,28970.83,1
1041,1040.9999999999911,263.041146,234.4,28641.15,1
1042,1041.9999999999911,263.255208,234.63333333333333,28621.87,1
1043,1042.9999999999914,263.454167,234.63333333333333,28820.83,1
1044,1043.9999999999914,263.647396,234.66666666666666,28980.73,1
1045,1044.9999999999914,263.847916,234.83333333333334,29014.58,1
1046,1045.9999999999916,264.051042,235.23333333333332,28817.71,1
1047,1046.9999999999916,264.259375,235.43333333333334,28826.04,1
1048,1047.9999999999916,264.467708,235.7,28767.71,1
1049,1048.9999999999916,264.631771,235.7,28931.77,1
1050,1049.9999999999916,264.805208,235.73333333333332,29071.87,1
1051,1050.9999999999918,265.0,235.76666666666668,29233.33,1
1052,1051.9999999999918,265.167709,235.76666666666668,29401.04,1
1053,1052.9999999999918,265.342708,236.1,29242.71,1
1054,1053.9999999999918,265.536458,236.26666666666668,29269.79,1
1055,1054.9999999999918,265.753125,236.46666666666667,29286.46,1
1056,1055.999999999992,265.944792,236.73333333333332,29211.46,1
1057,1056.999999999992,266.1375,237.4,28737.5,1
1058,1057.9999999999923,266.317708,237.4,28917.71,1
1059,1058.9999999999923,266.551042,237.73333333333332,28817.71,1
1060,1059.9999999999916,266.751041,237.9,28851.04,1
1061,1060.9999999999916,266.905208,240.23333333333332,26671.87,1
1062,1061.9999999999916,267.086979,245.4,21686.98,1
1063,1062.9999999999916,267.279167,245.66666666666666,21612.5,1
1064,1063.9999999999916,267.441666,245.66666666666666,21775.0,1
1065,1064.9999999999916,267.628125,246.0,21628.13,1
1066,1065.9999999999916,267.864583,247.26666666666668,20597.92,1
1067,1066.9999999999916,268.083333,247.53333333333333,20550.0,1
1068,1067.9999999999916,268.276042,248.2,20076.04,1
1069,1068.9999999999916,268.485417,248.86666666666667,19618.75,1
1070,1069.9999999999916,268.686458,249.03333333333333,19653.12,1
1071,1070.9999999999916,268.923958,251.46666666666667,17457.29,1
1072,1071.9999999999916,269.23125,252.6,16631.25,1
1073,1072.9999999999916,269.413542,253.33333333333334,16080.21,1
1074,1073.9999999999916,269.596355,253.33333333333334,16263.02,1
1075,1074.9999999999916,269.779167,253.5,16279.17,1
1076,1075.9999999999916,269.9625,253.53333333333333,16429.17,1
1077,1076.9999999999916,270.028125,253.53333333333333,16494.79,1
1078,1077.9999999999916,270.354167,253.56666666666666,16787.5,1
1079,1078.9999999999916,270.532292,253.56666666666666,16965.63,1
1080,1079.9999999999916,270.703125,254.8,15903.12,1
1081,1080.9999999999916,270.882292,254.8,16082.29,1
1082,1081.9999999999916,271.048958,255.26666666666668,15782.29,1
1083,1082.9999999999916,271.229167,255.36666666666667,15862.5,1
1084,1083.9999999999916,271.395833,255.53333333333333,15862.5,1
1085,1084.9999999999916,271.58125,255.93333333333334,15647.92,1
1086,1085.9999999999916,271.7375,256.2,15537.5,1
1087,1086.9999999999916,271.926042,256.3666666666667,15559.38,1
1088,1087.9999999999916,272.064583,256.6333333333333,15431.25,1
1089,1088.9999999999916,272.201042,256.76666666666665,15434.38,1
1090,1089.9999999999916,272.564584,257.06666666666666,15497.92,1
1091,1090.9999999999916,272.928125,257.26666666666665,15661.46,1
1092,1091.9999999999916,273.291667,257.43333333333334,15858.33,1
1093,1092.9999999999918,273.655209,257.6666666666667,15988.54,1
1094,1093.9999999999918,274.01875,257.76666666666665,16252.08,1
1095,1094.9999999999918,274.382292,258.06666666666666,16315.63,1
1096,1095.9999999999955,274.782292,258.06666666666666,16715.63,1
1097,1096.9999999999955,275.182292,258.1,17082.29,1
1098,1097.9999999999955,275.582292,258.1,17482.29,1
1099,1098.9999999999955,276.23099,258.1333333333333,18097.66,1
1100,1099.9999999999955,276.879687,258.1666666666667,18713.02,1
1101,1100.9999999999955,277.528385,258.1666666666667,19361.72,1
1102,1101.9999999999955,278.177083,258.2,19977.08,1
1103,1102.9999999999952,278.7,258.23333333333335,20466.67,1
1104,1103.9999999999952,278.979167,258.23333333333335,20745.83,1
1105,1104.9999999999952,279.265625,258.26666666666665,20998.96,1
1106,1105.9999999999952,279.853646,258.26666666666665,21586.98,1
1107,1106.9999999999952,280.441667,258.3,22141.67,1
1108,1107.9999999999952,280.85625,258.3333333333333,22522.92,1
1109,1108.9999999999952,281.270834,258.3333333333333,22937.5,1
1110,1109.9999999999952,281.685417,258.3666666666667,23318.75,1
1111,1110.9999999999952,282.310938,258.4,23910.94,1
1112,1111.9999999999952,282.936459,258.4,24536.46,1
1113,1112.9999999999952,283.561979,258.43333333333334,25128.65,1
1114,1113.9999999999952,284.1875,258.43333333333334,25754.17,1
1115,1114.9999999999952,284.769792,258.6,26169.79,1
1116,1115.9999999999952,285.026042,258.76666666666665,26259.38,1
1117,1116.999999999995,285.317708,258.96666666666664,26351.04,1
1118,1117.9999999999952,286.216406,259.3,26916.41,1
1119,1118.999999999995,287.1151040000001,259.53333333333336,27581.77,1
1120,1119.999999999995,287.420833,259.7,27720.83,1
1121,1120.999999999995,287.69375,259.7,27993.75,1
1122,1121.999999999995,288.078125,259.76666666666665,28311.46,1
1123,1122.999999999995,288.371354,259.76666666666665,28604.69,1
1124,1123.999999999995,288.664583,259.8,28864.58,1
1125,1124.999999999995,288.957812,259.8333333333333,29124.48,1
1126,1125.999999999995,289.359115,259.8333333333333,29525.78,1
1127,1126.999999999995,289.760417,259.8666666666667,29893.75,1
1128,1127.9999999999948,290.166667,259.9,30266.67,1
1129,1128.9999999999948,290.642708,259.96666666666664,30676.04,1
1130,1129.9999999999948,291.11875,261.3666666666667,29752.08,1
1131,1130.9999999999948,291.594792,261.76666666666665,29828.13,1
1132,1131.9999999999948,292.070833,261.93333333333334,30137.5,1
1133,1132.9999999999948,292.546875,262.0,30546.88,1
1134,1133.9999999999948,293.022917,263.4,29622.92,1
1135,1134.9999999999948,293.357292,266.3333333333333,27023.96,1
1136,1135.9999999999948,293.691667,266.53333333333336,27158.33,1
1137,1136.999999999995,294.076563,266.73333333333335,27343.23,1
1138,1137.9999999999948,294.320313,267.8666666666667,26453.65,1
1139,1138.9999999999943,294.5640620000001,267.93333333333334,26630.73,1
1140,1139.9999999999948,294.847917,267.96666666666664,26881.25,1
1141,1140.9999999999948,295.053385,267.96666666666664,27086.72,1
1142,1141.999999999995,295.258854,268.7,26558.85,1
1143,1142.999999999995,295.596355,268.9,26696.36,1
1144,1143.999999999995,295.616667,269.1,26516.67,1
1145,1144.999999999995,296.184375,269.3,26884.37,1
1146,1145.9999999999952,296.600521,269.56666666666666,27033.85,1
1147,1146.9999999999948,297.603125,269.76666666666665,27836.46,1
1148,1147.999999999995,297.844792,270.0,27844.79,1
1149,1148.999999999995,298.133334,270.3,27833.33,1
1150,1149.9999999999948,298.365625,270.3,28065.63,1
1151,1150.9999999999948,298.628125,270.6,28028.12,1
1152,1151.9999999999948,298.870833,270.6333333333333,28237.5,1
1153,1152.999999999995,299.157292,270.9,28257.29,1
1154,1153.999999999995,299.498958,270.93333333333334,28565.62,1
1155,1154.999999999995,300.071875,271.3,28771.87,1
1156,1155.9999999999952,300.872222,271.56666666666666,29305.56,1
1157,1156.999999999995,301.67257,271.6333333333333,30039.24,1
1158,1157.9999999999948,302.472917,271.8,30672.92,1
1159,1158.999999999995,302.9763890000001,271.8333333333333,31143.06,1
1160,1159.999999999995,303.479861,271.8666666666667,31613.19,1
1161,1160.9999999999948,303.983333,271.9,32083.33,1
1162,1161.999999999995,304.580468,271.93333333333334,32647.13,1
1163,1162.999999999995,305.1776040000001,271.96666666666664,33210.94,1
1164,1163.999999999995,305.77474,272.2,33574.74,1
1165,1164.999999999995,306.371875,272.4,33971.88,1
1166,1165.999999999995,306.921875,272.56666666666666,34355.21,1
1167,1166.9999999999952,307.2125,272.76666666666665,34445.83,1
1168,1167.999999999995,307.486458,274.1333333333333,33353.12,1
1169,1168.999999999995,308.017708,274.53333333333336,33484.37,1
1170,1169.9999999999952,308.548958,274.56666666666666,33982.29,1
1171,1170.9999999999952,308.932291,274.56666666666666,34365.62,1
1172,1171.999999999995,309.315625,274.6,34715.62,1
1173,1172.999999999995,309.698958,274.6333333333333,35065.62,1
1174,1173.9999999999952,310.278906,274.6666666666667,35612.24,1
1175,1174.9999999999952,310.858854,274.7,36158.85,1
1176,1175.9999999999952,311.438802,275.53333333333336,35905.47,1
1177,1176.9999999999952,312.01875,275.56666666666666,36452.08,1
1178,1177.9999999999952,312.425,275.6,36825.0,1
1179,1178.9999999999952,312.705208,275.6333333333333,37071.87,1
1180,1179.9999999999952,312.985417,278.1666666666667,34818.75,1
1181,1180.9999999999952,313.247136,278.23333333333335,35013.8,1
1182,1181.9999999999955,313.508854,279.0,34508.85,1
1183,1182.9999999999952,314.265625,279.23333333333335,35032.29,1
1184,1183.9999999999955,314.58125,279.26666666666665,35314.58,1
1185,1184.9999999999952,315.027083,279.3,35727.08,1
1186,1185.9999999999955,315.342014,280.3666666666667,34975.35,1
1187,1186.9999999999952,315.656944,280.53333333333336,35123.61,1
1188,1187.9999999999952,315.971875,280.56666666666666,35405.21,1
1189,1188.9999999999955,316.35625,280.56666666666666,35789.58,1
1190,1189.9999999999955,316.740625,280.6,36140.62,1
1191,1190.9999999999955,317.128125,281.46666666666664,35661.46,1
1192,1191.9999999999955,317.5826390000001,281.53333333333336,36049.31,1
1193,1192.9999999999955,318.037153,281.8,36237.15,1
1194,1193.9999999999955,318.491667,281.8333333333333,36658.33,1
1195,1194.9999999999955,318.946181,281.8666666666667,37079.51,1
1196,1195.9999999999955,319.400694,281.9,37500.69,1
1197,1196.9999999999955,319.855208,281.93333333333334,37921.87,1
1198,1197.9999999999955,320.309722,281.96666666666664,38343.06,1
1199,1198.9999999999955,320.764236,281.96666666666664,38797.57,1
1200,1199.9999999999952,321.21875,282.0,39218.75,1
1201,1200.9999999999955,321.618601,282.03333333333336,39585.27,1
1202,1201.9999999999952,322.018452,282.06666666666666,39951.79,1
1203,1202.9999999999955,322.418303,282.1,40318.3,1
1204,1203.9999999999952,322.818155,282.1333333333333,40684.82,1
1205,1204.9999999999952,323.218006,282.1666666666667,41051.34,1
1206,1205.9999999999955,323.617857,282.2,41417.86,1
1207,1206.9999999999957,324.017708,282.23333333333335,41784.37,1
1208,1207.9999999999961,324.345833,282.23333333333335,42112.5,1
1209,1208.9999999999961,324.563542,282.26666666666665,42296.88,1
1210,1209.9979166666628,324.680208,282.3,42380.21,1
1211,1210.9999999999961,325.313021,282.3333333333333,42979.69,1
1212,1211.9999999999961,325.654688,283.3,42354.69,1
1213,1212.999999999996,325.661458,283.3,42361.46,1
1214,1213.9999999999961,326.119792,283.3333333333333,42786.46,1
1215,1214.9999999999961,326.405208,283.3333333333333,43071.87,1
1216,1215.9999999999961,326.6125,283.3666666666667,43245.83,1
1217,1216.9999999999964,326.819791,284.3333333333333,42486.46,1
1218,1217.9999999999964,327.211979,284.46666666666664,42745.31,1
1219,1218.9999999999964,327.492708,284.5,42992.71,1
1220,1219.9999999999964,327.773438,284.7,43073.44,1
1221,1220.9999999999964,328.171875,284.7,43471.88,1
1222,1221.9999999999964,328.5875,285.06666666666666,43520.83,1
1223,1222.9999999999964,329.003125,285.3333333333333,43669.79,1
1224,1223.9999999999964,329.41875,285.5,43918.75,1
1225,1224.9999999999964,329.763021,285.7,44063.02,1
1226,1225.9999999999964,330.107292,285.8,44307.29,1
1227,1226.9999999999968,330.415625,285.8666666666667,44548.96,1
1228,1227.9999999999968,330.7625,285.8666666666667,44895.83,1
1229,1228.999999999997,331.1375,286.5,44637.5,1
1230,1229.9999999999973,331.614583,286.53333333333336,45081.25,1
1231,1230.9999999999975,332.122917,286.53333333333336,45589.58,1
1232,1231.9999999999973,332.561458,286.56666666666666,45994.79,1
1233,1232.999999999998,333.027084,286.56666666666666,46460.42,1
1234,1233.9999999999975,333.615625,286.6,47015.62,1
1235,1234.9999999999975,334.082292,286.8,47282.29,1
1236,1235.999999999998,334.50625,287.0,47506.25,1
1237,1236.9999999999984,334.822396,287.1,47722.4,1
1238,1237.999999999998,335.104167,288.23333333333335,46870.83,1
1239,1238.999999999998,335.377604,288.3,47077.6,1
1240,1239.999999999998,335.672395,288.6333333333333,47039.06,1
1241,1240.9999999999986,335.963542,288.73333333333335,47230.21,1
1242,1241.9999999999984,336.305208,288.73333333333335,47571.87,1
1243,1242.9999999999986,336.584896,288.76666666666665,47818.23,1
1244,1243.9999999999986,336.844792,288.8,48044.79,1
1245,1244.9999999999986,337.084896,288.8,48284.9,1
1246,1245.9999999999986,337.369792,288.8666666666667,48503.13,1
1247,1246.9999999999989,337.617188,290.3666666666667,47250.52,1
1248,1247.9999999999989,337.930208,290.5,47430.21,1
1249,1248.999999999999,338.172917,290.6333333333333,47539.58,1
1250,1249.999999999999,338.397917,290.6333333333333,47764.58,1
1251,1250.999999999999,338.6463540000001,290.8,47846.35,1
1252,1251.999999999999,338.950521,290.8333333333333,48117.19,1
1253,1252.9999999999993,339.198959,290.8333333333333,48365.63,1
1254,1253.9999999999993,339.534375,290.8666666666667,48667.71,1
1255,1254.9999999999995,339.85625,290.8666666666667,48989.58,1
1256,1255.9999999999998,340.090104,290.9,49190.1,1
1257,1256.9999999999993,340.34375,290.93333333333334,49410.42,1
1258,1257.9999999999998,340.633333,290.93333333333334,49700.0,1
1259,1258.9999999999998,340.872396,291.56666666666666,49305.73,1
1260,1260.0,341.128125,293.7,47428.13,1
1261,1261.0,341.415104,293.9,47515.1,1
1262,1262.0000000000002,341.643229,294.7,46943.23,1
1263,1263.0000000000002,341.879166,294.7,47179.17,1
1264,1264.0000000000002,342.149479,294.8333333333333,47316.15,1
1265,1265.0000000000002,342.353646,295.8666666666667,46486.98,1
1266,1266.0000000000005,342.624479,295.8666666666667,46757.81,1
1267,1267.0000000000002,342.89323,295.9,46993.23,1
1268,1268.0000000000005,343.170833,295.93333333333334,47237.5,1
1269,1269.0000000000007,343.425,295.93333333333334,47491.67,1
1270,1270.0000000000005,343.984896,295.96666666666664,48018.23,1
1271,1271.000000000001,344.260938,295.96666666666664,48294.27,1
1272,1272.000000000001,344.540625,296.03333333333336,48507.29,1
1273,1273.000000000001,344.789063,296.1,48689.06,1
1274,1274.000000000001,345.022917,296.1,48922.92,1
1275,1275.0000000000011,345.299479,296.6,48699.48,1
1276,1276.000000000001,345.570833,296.6333333333333,48937.5,1
1277,1277.0000000000014,345.829166,296.6333333333333,49195.83,1
1278,1278.0000000000014,346.223437,296.6666666666667,49556.77,1
1279,1279.0000000000014,346.573438,296.6666666666667,49906.77,1
1280,1280.0000000000014,346.802083,296.7,50102.08,1
1281,1281.000000000002,347.128125,296.73333333333335,50394.79,1
1282,1282.0000000000014,347.567708,296.73333333333335,50834.37,1
1283,1283.000000000002,347.784896,297.8333333333333,49951.56,1
1284,1284.000000000002,348.060417,299.2,48860.42,1
1285,1285.000000000002,348.309375,301.3333333333333,46976.04,1
1286,1286.000000000002,348.575,302.3666666666667,46208.33,1
1287,1287.000000000002,348.914583,302.46666666666664,46447.92,1
1288,1288.0000000000023,349.277084,302.46666666666664,46810.42,1
1289,1289.0000000000023,349.503125,302.5,47003.13,1
1290,1290.0000000000025,349.783854,302.53333333333336,47250.52,1
1291,1291.0000000000025,350.0640620000001,304.6,45464.06,1
1292,1292.0000000000025,350.313542,305.43333333333334,44880.21,1
1293,1293.0000000000027,350.6375,305.43333333333334,45204.17,1
1294,1294.0000000000027,350.982292,305.46666666666664,45515.63,1
1295,1295.0000000000027,351.231771,305.46666666666664,45765.1,1
1296,1296.000000000003,351.5625,305.5,46062.5,1
1297,1297.000000000003,351.875521,305.53333333333336,46342.19,1
1298,1298.000000000003,352.181771,305.53333333333336,46648.44,1
1299,1299.0000000000032,352.679167,305.56666666666666,47112.5,1
1300,1300.0000000000032,353.063542,305.6,47463.54,1
1301,1301.0000000000032,353.415625,305.6,47815.62,1
1302,1302.0000000000034,353.75625,305.6333333333333,48122.92,1
1303,1303.0000000000034,354.221875,305.6333333333333,48588.54,1
1304,1304.0000000000032,354.734375,305.6666666666667,49067.71,1
1305,1305.0000000000061,355.269791,305.7,49569.79,1
1306,1306.0000000000057,355.666667,305.73333333333335,49933.33,1
1307,1307.0000000000057,355.905729,305.73333333333335,50172.4,1
1308,1308.0000000000052,356.091667,305.8,50291.67,1
1309,1309.000000000005,356.358333,306.73333333333335,49625.0,1
1310,1310.0000000000048,356.553125,306.73333333333335,49819.79,1
1311,1311.0000000000045,356.780729,307.0,49780.73,1
1312,1312.0000000000045,357.013542,307.2,49813.54,1
1313,1313.0000000000043,357.211458,307.5,49711.46,1
1314,1314.0000000000039,357.429688,307.7,49729.69,1
1315,1315.0000000000036,357.65625,307.8,49856.25,1
1316,1316.0000000000034,357.857292,308.1,49757.29,1
1317,1317.0000000000034,358.034375,308.3,49734.38,1
1318,1318.0000000000032,358.235417,308.5,49735.42,1
1319,1319.000000000003,358.417188,308.5,49917.19,1
1320,1320.0000000000027,358.619792,308.76666666666665,49853.13,1
1321,1321.0000000000023,358.842708,308.76666666666665,50076.04,1
1322,1322.0000000000023,359.045834,308.8333333333333,50212.5,1
1323,1323.000000000002,359.340104,309.6666666666667,49673.44,1
1324,1324.0000000000016,359.622917,309.7,49922.92,1
1325,1325.0000000000014,359.846875,309.9,49946.88,1
1326,1326.0000000000011,360.057292,310.1666666666667,49890.63,1
1327,1327.0000000000011,360.257291,312.43333333333334,47823.96,1
1328,1328.000000000001,360.465625,313.56666666666666,46898.96,1
1329,1329.0000000000005,360.666146,314.73333333333335,45932.81,1
1330,1330.0000000000002,360.888542,314.76666666666665,46121.88,1
1331,1331.0,361.068229,315.1,45968.23,1
1332,1332.0,361.239062,315.3666666666667,45872.4,1
1333,1332.9999999999998,361.458333,316.2,45258.33,1
1334,1333.9999999999995,361.647396,316.8333333333333,44814.06,1
1335,1334.999999999999,361.827604,316.8333333333333,44994.27,1
1336,1335.9999999999989,362.023958,317.06666666666666,44957.29,1
1337,1336.9999999999989,362.217708,317.3333333333333,44884.37,1
1338,1337.9999999999986,362.426563,317.3333333333333,45093.23,1
1339,1338.9999999999984,362.641667,317.4,45241.67,1
1340,1339.999999999998,362.855208,317.4,45455.21,1
1341,1340.9999999999977,363.042708,317.43333333333334,45609.37,1
1342,1341.9999999999977,363.214063,317.46666666666664,45747.4,1
1343,1342.9999999999973,363.385938,317.46666666666664,45919.27,1
1344,1343.999999999997,363.552604,317.5,46052.6,1
1345,1344.9999999999968,363.74375,317.5,46243.75,1
1346,1345.9999999999966,363.910937,317.53333333333336,46377.6,1
1347,1346.9999999999966,364.104688,317.56666666666666,46538.02,1
1348,1347.9999999999964,364.316667,318.5,45816.67,1
1349,1348.9999999999961,364.498959,319.6333333333333,44865.63,1
1350,1349.9999999999957,364.691146,319.8,44891.15,1
1351,1350.9999999999955,364.879687,319.8666666666667,45013.02,1
1352,1351.9999999999955,365.057813,320.56666666666666,44491.15,1
1353,1352.9999999999952,365.252083,320.8,44452.08,1
1354,1353.999999999995,365.461458,321.3333333333333,44128.12,1
1355,1354.9999999999948,365.614583,322.46666666666664,43147.92,1
1356,1355.9999999999943,365.78125,323.96666666666664,41814.58,1
1357,1356.9999999999943,365.98125,324.1666666666667,41814.58,1
1358,1357.9999999999939,366.134896,324.3333333333333,41801.56,1
1359,1358.9999999999936,366.321875,324.3333333333333,41988.54,1
1360,1359.9999999999934,366.508333,324.53333333333336,41975.0,1
1361,1360.9999999999932,366.710417,325.5,41210.42,1
1362,1361.9999999999932,366.889583,325.7,41189.58,1
1363,1362.999999999993,367.0625,325.7,41362.5,1
1364,1363.9999999999927,367.24375,326.26666666666665,40977.08,1
1365,1364.9999999999923,367.489583,326.26666666666665,41222.92,1
1366,1365.9999999999918,367.695833,326.4,41295.83,1
1367,1366.9999999999918,367.835938,327.46666666666664,40369.27,1
1368,1367.9999999999918,368.003125,327.93333333333334,40069.79,1
1369,1368.9999999999918,368.183854,327.93333333333334,40250.52,1
1370,1369.9999999999918,368.325521,327.96666666666664,40358.85,1
1371,1370.9999999999918,368.516667,327.96666666666664,40550.0,1
1372,1371.9999999999918,368.715625,328.0,40715.62,1
1373,1372.9999999999918,368.938542,328.03333333333336,40905.21,1
1374,1373.9999999999918,369.117708,328.1666666666667,40951.04,1
1375,1374.9999999999918,369.315625,328.3666666666667,40948.96,1
1376,1375.9999999999918,369.521875,331.46666666666664,38055.21,1
1377,1376.999999999992,369.796875,332.06666666666666,37730.21,1
1378,1377.9999999999918,370.159375,332.06666666666666,38092.71,1
1379,1378.9999999999918,370.339583,332.1,38239.58,1
1380,1379.9999999999918,370.507292,332.1,38407.29,1
1381,1380.9999999999918,370.69375,332.1333333333333,38560.42,1
1382,1381.9999999999918,370.872917,332.1666666666667,38706.25,1
1383,1382.9999999999918,370.920834,332.1666666666667,38754.17,1
1384,1383.9999999999918,371.259375,332.2,39059.37,1
1385,1384.9999999999918,371.436458,332.23333333333335,39203.12,1
1386,1385.9999999999918,371.628125,332.23333333333335,39394.79,1
1387,1386.9999999999918,371.789583,332.26666666666665,39522.92,1
1388,1387.9999999999918,371.955208,332.26666666666665,39688.54,1
1389,1388.9999999999918,372.132292,332.3,39832.29,1
1390,1389.9999999999918,372.290625,332.3333333333333,39957.29,1
1391,1390.9999999999918,372.470833,332.56666666666666,39904.17,1
1392,1391.9999999999918,372.620833,332.6666666666667,39954.17,1
1393,1392.9999999999918,372.788542,332.93333333333334,39855.21,1
1394,1393.9999999999918,372.939583,334.2,38739.58,1
1395,1394.999999999992,373.088542,334.73333333333335,38355.21,1
1396,1395.999999999992,373.396354,336.2,37196.35,1
1397,1396.999999999992,373.704167,339.4,34304.17,1
1398,1397.999999999992,374.011979,344.56666666666666,29445.31,1
1399,1398.9999999999918,374.319792,344.56666666666666,29753.13,1
1400,1399.9999999999918,374.627605,344.9,29727.61,1
1401,1400.9999999999918,374.935417,344.93333333333334,30002.08,1
1402,1401.9999999999918,375.18125,344.93333333333334,30247.92,1
1403,1402.9999999999918,375.327083,344.96666666666664,30360.42,1
1404,1403.9999999999918,375.485417,344.96666666666664,30518.75,1
1405,1404.9999999999918,375.660417,345.0,30660.42,1
1406,1405.9999999999918,375.835417,345.03333333333336,30802.08,1
1407,1406.9999999999918,376.017708,345.03333333333336,30984.37,1
1408,1407.9999999999918,376.217708,345.06666666666666,31151.04,1
1409,1408.9999999999918,376.396875,345.1,31296.88,1
1410,1409.9999999999918,376.56875,345.1,31468.75,1
1411,1410.9999999999918,376.755208,345.1333333333333,31621.87,1
1412,1411.9999999999918,376.911458,345.1333333333333,31778.12,1
1413,1412.9999999999918,377.097917,345.1666666666667,31931.25,1
1414,1413.9999999999918,377.251042,345.2,32051.04,1
1415,1414.9999999999918,377.426042,345.2,32226.04,1
1416,1415.9999999999918,377.575,345.23333333333335,32341.67,1
1417,1416.9999999999918,377.757292,345.26666666666665,32490.63,1
1418,1417.9999999999918,377.88125,345.5,32381.25,1
1419,1418.999999999992,378.019792,345.73333333333335,32286.46,1
1420,1419.999999999992,378.248438,347.03333333333336,31215.1,1
1421,1420.999999999992,378.477084,347.1666666666667,31310.42,1
1422,1421.999999999992,378.70573,349.93333333333334,28772.4,1
1423,1422.9999999999918,378.934375,349.93333333333334,29001.04,1
1424,1423.9999999999918,379.163021,350.1666666666667,28996.35,1
1425,1424.9999999999918,379.391667,350.2,29191.67,1
1426,1425.9999999999918,379.661458,350.2,29461.46,1
1427,1426.9999999999918,379.852083,350.23333333333335,29618.75,1
1428,1427.9999999999918,380.065625,350.23333333333335,29832.29,1
1429,1428.9999999999918,380.2625,350.26666666666665,29995.83,1
1430,1429.9999999999918,380.441667,350.3,30141.67,1
1431,1430.9999999999918,380.644792,350.3,30344.79,1
1432,1431.9999999999918,380.864583,350.3333333333333,30531.25,1
1433,1432.9999999999918,381.067708,350.3333333333333,30734.37,1
1434,1433.9999999999918,381.272917,350.3666666666667,30906.25,1
1435,1434.9999999999918,381.451042,350.4,31051.04,1
1436,1435.9999999999918,381.666667,350.4,31266.67,1
1437,1436.9999999999918,381.942708,350.43333333333334,31509.37,1
1438,1437.9999999999918,382.144792,350.46666666666664,31678.13,1
1439,1438.9999999999918,382.330208,350.46666666666664,31863.54,1
1440,1439.9999999999918,382.534375,350.5,32034.38,1
1441,1440.9999999999918,382.745833,350.5,32245.83,1
1442,1441.9999999999918,382.927083,350.53333333333336,32393.75,1
1443,1442.9999999999918,383.153125,350.56666666666666,32586.46,1
1444,1443.9999999999918,383.402083,350.56666666666666,32835.42,1
1445,1444.9999999999918,383.596875,350.6,32996.87,1
1446,1445.9999999999918,383.771875,350.6333333333333,33138.54,1
1447,1446.9999999999918,383.954167,350.6666666666667,33287.5,1
1448,1447.9999999999918,384.138542,350.8666666666667,33271.88,1
1449,1448.9999999999918,384.390625,351.26666666666665,33123.96,1
1450,1449.9999999999918,384.638542,351.43333333333334,33205.21,1
1451,1450.9999999999918,384.833333,351.8333333333333,33000.0,1
1452,1451.9999999999918,384.992708,352.76666666666665,32226.04,1
1453,1452.9999999999918,385.189583,353.0,32189.58,1
1454,1453.9999999999918,385.373958,353.53333333333336,31840.62,1
1455,1454.9999999999918,385.5625,353.73333333333335,31829.17,1
1456,1455.9999999999918,385.775,353.96666666666664,31808.33,1
1457,1456.9999999999918,385.948958,354.1,31848.96,1
1458,1457.9999999999918,386.135417,355.6,30535.42,1
1459,1458.9999999999918,386.30625,355.8,30506.25,1
1460,1459.9999999999918,386.516667,355.9,30616.67,1
1461,1460.9999999999918,386.792708,356.1,30692.71,1
1462,1461.9999999999918,387.022917,356.1333333333333,30889.58,1
1463,1462.9999999999918,387.23125,356.23333333333335,30997.92,1
1464,1463.9999999999918,387.419792,356.43333333333334,30986.46,1
1465,1464.9999999999918,387.651042,356.73333333333335,30917.71,1
1466,1465.9999999999918,387.844792,356.73333333333335,31111.46,1
1467,1466.9999999999918,388.038542,357.6666666666667,30371.88,1
1468,1467.9999999999918,388.289583,357.96666666666664,30322.92,1
1469,1468.9999999999918,388.496875,358.2,30296.88,1
1470,1469.9999999999918,388.671875,358.3,30371.87,1
1471,1470.9999999999918,388.884375,358.5,30384.37,1
1472,1471.9999999999918,389.10625,358.76666666666665,30339.58,1
1473,1472.9999999999918,389.458333,358.96666666666664,30491.67,1
1474,1473.9999999999918,389.903125,359.3333333333333,30569.79,1
1475,1474.9999999999925,390.085417,359.8666666666667,30218.75,1
1476,1475.9999999999925,390.31198,360.06666666666666,30245.31,1
1477,1476.9999999999925,390.541667,360.3,30241.67,1
1478,1477.9999999999923,390.74375,360.53333333333336,30210.42,1
1479,1478.9999999999923,391.060417,360.7,30360.42,1
1480,1479.999999999992,391.31302,360.9,30413.02,1
1481,1480.999999999992,391.50625,361.1666666666667,30339.58,1
1482,1481.999999999992,391.744271,361.46666666666664,30277.6,1
1483,1482.999999999992,391.9625,361.6666666666667,30295.83,1
1484,1483.9999999999923,392.151563,361.76666666666665,30384.9,1
1485,1484.9999999999918,392.397917,361.96666666666664,30431.25,1
1486,1485.9999999999918,392.659896,362.1666666666667,30493.23,1
1487,1486.9999999999916,392.863542,362.4,30463.54,1
1488,1487.9999999999918,393.111979,362.6,30511.98,1
1489,1488.9999999999916,393.35625,362.8,30556.25,1
1490,1489.9999999999916,393.575,363.23333333333335,30341.67,1
1491,1490.9999999999918,393.933333,363.73333333333335,30200.0,1
1492,1491.9999999999914,394.283333,363.93333333333334,30350.0,1
1493,1492.9999999999916,394.571875,364.1333333333333,30438.54,1
1494,1493.9999999999914,394.836979,364.1333333333333,30703.65,1
1495,1494.9999999999916,395.066667,364.23333333333335,30833.33,1
1496,1495.9999999999911,395.28125,364.43333333333334,30847.92,1
1497,1496.9999999999914,395.519792,364.6333333333333,30886.46,1
1498,1497.9999999999905,395.810417,364.8,31010.42,1
1499,1498.9999999999905,396.034375,364.9,31134.38,1
1500,1499.9999999999905,396.305208,365.43333333333334,30871.87,1
1501,1500.9999999999905,396.585417,365.5,31085.42,1
1502,1501.9999999999902,396.819792,365.6,31219.79,1
1503,1502.9999999999902,397.157292,365.8333333333333,31323.96,1
1504,1503.99999999999,397.4375,365.9,31537.5,1
1505,1504.99999999999,397.673958,366.1,31573.96,1
1506,1505.99999999999,397.934375,366.3333333333333,31601.04,1
1507,1506.9999999999898,398.171875,366.46666666666664,31705.21,1
1508,1507.9999999999898,398.403125,366.6,31803.12,1
1509,1508.9999999999898,398.659375,366.96666666666664,31692.71,1
1510,1509.9999999999895,398.906771,367.23333333333335,31673.44,1
1511,1510.9999999999895,399.111458,367.56666666666666,31544.79,1
1512,1511.9999999999895,399.381771,367.6666666666667,31715.1,1
1513,1512.9999999999895,399.596875,367.8333333333333,31763.54,1
1514,1513.9999999999895,399.821875,368.03333333333336,31788.54,1
1515,1514.9999999999893,400.107292,368.2,31907.29,1
1516,1515.9999999999893,400.403646,368.53333333333336,31870.31,1
1517,1516.999999999989,400.64375,368.56666666666666,32077.08,1
1518,1517.9999999999893,400.91875,369.73333333333335,31185.42,1
1519,1518.999999999989,401.163542,369.8666666666667,31296.88,1
1520,1519.999999999989,401.405208,369.9,31505.21,1
1521,1520.9999999999889,401.648958,369.96666666666664,31682.29,1
1522,1521.9999999999889,401.942708,370.3333333333333,31609.37,1
1523,1522.9999999999884,402.15,370.43333333333334,31716.67,1
1524,1523.9999999999889,402.377083,370.43333333333334,31943.75,1
1525,1524.9999999999889,402.611458,370.9,31711.46,1
1526,1525.9999999999884,402.8125,371.0,31812.5,1
1527,1526.9999999999884,403.076042,371.1333333333333,31942.71,1
1528,1527.9999999999882,403.311979,371.3666666666667,31945.31,1
1529,1528.9999999999882,403.477083,371.3666666666667,32110.42,1
1530,1529.9999999999882,403.754167,371.4,32354.17,1
1531,1530.9999999999882,403.971875,371.6,32371.87,1
1532,1531.999999999988,404.19375,371.93333333333334,32260.42,1
1533,1532.999999999988,404.458333,372.46666666666664,31991.67,1
1534,1533.9999999999882,404.742188,372.6666666666667,32075.52,1
1535,1534.9999999999877,404.934375,372.8333333333333,32101.04,1
1536,1535.9999999999882,405.18125,372.8333333333333,32347.92,1
1537,1536.9999999999877,405.413542,373.0,32413.54,1
1538,1537.9999999999877,405.625,374.43333333333334,31191.67,1
1539,1538.9999999999875,405.846875,374.8333333333333,31013.54,1
1540,1539.9999999999875,406.086979,375.1666666666667,30920.31,1
1541,1540.9999999999875,406.284375,375.3666666666667,30917.71,1
1542,1541.9999999999875,406.516146,375.4,31116.15,1
1543,1542.999999999987,406.763542,375.56666666666666,31196.88,1
1544,1543.999999999987,407.041667,375.6333333333333,31408.33,1
1545,1544.9999999999868,407.395833,376.03333333333336,31362.5,1
1546,1545.9999999999868,407.644531,376.23333333333335,31411.2,1
1547,1546.9999999999866,407.893229,376.43333333333334,31459.9,1
1548,1547.9999999999868,408.154167,376.53333333333336,31620.83,1
1549,1548.9999999999868,408.402083,376.7,31702.08,1
1550,1549.9999999999868,408.534375,376.96666666666664,31567.71,1
1551,1550.9999999999864,408.70625,377.0,31706.25,1
1552,1551.9999999999864,408.926042,377.2,31726.04,1
1553,1552.9999999999861,409.094792,377.3666666666667,31728.13,1
1554,1553.9999999999861,409.289583,377.6333333333333,31656.25,1
1555,1554.9999999999861,409.4875,377.76666666666665,31720.83,1
1556,1555.9999999999861,409.685416,377.76666666666665,31918.75,1
1557,1556.9999999999861,409.883333,377.8,32083.33,1
1558,1557.999999999986,410.129167,377.8333333333333,32295.83,1
1559,1558.999999999986,410.3,377.8333333333333,32466.67,1
1560,1559.9999999999857,410.464583,378.03333333333336,32431.25,1
1561,1560.9999999999857,410.677604,378.06666666666666,32610.94,1
1562,1561.9999999999857,410.872917,378.06666666666666,32806.25,1
1563,1562.9999999999857,411.176042,378.1,33076.04,1
1564,1563.9999999999854,411.347917,378.1666666666667,33181.25,1
1565,1564.9999999999854,411.527083,378.3666666666667,33160.42,1
1566,1565.9999999999854,411.719792,378.56666666666666,33153.13,1
1567,1566.9999999999852,411.929167,378.96666666666664,32962.5,1
1568,1567.9999999999854,412.124479,379.1666666666667,32957.81,1
1569,1568.9999999999852,412.383333,379.23333333333335,33150.0,1
1570,1569.9999999999852,412.676562,379.73333333333335,32943.23,1
1571,1570.9999999999852,412.834375,379.73333333333335,33101.04,1
1572,1571.9999999999852,413.020312,379.8333333333333,33186.98,1
1573,1572.9999999999852,413.211458,379.9,33311.46,1
1574,1573.9999999999852,413.444792,380.9,32544.79,1
1575,1574.999999999985,413.616667,380.9,32716.67,1
1576,1575.999999999985,413.766667,380.96666666666664,32800.0,1
1577,1576.9999999999848,413.946875,381.0,32946.87,1
1578,1577.9999999999848,414.140625,381.06666666666666,33073.96,1
1579,1578.9999999999848,414.357639,381.06666666666666,33290.97,1
1580,1579.9999999999845,414.574653,381.1,33474.65,1
1581,1580.9999999999848,414.791667,381.26666666666665,33525.0,1
1582,1581.9999999999843,414.964583,382.43333333333334,32531.25,1
1583,1582.9999999999843,415.141667,382.43333333333334,32708.33,1
1584,1583.999999999984,415.313021,383.0,32313.02,1
1585,1584.9999999999843,415.498958,383.1666666666667,32332.29,1
1586,1585.999999999984,415.698958,383.1666666666667,32532.29,1
1587,1586.999999999984,415.96875,383.2,32768.75,1
1588,1587.9999999999839,416.15625,383.2,32956.25,1
1589,1588.9999999999839,416.321875,383.23333333333335,33088.54,1
1590,1589.9999999999834,416.519792,383.26666666666665,33253.13,1
1591,1590.9999999999834,416.697396,383.4,33297.4,1
1592,1591.9999999999834,416.886459,383.46666666666664,33419.79,1
1593,1592.9999999999834,417.144792,383.5,33644.79,1
1594,1593.9999999999832,417.3375,383.6,33737.5,1
1595,1594.9999999999832,417.517708,383.73333333333335,33784.37,1
1596,1595.9999999999832,417.694792,383.73333333333335,33961.46,1
1597,1596.999999999983,417.890625,386.3666666666667,31523.96,1
1598,1597.999999999983,418.088542,388.06666666666666,30021.88,1
1599,1598.999999999983,418.342188,388.6,29742.19,1
1600,1599.999999999983,418.529167,388.8333333333333,29695.83,1
1601,1600.9999999999827,418.703125,388.8333333333333,29869.79,1
1602,1601.9999999999827,418.890625,388.8666666666667,30023.96,1
1603,1602.9999999999825,419.085938,388.8666666666667,30219.27,1
1604,1603.9999999999825,419.270833,388.9,30370.83,1
1605,1604.9999999999823,419.496875,388.93333333333334,30563.54,1
1606,1605.9999999999825,419.719792,388.93333333333334,30786.46,1
1607,1606.999999999982,419.892708,388.96666666666664,30926.04,1
1608,1607.999999999982,420.173437,389.0,31173.44,1
1609,1608.999999999982,420.404167,389.53333333333336,30870.83,1
1610,1609.9999999999818,420.603646,389.73333333333335,30870.31,1
1611,1610.9999999999818,420.807813,389.8666666666667,30941.15,1
1612,1611.9999999999816,421.008333,390.0,31008.33,1
1613,1612.9999999999816,421.232292,390.0,31232.29,1
1614,1613.9999999999814,421.4875,390.26666666666665,31220.83,1
1615,1614.9999999999814,421.688542,390.3,31388.54,1
1616,1615.9999999999811,421.882292,390.8666666666667,31015.63,1
1617,1616.9999999999811,422.141667,391.06666666666666,31075.0,1
1618,1617.999999999981,422.515625,391.26666666666665,31248.96,1
1619,1618.999999999981,422.692708,391.4,31292.71,1
1620,1619.999999999981,422.828125,392.93333333333334,29894.79,1
1621,1620.9999999999807,422.965625,393.2,29765.62,1
1622,1621.999999999981,423.084896,393.3333333333333,29751.56,1
1623,1622.9999999999807,423.233333,393.8666666666667,29366.67,1
1624,1623.9999999999807,423.361458,394.06666666666666,29294.79,1
1625,1624.9999999999804,423.491667,394.26666666666665,29225.0,1
1626,1625.9999999999807,423.631771,394.46666666666664,29165.1,1
1627,1626.9999999999802,423.805208,394.7,29105.21,1
1628,1627.9999999999804,424.025,394.9,29125.0,1
1629,1628.9999999999802,424.566667,395.06666666666666,29500.0,1
1630,1629.9999999999802,425.079167,395.5,29579.17,1
1631,1630.9999999999798,425.280208,395.5,29780.21,1
1632,1631.9999999999802,425.513542,395.56666666666666,29946.88,1
1633,1632.9999999999798,425.739583,395.6,30139.58,1
1634,1633.9999999999798,425.9375,395.6,30337.5,1
1635,1634.9999999999798,426.197917,395.8666666666667,30331.25,1
1636,1635.9999999999795,426.49375,395.8666666666667,30627.08,1
1637,1636.9999999999795,426.661458,395.9,30761.46,1
1638,1637.9999999999795,426.891667,395.93333333333334,30958.33,1
1639,1638.9999999999795,427.113541,395.93333333333334,31180.21,1
1640,1639.9999999999793,427.30625,396.0,31306.25,1
1641,1640.9999999999793,427.553125,396.0,31553.13,1
1642,1641.999999999979,427.8375,396.06666666666666,31770.83,1
1643,1642.999999999979,428.008333,396.06666666666666,31941.67,1
1644,1643.999999999979,428.258333,396.1,32158.33,1
1645,1644.999999999979,428.476563,396.1333333333333,32343.23,1
1646,1645.9999999999789,428.695833,396.6,32095.83,1
1647,1646.9999999999789,429.014583,396.8,32214.58,1
1648,1647.9999999999789,429.357292,396.8,32557.29,1
1649,1648.9999999999786,429.51875,397.1333333333333,32385.42,1
1650,1649.9999999999789,429.770833,397.1333333333333,32637.5,1
1651,1650.9999999999786,430.013021,397.23333333333335,32779.69,1
1652,1651.9999999999786,430.223958,397.6333333333333,32590.62,1
1653,1652.9999999999784,430.486458,397.8333333333333,32653.12,1
1654,1653.9999999999784,430.799479,398.06666666666666,32732.81,1
1655,1654.999999999978,430.972916,398.1666666666667,32806.25,1
1656,1655.9999999999784,431.259375,398.43333333333334,32826.04,1
1657,1656.999999999978,431.569792,398.6666666666667,32903.13,1
1658,1657.999999999978,431.766666,398.6666666666667,33100.0,1
1659,1658.9999999999777,431.997396,398.7,33297.4,1
1660,1659.9999999999777,432.335938,398.7,33635.94,1
1661,1660.9999999999777,432.505208,398.73333333333335,33771.87,1
1662,1661.9999999999777,432.802083,398.76666666666665,34035.42,1
1663,1662.9999999999777,433.057813,398.8666666666667,34191.15,1
1664,1663.9999999999775,433.258333,399.06666666666666,34191.67,1
1665,1664.9999999999775,433.470833,399.4,34070.83,1
1666,1665.9999999999773,433.820833,399.4,34420.83,1
1667,1666.9999999999773,433.976563,399.76666666666665,34209.9,1
1668,1667.9999999999773,434.255729,399.8333333333333,34422.4,1
1669,1668.9999999999773,434.534375,400.03333333333336,34501.04,1
1670,1669.999999999977,434.730729,401.1333333333333,33597.4,1
1671,1670.999999999977,434.969791,401.23333333333335,33736.46,1
1672,1671.9999999999768,435.306771,401.23333333333335,34073.44,1
1673,1672.9999999999768,435.471875,401.3333333333333,34138.54,1
1674,1673.999999999977,435.748959,401.6666666666667,34082.29,1
1675,1674.9999999999768,436.027084,401.93333333333334,34093.75,1
1676,1675.9999999999768,436.215625,402.06666666666666,34148.96,1
1677,1676.9999999999766,436.419792,402.06666666666666,34353.13,1
1678,1677.9999999999766,436.804167,402.3333333333333,34470.83,1
1679,1678.999999999976,436.985416,402.73333333333335,34252.08,1
1680,1679.9999999999766,437.224479,402.96666666666664,34257.81,1
1681,1680.999999999976,437.454167,403.2,34254.17,1
1682,1681.999999999976,437.672917,403.2,34472.92,1
1683,1682.9999999999757,437.890104,403.6666666666667,34223.44,1
1684,1683.9999999999757,438.353646,404.8666666666667,33486.98,1
1685,1684.9999999999754,438.527084,404.8666666666667,33660.42,1
1686,1685.9999999999757,438.773438,405.46666666666664,33306.77,1
1687,1686.9999999999757,439.01823,405.46666666666664,33551.56,1
1688,1687.9999999999754,439.20625,405.5,33706.25,1
1689,1688.9999999999752,439.379167,405.73333333333335,33645.83,1
1690,1689.9999999999752,439.868229,405.96666666666664,33901.56,1
1691,1690.9999999999752,440.119792,406.1666666666667,33953.13,1
1692,1691.9999999999752,440.352083,406.3666666666667,33985.42,1
1693,1692.9999999999752,440.597917,406.4,34197.92,1
1694,1693.999999999975,440.827083,406.76666666666665,34060.42,1
1695,1694.999999999975,441.066667,410.43333333333334,30633.33,1
1696,1695.9999999999748,441.521875,410.46666666666664,31055.21,1
1697,1696.9999999999748,441.705729,410.5,31205.73,1
1698,1697.9999999999748,441.951563,410.56666666666666,31384.9,1
1699,1698.9999999999748,442.201563,410.8333333333333,31368.23,1
1700,1699.9999999999748,442.400521,410.93333333333334,31467.19,1
1701,1700.9999999999745,442.663542,411.23333333333335,31430.21,1
1702,1701.9999999999745,443.090104,411.3,31790.1,1
1703,1702.9999999999743,443.307292,411.4,31907.29,1
1704,1703.9999999999745,443.576042,411.5,32076.04,1
1705,1704.9999999999743,443.826563,411.7,32126.56,1
1706,1705.9999999999743,444.023438,411.8,32223.44,1
1707,1706.9999999999739,444.265104,412.0,32265.1,1
1708,1707.9999999999739,444.903125,412.2,32703.12,1
1709,1708.9999999999736,445.180729,412.43333333333334,32747.4,1
1710,1709.9999999999739,445.445834,412.6333333333333,32812.5,1
1711,1710.9999999999736,445.69375,412.8,32893.75,1
1712,1711.9999999999736,445.910937,412.8,33110.94,1
1713,1712.9999999999736,446.171354,412.8333333333333,33338.02,1
1714,1713.9999999999734,447.075521,412.8666666666667,34208.85,1
1715,1714.9999999999748,447.420833,412.8666666666667,34554.17,1
1716,1715.9999999999748,447.69375,412.9,34793.75,1
1717,1716.9999999999748,447.965104,412.9,35065.1,1
1718,1717.999999999975,448.238542,412.93333333333334,35305.21,1
1719,1718.999999999975,448.515625,414.4,34115.63,1
1720,1719.999999999975,448.886458,414.7,34186.46,1
1721,1720.999999999975,449.140625,414.76666666666665,34373.96,1
1722,1721.999999999975,449.416146,414.8666666666667,34549.48,1
1723,1722.999999999975,449.684896,416.03333333333336,33651.56,1
1724,1723.999999999975,449.967188,416.8666666666667,33100.52,1
1725,1724.999999999975,450.3125,417.1,33212.5,1
1726,1725.9999999999752,450.603125,417.23333333333335,33369.79,1
1727,1726.9999999999752,450.89375,417.5,33393.75,1
1728,1727.9999999999752,451.184375,417.73333333333335,33451.04,1
1729,1728.9999999999752,451.475,417.93333333333334,33541.67,1
1730,1729.9999999999752,451.765625,418.1333333333333,33632.29,1
1731,1730.999999999975,452.05625,418.3333333333333,33722.92,1
1732,1731.999999999975,452.346875,423.53333333333336,28813.54,1
1733,1732.9999999999804,452.761458,430.76666666666665,21994.79,1
1734,1733.9999999999802,453.042188,430.76666666666665,22275.52,1
1735,1734.9999999999802,453.322917,431.03333333333336,22289.58,1
1736,1735.9999999999798,453.643229,431.03333333333336,22609.9,1
1737,1736.9999999999798,453.993229,431.06666666666666,22926.56,1
1738,1737.9999999999802,454.486068,431.1,23386.07,1
1739,1738.9999999999802,454.97890700000005,431.1,23878.91,1
1740,1739.9999999999802,455.471745,431.1333333333333,24338.41,1
1741,1740.9999999999798,455.964584,431.1333333333333,24831.25,1
1742,1741.9999999999918,456.618229,431.1666666666667,25451.56,1
1743,1742.9999999999918,457.618229,431.23333333333335,26384.9,1
1744,1743.9999999999918,458.131315,432.53333333333336,25597.98,1
1745,1744.9999999999916,458.644401,432.6,26044.4,1
1746,1745.9999999999916,459.157487,432.6333333333333,26524.15,1
1747,1746.9999999999916,459.6705730000001,432.6333333333333,27037.24,1
1748,1747.9999999999916,460.183659,432.6666666666667,27516.99,1
1749,1748.9999999999918,460.696745,432.6666666666667,28030.08,1
1750,1749.999999999972,461.209831,432.7,28509.83,1
1751,1750.9999999999718,461.722917,432.73333333333335,28989.58,1
1752,1751.9999999999714,461.896354,432.73333333333335,29163.02,1
1753,1752.9999999999714,462.097136,432.76666666666665,29330.47,1
1754,1753.9999999999714,462.297917,432.8,29497.92,1
1755,1754.9999999999704,462.511979,432.8,29711.98,1
1756,1755.9999999999707,462.73984400000006,432.8333333333333,29906.51,1
1757,1756.9999999999707,462.967709,432.8333333333333,30134.38,1
1758,1757.9999999999704,463.195573,432.8666666666667,30328.91,1
1759,1758.9999999999704,463.423438,432.9,30523.44,1
1760,1759.9999999999704,463.65130199999993,432.9,30751.3,1
1761,1760.99999999997,463.879167,432.93333333333334,30945.83,1
1762,1761.9999999999704,464.111979,432.96666666666664,31145.31,1
1763,1762.9999999999702,464.344792,432.96666666666664,31378.13,1
1764,1763.9999999999702,464.577604,433.0,31577.6,1
1765,1764.9999999999702,464.752517,433.0,31752.52,1
1766,1765.9999999999704,464.92743,433.03333333333336,31894.1,1
1767,1766.9999999999702,465.102343,433.06666666666666,32035.68,1
1768,1767.9999999999702,465.277257,433.23333333333335,32043.92,1
1769,1768.9999999999702,465.45217,433.23333333333335,32218.84,1
1770,1769.99999999997,465.627083,433.26666666666665,32360.42,1
1771,1770.9999999999702,465.785677,433.26666666666665,32519.01,1
1772,1771.9999999999698,465.944271,433.3,32644.27,1
1773,1772.9999999999698,466.183333,433.46666666666664,32716.67,1
1774,1773.9999999999698,466.398958,433.56666666666666,32832.29,1
1775,1774.9999999999698,466.614583,433.56666666666666,33047.92,1
1776,1775.9999999999684,466.800521,433.9,32900.52,1
1777,1776.9999999999688,467.005729,433.93333333333334,33072.4,1
1778,1777.9999999999686,467.210938,433.93333333333334,33277.6,1
1779,1778.999999999968,467.421355,433.96666666666664,33454.69,1
1780,1779.9999999999677,467.679254,434.0,33679.25,1
1781,1780.999999999968,467.937153,434.0,33937.15,1
1782,1781.999999999968,468.195052,434.03333333333336,34161.72,1
1783,1782.999999999968,468.452951,434.03333333333336,34419.62,1
1784,1783.9999999999677,468.710851,434.06666666666666,34644.18,1
1785,1784.9999999999675,468.96875,434.1,34868.75,1
1786,1785.9999999999677,469.207292,434.1,35107.29,1
1787,1786.9999999999677,469.445833,434.1333333333333,35312.5,1
1788,1787.9999999999675,469.684375,434.26666666666665,35417.71,1
1789,1788.9999999999675,469.881945,434.46666666666664,35415.28,1
1790,1789.9999999999675,470.079514,434.6666666666667,35412.85,1
1791,1790.9999999999677,470.277084,434.8,35477.08,1
1792,1791.9999999999675,470.4746530000001,434.96666666666664,35507.99,1
1793,1792.9999999999675,470.672222,436.1666666666667,34505.56,1
1794,1793.9999999999673,470.869792,436.56666666666666,34303.13,1
1795,1794.9999999999673,471.047917,436.7,34347.92,1
1796,1795.9999999999668,471.226042,437.0,34226.04,1
1797,1796.9999999999668,471.472396,437.1333333333333,34339.06,1
1798,1797.999999999967,471.626389,437.1333333333333,34493.06,1
1799,1798.9999999999668,471.780382,437.1666666666667,34613.72,1
1800,1799.9999999999668,471.934375,437.2,34734.38,1
1801,1800.999999999967,472.093403,437.2,34893.4,1
1802,1801.9999999999668,472.25243,437.23333333333335,35019.1,1
1803,1802.9999999999668,472.411458,437.26666666666665,35144.79,1
1804,1803.9999999999668,472.577778,438.1666666666667,34411.11,1
1805,1804.9999999999666,472.744097,438.3333333333333,34410.76,1
1806,1805.9999999999663,472.910416,438.3333333333333,34577.08,1
1807,1806.9999999999668,473.170908,438.3666666666667,34804.24,1
1808,1807.9999999999668,473.431399,438.4,35031.4,1
1809,1808.9999999999666,473.69189000000006,439.46666666666664,34225.22,1
1810,1809.9999999999666,473.952381,442.06666666666666,31885.71,1
1811,1810.9999999999668,474.212872,443.5,30712.87,1
1812,1811.9999999999668,474.473363,443.7,30773.36,1
1813,1812.9999999999666,474.733854,443.73333333333335,31000.52,1
1814,1813.9999999999666,474.93932300000006,446.1333333333333,28805.99,1
1815,1814.9999999999666,475.144791,448.3666666666667,26778.12,1
1816,1815.9999999999668,475.35025999999993,448.46666666666664,26883.59,1
1817,1816.9999999999666,475.555729,448.46666666666664,27089.06,1
1818,1817.9999999999666,475.761198,448.5,27261.2,1
1819,1818.9999999999666,475.966667,448.53333333333336,27433.33,1
1820,1819.9999999999666,476.172135,448.53333333333336,27638.8,1
1821,1820.9999999999668,476.377604,448.56666666666666,27810.94,1
1822,1821.9999999999668,476.58307300000007,448.6,27983.07,1
1823,1822.9999999999668,476.788542,448.6,28188.54,1
1824,1823.999999999966,476.98125,448.6333333333333,28347.92,1
1825,1824.999999999966,477.176302,448.6333333333333,28542.97,1
1826,1825.9999999999652,477.371354,448.6666666666667,28704.69,1
1827,1826.9999999999648,477.601563,448.7,28901.56,1
1828,1827.9999999999645,477.84401,448.7,29144.01,1
1829,1828.9999999999645,478.086458,448.73333333333335,29353.12,1
1830,1829.9999999999648,478.328906,448.76666666666665,29562.24,1
1831,1830.9999999999648,478.571354,448.76666666666665,29804.69,1
1832,1831.9999999999645,478.813802,448.8,30013.8,1
1833,1832.9999999999645,479.05625,448.8,30256.25,1
1834,1833.9999999999643,479.276215,448.8333333333333,30442.88,1
1835,1834.9999999999645,479.49618,448.8666666666667,30629.51,1
1836,1835.999999999964,479.716145,448.93333333333334,30782.81,1
1837,1836.9999999999643,479.894791,449.1333333333333,30761.46,1
1838,1837.9999999999643,480.073437,449.3333333333333,30740.1,1
1839,1838.9999999999643,480.252083,449.7,30552.08,1
1840,1839.9999999999645,480.430729,450.0,30430.73,1
1841,1840.9999999999638,480.609375,450.1,30509.37,1
1842,1841.9999999999638,480.835417,450.1,30735.42,1
1843,1842.9999999999638,480.99948,450.1333333333333,30866.15,1
1844,1843.9999999999636,481.163542,450.43333333333334,30730.21,1
1845,1844.9999999999636,481.4125,450.53333333333336,30879.17,1
1846,1845.9999999999636,481.626302,450.53333333333336,31092.97,1
1847,1846.9999999999636,481.840104,450.56666666666666,31273.44,1
1848,1847.9999999999627,482.026042,450.6,31426.04,1
1849,1848.9999999999627,482.227604,450.6,31627.6,1
1850,1849.9999999999627,482.429167,450.6333333333333,31795.83,1
1851,1850.9999999999616,482.647917,450.6333333333333,32014.58,1
1852,1851.999999999962,482.89809,450.6666666666667,32231.42,1
1853,1852.9999999999616,483.148264,450.7,32448.26,1
1854,1853.9999999999616,483.398437,450.7,32698.44,1
1855,1854.999999999962,483.648611,450.73333333333335,32915.28,1
1856,1855.999999999962,483.898784,450.76666666666665,33132.12,1
1857,1856.9999999999616,484.148958,450.76666666666665,33382.29,1
1858,1857.9999999999616,484.402778,450.8,33602.78,1
1859,1858.9999999999613,484.656597,450.8,33856.6,1
1860,1859.9999999999616,484.910417,450.8333333333333,34077.08,1
1861,1860.9999999999616,485.110417,450.96666666666664,34143.75,1
1862,1861.9999999999613,485.310417,451.1333333333333,34177.08,1
1863,1862.9999999999613,485.510417,452.2,33310.42,1
1864,1863.9999999999613,485.710417,452.8333333333333,32877.08,1
1865,1864.9999999999613,485.910417,453.1333333333333,32777.08,1
1866,1865.999999999961,486.110417,453.3666666666667,32743.75,1
1867,1866.9999999999613,486.281771,453.8666666666667,32415.1,1
1868,1867.999999999961,486.453125,454.0,32453.12,1
1869,1868.9999999999607,486.6875,455.03333333333336,31654.17,1
1870,1869.999999999961,486.845139,455.7,31145.14,1
1871,1870.999999999961,487.002778,455.7,31302.78,1
1872,1871.9999999999607,487.160417,455.73333333333335,31427.08,1
1873,1872.9999999999607,487.309028,455.76666666666665,31542.36,1
1874,1873.9999999999607,487.457639,455.76666666666665,31690.97,1
1875,1874.9999999999607,487.60625,455.8,31806.25,1
1876,1875.9999999999607,487.79757,455.8,31997.57,1
1877,1876.9999999999607,487.988889,455.8333333333333,32155.56,1
1878,1877.9999999999604,488.180208,455.8666666666667,32313.54,1
1879,1878.9999999999604,488.395313,455.8666666666667,32528.65,1
1880,1879.9999999999607,488.610417,455.9,32710.42,1
1881,1880.9999999999607,488.825521,455.93333333333334,32892.19,1
1882,1881.9999999999607,489.040625,455.93333333333334,33107.29,1
1883,1882.9999999999604,489.255729,455.96666666666664,33289.06,1
1884,1883.9999999999604,489.470833,455.96666666666664,33504.17,1
1885,1884.9999999999607,490.111284,458.06666666666666,32044.62,1
1886,1885.9999999999607,490.75173600000005,458.06666666666666,32685.07,1
1887,1886.9999999999604,491.392187,458.3333333333333,33058.85,1
1888,1887.9979166666267,491.445573,458.3666666666667,33078.91,1
1889,1888.9979166666265,491.498958,458.3666666666667,33132.29,1
1890,1889.9999999999598,491.55234400000006,459.4,32152.34,1
1891,1890.997916666626,491.605729,459.43333333333334,32172.4,1
1892,1891.9979166666258,491.659115,459.43333333333334,32225.78,1
1893,1892.9999999999588,491.7125,459.46666666666664,32245.83,1
1894,1893.9999999999588,491.914844,459.46666666666664,32448.18,1
1895,1894.999999999959,492.117188,459.53333333333336,32583.85,1
1896,1895.9999999999588,492.296354,459.53333333333336,32763.02,1
1897,1896.9999999999588,492.501042,460.2,32301.04,1
1898,1897.9999999999586,492.622917,461.46666666666664,31156.25,1
1899,1898.9999999999584,492.81875,461.46666666666664,31352.08,1
1900,1899.9999999999584,492.996875,462.03333333333336,30963.54,1
1901,1900.9999999999575,493.16875,462.26666666666665,30902.08,1
1902,1901.9999999999575,493.334375,462.4,30934.38,1
1903,1902.9999999999575,493.575347,462.43333333333334,31142.01,1
1904,1903.9999999999575,493.81632,463.53333333333336,30282.99,1
1905,1904.9999999999575,494.057292,464.73333333333335,29323.96,1
1906,1905.999999999957,494.202083,464.9,29302.08,1
1907,1906.999999999957,494.376042,464.9,29476.04,1
1908,1907.9999999999568,494.55625,465.0,29556.25,1
1909,1908.9999999999568,494.760417,465.03333333333336,29727.08,1
1910,1909.9999999999568,494.953125,465.03333333333336,29919.79,1
1911,1910.9999999999566,495.11875,465.06666666666666,30052.08,1
1912,1911.9999999999566,495.292708,465.3333333333333,29959.37,1
1913,1912.9999999999563,495.475,465.6,29875.0,1
1914,1913.999999999956,495.651042,465.6333333333333,30017.71,1
1915,1914.9999999999561,495.864583,465.76666666666665,30097.92,1
1916,1915.999999999956,496.052083,465.76666666666665,30285.42,1
1917,1916.999999999956,496.351042,466.6666666666667,29684.38,1
1918,1917.999999999956,496.525,466.73333333333335,29791.67,1
1919,1918.999999999956,496.698959,466.93333333333334,29765.63,1
1920,1919.9999999999561,496.886979,467.06666666666666,29820.31,1
1921,1920.9999999999557,497.096875,468.1333333333333,28963.54,1
1922,1921.9999999999557,497.211458,469.1666666666667,28044.79,1
1923,1922.9999999999554,497.411458,469.1666666666667,28244.79,1
1924,1923.9999999999552,497.58125,469.2,28381.25,1
1925,1924.9999999999552,497.760417,469.2,28560.42,1
1926,1925.9999999999543,497.952083,469.23333333333335,28718.75,1
1927,1926.9999999999548,498.128472,469.26666666666665,28861.81,1
1928,1927.9999999999548,498.304861,469.26666666666665,29038.19,1
1929,1928.9999999999543,498.48125,469.3,29181.25,1
1930,1929.9999999999543,498.675,469.3333333333333,29341.67,1
1931,1930.9999999999538,498.83125,469.6333333333333,29197.92,1
1932,1931.9999999999538,498.983855,469.73333333333335,29250.52,1
1933,1932.9999999999538,499.15,470.1333333333333,29016.67,1
1934,1933.9999999999536,499.314583,470.26666666666665,29047.92,1
1935,1934.9999999999538,499.507292,470.3,29207.29,1
1936,1935.9999999999534,499.694792,470.3,29394.79,1
1937,1936.9999999999534,499.880208,471.1666666666667,28713.54,1
1938,1937.9999999999532,500.065104,471.56666666666666,28498.44,1
1939,1938.9999999999532,500.309375,471.6333333333333,28676.04,1
1940,1939.9999999999534,500.563542,471.6333333333333,28930.21,1
1941,1940.9999999999532,500.946875,472.46666666666664,28480.21,1
1942,1941.999999999952,501.384375,472.5,28884.37,1
1943,1942.9999999999516,501.60625,472.6333333333333,28972.92,1
1944,1943.9999999999516,501.825,473.1333333333333,28691.67,1
1945,1944.9999999999516,502.054167,473.26666666666665,28787.5,1
1946,1945.9999999999516,502.225,473.3,28925.0,1
1947,1946.9999999999513,502.491667,473.3,29191.67,1
1948,1947.9999999999511,502.678125,474.43333333333334,28244.79,1
1949,1948.9999999999513,502.860417,474.46666666666664,28393.75,1
1950,1949.9999999999516,503.1875,474.76666666666665,28420.83,1
1951,1950.9999999999511,503.470833,474.8333333333333,28637.5,1
1952,1951.9999999999513,503.648958,475.0,28648.96,1
1953,1952.9999999999518,503.795834,475.03333333333336,28762.5,1
1954,1953.9999999999513,503.998958,475.3666666666667,28632.29,1
1955,1954.9999999999518,504.167709,475.56666666666666,28601.04,1
1956,1955.9999999999511,504.409896,475.93333333333334,28476.56,1
1957,1956.9999999999511,504.632813,477.0,27632.81,1
1958,1957.9999999999513,504.807292,477.5,27307.29,1
1959,1958.9999999999507,504.991667,477.6333333333333,27358.33,1
1960,1959.9999999999507,505.171875,479.23333333333335,25938.54,1
1961,1960.9999999999513,505.3625,479.4,25962.5,1
1962,1961.9999999999507,505.596875,479.4,26196.88,1
1963,1962.9999999999513,505.779167,479.5,26279.17,1
1964,1963.9999999999502,505.944792,480.5,25444.79,1
1965,1964.9999999999502,506.15677,480.6666666666667,25490.1,1
1966,1965.9999999999507,506.428125,480.93333333333334,25494.79,1
1967,1966.99999999995,506.645833,480.93333333333334,25712.5,1
1968,1967.9999999999502,506.973958,480.96666666666664,26007.29,1
1969,1968.9999999999507,506.995313,481.0,25995.31,1
1970,1969.9999999999498,507.219271,481.0,26219.27,1
1971,1970.9999999999498,507.565625,481.06666666666666,26498.96,1
1972,1971.999999999949,507.777083,481.1666666666667,26610.42,1
1973,1972.9999999999495,507.948958,481.3666666666667,26582.29,1
1974,1973.9999999999495,508.334375,481.53333333333336,26801.04,1
1975,1974.9999999999493,508.644792,482.46666666666664,26178.13,1
1976,1975.9999999999495,508.8375,482.56666666666666,26270.83,1
1977,1976.9999999999498,508.983334,482.56666666666666,26416.67,1
1978,1977.9999999999493,509.197396,482.8,26397.4,1
1979,1978.9999999999495,509.378646,482.8333333333333,26545.31,1
1980,1979.9999999999486,509.584896,482.8333333333333,26751.56,1
1981,1980.9999999999488,509.797917,482.8666666666667,26931.25,1
1982,1981.9999999999495,509.983333,482.9,27083.33,1
1983,1982.9999999999486,510.213542,482.9,27313.54,1
1984,1983.9999999999488,510.402083,482.93333333333334,27468.75,1
1985,1984.999999999949,510.570833,484.23333333333335,26337.5,1
1986,1985.9999999999486,510.777084,484.43333333333334,26343.75,1
1987,1986.9999999999488,510.989583,484.8666666666667,26122.92,1
1988,1987.9999999999493,511.242708,484.8666666666667,26376.04,1
1989,1988.9999999999486,511.616146,484.9,26716.15,1
1990,1989.999999999949,511.922917,484.93333333333334,26989.58,1
1991,1990.9999999999486,512.1291669999998,484.93333333333334,27195.83,1
1992,1991.9999999999486,512.3166669999998,484.96666666666664,27350.0,1
1993,1992.9999999999486,512.59375,484.96666666666664,27627.08,1
1994,1993.9999999999484,512.851042,486.03333333333336,26817.71,1
1995,1994.9999999999484,513.189583,486.3333333333333,26856.25,1
1996,1995.9999999999488,513.414583,486.3333333333333,27081.25,1
1997,1996.9999999999484,513.638542,486.6333333333333,27005.21,1
1998,1997.9999999999486,513.915104,486.8666666666667,27048.44,1
1999,1998.9999999999482,514.147917,487.3666666666667,26781.25,1
2000,1999.9999999999484,514.411458,488.2,26211.46,1
2001,2000.9999999999484,514.66875,488.46666666666664,26202.08,1
2002,2001.9999999999482,514.8875,488.6333333333333,26254.17,1
2003,2002.9999999999484,515.074479,488.6333333333333,26441.15,1
2004,2003.9999999999486,515.275,489.06666666666666,26208.33,1
2005,2004.9999999999482,515.464062,490.3,25164.06,1
2006,2005.9999999999484,515.65625,491.76666666666665,23889.58,1
2007,2006.9999999999477,515.910416,491.93333333333334,23977.08,1
2008,2007.999999999948,516.1135419999998,492.1,24013.54,1
2009,2008.9999999999486,516.295833,492.1,24195.83,1
2010,2009.9999999999477,516.503646,492.3,24203.65,1
2011,2010.999999999948,516.7145830000002,492.53333333333336,24181.25,1
2012,2011.9999999999484,516.947917,492.73333333333335,24214.58,1
2013,2012.9999999999477,517.350521,492.73333333333335,24617.19,1
2014,2013.9999999999482,517.641667,492.93333333333334,24708.33,1
2015,2014.9999999999475,517.846875,493.0,24846.87,1
2016,2015.9999999999477,518.191146,494.6666666666667,23524.48,1
2017,2016.9999999999482,518.516145,494.6666666666667,23849.48,1
2018,2017.9999999999475,518.7375,495.5,23237.5,1
2019,2018.9999999999475,519.014063,495.5,23514.06,1
2020,2019.9999999999477,519.286458,495.53333333333336,23753.12,1
2021,2020.9999999999475,519.436458,495.56666666666666,23869.79,1
2022,2021.9999999999475,519.686979,495.56666666666666,24120.31,1
2023,2022.9999999999477,519.920834,495.6,24320.83,1
2024,2023.999999999947,520.108854,495.6333333333333,24475.52,1
2025,2024.9999999999475,520.342188,495.6333333333333,24708.85,1
2026,2025.9999999999468,520.589584,495.6666666666667,24922.92,1
2027,2026.9999999999468,520.802604,495.6666666666667,25135.94,1
2028,2027.9999999999475,521.080209,495.7,25380.21,1
2029,2028.999999999946,521.3,495.73333333333335,25566.67,1
2030,2029.9999999999463,521.489583,495.73333333333335,25756.25,1
2031,2030.9999999999457,521.767708,495.76666666666665,26001.04,1
2032,2031.999999999946,521.99375,495.76666666666665,26227.08,1
2033,2032.9999999999463,522.235417,495.8,26435.42,1
2034,2033.9999999999459,522.471875,495.8333333333333,26638.54,1
2035,2034.999999999946,522.7541669999998,495.8333333333333,26920.83,1
2036,2035.9999999999466,523.050521,495.93333333333334,27117.19,1
2037,2036.9999999999459,523.590625,496.0,27590.63,1
2038,2037.999999999946,523.9625,496.1666666666667,27795.83,1
2039,2038.999999999946,524.207813,496.26666666666665,27941.15,1
2040,2039.9999999999459,524.50625,496.6333333333333,27872.92,1
2041,2040.999999999946,524.776042,496.8666666666667,27909.38,1
2042,2041.9999999999459,525.010417,497.46666666666664,27543.75,1
2043,2042.9999999999457,525.296875,497.5,27796.88,1
2044,2043.999999999946,525.465625,498.0,27465.63,1
2045,2044.9999999999457,525.688542,498.76666666666665,26921.88,1
2046,2045.9999999999457,525.9375,498.8666666666667,27070.83,1
2047,2046.9999999999457,526.161458,499.1,27061.46,1
2048,2047.9999999999457,526.389583,499.3333333333333,27056.25,1
2049,2048.999999999946,526.617708,499.53333333333336,27084.37,1
2050,2049.9999999999454,526.8125,499.6333333333333,27179.17,1
2051,2050.9999999999454,526.991667,499.6666666666667,27325.0,1
2052,2051.999999999946,527.21875,499.8,27418.75,1
2053,2052.999999999945,527.392708,499.93333333333334,27459.37,1
2054,2053.999999999945,527.577083,499.93333333333334,27643.75,1
2055,2054.999999999946,527.8947919999998,499.96666666666664,27928.13,1
2056,2055.999999999945,528.084375,499.96666666666664,28117.71,1
2057,2056.999999999946,528.289583,500.0,28289.58,1
2058,2057.9999999999454,528.532292,500.03333333333336,28498.96,1
2059,2058.999999999945,528.789583,500.03333333333336,28756.25,1
2060,2059.9999999999454,529.005729,500.06666666666666,28939.06,1
2061,2060.9999999999445,529.4375,500.1,29337.5,1
2062,2061.999999999945,529.7458330000002,500.1,29645.83,1
2063,2062.9999999999454,529.944792,500.1333333333333,29811.46,1
2064,2063.9999999999445,530.245312,500.1333333333333,30111.98,1
2065,2064.9999999999454,530.518229,500.1666666666667,30351.56,1
2066,2065.9999999999445,530.719792,500.2,30519.79,1
2067,2066.9999999999445,530.986979,500.53333333333336,30453.65,1
2068,2067.9999999999445,531.175,501.7,29475.0,1
2069,2068.9999999999445,531.367708,501.7,29667.71,1
2070,2069.9999999999445,531.648958,503.03333333333336,28615.62,1
2071,2070.9999999999445,531.844792,503.6666666666667,28178.13,1
2072,2071.999999999944,532.045834,503.9,28145.83,1
2073,2072.999999999944,532.334896,503.9,28434.9,1
2074,2073.9999999999445,532.517708,503.93333333333334,28584.37,1
2075,2074.999999999944,532.723958,503.96666666666664,28757.29,1
2076,2075.999999999944,533.088542,503.96666666666664,29121.88,1
2077,2076.999999999944,533.3395830000002,504.03333333333336,29306.25,1
2078,2077.999999999944,533.5125,504.4,29112.5,1
2079,2078.9999999999445,533.672917,504.6,29072.92,1
2080,2079.999999999944,533.85,505.8,28050.0,1
2081,2080.999999999944,534.0666669999998,506.96666666666664,27100.0,1
2082,2081.9999999999445,534.30625,507.03333333333336,27272.92,1
2083,2082.999999999944,534.480729,507.03333333333336,27447.4,1
2084,2083.9999999999445,534.678125,507.43333333333334,27244.79,1
2085,2084.9999999999436,534.856771,507.43333333333334,27423.44,1
2086,2085.9999999999436,535.036458,507.6,27436.46,1
2087,2086.999999999944,535.255208,507.6333333333333,27621.87,1
2088,2087.9999999999436,535.614583,507.6333333333333,27981.25,1
2089,2088.9999999999436,535.921875,507.6666666666667,28255.21,1
2090,2089.999999999944,536.109375,507.6666666666667,28442.71,1
2091,2090.9999999999436,536.302083,507.7,28602.08,1
2092,2091.999999999944,536.509375,507.73333333333335,28776.04,1
2093,2092.9999999999436,536.623959,507.73333333333335,28890.63,1
2094,2093.9999999999436,536.914583,507.76666666666665,29147.92,1
2095,2094.9999999999436,537.142709,507.8,29342.71,1
2096,2095.999999999943,537.302083,507.8,29502.08,1
2097,2096.999999999943,537.503125,507.8333333333333,29669.79,1
2098,2097.9999999999436,537.6916669999998,507.8333333333333,29858.33,1
2099,2098.999999999943,537.888021,507.8666666666667,30021.35,1
2100,2099.9999999999436,538.138542,507.9,30238.54,1
2101,2100.999999999943,538.354167,507.9,30454.17,1
2102,2101.999999999943,538.516146,508.4,30116.15,1
2103,2102.999999999944,538.704166,508.6333333333333,30070.83,1
2104,2103.999999999943,538.895833,508.8666666666667,30029.17,1
2105,2104.999999999943,539.075521,508.8666666666667,30208.85,1
2106,2105.9999999999436,539.301041,508.9,30401.04,1
2107,2106.999999999943,539.491667,509.5,29991.67,1
2108,2107.9999999999436,539.6625,509.7,29962.5,1
2109,2108.9999999999436,539.85,509.76666666666665,30083.33,1
2110,2109.999999999943,540.05625,509.96666666666664,30089.58,1
2111,2110.999999999944,540.219792,510.1,30119.79,1
2112,2111.999999999943,540.432292,510.3,30132.29,1
2113,2112.999999999943,540.689583,511.56666666666666,29122.92,1
2114,2113.9999999999436,540.826041,511.56666666666666,29259.37,1
2115,2114.999999999943,541.057292,511.7,29357.29,1
2116,2115.999999999943,541.2770830000002,511.7,29577.08,1
2117,2116.9999999999427,541.45625,511.73333333333335,29722.92,1
2118,2117.999999999943,541.727083,511.76666666666665,29960.42,1
2119,2118.9999999999436,541.98125,511.76666666666665,30214.58,1
2120,2119.999999999943,542.184375,511.8,30384.38,1
2121,2120.999999999943,542.588542,511.8333333333333,30755.21,1
2122,2121.999999999943,542.823437,511.8333333333333,30990.1,1
2123,2122.9999999999427,543.0583330000002,511.8666666666667,31191.67,1
2124,2123.999999999943,543.247396,511.93333333333334,31314.06,1
2125,2124.999999999943,543.444792,512.1666666666666,31278.13,1
2126,2125.9999999999422,543.61875,512.3,31318.75,1
2127,2126.9999999999422,543.8479169999998,512.4333333333333,31414.58,1
2128,2127.9999999999422,544.06875,512.6333333333333,31435.42,1
2129,2128.999999999942,544.289583,512.7333333333333,31556.25,1
2130,2129.9999999999427,544.459375,513.1333333333333,31326.04,1
2131,2130.9999999999413,544.647917,513.1333333333333,31514.58,1
2132,2131.999999999941,544.858333,513.1666666666666,31691.67,1
2133,2132.999999999941,545.0625,513.1666666666666,31895.83,1
2134,2133.999999999941,545.253646,513.7,31553.65,1
2135,2134.999999999941,545.444792,514.7666666666667,30678.13,1
2136,2135.9999999999404,545.6015629999998,515.8,29801.56,1
2137,2136.99999999994,545.779167,516.1333333333333,29645.83,1
2138,2137.99999999994,545.982292,516.4333333333333,29548.96,1
2139,2138.999999999939,546.209375,516.6,29609.38,1
2140,2139.99999999994,546.425521,516.6,29825.52,1
2141,2140.9999999999395,546.641667,518.2,28441.67,1
2142,2141.999999999939,546.838021,518.4333333333333,28404.69,1
2143,2142.999999999939,547.0125,519.3,27712.5,1
2144,2143.999999999939,547.248958,519.5333333333333,27715.62,1
2145,2144.9999999999377,547.6,519.9,27700.0,1
2146,2145.9999999999377,547.815625,519.9,27915.62,1
2147,2146.9999999999372,547.985417,520.2,27785.42,1
2148,2147.999999999937,548.154167,520.4,27754.17,1
2149,2148.9999999999363,548.3239580000002,521.6,26723.96,1
2150,2149.999999999936,548.544792,522.0333333333333,26511.46,1
2151,2150.999999999936,548.684375,522.0333333333333,26651.04,1
2152,2151.999999999935,548.809375,522.0666666666667,26742.71,1
2153,2152.999999999935,548.986459,522.4666666666667,26519.79,1
2154,2153.999999999935,549.171875,522.6,26571.87,1
2155,2154.9999999999354,549.3515629999998,522.7333333333333,26618.23,1
2156,2155.999999999935,549.53125,522.9,26631.25,1
2157,2156.9999999999354,549.891667,522.9,26991.67,1
2158,2157.999999999934,550.1208330000002,523.0333333333333,27087.5,1
2159,2158.999999999934,550.297917,523.0666666666667,27231.25,1
2160,2159.999999999934,550.467708,523.2,27267.71,1
2161,2160.999999999933,550.640625,529.4,21240.63,1
2162,2161.999999999933,550.8125,530.2666666666667,20545.83,1
2163,2162.9999999999322,550.973958,530.4333333333333,20540.62,1
2164,2163.999999999932,551.138021,530.4333333333333,20704.69,1
2165,2164.999999999932,551.310416,530.8,20510.42,1
2166,2165.9999999999313,551.479687,530.9666666666667,20513.02,1
2167,2166.9999999999327,551.645052,531.1666666666666,20478.39,1
2168,2167.999999999931,551.810417,531.4666666666667,20343.75,1
2169,2168.9999999999313,552.013021,531.5,20513.02,1
2170,2169.9999999999313,552.236458,531.5333333333333,20703.12,1
2171,2170.9999999999304,552.3625,531.6,20762.5,1
2172,2171.9999999999304,552.5666669999998,531.8,20766.67,1
2173,2172.9999999999304,552.786458,531.9666666666667,20819.79,1
2174,2173.99999999993,552.925,532.2,20725.0,1
2175,2174.9999999999295,553.122917,533.9,19222.92,1
2176,2175.9999999999295,553.346875,533.9666666666667,19380.21,1
2177,2176.999999999929,553.469792,534.0666666666667,19403.13,1
2178,2177.999999999929,553.672917,534.0666666666667,19606.25,1
2179,2178.999999999929,553.9104169999998,534.1,19810.42,1
2180,2179.999999999928,554.04375,534.1333333333333,19910.42,1
2181,2180.999999999928,554.236459,534.1333333333333,20103.13,1
2182,2181.9999999999277,554.4625,534.1666666666666,20295.83,1
2183,2182.9999999999272,554.594792,534.2,20394.79,1
2184,2183.9999999999272,554.795833,534.2,20595.83,1
2185,2184.999999999927,555.0125,534.2333333333333,20779.17,1
2186,2185.999999999927,555.15625,534.2333333333333,20922.92,1
2187,2186.9999999999254,555.3635419999998,534.3666666666667,20996.88,1
2188,2187.999999999926,555.596875,534.5666666666667,21030.21,1
2189,2188.999999999926,555.742708,535.1666666666666,20576.04,1
2190,2189.999999999925,555.966146,535.2,20766.15,1
2191,2190.999999999925,556.209375,535.2,21009.37,1
2192,2191.999999999925,556.384375,536.0333333333333,20351.04,1
2193,2192.9999999999245,556.791667,536.1333333333333,20658.33,1
2194,2193.999999999925,557.038282,536.6,20438.28,1
2195,2194.9999999999245,557.284896,536.7666666666667,20518.23,1
2196,2195.9999999999145,557.404167,536.9666666666667,20437.5,1
2197,2196.999999999915,557.540104,537.2,20340.1,1
2198,2197.9999999999145,557.676041,537.2666666666667,20409.37,1
2199,2198.9999999999145,557.788542,537.8666666666667,19921.88,1
2200,2199.9999999999145,557.95,538.0,19950.0,1
2201,2200.9999999999145,558.111459,538.2,19911.46,1
2202,2201.9999999999145,558.229167,538.6,19629.17,1
2203,2202.9999999999145,558.39375,538.8,19593.75,1
2204,2203.9999999999145,558.558334,538.9666666666667,19591.67,1
2205,2204.9999999999145,558.7229169999998,539.1333333333333,19589.58,1
2206,2205.999999999915,558.959028,539.7333333333333,19225.69,1
2207,2206.9999999999145,559.1951389999998,540.5,18695.14,1
2208,2207.9999999999145,559.43125,540.7,18731.25,1
2209,2208.999999999915,559.659636,540.9,18759.64,1
2210,2209.999999999915,559.888021,541.0666666666667,18821.35,1
2211,2210.999999999915,560.116407,541.0666666666667,19049.74,1
2212,2211.999999999915,560.344792,541.1,19244.79,1
2213,2212.999999999914,560.590104,541.1333333333333,19456.77,1
2214,2213.999999999914,560.7375,541.2,19537.5,1
2215,2214.999999999914,560.858333,541.3666666666667,19491.67,1
2216,2215.999999999914,560.980209,541.5666666666667,19413.54,1
2217,2216.999999999913,561.107292,541.8,19307.29,1
2218,2217.9999999999127,561.295313,542.0,19295.31,1
2219,2218.999999999913,561.483333,542.1333333333333,19350.0,1
2220,2219.999999999913,561.544271,542.1333333333333,19410.94,1
2221,2220.9999999999127,561.6796879999998,542.8,18879.69,1
2222,2221.9999999999127,561.815104,542.8666666666667,18948.44,1
2223,2222.999999999913,561.925,543.3333333333334,18591.67,1
2224,2223.9999999999127,562.064844,544.0333333333333,18031.51,1
2225,2224.9999999999127,562.204688,544.2333333333333,17971.35,1
2226,2225.9999999999127,562.276042,544.5,17776.04,1
2227,2226.9999999999127,562.422917,545.0333333333333,17389.58,1
2228,2227.9999999999127,562.569792,545.1666666666666,17403.13,1
2229,2228.9999999999127,562.716667,545.4,17316.67,1
2230,2229.999999999913,562.925174,545.9,17025.17,1
2231,2230.999999999913,563.1336809999998,546.1,17033.68,1
2232,2231.999999999913,563.342188,546.1,17242.19,1
2233,2232.999999999913,563.54987,546.1333333333333,17416.54,1
2234,2233.999999999914,563.7575519999998,546.1333333333333,17624.22,1
2235,2234.999999999913,563.965234,546.1666666666666,17798.57,1
2236,2235.999999999913,564.172916,546.2,17972.92,1
2237,2236.9999999999127,564.393229,546.2,18193.23,1
2238,2237.9999999999127,564.5197919999998,546.2333333333333,18286.46,1
2239,2238.999999999912,564.6291669999998,546.2666666666667,18362.5,1
2240,2239.999999999912,564.757292,546.2666666666667,18490.63,1
2241,2240.999999999912,564.882292,546.3,18582.29,1
2242,2241.9999999999063,565.0309900000002,546.3,18730.99,1
2243,2242.9999999999063,565.1796879999998,546.3333333333334,18846.35,1
2244,2243.9999999999063,565.314062,546.3666666666667,18947.4,1
2245,2244.9999999999063,565.448698,546.3666666666667,19082.03,1
2246,2245.9999999999063,565.583333,546.4,19183.33,1
2247,2246.9999999999063,565.69375,546.4333333333333,19260.42,1
2248,2247.9999999999063,565.816927,546.4333333333333,19383.59,1
2249,2248.9999999999063,565.940104,546.5,19440.1,1
2250,2249.999999999906,566.077083,548.6333333333333,17443.75,1
2251,2250.9999999999063,566.206771,548.6333333333333,17573.44,1
2252,2251.9999999999063,566.336458,549.0,17336.46,1
2253,2252.999999999906,566.473438,549.0333333333333,17440.1,1
2254,2253.9999999999063,566.60599,549.0333333333333,17572.66,1
2255,2254.9999999999063,566.738541,549.0666666666667,17671.87,1
2256,2255.999999999906,566.9125,549.1,17812.5,1
2257,2256.9999999999063,567.058854,549.1,17958.85,1
2258,2257.999999999906,567.205209,549.1333333333333,18071.88,1
2259,2258.999999999906,567.330208,549.2,18130.21,1
2260,2259.999999999906,567.471875,549.8666666666667,17605.21,1
2261,2260.999999999906,567.6135419999998,550.0666666666667,17546.88,1
2262,2261.999999999906,567.882292,550.0666666666667,17815.63,1
2263,2262.9999999999063,568.032813,550.3,17732.81,1
2264,2263.999999999906,568.183334,552.2,15983.33,1
2265,2264.999999999906,568.609375,552.4,16209.38,1
2266,2265.999999999906,568.84427,552.5,16344.27,1
2267,2266.999999999905,568.99375,552.5,16493.75,1
2268,2267.9999999999045,569.153646,552.7,16453.65,1
2269,2268.9999999999045,569.3010419999998,552.7333333333333,16567.71,1
2270,2269.9999999999036,569.465625,552.7333333333333,16732.29,1
2271,2270.9999999999036,569.609375,552.7666666666667,16842.71,1
2272,2271.999999999903,569.777084,552.8,16977.08,1
2273,2272.9999999999022,569.903646,552.8,17103.65,1
2274,2273.9999999999027,570.072396,552.8333333333334,17239.06,1
2275,2274.9999999999022,570.219011,552.8666666666667,17352.34,1
2276,2275.9999999999022,570.365625,552.9,17465.63,1
2277,2276.9999999999022,570.742708,554.1,16642.71,1
2278,2277.9999999999022,570.94375,554.3,16643.75,1
2279,2278.9999999999013,571.079687,554.5333333333333,16546.35,1
2280,2279.9999999999004,571.234896,554.6666666666666,16568.23,1
2281,2280.9999999999004,571.389583,554.7,16689.58,1
2282,2281.9999999999,571.54375,555.5,16043.75,1
2283,2282.999999999899,571.697917,555.5,16197.92,1
2284,2283.9999999998986,571.856771,555.5333333333333,16323.44,1
2285,2284.999999999898,571.983333,555.5666666666667,16416.67,1
2286,2285.999999999898,572.133333,555.5666666666667,16566.67,1
2287,2286.9999999998986,572.279687,555.6,16679.69,1
2288,2287.999999999898,572.4260419999998,555.7666666666667,16659.38,1
2289,2288.999999999898,572.580208,555.9333333333333,16646.87,1
2290,2289.999999999898,572.726042,556.1666666666666,16559.38,1
2291,2290.9999999998986,572.827083,556.1666666666666,16660.42,1
2292,2291.999999999898,572.955208,556.2,16755.21,1
2293,2292.999999999892,573.077084,556.2333333333333,16843.75,1
2294,2293.999999999892,573.214584,556.7666666666667,16447.92,1
2295,2294.9999999998927,573.346875,556.7666666666667,16580.21,1
2296,2295.9999999998918,573.48125,557.0,16481.25,1
2297,2296.999999999892,573.577083,557.0,16577.08,1
2298,2297.999999999892,573.713021,557.4666666666667,16246.35,1
2299,2298.999999999892,573.788542,557.5333333333333,16255.21,1
2300,2299.9999999998918,573.939063,561.0,12939.06,1
2301,2300.9999999998918,574.098958,561.0,13098.96,1
2302,2301.9999999998913,574.248958,561.5666666666667,12682.29,1
2303,2302.9999999998913,574.348958,561.5666666666667,12782.29,1
2304,2303.9999999998913,574.497396,561.6,12897.4,1
2305,2304.9999999998913,574.632292,561.6666666666666,12965.63,1
2306,2305.9999999998913,574.791667,562.3333333333334,12458.33,1
2307,2306.999999999891,575.080209,562.3666666666667,12713.54,1
2308,2307.999999999891,575.203125,562.3666666666667,12836.46,1
2309,2308.999999999891,575.333333,562.4333333333333,12900.0,1
2310,2309.999999999891,575.452604,562.6,12852.6,1
2311,2310.999999999891,575.572917,562.6333333333333,12939.58,1
2312,2311.9999999998913,575.6989580000002,562.7,12998.96,1
2313,2312.9999999998913,575.820833,562.7,13120.83,1
2314,2313.9999999998913,575.971528,562.7666666666667,13204.86,1
2315,2314.9999999998913,576.122222,563.0666666666667,13055.56,1
2316,2315.999999999891,576.272917,563.3666666666667,12906.25,1
2317,2316.999999999891,576.4454860000002,564.6,11845.49,1
2318,2317.999999999891,576.6180559999998,564.9333333333333,11684.72,1
2319,2318.999999999891,576.790625,564.9333333333333,11857.29,1
2320,2319.9999999998913,576.955382,564.9666666666667,11988.72,1
2321,2320.9999999998927,577.120139,564.9666666666667,12153.47,1
2322,2321.9999999998913,577.284896,565.0,12284.9,1
2323,2322.9999999998913,577.490625,565.0333333333333,12457.29,1
2324,2323.9999999998927,577.696354,565.0333333333333,12663.02,1
2325,2324.9999999998913,577.9020830000002,565.1333333333333,12768.75,1
2326,2325.9999999998918,578.065972,565.7333333333333,12332.64,1
2327,2326.9999999998913,578.229861,565.9,12329.86,1
2328,2327.9999999998913,578.39375,566.0333333333333,12360.42,1
2329,2328.999999999891,578.557639,566.3666666666667,12190.97,1
2330,2329.9999999998913,578.721528,566.5666666666667,12154.86,1
2331,2330.99999999989,578.885417,566.7666666666667,12118.75,1
2332,2331.999999999891,578.971962,566.9666666666667,12005.3,1
2333,2332.9999999998913,579.0585070000002,567.1333333333333,11925.17,1
2334,2333.999999999891,579.145052,567.1333333333333,12011.72,1
2335,2334.999999999891,579.231597,567.1666666666666,12064.93,1
2336,2335.9999999998913,579.318142,567.2,12118.14,1
2337,2336.999999999891,579.404687,567.2,12204.69,1
